solid OpenSCAD_Model
  facet normal 0.947565 0.140437 0.287051
    outer loop
      vertex -15.8299 0.607706 5.81
      vertex -15.605 0.745876 5
      vertex -15.9191 1.20956 5.81
    endloop
  endfacet
  facet normal 0.947487 0.140857 0.287101
    outer loop
      vertex -15.605 0.745876 5
      vertex -15.8299 0.607706 5.81
      vertex -15.588 0.631524 5
    endloop
  endfacet
  facet normal 0.956771 0.0470745 0.287009
    outer loop
      vertex -15.8 0 5.81
      vertex -15.5627 0.115465 5
      vertex -15.8299 0.607706 5.81
    endloop
  endfacet
  facet normal 0.956757 0.0472309 0.287027
    outer loop
      vertex -15.5627 0.115465 5
      vertex -15.8 0 5.81
      vertex -15.557 0 5
    endloop
  endfacet
  facet normal -0.140479 0.947569 0.287018
    outer loop
      vertex -22.7459 6.39501 5
      vertex -22.6077 6.17015 5.81
      vertex -22.6315 6.41197 5
    endloop
  endfacet
  facet normal -0.140551 0.947555 0.287027
    outer loop
      vertex -22.6077 6.17015 5.81
      vertex -22.7459 6.39501 5
      vertex -23.2096 6.08087 5.81
    endloop
  endfacet
  facet normal 0.947567 0.140533 0.286997
    outer loop
      vertex -15.6808 1.25697 5
      vertex -15.9191 1.20956 5.81
      vertex -15.605 0.745876 5
    endloop
  endfacet
  facet normal 0.95675 0.0469051 0.287105
    outer loop
      vertex -15.588 0.631524 5
      vertex -15.8299 0.607706 5.81
      vertex -15.5627 0.115465 5
    endloop
  endfacet
  facet normal -0.570621 -0.769406 0.287065
    outer loop
      vertex -25.9332 -4.79266 5.81
      vertex -26.0874 -4.98051 5
      vertex -25.6724 -5.28829 5
    endloop
  endfacet
  facet normal -0.492519 0.821599 0.287053
    outer loop
      vertex -25.4804 5.41659 5
      vertex -25.4445 5.15511 5.81
      vertex -24.9227 5.46791 5.81
    endloop
  endfacet
  facet normal -0.492663 0.82152 0.287034
    outer loop
      vertex -25.4445 5.15511 5.81
      vertex -25.4804 5.41659 5
      vertex -25.5795 5.35716 5
    endloop
  endfacet
  facet normal 0.821659 0.492436 0.287025
    outer loop
      vertex -16.3178 3.03721 5
      vertex -16.5834 3.48038 5
      vertex -16.5321 2.92266 5.81
    endloop
  endfacet
  facet normal -0.570621 0.769406 0.287065
    outer loop
      vertex -25.6724 5.28829 5
      vertex -26.0874 4.98051 5
      vertex -25.9332 4.79266 5.81
    endloop
  endfacet
  facet normal -0.0470227 0.95677 0.287019
    outer loop
      vertex -22.1155 6.43733 5
      vertex -22.6315 6.41197 5
      vertex -22.6077 6.17015 5.81
    endloop
  endfacet
  facet normal 0.929241 0.232686 0.287
    outer loop
      vertex -15.8063 1.75816 5
      vertex -15.9191 1.20956 5.81
      vertex -15.6808 1.25697 5
    endloop
  endfacet
  facet normal 0.322751 -0.901909 0.287041
    outer loop
      vertex -19.6274 -5.72805 5.81
      vertex -20.0208 -6.12662 5
      vertex -19.5344 -5.95256 5
    endloop
  endfacet
  facet normal -0.947567 0.140533 0.286997
    outer loop
      vertex -28.3192 1.25697 5
      vertex -28.395 0.745876 5
      vertex -28.0809 1.20956 5.81
    endloop
  endfacet
  facet normal -0.0469687 0.956769 0.287031
    outer loop
      vertex -22.1155 6.43733 5
      vertex -22 6.2 5.81
      vertex -22 6.443 5
    endloop
  endfacet
  facet normal -0.046996 0.956767 0.287034
    outer loop
      vertex -22 6.2 5.81
      vertex -22.1155 6.43733 5
      vertex -22.6077 6.17015 5.81
    endloop
  endfacet
  facet normal 0.769411 0.570648 0.286996
    outer loop
      vertex -17.0195 4.0874 5
      vertex -17.2073 3.93324 5.81
      vertex -16.7117 3.67239 5
    endloop
  endfacet
  facet normal 0.140548 0.947555 0.287028
    outer loop
      vertex -20.743 6.3192 5
      vertex -21.2541 6.39501 5
      vertex -20.7904 6.08087 5.81
    endloop
  endfacet
  facet normal 0.865927 -0.409647 0.286985
    outer loop
      vertex -16.5321 -2.92266 5.81
      vertex -16.2684 -2.9327 5
      vertex -16.2719 -2.37264 5.81
    endloop
  endfacet
  facet normal 0.866048 -0.409365 0.287021
    outer loop
      vertex -16.2684 -2.9327 5
      vertex -16.5321 -2.92266 5.81
      vertex -16.3178 -3.03721 5
    endloop
  endfacet
  facet normal 0.643335 -0.709749 0.287014
    outer loop
      vertex -17.6159 -4.38406 5.81
      vertex -17.8269 -4.90287 5
      vertex -17.4441 -4.55589 5
    endloop
  endfacet
  facet normal 0.140548 -0.947555 0.287028
    outer loop
      vertex -20.7904 -6.08087 5.81
      vertex -21.2541 -6.39501 5
      vertex -20.743 -6.3192 5
    endloop
  endfacet
  facet normal -0.769411 -0.570648 0.286996
    outer loop
      vertex -26.7927 -3.93324 5.81
      vertex -27.2883 -3.67239 5
      vertex -26.9805 -4.0874 5
    endloop
  endfacet
  facet normal -0.232749 -0.929216 0.287028
    outer loop
      vertex -23.2096 -6.08087 5.81
      vertex -23.7582 -6.19366 5
      vertex -23.257 -6.3192 5
    endloop
  endfacet
  facet normal -0.322753 -0.901908 0.28704
    outer loop
      vertex -23.9792 -6.12662 5
      vertex -23.7998 -5.93303 5.81
      vertex -24.3726 -5.72805 5.81
    endloop
  endfacet
  facet normal -0.322605 -0.901967 0.287021
    outer loop
      vertex -23.7998 -5.93303 5.81
      vertex -23.9792 -6.12662 5
      vertex -23.8703 -6.16557 5
    endloop
  endfacet
  facet normal 0.140479 -0.947569 0.287018
    outer loop
      vertex -21.2541 -6.39501 5
      vertex -21.3923 -6.17015 5.81
      vertex -21.3685 -6.41197 5
    endloop
  endfacet
  facet normal 0.140551 -0.947555 0.287027
    outer loop
      vertex -21.3923 -6.17015 5.81
      vertex -21.2541 -6.39501 5
      vertex -20.7904 -6.08087 5.81
    endloop
  endfacet
  facet normal -0.901965 0.322607 0.287025
    outer loop
      vertex -27.9526 2.46563 5
      vertex -28.1266 1.97915 5
      vertex -27.7281 2.37264 5.81
    endloop
  endfacet
  facet normal -0.643138 0.709904 0.287071
    outer loop
      vertex -26.1731 4.90287 5
      vertex -25.9332 4.79266 5.81
      vertex -26.0874 4.98051 5
    endloop
  endfacet
  facet normal -0.643227 0.709817 0.287085
    outer loop
      vertex -25.9332 4.79266 5.81
      vertex -26.1731 4.90287 5
      vertex -26.3841 4.38406 5.81
    endloop
  endfacet
  facet normal -0.232749 0.929216 0.287028
    outer loop
      vertex -23.257 6.3192 5
      vertex -23.7582 6.19366 5
      vertex -23.2096 6.08087 5.81
    endloop
  endfacet
  facet normal -0.492663 -0.82152 0.287034
    outer loop
      vertex -25.4804 -5.41659 5
      vertex -25.4445 -5.15511 5.81
      vertex -25.5795 -5.35716 5
    endloop
  endfacet
  facet normal -0.492519 -0.821599 0.287053
    outer loop
      vertex -25.4445 -5.15511 5.81
      vertex -25.4804 -5.41659 5
      vertex -24.9227 -5.46791 5.81
    endloop
  endfacet
  facet normal -0.769411 0.570648 0.286996
    outer loop
      vertex -26.9805 4.0874 5
      vertex -27.2883 3.67239 5
      vertex -26.7927 3.93324 5.81
    endloop
  endfacet
  facet normal 0.769442 0.570587 0.287035
    outer loop
      vertex -16.8449 3.44454 5.81
      vertex -16.7117 3.67239 5
      vertex -17.2073 3.93324 5.81
    endloop
  endfacet
  facet normal 0.76925 0.570828 0.287071
    outer loop
      vertex -16.7117 3.67239 5
      vertex -16.8449 3.44454 5.81
      vertex -16.6428 3.57954 5
    endloop
  endfacet
  facet normal 0.643335 0.709749 0.287014
    outer loop
      vertex -17.4441 4.55589 5
      vertex -17.8269 4.90287 5
      vertex -17.6159 4.38406 5.81
    endloop
  endfacet
  facet normal -0.140548 0.947555 0.287028
    outer loop
      vertex -22.7459 6.39501 5
      vertex -23.257 6.3192 5
      vertex -23.2096 6.08087 5.81
    endloop
  endfacet
  facet normal 0.232749 0.929216 0.287028
    outer loop
      vertex -20.743 6.3192 5
      vertex -20.7904 6.08087 5.81
      vertex -20.2418 6.19366 5
    endloop
  endfacet
  facet normal 0.929174 0.232832 0.287098
    outer loop
      vertex -16.067 1.79976 5.81
      vertex -15.8063 1.75816 5
      vertex -15.8344 1.8703 5
    endloop
  endfacet
  facet normal 0.929171 0.232844 0.287097
    outer loop
      vertex -15.8063 1.75816 5
      vertex -16.067 1.79976 5.81
      vertex -15.9191 1.20956 5.81
    endloop
  endfacet
  facet normal 0.570634 0.769399 0.287057
    outer loop
      vertex -18.3276 5.28829 5
      vertex -18.5555 5.15511 5.81
      vertex -18.0668 4.79266 5.81
    endloop
  endfacet
  facet normal 0.570476 0.769525 0.287033
    outer loop
      vertex -18.5555 5.15511 5.81
      vertex -18.3276 5.28829 5
      vertex -18.4205 5.35716 5
    endloop
  endfacet
  facet normal -0.643335 -0.709749 0.287014
    outer loop
      vertex -26.3841 -4.38406 5.81
      vertex -26.5559 -4.55589 5
      vertex -26.1731 -4.90287 5
    endloop
  endfacet
  facet normal -0.901965 -0.322607 0.287025
    outer loop
      vertex -27.7281 -2.37264 5.81
      vertex -28.1266 -1.97915 5
      vertex -27.9526 -2.46563 5
    endloop
  endfacet
  facet normal -0.492455 -0.821654 0.287006
    outer loop
      vertex -24.9227 -5.46791 5.81
      vertex -25.4804 -5.41659 5
      vertex -25.0372 -5.68222 5
    endloop
  endfacet
  facet normal -0.570634 -0.769399 0.287057
    outer loop
      vertex -25.6724 -5.28829 5
      vertex -25.4445 -5.15511 5.81
      vertex -25.9332 -4.79266 5.81
    endloop
  endfacet
  facet normal -0.570476 -0.769525 0.287033
    outer loop
      vertex -25.4445 -5.15511 5.81
      vertex -25.6724 -5.28829 5
      vertex -25.5795 -5.35716 5
    endloop
  endfacet
  facet normal -0.140548 -0.947555 0.287028
    outer loop
      vertex -23.2096 -6.08087 5.81
      vertex -23.257 -6.3192 5
      vertex -22.7459 -6.39501 5
    endloop
  endfacet
  facet normal -0.0470227 -0.95677 0.287019
    outer loop
      vertex -22.6077 -6.17015 5.81
      vertex -22.6315 -6.41197 5
      vertex -22.1155 -6.43733 5
    endloop
  endfacet
  facet normal -0.929241 0.232686 0.287
    outer loop
      vertex -28.1937 1.75816 5
      vertex -28.3192 1.25697 5
      vertex -28.0809 1.20956 5.81
    endloop
  endfacet
  facet normal -0.95675 -0.0469051 0.287105
    outer loop
      vertex -28.1701 -0.607706 5.81
      vertex -28.4373 -0.115465 5
      vertex -28.412 -0.631524 5
    endloop
  endfacet
  facet normal -0.947487 0.140857 0.287101
    outer loop
      vertex -28.1701 0.607706 5.81
      vertex -28.395 0.745876 5
      vertex -28.412 0.631524 5
    endloop
  endfacet
  facet normal -0.947565 0.140437 0.287051
    outer loop
      vertex -28.395 0.745876 5
      vertex -28.1701 0.607706 5.81
      vertex -28.0809 1.20956 5.81
    endloop
  endfacet
  facet normal 0.0470227 0.95677 0.287019
    outer loop
      vertex -21.3685 6.41197 5
      vertex -21.8845 6.43733 5
      vertex -21.3923 6.17015 5.81
    endloop
  endfacet
  facet normal 0.901965 0.322607 0.287025
    outer loop
      vertex -16.0474 2.46563 5
      vertex -16.2719 2.37264 5.81
      vertex -15.8734 1.97915 5
    endloop
  endfacet
  facet normal 0.901966 0.322603 0.287028
    outer loop
      vertex -16.067 1.79976 5.81
      vertex -15.8734 1.97915 5
      vertex -16.2719 2.37264 5.81
    endloop
  endfacet
  facet normal 0.90177 0.323096 0.28709
    outer loop
      vertex -15.8734 1.97915 5
      vertex -16.067 1.79976 5.81
      vertex -15.8344 1.8703 5
    endloop
  endfacet
  facet normal 0.956757 -0.0472309 0.287027
    outer loop
      vertex -15.8 0 5.81
      vertex -15.5627 -0.115465 5
      vertex -15.557 0 5
    endloop
  endfacet
  facet normal 0.956771 -0.0470745 0.287009
    outer loop
      vertex -15.5627 -0.115465 5
      vertex -15.8 0 5.81
      vertex -15.8299 -0.607706 5.81
    endloop
  endfacet
  facet normal 0.947567 -0.140533 0.286997
    outer loop
      vertex -15.605 -0.745876 5
      vertex -15.9191 -1.20956 5.81
      vertex -15.6808 -1.25697 5
    endloop
  endfacet
  facet normal 0.0470227 -0.95677 0.287019
    outer loop
      vertex -21.3923 -6.17015 5.81
      vertex -21.8845 -6.43733 5
      vertex -21.3685 -6.41197 5
    endloop
  endfacet
  facet normal 0.76925 -0.570828 0.287071
    outer loop
      vertex -16.8449 -3.44454 5.81
      vertex -16.7117 -3.67239 5
      vertex -16.6428 -3.57954 5
    endloop
  endfacet
  facet normal 0.769442 -0.570587 0.287035
    outer loop
      vertex -16.7117 -3.67239 5
      vertex -16.8449 -3.44454 5.81
      vertex -17.2073 -3.93324 5.81
    endloop
  endfacet
  facet normal 0.570476 -0.769525 0.287033
    outer loop
      vertex -18.3276 -5.28829 5
      vertex -18.5555 -5.15511 5.81
      vertex -18.4205 -5.35716 5
    endloop
  endfacet
  facet normal 0.570634 -0.769399 0.287057
    outer loop
      vertex -18.5555 -5.15511 5.81
      vertex -18.3276 -5.28829 5
      vertex -18.0668 -4.79266 5.81
    endloop
  endfacet
  facet normal -0.709898 -0.643176 0.287001
    outer loop
      vertex -26.9029 -4.17305 5
      vertex -26.7927 -3.93324 5.81
      vertex -26.9805 -4.0874 5
    endloop
  endfacet
  facet normal -0.709774 -0.643303 0.287022
    outer loop
      vertex -26.7927 -3.93324 5.81
      vertex -26.9029 -4.17305 5
      vertex -26.3841 -4.38406 5.81
    endloop
  endfacet
  facet normal -0.76925 -0.570828 0.287071
    outer loop
      vertex -27.2883 -3.67239 5
      vertex -27.1551 -3.44454 5.81
      vertex -27.3572 -3.57954 5
    endloop
  endfacet
  facet normal -0.769442 -0.570587 0.287035
    outer loop
      vertex -27.1551 -3.44454 5.81
      vertex -27.2883 -3.67239 5
      vertex -26.7927 -3.93324 5.81
    endloop
  endfacet
  facet normal -0.709764 -0.643319 0.287011
    outer loop
      vertex -26.3841 -4.38406 5.81
      vertex -26.9029 -4.17305 5
      vertex -26.5559 -4.55589 5
    endloop
  endfacet
  facet normal -0.929241 -0.232686 0.287
    outer loop
      vertex -28.0809 -1.20956 5.81
      vertex -28.3192 -1.25697 5
      vertex -28.1937 -1.75816 5
    endloop
  endfacet
  facet normal -0.865927 -0.409647 0.286985
    outer loop
      vertex -27.7316 -2.9327 5
      vertex -27.4679 -2.92266 5.81
      vertex -27.7281 -2.37264 5.81
    endloop
  endfacet
  facet normal -0.866048 -0.409365 0.287021
    outer loop
      vertex -27.4679 -2.92266 5.81
      vertex -27.7316 -2.9327 5
      vertex -27.6822 -3.03721 5
    endloop
  endfacet
  facet normal -0.409545 -0.865956 0.287041
    outer loop
      vertex -24.3726 -5.72805 5.81
      vertex -24.9327 -5.73165 5
      vertex -24.4656 -5.95256 5
    endloop
  endfacet
  facet normal -0.322751 -0.901909 0.287041
    outer loop
      vertex -24.3726 -5.72805 5.81
      vertex -24.4656 -5.95256 5
      vertex -23.9792 -6.12662 5
    endloop
  endfacet
  facet normal -0.232838 -0.929195 0.287025
    outer loop
      vertex -23.7582 -6.19366 5
      vertex -23.7998 -5.93303 5.81
      vertex -23.8703 -6.16557 5
    endloop
  endfacet
  facet normal -0.23276 -0.929212 0.287034
    outer loop
      vertex -23.7998 -5.93303 5.81
      vertex -23.7582 -6.19366 5
      vertex -23.2096 -6.08087 5.81
    endloop
  endfacet
  facet normal -0.82175 0.492255 0.287074
    outer loop
      vertex -27.4166 3.48038 5
      vertex -27.1551 3.44454 5.81
      vertex -27.3572 3.57954 5
    endloop
  endfacet
  facet normal -0.821635 0.492464 0.287046
    outer loop
      vertex -27.1551 3.44454 5.81
      vertex -27.4166 3.48038 5
      vertex -27.4679 2.92266 5.81
    endloop
  endfacet
  facet normal -0.866048 0.409365 0.287021
    outer loop
      vertex -27.7316 2.9327 5
      vertex -27.4679 2.92266 5.81
      vertex -27.6822 3.03721 5
    endloop
  endfacet
  facet normal -0.865927 0.409647 0.286985
    outer loop
      vertex -27.4679 2.92266 5.81
      vertex -27.7316 2.9327 5
      vertex -27.7281 2.37264 5.81
    endloop
  endfacet
  facet normal -0.90177 0.323096 0.28709
    outer loop
      vertex -27.933 1.79976 5.81
      vertex -28.1266 1.97915 5
      vertex -28.1656 1.8703 5
    endloop
  endfacet
  facet normal -0.901966 0.322603 0.287028
    outer loop
      vertex -28.1266 1.97915 5
      vertex -27.933 1.79976 5.81
      vertex -27.7281 2.37264 5.81
    endloop
  endfacet
  facet normal -0.929174 0.232832 0.287098
    outer loop
      vertex -28.1937 1.75816 5
      vertex -27.933 1.79976 5.81
      vertex -28.1656 1.8703 5
    endloop
  endfacet
  facet normal -0.929171 0.232844 0.287097
    outer loop
      vertex -27.933 1.79976 5.81
      vertex -28.1937 1.75816 5
      vertex -28.0809 1.20956 5.81
    endloop
  endfacet
  facet normal -0.865886 0.409705 0.287025
    outer loop
      vertex -27.7316 2.9327 5
      vertex -27.9526 2.46563 5
      vertex -27.7281 2.37264 5.81
    endloop
  endfacet
  facet normal -0.95675 0.0469051 0.287105
    outer loop
      vertex -28.412 0.631524 5
      vertex -28.4373 0.115465 5
      vertex -28.1701 0.607706 5.81
    endloop
  endfacet
  facet normal -0.947567 -0.140533 0.286997
    outer loop
      vertex -28.0809 -1.20956 5.81
      vertex -28.395 -0.745876 5
      vertex -28.3192 -1.25697 5
    endloop
  endfacet
  facet normal -0.947487 -0.140857 0.287101
    outer loop
      vertex -28.395 -0.745876 5
      vertex -28.1701 -0.607706 5.81
      vertex -28.412 -0.631524 5
    endloop
  endfacet
  facet normal -0.947565 -0.140437 0.287051
    outer loop
      vertex -28.1701 -0.607706 5.81
      vertex -28.395 -0.745876 5
      vertex -28.0809 -1.20956 5.81
    endloop
  endfacet
  facet normal -0.956757 -0.0472309 0.287027
    outer loop
      vertex -28.4373 -0.115465 5
      vertex -28.2 0 5.81
      vertex -28.443 0 5
    endloop
  endfacet
  facet normal -0.956771 -0.0470745 0.287009
    outer loop
      vertex -28.2 0 5.81
      vertex -28.4373 -0.115465 5
      vertex -28.1701 -0.607706 5.81
    endloop
  endfacet
  facet normal 0 0 1
    outer loop
      vertex -16.5 0 5.81
      vertex -15.8 0 5.81
      vertex -15.8299 0.607706 5.81
    endloop
  endfacet
  facet normal 0 0 1
    outer loop
      vertex -16.5265 0.539094 5.81
      vertex -15.8299 0.607706 5.81
      vertex -15.9191 1.20956 5.81
    endloop
  endfacet
  facet normal 0 0 1
    outer loop
      vertex -15.8 0 5.81
      vertex -16.5 0 5.81
      vertex -15.8299 -0.607706 5.81
    endloop
  endfacet
  facet normal 0 0 1
    outer loop
      vertex -16.6057 1.073 5.81
      vertex -15.9191 1.20956 5.81
      vertex -16.067 1.79976 5.81
    endloop
  endfacet
  facet normal -0 0 1
    outer loop
      vertex -16.5265 -0.539094 5.81
      vertex -15.8299 -0.607706 5.81
      vertex -16.5 0 5.81
    endloop
  endfacet
  facet normal 0 0 1
    outer loop
      vertex -16.7368 1.59657 5.81
      vertex -16.067 1.79976 5.81
      vertex -16.2719 2.37264 5.81
    endloop
  endfacet
  facet normal 0 0 1
    outer loop
      vertex -15.8299 -0.607706 5.81
      vertex -16.5265 -0.539094 5.81
      vertex -15.9191 -1.20956 5.81
    endloop
  endfacet
  facet normal -0 0 1
    outer loop
      vertex -16.6057 -1.073 5.81
      vertex -15.9191 -1.20956 5.81
      vertex -16.5265 -0.539094 5.81
    endloop
  endfacet
  facet normal 0 0 1
    outer loop
      vertex -15.8299 0.607706 5.81
      vertex -16.5265 0.539094 5.81
      vertex -16.5 0 5.81
    endloop
  endfacet
  facet normal 0 0 1
    outer loop
      vertex -16.9187 2.10476 5.81
      vertex -16.2719 2.37264 5.81
      vertex -16.5321 2.92266 5.81
    endloop
  endfacet
  facet normal 0 0 1
    outer loop
      vertex -15.9191 1.20956 5.81
      vertex -16.6057 1.073 5.81
      vertex -16.5265 0.539094 5.81
    endloop
  endfacet
  facet normal 0 0 1
    outer loop
      vertex -16.067 1.79976 5.81
      vertex -16.7368 1.59657 5.81
      vertex -16.6057 1.073 5.81
    endloop
  endfacet
  facet normal 0 0 1
    outer loop
      vertex -17.1494 2.59268 5.81
      vertex -16.5321 2.92266 5.81
      vertex -16.8449 3.44454 5.81
    endloop
  endfacet
  facet normal 0 0 1
    outer loop
      vertex -16.2719 2.37264 5.81
      vertex -16.9187 2.10476 5.81
      vertex -16.7368 1.59657 5.81
    endloop
  endfacet
  facet normal 0 0 1
    outer loop
      vertex -16.5321 2.92266 5.81
      vertex -17.1494 2.59268 5.81
      vertex -16.9187 2.10476 5.81
    endloop
  endfacet
  facet normal 0 0 1
    outer loop
      vertex -17.4269 3.05564 5.81
      vertex -16.8449 3.44454 5.81
      vertex -17.2073 3.93324 5.81
    endloop
  endfacet
  facet normal 0 0 1
    outer loop
      vertex -16.8449 3.44454 5.81
      vertex -17.4269 3.05564 5.81
      vertex -17.1494 2.59268 5.81
    endloop
  endfacet
  facet normal 0 0 1
    outer loop
      vertex -17.7484 3.48916 5.81
      vertex -17.2073 3.93324 5.81
      vertex -17.6159 4.38406 5.81
    endloop
  endfacet
  facet normal 0 0 1
    outer loop
      vertex -17.2073 3.93324 5.81
      vertex -17.7484 3.48916 5.81
      vertex -17.4269 3.05564 5.81
    endloop
  endfacet
  facet normal 0 0 1
    outer loop
      vertex -18.1109 3.88909 5.81
      vertex -17.6159 4.38406 5.81
      vertex -18.0668 4.79266 5.81
    endloop
  endfacet
  facet normal 0 0 1
    outer loop
      vertex -17.6159 4.38406 5.81
      vertex -18.1109 3.88909 5.81
      vertex -17.7484 3.48916 5.81
    endloop
  endfacet
  facet normal 0 0 1
    outer loop
      vertex -18.0668 4.79266 5.81
      vertex -18.5108 4.25156 5.81
      vertex -18.1109 3.88909 5.81
    endloop
  endfacet
  facet normal 0 0 1
    outer loop
      vertex -18.5555 5.15511 5.81
      vertex -18.5108 4.25156 5.81
      vertex -18.0668 4.79266 5.81
    endloop
  endfacet
  facet normal 0 0 1
    outer loop
      vertex -18.5555 5.15511 5.81
      vertex -18.9444 4.57308 5.81
      vertex -18.5108 4.25156 5.81
    endloop
  endfacet
  facet normal 0 0 1
    outer loop
      vertex -19.0773 5.46791 5.81
      vertex -18.9444 4.57308 5.81
      vertex -18.5555 5.15511 5.81
    endloop
  endfacet
  facet normal 0 0 1
    outer loop
      vertex -19.0773 5.46791 5.81
      vertex -19.4073 4.85057 5.81
      vertex -18.9444 4.57308 5.81
    endloop
  endfacet
  facet normal 0 0 1
    outer loop
      vertex -19.6274 5.72805 5.81
      vertex -19.4073 4.85057 5.81
      vertex -19.0773 5.46791 5.81
    endloop
  endfacet
  facet normal 0 0 1
    outer loop
      vertex -19.6274 5.72805 5.81
      vertex -19.8952 5.08134 5.81
      vertex -19.4073 4.85057 5.81
    endloop
  endfacet
  facet normal 0 0 1
    outer loop
      vertex -20.2002 5.93303 5.81
      vertex -19.8952 5.08134 5.81
      vertex -19.6274 5.72805 5.81
    endloop
  endfacet
  facet normal 0 0 1
    outer loop
      vertex -20.2002 5.93303 5.81
      vertex -20.4034 5.26317 5.81
      vertex -19.8952 5.08134 5.81
    endloop
  endfacet
  facet normal 0 0 1
    outer loop
      vertex -20.7904 6.08087 5.81
      vertex -20.4034 5.26317 5.81
      vertex -20.2002 5.93303 5.81
    endloop
  endfacet
  facet normal 0 0 1
    outer loop
      vertex -20.7904 6.08087 5.81
      vertex -20.927 5.39432 5.81
      vertex -20.4034 5.26317 5.81
    endloop
  endfacet
  facet normal 0 0 1
    outer loop
      vertex -21.3923 6.17015 5.81
      vertex -20.927 5.39432 5.81
      vertex -20.7904 6.08087 5.81
    endloop
  endfacet
  facet normal 0 0 1
    outer loop
      vertex -21.3923 6.17015 5.81
      vertex -21.4609 5.47352 5.81
      vertex -20.927 5.39432 5.81
    endloop
  endfacet
  facet normal 0 0 1
    outer loop
      vertex -22 6.2 5.81
      vertex -21.4609 5.47352 5.81
      vertex -21.3923 6.17015 5.81
    endloop
  endfacet
  facet normal 0 0 1
    outer loop
      vertex -22 6.2 5.81
      vertex -22 5.5 5.81
      vertex -21.4609 5.47352 5.81
    endloop
  endfacet
  facet normal 0 0 1
    outer loop
      vertex -22 6.2 5.81
      vertex -22.5391 5.47352 5.81
      vertex -22 5.5 5.81
    endloop
  endfacet
  facet normal -0 0 1
    outer loop
      vertex -22.6077 6.17015 5.81
      vertex -22.5391 5.47352 5.81
      vertex -22 6.2 5.81
    endloop
  endfacet
  facet normal 0 0 1
    outer loop
      vertex -22.6077 6.17015 5.81
      vertex -23.073 5.39432 5.81
      vertex -22.5391 5.47352 5.81
    endloop
  endfacet
  facet normal -0 0 1
    outer loop
      vertex -23.2096 6.08087 5.81
      vertex -23.073 5.39432 5.81
      vertex -22.6077 6.17015 5.81
    endloop
  endfacet
  facet normal 0 0 1
    outer loop
      vertex -23.2096 6.08087 5.81
      vertex -23.5966 5.26317 5.81
      vertex -23.073 5.39432 5.81
    endloop
  endfacet
  facet normal -0 0 1
    outer loop
      vertex -23.7998 5.93303 5.81
      vertex -23.5966 5.26317 5.81
      vertex -23.2096 6.08087 5.81
    endloop
  endfacet
  facet normal 0 0 1
    outer loop
      vertex -23.7998 5.93303 5.81
      vertex -24.1048 5.08134 5.81
      vertex -23.5966 5.26317 5.81
    endloop
  endfacet
  facet normal -0 0 1
    outer loop
      vertex -24.3726 5.72805 5.81
      vertex -24.1048 5.08134 5.81
      vertex -23.7998 5.93303 5.81
    endloop
  endfacet
  facet normal 0 0 1
    outer loop
      vertex -24.3726 5.72805 5.81
      vertex -24.5927 4.85057 5.81
      vertex -24.1048 5.08134 5.81
    endloop
  endfacet
  facet normal -0 0 1
    outer loop
      vertex -24.9227 5.46791 5.81
      vertex -24.5927 4.85057 5.81
      vertex -24.3726 5.72805 5.81
    endloop
  endfacet
  facet normal 0 0 1
    outer loop
      vertex -24.9227 5.46791 5.81
      vertex -25.0556 4.57308 5.81
      vertex -24.5927 4.85057 5.81
    endloop
  endfacet
  facet normal -0 0 1
    outer loop
      vertex -25.4445 5.15511 5.81
      vertex -25.0556 4.57308 5.81
      vertex -24.9227 5.46791 5.81
    endloop
  endfacet
  facet normal 0 0 1
    outer loop
      vertex -25.4445 5.15511 5.81
      vertex -25.4892 4.25156 5.81
      vertex -25.0556 4.57308 5.81
    endloop
  endfacet
  facet normal -0 0 1
    outer loop
      vertex -25.9332 4.79266 5.81
      vertex -25.4892 4.25156 5.81
      vertex -25.4445 5.15511 5.81
    endloop
  endfacet
  facet normal 0 0 1
    outer loop
      vertex -25.4892 4.25156 5.81
      vertex -25.9332 4.79266 5.81
      vertex -25.8891 3.88909 5.81
    endloop
  endfacet
  facet normal -0 0 1
    outer loop
      vertex -26.3841 4.38406 5.81
      vertex -25.8891 3.88909 5.81
      vertex -25.9332 4.79266 5.81
    endloop
  endfacet
  facet normal 0 0 1
    outer loop
      vertex -25.8891 3.88909 5.81
      vertex -26.3841 4.38406 5.81
      vertex -26.2516 3.48916 5.81
    endloop
  endfacet
  facet normal -0 0 1
    outer loop
      vertex -26.7927 3.93324 5.81
      vertex -26.2516 3.48916 5.81
      vertex -26.3841 4.38406 5.81
    endloop
  endfacet
  facet normal 0 0 1
    outer loop
      vertex -26.2516 3.48916 5.81
      vertex -26.7927 3.93324 5.81
      vertex -26.5731 3.05564 5.81
    endloop
  endfacet
  facet normal -0 0 1
    outer loop
      vertex -27.1551 3.44454 5.81
      vertex -26.5731 3.05564 5.81
      vertex -26.7927 3.93324 5.81
    endloop
  endfacet
  facet normal 0 0 1
    outer loop
      vertex -26.5731 3.05564 5.81
      vertex -27.1551 3.44454 5.81
      vertex -26.8506 2.59268 5.81
    endloop
  endfacet
  facet normal -0 0 1
    outer loop
      vertex -27.4679 2.92266 5.81
      vertex -26.8506 2.59268 5.81
      vertex -27.1551 3.44454 5.81
    endloop
  endfacet
  facet normal 0 0 1
    outer loop
      vertex -26.8506 2.59268 5.81
      vertex -27.4679 2.92266 5.81
      vertex -27.0813 2.10476 5.81
    endloop
  endfacet
  facet normal -0 0 1
    outer loop
      vertex -27.7281 2.37264 5.81
      vertex -27.0813 2.10476 5.81
      vertex -27.4679 2.92266 5.81
    endloop
  endfacet
  facet normal 0 0 1
    outer loop
      vertex -27.0813 2.10476 5.81
      vertex -27.7281 2.37264 5.81
      vertex -27.2632 1.59657 5.81
    endloop
  endfacet
  facet normal -0 0 1
    outer loop
      vertex -27.933 1.79976 5.81
      vertex -27.2632 1.59657 5.81
      vertex -27.7281 2.37264 5.81
    endloop
  endfacet
  facet normal 0 0 1
    outer loop
      vertex -27.2632 1.59657 5.81
      vertex -27.933 1.79976 5.81
      vertex -27.3943 1.073 5.81
    endloop
  endfacet
  facet normal -0 0 1
    outer loop
      vertex -28.0809 1.20956 5.81
      vertex -27.3943 1.073 5.81
      vertex -27.933 1.79976 5.81
    endloop
  endfacet
  facet normal 0 0 1
    outer loop
      vertex -15.9191 -1.20956 5.81
      vertex -16.6057 -1.073 5.81
      vertex -16.067 -1.79976 5.81
    endloop
  endfacet
  facet normal -0 0 1
    outer loop
      vertex -16.7368 -1.59657 5.81
      vertex -16.067 -1.79976 5.81
      vertex -16.6057 -1.073 5.81
    endloop
  endfacet
  facet normal 0 0 1
    outer loop
      vertex -16.067 -1.79976 5.81
      vertex -16.7368 -1.59657 5.81
      vertex -16.2719 -2.37264 5.81
    endloop
  endfacet
  facet normal -0 0 1
    outer loop
      vertex -16.9187 -2.10476 5.81
      vertex -16.2719 -2.37264 5.81
      vertex -16.7368 -1.59657 5.81
    endloop
  endfacet
  facet normal 0 0 1
    outer loop
      vertex -16.2719 -2.37264 5.81
      vertex -16.9187 -2.10476 5.81
      vertex -16.5321 -2.92266 5.81
    endloop
  endfacet
  facet normal -0 0 1
    outer loop
      vertex -17.1494 -2.59268 5.81
      vertex -16.5321 -2.92266 5.81
      vertex -16.9187 -2.10476 5.81
    endloop
  endfacet
  facet normal 0 0 1
    outer loop
      vertex -16.5321 -2.92266 5.81
      vertex -17.1494 -2.59268 5.81
      vertex -16.8449 -3.44454 5.81
    endloop
  endfacet
  facet normal -0 0 1
    outer loop
      vertex -17.4269 -3.05564 5.81
      vertex -16.8449 -3.44454 5.81
      vertex -17.1494 -2.59268 5.81
    endloop
  endfacet
  facet normal 0 0 1
    outer loop
      vertex -16.8449 -3.44454 5.81
      vertex -17.4269 -3.05564 5.81
      vertex -17.2073 -3.93324 5.81
    endloop
  endfacet
  facet normal -0 0 1
    outer loop
      vertex -17.7484 -3.48916 5.81
      vertex -17.2073 -3.93324 5.81
      vertex -17.4269 -3.05564 5.81
    endloop
  endfacet
  facet normal 0 0 1
    outer loop
      vertex -17.2073 -3.93324 5.81
      vertex -17.7484 -3.48916 5.81
      vertex -17.6159 -4.38406 5.81
    endloop
  endfacet
  facet normal -0 0 1
    outer loop
      vertex -18.1109 -3.88909 5.81
      vertex -17.6159 -4.38406 5.81
      vertex -17.7484 -3.48916 5.81
    endloop
  endfacet
  facet normal 0 0 1
    outer loop
      vertex -17.6159 -4.38406 5.81
      vertex -18.1109 -3.88909 5.81
      vertex -18.0668 -4.79266 5.81
    endloop
  endfacet
  facet normal -0 0 1
    outer loop
      vertex -18.5108 -4.25156 5.81
      vertex -18.0668 -4.79266 5.81
      vertex -18.1109 -3.88909 5.81
    endloop
  endfacet
  facet normal 0 0 1
    outer loop
      vertex -18.5108 -4.25156 5.81
      vertex -18.5555 -5.15511 5.81
      vertex -18.0668 -4.79266 5.81
    endloop
  endfacet
  facet normal -0 0 1
    outer loop
      vertex -18.9444 -4.57308 5.81
      vertex -18.5555 -5.15511 5.81
      vertex -18.5108 -4.25156 5.81
    endloop
  endfacet
  facet normal 0 0 1
    outer loop
      vertex -18.9444 -4.57308 5.81
      vertex -19.0773 -5.46791 5.81
      vertex -18.5555 -5.15511 5.81
    endloop
  endfacet
  facet normal -0 0 1
    outer loop
      vertex -19.4073 -4.85057 5.81
      vertex -19.0773 -5.46791 5.81
      vertex -18.9444 -4.57308 5.81
    endloop
  endfacet
  facet normal 0 0 1
    outer loop
      vertex -19.4073 -4.85057 5.81
      vertex -19.6274 -5.72805 5.81
      vertex -19.0773 -5.46791 5.81
    endloop
  endfacet
  facet normal -0 0 1
    outer loop
      vertex -19.8952 -5.08134 5.81
      vertex -19.6274 -5.72805 5.81
      vertex -19.4073 -4.85057 5.81
    endloop
  endfacet
  facet normal 0 0 1
    outer loop
      vertex -19.8952 -5.08134 5.81
      vertex -20.2002 -5.93303 5.81
      vertex -19.6274 -5.72805 5.81
    endloop
  endfacet
  facet normal -0 0 1
    outer loop
      vertex -20.4034 -5.26317 5.81
      vertex -20.2002 -5.93303 5.81
      vertex -19.8952 -5.08134 5.81
    endloop
  endfacet
  facet normal 0 0 1
    outer loop
      vertex -20.4034 -5.26317 5.81
      vertex -20.7904 -6.08087 5.81
      vertex -20.2002 -5.93303 5.81
    endloop
  endfacet
  facet normal -0 0 1
    outer loop
      vertex -20.927 -5.39432 5.81
      vertex -20.7904 -6.08087 5.81
      vertex -20.4034 -5.26317 5.81
    endloop
  endfacet
  facet normal 0 0 1
    outer loop
      vertex -20.927 -5.39432 5.81
      vertex -21.3923 -6.17015 5.81
      vertex -20.7904 -6.08087 5.81
    endloop
  endfacet
  facet normal -0 0 1
    outer loop
      vertex -21.4609 -5.47352 5.81
      vertex -21.3923 -6.17015 5.81
      vertex -20.927 -5.39432 5.81
    endloop
  endfacet
  facet normal -0 0 1
    outer loop
      vertex -22 -5.5 5.81
      vertex -21.3923 -6.17015 5.81
      vertex -21.4609 -5.47352 5.81
    endloop
  endfacet
  facet normal 0 0 1
    outer loop
      vertex -22 -5.5 5.81
      vertex -22 -6.2 5.81
      vertex -21.3923 -6.17015 5.81
    endloop
  endfacet
  facet normal 0 0 1
    outer loop
      vertex -22.5391 -5.47352 5.81
      vertex -22 -6.2 5.81
      vertex -22 -5.5 5.81
    endloop
  endfacet
  facet normal 0 0 1
    outer loop
      vertex -22.5391 -5.47352 5.81
      vertex -22.6077 -6.17015 5.81
      vertex -22 -6.2 5.81
    endloop
  endfacet
  facet normal 0 0 1
    outer loop
      vertex -23.073 -5.39432 5.81
      vertex -22.6077 -6.17015 5.81
      vertex -22.5391 -5.47352 5.81
    endloop
  endfacet
  facet normal 0 0 1
    outer loop
      vertex -23.073 -5.39432 5.81
      vertex -23.2096 -6.08087 5.81
      vertex -22.6077 -6.17015 5.81
    endloop
  endfacet
  facet normal 0 0 1
    outer loop
      vertex -23.5966 -5.26317 5.81
      vertex -23.2096 -6.08087 5.81
      vertex -23.073 -5.39432 5.81
    endloop
  endfacet
  facet normal 0 0 1
    outer loop
      vertex -23.5966 -5.26317 5.81
      vertex -23.7998 -5.93303 5.81
      vertex -23.2096 -6.08087 5.81
    endloop
  endfacet
  facet normal 0 0 1
    outer loop
      vertex -24.1048 -5.08134 5.81
      vertex -23.7998 -5.93303 5.81
      vertex -23.5966 -5.26317 5.81
    endloop
  endfacet
  facet normal 0 0 1
    outer loop
      vertex -24.1048 -5.08134 5.81
      vertex -24.3726 -5.72805 5.81
      vertex -23.7998 -5.93303 5.81
    endloop
  endfacet
  facet normal 0 0 1
    outer loop
      vertex -24.5927 -4.85057 5.81
      vertex -24.3726 -5.72805 5.81
      vertex -24.1048 -5.08134 5.81
    endloop
  endfacet
  facet normal 0 0 1
    outer loop
      vertex -24.5927 -4.85057 5.81
      vertex -24.9227 -5.46791 5.81
      vertex -24.3726 -5.72805 5.81
    endloop
  endfacet
  facet normal 0 0 1
    outer loop
      vertex -25.0556 -4.57308 5.81
      vertex -24.9227 -5.46791 5.81
      vertex -24.5927 -4.85057 5.81
    endloop
  endfacet
  facet normal 0 0 1
    outer loop
      vertex -25.0556 -4.57308 5.81
      vertex -25.4445 -5.15511 5.81
      vertex -24.9227 -5.46791 5.81
    endloop
  endfacet
  facet normal 0 0 1
    outer loop
      vertex -25.4892 -4.25156 5.81
      vertex -25.4445 -5.15511 5.81
      vertex -25.0556 -4.57308 5.81
    endloop
  endfacet
  facet normal 0 0 1
    outer loop
      vertex -25.9332 -4.79266 5.81
      vertex -25.4892 -4.25156 5.81
      vertex -25.8891 -3.88909 5.81
    endloop
  endfacet
  facet normal 0 0 1
    outer loop
      vertex -25.4892 -4.25156 5.81
      vertex -25.9332 -4.79266 5.81
      vertex -25.4445 -5.15511 5.81
    endloop
  endfacet
  facet normal 0 0 1
    outer loop
      vertex -26.3841 -4.38406 5.81
      vertex -25.8891 -3.88909 5.81
      vertex -26.2516 -3.48916 5.81
    endloop
  endfacet
  facet normal 0 0 1
    outer loop
      vertex -25.8891 -3.88909 5.81
      vertex -26.3841 -4.38406 5.81
      vertex -25.9332 -4.79266 5.81
    endloop
  endfacet
  facet normal 0 0 1
    outer loop
      vertex -26.7927 -3.93324 5.81
      vertex -26.2516 -3.48916 5.81
      vertex -26.5731 -3.05564 5.81
    endloop
  endfacet
  facet normal 0 0 1
    outer loop
      vertex -26.2516 -3.48916 5.81
      vertex -26.7927 -3.93324 5.81
      vertex -26.3841 -4.38406 5.81
    endloop
  endfacet
  facet normal 0 0 1
    outer loop
      vertex -27.1551 -3.44454 5.81
      vertex -26.5731 -3.05564 5.81
      vertex -26.8506 -2.59268 5.81
    endloop
  endfacet
  facet normal 0 0 1
    outer loop
      vertex -27.4679 -2.92266 5.81
      vertex -26.8506 -2.59268 5.81
      vertex -27.0813 -2.10476 5.81
    endloop
  endfacet
  facet normal 0 0 1
    outer loop
      vertex -26.5731 -3.05564 5.81
      vertex -27.1551 -3.44454 5.81
      vertex -26.7927 -3.93324 5.81
    endloop
  endfacet
  facet normal 0 0 1
    outer loop
      vertex -27.7281 -2.37264 5.81
      vertex -27.0813 -2.10476 5.81
      vertex -27.2632 -1.59657 5.81
    endloop
  endfacet
  facet normal 0 0 1
    outer loop
      vertex -27.933 -1.79976 5.81
      vertex -27.2632 -1.59657 5.81
      vertex -27.3943 -1.073 5.81
    endloop
  endfacet
  facet normal 0 0 1
    outer loop
      vertex -26.8506 -2.59268 5.81
      vertex -27.4679 -2.92266 5.81
      vertex -27.1551 -3.44454 5.81
    endloop
  endfacet
  facet normal 0 0 1
    outer loop
      vertex -28.0809 -1.20956 5.81
      vertex -27.3943 -1.073 5.81
      vertex -27.4735 -0.539094 5.81
    endloop
  endfacet
  facet normal 0 0 1
    outer loop
      vertex -28.1701 -0.607706 5.81
      vertex -27.4735 -0.539094 5.81
      vertex -27.5 0 5.81
    endloop
  endfacet
  facet normal 0 0 1
    outer loop
      vertex -27.3943 1.073 5.81
      vertex -28.0809 1.20956 5.81
      vertex -27.4735 0.539094 5.81
    endloop
  endfacet
  facet normal 0 0 1
    outer loop
      vertex -27.0813 -2.10476 5.81
      vertex -27.7281 -2.37264 5.81
      vertex -27.4679 -2.92266 5.81
    endloop
  endfacet
  facet normal -0 0 1
    outer loop
      vertex -28.1701 0.607706 5.81
      vertex -27.4735 0.539094 5.81
      vertex -28.0809 1.20956 5.81
    endloop
  endfacet
  facet normal 0 0 1
    outer loop
      vertex -27.2632 -1.59657 5.81
      vertex -27.933 -1.79976 5.81
      vertex -27.7281 -2.37264 5.81
    endloop
  endfacet
  facet normal 0 0 1
    outer loop
      vertex -27.4735 0.539094 5.81
      vertex -28.1701 0.607706 5.81
      vertex -27.5 0 5.81
    endloop
  endfacet
  facet normal 0 0 1
    outer loop
      vertex -27.3943 -1.073 5.81
      vertex -28.0809 -1.20956 5.81
      vertex -27.933 -1.79976 5.81
    endloop
  endfacet
  facet normal 0 0 1
    outer loop
      vertex -28.2 0 5.81
      vertex -27.5 0 5.81
      vertex -28.1701 0.607706 5.81
    endloop
  endfacet
  facet normal 0 0 1
    outer loop
      vertex -27.4735 -0.539094 5.81
      vertex -28.1701 -0.607706 5.81
      vertex -28.0809 -1.20956 5.81
    endloop
  endfacet
  facet normal 0 0 1
    outer loop
      vertex -27.5 0 5.81
      vertex -28.2 0 5.81
      vertex -28.1701 -0.607706 5.81
    endloop
  endfacet
  facet normal 0.82175 0.492255 0.287074
    outer loop
      vertex -16.8449 3.44454 5.81
      vertex -16.5834 3.48038 5
      vertex -16.6428 3.57954 5
    endloop
  endfacet
  facet normal 0.821635 0.492464 0.287046
    outer loop
      vertex -16.5834 3.48038 5
      vertex -16.8449 3.44454 5.81
      vertex -16.5321 2.92266 5.81
    endloop
  endfacet
  facet normal 0.232838 0.929195 0.287025
    outer loop
      vertex -20.2418 6.19366 5
      vertex -20.2002 5.93303 5.81
      vertex -20.1297 6.16557 5
    endloop
  endfacet
  facet normal 0.23276 0.929212 0.287034
    outer loop
      vertex -20.2002 5.93303 5.81
      vertex -20.2418 6.19366 5
      vertex -20.7904 6.08087 5.81
    endloop
  endfacet
  facet normal 0.492663 0.82152 0.287034
    outer loop
      vertex -18.5196 5.41659 5
      vertex -18.5555 5.15511 5.81
      vertex -18.4205 5.35716 5
    endloop
  endfacet
  facet normal 0.492519 0.821599 0.287053
    outer loop
      vertex -18.5555 5.15511 5.81
      vertex -18.5196 5.41659 5
      vertex -19.0773 5.46791 5.81
    endloop
  endfacet
  facet normal 0.492455 0.821654 0.287006
    outer loop
      vertex -18.9628 5.68222 5
      vertex -19.0773 5.46791 5.81
      vertex -18.5196 5.41659 5
    endloop
  endfacet
  facet normal -0.322751 0.901909 0.287041
    outer loop
      vertex -23.9792 6.12662 5
      vertex -24.4656 5.95256 5
      vertex -24.3726 5.72805 5.81
    endloop
  endfacet
  facet normal -0.709898 0.643176 0.287001
    outer loop
      vertex -26.7927 3.93324 5.81
      vertex -26.9029 4.17305 5
      vertex -26.9805 4.0874 5
    endloop
  endfacet
  facet normal -0.709774 0.643303 0.287022
    outer loop
      vertex -26.9029 4.17305 5
      vertex -26.7927 3.93324 5.81
      vertex -26.3841 4.38406 5.81
    endloop
  endfacet
  facet normal 0.865886 0.409705 0.287025
    outer loop
      vertex -16.2684 2.9327 5
      vertex -16.2719 2.37264 5.81
      vertex -16.0474 2.46563 5
    endloop
  endfacet
  facet normal 0.866048 0.409365 0.287021
    outer loop
      vertex -16.5321 2.92266 5.81
      vertex -16.2684 2.9327 5
      vertex -16.3178 3.03721 5
    endloop
  endfacet
  facet normal 0.865927 0.409647 0.286985
    outer loop
      vertex -16.2684 2.9327 5
      vertex -16.5321 2.92266 5.81
      vertex -16.2719 2.37264 5.81
    endloop
  endfacet
  facet normal 0.95675 -0.0469051 0.287105
    outer loop
      vertex -15.5627 -0.115465 5
      vertex -15.8299 -0.607706 5.81
      vertex -15.588 -0.631524 5
    endloop
  endfacet
  facet normal 0.947487 -0.140857 0.287101
    outer loop
      vertex -15.8299 -0.607706 5.81
      vertex -15.605 -0.745876 5
      vertex -15.588 -0.631524 5
    endloop
  endfacet
  facet normal 0.947565 -0.140437 0.287051
    outer loop
      vertex -15.605 -0.745876 5
      vertex -15.8299 -0.607706 5.81
      vertex -15.9191 -1.20956 5.81
    endloop
  endfacet
  facet normal 0.929241 -0.232686 0.287
    outer loop
      vertex -15.6808 -1.25697 5
      vertex -15.9191 -1.20956 5.81
      vertex -15.8063 -1.75816 5
    endloop
  endfacet
  facet normal 0.90177 -0.323096 0.28709
    outer loop
      vertex -16.067 -1.79976 5.81
      vertex -15.8734 -1.97915 5
      vertex -15.8344 -1.8703 5
    endloop
  endfacet
  facet normal 0.901966 -0.322603 0.287028
    outer loop
      vertex -15.8734 -1.97915 5
      vertex -16.067 -1.79976 5.81
      vertex -16.2719 -2.37264 5.81
    endloop
  endfacet
  facet normal 0.821635 -0.492464 0.287046
    outer loop
      vertex -16.8449 -3.44454 5.81
      vertex -16.5834 -3.48038 5
      vertex -16.5321 -2.92266 5.81
    endloop
  endfacet
  facet normal 0.82175 -0.492255 0.287074
    outer loop
      vertex -16.5834 -3.48038 5
      vertex -16.8449 -3.44454 5.81
      vertex -16.6428 -3.57954 5
    endloop
  endfacet
  facet normal 0.769411 -0.570648 0.286996
    outer loop
      vertex -16.7117 -3.67239 5
      vertex -17.2073 -3.93324 5.81
      vertex -17.0195 -4.0874 5
    endloop
  endfacet
  facet normal 0.570621 -0.769406 0.287065
    outer loop
      vertex -18.0668 -4.79266 5.81
      vertex -18.3276 -5.28829 5
      vertex -17.9126 -4.98051 5
    endloop
  endfacet
  facet normal 0.0469687 -0.956769 0.287031
    outer loop
      vertex -21.8845 -6.43733 5
      vertex -22 -6.2 5.81
      vertex -22 -6.443 5
    endloop
  endfacet
  facet normal 0.046996 -0.956767 0.287034
    outer loop
      vertex -22 -6.2 5.81
      vertex -21.8845 -6.43733 5
      vertex -21.3923 -6.17015 5.81
    endloop
  endfacet
  facet normal -0.046996 -0.956767 0.287034
    outer loop
      vertex -22.1155 -6.43733 5
      vertex -22 -6.2 5.81
      vertex -22.6077 -6.17015 5.81
    endloop
  endfacet
  facet normal -0.0469687 -0.956769 0.287031
    outer loop
      vertex -22 -6.2 5.81
      vertex -22.1155 -6.43733 5
      vertex -22 -6.443 5
    endloop
  endfacet
  facet normal 0.232749 -0.929216 0.287028
    outer loop
      vertex -20.2418 -6.19366 5
      vertex -20.7904 -6.08087 5.81
      vertex -20.743 -6.3192 5
    endloop
  endfacet
  facet normal -0.643227 -0.709817 0.287085
    outer loop
      vertex -26.1731 -4.90287 5
      vertex -25.9332 -4.79266 5.81
      vertex -26.3841 -4.38406 5.81
    endloop
  endfacet
  facet normal -0.643138 -0.709904 0.287071
    outer loop
      vertex -25.9332 -4.79266 5.81
      vertex -26.1731 -4.90287 5
      vertex -26.0874 -4.98051 5
    endloop
  endfacet
  facet normal -0.929171 -0.232844 0.287097
    outer loop
      vertex -28.1937 -1.75816 5
      vertex -27.933 -1.79976 5.81
      vertex -28.0809 -1.20956 5.81
    endloop
  endfacet
  facet normal -0.929174 -0.232832 0.287098
    outer loop
      vertex -27.933 -1.79976 5.81
      vertex -28.1937 -1.75816 5
      vertex -28.1656 -1.8703 5
    endloop
  endfacet
  facet normal -0.90177 -0.323096 0.28709
    outer loop
      vertex -28.1266 -1.97915 5
      vertex -27.933 -1.79976 5.81
      vertex -28.1656 -1.8703 5
    endloop
  endfacet
  facet normal -0.901966 -0.322603 0.287028
    outer loop
      vertex -27.933 -1.79976 5.81
      vertex -28.1266 -1.97915 5
      vertex -27.7281 -2.37264 5.81
    endloop
  endfacet
  facet normal -0.865886 -0.409705 0.287025
    outer loop
      vertex -27.7281 -2.37264 5.81
      vertex -27.9526 -2.46563 5
      vertex -27.7316 -2.9327 5
    endloop
  endfacet
  facet normal -0.821659 -0.492436 0.287025
    outer loop
      vertex -27.4679 -2.92266 5.81
      vertex -27.6822 -3.03721 5
      vertex -27.4166 -3.48038 5
    endloop
  endfacet
  facet normal -0.821635 -0.492464 0.287046
    outer loop
      vertex -27.4166 -3.48038 5
      vertex -27.1551 -3.44454 5.81
      vertex -27.4679 -2.92266 5.81
    endloop
  endfacet
  facet normal -0.82175 -0.492255 0.287074
    outer loop
      vertex -27.1551 -3.44454 5.81
      vertex -27.4166 -3.48038 5
      vertex -27.3572 -3.57954 5
    endloop
  endfacet
  facet normal -0.409602 -0.865939 0.287011
    outer loop
      vertex -24.9327 -5.73165 5
      vertex -24.9227 -5.46791 5.81
      vertex -25.0372 -5.68222 5
    endloop
  endfacet
  facet normal -0.409517 -0.865976 0.287022
    outer loop
      vertex -24.9227 -5.46791 5.81
      vertex -24.9327 -5.73165 5
      vertex -24.3726 -5.72805 5.81
    endloop
  endfacet
  facet normal -0.140551 -0.947555 0.287027
    outer loop
      vertex -22.7459 -6.39501 5
      vertex -22.6077 -6.17015 5.81
      vertex -23.2096 -6.08087 5.81
    endloop
  endfacet
  facet normal -0.140479 -0.947569 0.287018
    outer loop
      vertex -22.6077 -6.17015 5.81
      vertex -22.7459 -6.39501 5
      vertex -22.6315 -6.41197 5
    endloop
  endfacet
  facet normal -0.76925 0.570828 0.287071
    outer loop
      vertex -27.1551 3.44454 5.81
      vertex -27.2883 3.67239 5
      vertex -27.3572 3.57954 5
    endloop
  endfacet
  facet normal -0.769442 0.570587 0.287035
    outer loop
      vertex -27.2883 3.67239 5
      vertex -27.1551 3.44454 5.81
      vertex -26.7927 3.93324 5.81
    endloop
  endfacet
  facet normal -0.821659 0.492436 0.287025
    outer loop
      vertex -27.4166 3.48038 5
      vertex -27.6822 3.03721 5
      vertex -27.4679 2.92266 5.81
    endloop
  endfacet
  facet normal -0.956757 0.0472309 0.287027
    outer loop
      vertex -28.2 0 5.81
      vertex -28.4373 0.115465 5
      vertex -28.443 0 5
    endloop
  endfacet
  facet normal -0.956771 0.0470745 0.287009
    outer loop
      vertex -28.4373 0.115465 5
      vertex -28.2 0 5.81
      vertex -28.1701 0.607706 5.81
    endloop
  endfacet
  facet normal 0.140551 0.947555 0.287027
    outer loop
      vertex -21.2541 6.39501 5
      vertex -21.3923 6.17015 5.81
      vertex -20.7904 6.08087 5.81
    endloop
  endfacet
  facet normal 0.140479 0.947569 0.287018
    outer loop
      vertex -21.3923 6.17015 5.81
      vertex -21.2541 6.39501 5
      vertex -21.3685 6.41197 5
    endloop
  endfacet
  facet normal 0.570621 0.769406 0.287065
    outer loop
      vertex -17.9126 4.98051 5
      vertex -18.3276 5.28829 5
      vertex -18.0668 4.79266 5.81
    endloop
  endfacet
  facet normal -0.409545 0.865956 0.287041
    outer loop
      vertex -24.4656 5.95256 5
      vertex -24.9327 5.73165 5
      vertex -24.3726 5.72805 5.81
    endloop
  endfacet
  facet normal 0.865886 -0.409705 0.287025
    outer loop
      vertex -16.0474 -2.46563 5
      vertex -16.2719 -2.37264 5.81
      vertex -16.2684 -2.9327 5
    endloop
  endfacet
  facet normal 0.929171 -0.232844 0.287097
    outer loop
      vertex -16.067 -1.79976 5.81
      vertex -15.8063 -1.75816 5
      vertex -15.9191 -1.20956 5.81
    endloop
  endfacet
  facet normal 0.929174 -0.232832 0.287098
    outer loop
      vertex -15.8063 -1.75816 5
      vertex -16.067 -1.79976 5.81
      vertex -15.8344 -1.8703 5
    endloop
  endfacet
  facet normal 0.709898 -0.643176 0.287001
    outer loop
      vertex -17.2073 -3.93324 5.81
      vertex -17.0971 -4.17305 5
      vertex -17.0195 -4.0874 5
    endloop
  endfacet
  facet normal 0.709774 -0.643303 0.287022
    outer loop
      vertex -17.0971 -4.17305 5
      vertex -17.2073 -3.93324 5.81
      vertex -17.6159 -4.38406 5.81
    endloop
  endfacet
  facet normal 0.821659 -0.492436 0.287025
    outer loop
      vertex -16.5321 -2.92266 5.81
      vertex -16.5834 -3.48038 5
      vertex -16.3178 -3.03721 5
    endloop
  endfacet
  facet normal 0.409517 -0.865976 0.287022
    outer loop
      vertex -19.0673 -5.73165 5
      vertex -19.0773 -5.46791 5.81
      vertex -19.6274 -5.72805 5.81
    endloop
  endfacet
  facet normal 0.409602 -0.865939 0.287011
    outer loop
      vertex -19.0773 -5.46791 5.81
      vertex -19.0673 -5.73165 5
      vertex -18.9628 -5.68222 5
    endloop
  endfacet
  facet normal 0.409545 -0.865956 0.287041
    outer loop
      vertex -19.0673 -5.73165 5
      vertex -19.6274 -5.72805 5.81
      vertex -19.5344 -5.95256 5
    endloop
  endfacet
  facet normal 0.492519 -0.821599 0.287053
    outer loop
      vertex -18.5196 -5.41659 5
      vertex -18.5555 -5.15511 5.81
      vertex -19.0773 -5.46791 5.81
    endloop
  endfacet
  facet normal 0.492663 -0.82152 0.287034
    outer loop
      vertex -18.5555 -5.15511 5.81
      vertex -18.5196 -5.41659 5
      vertex -18.4205 -5.35716 5
    endloop
  endfacet
  facet normal 0.643138 -0.709904 0.287071
    outer loop
      vertex -17.8269 -4.90287 5
      vertex -18.0668 -4.79266 5.81
      vertex -17.9126 -4.98051 5
    endloop
  endfacet
  facet normal 0.643227 -0.709817 0.287085
    outer loop
      vertex -18.0668 -4.79266 5.81
      vertex -17.8269 -4.90287 5
      vertex -17.6159 -4.38406 5.81
    endloop
  endfacet
  facet normal 0.23276 -0.929212 0.287034
    outer loop
      vertex -20.2418 -6.19366 5
      vertex -20.2002 -5.93303 5.81
      vertex -20.7904 -6.08087 5.81
    endloop
  endfacet
  facet normal 0.232838 -0.929195 0.287025
    outer loop
      vertex -20.2002 -5.93303 5.81
      vertex -20.2418 -6.19366 5
      vertex -20.1297 -6.16557 5
    endloop
  endfacet
  facet normal 0.322605 -0.901967 0.287021
    outer loop
      vertex -20.0208 -6.12662 5
      vertex -20.2002 -5.93303 5.81
      vertex -20.1297 -6.16557 5
    endloop
  endfacet
  facet normal 0.322753 -0.901908 0.28704
    outer loop
      vertex -20.2002 -5.93303 5.81
      vertex -20.0208 -6.12662 5
      vertex -19.6274 -5.72805 5.81
    endloop
  endfacet
  facet normal 0.046996 0.956767 0.287034
    outer loop
      vertex -21.8845 6.43733 5
      vertex -22 6.2 5.81
      vertex -21.3923 6.17015 5.81
    endloop
  endfacet
  facet normal 0.0469687 0.956769 0.287031
    outer loop
      vertex -22 6.2 5.81
      vertex -21.8845 6.43733 5
      vertex -22 6.443 5
    endloop
  endfacet
  facet normal 0.643227 0.709817 0.287085
    outer loop
      vertex -17.8269 4.90287 5
      vertex -18.0668 4.79266 5.81
      vertex -17.6159 4.38406 5.81
    endloop
  endfacet
  facet normal 0.643138 0.709904 0.287071
    outer loop
      vertex -18.0668 4.79266 5.81
      vertex -17.8269 4.90287 5
      vertex -17.9126 4.98051 5
    endloop
  endfacet
  facet normal 0.409602 0.865939 0.287011
    outer loop
      vertex -19.0673 5.73165 5
      vertex -19.0773 5.46791 5.81
      vertex -18.9628 5.68222 5
    endloop
  endfacet
  facet normal 0.409517 0.865976 0.287022
    outer loop
      vertex -19.0773 5.46791 5.81
      vertex -19.0673 5.73165 5
      vertex -19.6274 5.72805 5.81
    endloop
  endfacet
  facet normal -0.570476 0.769525 0.287033
    outer loop
      vertex -25.6724 5.28829 5
      vertex -25.4445 5.15511 5.81
      vertex -25.5795 5.35716 5
    endloop
  endfacet
  facet normal -0.570634 0.769399 0.287057
    outer loop
      vertex -25.4445 5.15511 5.81
      vertex -25.6724 5.28829 5
      vertex -25.9332 4.79266 5.81
    endloop
  endfacet
  facet normal -0.322605 0.901967 0.287021
    outer loop
      vertex -23.9792 6.12662 5
      vertex -23.7998 5.93303 5.81
      vertex -23.8703 6.16557 5
    endloop
  endfacet
  facet normal -0.322753 0.901908 0.28704
    outer loop
      vertex -23.7998 5.93303 5.81
      vertex -23.9792 6.12662 5
      vertex -24.3726 5.72805 5.81
    endloop
  endfacet
  facet normal 0.709764 -0.643319 0.287011
    outer loop
      vertex -17.0971 -4.17305 5
      vertex -17.6159 -4.38406 5.81
      vertex -17.4441 -4.55589 5
    endloop
  endfacet
  facet normal 0.492455 -0.821654 0.287006
    outer loop
      vertex -18.5196 -5.41659 5
      vertex -19.0773 -5.46791 5.81
      vertex -18.9628 -5.68222 5
    endloop
  endfacet
  facet normal 0.709774 0.643303 0.287022
    outer loop
      vertex -17.2073 3.93324 5.81
      vertex -17.0971 4.17305 5
      vertex -17.6159 4.38406 5.81
    endloop
  endfacet
  facet normal 0.709898 0.643176 0.287001
    outer loop
      vertex -17.0971 4.17305 5
      vertex -17.2073 3.93324 5.81
      vertex -17.0195 4.0874 5
    endloop
  endfacet
  facet normal 0.709764 0.643319 0.287011
    outer loop
      vertex -17.4441 4.55589 5
      vertex -17.6159 4.38406 5.81
      vertex -17.0971 4.17305 5
    endloop
  endfacet
  facet normal 0.409545 0.865956 0.287041
    outer loop
      vertex -19.5344 5.95256 5
      vertex -19.6274 5.72805 5.81
      vertex -19.0673 5.73165 5
    endloop
  endfacet
  facet normal 0.322751 0.901909 0.287041
    outer loop
      vertex -19.5344 5.95256 5
      vertex -20.0208 6.12662 5
      vertex -19.6274 5.72805 5.81
    endloop
  endfacet
  facet normal -0.643335 0.709749 0.287014
    outer loop
      vertex -26.1731 4.90287 5
      vertex -26.5559 4.55589 5
      vertex -26.3841 4.38406 5.81
    endloop
  endfacet
  facet normal -0.709764 0.643319 0.287011
    outer loop
      vertex -26.5559 4.55589 5
      vertex -26.9029 4.17305 5
      vertex -26.3841 4.38406 5.81
    endloop
  endfacet
  facet normal -0.409517 0.865976 0.287022
    outer loop
      vertex -24.9327 5.73165 5
      vertex -24.9227 5.46791 5.81
      vertex -24.3726 5.72805 5.81
    endloop
  endfacet
  facet normal -0.409602 0.865939 0.287011
    outer loop
      vertex -24.9227 5.46791 5.81
      vertex -24.9327 5.73165 5
      vertex -25.0372 5.68222 5
    endloop
  endfacet
  facet normal -0.492455 0.821654 0.287006
    outer loop
      vertex -25.0372 5.68222 5
      vertex -25.4804 5.41659 5
      vertex -24.9227 5.46791 5.81
    endloop
  endfacet
  facet normal -0.23276 0.929212 0.287034
    outer loop
      vertex -23.7582 6.19366 5
      vertex -23.7998 5.93303 5.81
      vertex -23.2096 6.08087 5.81
    endloop
  endfacet
  facet normal -0.232838 0.929195 0.287025
    outer loop
      vertex -23.7998 5.93303 5.81
      vertex -23.7582 6.19366 5
      vertex -23.8703 6.16557 5
    endloop
  endfacet
  facet normal 0.322753 0.901908 0.28704
    outer loop
      vertex -20.0208 6.12662 5
      vertex -20.2002 5.93303 5.81
      vertex -19.6274 5.72805 5.81
    endloop
  endfacet
  facet normal 0.322605 0.901967 0.287021
    outer loop
      vertex -20.2002 5.93303 5.81
      vertex -20.0208 6.12662 5
      vertex -20.1297 6.16557 5
    endloop
  endfacet
  facet normal 0.901965 -0.322607 0.287025
    outer loop
      vertex -15.8734 -1.97915 5
      vertex -16.2719 -2.37264 5.81
      vertex -16.0474 -2.46563 5
    endloop
  endfacet
  facet normal -0.958311 -0.0471161 0.281815
    outer loop
      vertex -16.7382 0 5
      vertex -16.5 0 5.81
      vertex -16.7581 0.404753 5
    endloop
  endfacet
  facet normal -0.949098 -0.140739 0.281791
    outer loop
      vertex -16.823 0.916598 5
      vertex -16.6057 1.073 5.81
      vertex -16.8393 1.02652 5
    endloop
  endfacet
  facet normal -0.949088 -0.140788 0.281798
    outer loop
      vertex -16.6057 1.073 5.81
      vertex -16.823 0.916598 5
      vertex -16.5265 0.539094 5.81
    endloop
  endfacet
  facet normal -0.770608 0.571588 0.281868
    outer loop
      vertex -17.6912 -3.01253 5
      vertex -17.4269 -3.05564 5.81
      vertex -17.625 -2.92328 5
    endloop
  endfacet
  facet normal -0.770655 0.57152 0.281879
    outer loop
      vertex -17.4269 -3.05564 5.81
      vertex -17.6912 -3.01253 5
      vertex -17.7484 -3.48916 5.81
    endloop
  endfacet
  facet normal -0.958276 -0.0474869 0.281872
    outer loop
      vertex -16.7581 0.404753 5
      vertex -16.5265 0.539094 5.81
      vertex -16.7636 0.515742 5
    endloop
  endfacet
  facet normal -0.958311 -0.0471072 0.281819
    outer loop
      vertex -16.5265 0.539094 5.81
      vertex -16.7581 0.404753 5
      vertex -16.5 0 5.81
    endloop
  endfacet
  facet normal -0.94909 -0.140639 0.281868
    outer loop
      vertex -16.7636 0.515742 5
      vertex -16.5265 0.539094 5.81
      vertex -16.823 0.916598 5
    endloop
  endfacet
  facet normal -0.958311 0.0471161 0.281815
    outer loop
      vertex -16.5 0 5.81
      vertex -16.7382 0 5
      vertex -16.7581 -0.404753 5
    endloop
  endfacet
  facet normal 0.0470628 -0.958301 0.281859
    outer loop
      vertex -22 5.26176 5
      vertex -22 5.5 5.81
      vertex -22.4048 5.24188 5
    endloop
  endfacet
  facet normal 0.23312 -0.930704 0.28186
    outer loop
      vertex -23.1343 5.13366 5
      vertex -23.073 5.39432 5.81
      vertex -23.5966 5.26317 5.81
    endloop
  endfacet
  facet normal 0.233108 -0.930706 0.281862
    outer loop
      vertex -23.073 5.39432 5.81
      vertex -23.1343 5.13366 5
      vertex -23.0265 5.16066 5
    endloop
  endfacet
  facet normal -0.140788 -0.949072 0.281852
    outer loop
      vertex -21.0834 5.17697 5
      vertex -20.927 5.39432 5.81
      vertex -21.4609 5.47352 5.81
    endloop
  endfacet
  facet normal -0.140848 -0.949061 0.28186
    outer loop
      vertex -20.927 5.39432 5.81
      vertex -21.0834 5.17697 5
      vertex -20.9735 5.16066 5
    endloop
  endfacet
  facet normal -0.867385 -0.41012 0.28186
    outer loop
      vertex -17.1863 2.11404 5
      vertex -16.9187 2.10476 5.81
      vertex -17.1494 2.59268 5.81
    endloop
  endfacet
  facet normal -0.86737 -0.410155 0.281854
    outer loop
      vertex -16.9187 2.10476 5.81
      vertex -17.1863 2.11404 5
      vertex -17.1388 2.01359 5
    endloop
  endfacet
  facet normal 0.0470941 -0.9583 0.281858
    outer loop
      vertex -22.4048 5.24188 5
      vertex -22.5391 5.47352 5.81
      vertex -22.5157 5.23643 5
    endloop
  endfacet
  facet normal 0.0470707 -0.958302 0.281855
    outer loop
      vertex -22.5391 5.47352 5.81
      vertex -22.4048 5.24188 5
      vertex -22 5.5 5.81
    endloop
  endfacet
  facet normal -0.930738 -0.233053 0.281805
    outer loop
      vertex -16.8663 1.13431 5
      vertex -16.6057 1.073 5.81
      vertex -16.7368 1.59657 5.81
    endloop
  endfacet
  facet normal -0.930721 -0.233134 0.281793
    outer loop
      vertex -16.6057 1.073 5.81
      vertex -16.8663 1.13431 5
      vertex -16.8393 1.02652 5
    endloop
  endfacet
  facet normal -0.90338 0.323185 0.281879
    outer loop
      vertex -16.7368 -1.59657 5.81
      vertex -16.9648 -1.52741 5
      vertex -17.1013 -1.90896 5
    endloop
  endfacet
  facet normal 0.571529 -0.770641 0.281897
    outer loop
      vertex -25.338 4.0674 5
      vertex -25.0125 4.3088 5
      vertex -25.4892 4.25156 5.81
    endloop
  endfacet
  facet normal 0.930738 -0.233053 0.281805
    outer loop
      vertex -27.3943 1.073 5.81
      vertex -27.1337 1.13431 5
      vertex -27.2632 1.59657 5.81
    endloop
  endfacet
  facet normal 0.930721 -0.233134 0.281793
    outer loop
      vertex -27.1337 1.13431 5
      vertex -27.3943 1.073 5.81
      vertex -27.1607 1.02652 5
    endloop
  endfacet
  facet normal 0.32319 -0.90338 0.281873
    outer loop
      vertex -23.5274 5.03519 5
      vertex -23.5966 5.26317 5.81
      vertex -23.909 4.89867 5
    endloop
  endfacet
  facet normal 0.233136 -0.930697 0.281868
    outer loop
      vertex -23.5274 5.03519 5
      vertex -23.1343 5.13366 5
      vertex -23.5966 5.26317 5.81
    endloop
  endfacet
  facet normal -0.140763 -0.949073 0.281864
    outer loop
      vertex -21.0834 5.17697 5
      vertex -21.4609 5.47352 5.81
      vertex -21.4843 5.23643 5
    endloop
  endfacet
  facet normal -0.0470707 -0.958302 0.281855
    outer loop
      vertex -21.5952 5.24188 5
      vertex -21.4609 5.47352 5.81
      vertex -22 5.5 5.81
    endloop
  endfacet
  facet normal -0.0470941 -0.9583 0.281858
    outer loop
      vertex -21.4609 5.47352 5.81
      vertex -21.5952 5.24188 5
      vertex -21.4843 5.23643 5
    endloop
  endfacet
  facet normal -0.0470628 -0.958301 0.281859
    outer loop
      vertex -21.5952 5.24188 5
      vertex -22 5.5 5.81
      vertex -22 5.26176 5
    endloop
  endfacet
  facet normal -0.233136 -0.930697 0.281868
    outer loop
      vertex -20.4726 5.03519 5
      vertex -20.4034 5.26317 5.81
      vertex -20.8657 5.13366 5
    endloop
  endfacet
  facet normal -0.770644 -0.571531 0.281887
    outer loop
      vertex -17.6912 3.01253 5
      vertex -17.7484 3.48916 5.81
      vertex -17.9326 3.33803 5
    endloop
  endfacet
  facet normal -0.410154 -0.86737 0.281856
    outer loop
      vertex -19.5196 4.64046 5
      vertex -19.4073 4.85057 5.81
      vertex -19.886 4.81372 5
    endloop
  endfacet
  facet normal -0.867402 -0.410094 0.281845
    outer loop
      vertex -17.1863 2.11404 5
      vertex -17.1494 2.59268 5.81
      vertex -17.3595 2.48038 5
    endloop
  endfacet
  facet normal -0.822891 -0.49337 0.281845
    outer loop
      vertex -17.3595 2.48038 5
      vertex -17.1494 2.59268 5.81
      vertex -17.5679 2.82797 5
    endloop
  endfacet
  facet normal 0.140763 -0.949073 0.281864
    outer loop
      vertex -22.5157 5.23643 5
      vertex -22.5391 5.47352 5.81
      vertex -22.9166 5.17697 5
    endloop
  endfacet
  facet normal 0.140848 -0.949061 0.28186
    outer loop
      vertex -22.9166 5.17697 5
      vertex -23.073 5.39432 5.81
      vertex -23.0265 5.16066 5
    endloop
  endfacet
  facet normal 0.140788 -0.949072 0.281852
    outer loop
      vertex -23.073 5.39432 5.81
      vertex -22.9166 5.17697 5
      vertex -22.5391 5.47352 5.81
    endloop
  endfacet
  facet normal -0.323257 0.903359 0.281865
    outer loop
      vertex -20.091 -4.89867 5
      vertex -19.8952 -5.08134 5.81
      vertex -19.9864 -4.86124 5
    endloop
  endfacet
  facet normal -0.32322 0.903374 0.281859
    outer loop
      vertex -19.8952 -5.08134 5.81
      vertex -20.091 -4.89867 5
      vertex -20.4034 -5.26317 5.81
    endloop
  endfacet
  facet normal -0.571478 0.770692 0.281863
    outer loop
      vertex -18.9875 -4.3088 5
      vertex -18.9444 -4.57308 5.81
      vertex -18.5108 -4.25156 5.81
    endloop
  endfacet
  facet normal -0.571806 0.770469 0.281808
    outer loop
      vertex -18.9444 -4.57308 5.81
      vertex -18.9875 -4.3088 5
      vertex -19.0767 -4.375 5
    endloop
  endfacet
  facet normal -0.949098 0.140739 0.281791
    outer loop
      vertex -16.6057 -1.073 5.81
      vertex -16.823 -0.916598 5
      vertex -16.8393 -1.02652 5
    endloop
  endfacet
  facet normal -0.949088 0.140788 0.281798
    outer loop
      vertex -16.823 -0.916598 5
      vertex -16.6057 -1.073 5.81
      vertex -16.5265 -0.539094 5.81
    endloop
  endfacet
  facet normal -0.644347 0.710885 0.281887
    outer loop
      vertex -18.2794 -3.72063 5
      vertex -18.5108 -4.25156 5.81
      vertex -18.1109 -3.88909 5.81
    endloop
  endfacet
  facet normal -0.644529 0.71077 0.281759
    outer loop
      vertex -18.5108 -4.25156 5.81
      vertex -18.2794 -3.72063 5
      vertex -18.3617 -3.79526 5
    endloop
  endfacet
  facet normal 0.710881 -0.644349 0.28189
    outer loop
      vertex -26.2516 3.48916 5.81
      vertex -25.7206 3.72063 5
      vertex -25.8891 3.88909 5.81
    endloop
  endfacet
  facet normal 0.710652 -0.644713 0.281635
    outer loop
      vertex -25.7206 3.72063 5
      vertex -26.2516 3.48916 5.81
      vertex -25.7953 3.63829 5
    endloop
  endfacet
  facet normal 0.710951 -0.644274 0.281884
    outer loop
      vertex -26.0674 3.33803 5
      vertex -25.7953 3.63829 5
      vertex -26.2516 3.48916 5.81
    endloop
  endfacet
  facet normal 0.644276 -0.710943 0.281903
    outer loop
      vertex -25.338 4.0674 5
      vertex -25.4892 4.25156 5.81
      vertex -25.6383 3.79526 5
    endloop
  endfacet
  facet normal 0.644347 -0.710885 0.281887
    outer loop
      vertex -25.7206 3.72063 5
      vertex -25.4892 4.25156 5.81
      vertex -25.8891 3.88909 5.81
    endloop
  endfacet
  facet normal 0.644529 -0.71077 0.281759
    outer loop
      vertex -25.4892 4.25156 5.81
      vertex -25.7206 3.72063 5
      vertex -25.6383 3.79526 5
    endloop
  endfacet
  facet normal 0.930677 -0.233202 0.28188
    outer loop
      vertex -27.1337 1.13431 5
      vertex -27.0352 1.52741 5
      vertex -27.2632 1.59657 5.81
    endloop
  endfacet
  facet normal 0.41023 -0.86732 0.281899
    outer loop
      vertex -24.114 4.81372 5
      vertex -24.1048 5.08134 5.81
      vertex -24.5927 4.85057 5.81
    endloop
  endfacet
  facet normal 0.410462 -0.867222 0.281864
    outer loop
      vertex -24.1048 5.08134 5.81
      vertex -24.114 4.81372 5
      vertex -24.0136 4.86124 5
    endloop
  endfacet
  facet normal 0.493236 -0.822967 0.281857
    outer loop
      vertex -24.4804 4.64046 5
      vertex -24.5927 4.85057 5.81
      vertex -24.828 4.43213 5
    endloop
  endfacet
  facet normal -0.233108 -0.930706 0.281862
    outer loop
      vertex -20.8657 5.13366 5
      vertex -20.927 5.39432 5.81
      vertex -20.9735 5.16066 5
    endloop
  endfacet
  facet normal -0.23312 -0.930704 0.28186
    outer loop
      vertex -20.927 5.39432 5.81
      vertex -20.8657 5.13366 5
      vertex -20.4034 5.26317 5.81
    endloop
  endfacet
  facet normal -0.32322 -0.903374 0.281859
    outer loop
      vertex -20.091 4.89867 5
      vertex -19.8952 5.08134 5.81
      vertex -20.4034 5.26317 5.81
    endloop
  endfacet
  facet normal -0.323257 -0.903359 0.281865
    outer loop
      vertex -19.8952 5.08134 5.81
      vertex -20.091 4.89867 5
      vertex -19.9864 4.86124 5
    endloop
  endfacet
  facet normal -0.32319 -0.90338 0.281873
    outer loop
      vertex -20.091 4.89867 5
      vertex -20.4034 5.26317 5.81
      vertex -20.4726 5.03519 5
    endloop
  endfacet
  facet normal -0.710951 -0.644274 0.281884
    outer loop
      vertex -17.9326 3.33803 5
      vertex -17.7484 3.48916 5.81
      vertex -18.2047 3.63829 5
    endloop
  endfacet
  facet normal -0.710652 -0.644713 0.281635
    outer loop
      vertex -17.7484 3.48916 5.81
      vertex -18.2794 3.72063 5
      vertex -18.2047 3.63829 5
    endloop
  endfacet
  facet normal -0.710881 -0.644349 0.28189
    outer loop
      vertex -18.2794 3.72063 5
      vertex -17.7484 3.48916 5.81
      vertex -18.1109 3.88909 5.81
    endloop
  endfacet
  facet normal -0.644276 -0.710943 0.281903
    outer loop
      vertex -18.3617 3.79526 5
      vertex -18.5108 4.25156 5.81
      vertex -18.662 4.0674 5
    endloop
  endfacet
  facet normal -0.493316 -0.822933 0.281816
    outer loop
      vertex -19.172 4.43213 5
      vertex -18.9444 4.57308 5.81
      vertex -19.4073 4.85057 5.81
    endloop
  endfacet
  facet normal -0.493325 -0.822927 0.281818
    outer loop
      vertex -18.9444 4.57308 5.81
      vertex -19.172 4.43213 5
      vertex -19.0767 4.375 5
    endloop
  endfacet
  facet normal -0.823052 -0.493089 0.281866
    outer loop
      vertex -17.5679 2.82797 5
      vertex -17.4269 3.05564 5.81
      vertex -17.625 2.92328 5
    endloop
  endfacet
  facet normal -0.822933 -0.493269 0.281897
    outer loop
      vertex -17.4269 3.05564 5.81
      vertex -17.5679 2.82797 5
      vertex -17.1494 2.59268 5.81
    endloop
  endfacet
  facet normal -0.930677 -0.233202 0.28188
    outer loop
      vertex -16.8663 1.13431 5
      vertex -16.7368 1.59657 5.81
      vertex -16.9648 1.52741 5
    endloop
  endfacet
  facet normal -0.90338 -0.323185 0.281879
    outer loop
      vertex -16.9648 1.52741 5
      vertex -16.7368 1.59657 5.81
      vertex -17.1013 1.90896 5
    endloop
  endfacet
  facet normal -0.233136 0.930697 0.281868
    outer loop
      vertex -20.4034 -5.26317 5.81
      vertex -20.4726 -5.03519 5
      vertex -20.8657 -5.13366 5
    endloop
  endfacet
  facet normal -0.41023 0.86732 0.281899
    outer loop
      vertex -19.886 -4.81372 5
      vertex -19.8952 -5.08134 5.81
      vertex -19.4073 -4.85057 5.81
    endloop
  endfacet
  facet normal -0.410462 0.867222 0.281864
    outer loop
      vertex -19.8952 -5.08134 5.81
      vertex -19.886 -4.81372 5
      vertex -19.9864 -4.86124 5
    endloop
  endfacet
  facet normal -0.571529 0.770641 0.281897
    outer loop
      vertex -18.5108 -4.25156 5.81
      vertex -18.662 -4.0674 5
      vertex -18.9875 -4.3088 5
    endloop
  endfacet
  facet normal -0.644276 0.710943 0.281903
    outer loop
      vertex -18.5108 -4.25156 5.81
      vertex -18.3617 -3.79526 5
      vertex -18.662 -4.0674 5
    endloop
  endfacet
  facet normal -0.930721 0.233134 0.281793
    outer loop
      vertex -16.8663 -1.13431 5
      vertex -16.6057 -1.073 5.81
      vertex -16.8393 -1.02652 5
    endloop
  endfacet
  facet normal -0.930738 0.233053 0.281805
    outer loop
      vertex -16.6057 -1.073 5.81
      vertex -16.8663 -1.13431 5
      vertex -16.7368 -1.59657 5.81
    endloop
  endfacet
  facet normal -0.710652 0.644713 0.281635
    outer loop
      vertex -18.2794 -3.72063 5
      vertex -17.7484 -3.48916 5.81
      vertex -18.2047 -3.63829 5
    endloop
  endfacet
  facet normal -0.710881 0.644349 0.28189
    outer loop
      vertex -17.7484 -3.48916 5.81
      vertex -18.2794 -3.72063 5
      vertex -18.1109 -3.88909 5.81
    endloop
  endfacet
  facet normal -0.32319 0.90338 0.281873
    outer loop
      vertex -20.4034 -5.26317 5.81
      vertex -20.091 -4.89867 5
      vertex -20.4726 -5.03519 5
    endloop
  endfacet
  facet normal 0.571478 -0.770692 0.281863
    outer loop
      vertex -25.0125 4.3088 5
      vertex -25.0556 4.57308 5.81
      vertex -25.4892 4.25156 5.81
    endloop
  endfacet
  facet normal 0.571806 -0.770469 0.281808
    outer loop
      vertex -25.0556 4.57308 5.81
      vertex -25.0125 4.3088 5
      vertex -24.9233 4.375 5
    endloop
  endfacet
  facet normal 0.958276 -0.0474869 0.281872
    outer loop
      vertex -27.4735 0.539094 5.81
      vertex -27.2419 0.404753 5
      vertex -27.2364 0.515742 5
    endloop
  endfacet
  facet normal 0.958311 -0.0471072 0.281819
    outer loop
      vertex -27.2419 0.404753 5
      vertex -27.4735 0.539094 5.81
      vertex -27.5 0 5.81
    endloop
  endfacet
  facet normal 0.90338 -0.323185 0.281879
    outer loop
      vertex -27.0352 1.52741 5
      vertex -26.8987 1.90896 5
      vertex -27.2632 1.59657 5.81
    endloop
  endfacet
  facet normal 0.323257 -0.903359 0.281865
    outer loop
      vertex -23.909 4.89867 5
      vertex -24.1048 5.08134 5.81
      vertex -24.0136 4.86124 5
    endloop
  endfacet
  facet normal 0.32322 -0.903374 0.281859
    outer loop
      vertex -24.1048 5.08134 5.81
      vertex -23.909 4.89867 5
      vertex -23.5966 5.26317 5.81
    endloop
  endfacet
  facet normal 0.410154 -0.86737 0.281856
    outer loop
      vertex -24.4804 4.64046 5
      vertex -24.114 4.81372 5
      vertex -24.5927 4.85057 5.81
    endloop
  endfacet
  facet normal -0.410462 -0.867222 0.281864
    outer loop
      vertex -19.886 4.81372 5
      vertex -19.8952 5.08134 5.81
      vertex -19.9864 4.86124 5
    endloop
  endfacet
  facet normal -0.41023 -0.86732 0.281899
    outer loop
      vertex -19.8952 5.08134 5.81
      vertex -19.886 4.81372 5
      vertex -19.4073 4.85057 5.81
    endloop
  endfacet
  facet normal -0.571529 -0.770641 0.281897
    outer loop
      vertex -18.662 4.0674 5
      vertex -18.5108 4.25156 5.81
      vertex -18.9875 4.3088 5
    endloop
  endfacet
  facet normal -0.571806 -0.770469 0.281808
    outer loop
      vertex -18.9875 4.3088 5
      vertex -18.9444 4.57308 5.81
      vertex -19.0767 4.375 5
    endloop
  endfacet
  facet normal -0.571478 -0.770692 0.281863
    outer loop
      vertex -18.9444 4.57308 5.81
      vertex -18.9875 4.3088 5
      vertex -18.5108 4.25156 5.81
    endloop
  endfacet
  facet normal -0.903198 -0.323711 0.28186
    outer loop
      vertex -17.1013 1.90896 5
      vertex -16.9187 2.10476 5.81
      vertex -17.1388 2.01359 5
    endloop
  endfacet
  facet normal -0.903347 -0.323341 0.281804
    outer loop
      vertex -16.9187 2.10476 5.81
      vertex -17.1013 1.90896 5
      vertex -16.7368 1.59657 5.81
    endloop
  endfacet
  facet normal 0.770644 0.571531 0.281887
    outer loop
      vertex -26.2516 -3.48916 5.81
      vertex -26.0674 -3.33803 5
      vertex -26.3088 -3.01253 5
    endloop
  endfacet
  facet normal 0.140763 0.949073 0.281864
    outer loop
      vertex -22.5391 -5.47352 5.81
      vertex -22.5157 -5.23643 5
      vertex -22.9166 -5.17697 5
    endloop
  endfacet
  facet normal -0.493325 0.822927 0.281818
    outer loop
      vertex -19.172 -4.43213 5
      vertex -18.9444 -4.57308 5.81
      vertex -19.0767 -4.375 5
    endloop
  endfacet
  facet normal -0.493316 0.822933 0.281816
    outer loop
      vertex -18.9444 -4.57308 5.81
      vertex -19.172 -4.43213 5
      vertex -19.4073 -4.85057 5.81
    endloop
  endfacet
  facet normal -0.410154 0.86737 0.281856
    outer loop
      vertex -19.4073 -4.85057 5.81
      vertex -19.5196 -4.64046 5
      vertex -19.886 -4.81372 5
    endloop
  endfacet
  facet normal -0.710951 0.644274 0.281884
    outer loop
      vertex -17.7484 -3.48916 5.81
      vertex -17.9326 -3.33803 5
      vertex -18.2047 -3.63829 5
    endloop
  endfacet
  facet normal -0.86737 0.410155 0.281854
    outer loop
      vertex -17.1863 -2.11404 5
      vertex -16.9187 -2.10476 5.81
      vertex -17.1388 -2.01359 5
    endloop
  endfacet
  facet normal -0.867385 0.41012 0.28186
    outer loop
      vertex -16.9187 -2.10476 5.81
      vertex -17.1863 -2.11404 5
      vertex -17.1494 -2.59268 5.81
    endloop
  endfacet
  facet normal -0.903198 0.323711 0.28186
    outer loop
      vertex -16.9187 -2.10476 5.81
      vertex -17.1013 -1.90896 5
      vertex -17.1388 -2.01359 5
    endloop
  endfacet
  facet normal -0.903347 0.323341 0.281804
    outer loop
      vertex -17.1013 -1.90896 5
      vertex -16.9187 -2.10476 5.81
      vertex -16.7368 -1.59657 5.81
    endloop
  endfacet
  facet normal -0.930677 0.233202 0.28188
    outer loop
      vertex -16.7368 -1.59657 5.81
      vertex -16.8663 -1.13431 5
      vertex -16.9648 -1.52741 5
    endloop
  endfacet
  facet normal -0.23312 0.930704 0.28186
    outer loop
      vertex -20.8657 -5.13366 5
      vertex -20.927 -5.39432 5.81
      vertex -20.4034 -5.26317 5.81
    endloop
  endfacet
  facet normal -0.233108 0.930706 0.281862
    outer loop
      vertex -20.927 -5.39432 5.81
      vertex -20.8657 -5.13366 5
      vertex -20.9735 -5.16066 5
    endloop
  endfacet
  facet normal 0.822891 -0.49337 0.281845
    outer loop
      vertex -26.6405 2.48038 5
      vertex -26.4321 2.82797 5
      vertex -26.8506 2.59268 5.81
    endloop
  endfacet
  facet normal 0.823052 -0.493089 0.281866
    outer loop
      vertex -26.5731 3.05564 5.81
      vertex -26.4321 2.82797 5
      vertex -26.375 2.92328 5
    endloop
  endfacet
  facet normal 0.822933 -0.493269 0.281897
    outer loop
      vertex -26.4321 2.82797 5
      vertex -26.5731 3.05564 5.81
      vertex -26.8506 2.59268 5.81
    endloop
  endfacet
  facet normal 0.770655 -0.57152 0.281879
    outer loop
      vertex -26.5731 3.05564 5.81
      vertex -26.3088 3.01253 5
      vertex -26.2516 3.48916 5.81
    endloop
  endfacet
  facet normal 0.770608 -0.571588 0.281868
    outer loop
      vertex -26.3088 3.01253 5
      vertex -26.5731 3.05564 5.81
      vertex -26.375 2.92328 5
    endloop
  endfacet
  facet normal 0.958311 0.0471072 0.281819
    outer loop
      vertex -27.4735 -0.539094 5.81
      vertex -27.2419 -0.404753 5
      vertex -27.5 0 5.81
    endloop
  endfacet
  facet normal 0.958276 0.0474869 0.281872
    outer loop
      vertex -27.2419 -0.404753 5
      vertex -27.4735 -0.539094 5.81
      vertex -27.2364 -0.515742 5
    endloop
  endfacet
  facet normal 0.958311 0.0471161 0.281815
    outer loop
      vertex -27.2419 -0.404753 5
      vertex -27.2618 0 5
      vertex -27.5 0 5.81
    endloop
  endfacet
  facet normal 0.958311 -0.0471161 0.281815
    outer loop
      vertex -27.2618 0 5
      vertex -27.2419 0.404753 5
      vertex -27.5 0 5.81
    endloop
  endfacet
  facet normal 0.903198 -0.323711 0.28186
    outer loop
      vertex -27.0813 2.10476 5.81
      vertex -26.8987 1.90896 5
      vertex -26.8612 2.01359 5
    endloop
  endfacet
  facet normal 0.903347 -0.323341 0.281804
    outer loop
      vertex -26.8987 1.90896 5
      vertex -27.0813 2.10476 5.81
      vertex -27.2632 1.59657 5.81
    endloop
  endfacet
  facet normal 0.867385 -0.41012 0.28186
    outer loop
      vertex -27.0813 2.10476 5.81
      vertex -26.8137 2.11404 5
      vertex -26.8506 2.59268 5.81
    endloop
  endfacet
  facet normal 0.86737 -0.410155 0.281854
    outer loop
      vertex -26.8137 2.11404 5
      vertex -27.0813 2.10476 5.81
      vertex -26.8612 2.01359 5
    endloop
  endfacet
  facet normal 0.867402 -0.410094 0.281845
    outer loop
      vertex -26.8137 2.11404 5
      vertex -26.6405 2.48038 5
      vertex -26.8506 2.59268 5.81
    endloop
  endfacet
  facet normal -0.493236 -0.822967 0.281857
    outer loop
      vertex -19.172 4.43213 5
      vertex -19.4073 4.85057 5.81
      vertex -19.5196 4.64046 5
    endloop
  endfacet
  facet normal -0.770655 -0.57152 0.281879
    outer loop
      vertex -17.6912 3.01253 5
      vertex -17.4269 3.05564 5.81
      vertex -17.7484 3.48916 5.81
    endloop
  endfacet
  facet normal -0.770608 -0.571588 0.281868
    outer loop
      vertex -17.4269 3.05564 5.81
      vertex -17.6912 3.01253 5
      vertex -17.625 2.92328 5
    endloop
  endfacet
  facet normal -0.644529 -0.71077 0.281759
    outer loop
      vertex -18.2794 3.72063 5
      vertex -18.5108 4.25156 5.81
      vertex -18.3617 3.79526 5
    endloop
  endfacet
  facet normal -0.644347 -0.710885 0.281887
    outer loop
      vertex -18.5108 4.25156 5.81
      vertex -18.2794 3.72063 5
      vertex -18.1109 3.88909 5.81
    endloop
  endfacet
  facet normal 0.571806 0.770469 0.281808
    outer loop
      vertex -25.0125 -4.3088 5
      vertex -25.0556 -4.57308 5.81
      vertex -24.9233 -4.375 5
    endloop
  endfacet
  facet normal 0.571478 0.770692 0.281863
    outer loop
      vertex -25.0556 -4.57308 5.81
      vertex -25.0125 -4.3088 5
      vertex -25.4892 -4.25156 5.81
    endloop
  endfacet
  facet normal 0.770608 0.571588 0.281868
    outer loop
      vertex -26.5731 -3.05564 5.81
      vertex -26.3088 -3.01253 5
      vertex -26.375 -2.92328 5
    endloop
  endfacet
  facet normal 0.770655 0.57152 0.281879
    outer loop
      vertex -26.3088 -3.01253 5
      vertex -26.5731 -3.05564 5.81
      vertex -26.2516 -3.48916 5.81
    endloop
  endfacet
  facet normal 0.822933 0.493269 0.281897
    outer loop
      vertex -26.5731 -3.05564 5.81
      vertex -26.4321 -2.82797 5
      vertex -26.8506 -2.59268 5.81
    endloop
  endfacet
  facet normal 0.823052 0.493089 0.281866
    outer loop
      vertex -26.4321 -2.82797 5
      vertex -26.5731 -3.05564 5.81
      vertex -26.375 -2.92328 5
    endloop
  endfacet
  facet normal 0.0470707 0.958302 0.281855
    outer loop
      vertex -22.4048 -5.24188 5
      vertex -22.5391 -5.47352 5.81
      vertex -22 -5.5 5.81
    endloop
  endfacet
  facet normal 0.0470941 0.9583 0.281858
    outer loop
      vertex -22.5391 -5.47352 5.81
      vertex -22.4048 -5.24188 5
      vertex -22.5157 -5.23643 5
    endloop
  endfacet
  facet normal 0.0470628 0.958301 0.281859
    outer loop
      vertex -22 -5.5 5.81
      vertex -22 -5.26176 5
      vertex -22.4048 -5.24188 5
    endloop
  endfacet
  facet normal -0.493236 0.822967 0.281857
    outer loop
      vertex -19.4073 -4.85057 5.81
      vertex -19.172 -4.43213 5
      vertex -19.5196 -4.64046 5
    endloop
  endfacet
  facet normal -0.867402 0.410094 0.281845
    outer loop
      vertex -17.1494 -2.59268 5.81
      vertex -17.1863 -2.11404 5
      vertex -17.3595 -2.48038 5
    endloop
  endfacet
  facet normal -0.823052 0.493089 0.281866
    outer loop
      vertex -17.4269 -3.05564 5.81
      vertex -17.5679 -2.82797 5
      vertex -17.625 -2.92328 5
    endloop
  endfacet
  facet normal -0.822933 0.493269 0.281897
    outer loop
      vertex -17.5679 -2.82797 5
      vertex -17.4269 -3.05564 5.81
      vertex -17.1494 -2.59268 5.81
    endloop
  endfacet
  facet normal -0.958276 0.0474869 0.281872
    outer loop
      vertex -16.5265 -0.539094 5.81
      vertex -16.7581 -0.404753 5
      vertex -16.7636 -0.515742 5
    endloop
  endfacet
  facet normal -0.958311 0.0471072 0.281819
    outer loop
      vertex -16.7581 -0.404753 5
      vertex -16.5265 -0.539094 5.81
      vertex -16.5 0 5.81
    endloop
  endfacet
  facet normal -0.94909 0.140639 0.281868
    outer loop
      vertex -16.5265 -0.539094 5.81
      vertex -16.7636 -0.515742 5
      vertex -16.823 -0.916598 5
    endloop
  endfacet
  facet normal -0.0470628 0.958301 0.281859
    outer loop
      vertex -21.5952 -5.24188 5
      vertex -22 -5.26176 5
      vertex -22 -5.5 5.81
    endloop
  endfacet
  facet normal -0.0470941 0.9583 0.281858
    outer loop
      vertex -21.5952 -5.24188 5
      vertex -21.4609 -5.47352 5.81
      vertex -21.4843 -5.23643 5
    endloop
  endfacet
  facet normal -0.0470707 0.958302 0.281855
    outer loop
      vertex -21.4609 -5.47352 5.81
      vertex -21.5952 -5.24188 5
      vertex -22 -5.5 5.81
    endloop
  endfacet
  facet normal 0.770644 -0.571531 0.281887
    outer loop
      vertex -26.0674 3.33803 5
      vertex -26.2516 3.48916 5.81
      vertex -26.3088 3.01253 5
    endloop
  endfacet
  facet normal 0.493325 -0.822927 0.281818
    outer loop
      vertex -24.828 4.43213 5
      vertex -25.0556 4.57308 5.81
      vertex -24.9233 4.375 5
    endloop
  endfacet
  facet normal 0.493316 -0.822933 0.281816
    outer loop
      vertex -25.0556 4.57308 5.81
      vertex -24.828 4.43213 5
      vertex -24.5927 4.85057 5.81
    endloop
  endfacet
  facet normal 0.867402 0.410094 0.281845
    outer loop
      vertex -26.6405 -2.48038 5
      vertex -26.8137 -2.11404 5
      vertex -26.8506 -2.59268 5.81
    endloop
  endfacet
  facet normal 0.90338 0.323185 0.281879
    outer loop
      vertex -26.8987 -1.90896 5
      vertex -27.0352 -1.52741 5
      vertex -27.2632 -1.59657 5.81
    endloop
  endfacet
  facet normal 0.571529 0.770641 0.281897
    outer loop
      vertex -25.0125 -4.3088 5
      vertex -25.338 -4.0674 5
      vertex -25.4892 -4.25156 5.81
    endloop
  endfacet
  facet normal 0.644276 0.710943 0.281903
    outer loop
      vertex -25.4892 -4.25156 5.81
      vertex -25.338 -4.0674 5
      vertex -25.6383 -3.79526 5
    endloop
  endfacet
  facet normal -0.770644 0.571531 0.281887
    outer loop
      vertex -17.7484 -3.48916 5.81
      vertex -17.6912 -3.01253 5
      vertex -17.9326 -3.33803 5
    endloop
  endfacet
  facet normal -0.822891 0.49337 0.281845
    outer loop
      vertex -17.1494 -2.59268 5.81
      vertex -17.3595 -2.48038 5
      vertex -17.5679 -2.82797 5
    endloop
  endfacet
  facet normal -0.140848 0.949061 0.28186
    outer loop
      vertex -21.0834 -5.17697 5
      vertex -20.927 -5.39432 5.81
      vertex -20.9735 -5.16066 5
    endloop
  endfacet
  facet normal -0.140788 0.949072 0.281852
    outer loop
      vertex -20.927 -5.39432 5.81
      vertex -21.0834 -5.17697 5
      vertex -21.4609 -5.47352 5.81
    endloop
  endfacet
  facet normal 0.949098 -0.140739 0.281791
    outer loop
      vertex -27.3943 1.073 5.81
      vertex -27.177 0.916598 5
      vertex -27.1607 1.02652 5
    endloop
  endfacet
  facet normal 0.949088 -0.140788 0.281798
    outer loop
      vertex -27.177 0.916598 5
      vertex -27.3943 1.073 5.81
      vertex -27.4735 0.539094 5.81
    endloop
  endfacet
  facet normal 0.94909 -0.140639 0.281868
    outer loop
      vertex -27.2364 0.515742 5
      vertex -27.177 0.916598 5
      vertex -27.4735 0.539094 5.81
    endloop
  endfacet
  facet normal 0.930677 0.233202 0.28188
    outer loop
      vertex -27.0352 -1.52741 5
      vertex -27.1337 -1.13431 5
      vertex -27.2632 -1.59657 5.81
    endloop
  endfacet
  facet normal 0.930721 0.233134 0.281793
    outer loop
      vertex -27.3943 -1.073 5.81
      vertex -27.1337 -1.13431 5
      vertex -27.1607 -1.02652 5
    endloop
  endfacet
  facet normal 0.930738 0.233053 0.281805
    outer loop
      vertex -27.1337 -1.13431 5
      vertex -27.3943 -1.073 5.81
      vertex -27.2632 -1.59657 5.81
    endloop
  endfacet
  facet normal 0.233108 0.930706 0.281862
    outer loop
      vertex -23.1343 -5.13366 5
      vertex -23.073 -5.39432 5.81
      vertex -23.0265 -5.16066 5
    endloop
  endfacet
  facet normal 0.23312 0.930704 0.28186
    outer loop
      vertex -23.073 -5.39432 5.81
      vertex -23.1343 -5.13366 5
      vertex -23.5966 -5.26317 5.81
    endloop
  endfacet
  facet normal 0.140788 0.949072 0.281852
    outer loop
      vertex -22.9166 -5.17697 5
      vertex -23.073 -5.39432 5.81
      vertex -22.5391 -5.47352 5.81
    endloop
  endfacet
  facet normal 0.140848 0.949061 0.28186
    outer loop
      vertex -23.073 -5.39432 5.81
      vertex -22.9166 -5.17697 5
      vertex -23.0265 -5.16066 5
    endloop
  endfacet
  facet normal 0.644529 0.71077 0.281759
    outer loop
      vertex -25.7206 -3.72063 5
      vertex -25.4892 -4.25156 5.81
      vertex -25.6383 -3.79526 5
    endloop
  endfacet
  facet normal 0.644347 0.710885 0.281887
    outer loop
      vertex -25.4892 -4.25156 5.81
      vertex -25.7206 -3.72063 5
      vertex -25.8891 -3.88909 5.81
    endloop
  endfacet
  facet normal 0.493236 0.822967 0.281857
    outer loop
      vertex -24.5927 -4.85057 5.81
      vertex -24.4804 -4.64046 5
      vertex -24.828 -4.43213 5
    endloop
  endfacet
  facet normal 0.493316 0.822933 0.281816
    outer loop
      vertex -24.828 -4.43213 5
      vertex -25.0556 -4.57308 5.81
      vertex -24.5927 -4.85057 5.81
    endloop
  endfacet
  facet normal 0.493325 0.822927 0.281818
    outer loop
      vertex -25.0556 -4.57308 5.81
      vertex -24.828 -4.43213 5
      vertex -24.9233 -4.375 5
    endloop
  endfacet
  facet normal 0.410462 0.867222 0.281864
    outer loop
      vertex -24.114 -4.81372 5
      vertex -24.1048 -5.08134 5.81
      vertex -24.0136 -4.86124 5
    endloop
  endfacet
  facet normal 0.41023 0.86732 0.281899
    outer loop
      vertex -24.1048 -5.08134 5.81
      vertex -24.114 -4.81372 5
      vertex -24.5927 -4.85057 5.81
    endloop
  endfacet
  facet normal 0.410154 0.86737 0.281856
    outer loop
      vertex -24.114 -4.81372 5
      vertex -24.4804 -4.64046 5
      vertex -24.5927 -4.85057 5.81
    endloop
  endfacet
  facet normal 0.822891 0.49337 0.281845
    outer loop
      vertex -26.4321 -2.82797 5
      vertex -26.6405 -2.48038 5
      vertex -26.8506 -2.59268 5.81
    endloop
  endfacet
  facet normal 0.710652 0.644713 0.281635
    outer loop
      vertex -26.2516 -3.48916 5.81
      vertex -25.7206 -3.72063 5
      vertex -25.7953 -3.63829 5
    endloop
  endfacet
  facet normal 0.710881 0.644349 0.28189
    outer loop
      vertex -25.7206 -3.72063 5
      vertex -26.2516 -3.48916 5.81
      vertex -25.8891 -3.88909 5.81
    endloop
  endfacet
  facet normal 0.710951 0.644274 0.281884
    outer loop
      vertex -25.7953 -3.63829 5
      vertex -26.0674 -3.33803 5
      vertex -26.2516 -3.48916 5.81
    endloop
  endfacet
  facet normal -0.140763 0.949073 0.281864
    outer loop
      vertex -21.4609 -5.47352 5.81
      vertex -21.0834 -5.17697 5
      vertex -21.4843 -5.23643 5
    endloop
  endfacet
  facet normal 0.86737 0.410155 0.281854
    outer loop
      vertex -27.0813 -2.10476 5.81
      vertex -26.8137 -2.11404 5
      vertex -26.8612 -2.01359 5
    endloop
  endfacet
  facet normal 0.867385 0.41012 0.28186
    outer loop
      vertex -26.8137 -2.11404 5
      vertex -27.0813 -2.10476 5.81
      vertex -26.8506 -2.59268 5.81
    endloop
  endfacet
  facet normal 0.949088 0.140788 0.281798
    outer loop
      vertex -27.3943 -1.073 5.81
      vertex -27.177 -0.916598 5
      vertex -27.4735 -0.539094 5.81
    endloop
  endfacet
  facet normal 0.949098 0.140739 0.281791
    outer loop
      vertex -27.177 -0.916598 5
      vertex -27.3943 -1.073 5.81
      vertex -27.1607 -1.02652 5
    endloop
  endfacet
  facet normal 0.94909 0.140639 0.281868
    outer loop
      vertex -27.177 -0.916598 5
      vertex -27.2364 -0.515742 5
      vertex -27.4735 -0.539094 5.81
    endloop
  endfacet
  facet normal 0.233136 0.930697 0.281868
    outer loop
      vertex -23.1343 -5.13366 5
      vertex -23.5274 -5.03519 5
      vertex -23.5966 -5.26317 5.81
    endloop
  endfacet
  facet normal 0.32319 0.90338 0.281873
    outer loop
      vertex -23.5966 -5.26317 5.81
      vertex -23.5274 -5.03519 5
      vertex -23.909 -4.89867 5
    endloop
  endfacet
  facet normal 0.32322 0.903374 0.281859
    outer loop
      vertex -23.909 -4.89867 5
      vertex -24.1048 -5.08134 5.81
      vertex -23.5966 -5.26317 5.81
    endloop
  endfacet
  facet normal 0.323257 0.903359 0.281865
    outer loop
      vertex -24.1048 -5.08134 5.81
      vertex -23.909 -4.89867 5
      vertex -24.0136 -4.86124 5
    endloop
  endfacet
  facet normal 0.903347 0.323341 0.281804
    outer loop
      vertex -27.0813 -2.10476 5.81
      vertex -26.8987 -1.90896 5
      vertex -27.2632 -1.59657 5.81
    endloop
  endfacet
  facet normal 0.903198 0.323711 0.28186
    outer loop
      vertex -26.8987 -1.90896 5
      vertex -27.0813 -2.10476 5.81
      vertex -26.8612 -2.01359 5
    endloop
  endfacet
  facet normal 0.381589 0.0758714 0.921213
    outer loop
      vertex -21.4354 0.233868 5.61462
      vertex -21.7854 0 5.77886
      vertex -21.3889 0 5.61462
    endloop
  endfacet
  facet normal 0.912 0.210577 0.352014
    outer loop
      vertex -20.9715 0.0753822 5
      vertex -21.1545 0.350233 5.3097
      vertex -21.155 0.350008 5.31113
    endloop
  endfacet
  facet normal 0.908578 0.180451 0.376728
    outer loop
      vertex -21.1545 0.350233 5.3097
      vertex -20.9715 0.0753822 5
      vertex -20.9778 0.107103 5
    endloop
  endfacet
  facet normal 0.700207 0.139238 0.70023
    outer loop
      vertex -21.155 0.350008 5.31113
      vertex -21.3889 0 5.61462
      vertex -21.0854 0 5.31113
    endloop
  endfacet
  facet normal -0.381589 0.0758714 0.921213
    outer loop
      vertex -22.5646 0.233868 5.61462
      vertex -22.6111 0 5.61462
      vertex -22.2146 0 5.77886
    endloop
  endfacet
  facet normal 0.700207 -0.139238 0.70023
    outer loop
      vertex -21.0854 0 5.31113
      vertex -21.3889 0 5.61462
      vertex -21.155 -0.350008 5.31113
    endloop
  endfacet
  facet normal -0.075919 -0.381547 0.921227
    outer loop
      vertex -22.0821 -0.198263 5.77886
      vertex -22.2339 -0.564608 5.61462
      vertex -22 -0.214599 5.77886
    endloop
  endfacet
  facet normal -0.908748 -0.180667 0.376213
    outer loop
      vertex -22.8899 -0.124163 5.31113
      vertex -22.8899 -0.282776 5.23496
      vertex -22.845 -0.350008 5.31113
    endloop
  endfacet
  facet normal 0.593621 0.396591 0.700236
    outer loop
      vertex -21.4354 0.233868 5.61462
      vertex -21.1631 0.36214 5.31113
      vertex -21.3568 0.628783 5.32432
    endloop
  endfacet
  facet normal 0.593726 0.396405 0.700252
    outer loop
      vertex -21.1631 0.36214 5.31113
      vertex -21.4354 0.233868 5.61462
      vertex -21.155 0.350008 5.31113
    endloop
  endfacet
  facet normal 0.381659 -0.0757529 0.921194
    outer loop
      vertex -21.7854 0 5.77886
      vertex -21.8017 -0.0821228 5.77886
      vertex -21.4354 -0.233868 5.61462
    endloop
  endfacet
  facet normal -0.593575 0.396687 0.70022
    outer loop
      vertex -22.6467 0.646731 5.31113
      vertex -22.845 0.350008 5.31113
      vertex -22.5646 0.233868 5.61462
    endloop
  endfacet
  facet normal 0.700218 0.139224 0.700223
    outer loop
      vertex -21.155 0.350008 5.31113
      vertex -21.4354 0.233868 5.61462
      vertex -21.3889 0 5.61462
    endloop
  endfacet
  facet normal 0.0758873 0.381565 0.921221
    outer loop
      vertex -22 0.611127 5.61462
      vertex -22 0.214599 5.77886
      vertex -21.7661 0.564608 5.61462
    endloop
  endfacet
  facet normal -0.908747 -0.180659 0.37622
    outer loop
      vertex -22.8899 -0.282776 5.23496
      vertex -22.8899 -0.368616 5.19374
      vertex -22.845 -0.350008 5.31113
    endloop
  endfacet
  facet normal 0.323445 -0.216159 0.921227
    outer loop
      vertex -21.4354 -0.233868 5.61462
      vertex -21.8483 -0.151744 5.77886
      vertex -21.5679 -0.432132 5.61462
    endloop
  endfacet
  facet normal 0.139265 0.700231 0.700202
    outer loop
      vertex -21.65 0.844995 5.31113
      vertex -22 0.611127 5.61462
      vertex -21.7661 0.564608 5.61462
    endloop
  endfacet
  facet normal 0.323445 0.216159 0.921227
    outer loop
      vertex -21.5679 0.432132 5.61462
      vertex -21.8483 0.151744 5.77886
      vertex -21.4354 0.233868 5.61462
    endloop
  endfacet
  facet normal -0.700228 0.139211 0.700215
    outer loop
      vertex -22.8899 0.124163 5.31113
      vertex -22.6111 0 5.61462
      vertex -22.845 0.350008 5.31113
    endloop
  endfacet
  facet normal -0.700219 0.13924 0.700219
    outer loop
      vertex -22.6111 0 5.61462
      vertex -22.8899 0.124163 5.31113
      vertex -22.8899 0 5.33582
    endloop
  endfacet
  facet normal 0.492856 0.774931 0.395697
    outer loop
      vertex -21.6007 0.964058 5
      vertex -21.4909 0.813358 5.15837
      vertex -21.6002 0.96374 5
    endloop
  endfacet
  facet normal 0.514568 0.770434 0.376365
    outer loop
      vertex -21.4909 0.813358 5.15837
      vertex -21.6007 0.964058 5
      vertex -21.65 0.844995 5.31113
    endloop
  endfacet
  facet normal 0.780786 0.514832 0.354007
    outer loop
      vertex -21.1545 0.350233 5.3097
      vertex -21.1553 0.35135 5.30984
      vertex -21.155 0.350008 5.31113
    endloop
  endfacet
  facet normal 0.18073 0.908672 0.376367
    outer loop
      vertex -21.6007 0.964058 5
      vertex -21.8559 0.98255 5.0779
      vertex -21.65 0.844995 5.31113
    endloop
  endfacet
  facet normal 0.180716 0.908695 0.376317
    outer loop
      vertex -21.8559 0.98255 5.0779
      vertex -21.6007 0.964058 5
      vertex -21.7943 1.00256 5
    endloop
  endfacet
  facet normal -0.216174 -0.323431 0.921228
    outer loop
      vertex -22.1517 -0.151744 5.77886
      vertex -22.2339 -0.564608 5.61462
      vertex -22.0821 -0.198263 5.77886
    endloop
  endfacet
  facet normal -0.770033 -0.514905 0.376725
    outer loop
      vertex -22.7062 -0.706243 5.10794
      vertex -22.845 -0.350008 5.31113
      vertex -22.7806 -0.673952 5
    endloop
  endfacet
  facet normal -0.769028 -0.517466 0.375266
    outer loop
      vertex -22.7062 -0.706243 5.10794
      vertex -22.7806 -0.673952 5
      vertex -22.7736 -0.684355 5
    endloop
  endfacet
  facet normal -0.770298 -0.51479 0.376342
    outer loop
      vertex -22.845 -0.350008 5.31113
      vertex -22.7062 -0.706243 5.10794
      vertex -22.6467 -0.646731 5.31113
    endloop
  endfacet
  facet normal -0.381659 -0.0757529 0.921194
    outer loop
      vertex -22.2146 0 5.77886
      vertex -22.5646 -0.233868 5.61462
      vertex -22.1983 -0.0821228 5.77886
    endloop
  endfacet
  facet normal 0.908627 -0.180804 0.376441
    outer loop
      vertex -21.0854 0 5.31113
      vertex -20.9715 -0.0753822 5
      vertex -20.9565 0 5
    endloop
  endfacet
  facet normal 0.908657 -0.180689 0.376424
    outer loop
      vertex -20.9715 -0.0753822 5
      vertex -21.0854 0 5.31113
      vertex -21.155 -0.350008 5.31113
    endloop
  endfacet
  facet normal 0.908657 0.180689 0.376424
    outer loop
      vertex -21.0854 0 5.31113
      vertex -20.9715 0.0753822 5
      vertex -21.155 0.350008 5.31113
    endloop
  endfacet
  facet normal 0.908627 0.180804 0.376441
    outer loop
      vertex -20.9715 0.0753822 5
      vertex -21.0854 0 5.31113
      vertex -20.9565 0 5
    endloop
  endfacet
  facet normal 0.912 -0.210577 0.352014
    outer loop
      vertex -21.1545 -0.350233 5.3097
      vertex -20.9715 -0.0753822 5
      vertex -21.155 -0.350008 5.31113
    endloop
  endfacet
  facet normal 0.908578 -0.180451 0.376728
    outer loop
      vertex -20.9715 -0.0753822 5
      vertex -21.1545 -0.350233 5.3097
      vertex -20.9778 -0.107103 5
    endloop
  endfacet
  facet normal 0.780786 -0.514832 0.354007
    outer loop
      vertex -21.155 -0.350008 5.31113
      vertex -21.1553 -0.35135 5.30984
      vertex -21.1545 -0.350233 5.3097
    endloop
  endfacet
  facet normal 0.216179 0.32343 0.921227
    outer loop
      vertex -21.7661 0.564608 5.61462
      vertex -21.8483 0.151744 5.77886
      vertex -21.5679 0.432132 5.61462
    endloop
  endfacet
  facet normal 0.39659 0.593671 0.700194
    outer loop
      vertex -21.7661 0.564608 5.61462
      vertex -21.3855 0.668301 5.31113
      vertex -21.65 0.844995 5.31113
    endloop
  endfacet
  facet normal 0.397148 0.592817 0.700601
    outer loop
      vertex -21.3855 0.668301 5.31113
      vertex -21.7661 0.564608 5.61462
      vertex -21.3678 0.643845 5.32179
    endloop
  endfacet
  facet normal -0.396723 0.593546 0.700224
    outer loop
      vertex -22.2339 0.564608 5.61462
      vertex -22.6467 0.646731 5.31113
      vertex -22.4321 0.432132 5.61462
    endloop
  endfacet
  facet normal -0.700219 -0.13924 0.700219
    outer loop
      vertex -22.8899 -0.124163 5.31113
      vertex -22.6111 0 5.61462
      vertex -22.8899 0 5.33582
    endloop
  endfacet
  facet normal -0.700228 -0.139211 0.700215
    outer loop
      vertex -22.6111 0 5.61462
      vertex -22.8899 -0.124163 5.31113
      vertex -22.845 -0.350008 5.31113
    endloop
  endfacet
  facet normal 0.514624 0.770361 0.376439
    outer loop
      vertex -21.4909 0.813358 5.15837
      vertex -21.65 0.844995 5.31113
      vertex -21.3855 0.668301 5.31113
    endloop
  endfacet
  facet normal 0.776333 0.518323 0.358674
    outer loop
      vertex -21.1553 0.35135 5.30984
      vertex -21.1631 0.36214 5.31113
      vertex -21.155 0.350008 5.31113
    endloop
  endfacet
  facet normal -0.323372 -0.216444 0.921185
    outer loop
      vertex -22.1983 -0.0821228 5.77886
      vertex -22.5646 -0.233868 5.61462
      vertex -22.1517 -0.151744 5.77886
    endloop
  endfacet
  facet normal 0.700218 -0.139224 0.700223
    outer loop
      vertex -21.3889 0 5.61462
      vertex -21.4354 -0.233868 5.61462
      vertex -21.155 -0.350008 5.31113
    endloop
  endfacet
  facet normal 0.381589 -0.0758714 0.921213
    outer loop
      vertex -21.3889 0 5.61462
      vertex -21.7854 0 5.77886
      vertex -21.4354 -0.233868 5.61462
    endloop
  endfacet
  facet normal 0.180749 -0.908663 0.37638
    outer loop
      vertex -22 -0.935716 5.26019
      vertex -21.65 -0.844995 5.31113
      vertex -22 -0.914616 5.31113
    endloop
  endfacet
  facet normal 0.180757 -0.908676 0.376345
    outer loop
      vertex -21.65 -0.844995 5.31113
      vertex -22 -0.935716 5.26019
      vertex -21.8559 -0.98255 5.0779
    endloop
  endfacet
  facet normal 0.139285 -0.700215 0.700213
    outer loop
      vertex -22 -0.611127 5.61462
      vertex -22 -0.914616 5.31113
      vertex -21.65 -0.844995 5.31113
    endloop
  endfacet
  facet normal -0.908747 0.180659 0.37622
    outer loop
      vertex -22.8899 0.368616 5.19374
      vertex -22.8899 0.282776 5.23496
      vertex -22.845 0.350008 5.31113
    endloop
  endfacet
  facet normal 0.323372 0.216444 0.921185
    outer loop
      vertex -21.4354 0.233868 5.61462
      vertex -21.8483 0.151744 5.77886
      vertex -21.8017 0.0821228 5.77886
    endloop
  endfacet
  facet normal 0.381659 0.0757529 0.921194
    outer loop
      vertex -21.4354 0.233868 5.61462
      vertex -21.8017 0.0821228 5.77886
      vertex -21.7854 0 5.77886
    endloop
  endfacet
  facet normal 0.180749 0.908663 0.37638
    outer loop
      vertex -21.65 0.844995 5.31113
      vertex -22 0.935716 5.26019
      vertex -22 0.914616 5.31113
    endloop
  endfacet
  facet normal 0.180757 0.908676 0.376345
    outer loop
      vertex -22 0.935716 5.26019
      vertex -21.65 0.844995 5.31113
      vertex -21.8559 0.98255 5.0779
    endloop
  endfacet
  facet normal -0.323372 0.216444 0.921185
    outer loop
      vertex -22.1517 0.151744 5.77886
      vertex -22.5646 0.233868 5.61462
      vertex -22.1983 0.0821228 5.77886
    endloop
  endfacet
  facet normal 0.396189 0.593973 0.700165
    outer loop
      vertex -21.3678 0.643845 5.32179
      vertex -21.5679 0.432132 5.61462
      vertex -21.3629 0.637111 5.32473
    endloop
  endfacet
  facet normal 0.396724 0.593547 0.700223
    outer loop
      vertex -21.5679 0.432132 5.61462
      vertex -21.3678 0.643845 5.32179
      vertex -21.7661 0.564608 5.61462
    endloop
  endfacet
  facet normal 0.591717 0.398927 0.70052
    outer loop
      vertex -21.5679 0.432132 5.61462
      vertex -21.3568 0.628783 5.32432
      vertex -21.3629 0.637111 5.32473
    endloop
  endfacet
  facet normal 0.59352 0.39665 0.700288
    outer loop
      vertex -21.3568 0.628783 5.32432
      vertex -21.5679 0.432132 5.61462
      vertex -21.4354 0.233868 5.61462
    endloop
  endfacet
  facet normal -0.396723 -0.593546 0.700224
    outer loop
      vertex -22.4321 -0.432132 5.61462
      vertex -22.6467 -0.646731 5.31113
      vertex -22.2339 -0.564608 5.61462
    endloop
  endfacet
  facet normal -0.593575 -0.396687 0.70022
    outer loop
      vertex -22.5646 -0.233868 5.61462
      vertex -22.845 -0.350008 5.31113
      vertex -22.6467 -0.646731 5.31113
    endloop
  endfacet
  facet normal 0.139265 -0.700231 0.700202
    outer loop
      vertex -21.7661 -0.564608 5.61462
      vertex -22 -0.611127 5.61462
      vertex -21.65 -0.844995 5.31113
    endloop
  endfacet
  facet normal 0.59352 -0.39665 0.700288
    outer loop
      vertex -21.5679 -0.432132 5.61462
      vertex -21.3568 -0.628783 5.32432
      vertex -21.4354 -0.233868 5.61462
    endloop
  endfacet
  facet normal 0.591717 -0.398927 0.70052
    outer loop
      vertex -21.3568 -0.628783 5.32432
      vertex -21.5679 -0.432132 5.61462
      vertex -21.3629 -0.637111 5.32473
    endloop
  endfacet
  facet normal 0.514568 -0.770434 0.376365
    outer loop
      vertex -21.6007 -0.964058 5
      vertex -21.4909 -0.813358 5.15837
      vertex -21.65 -0.844995 5.31113
    endloop
  endfacet
  facet normal 0.492856 -0.774931 0.395697
    outer loop
      vertex -21.4909 -0.813358 5.15837
      vertex -21.6007 -0.964058 5
      vertex -21.6002 -0.96374 5
    endloop
  endfacet
  facet normal 0.216179 -0.32343 0.921227
    outer loop
      vertex -21.5679 -0.432132 5.61462
      vertex -21.8483 -0.151744 5.77886
      vertex -21.7661 -0.564608 5.61462
    endloop
  endfacet
  facet normal -0.7705 -0.514551 0.376254
    outer loop
      vertex -22.7806 -0.673952 5
      vertex -22.8899 -0.368616 5.19374
      vertex -22.8899 -0.510284 5
    endloop
  endfacet
  facet normal -0.770491 -0.514556 0.376266
    outer loop
      vertex -22.8899 -0.368616 5.19374
      vertex -22.7806 -0.673952 5
      vertex -22.845 -0.350008 5.31113
    endloop
  endfacet
  facet normal -0.396664 -0.593643 0.700175
    outer loop
      vertex -22.2339 -0.564608 5.61462
      vertex -22.417 -0.800216 5.31113
      vertex -22.3416 -0.82472 5.33307
    endloop
  endfacet
  facet normal -0.396669 -0.59364 0.700176
    outer loop
      vertex -22.417 -0.800216 5.31113
      vertex -22.2339 -0.564608 5.61462
      vertex -22.6467 -0.646731 5.31113
    endloop
  endfacet
  facet normal -0.700218 -0.139224 0.700223
    outer loop
      vertex -22.6111 0 5.61462
      vertex -22.845 -0.350008 5.31113
      vertex -22.5646 -0.233868 5.61462
    endloop
  endfacet
  facet normal -0.908748 0.180667 0.376213
    outer loop
      vertex -22.8899 0.282776 5.23496
      vertex -22.8899 0.124163 5.31113
      vertex -22.845 0.350008 5.31113
    endloop
  endfacet
  facet normal -0.381589 -0.0758714 0.921213
    outer loop
      vertex -22.2146 0 5.77886
      vertex -22.6111 0 5.61462
      vertex -22.5646 -0.233868 5.61462
    endloop
  endfacet
  facet normal -0.075919 0.381547 0.921227
    outer loop
      vertex -22 0.214599 5.77886
      vertex -22.2339 0.564608 5.61462
      vertex -22.0821 0.198263 5.77886
    endloop
  endfacet
  facet normal -0.7705 0.514551 0.376254
    outer loop
      vertex -22.8899 0.368616 5.19374
      vertex -22.7806 0.673952 5
      vertex -22.8899 0.510284 5
    endloop
  endfacet
  facet normal -0.770491 0.514556 0.376266
    outer loop
      vertex -22.7806 0.673952 5
      vertex -22.8899 0.368616 5.19374
      vertex -22.845 0.350008 5.31113
    endloop
  endfacet
  facet normal -0.180792 0.908655 0.376377
    outer loop
      vertex -22 0.935716 5.26019
      vertex -22.1674 0.881309 5.31113
      vertex -22 0.914616 5.31113
    endloop
  endfacet
  facet normal 0.139285 0.700215 0.700213
    outer loop
      vertex -22 0.914616 5.31113
      vertex -22 0.611127 5.61462
      vertex -21.65 0.844995 5.31113
    endloop
  endfacet
  facet normal 0.323372 -0.216444 0.921185
    outer loop
      vertex -21.8017 -0.0821228 5.77886
      vertex -21.8483 -0.151744 5.77886
      vertex -21.4354 -0.233868 5.61462
    endloop
  endfacet
  facet normal 0.396189 -0.593973 0.700165
    outer loop
      vertex -21.5679 -0.432132 5.61462
      vertex -21.3678 -0.643845 5.32179
      vertex -21.3629 -0.637111 5.32473
    endloop
  endfacet
  facet normal 0.396724 -0.593547 0.700223
    outer loop
      vertex -21.3678 -0.643845 5.32179
      vertex -21.5679 -0.432132 5.61462
      vertex -21.7661 -0.564608 5.61462
    endloop
  endfacet
  facet normal 0.514624 -0.770361 0.376439
    outer loop
      vertex -21.3855 -0.668301 5.31113
      vertex -21.65 -0.844995 5.31113
      vertex -21.4909 -0.813358 5.15837
    endloop
  endfacet
  facet normal 0.075919 -0.381547 0.921227
    outer loop
      vertex -21.9179 -0.198263 5.77886
      vertex -22 -0.214599 5.77886
      vertex -21.7661 -0.564608 5.61462
    endloop
  endfacet
  facet normal 0.216174 -0.323431 0.921228
    outer loop
      vertex -21.8483 -0.151744 5.77886
      vertex -21.9179 -0.198263 5.77886
      vertex -21.7661 -0.564608 5.61462
    endloop
  endfacet
  facet normal -0.216179 -0.32343 0.921227
    outer loop
      vertex -22.1517 -0.151744 5.77886
      vertex -22.4321 -0.432132 5.61462
      vertex -22.2339 -0.564608 5.61462
    endloop
  endfacet
  facet normal -0.139303 -0.700218 0.700206
    outer loop
      vertex -22.1674 -0.881309 5.31113
      vertex -22 -0.611127 5.61462
      vertex -22.3268 -0.829518 5.33121
    endloop
  endfacet
  facet normal -0.139319 -0.700212 0.70021
    outer loop
      vertex -22 -0.611127 5.61462
      vertex -22.1674 -0.881309 5.31113
      vertex -22 -0.914616 5.31113
    endloop
  endfacet
  facet normal 0.397148 -0.592817 0.700601
    outer loop
      vertex -21.7661 -0.564608 5.61462
      vertex -21.3855 -0.668301 5.31113
      vertex -21.3678 -0.643845 5.32179
    endloop
  endfacet
  facet normal 0.39659 -0.593671 0.700194
    outer loop
      vertex -21.3855 -0.668301 5.31113
      vertex -21.7661 -0.564608 5.61462
      vertex -21.65 -0.844995 5.31113
    endloop
  endfacet
  facet normal 0.0758873 -0.381565 0.921221
    outer loop
      vertex -22 -0.214599 5.77886
      vertex -22 -0.611127 5.61462
      vertex -21.7661 -0.564608 5.61462
    endloop
  endfacet
  facet normal 0.180716 -0.908695 0.376317
    outer loop
      vertex -21.6007 -0.964058 5
      vertex -21.8559 -0.98255 5.0779
      vertex -21.7943 -1.00256 5
    endloop
  endfacet
  facet normal 0.18073 -0.908672 0.376367
    outer loop
      vertex -21.8559 -0.98255 5.0779
      vertex -21.6007 -0.964058 5
      vertex -21.65 -0.844995 5.31113
    endloop
  endfacet
  facet normal -0.514733 -0.770331 0.37635
    outer loop
      vertex -22.6467 -0.646731 5.31113
      vertex -22.7062 -0.706243 5.10794
      vertex -22.417 -0.800216 5.31113
    endloop
  endfacet
  facet normal -0.700218 0.139224 0.700223
    outer loop
      vertex -22.5646 0.233868 5.61462
      vertex -22.845 0.350008 5.31113
      vertex -22.6111 0 5.61462
    endloop
  endfacet
  facet normal -0.396664 0.593643 0.700175
    outer loop
      vertex -22.417 0.800216 5.31113
      vertex -22.2339 0.564608 5.61462
      vertex -22.3416 0.82472 5.33307
    endloop
  endfacet
  facet normal -0.396669 0.59364 0.700176
    outer loop
      vertex -22.2339 0.564608 5.61462
      vertex -22.417 0.800216 5.31113
      vertex -22.6467 0.646731 5.31113
    endloop
  endfacet
  facet normal -0.593575 0.396687 0.70022
    outer loop
      vertex -22.4321 0.432132 5.61462
      vertex -22.6467 0.646731 5.31113
      vertex -22.5646 0.233868 5.61462
    endloop
  endfacet
  facet normal -0.216179 0.32343 0.921227
    outer loop
      vertex -22.2339 0.564608 5.61462
      vertex -22.4321 0.432132 5.61462
      vertex -22.1517 0.151744 5.77886
    endloop
  endfacet
  facet normal -0.323445 0.216159 0.921227
    outer loop
      vertex -22.4321 0.432132 5.61462
      vertex -22.5646 0.233868 5.61462
      vertex -22.1517 0.151744 5.77886
    endloop
  endfacet
  facet normal 0.216174 0.323431 0.921228
    outer loop
      vertex -21.7661 0.564608 5.61462
      vertex -21.9179 0.198263 5.77886
      vertex -21.8483 0.151744 5.77886
    endloop
  endfacet
  facet normal -0.0758873 0.381565 0.921221
    outer loop
      vertex -22 0.611127 5.61462
      vertex -22.2339 0.564608 5.61462
      vertex -22 0.214599 5.77886
    endloop
  endfacet
  facet normal -0.514733 0.770331 0.37635
    outer loop
      vertex -22.417 0.800216 5.31113
      vertex -22.7062 0.706243 5.10794
      vertex -22.6467 0.646731 5.31113
    endloop
  endfacet
  facet normal -0.769028 0.517466 0.375266
    outer loop
      vertex -22.7806 0.673952 5
      vertex -22.7062 0.706243 5.10794
      vertex -22.7736 0.684355 5
    endloop
  endfacet
  facet normal -0.770033 0.514905 0.376725
    outer loop
      vertex -22.845 0.350008 5.31113
      vertex -22.7062 0.706243 5.10794
      vertex -22.7806 0.673952 5
    endloop
  endfacet
  facet normal -0.770298 0.51479 0.376342
    outer loop
      vertex -22.7062 0.706243 5.10794
      vertex -22.845 0.350008 5.31113
      vertex -22.6467 0.646731 5.31113
    endloop
  endfacet
  facet normal -0.0758873 -0.381565 0.921221
    outer loop
      vertex -22 -0.214599 5.77886
      vertex -22.2339 -0.564608 5.61462
      vertex -22 -0.611127 5.61462
    endloop
  endfacet
  facet normal -0.139268 -0.700245 0.700187
    outer loop
      vertex -22.2339 -0.564608 5.61462
      vertex -22.3268 -0.829518 5.33121
      vertex -22 -0.611127 5.61462
    endloop
  endfacet
  facet normal -0.139038 -0.700308 0.70017
    outer loop
      vertex -22.3268 -0.829518 5.33121
      vertex -22.2339 -0.564608 5.61462
      vertex -22.3416 -0.82472 5.33307
    endloop
  endfacet
  facet normal -0.323445 -0.216159 0.921227
    outer loop
      vertex -22.1517 -0.151744 5.77886
      vertex -22.5646 -0.233868 5.61462
      vertex -22.4321 -0.432132 5.61462
    endloop
  endfacet
  facet normal -0.593575 -0.396687 0.70022
    outer loop
      vertex -22.5646 -0.233868 5.61462
      vertex -22.6467 -0.646731 5.31113
      vertex -22.4321 -0.432132 5.61462
    endloop
  endfacet
  facet normal -0.180792 -0.908655 0.376377
    outer loop
      vertex -22 -0.914616 5.31113
      vertex -22.1674 -0.881309 5.31113
      vertex -22 -0.935716 5.26019
    endloop
  endfacet
  facet normal 0.776333 -0.518323 0.358674
    outer loop
      vertex -21.155 -0.350008 5.31113
      vertex -21.1631 -0.36214 5.31113
      vertex -21.1553 -0.35135 5.30984
    endloop
  endfacet
  facet normal 0.593726 -0.396405 0.700252
    outer loop
      vertex -21.4354 -0.233868 5.61462
      vertex -21.1631 -0.36214 5.31113
      vertex -21.155 -0.350008 5.31113
    endloop
  endfacet
  facet normal 0.593621 -0.396591 0.700236
    outer loop
      vertex -21.1631 -0.36214 5.31113
      vertex -21.4354 -0.233868 5.61462
      vertex -21.3568 -0.628783 5.32432
    endloop
  endfacet
  facet normal 0 0 1
    outer loop
      vertex -21.8017 0.0821228 5.77886
      vertex -21.8017 -0.0821228 5.77886
      vertex -21.7854 0 5.77886
    endloop
  endfacet
  facet normal 0 0 1
    outer loop
      vertex -21.8483 0.151744 5.77886
      vertex -21.8017 -0.0821228 5.77886
      vertex -21.8017 0.0821228 5.77886
    endloop
  endfacet
  facet normal 0 0 1
    outer loop
      vertex -21.8483 0.151744 5.77886
      vertex -21.8483 -0.151744 5.77886
      vertex -21.8017 -0.0821228 5.77886
    endloop
  endfacet
  facet normal 0 0 1
    outer loop
      vertex -21.9179 0.198263 5.77886
      vertex -21.8483 -0.151744 5.77886
      vertex -21.8483 0.151744 5.77886
    endloop
  endfacet
  facet normal 0 0 1
    outer loop
      vertex -21.9179 0.198263 5.77886
      vertex -21.9179 -0.198263 5.77886
      vertex -21.8483 -0.151744 5.77886
    endloop
  endfacet
  facet normal 0 0 1
    outer loop
      vertex -22 0.214599 5.77886
      vertex -21.9179 -0.198263 5.77886
      vertex -21.9179 0.198263 5.77886
    endloop
  endfacet
  facet normal 0 0 1
    outer loop
      vertex -22 0.214599 5.77886
      vertex -22 -0.214599 5.77886
      vertex -21.9179 -0.198263 5.77886
    endloop
  endfacet
  facet normal -0 0 1
    outer loop
      vertex -22.0821 0.198263 5.77886
      vertex -22 -0.214599 5.77886
      vertex -22 0.214599 5.77886
    endloop
  endfacet
  facet normal 0 0 1
    outer loop
      vertex -22.0821 0.198263 5.77886
      vertex -22.0821 -0.198263 5.77886
      vertex -22 -0.214599 5.77886
    endloop
  endfacet
  facet normal -0 0 1
    outer loop
      vertex -22.1517 0.151744 5.77886
      vertex -22.0821 -0.198263 5.77886
      vertex -22.0821 0.198263 5.77886
    endloop
  endfacet
  facet normal 0 0 1
    outer loop
      vertex -22.1517 0.151744 5.77886
      vertex -22.1517 -0.151744 5.77886
      vertex -22.0821 -0.198263 5.77886
    endloop
  endfacet
  facet normal -0 0 1
    outer loop
      vertex -22.1983 0.0821228 5.77886
      vertex -22.1517 -0.151744 5.77886
      vertex -22.1517 0.151744 5.77886
    endloop
  endfacet
  facet normal 0 0 1
    outer loop
      vertex -22.1983 0.0821228 5.77886
      vertex -22.1983 -0.0821228 5.77886
      vertex -22.1517 -0.151744 5.77886
    endloop
  endfacet
  facet normal 0 -0 1
    outer loop
      vertex -22.1983 -0.0821228 5.77886
      vertex -22.1983 0.0821228 5.77886
      vertex -22.2146 0 5.77886
    endloop
  endfacet
  facet normal -0.381659 0.0757529 0.921194
    outer loop
      vertex -22.1983 0.0821228 5.77886
      vertex -22.5646 0.233868 5.61462
      vertex -22.2146 0 5.77886
    endloop
  endfacet
  facet normal -0.216174 0.323431 0.921228
    outer loop
      vertex -22.0821 0.198263 5.77886
      vertex -22.2339 0.564608 5.61462
      vertex -22.1517 0.151744 5.77886
    endloop
  endfacet
  facet normal 0.075919 0.381547 0.921227
    outer loop
      vertex -21.7661 0.564608 5.61462
      vertex -22 0.214599 5.77886
      vertex -21.9179 0.198263 5.77886
    endloop
  endfacet
  facet normal -0.139319 0.700212 0.70021
    outer loop
      vertex -22.1674 0.881309 5.31113
      vertex -22 0.611127 5.61462
      vertex -22 0.914616 5.31113
    endloop
  endfacet
  facet normal -0.139303 0.700218 0.700206
    outer loop
      vertex -22 0.611127 5.61462
      vertex -22.1674 0.881309 5.31113
      vertex -22.3268 0.829518 5.33121
    endloop
  endfacet
  facet normal -0.139268 0.700245 0.700187
    outer loop
      vertex -22.3268 0.829518 5.33121
      vertex -22.2339 0.564608 5.61462
      vertex -22 0.611127 5.61462
    endloop
  endfacet
  facet normal -0.139038 0.700308 0.70017
    outer loop
      vertex -22.2339 0.564608 5.61462
      vertex -22.3268 0.829518 5.33121
      vertex -22.3416 0.82472 5.33307
    endloop
  endfacet
  facet normal 0.809193 0.587543 -0.000404511
    outer loop
      vertex -21.3568 0.628783 5.32432
      vertex -21.4909 0.813358 5.15837
      vertex -21.3855 0.668301 5.31113
    endloop
  endfacet
  facet normal 0.805826 0.591824 0.019749
    outer loop
      vertex -21.3568 0.628783 5.32432
      vertex -21.3855 0.668301 5.31113
      vertex -21.3678 0.643845 5.32179
    endloop
  endfacet
  facet normal 0.806899 0.590635 0.00800228
    outer loop
      vertex -21.3568 0.628783 5.32432
      vertex -21.3678 0.643845 5.32179
      vertex -21.3629 0.637111 5.32473
    endloop
  endfacet
  facet normal 0.809055 0.587733 -8.05659e-05
    outer loop
      vertex -21.1631 0.36214 5.31113
      vertex -21.4909 0.813358 5.15837
      vertex -21.3568 0.628783 5.32432
    endloop
  endfacet
  facet normal 0.809035 0.587761 4.31559e-05
    outer loop
      vertex -21.4909 0.813358 5.15837
      vertex -21.1631 0.36214 5.31113
      vertex -20.9778 0.107103 5
    endloop
  endfacet
  facet normal 0.810572 0.585633 0.00270318
    outer loop
      vertex -20.9778 0.107103 5
      vertex -21.1631 0.36214 5.31113
      vertex -21.1553 0.35135 5.30984
    endloop
  endfacet
  facet normal 0.813416 0.581634 0.0074846
    outer loop
      vertex -20.9778 0.107103 5
      vertex -21.1553 0.35135 5.30984
      vertex -21.1545 0.350233 5.3097
    endloop
  endfacet
  facet normal 0.809009 0.587796 -0.000194804
    outer loop
      vertex -21.4909 0.813358 5.15837
      vertex -20.9778 0.107103 5
      vertex -21.6002 0.96374 5
    endloop
  endfacet
  facet normal -1 0 0
    outer loop
      vertex -22.8899 0.510284 5
      vertex -22.8899 0.282776 5.23496
      vertex -22.8899 0.368616 5.19374
    endloop
  endfacet
  facet normal -1 0 0
    outer loop
      vertex -22.8899 -0.282776 5.23496
      vertex -22.8899 0.282776 5.23496
      vertex -22.8899 0.510284 5
    endloop
  endfacet
  facet normal -1 0 0
    outer loop
      vertex -22.8899 0.282776 5.23496
      vertex -22.8899 -0.282776 5.23496
      vertex -22.8899 0.124163 5.31113
    endloop
  endfacet
  facet normal -1 0 0
    outer loop
      vertex -22.8899 0.124163 5.31113
      vertex -22.8899 -0.124163 5.31113
      vertex -22.8899 0 5.33582
    endloop
  endfacet
  facet normal -1 -0 0
    outer loop
      vertex -22.8899 0.124163 5.31113
      vertex -22.8899 -0.282776 5.23496
      vertex -22.8899 -0.124163 5.31113
    endloop
  endfacet
  facet normal -1 0 0
    outer loop
      vertex -22.8899 -0.510284 5
      vertex -22.8899 -0.282776 5.23496
      vertex -22.8899 0.510284 5
    endloop
  endfacet
  facet normal -1 0 0
    outer loop
      vertex -22.8899 -0.282776 5.23496
      vertex -22.8899 -0.510284 5
      vertex -22.8899 -0.368616 5.19374
    endloop
  endfacet
  facet normal -0.308993 0.951064 0.000153591
    outer loop
      vertex -22.417 0.800216 5.31113
      vertex -22.3268 0.829518 5.33121
      vertex -22.1674 0.881309 5.31113
    endloop
  endfacet
  facet normal -0.308595 0.951192 -0.00182073
    outer loop
      vertex -22.3268 0.829518 5.33121
      vertex -22.417 0.800216 5.31113
      vertex -22.3416 0.82472 5.33307
    endloop
  endfacet
  facet normal -0.309097 0.951031 -1.52248e-06
    outer loop
      vertex -21.8559 0.98255 5.0779
      vertex -22.1674 0.881309 5.31113
      vertex -22 0.935716 5.26019
    endloop
  endfacet
  facet normal -0.308993 0.951064 0.000151677
    outer loop
      vertex -22.1674 0.881309 5.31113
      vertex -21.8559 0.98255 5.0779
      vertex -22.417 0.800216 5.31113
    endloop
  endfacet
  facet normal -0.309045 0.951048 1.43737e-05
    outer loop
      vertex -22.417 0.800216 5.31113
      vertex -21.8559 0.98255 5.0779
      vertex -22.7062 0.706243 5.10794
    endloop
  endfacet
  facet normal -0.309027 0.951053 -7.02499e-05
    outer loop
      vertex -22.7736 0.684355 5
      vertex -21.8559 0.98255 5.0779
      vertex -21.7943 1.00256 5
    endloop
  endfacet
  facet normal -0.309041 0.951049 0.000118877
    outer loop
      vertex -21.8559 0.98255 5.0779
      vertex -22.7736 0.684355 5
      vertex -22.7062 0.706243 5.10794
    endloop
  endfacet
  facet normal -0.308595 -0.951192 -0.00182073
    outer loop
      vertex -22.417 -0.800216 5.31113
      vertex -22.3268 -0.829518 5.33121
      vertex -22.3416 -0.82472 5.33307
    endloop
  endfacet
  facet normal -0.308993 -0.951064 0.000153591
    outer loop
      vertex -22.417 -0.800216 5.31113
      vertex -22.1674 -0.881309 5.31113
      vertex -22.3268 -0.829518 5.33121
    endloop
  endfacet
  facet normal -0.308993 -0.951064 0.000151677
    outer loop
      vertex -21.8559 -0.98255 5.0779
      vertex -22.1674 -0.881309 5.31113
      vertex -22.417 -0.800216 5.31113
    endloop
  endfacet
  facet normal -0.309045 -0.951048 1.43737e-05
    outer loop
      vertex -21.8559 -0.98255 5.0779
      vertex -22.417 -0.800216 5.31113
      vertex -22.7062 -0.706243 5.10794
    endloop
  endfacet
  facet normal -0.309097 -0.951031 -1.52248e-06
    outer loop
      vertex -22.1674 -0.881309 5.31113
      vertex -21.8559 -0.98255 5.0779
      vertex -22 -0.935716 5.26019
    endloop
  endfacet
  facet normal -0.309041 -0.951049 0.000118877
    outer loop
      vertex -22.7736 -0.684355 5
      vertex -21.8559 -0.98255 5.0779
      vertex -22.7062 -0.706243 5.10794
    endloop
  endfacet
  facet normal -0.309027 -0.951053 -7.02499e-05
    outer loop
      vertex -21.8559 -0.98255 5.0779
      vertex -22.7736 -0.684355 5
      vertex -21.7943 -1.00256 5
    endloop
  endfacet
  facet normal 0.813416 -0.581634 0.0074846
    outer loop
      vertex -21.1553 -0.35135 5.30984
      vertex -20.9778 -0.107103 5
      vertex -21.1545 -0.350233 5.3097
    endloop
  endfacet
  facet normal 0.810572 -0.585633 0.00270318
    outer loop
      vertex -21.1631 -0.36214 5.31113
      vertex -20.9778 -0.107103 5
      vertex -21.1553 -0.35135 5.30984
    endloop
  endfacet
  facet normal 0.809055 -0.587733 -8.05659e-05
    outer loop
      vertex -21.4909 -0.813358 5.15837
      vertex -21.1631 -0.36214 5.31113
      vertex -21.3568 -0.628783 5.32432
    endloop
  endfacet
  facet normal 0.806899 -0.590635 0.00800228
    outer loop
      vertex -21.3678 -0.643845 5.32179
      vertex -21.3568 -0.628783 5.32432
      vertex -21.3629 -0.637111 5.32473
    endloop
  endfacet
  facet normal 0.805826 -0.591824 0.019749
    outer loop
      vertex -21.3855 -0.668301 5.31113
      vertex -21.3568 -0.628783 5.32432
      vertex -21.3678 -0.643845 5.32179
    endloop
  endfacet
  facet normal 0.809193 -0.587543 -0.000404511
    outer loop
      vertex -21.3568 -0.628783 5.32432
      vertex -21.3855 -0.668301 5.31113
      vertex -21.4909 -0.813358 5.15837
    endloop
  endfacet
  facet normal 0.809035 -0.587761 4.31559e-05
    outer loop
      vertex -21.1631 -0.36214 5.31113
      vertex -21.4909 -0.813358 5.15837
      vertex -20.9778 -0.107103 5
    endloop
  endfacet
  facet normal 0.809009 -0.587796 -0.000194804
    outer loop
      vertex -20.9778 -0.107103 5
      vertex -21.4909 -0.813358 5.15837
      vertex -21.6002 -0.96374 5
    endloop
  endfacet
  facet normal 0.998797 0.0490395 0
    outer loop
      vertex -14 0 3.5
      vertex -14.0385 0.784137 0
      vertex -14.0385 0.784137 3.5
    endloop
  endfacet
  facet normal 0.998797 0.0490395 0
    outer loop
      vertex -14.0385 0.784137 0
      vertex -14 0 3.5
      vertex -14 0 0
    endloop
  endfacet
  facet normal 0.276091 -0.771652 0.572998
    outer loop
      vertex -19.1394 -6.906 4.25
      vertex -19.6777 -7.65552 3.5
      vertex -18.9385 -7.39104 3.5
    endloop
  endfacet
  facet normal 0.591872 -0.148265 0.792278
    outer loop
      vertex -15.6249 -1.26809 5
      vertex -15.7799 -1.88685 5
      vertex -14.6686 -1.4583 4.25
    endloop
  endfacet
  facet normal 0.989176 0.146736 0
    outer loop
      vertex -14.0385 0.784137 3.5
      vertex -14.1537 1.56072 0
      vertex -14.1537 1.56072 3.5
    endloop
  endfacet
  facet normal 0.989176 0.146736 0
    outer loop
      vertex -14.1537 1.56072 0
      vertex -14.0385 0.784137 3.5
      vertex -14.0385 0.784137 0
    endloop
  endfacet
  facet normal -0.146733 -0.989176 0
    outer loop
      vertex -23.5607 -7.84628 0
      vertex -22.7841 -7.96148 3.5
      vertex -23.5607 -7.84628 3.5
    endloop
  endfacet
  facet normal -0.146733 -0.989176 -0
    outer loop
      vertex -22.7841 -7.96148 3.5
      vertex -23.5607 -7.84628 0
      vertex -22.7841 -7.96148 0
    endloop
  endfacet
  facet normal 0.810677 0.120212 0.57302
    outer loop
      vertex -14.0385 0.784137 3.5
      vertex -14.6686 1.4583 4.25
      vertex -14.561 0.732677 4.25
    endloop
  endfacet
  facet normal 0.146733 -0.989176 0
    outer loop
      vertex -21.2159 -7.96148 0
      vertex -20.4393 -7.84628 3.5
      vertex -21.2159 -7.96148 3.5
    endloop
  endfacet
  facet normal 0.146733 -0.989176 0
    outer loop
      vertex -20.4393 -7.84628 3.5
      vertex -21.2159 -7.96148 0
      vertex -20.4393 -7.84628 0
    endloop
  endfacet
  facet normal -0.702967 -0.421327 0.572992
    outer loop
      vertex -28.5924 -3.52369 4.25
      vertex -29.0554 -3.77117 3.5
      vertex -28.6518 -4.44456 3.5
    endloop
  endfacet
  facet normal 0.818556 0.0401899 0.573019
    outer loop
      vertex -14.0385 0.784137 3.5
      vertex -14.561 0.732677 4.25
      vertex -14 0 3.5
    endloop
  endfacet
  facet normal 0.60727 -0.550375 0.572984
    outer loop
      vertex -16.2217 -4.74209 4.25
      vertex -16.3431 -5.65685 3.5
      vertex -15.8159 -5.07515 3.5
    endloop
  endfacet
  facet normal 0.658238 -0.488206 0.573042
    outer loop
      vertex -15.7848 -4.15289 4.25
      vertex -15.8159 -5.07515 3.5
      vertex -15.3482 -4.44456 3.5
    endloop
  endfacet
  facet normal 0.523359 -0.313749 0.792248
    outer loop
      vertex -15.4076 -3.52369 4.25
      vertex -16.5954 -3.61121 5
      vertex -15.7848 -4.15289 4.25
    endloop
  endfacet
  facet normal 0.35041 -0.740863 0.573005
    outer loop
      vertex -18.4763 -6.59236 4.25
      vertex -18.9385 -7.39104 3.5
      vertex -18.2288 -7.05537 3.5
    endloop
  endfacet
  facet normal 0.363451 0.490111 0.792272
    outer loop
      vertex -17.8471 6.21523 4.25
      vertex -18.3888 5.40455 5
      vertex -17.8764 5.02457 5
    endloop
  endfacet
  facet normal -0.148249 0.591888 0.792269
    outer loop
      vertex -23.4583 7.33137 4.25
      vertex -23.8869 6.22011 5
      vertex -23.2681 6.3751 5
    endloop
  endfacet
  facet normal -0.551594 0.260854 0.792275
    outer loop
      vertex -28.5924 3.52369 4.25
      vertex -28.906 2.86056 4.25
      vertex -28.0052 2.48744 5
    endloop
  endfacet
  facet normal 0.0895307 -0.603567 0.792269
    outer loop
      vertex -20.7319 -6.3751 5
      vertex -21.3629 -6.4687 5
      vertex -20.5417 -7.33137 4.25
    endloop
  endfacet
  facet normal -0.242967 -0.970035 0
    outer loop
      vertex -24.3223 -7.65552 0
      vertex -23.5607 -7.84628 3.5
      vertex -24.3223 -7.65552 3.5
    endloop
  endfacet
  facet normal -0.242967 -0.970035 -0
    outer loop
      vertex -23.5607 -7.84628 3.5
      vertex -24.3223 -7.65552 0
      vertex -23.5607 -7.84628 0
    endloop
  endfacet
  facet normal -0.199126 -0.795 0.572996
    outer loop
      vertex -24.1699 -7.15313 4.25
      vertex -24.3223 -7.65552 3.5
      vertex -23.5607 -7.84628 3.5
    endloop
  endfacet
  facet normal 0.794987 0.199199 0.572988
    outer loop
      vertex -14.1537 1.56072 3.5
      vertex -14.8469 2.16988 4.25
      vertex -14.6686 1.4583 4.25
    endloop
  endfacet
  facet normal 0.810677 -0.120212 0.57302
    outer loop
      vertex -14.561 -0.732677 4.25
      vertex -14.6686 -1.4583 4.25
      vertex -14.0385 -0.784137 3.5
    endloop
  endfacet
  facet normal 0.409788 -0.452103 0.79226
    outer loop
      vertex -16.7144 -5.28562 4.25
      vertex -17.8764 -5.02457 5
      vertex -17.2579 -5.77825 4.25
    endloop
  endfacet
  facet normal 0.0490672 -0.998795 0
    outer loop
      vertex -22 -8 0
      vertex -21.2159 -7.96148 3.5
      vertex -22 -8 3.5
    endloop
  endfacet
  facet normal 0.0490672 -0.998795 0
    outer loop
      vertex -21.2159 -7.96148 3.5
      vertex -22 -8 0
      vertex -21.2159 -7.96148 0
    endloop
  endfacet
  facet normal 0.574517 -0.205541 0.792265
    outer loop
      vertex -14.8469 -2.16988 4.25
      vertex -15.7799 -1.88685 5
      vertex -15.094 -2.86056 4.25
    endloop
  endfacet
  facet normal 0.658327 -0.488159 0.57298
    outer loop
      vertex -15.7848 -4.15289 4.25
      vertex -16.2217 -4.74209 4.25
      vertex -15.8159 -5.07515 3.5
    endloop
  endfacet
  facet normal 0.740901 -0.350354 0.57299
    outer loop
      vertex -14.609 -3.06147 3.5
      vertex -15.4076 -3.52369 4.25
      vertex -14.9446 -3.77117 3.5
    endloop
  endfacet
  facet normal -0.199126 0.795 0.572996
    outer loop
      vertex -23.5607 7.84628 3.5
      vertex -24.3223 7.65552 3.5
      vertex -24.1699 7.15313 4.25
    endloop
  endfacet
  facet normal 0.35041 0.740863 0.573005
    outer loop
      vertex -18.2288 7.05537 3.5
      vertex -18.9385 7.39104 3.5
      vertex -18.4763 6.59236 4.25
    endloop
  endfacet
  facet normal 0.857737 0.514089 0
    outer loop
      vertex -14.9446 3.77117 3.5
      vertex -15.3482 4.44456 0
      vertex -15.3482 4.44456 3.5
    endloop
  endfacet
  facet normal 0.857737 0.514089 0
    outer loop
      vertex -15.3482 4.44456 0
      vertex -14.9446 3.77117 3.5
      vertex -14.9446 3.77117 0
    endloop
  endfacet
  facet normal 0.810692 0.12026 0.572989
    outer loop
      vertex -14.1537 1.56072 3.5
      vertex -14.6686 1.4583 4.25
      vertex -14.0385 0.784137 3.5
    endloop
  endfacet
  facet normal -0.029941 -0.609439 0.792268
    outer loop
      vertex -22.6371 -6.4687 5
      vertex -22.7327 -7.439 4.25
      vertex -22 -6.5 5
    endloop
  endfacet
  facet normal -0.276091 -0.771652 0.572998
    outer loop
      vertex -24.8606 -6.906 4.25
      vertex -25.0615 -7.39104 3.5
      vertex -24.3223 -7.65552 3.5
    endloop
  endfacet
  facet normal -0.276094 -0.771652 0.572996
    outer loop
      vertex -24.1699 -7.15313 4.25
      vertex -24.8606 -6.906 4.25
      vertex -24.3223 -7.65552 3.5
    endloop
  endfacet
  facet normal 0.818556 -0.0401899 0.573019
    outer loop
      vertex -14 0 3.5
      vertex -14.561 -0.732677 4.25
      vertex -14.0385 -0.784137 3.5
    endloop
  endfacet
  facet normal 0.818569 0.0402203 0.572998
    outer loop
      vertex -14 0 3.5
      vertex -14.561 0.732677 4.25
      vertex -14.525 0 4.25
    endloop
  endfacet
  facet normal 0.609437 0.0299446 0.792269
    outer loop
      vertex -14.561 0.732677 4.25
      vertex -15.5 0 5
      vertex -14.525 0 4.25
    endloop
  endfacet
  facet normal 0.810692 -0.12026 0.572989
    outer loop
      vertex -14.0385 -0.784137 3.5
      vertex -14.6686 -1.4583 4.25
      vertex -14.1537 -1.56072 3.5
    endloop
  endfacet
  facet normal 0.740901 -0.350379 0.572975
    outer loop
      vertex -15.094 -2.86056 4.25
      vertex -15.4076 -3.52369 4.25
      vertex -14.609 -3.06147 3.5
    endloop
  endfacet
  facet normal 0.363451 -0.490111 0.792272
    outer loop
      vertex -17.8764 -5.02457 5
      vertex -18.3888 -5.40455 5
      vertex -17.8471 -6.21523 4.25
    endloop
  endfacet
  facet normal -0.19913 -0.795001 0.572993
    outer loop
      vertex -23.4583 -7.33137 4.25
      vertex -24.1699 -7.15313 4.25
      vertex -23.5607 -7.84628 3.5
    endloop
  endfacet
  facet normal 0.0402132 -0.818567 0.573002
    outer loop
      vertex -21.2673 -7.439 4.25
      vertex -22 -8 3.5
      vertex -21.2159 -7.96148 3.5
    endloop
  endfacet
  facet normal 0.120251 -0.810687 0.572998
    outer loop
      vertex -20.5417 -7.33137 4.25
      vertex -21.2673 -7.439 4.25
      vertex -21.2159 -7.96148 3.5
    endloop
  endfacet
  facet normal 0.941539 -0.336905 0
    outer loop
      vertex -14.609 -3.06147 3.5
      vertex -14.3445 -2.32228 0
      vertex -14.3445 -2.32228 3.5
    endloop
  endfacet
  facet normal 0.941539 -0.336905 0
    outer loop
      vertex -14.3445 -2.32228 0
      vertex -14.609 -3.06147 3.5
      vertex -14.609 -3.06147 0
    endloop
  endfacet
  facet normal 0.260861 -0.551603 0.792266
    outer loop
      vertex -18.9359 -5.73249 5
      vertex -19.5126 -6.00522 5
      vertex -18.4763 -6.59236 4.25
    endloop
  endfacet
  facet normal 0.702892 -0.421378 0.573048
    outer loop
      vertex -15.4076 -3.52369 4.25
      vertex -15.7848 -4.15289 4.25
      vertex -15.3482 -4.44456 3.5
    endloop
  endfacet
  facet normal 0.490125 -0.363435 0.79227
    outer loop
      vertex -15.7848 -4.15289 4.25
      vertex -16.9754 -4.12356 5
      vertex -16.2217 -4.74209 4.25
    endloop
  endfacet
  facet normal 0.49011 -0.363505 0.792248
    outer loop
      vertex -16.5954 -3.61121 5
      vertex -16.9754 -4.12356 5
      vertex -15.7848 -4.15289 4.25
    endloop
  endfacet
  facet normal -0.276094 0.771652 0.572996
    outer loop
      vertex -24.3223 7.65552 3.5
      vertex -24.8606 6.906 4.25
      vertex -24.1699 7.15313 4.25
    endloop
  endfacet
  facet normal -0.260861 0.551603 0.792266
    outer loop
      vertex -24.4874 6.00522 5
      vertex -25.5237 6.59236 4.25
      vertex -25.0641 5.73249 5
    endloop
  endfacet
  facet normal 0.242967 0.970035 -0
    outer loop
      vertex -19.6777 7.65552 0
      vertex -20.4393 7.84628 3.5
      vertex -19.6777 7.65552 3.5
    endloop
  endfacet
  facet normal 0.242967 0.970035 0
    outer loop
      vertex -20.4393 7.84628 3.5
      vertex -19.6777 7.65552 0
      vertex -20.4393 7.84628 0
    endloop
  endfacet
  facet normal 0.0490672 0.998795 -0
    outer loop
      vertex -21.2159 7.96148 0
      vertex -22 8 3.5
      vertex -21.2159 7.96148 3.5
    endloop
  endfacet
  facet normal 0.0490672 0.998795 0
    outer loop
      vertex -22 8 3.5
      vertex -21.2159 7.96148 0
      vertex -22 8 0
    endloop
  endfacet
  facet normal 0.740901 0.350379 0.572975
    outer loop
      vertex -14.609 3.06147 3.5
      vertex -15.4076 3.52369 4.25
      vertex -15.094 2.86056 4.25
    endloop
  endfacet
  facet normal 0.77166 0.276119 0.572974
    outer loop
      vertex -14.609 3.06147 3.5
      vertex -15.094 2.86056 4.25
      vertex -14.3445 2.32228 3.5
    endloop
  endfacet
  facet normal -0.941539 0.336905 0
    outer loop
      vertex -29.6555 2.32228 0
      vertex -29.391 3.06147 3.5
      vertex -29.391 3.06147 0
    endloop
  endfacet
  facet normal -0.941539 0.336905 0
    outer loop
      vertex -29.391 3.06147 3.5
      vertex -29.6555 2.32228 0
      vertex -29.6555 2.32228 3.5
    endloop
  endfacet
  facet normal -0.740965 -0.671543 0
    outer loop
      vertex -27.6569 -5.65685 0
      vertex -28.1841 -5.07515 3.5
      vertex -28.1841 -5.07515 0
    endloop
  endfacet
  facet normal -0.740965 -0.671543 0
    outer loop
      vertex -28.1841 -5.07515 3.5
      vertex -27.6569 -5.65685 0
      vertex -27.6569 -5.65685 3.5
    endloop
  endfacet
  facet normal -0.941539 -0.336905 0
    outer loop
      vertex -29.391 -3.06147 0
      vertex -29.6555 -2.32228 3.5
      vertex -29.6555 -2.32228 0
    endloop
  endfacet
  facet normal -0.941539 -0.336905 0
    outer loop
      vertex -29.6555 -2.32228 3.5
      vertex -29.391 -3.06147 0
      vertex -29.391 -3.06147 3.5
    endloop
  endfacet
  facet normal -0.740901 0.350354 0.57299
    outer loop
      vertex -29.0554 3.77117 3.5
      vertex -29.391 3.06147 3.5
      vertex -28.5924 3.52369 4.25
    endloop
  endfacet
  facet normal -0.313691 0.523359 0.792271
    outer loop
      vertex -25.5237 6.59236 4.25
      vertex -26.1529 6.21523 4.25
      vertex -25.6112 5.40455 5
    endloop
  endfacet
  facet normal 0.574496 0.205563 0.792274
    outer loop
      vertex -15.094 2.86056 4.25
      vertex -15.9948 2.48744 5
      vertex -15.7799 1.88685 5
    endloop
  endfacet
  facet normal 0.603574 0.0895017 0.792268
    outer loop
      vertex -14.6686 1.4583 4.25
      vertex -15.5313 0.637111 5
      vertex -14.561 0.732677 4.25
    endloop
  endfacet
  facet normal 0.803194 0.595718 0
    outer loop
      vertex -15.3482 4.44456 3.5
      vertex -15.8159 5.07515 0
      vertex -15.8159 5.07515 3.5
    endloop
  endfacet
  facet normal 0.803194 0.595718 0
    outer loop
      vertex -15.8159 5.07515 0
      vertex -15.3482 4.44456 3.5
      vertex -15.3482 4.44456 0
    endloop
  endfacet
  facet normal 0.427562 0.903986 -0
    outer loop
      vertex -18.2288 7.05537 0
      vertex -18.9385 7.39104 3.5
      vertex -18.2288 7.05537 3.5
    endloop
  endfacet
  facet normal 0.427562 0.903986 0
    outer loop
      vertex -18.9385 7.39104 3.5
      vertex -18.2288 7.05537 0
      vertex -18.9385 7.39104 0
    endloop
  endfacet
  facet normal 0.591872 0.148265 0.792278
    outer loop
      vertex -14.6686 1.4583 4.25
      vertex -15.7799 1.88685 5
      vertex -15.6249 1.26809 5
    endloop
  endfacet
  facet normal -0.60727 -0.550375 0.572984
    outer loop
      vertex -27.7783 -4.74209 4.25
      vertex -28.1841 -5.07515 3.5
      vertex -27.6569 -5.65685 3.5
    endloop
  endfacet
  facet normal -0.857737 -0.514089 0
    outer loop
      vertex -28.6518 -4.44456 0
      vertex -29.0554 -3.77117 3.5
      vertex -29.0554 -3.77117 0
    endloop
  endfacet
  facet normal -0.857737 -0.514089 0
    outer loop
      vertex -29.0554 -3.77117 3.5
      vertex -28.6518 -4.44456 0
      vertex -28.6518 -4.44456 3.5
    endloop
  endfacet
  facet normal -0.514093 -0.857734 0
    outer loop
      vertex -26.4446 -6.65176 0
      vertex -25.7712 -7.05537 3.5
      vertex -26.4446 -6.65176 3.5
    endloop
  endfacet
  facet normal -0.514093 -0.857734 -0
    outer loop
      vertex -25.7712 -7.05537 3.5
      vertex -26.4446 -6.65176 0
      vertex -25.7712 -7.05537 0
    endloop
  endfacet
  facet normal -0.421326 -0.702957 0.573006
    outer loop
      vertex -25.5237 -6.59236 4.25
      vertex -26.4446 -6.65176 3.5
      vertex -25.7712 -7.05537 3.5
    endloop
  endfacet
  facet normal -0.336879 -0.941548 0
    outer loop
      vertex -25.0615 -7.39104 0
      vertex -24.3223 -7.65552 3.5
      vertex -25.0615 -7.39104 3.5
    endloop
  endfacet
  facet normal -0.336879 -0.941548 -0
    outer loop
      vertex -24.3223 -7.65552 3.5
      vertex -25.0615 -7.39104 0
      vertex -24.3223 -7.65552 0
    endloop
  endfacet
  facet normal -0.607191 -0.550407 0.573037
    outer loop
      vertex -27.2856 -5.28562 4.25
      vertex -27.7783 -4.74209 4.25
      vertex -27.6569 -5.65685 3.5
    endloop
  endfacet
  facet normal -0.313691 -0.523359 0.792271
    outer loop
      vertex -25.6112 -5.40455 5
      vertex -26.1529 -6.21523 4.25
      vertex -25.5237 -6.59236 4.25
    endloop
  endfacet
  facet normal 0.609439 0.0299405 0.792267
    outer loop
      vertex -14.561 0.732677 4.25
      vertex -15.5313 0.637111 5
      vertex -15.5 0 5
    endloop
  endfacet
  facet normal 0.574496 -0.205563 0.792274
    outer loop
      vertex -15.7799 -1.88685 5
      vertex -15.9948 -2.48744 5
      vertex -15.094 -2.86056 4.25
    endloop
  endfacet
  facet normal 0.551594 -0.260854 0.792275
    outer loop
      vertex -15.094 -2.86056 4.25
      vertex -15.9948 -2.48744 5
      vertex -15.4076 -3.52369 4.25
    endloop
  endfacet
  facet normal 0.120257 -0.810688 0.572994
    outer loop
      vertex -20.5417 -7.33137 4.25
      vertex -21.2159 -7.96148 3.5
      vertex -20.4393 -7.84628 3.5
    endloop
  endfacet
  facet normal -0.148255 -0.591889 0.792267
    outer loop
      vertex -23.8869 -6.22011 5
      vertex -24.1699 -7.15313 4.25
      vertex -23.4583 -7.33137 4.25
    endloop
  endfacet
  facet normal 0.427562 -0.903986 0
    outer loop
      vertex -18.9385 -7.39104 0
      vertex -18.2288 -7.05537 3.5
      vertex -18.9385 -7.39104 3.5
    endloop
  endfacet
  facet normal 0.427562 -0.903986 0
    outer loop
      vertex -18.2288 -7.05537 3.5
      vertex -18.9385 -7.39104 0
      vertex -18.2288 -7.05537 0
    endloop
  endfacet
  facet normal 0.19913 -0.795001 0.572993
    outer loop
      vertex -19.8301 -7.15313 4.25
      vertex -20.5417 -7.33137 4.25
      vertex -20.4393 -7.84628 3.5
    endloop
  endfacet
  facet normal -0.120257 -0.810688 0.572994
    outer loop
      vertex -23.4583 -7.33137 4.25
      vertex -23.5607 -7.84628 3.5
      vertex -22.7841 -7.96148 3.5
    endloop
  endfacet
  facet normal -0.040219 -0.818569 0.572998
    outer loop
      vertex -22 -7.475 4.25
      vertex -22.7327 -7.439 4.25
      vertex -22 -8 3.5
    endloop
  endfacet
  facet normal 0.90402 -0.427489 0
    outer loop
      vertex -14.9446 -3.77117 3.5
      vertex -14.609 -3.06147 0
      vertex -14.609 -3.06147 3.5
    endloop
  endfacet
  facet normal 0.90402 -0.427489 0
    outer loop
      vertex -14.609 -3.06147 0
      vertex -14.9446 -3.77117 3.5
      vertex -14.9446 -3.77117 0
    endloop
  endfacet
  facet normal 0.857737 -0.514089 0
    outer loop
      vertex -15.3482 -4.44456 3.5
      vertex -14.9446 -3.77117 0
      vertex -14.9446 -3.77117 3.5
    endloop
  endfacet
  facet normal 0.857737 -0.514089 0
    outer loop
      vertex -14.9446 -3.77117 0
      vertex -15.3482 -4.44456 3.5
      vertex -15.3482 -4.44456 0
    endloop
  endfacet
  facet normal 0.550346 -0.607308 0.572972
    outer loop
      vertex -16.3431 -5.65685 3.5
      vertex -17.2579 -5.77825 4.25
      vertex -16.9249 -6.18408 3.5
    endloop
  endfacet
  facet normal 0.350421 -0.740864 0.572997
    outer loop
      vertex -18.4763 -6.59236 4.25
      vertex -19.1394 -6.906 4.25
      vertex -18.9385 -7.39104 3.5
    endloop
  endfacet
  facet normal -0.363485 0.490103 0.792261
    outer loop
      vertex -26.1529 6.21523 4.25
      vertex -26.7421 5.77825 4.25
      vertex -26.1236 5.02457 5
    endloop
  endfacet
  facet normal -0.421326 0.702957 0.573006
    outer loop
      vertex -25.7712 7.05537 3.5
      vertex -26.4446 6.65176 3.5
      vertex -25.5237 6.59236 4.25
    endloop
  endfacet
  facet normal -0.242967 0.970035 0
    outer loop
      vertex -23.5607 7.84628 0
      vertex -24.3223 7.65552 3.5
      vertex -23.5607 7.84628 3.5
    endloop
  endfacet
  facet normal -0.242967 0.970035 0
    outer loop
      vertex -24.3223 7.65552 3.5
      vertex -23.5607 7.84628 0
      vertex -24.3223 7.65552 0
    endloop
  endfacet
  facet normal 0.148255 0.591889 0.792267
    outer loop
      vertex -19.8301 7.15313 4.25
      vertex -20.5417 7.33137 4.25
      vertex -20.1131 6.22011 5
    endloop
  endfacet
  facet normal -0.0402132 0.818567 0.573002
    outer loop
      vertex -22 8 3.5
      vertex -22.7841 7.96148 3.5
      vertex -22.7327 7.439 4.25
    endloop
  endfacet
  facet normal -0.120257 0.810688 0.572994
    outer loop
      vertex -22.7841 7.96148 3.5
      vertex -23.5607 7.84628 3.5
      vertex -23.4583 7.33137 4.25
    endloop
  endfacet
  facet normal 0.276094 0.771652 0.572996
    outer loop
      vertex -19.6777 7.65552 3.5
      vertex -19.8301 7.15313 4.25
      vertex -19.1394 6.906 4.25
    endloop
  endfacet
  facet normal 0.658238 0.488206 0.573042
    outer loop
      vertex -15.3482 4.44456 3.5
      vertex -15.8159 5.07515 3.5
      vertex -15.7848 4.15289 4.25
    endloop
  endfacet
  facet normal -0.810677 0.120212 0.57302
    outer loop
      vertex -29.3314 1.4583 4.25
      vertex -29.9615 0.784137 3.5
      vertex -29.439 0.732677 4.25
    endloop
  endfacet
  facet normal -0.857737 0.514089 0
    outer loop
      vertex -29.0554 3.77117 0
      vertex -28.6518 4.44456 3.5
      vertex -28.6518 4.44456 0
    endloop
  endfacet
  facet normal -0.857737 0.514089 0
    outer loop
      vertex -28.6518 4.44456 3.5
      vertex -29.0554 3.77117 0
      vertex -29.0554 3.77117 3.5
    endloop
  endfacet
  facet normal -0.810692 -0.12026 0.572989
    outer loop
      vertex -29.3314 -1.4583 4.25
      vertex -29.9615 -0.784137 3.5
      vertex -29.8463 -1.56072 3.5
    endloop
  endfacet
  facet normal -0.970019 -0.243027 0
    outer loop
      vertex -29.6555 -2.32228 0
      vertex -29.8463 -1.56072 3.5
      vertex -29.8463 -1.56072 0
    endloop
  endfacet
  facet normal -0.970019 -0.243027 0
    outer loop
      vertex -29.8463 -1.56072 3.5
      vertex -29.6555 -2.32228 0
      vertex -29.6555 -2.32228 3.5
    endloop
  endfacet
  facet normal -0.658327 -0.488159 0.57298
    outer loop
      vertex -27.7783 -4.74209 4.25
      vertex -28.2152 -4.15289 4.25
      vertex -28.1841 -5.07515 3.5
    endloop
  endfacet
  facet normal -0.551593 -0.260855 0.792275
    outer loop
      vertex -28.0052 -2.48744 5
      vertex -28.5924 -3.52369 4.25
      vertex -27.7325 -3.06408 5
    endloop
  endfacet
  facet normal -0.609437 0.0299446 0.792269
    outer loop
      vertex -29.439 0.732677 4.25
      vertex -29.475 0 4.25
      vertex -28.5 0 5
    endloop
  endfacet
  facet normal -0.205581 0.574486 0.792277
    outer loop
      vertex -23.8869 6.22011 5
      vertex -24.8606 6.906 4.25
      vertex -24.4874 6.00522 5
    endloop
  endfacet
  facet normal 0.19913 0.795001 0.572993
    outer loop
      vertex -20.4393 7.84628 3.5
      vertex -20.5417 7.33137 4.25
      vertex -19.8301 7.15313 4.25
    endloop
  endfacet
  facet normal 0.0895288 0.603569 0.792269
    outer loop
      vertex -21.2673 7.439 4.25
      vertex -21.3629 6.4687 5
      vertex -20.5417 7.33137 4.25
    endloop
  endfacet
  facet normal 0.574517 0.205541 0.792265
    outer loop
      vertex -15.094 2.86056 4.25
      vertex -15.7799 1.88685 5
      vertex -14.8469 2.16988 4.25
    endloop
  endfacet
  facet normal 0.591879 0.148307 0.792265
    outer loop
      vertex -14.8469 2.16988 4.25
      vertex -15.7799 1.88685 5
      vertex -14.6686 1.4583 4.25
    endloop
  endfacet
  facet normal 0.551593 0.260855 0.792275
    outer loop
      vertex -15.4076 3.52369 4.25
      vertex -16.2675 3.06408 5
      vertex -15.9948 2.48744 5
    endloop
  endfacet
  facet normal 0.771655 0.27607 0.573004
    outer loop
      vertex -14.3445 2.32228 3.5
      vertex -15.094 2.86056 4.25
      vertex -14.8469 2.16988 4.25
    endloop
  endfacet
  facet normal 0.941539 0.336905 0
    outer loop
      vertex -14.3445 2.32228 3.5
      vertex -14.609 3.06147 0
      vertex -14.609 3.06147 3.5
    endloop
  endfacet
  facet normal 0.941539 0.336905 0
    outer loop
      vertex -14.609 3.06147 0
      vertex -14.3445 2.32228 3.5
      vertex -14.3445 2.32228 0
    endloop
  endfacet
  facet normal 0.551594 0.260854 0.792275
    outer loop
      vertex -15.4076 3.52369 4.25
      vertex -15.9948 2.48744 5
      vertex -15.094 2.86056 4.25
    endloop
  endfacet
  facet normal 0.90402 0.427489 0
    outer loop
      vertex -14.609 3.06147 3.5
      vertex -14.9446 3.77117 0
      vertex -14.9446 3.77117 3.5
    endloop
  endfacet
  facet normal 0.90402 0.427489 0
    outer loop
      vertex -14.9446 3.77117 0
      vertex -14.609 3.06147 3.5
      vertex -14.609 3.06147 0
    endloop
  endfacet
  facet normal 0.488219 0.658288 0.572973
    outer loop
      vertex -16.9249 6.18408 3.5
      vertex -17.8471 6.21523 4.25
      vertex -17.2579 5.77825 4.25
    endloop
  endfacet
  facet normal 0.52337 0.31366 0.792276
    outer loop
      vertex -15.4076 3.52369 4.25
      vertex -16.5954 3.61121 5
      vertex -16.2675 3.06408 5
    endloop
  endfacet
  facet normal 0.603555 0.0895318 0.792279
    outer loop
      vertex -14.6686 1.4583 4.25
      vertex -15.6249 1.26809 5
      vertex -15.5313 0.637111 5
    endloop
  endfacet
  facet normal -0.490125 -0.363435 0.79227
    outer loop
      vertex -27.0246 -4.12356 5
      vertex -28.2152 -4.15289 4.25
      vertex -27.7783 -4.74209 4.25
    endloop
  endfacet
  facet normal -0.0490672 -0.998795 0
    outer loop
      vertex -22.7841 -7.96148 0
      vertex -22 -8 3.5
      vertex -22.7841 -7.96148 3.5
    endloop
  endfacet
  facet normal -0.0490672 -0.998795 -0
    outer loop
      vertex -22 -8 3.5
      vertex -22.7841 -7.96148 0
      vertex -22 -8 0
    endloop
  endfacet
  facet normal -0.427562 -0.903986 0
    outer loop
      vertex -25.7712 -7.05537 0
      vertex -25.0615 -7.39104 3.5
      vertex -25.7712 -7.05537 3.5
    endloop
  endfacet
  facet normal -0.427562 -0.903986 -0
    outer loop
      vertex -25.0615 -7.39104 3.5
      vertex -25.7712 -7.05537 0
      vertex -25.0615 -7.39104 0
    endloop
  endfacet
  facet normal -0.671501 -0.741004 0
    outer loop
      vertex -27.6569 -5.65685 0
      vertex -27.0751 -6.18408 3.5
      vertex -27.6569 -5.65685 3.5
    endloop
  endfacet
  facet normal -0.671501 -0.741004 -0
    outer loop
      vertex -27.0751 -6.18408 3.5
      vertex -27.6569 -5.65685 0
      vertex -27.0751 -6.18408 0
    endloop
  endfacet
  facet normal -0.595756 -0.803165 0
    outer loop
      vertex -27.0751 -6.18408 0
      vertex -26.4446 -6.65176 3.5
      vertex -27.0751 -6.18408 3.5
    endloop
  endfacet
  facet normal -0.595756 -0.803165 -0
    outer loop
      vertex -26.4446 -6.65176 3.5
      vertex -27.0751 -6.18408 0
      vertex -26.4446 -6.65176 0
    endloop
  endfacet
  facet normal -0.205557 -0.574508 0.792267
    outer loop
      vertex -23.8869 -6.22011 5
      vertex -24.8606 -6.906 4.25
      vertex -24.1699 -7.15313 4.25
    endloop
  endfacet
  facet normal -0.421332 -0.702947 0.573014
    outer loop
      vertex -26.1529 -6.21523 4.25
      vertex -26.4446 -6.65176 3.5
      vertex -25.5237 -6.59236 4.25
    endloop
  endfacet
  facet normal -0.35041 -0.740863 0.573005
    outer loop
      vertex -25.5237 -6.59236 4.25
      vertex -25.7712 -7.05537 3.5
      vertex -25.0615 -7.39104 3.5
    endloop
  endfacet
  facet normal -0.363451 -0.490111 0.792272
    outer loop
      vertex -26.1236 -5.02457 5
      vertex -26.1529 -6.21523 4.25
      vertex -25.6112 -5.40455 5
    endloop
  endfacet
  facet normal 0.603555 -0.0895318 0.792279
    outer loop
      vertex -15.5313 -0.637111 5
      vertex -15.6249 -1.26809 5
      vertex -14.6686 -1.4583 4.25
    endloop
  endfacet
  facet normal 0.818569 -0.0402203 0.572998
    outer loop
      vertex -14.525 0 4.25
      vertex -14.561 -0.732677 4.25
      vertex -14 0 3.5
    endloop
  endfacet
  facet normal 0.609437 -0.0299446 0.792269
    outer loop
      vertex -14.525 0 4.25
      vertex -15.5 0 5
      vertex -14.561 -0.732677 4.25
    endloop
  endfacet
  facet normal 0.551593 -0.260855 0.792275
    outer loop
      vertex -15.9948 -2.48744 5
      vertex -16.2675 -3.06408 5
      vertex -15.4076 -3.52369 4.25
    endloop
  endfacet
  facet normal 0.771655 -0.27607 0.573004
    outer loop
      vertex -14.8469 -2.16988 4.25
      vertex -15.094 -2.86056 4.25
      vertex -14.3445 -2.32228 3.5
    endloop
  endfacet
  facet normal 0.77166 -0.276119 0.572974
    outer loop
      vertex -14.3445 -2.32228 3.5
      vertex -15.094 -2.86056 4.25
      vertex -14.609 -3.06147 3.5
    endloop
  endfacet
  facet normal 0.794982 -0.199173 0.573004
    outer loop
      vertex -14.1537 -1.56072 3.5
      vertex -14.8469 -2.16988 4.25
      vertex -14.3445 -2.32228 3.5
    endloop
  endfacet
  facet normal 0.276094 -0.771652 0.572996
    outer loop
      vertex -19.1394 -6.906 4.25
      vertex -19.8301 -7.15313 4.25
      vertex -19.6777 -7.65552 3.5
    endloop
  endfacet
  facet normal 0.040219 -0.818569 0.572998
    outer loop
      vertex -22 -7.475 4.25
      vertex -22 -8 3.5
      vertex -21.2673 -7.439 4.25
    endloop
  endfacet
  facet normal 0.0299437 -0.609437 0.792269
    outer loop
      vertex -22 -6.5 5
      vertex -22 -7.475 4.25
      vertex -21.2673 -7.439 4.25
    endloop
  endfacet
  facet normal 0.970019 -0.243027 0
    outer loop
      vertex -14.3445 -2.32228 3.5
      vertex -14.1537 -1.56072 0
      vertex -14.1537 -1.56072 3.5
    endloop
  endfacet
  facet normal 0.970019 -0.243027 0
    outer loop
      vertex -14.1537 -1.56072 0
      vertex -14.3445 -2.32228 3.5
      vertex -14.3445 -2.32228 0
    endloop
  endfacet
  facet normal 0.702967 -0.421327 0.572992
    outer loop
      vertex -14.9446 -3.77117 3.5
      vertex -15.4076 -3.52369 4.25
      vertex -15.3482 -4.44456 3.5
    endloop
  endfacet
  facet normal 0.740965 -0.671543 0
    outer loop
      vertex -16.3431 -5.65685 3.5
      vertex -15.8159 -5.07515 0
      vertex -15.8159 -5.07515 3.5
    endloop
  endfacet
  facet normal 0.740965 -0.671543 0
    outer loop
      vertex -15.8159 -5.07515 0
      vertex -16.3431 -5.65685 3.5
      vertex -16.3431 -5.65685 0
    endloop
  endfacet
  facet normal 0.421326 -0.702957 0.573006
    outer loop
      vertex -17.5554 -6.65176 3.5
      vertex -18.4763 -6.59236 4.25
      vertex -18.2288 -7.05537 3.5
    endloop
  endfacet
  facet normal 0.514093 -0.857734 0
    outer loop
      vertex -18.2288 -7.05537 0
      vertex -17.5554 -6.65176 3.5
      vertex -18.2288 -7.05537 3.5
    endloop
  endfacet
  facet normal 0.514093 -0.857734 0
    outer loop
      vertex -17.5554 -6.65176 3.5
      vertex -18.2288 -7.05537 0
      vertex -17.5554 -6.65176 0
    endloop
  endfacet
  facet normal 0.595756 -0.803165 0
    outer loop
      vertex -17.5554 -6.65176 0
      vertex -16.9249 -6.18408 3.5
      vertex -17.5554 -6.65176 3.5
    endloop
  endfacet
  facet normal 0.595756 -0.803165 0
    outer loop
      vertex -16.9249 -6.18408 3.5
      vertex -17.5554 -6.65176 0
      vertex -16.9249 -6.18408 0
    endloop
  endfacet
  facet normal 0.409792 -0.452094 0.792264
    outer loop
      vertex -17.4038 -4.59619 5
      vertex -17.8764 -5.02457 5
      vertex -16.7144 -5.28562 4.25
    endloop
  endfacet
  facet normal 0.550383 -0.607217 0.573032
    outer loop
      vertex -16.7144 -5.28562 4.25
      vertex -17.2579 -5.77825 4.25
      vertex -16.3431 -5.65685 3.5
    endloop
  endfacet
  facet normal 0.488219 -0.658288 0.572973
    outer loop
      vertex -17.2579 -5.77825 4.25
      vertex -17.8471 -6.21523 4.25
      vertex -16.9249 -6.18408 3.5
    endloop
  endfacet
  facet normal -0.740965 0.671543 0
    outer loop
      vertex -28.1841 5.07515 0
      vertex -27.6569 5.65685 3.5
      vertex -27.6569 5.65685 0
    endloop
  endfacet
  facet normal -0.740965 0.671543 0
    outer loop
      vertex -27.6569 5.65685 3.5
      vertex -28.1841 5.07515 0
      vertex -28.1841 5.07515 3.5
    endloop
  endfacet
  facet normal -0.671501 0.741004 0
    outer loop
      vertex -27.0751 6.18408 0
      vertex -27.6569 5.65685 3.5
      vertex -27.0751 6.18408 3.5
    endloop
  endfacet
  facet normal -0.671501 0.741004 0
    outer loop
      vertex -27.6569 5.65685 3.5
      vertex -27.0751 6.18408 0
      vertex -27.6569 5.65685 0
    endloop
  endfacet
  facet normal -0.77166 0.276119 0.572974
    outer loop
      vertex -29.391 3.06147 3.5
      vertex -29.6555 2.32228 3.5
      vertex -28.906 2.86056 4.25
    endloop
  endfacet
  facet normal -0.52337 0.31366 0.792276
    outer loop
      vertex -27.4046 3.61121 5
      vertex -28.5924 3.52369 4.25
      vertex -27.7325 3.06408 5
    endloop
  endfacet
  facet normal -0.607191 0.550407 0.573037
    outer loop
      vertex -27.6569 5.65685 3.5
      vertex -27.7783 4.74209 4.25
      vertex -27.2856 5.28562 4.25
    endloop
  endfacet
  facet normal 0.336879 0.941548 -0
    outer loop
      vertex -18.9385 7.39104 0
      vertex -19.6777 7.65552 3.5
      vertex -18.9385 7.39104 3.5
    endloop
  endfacet
  facet normal 0.336879 0.941548 0
    outer loop
      vertex -19.6777 7.65552 3.5
      vertex -18.9385 7.39104 0
      vertex -19.6777 7.65552 0
    endloop
  endfacet
  facet normal 0.120257 0.810688 0.572994
    outer loop
      vertex -20.4393 7.84628 3.5
      vertex -21.2159 7.96148 3.5
      vertex -20.5417 7.33137 4.25
    endloop
  endfacet
  facet normal 0.146733 0.989176 -0
    outer loop
      vertex -20.4393 7.84628 0
      vertex -21.2159 7.96148 3.5
      vertex -20.4393 7.84628 3.5
    endloop
  endfacet
  facet normal 0.146733 0.989176 0
    outer loop
      vertex -21.2159 7.96148 3.5
      vertex -20.4393 7.84628 0
      vertex -21.2159 7.96148 0
    endloop
  endfacet
  facet normal -0.146733 0.989176 0
    outer loop
      vertex -22.7841 7.96148 0
      vertex -23.5607 7.84628 3.5
      vertex -22.7841 7.96148 3.5
    endloop
  endfacet
  facet normal -0.146733 0.989176 0
    outer loop
      vertex -23.5607 7.84628 3.5
      vertex -22.7841 7.96148 0
      vertex -23.5607 7.84628 0
    endloop
  endfacet
  facet normal -0.0490672 0.998795 0
    outer loop
      vertex -22 8 0
      vertex -22.7841 7.96148 3.5
      vertex -22 8 3.5
    endloop
  endfacet
  facet normal -0.0490672 0.998795 0
    outer loop
      vertex -22.7841 7.96148 3.5
      vertex -22 8 0
      vertex -22.7841 7.96148 0
    endloop
  endfacet
  facet normal 0.0895307 0.603567 0.792269
    outer loop
      vertex -20.5417 7.33137 4.25
      vertex -21.3629 6.4687 5
      vertex -20.7319 6.3751 5
    endloop
  endfacet
  facet normal -0.120251 0.810687 0.572998
    outer loop
      vertex -22.7841 7.96148 3.5
      vertex -23.4583 7.33137 4.25
      vertex -22.7327 7.439 4.25
    endloop
  endfacet
  facet normal 0.550346 0.607308 0.572972
    outer loop
      vertex -16.9249 6.18408 3.5
      vertex -17.2579 5.77825 4.25
      vertex -16.3431 5.65685 3.5
    endloop
  endfacet
  facet normal 0.514093 0.857734 -0
    outer loop
      vertex -17.5554 6.65176 0
      vertex -18.2288 7.05537 3.5
      vertex -17.5554 6.65176 3.5
    endloop
  endfacet
  facet normal 0.514093 0.857734 0
    outer loop
      vertex -18.2288 7.05537 3.5
      vertex -17.5554 6.65176 0
      vertex -18.2288 7.05537 0
    endloop
  endfacet
  facet normal 0.276091 0.771652 0.572998
    outer loop
      vertex -18.9385 7.39104 3.5
      vertex -19.6777 7.65552 3.5
      vertex -19.1394 6.906 4.25
    endloop
  endfacet
  facet normal 0.148249 0.591888 0.792269
    outer loop
      vertex -20.5417 7.33137 4.25
      vertex -20.7319 6.3751 5
      vertex -20.1131 6.22011 5
    endloop
  endfacet
  facet normal 0.350421 0.740864 0.572997
    outer loop
      vertex -18.9385 7.39104 3.5
      vertex -19.1394 6.906 4.25
      vertex -18.4763 6.59236 4.25
    endloop
  endfacet
  facet normal 0 0 -1
    outer loop
      vertex -18.5 0 0
      vertex -14 0 0
      vertex -14.0385 -0.784137 0
    endloop
  endfacet
  facet normal 0 0 -1
    outer loop
      vertex -18.5673 -0.682816 0
      vertex -14.0385 -0.784137 0
      vertex -14.1537 -1.56072 0
    endloop
  endfacet
  facet normal 0 0 -1
    outer loop
      vertex -14 0 0
      vertex -18.5 0 0
      vertex -14.0385 0.784137 0
    endloop
  endfacet
  facet normal 0 0 -1
    outer loop
      vertex -18.5673 -0.682816 0
      vertex -14.1537 -1.56072 0
      vertex -14.3445 -2.32228 0
    endloop
  endfacet
  facet normal 0 0 -1
    outer loop
      vertex -18.5673 0.682816 0
      vertex -14.0385 0.784137 0
      vertex -18.5 0 0
    endloop
  endfacet
  facet normal 0 0 -1
    outer loop
      vertex -18.7664 -1.33939 0
      vertex -14.3445 -2.32228 0
      vertex -14.609 -3.06147 0
    endloop
  endfacet
  facet normal -0 0 -1
    outer loop
      vertex -14.0385 0.784137 0
      vertex -18.5673 0.682816 0
      vertex -14.1537 1.56072 0
    endloop
  endfacet
  facet normal 0 0 -1
    outer loop
      vertex -18.7664 -1.33939 0
      vertex -14.609 -3.06147 0
      vertex -14.9446 -3.77117 0
    endloop
  endfacet
  facet normal -0 0 -1
    outer loop
      vertex -14.1537 1.56072 0
      vertex -18.5673 0.682816 0
      vertex -14.3445 2.32228 0
    endloop
  endfacet
  facet normal 0 0 -1
    outer loop
      vertex -19.0899 -1.9445 0
      vertex -14.9446 -3.77117 0
      vertex -15.3482 -4.44456 0
    endloop
  endfacet
  facet normal 0 0 -1
    outer loop
      vertex -18.7664 1.33939 0
      vertex -14.3445 2.32228 0
      vertex -18.5673 0.682816 0
    endloop
  endfacet
  facet normal 0 0 -1
    outer loop
      vertex -19.0899 -1.9445 0
      vertex -15.3482 -4.44456 0
      vertex -15.8159 -5.07515 0
    endloop
  endfacet
  facet normal -0 0 -1
    outer loop
      vertex -14.3445 2.32228 0
      vertex -18.7664 1.33939 0
      vertex -14.609 3.06147 0
    endloop
  endfacet
  facet normal 0 0 -1
    outer loop
      vertex -19.5251 -2.47487 0
      vertex -15.8159 -5.07515 0
      vertex -16.3431 -5.65685 0
    endloop
  endfacet
  facet normal -0 0 -1
    outer loop
      vertex -14.609 3.06147 0
      vertex -18.7664 1.33939 0
      vertex -14.9446 3.77117 0
    endloop
  endfacet
  facet normal 0 0 -1
    outer loop
      vertex -19.5251 -2.47487 0
      vertex -16.3431 -5.65685 0
      vertex -16.9249 -6.18408 0
    endloop
  endfacet
  facet normal 0 0 -1
    outer loop
      vertex -19.0899 1.9445 0
      vertex -14.9446 3.77117 0
      vertex -18.7664 1.33939 0
    endloop
  endfacet
  facet normal 0 0 -1
    outer loop
      vertex -20.0555 -2.91014 0
      vertex -16.9249 -6.18408 0
      vertex -17.5554 -6.65176 0
    endloop
  endfacet
  facet normal -0 0 -1
    outer loop
      vertex -14.9446 3.77117 0
      vertex -19.0899 1.9445 0
      vertex -15.3482 4.44456 0
    endloop
  endfacet
  facet normal 0 0 -1
    outer loop
      vertex -20.0555 -2.91014 0
      vertex -17.5554 -6.65176 0
      vertex -18.2288 -7.05537 0
    endloop
  endfacet
  facet normal -0 0 -1
    outer loop
      vertex -15.3482 4.44456 0
      vertex -19.0899 1.9445 0
      vertex -15.8159 5.07515 0
    endloop
  endfacet
  facet normal 0 0 -1
    outer loop
      vertex -19.5251 2.47487 0
      vertex -15.8159 5.07515 0
      vertex -19.0899 1.9445 0
    endloop
  endfacet
  facet normal 0 0 -1
    outer loop
      vertex -14.0385 -0.784137 0
      vertex -18.5673 -0.682816 0
      vertex -18.5 0 0
    endloop
  endfacet
  facet normal 0 0 -1
    outer loop
      vertex -14.3445 -2.32228 0
      vertex -18.7664 -1.33939 0
      vertex -18.5673 -0.682816 0
    endloop
  endfacet
  facet normal 0 0 -1
    outer loop
      vertex -20.6606 -3.23358 0
      vertex -18.2288 -7.05537 0
      vertex -18.9385 -7.39104 0
    endloop
  endfacet
  facet normal 0 0 -1
    outer loop
      vertex -14.9446 -3.77117 0
      vertex -19.0899 -1.9445 0
      vertex -18.7664 -1.33939 0
    endloop
  endfacet
  facet normal 0 0 -1
    outer loop
      vertex -15.8159 -5.07515 0
      vertex -19.5251 -2.47487 0
      vertex -19.0899 -1.9445 0
    endloop
  endfacet
  facet normal 0 0 -1
    outer loop
      vertex -20.6606 -3.23358 0
      vertex -18.9385 -7.39104 0
      vertex -19.6777 -7.65552 0
    endloop
  endfacet
  facet normal 0 0 -1
    outer loop
      vertex -16.9249 -6.18408 0
      vertex -20.0555 -2.91014 0
      vertex -19.5251 -2.47487 0
    endloop
  endfacet
  facet normal 0 0 -1
    outer loop
      vertex -21.3172 -3.43275 0
      vertex -19.6777 -7.65552 0
      vertex -20.4393 -7.84628 0
    endloop
  endfacet
  facet normal 0 0 -1
    outer loop
      vertex -18.2288 -7.05537 0
      vertex -20.6606 -3.23358 0
      vertex -20.0555 -2.91014 0
    endloop
  endfacet
  facet normal 0 0 -1
    outer loop
      vertex -21.3172 -3.43275 0
      vertex -20.4393 -7.84628 0
      vertex -21.2159 -7.96148 0
    endloop
  endfacet
  facet normal 0 0 -1
    outer loop
      vertex -19.6777 -7.65552 0
      vertex -21.3172 -3.43275 0
      vertex -20.6606 -3.23358 0
    endloop
  endfacet
  facet normal 0 0 -1
    outer loop
      vertex -22 -3.5 0
      vertex -21.2159 -7.96148 0
      vertex -22 -8 0
    endloop
  endfacet
  facet normal 0 0 -1
    outer loop
      vertex -21.2159 -7.96148 0
      vertex -22 -3.5 0
      vertex -21.3172 -3.43275 0
    endloop
  endfacet
  facet normal 0 0 -1
    outer loop
      vertex -22.7841 -7.96148 0
      vertex -22 -3.5 0
      vertex -22 -8 0
    endloop
  endfacet
  facet normal -0 0 -1
    outer loop
      vertex -22 -3.5 0
      vertex -22.7841 -7.96148 0
      vertex -22.6828 -3.43275 0
    endloop
  endfacet
  facet normal 0 0 -1
    outer loop
      vertex -23.5607 -7.84628 0
      vertex -22.6828 -3.43275 0
      vertex -22.7841 -7.96148 0
    endloop
  endfacet
  facet normal 0 0 -1
    outer loop
      vertex -24.3223 -7.65552 0
      vertex -22.6828 -3.43275 0
      vertex -23.5607 -7.84628 0
    endloop
  endfacet
  facet normal -0 0 -1
    outer loop
      vertex -22.6828 -3.43275 0
      vertex -24.3223 -7.65552 0
      vertex -23.3394 -3.23358 0
    endloop
  endfacet
  facet normal 0 0 -1
    outer loop
      vertex -25.0615 -7.39104 0
      vertex -23.3394 -3.23358 0
      vertex -24.3223 -7.65552 0
    endloop
  endfacet
  facet normal 0 0 -1
    outer loop
      vertex -25.7712 -7.05537 0
      vertex -23.3394 -3.23358 0
      vertex -25.0615 -7.39104 0
    endloop
  endfacet
  facet normal -0 0 -1
    outer loop
      vertex -23.3394 -3.23358 0
      vertex -25.7712 -7.05537 0
      vertex -23.9445 -2.91014 0
    endloop
  endfacet
  facet normal 0 0 -1
    outer loop
      vertex -26.4446 -6.65176 0
      vertex -23.9445 -2.91014 0
      vertex -25.7712 -7.05537 0
    endloop
  endfacet
  facet normal 0 0 -1
    outer loop
      vertex -27.0751 -6.18408 0
      vertex -23.9445 -2.91014 0
      vertex -26.4446 -6.65176 0
    endloop
  endfacet
  facet normal -0 0 -1
    outer loop
      vertex -23.9445 -2.91014 0
      vertex -27.0751 -6.18408 0
      vertex -24.4749 -2.47487 0
    endloop
  endfacet
  facet normal 0 0 -1
    outer loop
      vertex -27.6569 -5.65685 0
      vertex -24.4749 -2.47487 0
      vertex -27.0751 -6.18408 0
    endloop
  endfacet
  facet normal 0 0 -1
    outer loop
      vertex -28.1841 -5.07515 0
      vertex -24.4749 -2.47487 0
      vertex -27.6569 -5.65685 0
    endloop
  endfacet
  facet normal -0 0 -1
    outer loop
      vertex -15.8159 5.07515 0
      vertex -19.5251 2.47487 0
      vertex -16.3431 5.65685 0
    endloop
  endfacet
  facet normal -0 0 -1
    outer loop
      vertex -16.3431 5.65685 0
      vertex -19.5251 2.47487 0
      vertex -16.9249 6.18408 0
    endloop
  endfacet
  facet normal 0 0 -1
    outer loop
      vertex -20.0555 2.91014 0
      vertex -16.9249 6.18408 0
      vertex -19.5251 2.47487 0
    endloop
  endfacet
  facet normal -0 0 -1
    outer loop
      vertex -16.9249 6.18408 0
      vertex -20.0555 2.91014 0
      vertex -17.5554 6.65176 0
    endloop
  endfacet
  facet normal -0 0 -1
    outer loop
      vertex -17.5554 6.65176 0
      vertex -20.0555 2.91014 0
      vertex -18.2288 7.05537 0
    endloop
  endfacet
  facet normal 0 0 -1
    outer loop
      vertex -20.6606 3.23358 0
      vertex -18.2288 7.05537 0
      vertex -20.0555 2.91014 0
    endloop
  endfacet
  facet normal -0 0 -1
    outer loop
      vertex -18.2288 7.05537 0
      vertex -20.6606 3.23358 0
      vertex -18.9385 7.39104 0
    endloop
  endfacet
  facet normal -0 0 -1
    outer loop
      vertex -18.9385 7.39104 0
      vertex -20.6606 3.23358 0
      vertex -19.6777 7.65552 0
    endloop
  endfacet
  facet normal 0 0 -1
    outer loop
      vertex -21.3172 3.43275 0
      vertex -19.6777 7.65552 0
      vertex -20.6606 3.23358 0
    endloop
  endfacet
  facet normal -0 0 -1
    outer loop
      vertex -19.6777 7.65552 0
      vertex -21.3172 3.43275 0
      vertex -20.4393 7.84628 0
    endloop
  endfacet
  facet normal -0 0 -1
    outer loop
      vertex -20.4393 7.84628 0
      vertex -21.3172 3.43275 0
      vertex -21.2159 7.96148 0
    endloop
  endfacet
  facet normal 0 0 -1
    outer loop
      vertex -22 3.5 0
      vertex -21.2159 7.96148 0
      vertex -21.3172 3.43275 0
    endloop
  endfacet
  facet normal 0 0 -1
    outer loop
      vertex -22 3.5 0
      vertex -22 8 0
      vertex -21.2159 7.96148 0
    endloop
  endfacet
  facet normal 0 0 -1
    outer loop
      vertex -22.7841 7.96148 0
      vertex -22 3.5 0
      vertex -22.6828 3.43275 0
    endloop
  endfacet
  facet normal 0 0 -1
    outer loop
      vertex -22 3.5 0
      vertex -22.7841 7.96148 0
      vertex -22 8 0
    endloop
  endfacet
  facet normal 0 0 -1
    outer loop
      vertex -24.3223 7.65552 0
      vertex -22.6828 3.43275 0
      vertex -23.3394 3.23358 0
    endloop
  endfacet
  facet normal 0 0 -1
    outer loop
      vertex -22.6828 3.43275 0
      vertex -23.5607 7.84628 0
      vertex -22.7841 7.96148 0
    endloop
  endfacet
  facet normal 0 0 -1
    outer loop
      vertex -25.7712 7.05537 0
      vertex -23.3394 3.23358 0
      vertex -23.9445 2.91014 0
    endloop
  endfacet
  facet normal 0 0 -1
    outer loop
      vertex -22.6828 3.43275 0
      vertex -24.3223 7.65552 0
      vertex -23.5607 7.84628 0
    endloop
  endfacet
  facet normal 0 0 -1
    outer loop
      vertex -27.0751 6.18408 0
      vertex -23.9445 2.91014 0
      vertex -24.4749 2.47487 0
    endloop
  endfacet
  facet normal 0 0 -1
    outer loop
      vertex -28.1841 5.07515 0
      vertex -24.4749 2.47487 0
      vertex -24.9101 1.9445 0
    endloop
  endfacet
  facet normal 0 0 -1
    outer loop
      vertex -23.3394 3.23358 0
      vertex -25.0615 7.39104 0
      vertex -24.3223 7.65552 0
    endloop
  endfacet
  facet normal 0 0 -1
    outer loop
      vertex -29.0554 3.77117 0
      vertex -24.9101 1.9445 0
      vertex -25.2336 1.33939 0
    endloop
  endfacet
  facet normal 0 0 -1
    outer loop
      vertex -29.6555 2.32228 0
      vertex -25.2336 1.33939 0
      vertex -25.4327 0.682816 0
    endloop
  endfacet
  facet normal 0 0 -1
    outer loop
      vertex -29.9615 0.784137 0
      vertex -25.4327 0.682816 0
      vertex -25.5 0 0
    endloop
  endfacet
  facet normal 0 0 -1
    outer loop
      vertex -23.3394 3.23358 0
      vertex -25.7712 7.05537 0
      vertex -25.0615 7.39104 0
    endloop
  endfacet
  facet normal -0 0 -1
    outer loop
      vertex -24.4749 -2.47487 0
      vertex -28.1841 -5.07515 0
      vertex -24.9101 -1.9445 0
    endloop
  endfacet
  facet normal 0 0 -1
    outer loop
      vertex -28.6518 -4.44456 0
      vertex -24.9101 -1.9445 0
      vertex -28.1841 -5.07515 0
    endloop
  endfacet
  facet normal 0 0 -1
    outer loop
      vertex -23.9445 2.91014 0
      vertex -26.4446 6.65176 0
      vertex -25.7712 7.05537 0
    endloop
  endfacet
  facet normal 0 0 -1
    outer loop
      vertex -29.0554 -3.77117 0
      vertex -24.9101 -1.9445 0
      vertex -28.6518 -4.44456 0
    endloop
  endfacet
  facet normal 0 0 -1
    outer loop
      vertex -23.9445 2.91014 0
      vertex -27.0751 6.18408 0
      vertex -26.4446 6.65176 0
    endloop
  endfacet
  facet normal -0 0 -1
    outer loop
      vertex -24.9101 -1.9445 0
      vertex -29.0554 -3.77117 0
      vertex -25.2336 -1.33939 0
    endloop
  endfacet
  facet normal 0 0 -1
    outer loop
      vertex -24.4749 2.47487 0
      vertex -27.6569 5.65685 0
      vertex -27.0751 6.18408 0
    endloop
  endfacet
  facet normal 0 0 -1
    outer loop
      vertex -29.391 -3.06147 0
      vertex -25.2336 -1.33939 0
      vertex -29.0554 -3.77117 0
    endloop
  endfacet
  facet normal 0 0 -1
    outer loop
      vertex -24.4749 2.47487 0
      vertex -28.1841 5.07515 0
      vertex -27.6569 5.65685 0
    endloop
  endfacet
  facet normal 0 0 -1
    outer loop
      vertex -29.6555 -2.32228 0
      vertex -25.2336 -1.33939 0
      vertex -29.391 -3.06147 0
    endloop
  endfacet
  facet normal 0 0 -1
    outer loop
      vertex -24.9101 1.9445 0
      vertex -28.6518 4.44456 0
      vertex -28.1841 5.07515 0
    endloop
  endfacet
  facet normal -0 0 -1
    outer loop
      vertex -25.2336 -1.33939 0
      vertex -29.6555 -2.32228 0
      vertex -25.4327 -0.682816 0
    endloop
  endfacet
  facet normal 0 0 -1
    outer loop
      vertex -24.9101 1.9445 0
      vertex -29.0554 3.77117 0
      vertex -28.6518 4.44456 0
    endloop
  endfacet
  facet normal 0 0 -1
    outer loop
      vertex -29.8463 -1.56072 0
      vertex -25.4327 -0.682816 0
      vertex -29.6555 -2.32228 0
    endloop
  endfacet
  facet normal 0 0 -1
    outer loop
      vertex -25.2336 1.33939 0
      vertex -29.391 3.06147 0
      vertex -29.0554 3.77117 0
    endloop
  endfacet
  facet normal 0 0 -1
    outer loop
      vertex -29.9615 -0.784137 0
      vertex -25.4327 -0.682816 0
      vertex -29.8463 -1.56072 0
    endloop
  endfacet
  facet normal 0 0 -1
    outer loop
      vertex -25.2336 1.33939 0
      vertex -29.6555 2.32228 0
      vertex -29.391 3.06147 0
    endloop
  endfacet
  facet normal -0 0 -1
    outer loop
      vertex -25.4327 -0.682816 0
      vertex -29.9615 -0.784137 0
      vertex -25.5 0 0
    endloop
  endfacet
  facet normal 0 0 -1
    outer loop
      vertex -25.4327 0.682816 0
      vertex -29.8463 1.56072 0
      vertex -29.6555 2.32228 0
    endloop
  endfacet
  facet normal 0 0 -1
    outer loop
      vertex -30 0 0
      vertex -25.5 0 0
      vertex -29.9615 -0.784137 0
    endloop
  endfacet
  facet normal 0 0 -1
    outer loop
      vertex -25.4327 0.682816 0
      vertex -29.9615 0.784137 0
      vertex -29.8463 1.56072 0
    endloop
  endfacet
  facet normal 0 0 -1
    outer loop
      vertex -25.5 0 0
      vertex -30 0 0
      vertex -29.9615 0.784137 0
    endloop
  endfacet
  facet normal -0.794982 0.199173 0.573004
    outer loop
      vertex -29.6555 2.32228 3.5
      vertex -29.8463 1.56072 3.5
      vertex -29.1531 2.16988 4.25
    endloop
  endfacet
  facet normal -0.998797 0.0490395 0
    outer loop
      vertex -30 0 0
      vertex -29.9615 0.784137 3.5
      vertex -29.9615 0.784137 0
    endloop
  endfacet
  facet normal -0.998797 0.0490395 0
    outer loop
      vertex -29.9615 0.784137 3.5
      vertex -30 0 0
      vertex -30 0 3.5
    endloop
  endfacet
  facet normal -0.970019 0.243027 0
    outer loop
      vertex -29.8463 1.56072 0
      vertex -29.6555 2.32228 3.5
      vertex -29.6555 2.32228 0
    endloop
  endfacet
  facet normal -0.970019 0.243027 0
    outer loop
      vertex -29.6555 2.32228 3.5
      vertex -29.8463 1.56072 0
      vertex -29.8463 1.56072 3.5
    endloop
  endfacet
  facet normal -0.90402 0.427489 0
    outer loop
      vertex -29.391 3.06147 0
      vertex -29.0554 3.77117 3.5
      vertex -29.0554 3.77117 0
    endloop
  endfacet
  facet normal -0.90402 0.427489 0
    outer loop
      vertex -29.0554 3.77117 3.5
      vertex -29.391 3.06147 0
      vertex -29.391 3.06147 3.5
    endloop
  endfacet
  facet normal -0.452076 0.409799 0.79227
    outer loop
      vertex -27.2856 5.28562 4.25
      vertex -27.7783 4.74209 4.25
      vertex -27.0246 4.12356 5
    endloop
  endfacet
  facet normal -0.740901 0.350379 0.572975
    outer loop
      vertex -28.5924 3.52369 4.25
      vertex -29.391 3.06147 3.5
      vertex -28.906 2.86056 4.25
    endloop
  endfacet
  facet normal -0.998797 -0.0490395 0
    outer loop
      vertex -29.9615 -0.784137 0
      vertex -30 0 3.5
      vertex -30 0 0
    endloop
  endfacet
  facet normal -0.998797 -0.0490395 0
    outer loop
      vertex -30 0 3.5
      vertex -29.9615 -0.784137 0
      vertex -29.9615 -0.784137 3.5
    endloop
  endfacet
  facet normal -0.818556 -0.0401899 0.573019
    outer loop
      vertex -29.439 -0.732677 4.25
      vertex -30 0 3.5
      vertex -29.9615 -0.784137 3.5
    endloop
  endfacet
  facet normal -0.90402 -0.427489 0
    outer loop
      vertex -29.0554 -3.77117 0
      vertex -29.391 -3.06147 3.5
      vertex -29.391 -3.06147 0
    endloop
  endfacet
  facet normal -0.90402 -0.427489 0
    outer loop
      vertex -29.391 -3.06147 3.5
      vertex -29.0554 -3.77117 0
      vertex -29.0554 -3.77117 3.5
    endloop
  endfacet
  facet normal -0.452076 -0.409799 0.79227
    outer loop
      vertex -27.0246 -4.12356 5
      vertex -27.7783 -4.74209 4.25
      vertex -27.2856 -5.28562 4.25
    endloop
  endfacet
  facet normal -0.040219 0.818569 0.572998
    outer loop
      vertex -22 8 3.5
      vertex -22.7327 7.439 4.25
      vertex -22 7.475 4.25
    endloop
  endfacet
  facet normal 0.409788 0.452103 0.79226
    outer loop
      vertex -17.2579 5.77825 4.25
      vertex -17.8764 5.02457 5
      vertex -16.7144 5.28562 4.25
    endloop
  endfacet
  facet normal 0.658327 0.488159 0.57298
    outer loop
      vertex -15.8159 5.07515 3.5
      vertex -16.2217 4.74209 4.25
      vertex -15.7848 4.15289 4.25
    endloop
  endfacet
  facet normal 0.550383 0.607217 0.573032
    outer loop
      vertex -16.3431 5.65685 3.5
      vertex -17.2579 5.77825 4.25
      vertex -16.7144 5.28562 4.25
    endloop
  endfacet
  facet normal 0.794982 0.199173 0.573004
    outer loop
      vertex -14.3445 2.32228 3.5
      vertex -14.8469 2.16988 4.25
      vertex -14.1537 1.56072 3.5
    endloop
  endfacet
  facet normal 0.970019 0.243027 0
    outer loop
      vertex -14.1537 1.56072 3.5
      vertex -14.3445 2.32228 0
      vertex -14.3445 2.32228 3.5
    endloop
  endfacet
  facet normal 0.970019 0.243027 0
    outer loop
      vertex -14.3445 2.32228 0
      vertex -14.1537 1.56072 3.5
      vertex -14.1537 1.56072 0
    endloop
  endfacet
  facet normal 0.740965 0.671543 0
    outer loop
      vertex -15.8159 5.07515 3.5
      vertex -16.3431 5.65685 0
      vertex -16.3431 5.65685 3.5
    endloop
  endfacet
  facet normal 0.740965 0.671543 0
    outer loop
      vertex -16.3431 5.65685 0
      vertex -15.8159 5.07515 3.5
      vertex -15.8159 5.07515 0
    endloop
  endfacet
  facet normal -0.740901 -0.350354 0.57299
    outer loop
      vertex -28.5924 -3.52369 4.25
      vertex -29.391 -3.06147 3.5
      vertex -29.0554 -3.77117 3.5
    endloop
  endfacet
  facet normal -0.803194 -0.595718 0
    outer loop
      vertex -28.1841 -5.07515 0
      vertex -28.6518 -4.44456 3.5
      vertex -28.6518 -4.44456 0
    endloop
  endfacet
  facet normal -0.803194 -0.595718 0
    outer loop
      vertex -28.6518 -4.44456 3.5
      vertex -28.1841 -5.07515 0
      vertex -28.1841 -5.07515 3.5
    endloop
  endfacet
  facet normal -0.48825 -0.658231 0.573013
    outer loop
      vertex -26.1529 -6.21523 4.25
      vertex -27.0751 -6.18408 3.5
      vertex -26.4446 -6.65176 3.5
    endloop
  endfacet
  facet normal -0.313708 -0.523357 0.792266
    outer loop
      vertex -25.0641 -5.73249 5
      vertex -25.6112 -5.40455 5
      vertex -25.5237 -6.59236 4.25
    endloop
  endfacet
  facet normal -0.350421 -0.740864 0.572997
    outer loop
      vertex -24.8606 -6.906 4.25
      vertex -25.5237 -6.59236 4.25
      vertex -25.0615 -7.39104 3.5
    endloop
  endfacet
  facet normal -0.260861 -0.551603 0.792266
    outer loop
      vertex -25.0641 -5.73249 5
      vertex -25.5237 -6.59236 4.25
      vertex -24.4874 -6.00522 5
    endloop
  endfacet
  facet normal -0.363485 -0.490103 0.792261
    outer loop
      vertex -26.1236 -5.02457 5
      vertex -26.7421 -5.77825 4.25
      vertex -26.1529 -6.21523 4.25
    endloop
  endfacet
  facet normal -0.452098 -0.409789 0.792263
    outer loop
      vertex -27.0246 -4.12356 5
      vertex -27.2856 -5.28562 4.25
      vertex -26.5962 -4.59619 5
    endloop
  endfacet
  facet normal 0.603574 -0.0895017 0.792268
    outer loop
      vertex -14.561 -0.732677 4.25
      vertex -15.5313 -0.637111 5
      vertex -14.6686 -1.4583 4.25
    endloop
  endfacet
  facet normal 0.609439 -0.0299405 0.792267
    outer loop
      vertex -15.5 0 5
      vertex -15.5313 -0.637111 5
      vertex -14.561 -0.732677 4.25
    endloop
  endfacet
  facet normal 0.52337 -0.31366 0.792276
    outer loop
      vertex -16.2675 -3.06408 5
      vertex -16.5954 -3.61121 5
      vertex -15.4076 -3.52369 4.25
    endloop
  endfacet
  facet normal 0.199126 -0.795 0.572996
    outer loop
      vertex -19.8301 -7.15313 4.25
      vertex -20.4393 -7.84628 3.5
      vertex -19.6777 -7.65552 3.5
    endloop
  endfacet
  facet normal 0.336879 -0.941548 0
    outer loop
      vertex -19.6777 -7.65552 0
      vertex -18.9385 -7.39104 3.5
      vertex -19.6777 -7.65552 3.5
    endloop
  endfacet
  facet normal 0.336879 -0.941548 0
    outer loop
      vertex -18.9385 -7.39104 3.5
      vertex -19.6777 -7.65552 0
      vertex -18.9385 -7.39104 0
    endloop
  endfacet
  facet normal 0.242967 -0.970035 0
    outer loop
      vertex -20.4393 -7.84628 0
      vertex -19.6777 -7.65552 3.5
      vertex -20.4393 -7.84628 3.5
    endloop
  endfacet
  facet normal 0.242967 -0.970035 0
    outer loop
      vertex -19.6777 -7.65552 3.5
      vertex -20.4393 -7.84628 0
      vertex -19.6777 -7.65552 0
    endloop
  endfacet
  facet normal 0.029941 -0.609439 0.792268
    outer loop
      vertex -21.3629 -6.4687 5
      vertex -22 -6.5 5
      vertex -21.2673 -7.439 4.25
    endloop
  endfacet
  facet normal 0.0895288 -0.603569 0.792269
    outer loop
      vertex -20.5417 -7.33137 4.25
      vertex -21.3629 -6.4687 5
      vertex -21.2673 -7.439 4.25
    endloop
  endfacet
  facet normal -0.0299437 -0.609437 0.792269
    outer loop
      vertex -22 -6.5 5
      vertex -22.7327 -7.439 4.25
      vertex -22 -7.475 4.25
    endloop
  endfacet
  facet normal -0.148249 -0.591888 0.792269
    outer loop
      vertex -23.2681 -6.3751 5
      vertex -23.8869 -6.22011 5
      vertex -23.4583 -7.33137 4.25
    endloop
  endfacet
  facet normal 0.794987 -0.199199 0.572988
    outer loop
      vertex -14.6686 -1.4583 4.25
      vertex -14.8469 -2.16988 4.25
      vertex -14.1537 -1.56072 3.5
    endloop
  endfacet
  facet normal 0.591879 -0.148307 0.792265
    outer loop
      vertex -14.6686 -1.4583 4.25
      vertex -15.7799 -1.88685 5
      vertex -14.8469 -2.16988 4.25
    endloop
  endfacet
  facet normal 0.998797 -0.0490395 0
    outer loop
      vertex -14.0385 -0.784137 3.5
      vertex -14 0 0
      vertex -14 0 3.5
    endloop
  endfacet
  facet normal 0.998797 -0.0490395 0
    outer loop
      vertex -14 0 0
      vertex -14.0385 -0.784137 3.5
      vertex -14.0385 -0.784137 0
    endloop
  endfacet
  facet normal 0.989176 -0.146736 0
    outer loop
      vertex -14.1537 -1.56072 3.5
      vertex -14.0385 -0.784137 0
      vertex -14.0385 -0.784137 3.5
    endloop
  endfacet
  facet normal 0.989176 -0.146736 0
    outer loop
      vertex -14.0385 -0.784137 0
      vertex -14.1537 -1.56072 3.5
      vertex -14.1537 -1.56072 0
    endloop
  endfacet
  facet normal 0.803194 -0.595718 0
    outer loop
      vertex -15.8159 -5.07515 3.5
      vertex -15.3482 -4.44456 0
      vertex -15.3482 -4.44456 3.5
    endloop
  endfacet
  facet normal 0.803194 -0.595718 0
    outer loop
      vertex -15.3482 -4.44456 0
      vertex -15.8159 -5.07515 3.5
      vertex -15.8159 -5.07515 0
    endloop
  endfacet
  facet normal 0.671501 -0.741004 0
    outer loop
      vertex -16.9249 -6.18408 0
      vertex -16.3431 -5.65685 3.5
      vertex -16.9249 -6.18408 3.5
    endloop
  endfacet
  facet normal 0.671501 -0.741004 0
    outer loop
      vertex -16.3431 -5.65685 3.5
      vertex -16.9249 -6.18408 0
      vertex -16.3431 -5.65685 0
    endloop
  endfacet
  facet normal 0.607191 -0.550407 0.573037
    outer loop
      vertex -16.2217 -4.74209 4.25
      vertex -16.7144 -5.28562 4.25
      vertex -16.3431 -5.65685 3.5
    endloop
  endfacet
  facet normal 0.452076 -0.409799 0.79227
    outer loop
      vertex -16.2217 -4.74209 4.25
      vertex -16.9754 -4.12356 5
      vertex -16.7144 -5.28562 4.25
    endloop
  endfacet
  facet normal 0.421332 -0.702947 0.573014
    outer loop
      vertex -17.8471 -6.21523 4.25
      vertex -18.4763 -6.59236 4.25
      vertex -17.5554 -6.65176 3.5
    endloop
  endfacet
  facet normal 0.48825 -0.658231 0.573013
    outer loop
      vertex -16.9249 -6.18408 3.5
      vertex -17.8471 -6.21523 4.25
      vertex -17.5554 -6.65176 3.5
    endloop
  endfacet
  facet normal 0.452098 -0.409789 0.792263
    outer loop
      vertex -16.9754 -4.12356 5
      vertex -17.4038 -4.59619 5
      vertex -16.7144 -5.28562 4.25
    endloop
  endfacet
  facet normal -0.591872 0.148265 0.792278
    outer loop
      vertex -28.2201 1.88685 5
      vertex -29.3314 1.4583 4.25
      vertex -28.3751 1.26809 5
    endloop
  endfacet
  facet normal -0.551593 0.260855 0.792275
    outer loop
      vertex -27.7325 3.06408 5
      vertex -28.5924 3.52369 4.25
      vertex -28.0052 2.48744 5
    endloop
  endfacet
  facet normal -0.409792 0.452094 0.792264
    outer loop
      vertex -26.1236 5.02457 5
      vertex -27.2856 5.28562 4.25
      vertex -26.5962 4.59619 5
    endloop
  endfacet
  facet normal -0.702892 0.421378 0.573048
    outer loop
      vertex -28.2152 4.15289 4.25
      vertex -28.6518 4.44456 3.5
      vertex -28.5924 3.52369 4.25
    endloop
  endfacet
  facet normal -0.550346 0.607308 0.572972
    outer loop
      vertex -27.0751 6.18408 3.5
      vertex -27.6569 5.65685 3.5
      vertex -26.7421 5.77825 4.25
    endloop
  endfacet
  facet normal -0.49011 0.363505 0.792248
    outer loop
      vertex -27.0246 4.12356 5
      vertex -28.2152 4.15289 4.25
      vertex -27.4046 3.61121 5
    endloop
  endfacet
  facet normal -0.658327 0.488159 0.57298
    outer loop
      vertex -28.1841 5.07515 3.5
      vertex -28.2152 4.15289 4.25
      vertex -27.7783 4.74209 4.25
    endloop
  endfacet
  facet normal -0.029941 0.609439 0.792268
    outer loop
      vertex -22 6.5 5
      vertex -22.7327 7.439 4.25
      vertex -22.6371 6.4687 5
    endloop
  endfacet
  facet normal -0.0299437 0.609437 0.792269
    outer loop
      vertex -22 7.475 4.25
      vertex -22.7327 7.439 4.25
      vertex -22 6.5 5
    endloop
  endfacet
  facet normal -0.19913 0.795001 0.572993
    outer loop
      vertex -23.5607 7.84628 3.5
      vertex -24.1699 7.15313 4.25
      vertex -23.4583 7.33137 4.25
    endloop
  endfacet
  facet normal 0.60727 0.550375 0.572984
    outer loop
      vertex -15.8159 5.07515 3.5
      vertex -16.3431 5.65685 3.5
      vertex -16.2217 4.74209 4.25
    endloop
  endfacet
  facet normal 0.490125 0.363435 0.79227
    outer loop
      vertex -16.2217 4.74209 4.25
      vertex -16.9754 4.12356 5
      vertex -15.7848 4.15289 4.25
    endloop
  endfacet
  facet normal 0.48825 0.658231 0.573013
    outer loop
      vertex -17.5554 6.65176 3.5
      vertex -17.8471 6.21523 4.25
      vertex -16.9249 6.18408 3.5
    endloop
  endfacet
  facet normal 0.199126 0.795 0.572996
    outer loop
      vertex -19.6777 7.65552 3.5
      vertex -20.4393 7.84628 3.5
      vertex -19.8301 7.15313 4.25
    endloop
  endfacet
  facet normal 0.313708 0.523357 0.792266
    outer loop
      vertex -18.4763 6.59236 4.25
      vertex -18.9359 5.73249 5
      vertex -18.3888 5.40455 5
    endloop
  endfacet
  facet normal 0.313691 0.523359 0.792271
    outer loop
      vertex -17.8471 6.21523 4.25
      vertex -18.4763 6.59236 4.25
      vertex -18.3888 5.40455 5
    endloop
  endfacet
  facet normal 0.260888 0.551572 0.792278
    outer loop
      vertex -19.1394 6.906 4.25
      vertex -19.5126 6.00522 5
      vertex -18.4763 6.59236 4.25
    endloop
  endfacet
  facet normal 0.205557 0.574508 0.792267
    outer loop
      vertex -19.8301 7.15313 4.25
      vertex -20.1131 6.22011 5
      vertex -19.1394 6.906 4.25
    endloop
  endfacet
  facet normal -0.490125 0.363435 0.79227
    outer loop
      vertex -27.7783 4.74209 4.25
      vertex -28.2152 4.15289 4.25
      vertex -27.0246 4.12356 5
    endloop
  endfacet
  facet normal -0.60727 0.550375 0.572984
    outer loop
      vertex -27.6569 5.65685 3.5
      vertex -28.1841 5.07515 3.5
      vertex -27.7783 4.74209 4.25
    endloop
  endfacet
  facet normal -0.803194 0.595718 0
    outer loop
      vertex -28.6518 4.44456 0
      vertex -28.1841 5.07515 3.5
      vertex -28.1841 5.07515 0
    endloop
  endfacet
  facet normal -0.803194 0.595718 0
    outer loop
      vertex -28.1841 5.07515 3.5
      vertex -28.6518 4.44456 0
      vertex -28.6518 4.44456 3.5
    endloop
  endfacet
  facet normal -0.574517 0.205541 0.792265
    outer loop
      vertex -28.906 2.86056 4.25
      vertex -29.1531 2.16988 4.25
      vertex -28.2201 1.88685 5
    endloop
  endfacet
  facet normal -0.603574 -0.0895017 0.792268
    outer loop
      vertex -28.4687 -0.637111 5
      vertex -29.439 -0.732677 4.25
      vertex -29.3314 -1.4583 4.25
    endloop
  endfacet
  facet normal -0.609437 -0.0299446 0.792269
    outer loop
      vertex -28.5 0 5
      vertex -29.475 0 4.25
      vertex -29.439 -0.732677 4.25
    endloop
  endfacet
  facet normal -0.771655 -0.27607 0.573004
    outer loop
      vertex -29.1531 -2.16988 4.25
      vertex -29.6555 -2.32228 3.5
      vertex -28.906 -2.86056 4.25
    endloop
  endfacet
  facet normal -0.523359 -0.313749 0.792248
    outer loop
      vertex -27.4046 -3.61121 5
      vertex -28.5924 -3.52369 4.25
      vertex -28.2152 -4.15289 4.25
    endloop
  endfacet
  facet normal -0.49011 -0.363505 0.792248
    outer loop
      vertex -27.4046 -3.61121 5
      vertex -28.2152 -4.15289 4.25
      vertex -27.0246 -4.12356 5
    endloop
  endfacet
  facet normal 0.607191 0.550407 0.573037
    outer loop
      vertex -16.3431 5.65685 3.5
      vertex -16.7144 5.28562 4.25
      vertex -16.2217 4.74209 4.25
    endloop
  endfacet
  facet normal 0.363485 0.490103 0.792261
    outer loop
      vertex -17.8471 6.21523 4.25
      vertex -17.8764 5.02457 5
      vertex -17.2579 5.77825 4.25
    endloop
  endfacet
  facet normal 0.740901 0.350354 0.57299
    outer loop
      vertex -14.9446 3.77117 3.5
      vertex -15.4076 3.52369 4.25
      vertex -14.609 3.06147 3.5
    endloop
  endfacet
  facet normal 0.702967 0.421327 0.572992
    outer loop
      vertex -15.3482 4.44456 3.5
      vertex -15.4076 3.52369 4.25
      vertex -14.9446 3.77117 3.5
    endloop
  endfacet
  facet normal -0.574517 -0.205541 0.792265
    outer loop
      vertex -28.2201 -1.88685 5
      vertex -29.1531 -2.16988 4.25
      vertex -28.906 -2.86056 4.25
    endloop
  endfacet
  facet normal -0.260888 -0.551572 0.792278
    outer loop
      vertex -24.4874 -6.00522 5
      vertex -25.5237 -6.59236 4.25
      vertex -24.8606 -6.906 4.25
    endloop
  endfacet
  facet normal -0.205581 -0.574486 0.792277
    outer loop
      vertex -24.4874 -6.00522 5
      vertex -24.8606 -6.906 4.25
      vertex -23.8869 -6.22011 5
    endloop
  endfacet
  facet normal -0.550383 -0.607217 0.573032
    outer loop
      vertex -27.2856 -5.28562 4.25
      vertex -27.6569 -5.65685 3.5
      vertex -26.7421 -5.77825 4.25
    endloop
  endfacet
  facet normal -0.409788 -0.452103 0.79226
    outer loop
      vertex -26.1236 -5.02457 5
      vertex -27.2856 -5.28562 4.25
      vertex -26.7421 -5.77825 4.25
    endloop
  endfacet
  facet normal 0.148255 -0.591889 0.792267
    outer loop
      vertex -20.1131 -6.22011 5
      vertex -20.5417 -7.33137 4.25
      vertex -19.8301 -7.15313 4.25
    endloop
  endfacet
  facet normal 0.205581 -0.574486 0.792277
    outer loop
      vertex -19.5126 -6.00522 5
      vertex -20.1131 -6.22011 5
      vertex -19.1394 -6.906 4.25
    endloop
  endfacet
  facet normal 0.205557 -0.574508 0.792267
    outer loop
      vertex -19.1394 -6.906 4.25
      vertex -20.1131 -6.22011 5
      vertex -19.8301 -7.15313 4.25
    endloop
  endfacet
  facet normal 0.260888 -0.551572 0.792278
    outer loop
      vertex -18.4763 -6.59236 4.25
      vertex -19.5126 -6.00522 5
      vertex -19.1394 -6.906 4.25
    endloop
  endfacet
  facet normal -0.0895288 -0.603569 0.792269
    outer loop
      vertex -22.6371 -6.4687 5
      vertex -23.4583 -7.33137 4.25
      vertex -22.7327 -7.439 4.25
    endloop
  endfacet
  facet normal -0.120251 -0.810687 0.572998
    outer loop
      vertex -22.7327 -7.439 4.25
      vertex -23.4583 -7.33137 4.25
      vertex -22.7841 -7.96148 3.5
    endloop
  endfacet
  facet normal -0.0402132 -0.818567 0.573002
    outer loop
      vertex -22.7327 -7.439 4.25
      vertex -22.7841 -7.96148 3.5
      vertex -22 -8 3.5
    endloop
  endfacet
  facet normal -0.0895307 -0.603567 0.792269
    outer loop
      vertex -23.2681 -6.3751 5
      vertex -23.4583 -7.33137 4.25
      vertex -22.6371 -6.4687 5
    endloop
  endfacet
  facet normal 0.313691 -0.523359 0.792271
    outer loop
      vertex -18.3888 -5.40455 5
      vertex -18.4763 -6.59236 4.25
      vertex -17.8471 -6.21523 4.25
    endloop
  endfacet
  facet normal 0.363485 -0.490103 0.792261
    outer loop
      vertex -17.2579 -5.77825 4.25
      vertex -17.8764 -5.02457 5
      vertex -17.8471 -6.21523 4.25
    endloop
  endfacet
  facet normal -0.818556 0.0401899 0.573019
    outer loop
      vertex -29.9615 0.784137 3.5
      vertex -30 0 3.5
      vertex -29.439 0.732677 4.25
    endloop
  endfacet
  facet normal -0.818569 0.0402203 0.572998
    outer loop
      vertex -29.439 0.732677 4.25
      vertex -30 0 3.5
      vertex -29.475 0 4.25
    endloop
  endfacet
  facet normal -0 0 1
    outer loop
      vertex -15.5627 0.115465 5
      vertex -15.5 0 5
      vertex -15.5313 0.637111 5
    endloop
  endfacet
  facet normal 0 0 1
    outer loop
      vertex -15.5627 -0.115465 5
      vertex -15.5 0 5
      vertex -15.557 0 5
    endloop
  endfacet
  facet normal 0 0 1
    outer loop
      vertex -15.5 0 5
      vertex -15.5627 0.115465 5
      vertex -15.557 0 5
    endloop
  endfacet
  facet normal 0 0 1
    outer loop
      vertex -15.5313 0.637111 5
      vertex -15.588 0.631524 5
      vertex -15.5627 0.115465 5
    endloop
  endfacet
  facet normal 0 0 1
    outer loop
      vertex -15.5313 0.637111 5
      vertex -15.605 0.745876 5
      vertex -15.588 0.631524 5
    endloop
  endfacet
  facet normal 0 0 1
    outer loop
      vertex -15.6249 1.26809 5
      vertex -15.605 0.745876 5
      vertex -15.5313 0.637111 5
    endloop
  endfacet
  facet normal 0 0 1
    outer loop
      vertex -15.6249 1.26809 5
      vertex -15.6808 1.25697 5
      vertex -15.605 0.745876 5
    endloop
  endfacet
  facet normal -0 0 1
    outer loop
      vertex -15.8063 1.75816 5
      vertex -15.6249 1.26809 5
      vertex -15.7799 1.88685 5
    endloop
  endfacet
  facet normal 0 0 1
    outer loop
      vertex -15.6249 1.26809 5
      vertex -15.8063 1.75816 5
      vertex -15.6808 1.25697 5
    endloop
  endfacet
  facet normal 0 0 1
    outer loop
      vertex -15.7799 1.88685 5
      vertex -15.8344 1.8703 5
      vertex -15.8063 1.75816 5
    endloop
  endfacet
  facet normal 0 0 1
    outer loop
      vertex -15.7799 1.88685 5
      vertex -15.8734 1.97915 5
      vertex -15.8344 1.8703 5
    endloop
  endfacet
  facet normal 0 0 1
    outer loop
      vertex -15.9948 2.48744 5
      vertex -15.8734 1.97915 5
      vertex -15.7799 1.88685 5
    endloop
  endfacet
  facet normal 0 0 1
    outer loop
      vertex -15.9948 2.48744 5
      vertex -16.0474 2.46563 5
      vertex -15.8734 1.97915 5
    endloop
  endfacet
  facet normal -0 0 1
    outer loop
      vertex -16.2684 2.9327 5
      vertex -15.9948 2.48744 5
      vertex -16.2675 3.06408 5
    endloop
  endfacet
  facet normal 0 0 1
    outer loop
      vertex -15.9948 2.48744 5
      vertex -16.2684 2.9327 5
      vertex -16.0474 2.46563 5
    endloop
  endfacet
  facet normal 0 0 1
    outer loop
      vertex -16.2675 3.06408 5
      vertex -16.3178 3.03721 5
      vertex -16.2684 2.9327 5
    endloop
  endfacet
  facet normal 0 0 1
    outer loop
      vertex -16.2675 3.06408 5
      vertex -16.5834 3.48038 5
      vertex -16.3178 3.03721 5
    endloop
  endfacet
  facet normal 0 0 1
    outer loop
      vertex -16.5954 3.61121 5
      vertex -16.5834 3.48038 5
      vertex -16.2675 3.06408 5
    endloop
  endfacet
  facet normal 0 0 1
    outer loop
      vertex -16.5954 3.61121 5
      vertex -16.6428 3.57954 5
      vertex -16.5834 3.48038 5
    endloop
  endfacet
  facet normal 0 0 1
    outer loop
      vertex -16.5954 3.61121 5
      vertex -16.7117 3.67239 5
      vertex -16.6428 3.57954 5
    endloop
  endfacet
  facet normal 0 0 1
    outer loop
      vertex -16.9754 4.12356 5
      vertex -16.7117 3.67239 5
      vertex -16.5954 3.61121 5
    endloop
  endfacet
  facet normal 0 0 1
    outer loop
      vertex -16.9754 4.12356 5
      vertex -17.0195 4.0874 5
      vertex -16.7117 3.67239 5
    endloop
  endfacet
  facet normal 0 0 1
    outer loop
      vertex -16.9754 4.12356 5
      vertex -17.0971 4.17305 5
      vertex -17.0195 4.0874 5
    endloop
  endfacet
  facet normal 0 0 1
    outer loop
      vertex -17.4038 4.59619 5
      vertex -17.0971 4.17305 5
      vertex -16.9754 4.12356 5
    endloop
  endfacet
  facet normal 0 0 1
    outer loop
      vertex -17.4038 4.59619 5
      vertex -17.4441 4.55589 5
      vertex -17.0971 4.17305 5
    endloop
  endfacet
  facet normal 0 0 1
    outer loop
      vertex -17.4038 4.59619 5
      vertex -17.8269 4.90287 5
      vertex -17.4441 4.55589 5
    endloop
  endfacet
  facet normal 0 0 1
    outer loop
      vertex -17.8764 5.02457 5
      vertex -17.8269 4.90287 5
      vertex -17.4038 4.59619 5
    endloop
  endfacet
  facet normal 0 0 1
    outer loop
      vertex -17.8764 5.02457 5
      vertex -17.9126 4.98051 5
      vertex -17.8269 4.90287 5
    endloop
  endfacet
  facet normal 0 0 1
    outer loop
      vertex -17.8764 5.02457 5
      vertex -18.3276 5.28829 5
      vertex -17.9126 4.98051 5
    endloop
  endfacet
  facet normal 0 0 1
    outer loop
      vertex -18.3888 5.40455 5
      vertex -18.3276 5.28829 5
      vertex -17.8764 5.02457 5
    endloop
  endfacet
  facet normal 0 0 1
    outer loop
      vertex -18.3888 5.40455 5
      vertex -18.4205 5.35716 5
      vertex -18.3276 5.28829 5
    endloop
  endfacet
  facet normal 0 0 1
    outer loop
      vertex -18.3888 5.40455 5
      vertex -18.5196 5.41659 5
      vertex -18.4205 5.35716 5
    endloop
  endfacet
  facet normal 0 0 1
    outer loop
      vertex -18.9359 5.73249 5
      vertex -18.5196 5.41659 5
      vertex -18.3888 5.40455 5
    endloop
  endfacet
  facet normal 0 0 1
    outer loop
      vertex -18.9359 5.73249 5
      vertex -18.9628 5.68222 5
      vertex -18.5196 5.41659 5
    endloop
  endfacet
  facet normal 0 0 1
    outer loop
      vertex -18.9359 5.73249 5
      vertex -19.0673 5.73165 5
      vertex -18.9628 5.68222 5
    endloop
  endfacet
  facet normal 0 0 1
    outer loop
      vertex -19.5126 6.00522 5
      vertex -19.0673 5.73165 5
      vertex -18.9359 5.73249 5
    endloop
  endfacet
  facet normal 0 0 1
    outer loop
      vertex -19.5126 6.00522 5
      vertex -19.5344 5.95256 5
      vertex -19.0673 5.73165 5
    endloop
  endfacet
  facet normal 0 0 1
    outer loop
      vertex -19.5126 6.00522 5
      vertex -20.0208 6.12662 5
      vertex -19.5344 5.95256 5
    endloop
  endfacet
  facet normal 0 0 1
    outer loop
      vertex -20.1131 6.22011 5
      vertex -20.0208 6.12662 5
      vertex -19.5126 6.00522 5
    endloop
  endfacet
  facet normal 0 0 1
    outer loop
      vertex -20.1131 6.22011 5
      vertex -20.1297 6.16557 5
      vertex -20.0208 6.12662 5
    endloop
  endfacet
  facet normal 0 0 1
    outer loop
      vertex -20.1131 6.22011 5
      vertex -20.2418 6.19366 5
      vertex -20.1297 6.16557 5
    endloop
  endfacet
  facet normal 0 0 1
    outer loop
      vertex -20.7319 6.3751 5
      vertex -20.2418 6.19366 5
      vertex -20.1131 6.22011 5
    endloop
  endfacet
  facet normal 0 0 1
    outer loop
      vertex -20.7319 6.3751 5
      vertex -20.743 6.3192 5
      vertex -20.2418 6.19366 5
    endloop
  endfacet
  facet normal 0 0 1
    outer loop
      vertex -20.7319 6.3751 5
      vertex -21.2541 6.39501 5
      vertex -20.743 6.3192 5
    endloop
  endfacet
  facet normal 0 0 1
    outer loop
      vertex -21.3629 6.4687 5
      vertex -21.2541 6.39501 5
      vertex -20.7319 6.3751 5
    endloop
  endfacet
  facet normal 0 0 1
    outer loop
      vertex -21.3629 6.4687 5
      vertex -21.3685 6.41197 5
      vertex -21.2541 6.39501 5
    endloop
  endfacet
  facet normal 0 0 1
    outer loop
      vertex -21.3629 6.4687 5
      vertex -21.8845 6.43733 5
      vertex -21.3685 6.41197 5
    endloop
  endfacet
  facet normal 0 0 1
    outer loop
      vertex -22 6.5 5
      vertex -21.8845 6.43733 5
      vertex -21.3629 6.4687 5
    endloop
  endfacet
  facet normal 0 0 1
    outer loop
      vertex -22 6.5 5
      vertex -22 6.443 5
      vertex -21.8845 6.43733 5
    endloop
  endfacet
  facet normal 0 0 1
    outer loop
      vertex -22 6.5 5
      vertex -22.1155 6.43733 5
      vertex -22 6.443 5
    endloop
  endfacet
  facet normal -0 0 1
    outer loop
      vertex -22.6371 6.4687 5
      vertex -22.1155 6.43733 5
      vertex -22 6.5 5
    endloop
  endfacet
  facet normal 0 0 1
    outer loop
      vertex -22.1155 6.43733 5
      vertex -22.6371 6.4687 5
      vertex -22.6315 6.41197 5
    endloop
  endfacet
  facet normal 0 0 1
    outer loop
      vertex -22.6371 6.4687 5
      vertex -22.7459 6.39501 5
      vertex -22.6315 6.41197 5
    endloop
  endfacet
  facet normal 0 0 1
    outer loop
      vertex -23.2681 6.3751 5
      vertex -22.7459 6.39501 5
      vertex -22.6371 6.4687 5
    endloop
  endfacet
  facet normal 0 0 1
    outer loop
      vertex -22.7459 6.39501 5
      vertex -23.2681 6.3751 5
      vertex -23.257 6.3192 5
    endloop
  endfacet
  facet normal 0 0 1
    outer loop
      vertex -23.2681 6.3751 5
      vertex -23.7582 6.19366 5
      vertex -23.257 6.3192 5
    endloop
  endfacet
  facet normal -0 0 1
    outer loop
      vertex -23.8869 6.22011 5
      vertex -23.7582 6.19366 5
      vertex -23.2681 6.3751 5
    endloop
  endfacet
  facet normal 0 0 1
    outer loop
      vertex -23.7582 6.19366 5
      vertex -23.8869 6.22011 5
      vertex -23.8703 6.16557 5
    endloop
  endfacet
  facet normal 0 0 1
    outer loop
      vertex -23.8869 6.22011 5
      vertex -23.9792 6.12662 5
      vertex -23.8703 6.16557 5
    endloop
  endfacet
  facet normal 0 0 1
    outer loop
      vertex -24.4874 6.00522 5
      vertex -23.9792 6.12662 5
      vertex -23.8869 6.22011 5
    endloop
  endfacet
  facet normal 0 0 1
    outer loop
      vertex -23.9792 6.12662 5
      vertex -24.4874 6.00522 5
      vertex -24.4656 5.95256 5
    endloop
  endfacet
  facet normal 0 0 1
    outer loop
      vertex -24.4874 6.00522 5
      vertex -24.9327 5.73165 5
      vertex -24.4656 5.95256 5
    endloop
  endfacet
  facet normal -0 0 1
    outer loop
      vertex -25.0641 5.73249 5
      vertex -24.9327 5.73165 5
      vertex -24.4874 6.00522 5
    endloop
  endfacet
  facet normal 0 0 1
    outer loop
      vertex -24.9327 5.73165 5
      vertex -25.0641 5.73249 5
      vertex -25.0372 5.68222 5
    endloop
  endfacet
  facet normal 0 0 1
    outer loop
      vertex -25.0641 5.73249 5
      vertex -25.4804 5.41659 5
      vertex -25.0372 5.68222 5
    endloop
  endfacet
  facet normal 0 0 1
    outer loop
      vertex -25.6112 5.40455 5
      vertex -25.4804 5.41659 5
      vertex -25.0641 5.73249 5
    endloop
  endfacet
  facet normal 0 0 1
    outer loop
      vertex -25.4804 5.41659 5
      vertex -25.6112 5.40455 5
      vertex -25.5795 5.35716 5
    endloop
  endfacet
  facet normal 0 0 1
    outer loop
      vertex -25.6112 5.40455 5
      vertex -25.6724 5.28829 5
      vertex -25.5795 5.35716 5
    endloop
  endfacet
  facet normal 0 0 1
    outer loop
      vertex -26.1236 5.02457 5
      vertex -25.6724 5.28829 5
      vertex -25.6112 5.40455 5
    endloop
  endfacet
  facet normal 0 0 1
    outer loop
      vertex -25.6724 5.28829 5
      vertex -26.1236 5.02457 5
      vertex -26.0874 4.98051 5
    endloop
  endfacet
  facet normal 0 0 1
    outer loop
      vertex -26.1236 5.02457 5
      vertex -26.1731 4.90287 5
      vertex -26.0874 4.98051 5
    endloop
  endfacet
  facet normal 0 0 1
    outer loop
      vertex -26.5962 4.59619 5
      vertex -26.1731 4.90287 5
      vertex -26.1236 5.02457 5
    endloop
  endfacet
  facet normal 0 0 1
    outer loop
      vertex -26.1731 4.90287 5
      vertex -26.5962 4.59619 5
      vertex -26.5559 4.55589 5
    endloop
  endfacet
  facet normal 0 0 1
    outer loop
      vertex -26.5962 4.59619 5
      vertex -26.9029 4.17305 5
      vertex -26.5559 4.55589 5
    endloop
  endfacet
  facet normal 0 0 1
    outer loop
      vertex -27.0246 4.12356 5
      vertex -26.9029 4.17305 5
      vertex -26.5962 4.59619 5
    endloop
  endfacet
  facet normal 0 0 1
    outer loop
      vertex -26.9029 4.17305 5
      vertex -27.0246 4.12356 5
      vertex -26.9805 4.0874 5
    endloop
  endfacet
  facet normal 0 0 1
    outer loop
      vertex -27.0246 4.12356 5
      vertex -27.2883 3.67239 5
      vertex -26.9805 4.0874 5
    endloop
  endfacet
  facet normal 0 0 1
    outer loop
      vertex -27.4046 3.61121 5
      vertex -27.2883 3.67239 5
      vertex -27.0246 4.12356 5
    endloop
  endfacet
  facet normal 0 0 1
    outer loop
      vertex -27.2883 3.67239 5
      vertex -27.4046 3.61121 5
      vertex -27.3572 3.57954 5
    endloop
  endfacet
  facet normal 0 0 1
    outer loop
      vertex -27.4046 3.61121 5
      vertex -27.4166 3.48038 5
      vertex -27.3572 3.57954 5
    endloop
  endfacet
  facet normal 0 0 1
    outer loop
      vertex -27.7325 3.06408 5
      vertex -27.4166 3.48038 5
      vertex -27.4046 3.61121 5
    endloop
  endfacet
  facet normal 0 0 1
    outer loop
      vertex -27.4166 3.48038 5
      vertex -27.7325 3.06408 5
      vertex -27.6822 3.03721 5
    endloop
  endfacet
  facet normal 0 0 1
    outer loop
      vertex -27.7325 3.06408 5
      vertex -27.7316 2.9327 5
      vertex -27.6822 3.03721 5
    endloop
  endfacet
  facet normal 0 0 1
    outer loop
      vertex -28.0052 2.48744 5
      vertex -27.7316 2.9327 5
      vertex -27.7325 3.06408 5
    endloop
  endfacet
  facet normal 0 0 1
    outer loop
      vertex -27.7316 2.9327 5
      vertex -28.0052 2.48744 5
      vertex -27.9526 2.46563 5
    endloop
  endfacet
  facet normal 0 0 1
    outer loop
      vertex -28.0052 2.48744 5
      vertex -28.1266 1.97915 5
      vertex -27.9526 2.46563 5
    endloop
  endfacet
  facet normal 0 0 1
    outer loop
      vertex -28.2201 1.88685 5
      vertex -28.1266 1.97915 5
      vertex -28.0052 2.48744 5
    endloop
  endfacet
  facet normal 0 0 1
    outer loop
      vertex -28.1266 1.97915 5
      vertex -28.2201 1.88685 5
      vertex -28.1656 1.8703 5
    endloop
  endfacet
  facet normal 0 0 1
    outer loop
      vertex -28.2201 1.88685 5
      vertex -28.1937 1.75816 5
      vertex -28.1656 1.8703 5
    endloop
  endfacet
  facet normal 0 0 1
    outer loop
      vertex -28.3751 1.26809 5
      vertex -28.1937 1.75816 5
      vertex -28.2201 1.88685 5
    endloop
  endfacet
  facet normal 0 0 1
    outer loop
      vertex -28.1937 1.75816 5
      vertex -28.3751 1.26809 5
      vertex -28.3192 1.25697 5
    endloop
  endfacet
  facet normal 0 0 1
    outer loop
      vertex -28.3751 1.26809 5
      vertex -28.395 0.745876 5
      vertex -28.3192 1.25697 5
    endloop
  endfacet
  facet normal 0 0 1
    outer loop
      vertex -28.4687 0.637111 5
      vertex -28.395 0.745876 5
      vertex -28.3751 1.26809 5
    endloop
  endfacet
  facet normal 0 0 1
    outer loop
      vertex -28.4687 0.637111 5
      vertex -28.4373 0.115465 5
      vertex -28.412 0.631524 5
    endloop
  endfacet
  facet normal 0 0 1
    outer loop
      vertex -28.5 0 5
      vertex -28.4373 0.115465 5
      vertex -28.4687 0.637111 5
    endloop
  endfacet
  facet normal 0 0 1
    outer loop
      vertex -28.395 0.745876 5
      vertex -28.4687 0.637111 5
      vertex -28.412 0.631524 5
    endloop
  endfacet
  facet normal 0 0 1
    outer loop
      vertex -15.5 0 5
      vertex -15.5627 -0.115465 5
      vertex -15.5313 -0.637111 5
    endloop
  endfacet
  facet normal -0 0 1
    outer loop
      vertex -15.588 -0.631524 5
      vertex -15.5313 -0.637111 5
      vertex -15.5627 -0.115465 5
    endloop
  endfacet
  facet normal 0 0 1
    outer loop
      vertex -15.605 -0.745876 5
      vertex -15.5313 -0.637111 5
      vertex -15.588 -0.631524 5
    endloop
  endfacet
  facet normal -0 0 1
    outer loop
      vertex -15.605 -0.745876 5
      vertex -15.6249 -1.26809 5
      vertex -15.5313 -0.637111 5
    endloop
  endfacet
  facet normal -0 0 1
    outer loop
      vertex -15.6808 -1.25697 5
      vertex -15.6249 -1.26809 5
      vertex -15.605 -0.745876 5
    endloop
  endfacet
  facet normal 0 0 1
    outer loop
      vertex -15.8063 -1.75816 5
      vertex -15.6249 -1.26809 5
      vertex -15.6808 -1.25697 5
    endloop
  endfacet
  facet normal 0 0 1
    outer loop
      vertex -15.6249 -1.26809 5
      vertex -15.8063 -1.75816 5
      vertex -15.7799 -1.88685 5
    endloop
  endfacet
  facet normal -0 0 1
    outer loop
      vertex -15.8344 -1.8703 5
      vertex -15.7799 -1.88685 5
      vertex -15.8063 -1.75816 5
    endloop
  endfacet
  facet normal 0 0 1
    outer loop
      vertex -15.8734 -1.97915 5
      vertex -15.7799 -1.88685 5
      vertex -15.8344 -1.8703 5
    endloop
  endfacet
  facet normal -0 0 1
    outer loop
      vertex -15.8734 -1.97915 5
      vertex -15.9948 -2.48744 5
      vertex -15.7799 -1.88685 5
    endloop
  endfacet
  facet normal -0 0 1
    outer loop
      vertex -16.0474 -2.46563 5
      vertex -15.9948 -2.48744 5
      vertex -15.8734 -1.97915 5
    endloop
  endfacet
  facet normal 0 0 1
    outer loop
      vertex -16.2684 -2.9327 5
      vertex -15.9948 -2.48744 5
      vertex -16.0474 -2.46563 5
    endloop
  endfacet
  facet normal 0 0 1
    outer loop
      vertex -15.9948 -2.48744 5
      vertex -16.2684 -2.9327 5
      vertex -16.2675 -3.06408 5
    endloop
  endfacet
  facet normal -0 0 1
    outer loop
      vertex -16.3178 -3.03721 5
      vertex -16.2675 -3.06408 5
      vertex -16.2684 -2.9327 5
    endloop
  endfacet
  facet normal 0 0 1
    outer loop
      vertex -16.5834 -3.48038 5
      vertex -16.2675 -3.06408 5
      vertex -16.3178 -3.03721 5
    endloop
  endfacet
  facet normal -0 0 1
    outer loop
      vertex -16.5834 -3.48038 5
      vertex -16.5954 -3.61121 5
      vertex -16.2675 -3.06408 5
    endloop
  endfacet
  facet normal -0 0 1
    outer loop
      vertex -16.6428 -3.57954 5
      vertex -16.5954 -3.61121 5
      vertex -16.5834 -3.48038 5
    endloop
  endfacet
  facet normal 0 0 1
    outer loop
      vertex -16.7117 -3.67239 5
      vertex -16.5954 -3.61121 5
      vertex -16.6428 -3.57954 5
    endloop
  endfacet
  facet normal -0 0 1
    outer loop
      vertex -16.7117 -3.67239 5
      vertex -16.9754 -4.12356 5
      vertex -16.5954 -3.61121 5
    endloop
  endfacet
  facet normal -0 0 1
    outer loop
      vertex -17.0195 -4.0874 5
      vertex -16.9754 -4.12356 5
      vertex -16.7117 -3.67239 5
    endloop
  endfacet
  facet normal 0 0 1
    outer loop
      vertex -17.0971 -4.17305 5
      vertex -16.9754 -4.12356 5
      vertex -17.0195 -4.0874 5
    endloop
  endfacet
  facet normal -0 0 1
    outer loop
      vertex -17.0971 -4.17305 5
      vertex -17.4038 -4.59619 5
      vertex -16.9754 -4.12356 5
    endloop
  endfacet
  facet normal -0 0 1
    outer loop
      vertex -17.4441 -4.55589 5
      vertex -17.4038 -4.59619 5
      vertex -17.0971 -4.17305 5
    endloop
  endfacet
  facet normal 0 0 1
    outer loop
      vertex -17.8269 -4.90287 5
      vertex -17.4038 -4.59619 5
      vertex -17.4441 -4.55589 5
    endloop
  endfacet
  facet normal -0 0 1
    outer loop
      vertex -17.8269 -4.90287 5
      vertex -17.8764 -5.02457 5
      vertex -17.4038 -4.59619 5
    endloop
  endfacet
  facet normal -0 0 1
    outer loop
      vertex -17.9126 -4.98051 5
      vertex -17.8764 -5.02457 5
      vertex -17.8269 -4.90287 5
    endloop
  endfacet
  facet normal 0 0 1
    outer loop
      vertex -18.3276 -5.28829 5
      vertex -17.8764 -5.02457 5
      vertex -17.9126 -4.98051 5
    endloop
  endfacet
  facet normal -0 0 1
    outer loop
      vertex -18.3276 -5.28829 5
      vertex -18.3888 -5.40455 5
      vertex -17.8764 -5.02457 5
    endloop
  endfacet
  facet normal -0 0 1
    outer loop
      vertex -18.4205 -5.35716 5
      vertex -18.3888 -5.40455 5
      vertex -18.3276 -5.28829 5
    endloop
  endfacet
  facet normal 0 0 1
    outer loop
      vertex -18.5196 -5.41659 5
      vertex -18.3888 -5.40455 5
      vertex -18.4205 -5.35716 5
    endloop
  endfacet
  facet normal -0 0 1
    outer loop
      vertex -18.5196 -5.41659 5
      vertex -18.9359 -5.73249 5
      vertex -18.3888 -5.40455 5
    endloop
  endfacet
  facet normal -0 0 1
    outer loop
      vertex -18.9628 -5.68222 5
      vertex -18.9359 -5.73249 5
      vertex -18.5196 -5.41659 5
    endloop
  endfacet
  facet normal -0 0 1
    outer loop
      vertex -19.0673 -5.73165 5
      vertex -18.9359 -5.73249 5
      vertex -18.9628 -5.68222 5
    endloop
  endfacet
  facet normal 0 0 1
    outer loop
      vertex -19.0673 -5.73165 5
      vertex -19.5126 -6.00522 5
      vertex -18.9359 -5.73249 5
    endloop
  endfacet
  facet normal -0 0 1
    outer loop
      vertex -19.5344 -5.95256 5
      vertex -19.5126 -6.00522 5
      vertex -19.0673 -5.73165 5
    endloop
  endfacet
  facet normal 0 0 1
    outer loop
      vertex -20.0208 -6.12662 5
      vertex -19.5126 -6.00522 5
      vertex -19.5344 -5.95256 5
    endloop
  endfacet
  facet normal -0 0 1
    outer loop
      vertex -20.0208 -6.12662 5
      vertex -20.1131 -6.22011 5
      vertex -19.5126 -6.00522 5
    endloop
  endfacet
  facet normal -0 0 1
    outer loop
      vertex -20.1297 -6.16557 5
      vertex -20.1131 -6.22011 5
      vertex -20.0208 -6.12662 5
    endloop
  endfacet
  facet normal -0 0 1
    outer loop
      vertex -20.2418 -6.19366 5
      vertex -20.1131 -6.22011 5
      vertex -20.1297 -6.16557 5
    endloop
  endfacet
  facet normal 0 0 1
    outer loop
      vertex -20.2418 -6.19366 5
      vertex -20.7319 -6.3751 5
      vertex -20.1131 -6.22011 5
    endloop
  endfacet
  facet normal -0 0 1
    outer loop
      vertex -20.743 -6.3192 5
      vertex -20.7319 -6.3751 5
      vertex -20.2418 -6.19366 5
    endloop
  endfacet
  facet normal 0 0 1
    outer loop
      vertex -21.2541 -6.39501 5
      vertex -20.7319 -6.3751 5
      vertex -20.743 -6.3192 5
    endloop
  endfacet
  facet normal -0 0 1
    outer loop
      vertex -21.2541 -6.39501 5
      vertex -21.3629 -6.4687 5
      vertex -20.7319 -6.3751 5
    endloop
  endfacet
  facet normal -0 0 1
    outer loop
      vertex -21.3685 -6.41197 5
      vertex -21.3629 -6.4687 5
      vertex -21.2541 -6.39501 5
    endloop
  endfacet
  facet normal -0 0 1
    outer loop
      vertex -21.8845 -6.43733 5
      vertex -21.3629 -6.4687 5
      vertex -21.3685 -6.41197 5
    endloop
  endfacet
  facet normal 0 0 1
    outer loop
      vertex -22 -6.5 5
      vertex -21.8845 -6.43733 5
      vertex -22 -6.443 5
    endloop
  endfacet
  facet normal 0 0 1
    outer loop
      vertex -21.8845 -6.43733 5
      vertex -22 -6.5 5
      vertex -21.3629 -6.4687 5
    endloop
  endfacet
  facet normal 0 0 1
    outer loop
      vertex -22.1155 -6.43733 5
      vertex -22 -6.5 5
      vertex -22 -6.443 5
    endloop
  endfacet
  facet normal 0 0 1
    outer loop
      vertex -22.6371 -6.4687 5
      vertex -22.1155 -6.43733 5
      vertex -22.6315 -6.41197 5
    endloop
  endfacet
  facet normal 0 0 1
    outer loop
      vertex -22.1155 -6.43733 5
      vertex -22.6371 -6.4687 5
      vertex -22 -6.5 5
    endloop
  endfacet
  facet normal 0 0 1
    outer loop
      vertex -22.7459 -6.39501 5
      vertex -22.6371 -6.4687 5
      vertex -22.6315 -6.41197 5
    endloop
  endfacet
  facet normal -0 0 1
    outer loop
      vertex -23.2681 -6.3751 5
      vertex -22.7459 -6.39501 5
      vertex -23.257 -6.3192 5
    endloop
  endfacet
  facet normal 0 0 1
    outer loop
      vertex -22.7459 -6.39501 5
      vertex -23.2681 -6.3751 5
      vertex -22.6371 -6.4687 5
    endloop
  endfacet
  facet normal 0 0 1
    outer loop
      vertex -23.7582 -6.19366 5
      vertex -23.2681 -6.3751 5
      vertex -23.257 -6.3192 5
    endloop
  endfacet
  facet normal 0 0 1
    outer loop
      vertex -23.8869 -6.22011 5
      vertex -23.7582 -6.19366 5
      vertex -23.8703 -6.16557 5
    endloop
  endfacet
  facet normal 0 0 1
    outer loop
      vertex -23.7582 -6.19366 5
      vertex -23.8869 -6.22011 5
      vertex -23.2681 -6.3751 5
    endloop
  endfacet
  facet normal 0 0 1
    outer loop
      vertex -23.9792 -6.12662 5
      vertex -23.8869 -6.22011 5
      vertex -23.8703 -6.16557 5
    endloop
  endfacet
  facet normal -0 0 1
    outer loop
      vertex -24.4874 -6.00522 5
      vertex -23.9792 -6.12662 5
      vertex -24.4656 -5.95256 5
    endloop
  endfacet
  facet normal 0 0 1
    outer loop
      vertex -23.9792 -6.12662 5
      vertex -24.4874 -6.00522 5
      vertex -23.8869 -6.22011 5
    endloop
  endfacet
  facet normal 0 0 1
    outer loop
      vertex -24.9327 -5.73165 5
      vertex -24.4874 -6.00522 5
      vertex -24.4656 -5.95256 5
    endloop
  endfacet
  facet normal 0 0 1
    outer loop
      vertex -25.0641 -5.73249 5
      vertex -24.9327 -5.73165 5
      vertex -25.0372 -5.68222 5
    endloop
  endfacet
  facet normal 0 0 1
    outer loop
      vertex -24.9327 -5.73165 5
      vertex -25.0641 -5.73249 5
      vertex -24.4874 -6.00522 5
    endloop
  endfacet
  facet normal 0 0 1
    outer loop
      vertex -25.4804 -5.41659 5
      vertex -25.0641 -5.73249 5
      vertex -25.0372 -5.68222 5
    endloop
  endfacet
  facet normal -0 0 1
    outer loop
      vertex -25.6112 -5.40455 5
      vertex -25.4804 -5.41659 5
      vertex -25.5795 -5.35716 5
    endloop
  endfacet
  facet normal 0 0 1
    outer loop
      vertex -25.4804 -5.41659 5
      vertex -25.6112 -5.40455 5
      vertex -25.0641 -5.73249 5
    endloop
  endfacet
  facet normal 0 0 1
    outer loop
      vertex -25.6724 -5.28829 5
      vertex -25.6112 -5.40455 5
      vertex -25.5795 -5.35716 5
    endloop
  endfacet
  facet normal -0 0 1
    outer loop
      vertex -26.1236 -5.02457 5
      vertex -25.6724 -5.28829 5
      vertex -26.0874 -4.98051 5
    endloop
  endfacet
  facet normal 0 0 1
    outer loop
      vertex -25.6724 -5.28829 5
      vertex -26.1236 -5.02457 5
      vertex -25.6112 -5.40455 5
    endloop
  endfacet
  facet normal 0 0 1
    outer loop
      vertex -26.1731 -4.90287 5
      vertex -26.1236 -5.02457 5
      vertex -26.0874 -4.98051 5
    endloop
  endfacet
  facet normal -0 0 1
    outer loop
      vertex -26.5962 -4.59619 5
      vertex -26.1731 -4.90287 5
      vertex -26.5559 -4.55589 5
    endloop
  endfacet
  facet normal 0 0 1
    outer loop
      vertex -26.1731 -4.90287 5
      vertex -26.5962 -4.59619 5
      vertex -26.1236 -5.02457 5
    endloop
  endfacet
  facet normal 0 0 1
    outer loop
      vertex -26.9029 -4.17305 5
      vertex -26.5962 -4.59619 5
      vertex -26.5559 -4.55589 5
    endloop
  endfacet
  facet normal -0 0 1
    outer loop
      vertex -27.0246 -4.12356 5
      vertex -26.9029 -4.17305 5
      vertex -26.9805 -4.0874 5
    endloop
  endfacet
  facet normal 0 0 1
    outer loop
      vertex -26.9029 -4.17305 5
      vertex -27.0246 -4.12356 5
      vertex -26.5962 -4.59619 5
    endloop
  endfacet
  facet normal 0 0 1
    outer loop
      vertex -27.2883 -3.67239 5
      vertex -27.0246 -4.12356 5
      vertex -26.9805 -4.0874 5
    endloop
  endfacet
  facet normal -0 0 1
    outer loop
      vertex -27.4046 -3.61121 5
      vertex -27.2883 -3.67239 5
      vertex -27.3572 -3.57954 5
    endloop
  endfacet
  facet normal 0 0 1
    outer loop
      vertex -27.2883 -3.67239 5
      vertex -27.4046 -3.61121 5
      vertex -27.0246 -4.12356 5
    endloop
  endfacet
  facet normal 0 0 1
    outer loop
      vertex -27.4166 -3.48038 5
      vertex -27.4046 -3.61121 5
      vertex -27.3572 -3.57954 5
    endloop
  endfacet
  facet normal -0 0 1
    outer loop
      vertex -27.7325 -3.06408 5
      vertex -27.4166 -3.48038 5
      vertex -27.6822 -3.03721 5
    endloop
  endfacet
  facet normal 0 0 1
    outer loop
      vertex -27.4166 -3.48038 5
      vertex -27.7325 -3.06408 5
      vertex -27.4046 -3.61121 5
    endloop
  endfacet
  facet normal 0 0 1
    outer loop
      vertex -27.7316 -2.9327 5
      vertex -27.7325 -3.06408 5
      vertex -27.6822 -3.03721 5
    endloop
  endfacet
  facet normal -0 0 1
    outer loop
      vertex -28.0052 -2.48744 5
      vertex -27.7316 -2.9327 5
      vertex -27.9526 -2.46563 5
    endloop
  endfacet
  facet normal 0 0 1
    outer loop
      vertex -27.7316 -2.9327 5
      vertex -28.0052 -2.48744 5
      vertex -27.7325 -3.06408 5
    endloop
  endfacet
  facet normal 0 0 1
    outer loop
      vertex -28.1266 -1.97915 5
      vertex -28.0052 -2.48744 5
      vertex -27.9526 -2.46563 5
    endloop
  endfacet
  facet normal -0 0 1
    outer loop
      vertex -28.2201 -1.88685 5
      vertex -28.1266 -1.97915 5
      vertex -28.1656 -1.8703 5
    endloop
  endfacet
  facet normal 0 0 1
    outer loop
      vertex -28.1266 -1.97915 5
      vertex -28.2201 -1.88685 5
      vertex -28.0052 -2.48744 5
    endloop
  endfacet
  facet normal 0 0 1
    outer loop
      vertex -28.1937 -1.75816 5
      vertex -28.2201 -1.88685 5
      vertex -28.1656 -1.8703 5
    endloop
  endfacet
  facet normal -0 0 1
    outer loop
      vertex -28.3751 -1.26809 5
      vertex -28.1937 -1.75816 5
      vertex -28.3192 -1.25697 5
    endloop
  endfacet
  facet normal 0 0 1
    outer loop
      vertex -28.1937 -1.75816 5
      vertex -28.3751 -1.26809 5
      vertex -28.2201 -1.88685 5
    endloop
  endfacet
  facet normal 0 0 1
    outer loop
      vertex -28.395 -0.745876 5
      vertex -28.3751 -1.26809 5
      vertex -28.3192 -1.25697 5
    endloop
  endfacet
  facet normal -0 0 1
    outer loop
      vertex -28.4687 -0.637111 5
      vertex -28.395 -0.745876 5
      vertex -28.412 -0.631524 5
    endloop
  endfacet
  facet normal -0 0 1
    outer loop
      vertex -28.5 0 5
      vertex -28.4373 -0.115465 5
      vertex -28.443 0 5
    endloop
  endfacet
  facet normal 0 0 1
    outer loop
      vertex -28.395 -0.745876 5
      vertex -28.4687 -0.637111 5
      vertex -28.3751 -1.26809 5
    endloop
  endfacet
  facet normal 0 0 1
    outer loop
      vertex -28.4373 -0.115465 5
      vertex -28.4687 -0.637111 5
      vertex -28.412 -0.631524 5
    endloop
  endfacet
  facet normal 0 0 1
    outer loop
      vertex -28.4373 0.115465 5
      vertex -28.5 0 5
      vertex -28.443 0 5
    endloop
  endfacet
  facet normal 0 0 1
    outer loop
      vertex -28.4373 -0.115465 5
      vertex -28.5 0 5
      vertex -28.4687 -0.637111 5
    endloop
  endfacet
  facet normal 0 0 1
    outer loop
      vertex -20.9565 0 5
      vertex -16.7382 0 5
      vertex -16.7581 0.404753 5
    endloop
  endfacet
  facet normal 0 0 1
    outer loop
      vertex -20.9565 0 5
      vertex -16.7581 0.404753 5
      vertex -16.7636 0.515742 5
    endloop
  endfacet
  facet normal 0 0 1
    outer loop
      vertex -16.7382 0 5
      vertex -20.9565 0 5
      vertex -16.7581 -0.404753 5
    endloop
  endfacet
  facet normal 0 0 1
    outer loop
      vertex -20.9565 0 5
      vertex -16.7636 0.515742 5
      vertex -16.823 0.916598 5
    endloop
  endfacet
  facet normal 0 0 1
    outer loop
      vertex -16.7581 -0.404753 5
      vertex -20.9565 0 5
      vertex -16.7636 -0.515742 5
    endloop
  endfacet
  facet normal 0 0 1
    outer loop
      vertex -16.8663 1.13431 5
      vertex -16.823 0.916598 5
      vertex -16.8393 1.02652 5
    endloop
  endfacet
  facet normal 0 0 1
    outer loop
      vertex -16.7636 -0.515742 5
      vertex -20.9565 0 5
      vertex -16.823 -0.916598 5
    endloop
  endfacet
  facet normal 0 0 1
    outer loop
      vertex -16.823 0.916598 5
      vertex -16.8663 1.13431 5
      vertex -20.9778 0.107103 5
    endloop
  endfacet
  facet normal -0 0 1
    outer loop
      vertex -20.9715 -0.0753822 5
      vertex -16.823 -0.916598 5
      vertex -20.9565 0 5
    endloop
  endfacet
  facet normal 0 0 1
    outer loop
      vertex -20.9778 0.107103 5
      vertex -16.8663 1.13431 5
      vertex -16.9648 1.52741 5
    endloop
  endfacet
  facet normal -0 0 1
    outer loop
      vertex -20.9778 -0.107103 5
      vertex -16.823 -0.916598 5
      vertex -20.9715 -0.0753822 5
    endloop
  endfacet
  facet normal 0 0 1
    outer loop
      vertex -20.9778 0.107103 5
      vertex -16.9648 1.52741 5
      vertex -17.1013 1.90896 5
    endloop
  endfacet
  facet normal 0 -0 1
    outer loop
      vertex -16.8663 -1.13431 5
      vertex -16.823 -0.916598 5
      vertex -20.9778 -0.107103 5
    endloop
  endfacet
  facet normal 0 0 1
    outer loop
      vertex -17.1863 2.11404 5
      vertex -17.1013 1.90896 5
      vertex -17.1388 2.01359 5
    endloop
  endfacet
  facet normal 0 0 1
    outer loop
      vertex -16.823 -0.916598 5
      vertex -16.8663 -1.13431 5
      vertex -16.8393 -1.02652 5
    endloop
  endfacet
  facet normal 0 0 1
    outer loop
      vertex -17.1013 1.90896 5
      vertex -17.1863 2.11404 5
      vertex -20.9778 0.107103 5
    endloop
  endfacet
  facet normal 0 0 1
    outer loop
      vertex -16.8663 -1.13431 5
      vertex -20.9778 -0.107103 5
      vertex -16.9648 -1.52741 5
    endloop
  endfacet
  facet normal 0 0 1
    outer loop
      vertex -20.9778 0.107103 5
      vertex -17.1863 2.11404 5
      vertex -17.3595 2.48038 5
    endloop
  endfacet
  facet normal 0 0 1
    outer loop
      vertex -16.9648 -1.52741 5
      vertex -20.9778 -0.107103 5
      vertex -17.1013 -1.90896 5
    endloop
  endfacet
  facet normal 0 0 1
    outer loop
      vertex -20.9778 0.107103 5
      vertex -17.3595 2.48038 5
      vertex -17.5679 2.82797 5
    endloop
  endfacet
  facet normal 0 -0 1
    outer loop
      vertex -17.1863 -2.11404 5
      vertex -17.1013 -1.90896 5
      vertex -20.9778 -0.107103 5
    endloop
  endfacet
  facet normal 0 0 1
    outer loop
      vertex -17.6912 3.01253 5
      vertex -17.5679 2.82797 5
      vertex -17.625 2.92328 5
    endloop
  endfacet
  facet normal 0 0 1
    outer loop
      vertex -17.1013 -1.90896 5
      vertex -17.1863 -2.11404 5
      vertex -17.1388 -2.01359 5
    endloop
  endfacet
  facet normal 0 0 1
    outer loop
      vertex -17.5679 2.82797 5
      vertex -17.6912 3.01253 5
      vertex -20.9778 0.107103 5
    endloop
  endfacet
  facet normal 0 0 1
    outer loop
      vertex -17.1863 -2.11404 5
      vertex -20.9778 -0.107103 5
      vertex -17.3595 -2.48038 5
    endloop
  endfacet
  facet normal 0 0 1
    outer loop
      vertex -21.6002 0.96374 5
      vertex -17.6912 3.01253 5
      vertex -17.9326 3.33803 5
    endloop
  endfacet
  facet normal 0 0 1
    outer loop
      vertex -17.3595 -2.48038 5
      vertex -20.9778 -0.107103 5
      vertex -17.5679 -2.82797 5
    endloop
  endfacet
  facet normal 0 0 1
    outer loop
      vertex -21.6002 0.96374 5
      vertex -17.9326 3.33803 5
      vertex -18.2047 3.63829 5
    endloop
  endfacet
  facet normal 0 -0 1
    outer loop
      vertex -17.6912 -3.01253 5
      vertex -17.5679 -2.82797 5
      vertex -20.9778 -0.107103 5
    endloop
  endfacet
  facet normal 0 0 1
    outer loop
      vertex -18.3617 3.79526 5
      vertex -18.2047 3.63829 5
      vertex -18.2794 3.72063 5
    endloop
  endfacet
  facet normal 0 0 1
    outer loop
      vertex -17.5679 -2.82797 5
      vertex -17.6912 -3.01253 5
      vertex -17.625 -2.92328 5
    endloop
  endfacet
  facet normal 0 0 1
    outer loop
      vertex -18.2047 3.63829 5
      vertex -18.3617 3.79526 5
      vertex -21.6002 0.96374 5
    endloop
  endfacet
  facet normal -0 0 1
    outer loop
      vertex -21.6002 -0.96374 5
      vertex -17.6912 -3.01253 5
      vertex -20.9778 -0.107103 5
    endloop
  endfacet
  facet normal 0 0 1
    outer loop
      vertex -21.6002 0.96374 5
      vertex -18.3617 3.79526 5
      vertex -18.662 4.0674 5
    endloop
  endfacet
  facet normal 0 0 1
    outer loop
      vertex -17.6912 -3.01253 5
      vertex -21.6002 -0.96374 5
      vertex -17.9326 -3.33803 5
    endloop
  endfacet
  facet normal 0 0 1
    outer loop
      vertex -21.6002 0.96374 5
      vertex -18.662 4.0674 5
      vertex -18.9875 4.3088 5
    endloop
  endfacet
  facet normal 0 0 1
    outer loop
      vertex -17.9326 -3.33803 5
      vertex -21.6002 -0.96374 5
      vertex -18.2047 -3.63829 5
    endloop
  endfacet
  facet normal 0 0 1
    outer loop
      vertex -19.172 4.43213 5
      vertex -18.9875 4.3088 5
      vertex -19.0767 4.375 5
    endloop
  endfacet
  facet normal 0 -0 1
    outer loop
      vertex -18.3617 -3.79526 5
      vertex -18.2047 -3.63829 5
      vertex -21.6002 -0.96374 5
    endloop
  endfacet
  facet normal 0 0 1
    outer loop
      vertex -18.9875 4.3088 5
      vertex -19.172 4.43213 5
      vertex -21.6002 0.96374 5
    endloop
  endfacet
  facet normal 0 0 1
    outer loop
      vertex -18.2047 -3.63829 5
      vertex -18.3617 -3.79526 5
      vertex -18.2794 -3.72063 5
    endloop
  endfacet
  facet normal 0 0 1
    outer loop
      vertex -21.6002 0.96374 5
      vertex -19.172 4.43213 5
      vertex -19.5196 4.64046 5
    endloop
  endfacet
  facet normal 0 0 1
    outer loop
      vertex -18.3617 -3.79526 5
      vertex -21.6002 -0.96374 5
      vertex -18.662 -4.0674 5
    endloop
  endfacet
  facet normal 0 0 1
    outer loop
      vertex -21.6007 0.964058 5
      vertex -19.5196 4.64046 5
      vertex -19.886 4.81372 5
    endloop
  endfacet
  facet normal 0 0 1
    outer loop
      vertex -18.662 -4.0674 5
      vertex -21.6002 -0.96374 5
      vertex -18.9875 -4.3088 5
    endloop
  endfacet
  facet normal 0 0 1
    outer loop
      vertex -20.091 4.89867 5
      vertex -19.886 4.81372 5
      vertex -19.9864 4.86124 5
    endloop
  endfacet
  facet normal 0 -0 1
    outer loop
      vertex -19.172 -4.43213 5
      vertex -18.9875 -4.3088 5
      vertex -21.6002 -0.96374 5
    endloop
  endfacet
  facet normal 0 0 1
    outer loop
      vertex -19.886 4.81372 5
      vertex -20.091 4.89867 5
      vertex -21.6007 0.964058 5
    endloop
  endfacet
  facet normal 0 0 1
    outer loop
      vertex -18.9875 -4.3088 5
      vertex -19.172 -4.43213 5
      vertex -19.0767 -4.375 5
    endloop
  endfacet
  facet normal 0 0 1
    outer loop
      vertex -21.6007 0.964058 5
      vertex -20.091 4.89867 5
      vertex -20.4726 5.03519 5
    endloop
  endfacet
  facet normal 0 0 1
    outer loop
      vertex -19.172 -4.43213 5
      vertex -21.6002 -0.96374 5
      vertex -19.5196 -4.64046 5
    endloop
  endfacet
  facet normal 0 0 1
    outer loop
      vertex -21.6007 0.964058 5
      vertex -20.4726 5.03519 5
      vertex -20.8657 5.13366 5
    endloop
  endfacet
  facet normal -0 0 1
    outer loop
      vertex -21.6007 -0.964058 5
      vertex -19.5196 -4.64046 5
      vertex -21.6002 -0.96374 5
    endloop
  endfacet
  facet normal 0 0 1
    outer loop
      vertex -19.5196 -4.64046 5
      vertex -21.6007 -0.964058 5
      vertex -19.886 -4.81372 5
    endloop
  endfacet
  facet normal 0 0 1
    outer loop
      vertex -16.823 0.916598 5
      vertex -20.9715 0.0753822 5
      vertex -20.9565 0 5
    endloop
  endfacet
  facet normal 0 0 1
    outer loop
      vertex -21.0834 5.17697 5
      vertex -20.8657 5.13366 5
      vertex -20.9735 5.16066 5
    endloop
  endfacet
  facet normal 0 0 1
    outer loop
      vertex -16.823 0.916598 5
      vertex -20.9778 0.107103 5
      vertex -20.9715 0.0753822 5
    endloop
  endfacet
  facet normal 0 0 1
    outer loop
      vertex -20.8657 5.13366 5
      vertex -21.0834 5.17697 5
      vertex -21.7943 1.00256 5
    endloop
  endfacet
  facet normal 0 0 1
    outer loop
      vertex -21.7943 1.00256 5
      vertex -21.0834 5.17697 5
      vertex -21.4843 5.23643 5
    endloop
  endfacet
  facet normal 0 0 1
    outer loop
      vertex -21.7943 1.00256 5
      vertex -21.4843 5.23643 5
      vertex -21.5952 5.24188 5
    endloop
  endfacet
  facet normal 0 0 1
    outer loop
      vertex -17.6912 3.01253 5
      vertex -21.6002 0.96374 5
      vertex -20.9778 0.107103 5
    endloop
  endfacet
  facet normal 0 0 1
    outer loop
      vertex -19.5196 4.64046 5
      vertex -21.6007 0.964058 5
      vertex -21.6002 0.96374 5
    endloop
  endfacet
  facet normal 0 0 1
    outer loop
      vertex -20.8657 5.13366 5
      vertex -21.7943 1.00256 5
      vertex -21.6007 0.964058 5
    endloop
  endfacet
  facet normal 0 0 1
    outer loop
      vertex -22 5.26176 5
      vertex -21.7943 1.00256 5
      vertex -21.5952 5.24188 5
    endloop
  endfacet
  facet normal -0 0 1
    outer loop
      vertex -22.4048 5.24188 5
      vertex -21.7943 1.00256 5
      vertex -22 5.26176 5
    endloop
  endfacet
  facet normal -0 0 1
    outer loop
      vertex -22.5157 5.23643 5
      vertex -21.7943 1.00256 5
      vertex -22.4048 5.24188 5
    endloop
  endfacet
  facet normal -0 0 1
    outer loop
      vertex -22.9166 5.17697 5
      vertex -21.7943 1.00256 5
      vertex -22.5157 5.23643 5
    endloop
  endfacet
  facet normal -0 0 1
    outer loop
      vertex -23.1343 5.13366 5
      vertex -21.7943 1.00256 5
      vertex -22.9166 5.17697 5
    endloop
  endfacet
  facet normal -0 0 1
    outer loop
      vertex -23.5274 5.03519 5
      vertex -21.7943 1.00256 5
      vertex -23.1343 5.13366 5
    endloop
  endfacet
  facet normal -0 0 1
    outer loop
      vertex -23.909 4.89867 5
      vertex -22.7736 0.684355 5
      vertex -23.5274 5.03519 5
    endloop
  endfacet
  facet normal 0 0 1
    outer loop
      vertex -21.7943 1.00256 5
      vertex -23.5274 5.03519 5
      vertex -22.7736 0.684355 5
    endloop
  endfacet
  facet normal 0 -0 1
    outer loop
      vertex -20.091 -4.89867 5
      vertex -19.886 -4.81372 5
      vertex -21.6007 -0.964058 5
    endloop
  endfacet
  facet normal 0 0 1
    outer loop
      vertex -19.886 -4.81372 5
      vertex -20.091 -4.89867 5
      vertex -19.9864 -4.86124 5
    endloop
  endfacet
  facet normal 0 0 1
    outer loop
      vertex -20.091 -4.89867 5
      vertex -21.6007 -0.964058 5
      vertex -20.4726 -5.03519 5
    endloop
  endfacet
  facet normal 0 0 1
    outer loop
      vertex -20.4726 -5.03519 5
      vertex -21.6007 -0.964058 5
      vertex -20.8657 -5.13366 5
    endloop
  endfacet
  facet normal -0 0 1
    outer loop
      vertex -21.7943 -1.00256 5
      vertex -20.8657 -5.13366 5
      vertex -21.6007 -0.964058 5
    endloop
  endfacet
  facet normal 0 -0 1
    outer loop
      vertex -21.0834 -5.17697 5
      vertex -20.8657 -5.13366 5
      vertex -21.7943 -1.00256 5
    endloop
  endfacet
  facet normal 0 0 1
    outer loop
      vertex -20.8657 -5.13366 5
      vertex -21.0834 -5.17697 5
      vertex -20.9735 -5.16066 5
    endloop
  endfacet
  facet normal 0 0 1
    outer loop
      vertex -21.0834 -5.17697 5
      vertex -21.7943 -1.00256 5
      vertex -21.4843 -5.23643 5
    endloop
  endfacet
  facet normal 0 0 1
    outer loop
      vertex -21.4843 -5.23643 5
      vertex -21.7943 -1.00256 5
      vertex -21.5952 -5.24188 5
    endloop
  endfacet
  facet normal 0 0 1
    outer loop
      vertex -21.7943 -1.00256 5
      vertex -22 -5.26176 5
      vertex -21.5952 -5.24188 5
    endloop
  endfacet
  facet normal 0 0 1
    outer loop
      vertex -21.7943 -1.00256 5
      vertex -22.4048 -5.24188 5
      vertex -22 -5.26176 5
    endloop
  endfacet
  facet normal 0 0 1
    outer loop
      vertex -21.7943 -1.00256 5
      vertex -22.5157 -5.23643 5
      vertex -22.4048 -5.24188 5
    endloop
  endfacet
  facet normal 0 0 1
    outer loop
      vertex -23.5274 -5.03519 5
      vertex -21.7943 -1.00256 5
      vertex -22.7736 -0.684355 5
    endloop
  endfacet
  facet normal 0 0 1
    outer loop
      vertex -26.3088 -3.01253 5
      vertex -22.7736 -0.684355 5
      vertex -22.7806 -0.673952 5
    endloop
  endfacet
  facet normal 0 0 1
    outer loop
      vertex -26.3088 -3.01253 5
      vertex -22.7806 -0.673952 5
      vertex -22.8899 -0.510284 5
    endloop
  endfacet
  facet normal 0 0 1
    outer loop
      vertex -21.7943 -1.00256 5
      vertex -22.9166 -5.17697 5
      vertex -22.5157 -5.23643 5
    endloop
  endfacet
  facet normal -0 0 1
    outer loop
      vertex -24.114 4.81372 5
      vertex -22.7736 0.684355 5
      vertex -23.909 4.89867 5
    endloop
  endfacet
  facet normal 0 0 1
    outer loop
      vertex -23.1343 5.13366 5
      vertex -22.9166 5.17697 5
      vertex -23.0265 5.16066 5
    endloop
  endfacet
  facet normal -0 0 1
    outer loop
      vertex -24.4804 4.64046 5
      vertex -22.7736 0.684355 5
      vertex -24.114 4.81372 5
    endloop
  endfacet
  facet normal 0 0 1
    outer loop
      vertex -21.7943 -1.00256 5
      vertex -23.1343 -5.13366 5
      vertex -22.9166 -5.17697 5
    endloop
  endfacet
  facet normal 0 0 1
    outer loop
      vertex -22.9166 -5.17697 5
      vertex -23.1343 -5.13366 5
      vertex -23.0265 -5.16066 5
    endloop
  endfacet
  facet normal -0 0 1
    outer loop
      vertex -24.828 4.43213 5
      vertex -22.7736 0.684355 5
      vertex -24.4804 4.64046 5
    endloop
  endfacet
  facet normal -0 0 1
    outer loop
      vertex -25.0125 4.3088 5
      vertex -22.7736 0.684355 5
      vertex -24.828 4.43213 5
    endloop
  endfacet
  facet normal 0 0 1
    outer loop
      vertex -22.7736 -0.684355 5
      vertex -23.909 -4.89867 5
      vertex -23.5274 -5.03519 5
    endloop
  endfacet
  facet normal 0 0 1
    outer loop
      vertex -21.7943 -1.00256 5
      vertex -23.5274 -5.03519 5
      vertex -23.1343 -5.13366 5
    endloop
  endfacet
  facet normal 0 0 1
    outer loop
      vertex -24.114 4.81372 5
      vertex -23.909 4.89867 5
      vertex -24.0136 4.86124 5
    endloop
  endfacet
  facet normal -0 0 1
    outer loop
      vertex -25.338 4.0674 5
      vertex -22.7736 0.684355 5
      vertex -25.0125 4.3088 5
    endloop
  endfacet
  facet normal 0 0 1
    outer loop
      vertex -22.7736 -0.684355 5
      vertex -24.114 -4.81372 5
      vertex -23.909 -4.89867 5
    endloop
  endfacet
  facet normal 0 0 1
    outer loop
      vertex -23.909 -4.89867 5
      vertex -24.114 -4.81372 5
      vertex -24.0136 -4.86124 5
    endloop
  endfacet
  facet normal -0 0 1
    outer loop
      vertex -25.6383 3.79526 5
      vertex -22.7736 0.684355 5
      vertex -25.338 4.0674 5
    endloop
  endfacet
  facet normal -0 0 1
    outer loop
      vertex -25.7953 3.63829 5
      vertex -22.7736 0.684355 5
      vertex -25.6383 3.79526 5
    endloop
  endfacet
  facet normal 0 0 1
    outer loop
      vertex -22.7736 -0.684355 5
      vertex -24.828 -4.43213 5
      vertex -24.4804 -4.64046 5
    endloop
  endfacet
  facet normal 0 0 1
    outer loop
      vertex -22.7736 -0.684355 5
      vertex -24.4804 -4.64046 5
      vertex -24.114 -4.81372 5
    endloop
  endfacet
  facet normal 0 0 1
    outer loop
      vertex -25.0125 4.3088 5
      vertex -24.828 4.43213 5
      vertex -24.9233 4.375 5
    endloop
  endfacet
  facet normal -0 0 1
    outer loop
      vertex -26.0674 3.33803 5
      vertex -22.7736 0.684355 5
      vertex -25.7953 3.63829 5
    endloop
  endfacet
  facet normal 0 0 1
    outer loop
      vertex -22.7736 -0.684355 5
      vertex -25.0125 -4.3088 5
      vertex -24.828 -4.43213 5
    endloop
  endfacet
  facet normal 0 0 1
    outer loop
      vertex -24.828 -4.43213 5
      vertex -25.0125 -4.3088 5
      vertex -24.9233 -4.375 5
    endloop
  endfacet
  facet normal -0 0 1
    outer loop
      vertex -26.3088 3.01253 5
      vertex -22.7736 0.684355 5
      vertex -26.0674 3.33803 5
    endloop
  endfacet
  facet normal 0 0 1
    outer loop
      vertex -22.7736 0.684355 5
      vertex -26.3088 3.01253 5
      vertex -22.7806 0.673952 5
    endloop
  endfacet
  facet normal 0 0 1
    outer loop
      vertex -22.7736 -0.684355 5
      vertex -25.6383 -3.79526 5
      vertex -25.338 -4.0674 5
    endloop
  endfacet
  facet normal 0 0 1
    outer loop
      vertex -22.7736 -0.684355 5
      vertex -25.338 -4.0674 5
      vertex -25.0125 -4.3088 5
    endloop
  endfacet
  facet normal 0 0 1
    outer loop
      vertex -25.7953 3.63829 5
      vertex -25.6383 3.79526 5
      vertex -25.7206 3.72063 5
    endloop
  endfacet
  facet normal 0 0 1
    outer loop
      vertex -22.7806 0.673952 5
      vertex -26.3088 3.01253 5
      vertex -22.8899 0.510284 5
    endloop
  endfacet
  facet normal 0 0 1
    outer loop
      vertex -22.7736 -0.684355 5
      vertex -25.7953 -3.63829 5
      vertex -25.6383 -3.79526 5
    endloop
  endfacet
  facet normal 0 0 1
    outer loop
      vertex -25.6383 -3.79526 5
      vertex -25.7953 -3.63829 5
      vertex -25.7206 -3.72063 5
    endloop
  endfacet
  facet normal -0 0 1
    outer loop
      vertex -26.4321 2.82797 5
      vertex -22.8899 0.510284 5
      vertex -26.3088 3.01253 5
    endloop
  endfacet
  facet normal -0 0 1
    outer loop
      vertex -26.6405 2.48038 5
      vertex -22.8899 0.510284 5
      vertex -26.4321 2.82797 5
    endloop
  endfacet
  facet normal 0 0 1
    outer loop
      vertex -22.7736 -0.684355 5
      vertex -26.3088 -3.01253 5
      vertex -26.0674 -3.33803 5
    endloop
  endfacet
  facet normal 0 0 1
    outer loop
      vertex -22.7736 -0.684355 5
      vertex -26.0674 -3.33803 5
      vertex -25.7953 -3.63829 5
    endloop
  endfacet
  facet normal 0 0 1
    outer loop
      vertex -26.4321 2.82797 5
      vertex -26.3088 3.01253 5
      vertex -26.375 2.92328 5
    endloop
  endfacet
  facet normal -0 0 1
    outer loop
      vertex -26.8137 2.11404 5
      vertex -22.8899 0.510284 5
      vertex -26.6405 2.48038 5
    endloop
  endfacet
  facet normal 0 0 1
    outer loop
      vertex -22.8899 -0.510284 5
      vertex -26.4321 -2.82797 5
      vertex -26.3088 -3.01253 5
    endloop
  endfacet
  facet normal 0 0 1
    outer loop
      vertex -26.3088 -3.01253 5
      vertex -26.4321 -2.82797 5
      vertex -26.375 -2.92328 5
    endloop
  endfacet
  facet normal -0 0 1
    outer loop
      vertex -26.8987 1.90896 5
      vertex -22.8899 0.510284 5
      vertex -26.8137 2.11404 5
    endloop
  endfacet
  facet normal -0 0 1
    outer loop
      vertex -27.0352 1.52741 5
      vertex -22.8899 0.510284 5
      vertex -26.8987 1.90896 5
    endloop
  endfacet
  facet normal 0 -0 1
    outer loop
      vertex -26.6405 -2.48038 5
      vertex -22.8899 -0.510284 5
      vertex -26.8137 -2.11404 5
    endloop
  endfacet
  facet normal 0 0 1
    outer loop
      vertex -22.8899 -0.510284 5
      vertex -26.6405 -2.48038 5
      vertex -26.4321 -2.82797 5
    endloop
  endfacet
  facet normal 0 0 1
    outer loop
      vertex -26.8987 1.90896 5
      vertex -26.8137 2.11404 5
      vertex -26.8612 2.01359 5
    endloop
  endfacet
  facet normal -0 0 1
    outer loop
      vertex -27.1337 1.13431 5
      vertex -22.8899 0.510284 5
      vertex -27.0352 1.52741 5
    endloop
  endfacet
  facet normal 0 0 1
    outer loop
      vertex -22.8899 -0.510284 5
      vertex -26.8987 -1.90896 5
      vertex -26.8137 -2.11404 5
    endloop
  endfacet
  facet normal 0 0 1
    outer loop
      vertex -26.8137 -2.11404 5
      vertex -26.8987 -1.90896 5
      vertex -26.8612 -2.01359 5
    endloop
  endfacet
  facet normal -0 0 1
    outer loop
      vertex -27.177 0.916598 5
      vertex -22.8899 0.510284 5
      vertex -27.1337 1.13431 5
    endloop
  endfacet
  facet normal -0 0 1
    outer loop
      vertex -27.2364 0.515742 5
      vertex -22.8899 0.510284 5
      vertex -27.177 0.916598 5
    endloop
  endfacet
  facet normal 0 -0 1
    outer loop
      vertex -27.0352 -1.52741 5
      vertex -22.8899 -0.510284 5
      vertex -27.1337 -1.13431 5
    endloop
  endfacet
  facet normal 0 0 1
    outer loop
      vertex -22.8899 -0.510284 5
      vertex -27.0352 -1.52741 5
      vertex -26.8987 -1.90896 5
    endloop
  endfacet
  facet normal 0 0 1
    outer loop
      vertex -27.177 0.916598 5
      vertex -27.1337 1.13431 5
      vertex -27.1607 1.02652 5
    endloop
  endfacet
  facet normal 0 0 1
    outer loop
      vertex -27.2419 0.404753 5
      vertex -22.8899 0.510284 5
      vertex -27.2364 0.515742 5
    endloop
  endfacet
  facet normal 0 0 1
    outer loop
      vertex -22.8899 -0.510284 5
      vertex -27.177 -0.916598 5
      vertex -27.1337 -1.13431 5
    endloop
  endfacet
  facet normal 0 0 1
    outer loop
      vertex -27.1337 -1.13431 5
      vertex -27.177 -0.916598 5
      vertex -27.1607 -1.02652 5
    endloop
  endfacet
  facet normal 0 0 1
    outer loop
      vertex -27.2618 0 5
      vertex -22.8899 0.510284 5
      vertex -27.2419 0.404753 5
    endloop
  endfacet
  facet normal 0 0 1
    outer loop
      vertex -22.8899 0.510284 5
      vertex -27.2618 0 5
      vertex -22.8899 -0.510284 5
    endloop
  endfacet
  facet normal 0 -0 1
    outer loop
      vertex -27.2364 -0.515742 5
      vertex -22.8899 -0.510284 5
      vertex -27.2419 -0.404753 5
    endloop
  endfacet
  facet normal 0 0 1
    outer loop
      vertex -22.8899 -0.510284 5
      vertex -27.2364 -0.515742 5
      vertex -27.177 -0.916598 5
    endloop
  endfacet
  facet normal 0 0 1
    outer loop
      vertex -22.8899 -0.510284 5
      vertex -27.2618 0 5
      vertex -27.2419 -0.404753 5
    endloop
  endfacet
  facet normal -0.603555 0.0895318 0.792279
    outer loop
      vertex -28.3751 1.26809 5
      vertex -29.3314 1.4583 4.25
      vertex -28.4687 0.637111 5
    endloop
  endfacet
  facet normal -0.771655 0.27607 0.573004
    outer loop
      vertex -28.906 2.86056 4.25
      vertex -29.6555 2.32228 3.5
      vertex -29.1531 2.16988 4.25
    endloop
  endfacet
  facet normal -0.574496 0.205563 0.792274
    outer loop
      vertex -28.0052 2.48744 5
      vertex -28.906 2.86056 4.25
      vertex -28.2201 1.88685 5
    endloop
  endfacet
  facet normal -0.421332 0.702947 0.573014
    outer loop
      vertex -25.5237 6.59236 4.25
      vertex -26.4446 6.65176 3.5
      vertex -26.1529 6.21523 4.25
    endloop
  endfacet
  facet normal -0.514093 0.857734 0
    outer loop
      vertex -25.7712 7.05537 0
      vertex -26.4446 6.65176 3.5
      vertex -25.7712 7.05537 3.5
    endloop
  endfacet
  facet normal -0.514093 0.857734 0
    outer loop
      vertex -26.4446 6.65176 3.5
      vertex -25.7712 7.05537 0
      vertex -26.4446 6.65176 0
    endloop
  endfacet
  facet normal -0.313708 0.523357 0.792266
    outer loop
      vertex -25.5237 6.59236 4.25
      vertex -25.6112 5.40455 5
      vertex -25.0641 5.73249 5
    endloop
  endfacet
  facet normal -0.336879 0.941548 0
    outer loop
      vertex -24.3223 7.65552 0
      vertex -25.0615 7.39104 3.5
      vertex -24.3223 7.65552 3.5
    endloop
  endfacet
  facet normal -0.336879 0.941548 0
    outer loop
      vertex -25.0615 7.39104 3.5
      vertex -24.3223 7.65552 0
      vertex -25.0615 7.39104 0
    endloop
  endfacet
  facet normal -0.452098 0.409789 0.792263
    outer loop
      vertex -26.5962 4.59619 5
      vertex -27.2856 5.28562 4.25
      vertex -27.0246 4.12356 5
    endloop
  endfacet
  facet normal -0.658238 0.488206 0.573042
    outer loop
      vertex -28.1841 5.07515 3.5
      vertex -28.6518 4.44456 3.5
      vertex -28.2152 4.15289 4.25
    endloop
  endfacet
  facet normal -0.409788 0.452103 0.79226
    outer loop
      vertex -26.7421 5.77825 4.25
      vertex -27.2856 5.28562 4.25
      vertex -26.1236 5.02457 5
    endloop
  endfacet
  facet normal -0.550383 0.607217 0.573032
    outer loop
      vertex -26.7421 5.77825 4.25
      vertex -27.6569 5.65685 3.5
      vertex -27.2856 5.28562 4.25
    endloop
  endfacet
  facet normal -0.0895288 0.603569 0.792269
    outer loop
      vertex -22.7327 7.439 4.25
      vertex -23.4583 7.33137 4.25
      vertex -22.6371 6.4687 5
    endloop
  endfacet
  facet normal -0.0895307 0.603567 0.792269
    outer loop
      vertex -22.6371 6.4687 5
      vertex -23.4583 7.33137 4.25
      vertex -23.2681 6.3751 5
    endloop
  endfacet
  facet normal 0.120251 0.810687 0.572998
    outer loop
      vertex -21.2159 7.96148 3.5
      vertex -21.2673 7.439 4.25
      vertex -20.5417 7.33137 4.25
    endloop
  endfacet
  facet normal 0.0402132 0.818567 0.573002
    outer loop
      vertex -21.2159 7.96148 3.5
      vertex -22 8 3.5
      vertex -21.2673 7.439 4.25
    endloop
  endfacet
  facet normal -0.350421 0.740864 0.572997
    outer loop
      vertex -25.0615 7.39104 3.5
      vertex -25.5237 6.59236 4.25
      vertex -24.8606 6.906 4.25
    endloop
  endfacet
  facet normal -0.260888 0.551572 0.792278
    outer loop
      vertex -24.8606 6.906 4.25
      vertex -25.5237 6.59236 4.25
      vertex -24.4874 6.00522 5
    endloop
  endfacet
  facet normal 0.595756 0.803165 -0
    outer loop
      vertex -16.9249 6.18408 0
      vertex -17.5554 6.65176 3.5
      vertex -16.9249 6.18408 3.5
    endloop
  endfacet
  facet normal 0.595756 0.803165 0
    outer loop
      vertex -17.5554 6.65176 3.5
      vertex -16.9249 6.18408 0
      vertex -17.5554 6.65176 0
    endloop
  endfacet
  facet normal 0.671501 0.741004 -0
    outer loop
      vertex -16.3431 5.65685 0
      vertex -16.9249 6.18408 3.5
      vertex -16.3431 5.65685 3.5
    endloop
  endfacet
  facet normal 0.671501 0.741004 0
    outer loop
      vertex -16.9249 6.18408 3.5
      vertex -16.3431 5.65685 0
      vertex -16.9249 6.18408 0
    endloop
  endfacet
  facet normal 0.421326 0.702957 0.573006
    outer loop
      vertex -18.2288 7.05537 3.5
      vertex -18.4763 6.59236 4.25
      vertex -17.5554 6.65176 3.5
    endloop
  endfacet
  facet normal 0.421332 0.702947 0.573014
    outer loop
      vertex -17.5554 6.65176 3.5
      vertex -18.4763 6.59236 4.25
      vertex -17.8471 6.21523 4.25
    endloop
  endfacet
  facet normal 0.205581 0.574486 0.792277
    outer loop
      vertex -19.1394 6.906 4.25
      vertex -20.1131 6.22011 5
      vertex -19.5126 6.00522 5
    endloop
  endfacet
  facet normal -0.523359 0.313749 0.792248
    outer loop
      vertex -28.2152 4.15289 4.25
      vertex -28.5924 3.52369 4.25
      vertex -27.4046 3.61121 5
    endloop
  endfacet
  facet normal -0.702967 0.421327 0.572992
    outer loop
      vertex -28.6518 4.44456 3.5
      vertex -29.0554 3.77117 3.5
      vertex -28.5924 3.52369 4.25
    endloop
  endfacet
  facet normal -0.818569 -0.0402203 0.572998
    outer loop
      vertex -29.475 0 4.25
      vertex -30 0 3.5
      vertex -29.439 -0.732677 4.25
    endloop
  endfacet
  facet normal -0.810677 -0.120212 0.57302
    outer loop
      vertex -29.439 -0.732677 4.25
      vertex -29.9615 -0.784137 3.5
      vertex -29.3314 -1.4583 4.25
    endloop
  endfacet
  facet normal -0.609439 -0.0299405 0.792267
    outer loop
      vertex -28.5 0 5
      vertex -29.439 -0.732677 4.25
      vertex -28.4687 -0.637111 5
    endloop
  endfacet
  facet normal -0.794982 -0.199173 0.573004
    outer loop
      vertex -29.1531 -2.16988 4.25
      vertex -29.8463 -1.56072 3.5
      vertex -29.6555 -2.32228 3.5
    endloop
  endfacet
  facet normal -0.658238 -0.488206 0.573042
    outer loop
      vertex -28.2152 -4.15289 4.25
      vertex -28.6518 -4.44456 3.5
      vertex -28.1841 -5.07515 3.5
    endloop
  endfacet
  facet normal -0.702892 -0.421378 0.573048
    outer loop
      vertex -28.5924 -3.52369 4.25
      vertex -28.6518 -4.44456 3.5
      vertex -28.2152 -4.15289 4.25
    endloop
  endfacet
  facet normal -0.52337 -0.31366 0.792276
    outer loop
      vertex -27.7325 -3.06408 5
      vertex -28.5924 -3.52369 4.25
      vertex -27.4046 -3.61121 5
    endloop
  endfacet
  facet normal 0.49011 0.363505 0.792248
    outer loop
      vertex -15.7848 4.15289 4.25
      vertex -16.9754 4.12356 5
      vertex -16.5954 3.61121 5
    endloop
  endfacet
  facet normal 0.452098 0.409789 0.792263
    outer loop
      vertex -16.7144 5.28562 4.25
      vertex -17.4038 4.59619 5
      vertex -16.9754 4.12356 5
    endloop
  endfacet
  facet normal 0.452076 0.409799 0.79227
    outer loop
      vertex -16.7144 5.28562 4.25
      vertex -16.9754 4.12356 5
      vertex -16.2217 4.74209 4.25
    endloop
  endfacet
  facet normal 0.523359 0.313749 0.792248
    outer loop
      vertex -15.7848 4.15289 4.25
      vertex -16.5954 3.61121 5
      vertex -15.4076 3.52369 4.25
    endloop
  endfacet
  facet normal 0.702892 0.421378 0.573048
    outer loop
      vertex -15.3482 4.44456 3.5
      vertex -15.7848 4.15289 4.25
      vertex -15.4076 3.52369 4.25
    endloop
  endfacet
  facet normal -0.77166 -0.276119 0.572974
    outer loop
      vertex -28.906 -2.86056 4.25
      vertex -29.6555 -2.32228 3.5
      vertex -29.391 -3.06147 3.5
    endloop
  endfacet
  facet normal -0.740901 -0.350379 0.572975
    outer loop
      vertex -28.906 -2.86056 4.25
      vertex -29.391 -3.06147 3.5
      vertex -28.5924 -3.52369 4.25
    endloop
  endfacet
  facet normal -0.550346 -0.607308 0.572972
    outer loop
      vertex -26.7421 -5.77825 4.25
      vertex -27.6569 -5.65685 3.5
      vertex -27.0751 -6.18408 3.5
    endloop
  endfacet
  facet normal -0.488219 -0.658288 0.572973
    outer loop
      vertex -26.7421 -5.77825 4.25
      vertex -27.0751 -6.18408 3.5
      vertex -26.1529 -6.21523 4.25
    endloop
  endfacet
  facet normal -0.409792 -0.452094 0.792264
    outer loop
      vertex -26.5962 -4.59619 5
      vertex -27.2856 -5.28562 4.25
      vertex -26.1236 -5.02457 5
    endloop
  endfacet
  facet normal 0.148249 -0.591888 0.792269
    outer loop
      vertex -20.1131 -6.22011 5
      vertex -20.7319 -6.3751 5
      vertex -20.5417 -7.33137 4.25
    endloop
  endfacet
  facet normal 0.313708 -0.523357 0.792266
    outer loop
      vertex -18.3888 -5.40455 5
      vertex -18.9359 -5.73249 5
      vertex -18.4763 -6.59236 4.25
    endloop
  endfacet
  facet normal -0.603574 0.0895017 0.792268
    outer loop
      vertex -29.3314 1.4583 4.25
      vertex -29.439 0.732677 4.25
      vertex -28.4687 0.637111 5
    endloop
  endfacet
  facet normal -0.609439 0.0299405 0.792267
    outer loop
      vertex -28.4687 0.637111 5
      vertex -29.439 0.732677 4.25
      vertex -28.5 0 5
    endloop
  endfacet
  facet normal -0.794987 0.199199 0.572988
    outer loop
      vertex -29.1531 2.16988 4.25
      vertex -29.8463 1.56072 3.5
      vertex -29.3314 1.4583 4.25
    endloop
  endfacet
  facet normal -0.591879 0.148307 0.792265
    outer loop
      vertex -29.1531 2.16988 4.25
      vertex -29.3314 1.4583 4.25
      vertex -28.2201 1.88685 5
    endloop
  endfacet
  facet normal -0.810692 0.12026 0.572989
    outer loop
      vertex -29.8463 1.56072 3.5
      vertex -29.9615 0.784137 3.5
      vertex -29.3314 1.4583 4.25
    endloop
  endfacet
  facet normal -0.989176 0.146736 0
    outer loop
      vertex -29.9615 0.784137 0
      vertex -29.8463 1.56072 3.5
      vertex -29.8463 1.56072 0
    endloop
  endfacet
  facet normal -0.989176 0.146736 0
    outer loop
      vertex -29.8463 1.56072 3.5
      vertex -29.9615 0.784137 0
      vertex -29.9615 0.784137 3.5
    endloop
  endfacet
  facet normal -0.363451 0.490111 0.792272
    outer loop
      vertex -25.6112 5.40455 5
      vertex -26.1529 6.21523 4.25
      vertex -26.1236 5.02457 5
    endloop
  endfacet
  facet normal -0.595756 0.803165 0
    outer loop
      vertex -26.4446 6.65176 0
      vertex -27.0751 6.18408 3.5
      vertex -26.4446 6.65176 3.5
    endloop
  endfacet
  facet normal -0.595756 0.803165 0
    outer loop
      vertex -27.0751 6.18408 3.5
      vertex -26.4446 6.65176 0
      vertex -27.0751 6.18408 0
    endloop
  endfacet
  facet normal -0.48825 0.658231 0.573013
    outer loop
      vertex -26.4446 6.65176 3.5
      vertex -27.0751 6.18408 3.5
      vertex -26.1529 6.21523 4.25
    endloop
  endfacet
  facet normal -0.488219 0.658288 0.572973
    outer loop
      vertex -26.1529 6.21523 4.25
      vertex -27.0751 6.18408 3.5
      vertex -26.7421 5.77825 4.25
    endloop
  endfacet
  facet normal -0.276091 0.771652 0.572998
    outer loop
      vertex -24.3223 7.65552 3.5
      vertex -25.0615 7.39104 3.5
      vertex -24.8606 6.906 4.25
    endloop
  endfacet
  facet normal 0.040219 0.818569 0.572998
    outer loop
      vertex -22 8 3.5
      vertex -22 7.475 4.25
      vertex -21.2673 7.439 4.25
    endloop
  endfacet
  facet normal -0.205557 0.574508 0.792267
    outer loop
      vertex -24.1699 7.15313 4.25
      vertex -24.8606 6.906 4.25
      vertex -23.8869 6.22011 5
    endloop
  endfacet
  facet normal -0.148255 0.591889 0.792267
    outer loop
      vertex -23.4583 7.33137 4.25
      vertex -24.1699 7.15313 4.25
      vertex -23.8869 6.22011 5
    endloop
  endfacet
  facet normal 0.260861 0.551603 0.792266
    outer loop
      vertex -18.4763 6.59236 4.25
      vertex -19.5126 6.00522 5
      vertex -18.9359 5.73249 5
    endloop
  endfacet
  facet normal -0.989176 -0.146736 0
    outer loop
      vertex -29.8463 -1.56072 0
      vertex -29.9615 -0.784137 3.5
      vertex -29.9615 -0.784137 0
    endloop
  endfacet
  facet normal -0.989176 -0.146736 0
    outer loop
      vertex -29.9615 -0.784137 3.5
      vertex -29.8463 -1.56072 0
      vertex -29.8463 -1.56072 3.5
    endloop
  endfacet
  facet normal -0.591872 -0.148265 0.792278
    outer loop
      vertex -28.3751 -1.26809 5
      vertex -29.3314 -1.4583 4.25
      vertex -28.2201 -1.88685 5
    endloop
  endfacet
  facet normal 0.409792 0.452094 0.792264
    outer loop
      vertex -16.7144 5.28562 4.25
      vertex -17.8764 5.02457 5
      vertex -17.4038 4.59619 5
    endloop
  endfacet
  facet normal -0.574496 -0.205563 0.792274
    outer loop
      vertex -28.2201 -1.88685 5
      vertex -28.906 -2.86056 4.25
      vertex -28.0052 -2.48744 5
    endloop
  endfacet
  facet normal -0.551594 -0.260854 0.792275
    outer loop
      vertex -28.0052 -2.48744 5
      vertex -28.906 -2.86056 4.25
      vertex -28.5924 -3.52369 4.25
    endloop
  endfacet
  facet normal -0.591879 -0.148307 0.792265
    outer loop
      vertex -28.2201 -1.88685 5
      vertex -29.3314 -1.4583 4.25
      vertex -29.1531 -2.16988 4.25
    endloop
  endfacet
  facet normal -0.794987 -0.199199 0.572988
    outer loop
      vertex -29.3314 -1.4583 4.25
      vertex -29.8463 -1.56072 3.5
      vertex -29.1531 -2.16988 4.25
    endloop
  endfacet
  facet normal -0.35041 0.740863 0.573005
    outer loop
      vertex -25.0615 7.39104 3.5
      vertex -25.7712 7.05537 3.5
      vertex -25.5237 6.59236 4.25
    endloop
  endfacet
  facet normal -0.427562 0.903986 0
    outer loop
      vertex -25.0615 7.39104 0
      vertex -25.7712 7.05537 3.5
      vertex -25.0615 7.39104 3.5
    endloop
  endfacet
  facet normal -0.427562 0.903986 0
    outer loop
      vertex -25.7712 7.05537 3.5
      vertex -25.0615 7.39104 0
      vertex -25.7712 7.05537 0
    endloop
  endfacet
  facet normal 0.029941 0.609439 0.792268
    outer loop
      vertex -21.2673 7.439 4.25
      vertex -22 6.5 5
      vertex -21.3629 6.4687 5
    endloop
  endfacet
  facet normal 0.0299437 0.609437 0.792269
    outer loop
      vertex -22 7.475 4.25
      vertex -22 6.5 5
      vertex -21.2673 7.439 4.25
    endloop
  endfacet
  facet normal -0.603555 -0.0895318 0.792279
    outer loop
      vertex -28.4687 -0.637111 5
      vertex -29.3314 -1.4583 4.25
      vertex -28.3751 -1.26809 5
    endloop
  endfacet
  facet normal -0.995178 -0.0980871 0
    outer loop
      vertex -18.5 0 0
      vertex -18.5673 0.682816 2.59
      vertex -18.5673 0.682816 0
    endloop
  endfacet
  facet normal -0.995178 -0.0980871 0
    outer loop
      vertex -18.5673 0.682816 2.59
      vertex -18.5 0 0
      vertex -18.5 0 2.59
    endloop
  endfacet
  facet normal 0.995178 -0.0980871 0
    outer loop
      vertex -25.5 0 2.59
      vertex -25.4327 0.682816 0
      vertex -25.4327 0.682816 2.59
    endloop
  endfacet
  facet normal 0.995178 -0.0980871 0
    outer loop
      vertex -25.4327 0.682816 0
      vertex -25.5 0 2.59
      vertex -25.5 0 0
    endloop
  endfacet
  facet normal -0.0980172 -0.995185 0
    outer loop
      vertex -22 3.5 0
      vertex -21.3172 3.43275 2.59
      vertex -22 3.5 2.59
    endloop
  endfacet
  facet normal -0.0980172 -0.995185 -0
    outer loop
      vertex -21.3172 3.43275 2.59
      vertex -22 3.5 0
      vertex -21.3172 3.43275 0
    endloop
  endfacet
  facet normal 0.0980172 0.995185 -0
    outer loop
      vertex -22 -3.5 0
      vertex -22.6828 -3.43275 2.59
      vertex -22 -3.5 2.59
    endloop
  endfacet
  facet normal 0.0980172 0.995185 0
    outer loop
      vertex -22.6828 -3.43275 2.59
      vertex -22 -3.5 0
      vertex -22.6828 -3.43275 0
    endloop
  endfacet
  facet normal 0.773056 0.634338 0
    outer loop
      vertex -24.4749 -2.47487 2.59
      vertex -24.9101 -1.9445 0
      vertex -24.9101 -1.9445 2.59
    endloop
  endfacet
  facet normal 0.773056 0.634338 0
    outer loop
      vertex -24.9101 -1.9445 0
      vertex -24.4749 -2.47487 2.59
      vertex -24.4749 -2.47487 0
    endloop
  endfacet
  facet normal -0.773056 -0.634338 0
    outer loop
      vertex -19.0899 1.9445 0
      vertex -19.5251 2.47487 2.59
      vertex -19.5251 2.47487 0
    endloop
  endfacet
  facet normal -0.773056 -0.634338 0
    outer loop
      vertex -19.5251 2.47487 2.59
      vertex -19.0899 1.9445 0
      vertex -19.0899 1.9445 2.59
    endloop
  endfacet
  facet normal -0.956968 -0.290192 0
    outer loop
      vertex -18.5673 0.682816 0
      vertex -18.7664 1.33939 2.59
      vertex -18.7664 1.33939 0
    endloop
  endfacet
  facet normal -0.956968 -0.290192 0
    outer loop
      vertex -18.7664 1.33939 2.59
      vertex -18.5673 0.682816 0
      vertex -18.5673 0.682816 2.59
    endloop
  endfacet
  facet normal 0.634378 -0.773023 0
    outer loop
      vertex -24.4749 2.47487 0
      vertex -23.9445 2.91014 2.59
      vertex -24.4749 2.47487 2.59
    endloop
  endfacet
  facet normal 0.634378 -0.773023 0
    outer loop
      vertex -23.9445 2.91014 2.59
      vertex -24.4749 2.47487 0
      vertex -23.9445 2.91014 0
    endloop
  endfacet
  facet normal 0.290275 -0.956943 0
    outer loop
      vertex -23.3394 3.23358 0
      vertex -22.6828 3.43275 2.59
      vertex -23.3394 3.23358 2.59
    endloop
  endfacet
  facet normal 0.290275 -0.956943 0
    outer loop
      vertex -22.6828 3.43275 2.59
      vertex -23.3394 3.23358 0
      vertex -22.6828 3.43275 0
    endloop
  endfacet
  facet normal -0.634378 0.773023 0
    outer loop
      vertex -19.5251 -2.47487 0
      vertex -20.0555 -2.91014 2.59
      vertex -19.5251 -2.47487 2.59
    endloop
  endfacet
  facet normal -0.634378 0.773023 0
    outer loop
      vertex -20.0555 -2.91014 2.59
      vertex -19.5251 -2.47487 0
      vertex -20.0555 -2.91014 0
    endloop
  endfacet
  facet normal -0.773056 0.634338 0
    outer loop
      vertex -19.5251 -2.47487 0
      vertex -19.0899 -1.9445 2.59
      vertex -19.0899 -1.9445 0
    endloop
  endfacet
  facet normal -0.773056 0.634338 0
    outer loop
      vertex -19.0899 -1.9445 2.59
      vertex -19.5251 -2.47487 0
      vertex -19.5251 -2.47487 2.59
    endloop
  endfacet
  facet normal -0.881884 -0.471467 0
    outer loop
      vertex -18.7664 1.33939 0
      vertex -19.0899 1.9445 2.59
      vertex -19.0899 1.9445 0
    endloop
  endfacet
  facet normal -0.881884 -0.471467 0
    outer loop
      vertex -19.0899 1.9445 2.59
      vertex -18.7664 1.33939 0
      vertex -18.7664 1.33939 2.59
    endloop
  endfacet
  facet normal -0.471405 -0.881917 0
    outer loop
      vertex -20.6606 3.23358 0
      vertex -20.0555 2.91014 2.59
      vertex -20.6606 3.23358 2.59
    endloop
  endfacet
  facet normal -0.471405 -0.881917 -0
    outer loop
      vertex -20.0555 2.91014 2.59
      vertex -20.6606 3.23358 0
      vertex -20.0555 2.91014 0
    endloop
  endfacet
  facet normal -0.290275 -0.956943 0
    outer loop
      vertex -21.3172 3.43275 0
      vertex -20.6606 3.23358 2.59
      vertex -21.3172 3.43275 2.59
    endloop
  endfacet
  facet normal -0.290275 -0.956943 -0
    outer loop
      vertex -20.6606 3.23358 2.59
      vertex -21.3172 3.43275 0
      vertex -20.6606 3.23358 0
    endloop
  endfacet
  facet normal -0.634378 -0.773023 0
    outer loop
      vertex -20.0555 2.91014 0
      vertex -19.5251 2.47487 2.59
      vertex -20.0555 2.91014 2.59
    endloop
  endfacet
  facet normal -0.634378 -0.773023 -0
    outer loop
      vertex -19.5251 2.47487 2.59
      vertex -20.0555 2.91014 0
      vertex -19.5251 2.47487 0
    endloop
  endfacet
  facet normal 0.881884 -0.471467 0
    outer loop
      vertex -25.2336 1.33939 2.59
      vertex -24.9101 1.9445 0
      vertex -24.9101 1.9445 2.59
    endloop
  endfacet
  facet normal 0.881884 -0.471467 0
    outer loop
      vertex -24.9101 1.9445 0
      vertex -25.2336 1.33939 2.59
      vertex -25.2336 1.33939 0
    endloop
  endfacet
  facet normal 0.773056 -0.634338 0
    outer loop
      vertex -24.9101 1.9445 2.59
      vertex -24.4749 2.47487 0
      vertex -24.4749 2.47487 2.59
    endloop
  endfacet
  facet normal 0.773056 -0.634338 0
    outer loop
      vertex -24.4749 2.47487 0
      vertex -24.9101 1.9445 2.59
      vertex -24.9101 1.9445 0
    endloop
  endfacet
  facet normal 0.956968 -0.290192 0
    outer loop
      vertex -25.4327 0.682816 2.59
      vertex -25.2336 1.33939 0
      vertex -25.2336 1.33939 2.59
    endloop
  endfacet
  facet normal 0.956968 -0.290192 0
    outer loop
      vertex -25.2336 1.33939 0
      vertex -25.4327 0.682816 2.59
      vertex -25.4327 0.682816 0
    endloop
  endfacet
  facet normal 0 0 -1
    outer loop
      vertex -18.5673 -0.682816 2.59
      vertex -18.5673 0.682816 2.59
      vertex -18.5 0 2.59
    endloop
  endfacet
  facet normal 0 0 -1
    outer loop
      vertex -18.7664 -1.33939 2.59
      vertex -18.5673 0.682816 2.59
      vertex -18.5673 -0.682816 2.59
    endloop
  endfacet
  facet normal 0 0 -1
    outer loop
      vertex -18.7664 -1.33939 2.59
      vertex -18.7664 1.33939 2.59
      vertex -18.5673 0.682816 2.59
    endloop
  endfacet
  facet normal 0 0 -1
    outer loop
      vertex -19.0899 -1.9445 2.59
      vertex -18.7664 1.33939 2.59
      vertex -18.7664 -1.33939 2.59
    endloop
  endfacet
  facet normal 0 0 -1
    outer loop
      vertex -19.0899 -1.9445 2.59
      vertex -19.0899 1.9445 2.59
      vertex -18.7664 1.33939 2.59
    endloop
  endfacet
  facet normal 0 0 -1
    outer loop
      vertex -19.5251 -2.47487 2.59
      vertex -19.0899 1.9445 2.59
      vertex -19.0899 -1.9445 2.59
    endloop
  endfacet
  facet normal 0 0 -1
    outer loop
      vertex -19.5251 -2.47487 2.59
      vertex -19.5251 2.47487 2.59
      vertex -19.0899 1.9445 2.59
    endloop
  endfacet
  facet normal 0 0 -1
    outer loop
      vertex -20.0555 -2.91014 2.59
      vertex -19.5251 2.47487 2.59
      vertex -19.5251 -2.47487 2.59
    endloop
  endfacet
  facet normal 0 0 -1
    outer loop
      vertex -20.0555 -2.91014 2.59
      vertex -20.0555 2.91014 2.59
      vertex -19.5251 2.47487 2.59
    endloop
  endfacet
  facet normal 0 0 -1
    outer loop
      vertex -20.6606 -3.23358 2.59
      vertex -20.0555 2.91014 2.59
      vertex -20.0555 -2.91014 2.59
    endloop
  endfacet
  facet normal 0 0 -1
    outer loop
      vertex -20.6606 -3.23358 2.59
      vertex -20.6606 3.23358 2.59
      vertex -20.0555 2.91014 2.59
    endloop
  endfacet
  facet normal 0 0 -1
    outer loop
      vertex -21.3172 -3.43275 2.59
      vertex -20.6606 3.23358 2.59
      vertex -20.6606 -3.23358 2.59
    endloop
  endfacet
  facet normal 0 0 -1
    outer loop
      vertex -21.3172 -3.43275 2.59
      vertex -21.3172 3.43275 2.59
      vertex -20.6606 3.23358 2.59
    endloop
  endfacet
  facet normal 0 0 -1
    outer loop
      vertex -22 -3.5 2.59
      vertex -21.3172 3.43275 2.59
      vertex -21.3172 -3.43275 2.59
    endloop
  endfacet
  facet normal 0 0 -1
    outer loop
      vertex -22 -3.5 2.59
      vertex -22 3.5 2.59
      vertex -21.3172 3.43275 2.59
    endloop
  endfacet
  facet normal 0 0 -1
    outer loop
      vertex -22.6828 -3.43275 2.59
      vertex -22 3.5 2.59
      vertex -22 -3.5 2.59
    endloop
  endfacet
  facet normal 0 0 -1
    outer loop
      vertex -22.6828 -3.43275 2.59
      vertex -22.6828 3.43275 2.59
      vertex -22 3.5 2.59
    endloop
  endfacet
  facet normal 0 0 -1
    outer loop
      vertex -23.3394 -3.23358 2.59
      vertex -22.6828 3.43275 2.59
      vertex -22.6828 -3.43275 2.59
    endloop
  endfacet
  facet normal 0 0 -1
    outer loop
      vertex -23.3394 -3.23358 2.59
      vertex -23.3394 3.23358 2.59
      vertex -22.6828 3.43275 2.59
    endloop
  endfacet
  facet normal 0 0 -1
    outer loop
      vertex -23.9445 -2.91014 2.59
      vertex -23.3394 3.23358 2.59
      vertex -23.3394 -3.23358 2.59
    endloop
  endfacet
  facet normal 0 0 -1
    outer loop
      vertex -23.9445 -2.91014 2.59
      vertex -23.9445 2.91014 2.59
      vertex -23.3394 3.23358 2.59
    endloop
  endfacet
  facet normal 0 0 -1
    outer loop
      vertex -24.4749 -2.47487 2.59
      vertex -23.9445 2.91014 2.59
      vertex -23.9445 -2.91014 2.59
    endloop
  endfacet
  facet normal 0 0 -1
    outer loop
      vertex -24.4749 -2.47487 2.59
      vertex -24.4749 2.47487 2.59
      vertex -23.9445 2.91014 2.59
    endloop
  endfacet
  facet normal 0 0 -1
    outer loop
      vertex -24.9101 -1.9445 2.59
      vertex -24.4749 2.47487 2.59
      vertex -24.4749 -2.47487 2.59
    endloop
  endfacet
  facet normal 0 0 -1
    outer loop
      vertex -24.9101 -1.9445 2.59
      vertex -24.9101 1.9445 2.59
      vertex -24.4749 2.47487 2.59
    endloop
  endfacet
  facet normal 0 0 -1
    outer loop
      vertex -25.2336 -1.33939 2.59
      vertex -24.9101 1.9445 2.59
      vertex -24.9101 -1.9445 2.59
    endloop
  endfacet
  facet normal 0 0 -1
    outer loop
      vertex -25.2336 -1.33939 2.59
      vertex -25.2336 1.33939 2.59
      vertex -24.9101 1.9445 2.59
    endloop
  endfacet
  facet normal 0 0 -1
    outer loop
      vertex -25.4327 -0.682816 2.59
      vertex -25.2336 1.33939 2.59
      vertex -25.2336 -1.33939 2.59
    endloop
  endfacet
  facet normal 0 0 -1
    outer loop
      vertex -25.4327 -0.682816 2.59
      vertex -25.4327 0.682816 2.59
      vertex -25.2336 1.33939 2.59
    endloop
  endfacet
  facet normal 0 -0 -1
    outer loop
      vertex -25.4327 0.682816 2.59
      vertex -25.4327 -0.682816 2.59
      vertex -25.5 0 2.59
    endloop
  endfacet
  facet normal 0.471405 -0.881917 0
    outer loop
      vertex -23.9445 2.91014 0
      vertex -23.3394 3.23358 2.59
      vertex -23.9445 2.91014 2.59
    endloop
  endfacet
  facet normal 0.471405 -0.881917 0
    outer loop
      vertex -23.3394 3.23358 2.59
      vertex -23.9445 2.91014 0
      vertex -23.3394 3.23358 0
    endloop
  endfacet
  facet normal 0.0980172 -0.995185 0
    outer loop
      vertex -22.6828 3.43275 0
      vertex -22 3.5 2.59
      vertex -22.6828 3.43275 2.59
    endloop
  endfacet
  facet normal 0.0980172 -0.995185 0
    outer loop
      vertex -22 3.5 2.59
      vertex -22.6828 3.43275 0
      vertex -22 3.5 0
    endloop
  endfacet
  facet normal -0.0980172 0.995185 0
    outer loop
      vertex -21.3172 -3.43275 0
      vertex -22 -3.5 2.59
      vertex -21.3172 -3.43275 2.59
    endloop
  endfacet
  facet normal -0.0980172 0.995185 0
    outer loop
      vertex -22 -3.5 2.59
      vertex -21.3172 -3.43275 0
      vertex -22 -3.5 0
    endloop
  endfacet
  facet normal -0.471405 0.881917 0
    outer loop
      vertex -20.0555 -2.91014 0
      vertex -20.6606 -3.23358 2.59
      vertex -20.0555 -2.91014 2.59
    endloop
  endfacet
  facet normal -0.471405 0.881917 0
    outer loop
      vertex -20.6606 -3.23358 2.59
      vertex -20.0555 -2.91014 0
      vertex -20.6606 -3.23358 0
    endloop
  endfacet
  facet normal 0.634378 0.773023 -0
    outer loop
      vertex -23.9445 -2.91014 0
      vertex -24.4749 -2.47487 2.59
      vertex -23.9445 -2.91014 2.59
    endloop
  endfacet
  facet normal 0.634378 0.773023 0
    outer loop
      vertex -24.4749 -2.47487 2.59
      vertex -23.9445 -2.91014 0
      vertex -24.4749 -2.47487 0
    endloop
  endfacet
  facet normal 0.290275 0.956943 -0
    outer loop
      vertex -22.6828 -3.43275 0
      vertex -23.3394 -3.23358 2.59
      vertex -22.6828 -3.43275 2.59
    endloop
  endfacet
  facet normal 0.290275 0.956943 0
    outer loop
      vertex -23.3394 -3.23358 2.59
      vertex -22.6828 -3.43275 0
      vertex -23.3394 -3.23358 0
    endloop
  endfacet
  facet normal 0.881884 0.471467 0
    outer loop
      vertex -24.9101 -1.9445 2.59
      vertex -25.2336 -1.33939 0
      vertex -25.2336 -1.33939 2.59
    endloop
  endfacet
  facet normal 0.881884 0.471467 0
    outer loop
      vertex -25.2336 -1.33939 0
      vertex -24.9101 -1.9445 2.59
      vertex -24.9101 -1.9445 0
    endloop
  endfacet
  facet normal 0.995178 0.0980871 0
    outer loop
      vertex -25.4327 -0.682816 2.59
      vertex -25.5 0 0
      vertex -25.5 0 2.59
    endloop
  endfacet
  facet normal 0.995178 0.0980871 0
    outer loop
      vertex -25.5 0 0
      vertex -25.4327 -0.682816 2.59
      vertex -25.4327 -0.682816 0
    endloop
  endfacet
  facet normal -0.995178 0.0980871 0
    outer loop
      vertex -18.5673 -0.682816 0
      vertex -18.5 0 2.59
      vertex -18.5 0 0
    endloop
  endfacet
  facet normal -0.995178 0.0980871 0
    outer loop
      vertex -18.5 0 2.59
      vertex -18.5673 -0.682816 0
      vertex -18.5673 -0.682816 2.59
    endloop
  endfacet
  facet normal -0.290275 0.956943 0
    outer loop
      vertex -20.6606 -3.23358 0
      vertex -21.3172 -3.43275 2.59
      vertex -20.6606 -3.23358 2.59
    endloop
  endfacet
  facet normal -0.290275 0.956943 0
    outer loop
      vertex -21.3172 -3.43275 2.59
      vertex -20.6606 -3.23358 0
      vertex -21.3172 -3.43275 0
    endloop
  endfacet
  facet normal -0.881884 0.471467 0
    outer loop
      vertex -19.0899 -1.9445 0
      vertex -18.7664 -1.33939 2.59
      vertex -18.7664 -1.33939 0
    endloop
  endfacet
  facet normal -0.881884 0.471467 0
    outer loop
      vertex -18.7664 -1.33939 2.59
      vertex -19.0899 -1.9445 0
      vertex -19.0899 -1.9445 2.59
    endloop
  endfacet
  facet normal -0.956968 0.290192 0
    outer loop
      vertex -18.7664 -1.33939 0
      vertex -18.5673 -0.682816 2.59
      vertex -18.5673 -0.682816 0
    endloop
  endfacet
  facet normal -0.956968 0.290192 0
    outer loop
      vertex -18.5673 -0.682816 2.59
      vertex -18.7664 -1.33939 0
      vertex -18.7664 -1.33939 2.59
    endloop
  endfacet
  facet normal 0.471405 0.881917 -0
    outer loop
      vertex -23.3394 -3.23358 0
      vertex -23.9445 -2.91014 2.59
      vertex -23.3394 -3.23358 2.59
    endloop
  endfacet
  facet normal 0.471405 0.881917 0
    outer loop
      vertex -23.9445 -2.91014 2.59
      vertex -23.3394 -3.23358 0
      vertex -23.9445 -2.91014 0
    endloop
  endfacet
  facet normal 0.956968 0.290192 0
    outer loop
      vertex -25.2336 -1.33939 2.59
      vertex -25.4327 -0.682816 0
      vertex -25.4327 -0.682816 2.59
    endloop
  endfacet
  facet normal 0.956968 0.290192 0
    outer loop
      vertex -25.4327 -0.682816 0
      vertex -25.2336 -1.33939 2.59
      vertex -25.2336 -1.33939 0
    endloop
  endfacet
  facet normal 0.829506 0.478916 0.287331
    outer loop
      vertex 6.39646 -5.568 5
      vertex 1.83685 2.32948 5
      vertex 5.97559 -5.325 5.81
    endloop
  endfacet
  facet normal 0.515438 -0.709437 0.480649
    outer loop
      vertex 5.53043 -7.068 5
      vertex 6.06061 -6.13402 5.81
      vertex 5.10956 -6.825 5.81
    endloop
  endfacet
  facet normal 0.515438 -0.709437 0.480649
    outer loop
      vertex 6.06061 -6.13402 5.81
      vertex 5.53043 -7.068 5
      vertex 6.48148 -6.37702 5
    endloop
  endfacet
  facet normal 0.356674 0.801103 0.480642
    outer loop
      vertex 0.866028 4.01099 5
      vertex -0.207916 4.00316 5.81
      vertex 0.866028 3.52501 5.81
    endloop
  endfacet
  facet normal 0.356674 0.801103 0.480642
    outer loop
      vertex -0.207916 4.00316 5.81
      vertex 0.866028 4.01099 5
      vertex -0.207916 4.48914 5
    endloop
  endfacet
  facet normal 0.829504 0.478915 0.287337
    outer loop
      vertex 0.866028 3.52501 5.81
      vertex 1.83685 2.32948 5
      vertex 0.866028 4.01099 5
    endloop
  endfacet
  facet normal 0.829504 0.478915 0.287338
    outer loop
      vertex 1.83685 2.32948 5
      vertex 0.866028 3.52501 5.81
      vertex 5.97559 -5.325 5.81
    endloop
  endfacet
  facet normal -0.365907 -0.821844 0.436675
    outer loop
      vertex -5.53043 -7.068 5
      vertex -5.85271 -6.49413 5.81
      vertex -6.27358 -6.73713 5
    endloop
  endfacet
  facet normal -0.365907 -0.821844 0.436675
    outer loop
      vertex -5.85271 -6.49413 5.81
      vertex -5.53043 -7.068 5
      vertex -5.10956 -6.825 5.81
    endloop
  endfacet
  facet normal 0.894695 0.0940236 0.43667
    outer loop
      vertex 6.06061 -6.13402 5.81
      vertex 6.39646 -5.568 5
      vertex 5.97559 -5.325 5.81
    endloop
  endfacet
  facet normal 0.894695 0.0940236 0.43667
    outer loop
      vertex 6.39646 -5.568 5
      vertex 6.06061 -6.13402 5.81
      vertex 6.48148 -6.37702 5
    endloop
  endfacet
  facet normal 0 -0.957826 0.287348
    outer loop
      vertex -5.53043 -7.068 5
      vertex 5.10956 -6.825 5.81
      vertex -5.10956 -6.825 5.81
    endloop
  endfacet
  facet normal 0 -0.957826 0.287348
    outer loop
      vertex 5.10956 -6.825 5.81
      vertex -5.53043 -7.068 5
      vertex 5.53043 -7.068 5
    endloop
  endfacet
  facet normal -0 0 1
    outer loop
      vertex 4.84818 -5.43402 5.81
      vertex 6.06061 -6.13402 5.81
      vertex 5.97559 -5.325 5.81
    endloop
  endfacet
  facet normal 0 0 1
    outer loop
      vertex 6.06061 -6.13402 5.81
      vertex 4.84818 -5.43402 5.81
      vertex 5.10956 -6.825 5.81
    endloop
  endfacet
  facet normal 0 0 1
    outer loop
      vertex 5.97559 -5.325 5.81
      vertex 4.76315 -4.625 5.81
      vertex 4.84818 -5.43402 5.81
    endloop
  endfacet
  facet normal 0 0 1
    outer loop
      vertex 0.866028 3.52501 5.81
      vertex 4.76315 -4.625 5.81
      vertex 5.97559 -5.325 5.81
    endloop
  endfacet
  facet normal 0 0 1
    outer loop
      vertex 0.866028 3.52501 5.81
      vertex 0.866028 2.12502 5.81
      vertex 4.76315 -4.625 5.81
    endloop
  endfacet
  facet normal 0 0 1
    outer loop
      vertex -0.207916 2.60316 5.81
      vertex 0.866028 3.52501 5.81
      vertex -0.207916 4.00316 5.81
    endloop
  endfacet
  facet normal 0 0 1
    outer loop
      vertex 0.866028 3.52501 5.81
      vertex -0.207916 2.60316 5.81
      vertex 0.866028 2.12502 5.81
    endloop
  endfacet
  facet normal -0 0 1
    outer loop
      vertex -0.866028 3.52501 5.81
      vertex -0.207916 2.60316 5.81
      vertex -0.207916 4.00316 5.81
    endloop
  endfacet
  facet normal 0 0 1
    outer loop
      vertex -0.866028 3.52501 5.81
      vertex -0.866028 2.12502 5.81
      vertex -0.207916 2.60316 5.81
    endloop
  endfacet
  facet normal 0 0 1
    outer loop
      vertex -0.866028 3.52501 5.81
      vertex -4.76315 -4.625 5.81
      vertex -0.866028 2.12502 5.81
    endloop
  endfacet
  facet normal 0 0 1
    outer loop
      vertex -4.64027 -5.79413 5.81
      vertex -5.85271 -6.49413 5.81
      vertex -5.10956 -6.825 5.81
    endloop
  endfacet
  facet normal 0 0 1
    outer loop
      vertex -5.97559 -5.325 5.81
      vertex -4.76315 -4.625 5.81
      vertex -0.866028 3.52501 5.81
    endloop
  endfacet
  facet normal 0 0 1
    outer loop
      vertex -4.64027 -5.79413 5.81
      vertex -5.97559 -5.325 5.81
      vertex -5.85271 -6.49413 5.81
    endloop
  endfacet
  facet normal -0 0 1
    outer loop
      vertex 3.89713 -6.125 5.81
      vertex 5.10956 -6.825 5.81
      vertex 4.84818 -5.43402 5.81
    endloop
  endfacet
  facet normal -0 0 1
    outer loop
      vertex -3.89713 -6.125 5.81
      vertex 5.10956 -6.825 5.81
      vertex 3.89713 -6.125 5.81
    endloop
  endfacet
  facet normal 0 0 1
    outer loop
      vertex -3.89713 -6.125 5.81
      vertex -5.10956 -6.825 5.81
      vertex 5.10956 -6.825 5.81
    endloop
  endfacet
  facet normal 0 0 1
    outer loop
      vertex -4.64027 -5.79413 5.81
      vertex -5.10956 -6.825 5.81
      vertex -3.89713 -6.125 5.81
    endloop
  endfacet
  facet normal -0 0 1
    outer loop
      vertex -5.97559 -5.325 5.81
      vertex -4.64027 -5.79413 5.81
      vertex -4.76315 -4.625 5.81
    endloop
  endfacet
  facet normal -0.528788 0.727809 0.436667
    outer loop
      vertex -0.207916 4.48914 5
      vertex -0.866028 3.52501 5.81
      vertex -0.207916 4.00316 5.81
    endloop
  endfacet
  facet normal -0.528788 0.727809 0.436667
    outer loop
      vertex -0.866028 3.52501 5.81
      vertex -0.207916 4.48914 5
      vertex -0.866028 4.01099 5
    endloop
  endfacet
  facet normal -0.829504 0.478915 0.287337
    outer loop
      vertex -1.83685 2.32948 5
      vertex -0.866028 3.52501 5.81
      vertex -0.866028 4.01099 5
    endloop
  endfacet
  facet normal -0.829504 0.478915 0.287338
    outer loop
      vertex -0.866028 3.52501 5.81
      vertex -1.83685 2.32948 5
      vertex -5.97559 -5.325 5.81
    endloop
  endfacet
  facet normal -0.829506 0.478916 0.287331
    outer loop
      vertex -1.83685 2.32948 5
      vertex -6.39646 -5.568 5
      vertex -5.97559 -5.325 5.81
    endloop
  endfacet
  facet normal -0.872113 -0.0916624 0.480642
    outer loop
      vertex -6.39646 -5.568 5
      vertex -5.85271 -6.49413 5.81
      vertex -5.97559 -5.325 5.81
    endloop
  endfacet
  facet normal -0.872113 -0.0916624 0.480642
    outer loop
      vertex -5.85271 -6.49413 5.81
      vertex -6.39646 -5.568 5
      vertex -6.27358 -6.73713 5
    endloop
  endfacet
  facet normal -0.898016 -0.0943726 0.429721
    outer loop
      vertex 4.43553 -5.19578 5
      vertex 4.76315 -4.625 5.81
      vertex 4.35051 -4.38676 5
    endloop
  endfacet
  facet normal -0.898012 -0.0943833 0.429727
    outer loop
      vertex 4.76315 -4.625 5.81
      vertex 4.43553 -5.19578 5
      vertex 4.84818 -5.43402 5.81
    endloop
  endfacet
  facet normal 0 0.959364 0.282171
    outer loop
      vertex 3.48448 -5.88676 5
      vertex -3.89713 -6.125 5.81
      vertex 3.89713 -6.125 5.81
    endloop
  endfacet
  facet normal 0 0.959364 0.282171
    outer loop
      vertex -3.89713 -6.125 5.81
      vertex 3.48448 -5.88676 5
      vertex -3.48448 -5.88676 5
    endloop
  endfacet
  facet normal -0.517759 0.712632 0.473371
    outer loop
      vertex 4.43553 -5.19578 5
      vertex 3.89713 -6.125 5.81
      vertex 4.84818 -5.43402 5.81
    endloop
  endfacet
  facet normal -0.517759 0.712632 0.473371
    outer loop
      vertex 3.89713 -6.125 5.81
      vertex 4.43553 -5.19578 5
      vertex 3.48448 -5.88676 5
    endloop
  endfacet
  facet normal -0.830832 -0.479684 0.282172
    outer loop
      vertex 1.66838 0.258833 5
      vertex 0.866028 2.12502 5.81
      vertex 0.866028 1.64854 5
    endloop
  endfacet
  facet normal -0.830835 -0.479682 0.282166
    outer loop
      vertex 0.866028 2.12502 5.81
      vertex 1.66838 0.258833 5
      vertex 4.76315 -4.625 5.81
    endloop
  endfacet
  facet normal 0.876041 0.0920752 0.473365
    outer loop
      vertex -4.76315 -4.625 5.81
      vertex -4.22763 -5.55589 5
      vertex -4.35051 -4.38676 5
    endloop
  endfacet
  facet normal 0.876041 0.0920752 0.473365
    outer loop
      vertex -4.22763 -5.55589 5
      vertex -4.76315 -4.625 5.81
      vertex -4.64027 -5.79413 5.81
    endloop
  endfacet
  facet normal 0.830835 -0.479682 0.282168
    outer loop
      vertex -4.35051 -4.38676 5
      vertex -1.66838 0.258833 5
      vertex -4.76315 -4.625 5.81
    endloop
  endfacet
  facet normal 0.367266 0.824896 0.429723
    outer loop
      vertex -4.22763 -5.55589 5
      vertex -3.89713 -6.125 5.81
      vertex -3.48448 -5.88676 5
    endloop
  endfacet
  facet normal 0.36727 0.824896 0.42972
    outer loop
      vertex -3.89713 -6.125 5.81
      vertex -4.22763 -5.55589 5
      vertex -4.64027 -5.79413 5.81
    endloop
  endfacet
  facet normal -0.358275 -0.804716 0.473362
    outer loop
      vertex -0.207916 2.12669 5
      vertex 0.866028 2.12502 5.81
      vertex -0.207916 2.60316 5.81
    endloop
  endfacet
  facet normal -0.35828 -0.80471 0.473368
    outer loop
      vertex 0.866028 2.12502 5.81
      vertex -0.207916 2.12669 5
      vertex 0.866028 1.64854 5
    endloop
  endfacet
  facet normal 0.530742 -0.730514 0.429723
    outer loop
      vertex -0.866028 1.64854 5
      vertex -0.207916 2.60316 5.81
      vertex -0.866028 2.12502 5.81
    endloop
  endfacet
  facet normal 0.530753 -0.730513 0.429713
    outer loop
      vertex -0.207916 2.60316 5.81
      vertex -0.866028 1.64854 5
      vertex -0.207916 2.12669 5
    endloop
  endfacet
  facet normal 0.830832 -0.479684 0.282172
    outer loop
      vertex -0.866028 2.12502 5.81
      vertex -1.66838 0.258833 5
      vertex -0.866028 1.64854 5
    endloop
  endfacet
  facet normal 0.830835 -0.479682 0.282166
    outer loop
      vertex -1.66838 0.258833 5
      vertex -0.866028 2.12502 5.81
      vertex -4.76315 -4.625 5.81
    endloop
  endfacet
  facet normal -0.830835 -0.479682 0.282168
    outer loop
      vertex 4.35051 -4.38676 5
      vertex 4.76315 -4.625 5.81
      vertex 1.66838 0.258833 5
    endloop
  endfacet
  facet normal 0.381566 0.0758972 0.92122
    outer loop
      vertex -0.835392 -2.64113 5.61462
      vertex -1.1854 -2.875 5.77886
      vertex -0.788873 -2.875 5.61462
    endloop
  endfacet
  facet normal 0.909045 0.18361 0.374066
    outer loop
      vertex -0.371506 -2.79962 5
      vertex -0.55446 -2.52477 5.3097
      vertex -0.555004 -2.52499 5.31113
    endloop
  endfacet
  facet normal 0.90866 0.180729 0.376395
    outer loop
      vertex -0.55446 -2.52477 5.3097
      vertex -0.371506 -2.79962 5
      vertex -0.377815 -2.7679 5
    endloop
  endfacet
  facet normal 0.700216 0.139279 0.700214
    outer loop
      vertex -0.555004 -2.52499 5.31113
      vertex -0.788873 -2.875 5.61462
      vertex -0.485384 -2.875 5.31113
    endloop
  endfacet
  facet normal -0.381564 0.0758983 0.921221
    outer loop
      vertex -1.96461 -2.64113 5.61462
      vertex -2.01113 -2.875 5.61462
      vertex -1.6146 -2.875 5.77886
    endloop
  endfacet
  facet normal 0.700216 -0.139279 0.700214
    outer loop
      vertex -0.485384 -2.875 5.31113
      vertex -0.788873 -2.875 5.61462
      vertex -0.555004 -3.22501 5.31113
    endloop
  endfacet
  facet normal -0.0759199 -0.381551 0.921225
    outer loop
      vertex -1.48212 -3.07326 5.77886
      vertex -1.63387 -3.43961 5.61462
      vertex -1.4 -3.0896 5.77886
    endloop
  endfacet
  facet normal -0.908675 -0.180729 0.376359
    outer loop
      vertex -2.28992 -2.99916 5.31113
      vertex -2.28992 -3.15778 5.23496
      vertex -2.245 -3.22501 5.31113
    endloop
  endfacet
  facet normal 0.59361 0.396651 0.700211
    outer loop
      vertex -0.835392 -2.64113 5.61462
      vertex -0.563111 -2.51286 5.31113
      vertex -0.756839 -2.24622 5.32432
    endloop
  endfacet
  facet normal 0.593575 0.396712 0.700206
    outer loop
      vertex -0.563111 -2.51286 5.31113
      vertex -0.835392 -2.64113 5.61462
      vertex -0.555004 -2.52499 5.31113
    endloop
  endfacet
  facet normal 0.381552 -0.0759202 0.921224
    outer loop
      vertex -1.1854 -2.875 5.77886
      vertex -1.20174 -2.95712 5.77886
      vertex -0.835392 -3.10887 5.61462
    endloop
  endfacet
  facet normal -0.593606 0.396651 0.700215
    outer loop
      vertex -2.04673 -2.22827 5.31113
      vertex -2.245 -2.52499 5.31113
      vertex -1.96461 -2.64113 5.61462
    endloop
  endfacet
  facet normal 0.700215 0.13928 0.700214
    outer loop
      vertex -0.555004 -2.52499 5.31113
      vertex -0.835392 -2.64113 5.61462
      vertex -0.788873 -2.875 5.61462
    endloop
  endfacet
  facet normal 0.0758983 0.381564 0.921221
    outer loop
      vertex -1.4 -2.26387 5.61462
      vertex -1.4 -2.6604 5.77886
      vertex -1.16613 -2.31039 5.61462
    endloop
  endfacet
  facet normal -0.908675 -0.180727 0.376361
    outer loop
      vertex -2.28992 -3.15778 5.23496
      vertex -2.28992 -3.24362 5.19374
      vertex -2.245 -3.22501 5.31113
    endloop
  endfacet
  facet normal 0.323469 -0.21614 0.921223
    outer loop
      vertex -0.835392 -3.10887 5.61462
      vertex -1.24826 -3.02674 5.77886
      vertex -0.967868 -3.30713 5.61462
    endloop
  endfacet
  facet normal 0.139282 0.700212 0.700217
    outer loop
      vertex -1.04999 -2.03 5.31113
      vertex -1.4 -2.26387 5.61462
      vertex -1.16613 -2.31039 5.61462
    endloop
  endfacet
  facet normal 0.323469 0.21614 0.921223
    outer loop
      vertex -0.967868 -2.44287 5.61462
      vertex -1.24826 -2.72326 5.77886
      vertex -0.835392 -2.64113 5.61462
    endloop
  endfacet
  facet normal -0.700231 0.13924 0.700206
    outer loop
      vertex -2.01113 -2.875 5.61462
      vertex -2.28992 -2.75084 5.31113
      vertex -2.28992 -2.875 5.33582
    endloop
  endfacet
  facet normal -0.700222 0.139269 0.700209
    outer loop
      vertex -2.28992 -2.75084 5.31113
      vertex -2.01113 -2.875 5.61462
      vertex -2.245 -2.52499 5.31113
    endloop
  endfacet
  facet normal 0.523145 0.768369 0.368684
    outer loop
      vertex -1.00067 -1.91094 5
      vertex -0.89094 -2.06164 5.15837
      vertex -1.0002 -1.91126 5
    endloop
  endfacet
  facet normal 0.51473 0.770322 0.376373
    outer loop
      vertex -0.89094 -2.06164 5.15837
      vertex -1.00067 -1.91094 5
      vertex -1.04999 -2.03 5.31113
    endloop
  endfacet
  facet normal 0.773022 0.513124 0.373015
    outer loop
      vertex -0.55446 -2.52477 5.3097
      vertex -0.555271 -2.52365 5.30984
      vertex -0.555004 -2.52499 5.31113
    endloop
  endfacet
  facet normal 0.18073 0.908671 0.37637
    outer loop
      vertex -1.00067 -1.91094 5
      vertex -1.25586 -1.89245 5.0779
      vertex -1.04999 -2.03 5.31113
    endloop
  endfacet
  facet normal 0.180716 0.908695 0.376317
    outer loop
      vertex -1.25586 -1.89245 5.0779
      vertex -1.00067 -1.91094 5
      vertex -1.19426 -1.87244 5
    endloop
  endfacet
  facet normal -0.216141 -0.323468 0.921223
    outer loop
      vertex -1.55174 -3.02674 5.77886
      vertex -1.63387 -3.43961 5.61462
      vertex -1.48212 -3.07326 5.77886
    endloop
  endfacet
  facet normal -0.770304 -0.514743 0.376394
    outer loop
      vertex -2.10624 -3.58124 5.10794
      vertex -2.245 -3.22501 5.31113
      vertex -2.18056 -3.54895 5
    endloop
  endfacet
  facet normal -0.770448 -0.514372 0.376604
    outer loop
      vertex -2.10624 -3.58124 5.10794
      vertex -2.18056 -3.54895 5
      vertex -2.17361 -3.55936 5
    endloop
  endfacet
  facet normal -0.770323 -0.514734 0.376366
    outer loop
      vertex -2.245 -3.22501 5.31113
      vertex -2.10624 -3.58124 5.10794
      vertex -2.04673 -3.52173 5.31113
    endloop
  endfacet
  facet normal -0.381551 -0.0759199 0.921225
    outer loop
      vertex -1.6146 -2.875 5.77886
      vertex -1.96461 -3.10887 5.61462
      vertex -1.59826 -2.95712 5.77886
    endloop
  endfacet
  facet normal 0.908663 -0.180756 0.376377
    outer loop
      vertex -0.485384 -2.875 5.31113
      vertex -0.371506 -2.95038 5
      vertex -0.356511 -2.875 5
    endloop
  endfacet
  facet normal 0.908666 -0.180742 0.376375
    outer loop
      vertex -0.371506 -2.95038 5
      vertex -0.485384 -2.875 5.31113
      vertex -0.555004 -3.22501 5.31113
    endloop
  endfacet
  facet normal 0.908666 0.180742 0.376375
    outer loop
      vertex -0.485384 -2.875 5.31113
      vertex -0.371506 -2.79962 5
      vertex -0.555004 -2.52499 5.31113
    endloop
  endfacet
  facet normal 0.908663 0.180756 0.376377
    outer loop
      vertex -0.371506 -2.79962 5
      vertex -0.485384 -2.875 5.31113
      vertex -0.356511 -2.875 5
    endloop
  endfacet
  facet normal 0.909045 -0.18361 0.374066
    outer loop
      vertex -0.55446 -3.22523 5.3097
      vertex -0.371506 -2.95038 5
      vertex -0.555004 -3.22501 5.31113
    endloop
  endfacet
  facet normal 0.90866 -0.180729 0.376395
    outer loop
      vertex -0.371506 -2.95038 5
      vertex -0.55446 -3.22523 5.3097
      vertex -0.377815 -2.9821 5
    endloop
  endfacet
  facet normal 0.773022 -0.513124 0.373015
    outer loop
      vertex -0.555004 -3.22501 5.31113
      vertex -0.555271 -3.22635 5.30984
      vertex -0.55446 -3.22523 5.3097
    endloop
  endfacet
  facet normal 0.216143 0.323467 0.921223
    outer loop
      vertex -1.16613 -2.31039 5.61462
      vertex -1.24826 -2.72326 5.77886
      vertex -0.967868 -2.44287 5.61462
    endloop
  endfacet
  facet normal 0.39665 0.593606 0.700215
    outer loop
      vertex -1.16613 -2.31039 5.61462
      vertex -0.78555 -2.2067 5.31113
      vertex -1.04999 -2.03 5.31113
    endloop
  endfacet
  facet normal 0.396765 0.59343 0.700299
    outer loop
      vertex -0.78555 -2.2067 5.31113
      vertex -1.16613 -2.31039 5.61462
      vertex -0.767781 -2.23116 5.32179
    endloop
  endfacet
  facet normal -0.396653 0.593602 0.700216
    outer loop
      vertex -1.63387 -2.31039 5.61462
      vertex -2.04673 -2.22827 5.31113
      vertex -1.83213 -2.44287 5.61462
    endloop
  endfacet
  facet normal -0.700231 -0.13924 0.700206
    outer loop
      vertex -2.28992 -2.99916 5.31113
      vertex -2.01113 -2.875 5.61462
      vertex -2.28992 -2.875 5.33582
    endloop
  endfacet
  facet normal -0.700222 -0.139269 0.700209
    outer loop
      vertex -2.01113 -2.875 5.61462
      vertex -2.28992 -2.99916 5.31113
      vertex -2.245 -3.22501 5.31113
    endloop
  endfacet
  facet normal 0.514731 0.77032 0.376375
    outer loop
      vertex -0.89094 -2.06164 5.15837
      vertex -1.04999 -2.03 5.31113
      vertex -0.78555 -2.2067 5.31113
    endloop
  endfacet
  facet normal 0.770574 0.515007 0.375478
    outer loop
      vertex -0.555271 -2.52365 5.30984
      vertex -0.563111 -2.51286 5.31113
      vertex -0.555004 -2.52499 5.31113
    endloop
  endfacet
  facet normal -0.323468 -0.216141 0.921223
    outer loop
      vertex -1.59826 -2.95712 5.77886
      vertex -1.96461 -3.10887 5.61462
      vertex -1.55174 -3.02674 5.77886
    endloop
  endfacet
  facet normal 0.700215 -0.13928 0.700214
    outer loop
      vertex -0.788873 -2.875 5.61462
      vertex -0.835392 -3.10887 5.61462
      vertex -0.555004 -3.22501 5.31113
    endloop
  endfacet
  facet normal 0.381566 -0.0758972 0.92122
    outer loop
      vertex -0.788873 -2.875 5.61462
      vertex -1.1854 -2.875 5.77886
      vertex -0.835392 -3.10887 5.61462
    endloop
  endfacet
  facet normal 0.180741 -0.908664 0.37638
    outer loop
      vertex -1.4 -3.81072 5.26019
      vertex -1.04999 -3.72 5.31113
      vertex -1.4 -3.78962 5.31113
    endloop
  endfacet
  facet normal 0.180747 -0.908673 0.376356
    outer loop
      vertex -1.04999 -3.72 5.31113
      vertex -1.4 -3.81072 5.26019
      vertex -1.25586 -3.85755 5.0779
    endloop
  endfacet
  facet normal 0.139279 -0.700215 0.700215
    outer loop
      vertex -1.4 -3.48613 5.61462
      vertex -1.4 -3.78962 5.31113
      vertex -1.04999 -3.72 5.31113
    endloop
  endfacet
  facet normal -0.908675 0.180727 0.376361
    outer loop
      vertex -2.28992 -2.50638 5.19374
      vertex -2.28992 -2.59222 5.23496
      vertex -2.245 -2.52499 5.31113
    endloop
  endfacet
  facet normal 0.323469 0.216141 0.921222
    outer loop
      vertex -0.835392 -2.64113 5.61462
      vertex -1.24826 -2.72326 5.77886
      vertex -1.20174 -2.79288 5.77886
    endloop
  endfacet
  facet normal 0.381552 0.0759202 0.921224
    outer loop
      vertex -0.835392 -2.64113 5.61462
      vertex -1.20174 -2.79288 5.77886
      vertex -1.1854 -2.875 5.77886
    endloop
  endfacet
  facet normal 0.180741 0.908664 0.37638
    outer loop
      vertex -1.04999 -2.03 5.31113
      vertex -1.4 -1.93928 5.26019
      vertex -1.4 -1.96038 5.31113
    endloop
  endfacet
  facet normal 0.180747 0.908673 0.376356
    outer loop
      vertex -1.4 -1.93928 5.26019
      vertex -1.04999 -2.03 5.31113
      vertex -1.25586 -1.89245 5.0779
    endloop
  endfacet
  facet normal -0.323468 0.216141 0.921223
    outer loop
      vertex -1.55174 -2.72326 5.77886
      vertex -1.96461 -2.64113 5.61462
      vertex -1.59826 -2.79288 5.77886
    endloop
  endfacet
  facet normal 0.396278 0.593918 0.700161
    outer loop
      vertex -0.767781 -2.23116 5.32179
      vertex -0.967868 -2.44287 5.61462
      vertex -0.762889 -2.23789 5.32473
    endloop
  endfacet
  facet normal 0.396658 0.593615 0.700203
    outer loop
      vertex -0.967868 -2.44287 5.61462
      vertex -0.767781 -2.23116 5.32179
      vertex -1.16613 -2.31039 5.61462
    endloop
  endfacet
  facet normal 0.593602 0.396663 0.70021
    outer loop
      vertex -0.967868 -2.44287 5.61462
      vertex -0.756839 -2.24622 5.32432
      vertex -0.762889 -2.23789 5.32473
    endloop
  endfacet
  facet normal 0.593614 0.396649 0.700209
    outer loop
      vertex -0.756839 -2.24622 5.32432
      vertex -0.967868 -2.44287 5.61462
      vertex -0.835392 -2.64113 5.61462
    endloop
  endfacet
  facet normal -0.396653 -0.593602 0.700216
    outer loop
      vertex -1.83213 -3.30713 5.61462
      vertex -2.04673 -3.52173 5.31113
      vertex -1.63387 -3.43961 5.61462
    endloop
  endfacet
  facet normal -0.593606 -0.396651 0.700215
    outer loop
      vertex -1.96461 -3.10887 5.61462
      vertex -2.245 -3.22501 5.31113
      vertex -2.04673 -3.52173 5.31113
    endloop
  endfacet
  facet normal 0.139282 -0.700212 0.700217
    outer loop
      vertex -1.16613 -3.43961 5.61462
      vertex -1.4 -3.48613 5.61462
      vertex -1.04999 -3.72 5.31113
    endloop
  endfacet
  facet normal 0.593614 -0.396649 0.700209
    outer loop
      vertex -0.967868 -3.30713 5.61462
      vertex -0.756839 -3.50378 5.32432
      vertex -0.835392 -3.10887 5.61462
    endloop
  endfacet
  facet normal 0.593602 -0.396663 0.70021
    outer loop
      vertex -0.756839 -3.50378 5.32432
      vertex -0.967868 -3.30713 5.61462
      vertex -0.762889 -3.51211 5.32473
    endloop
  endfacet
  facet normal 0.51473 -0.770322 0.376373
    outer loop
      vertex -1.00067 -3.83906 5
      vertex -0.89094 -3.68836 5.15837
      vertex -1.04999 -3.72 5.31113
    endloop
  endfacet
  facet normal 0.523145 -0.768369 0.368684
    outer loop
      vertex -0.89094 -3.68836 5.15837
      vertex -1.00067 -3.83906 5
      vertex -1.0002 -3.83874 5
    endloop
  endfacet
  facet normal 0.216143 -0.323467 0.921223
    outer loop
      vertex -0.967868 -3.30713 5.61462
      vertex -1.24826 -3.02674 5.77886
      vertex -1.16613 -3.43961 5.61462
    endloop
  endfacet
  facet normal -0.770338 -0.514719 0.376356
    outer loop
      vertex -2.18056 -3.54895 5
      vertex -2.28992 -3.24362 5.19374
      vertex -2.28992 -3.38528 5
    endloop
  endfacet
  facet normal -0.770327 -0.514725 0.37637
    outer loop
      vertex -2.28992 -3.24362 5.19374
      vertex -2.18056 -3.54895 5
      vertex -2.245 -3.22501 5.31113
    endloop
  endfacet
  facet normal -0.396549 -0.593675 0.700213
    outer loop
      vertex -1.63387 -3.43961 5.61462
      vertex -1.81703 -3.67522 5.31113
      vertex -1.74161 -3.69972 5.33307
    endloop
  endfacet
  facet normal -0.396655 -0.593599 0.700218
    outer loop
      vertex -1.81703 -3.67522 5.31113
      vertex -1.63387 -3.43961 5.61462
      vertex -2.04673 -3.52173 5.31113
    endloop
  endfacet
  facet normal -0.700212 -0.139282 0.700217
    outer loop
      vertex -2.01113 -2.875 5.61462
      vertex -2.245 -3.22501 5.31113
      vertex -1.96461 -3.10887 5.61462
    endloop
  endfacet
  facet normal -0.908675 0.180729 0.376359
    outer loop
      vertex -2.28992 -2.59222 5.23496
      vertex -2.28992 -2.75084 5.31113
      vertex -2.245 -2.52499 5.31113
    endloop
  endfacet
  facet normal -0.381564 -0.0758983 0.921221
    outer loop
      vertex -1.6146 -2.875 5.77886
      vertex -2.01113 -2.875 5.61462
      vertex -1.96461 -3.10887 5.61462
    endloop
  endfacet
  facet normal -0.0759199 0.381551 0.921225
    outer loop
      vertex -1.4 -2.6604 5.77886
      vertex -1.63387 -2.31039 5.61462
      vertex -1.48212 -2.67674 5.77886
    endloop
  endfacet
  facet normal -0.770338 0.514719 0.376356
    outer loop
      vertex -2.28992 -2.50638 5.19374
      vertex -2.18056 -2.20105 5
      vertex -2.28992 -2.36472 5
    endloop
  endfacet
  facet normal -0.770327 0.514725 0.37637
    outer loop
      vertex -2.18056 -2.20105 5
      vertex -2.28992 -2.50638 5.19374
      vertex -2.245 -2.52499 5.31113
    endloop
  endfacet
  facet normal -0.180756 0.908662 0.376379
    outer loop
      vertex -1.4 -1.93928 5.26019
      vertex -1.56745 -1.99369 5.31113
      vertex -1.4 -1.96038 5.31113
    endloop
  endfacet
  facet normal 0.139279 0.700215 0.700215
    outer loop
      vertex -1.4 -1.96038 5.31113
      vertex -1.4 -2.26387 5.61462
      vertex -1.04999 -2.03 5.31113
    endloop
  endfacet
  facet normal 0.323469 -0.216141 0.921222
    outer loop
      vertex -1.20174 -2.95712 5.77886
      vertex -1.24826 -3.02674 5.77886
      vertex -0.835392 -3.10887 5.61462
    endloop
  endfacet
  facet normal 0.396278 -0.593918 0.700161
    outer loop
      vertex -0.967868 -3.30713 5.61462
      vertex -0.767781 -3.51884 5.32179
      vertex -0.762889 -3.51211 5.32473
    endloop
  endfacet
  facet normal 0.396658 -0.593615 0.700203
    outer loop
      vertex -0.767781 -3.51884 5.32179
      vertex -0.967868 -3.30713 5.61462
      vertex -1.16613 -3.43961 5.61462
    endloop
  endfacet
  facet normal 0.514731 -0.77032 0.376375
    outer loop
      vertex -0.78555 -3.5433 5.31113
      vertex -1.04999 -3.72 5.31113
      vertex -0.89094 -3.68836 5.15837
    endloop
  endfacet
  facet normal 0.0759199 -0.381551 0.921225
    outer loop
      vertex -1.31788 -3.07326 5.77886
      vertex -1.4 -3.0896 5.77886
      vertex -1.16613 -3.43961 5.61462
    endloop
  endfacet
  facet normal 0.216141 -0.323468 0.921223
    outer loop
      vertex -1.24826 -3.02674 5.77886
      vertex -1.31788 -3.07326 5.77886
      vertex -1.16613 -3.43961 5.61462
    endloop
  endfacet
  facet normal -0.216145 -0.323467 0.921222
    outer loop
      vertex -1.55174 -3.02674 5.77886
      vertex -1.83213 -3.30713 5.61462
      vertex -1.63387 -3.43961 5.61462
    endloop
  endfacet
  facet normal -0.139303 -0.700209 0.700216
    outer loop
      vertex -1.56745 -3.75631 5.31113
      vertex -1.4 -3.48613 5.61462
      vertex -1.72684 -3.70452 5.33121
    endloop
  endfacet
  facet normal -0.13929 -0.700214 0.700214
    outer loop
      vertex -1.4 -3.48613 5.61462
      vertex -1.56745 -3.75631 5.31113
      vertex -1.4 -3.78962 5.31113
    endloop
  endfacet
  facet normal 0.396765 -0.59343 0.700299
    outer loop
      vertex -1.16613 -3.43961 5.61462
      vertex -0.78555 -3.5433 5.31113
      vertex -0.767781 -3.51884 5.32179
    endloop
  endfacet
  facet normal 0.39665 -0.593606 0.700215
    outer loop
      vertex -0.78555 -3.5433 5.31113
      vertex -1.16613 -3.43961 5.61462
      vertex -1.04999 -3.72 5.31113
    endloop
  endfacet
  facet normal 0.0758983 -0.381564 0.921221
    outer loop
      vertex -1.4 -3.0896 5.77886
      vertex -1.4 -3.48613 5.61462
      vertex -1.16613 -3.43961 5.61462
    endloop
  endfacet
  facet normal 0.180716 -0.908695 0.376317
    outer loop
      vertex -1.00067 -3.83906 5
      vertex -1.25586 -3.85755 5.0779
      vertex -1.19426 -3.87756 5
    endloop
  endfacet
  facet normal 0.18073 -0.908671 0.37637
    outer loop
      vertex -1.25586 -3.85755 5.0779
      vertex -1.00067 -3.83906 5
      vertex -1.04999 -3.72 5.31113
    endloop
  endfacet
  facet normal -0.514741 -0.770318 0.376366
    outer loop
      vertex -2.04673 -3.52173 5.31113
      vertex -2.10624 -3.58124 5.10794
      vertex -1.81703 -3.67522 5.31113
    endloop
  endfacet
  facet normal -0.700212 0.139282 0.700217
    outer loop
      vertex -1.96461 -2.64113 5.61462
      vertex -2.245 -2.52499 5.31113
      vertex -2.01113 -2.875 5.61462
    endloop
  endfacet
  facet normal -0.396549 0.593675 0.700213
    outer loop
      vertex -1.81703 -2.07478 5.31113
      vertex -1.63387 -2.31039 5.61462
      vertex -1.74161 -2.05028 5.33307
    endloop
  endfacet
  facet normal -0.396655 0.593599 0.700218
    outer loop
      vertex -1.63387 -2.31039 5.61462
      vertex -1.81703 -2.07478 5.31113
      vertex -2.04673 -2.22827 5.31113
    endloop
  endfacet
  facet normal -0.593602 0.396653 0.700216
    outer loop
      vertex -1.83213 -2.44287 5.61462
      vertex -2.04673 -2.22827 5.31113
      vertex -1.96461 -2.64113 5.61462
    endloop
  endfacet
  facet normal -0.216145 0.323467 0.921222
    outer loop
      vertex -1.63387 -2.31039 5.61462
      vertex -1.83213 -2.44287 5.61462
      vertex -1.55174 -2.72326 5.77886
    endloop
  endfacet
  facet normal -0.323467 0.216145 0.921222
    outer loop
      vertex -1.83213 -2.44287 5.61462
      vertex -1.96461 -2.64113 5.61462
      vertex -1.55174 -2.72326 5.77886
    endloop
  endfacet
  facet normal 0.216141 0.323468 0.921223
    outer loop
      vertex -1.16613 -2.31039 5.61462
      vertex -1.31788 -2.67674 5.77886
      vertex -1.24826 -2.72326 5.77886
    endloop
  endfacet
  facet normal -0.0758983 0.381564 0.921221
    outer loop
      vertex -1.4 -2.26387 5.61462
      vertex -1.63387 -2.31039 5.61462
      vertex -1.4 -2.6604 5.77886
    endloop
  endfacet
  facet normal -0.514741 0.770318 0.376366
    outer loop
      vertex -1.81703 -2.07478 5.31113
      vertex -2.10624 -2.16876 5.10794
      vertex -2.04673 -2.22827 5.31113
    endloop
  endfacet
  facet normal -0.770448 0.514372 0.376604
    outer loop
      vertex -2.18056 -2.20105 5
      vertex -2.10624 -2.16876 5.10794
      vertex -2.17361 -2.19064 5
    endloop
  endfacet
  facet normal -0.770304 0.514743 0.376394
    outer loop
      vertex -2.245 -2.52499 5.31113
      vertex -2.10624 -2.16876 5.10794
      vertex -2.18056 -2.20105 5
    endloop
  endfacet
  facet normal -0.770323 0.514734 0.376366
    outer loop
      vertex -2.10624 -2.16876 5.10794
      vertex -2.245 -2.52499 5.31113
      vertex -2.04673 -2.22827 5.31113
    endloop
  endfacet
  facet normal -0.0758983 -0.381564 0.921221
    outer loop
      vertex -1.4 -3.0896 5.77886
      vertex -1.63387 -3.43961 5.61462
      vertex -1.4 -3.48613 5.61462
    endloop
  endfacet
  facet normal -0.139284 -0.700223 0.700206
    outer loop
      vertex -1.63387 -3.43961 5.61462
      vertex -1.72684 -3.70452 5.33121
      vertex -1.4 -3.48613 5.61462
    endloop
  endfacet
  facet normal -0.139374 -0.700198 0.700212
    outer loop
      vertex -1.72684 -3.70452 5.33121
      vertex -1.63387 -3.43961 5.61462
      vertex -1.74161 -3.69972 5.33307
    endloop
  endfacet
  facet normal -0.323467 -0.216145 0.921222
    outer loop
      vertex -1.55174 -3.02674 5.77886
      vertex -1.96461 -3.10887 5.61462
      vertex -1.83213 -3.30713 5.61462
    endloop
  endfacet
  facet normal -0.593602 -0.396653 0.700216
    outer loop
      vertex -1.96461 -3.10887 5.61462
      vertex -2.04673 -3.52173 5.31113
      vertex -1.83213 -3.30713 5.61462
    endloop
  endfacet
  facet normal -0.180756 -0.908662 0.376379
    outer loop
      vertex -1.4 -3.78962 5.31113
      vertex -1.56745 -3.75631 5.31113
      vertex -1.4 -3.81072 5.26019
    endloop
  endfacet
  facet normal 0.770574 -0.515007 0.375478
    outer loop
      vertex -0.555004 -3.22501 5.31113
      vertex -0.563111 -3.23714 5.31113
      vertex -0.555271 -3.22635 5.30984
    endloop
  endfacet
  facet normal 0.593575 -0.396712 0.700206
    outer loop
      vertex -0.835392 -3.10887 5.61462
      vertex -0.563111 -3.23714 5.31113
      vertex -0.555004 -3.22501 5.31113
    endloop
  endfacet
  facet normal 0.59361 -0.396651 0.700211
    outer loop
      vertex -0.563111 -3.23714 5.31113
      vertex -0.835392 -3.10887 5.61462
      vertex -0.756839 -3.50378 5.32432
    endloop
  endfacet
  facet normal 0 0 1
    outer loop
      vertex -1.20174 -2.79288 5.77886
      vertex -1.20174 -2.95712 5.77886
      vertex -1.1854 -2.875 5.77886
    endloop
  endfacet
  facet normal 0 0 1
    outer loop
      vertex -1.24826 -2.72326 5.77886
      vertex -1.20174 -2.95712 5.77886
      vertex -1.20174 -2.79288 5.77886
    endloop
  endfacet
  facet normal 0 0 1
    outer loop
      vertex -1.24826 -2.72326 5.77886
      vertex -1.24826 -3.02674 5.77886
      vertex -1.20174 -2.95712 5.77886
    endloop
  endfacet
  facet normal 0 0 1
    outer loop
      vertex -1.31788 -2.67674 5.77886
      vertex -1.24826 -3.02674 5.77886
      vertex -1.24826 -2.72326 5.77886
    endloop
  endfacet
  facet normal 0 0 1
    outer loop
      vertex -1.31788 -2.67674 5.77886
      vertex -1.31788 -3.07326 5.77886
      vertex -1.24826 -3.02674 5.77886
    endloop
  endfacet
  facet normal 0 0 1
    outer loop
      vertex -1.4 -2.6604 5.77886
      vertex -1.31788 -3.07326 5.77886
      vertex -1.31788 -2.67674 5.77886
    endloop
  endfacet
  facet normal 0 0 1
    outer loop
      vertex -1.4 -2.6604 5.77886
      vertex -1.4 -3.0896 5.77886
      vertex -1.31788 -3.07326 5.77886
    endloop
  endfacet
  facet normal -0 0 1
    outer loop
      vertex -1.48212 -2.67674 5.77886
      vertex -1.4 -3.0896 5.77886
      vertex -1.4 -2.6604 5.77886
    endloop
  endfacet
  facet normal 0 0 1
    outer loop
      vertex -1.48212 -2.67674 5.77886
      vertex -1.48212 -3.07326 5.77886
      vertex -1.4 -3.0896 5.77886
    endloop
  endfacet
  facet normal -0 0 1
    outer loop
      vertex -1.55174 -2.72326 5.77886
      vertex -1.48212 -3.07326 5.77886
      vertex -1.48212 -2.67674 5.77886
    endloop
  endfacet
  facet normal 0 0 1
    outer loop
      vertex -1.55174 -2.72326 5.77886
      vertex -1.55174 -3.02674 5.77886
      vertex -1.48212 -3.07326 5.77886
    endloop
  endfacet
  facet normal -0 0 1
    outer loop
      vertex -1.59826 -2.79288 5.77886
      vertex -1.55174 -3.02674 5.77886
      vertex -1.55174 -2.72326 5.77886
    endloop
  endfacet
  facet normal 0 0 1
    outer loop
      vertex -1.59826 -2.79288 5.77886
      vertex -1.59826 -2.95712 5.77886
      vertex -1.55174 -3.02674 5.77886
    endloop
  endfacet
  facet normal 0 -0 1
    outer loop
      vertex -1.59826 -2.95712 5.77886
      vertex -1.59826 -2.79288 5.77886
      vertex -1.6146 -2.875 5.77886
    endloop
  endfacet
  facet normal -0.381551 0.0759199 0.921225
    outer loop
      vertex -1.59826 -2.79288 5.77886
      vertex -1.96461 -2.64113 5.61462
      vertex -1.6146 -2.875 5.77886
    endloop
  endfacet
  facet normal -0.216141 0.323468 0.921223
    outer loop
      vertex -1.48212 -2.67674 5.77886
      vertex -1.63387 -2.31039 5.61462
      vertex -1.55174 -2.72326 5.77886
    endloop
  endfacet
  facet normal 0.0759199 0.381551 0.921225
    outer loop
      vertex -1.16613 -2.31039 5.61462
      vertex -1.4 -2.6604 5.77886
      vertex -1.31788 -2.67674 5.77886
    endloop
  endfacet
  facet normal -0.13929 0.700214 0.700214
    outer loop
      vertex -1.56745 -1.99369 5.31113
      vertex -1.4 -2.26387 5.61462
      vertex -1.4 -1.96038 5.31113
    endloop
  endfacet
  facet normal -0.139303 0.700209 0.700216
    outer loop
      vertex -1.4 -2.26387 5.61462
      vertex -1.56745 -1.99369 5.31113
      vertex -1.72684 -2.04548 5.33121
    endloop
  endfacet
  facet normal -0.139284 0.700223 0.700206
    outer loop
      vertex -1.72684 -2.04548 5.33121
      vertex -1.63387 -2.31039 5.61462
      vertex -1.4 -2.26387 5.61462
    endloop
  endfacet
  facet normal -0.139374 0.700198 0.700212
    outer loop
      vertex -1.63387 -2.31039 5.61462
      vertex -1.72684 -2.04548 5.33121
      vertex -1.74161 -2.05028 5.33307
    endloop
  endfacet
  facet normal 0.809042 0.587751 -3.82848e-05
    outer loop
      vertex -0.756839 -2.24622 5.32432
      vertex -0.89094 -2.06164 5.15837
      vertex -0.78555 -2.2067 5.31113
    endloop
  endfacet
  facet normal 0.808984 0.587831 0.000329479
    outer loop
      vertex -0.756839 -2.24622 5.32432
      vertex -0.78555 -2.2067 5.31113
      vertex -0.767781 -2.23116 5.32179
    endloop
  endfacet
  facet normal 0.80909 0.587684 -0.00100537
    outer loop
      vertex -0.756839 -2.24622 5.32432
      vertex -0.767781 -2.23116 5.32179
      vertex -0.762889 -2.23789 5.32473
    endloop
  endfacet
  facet normal 0.809014 0.58779 2.81366e-05
    outer loop
      vertex -0.563111 -2.51286 5.31113
      vertex -0.89094 -2.06164 5.15837
      vertex -0.756839 -2.24622 5.32432
    endloop
  endfacet
  facet normal 0.809018 0.587783 -1.11437e-06
    outer loop
      vertex -0.89094 -2.06164 5.15837
      vertex -0.563111 -2.51286 5.31113
      vertex -0.377815 -2.7679 5
    endloop
  endfacet
  facet normal 0.808993 0.587819 -4.53535e-05
    outer loop
      vertex -0.377815 -2.7679 5
      vertex -0.563111 -2.51286 5.31113
      vertex -0.555271 -2.52365 5.30984
    endloop
  endfacet
  facet normal 0.810055 0.586352 0.00171933
    outer loop
      vertex -0.377815 -2.7679 5
      vertex -0.555271 -2.52365 5.30984
      vertex -0.55446 -2.52477 5.3097
    endloop
  endfacet
  facet normal 0.809017 0.587785 -1.32987e-05
    outer loop
      vertex -0.89094 -2.06164 5.15837
      vertex -0.377815 -2.7679 5
      vertex -1.0002 -1.91126 5
    endloop
  endfacet
  facet normal -1 0 0
    outer loop
      vertex -2.28992 -2.36472 5
      vertex -2.28992 -2.59222 5.23496
      vertex -2.28992 -2.50638 5.19374
    endloop
  endfacet
  facet normal -1 0 0
    outer loop
      vertex -2.28992 -3.15778 5.23496
      vertex -2.28992 -2.59222 5.23496
      vertex -2.28992 -2.36472 5
    endloop
  endfacet
  facet normal -1 0 0
    outer loop
      vertex -2.28992 -2.59222 5.23496
      vertex -2.28992 -3.15778 5.23496
      vertex -2.28992 -2.75084 5.31113
    endloop
  endfacet
  facet normal -1 0 0
    outer loop
      vertex -2.28992 -2.75084 5.31113
      vertex -2.28992 -2.99916 5.31113
      vertex -2.28992 -2.875 5.33582
    endloop
  endfacet
  facet normal -1 -0 0
    outer loop
      vertex -2.28992 -2.75084 5.31113
      vertex -2.28992 -3.15778 5.23496
      vertex -2.28992 -2.99916 5.31113
    endloop
  endfacet
  facet normal -1 0 0
    outer loop
      vertex -2.28992 -3.38528 5
      vertex -2.28992 -3.15778 5.23496
      vertex -2.28992 -2.36472 5
    endloop
  endfacet
  facet normal -1 0 0
    outer loop
      vertex -2.28992 -3.15778 5.23496
      vertex -2.28992 -3.38528 5
      vertex -2.28992 -3.24362 5.19374
    endloop
  endfacet
  facet normal -0.309005 0.95106 0.000154304
    outer loop
      vertex -1.81703 -2.07478 5.31113
      vertex -1.72684 -2.04548 5.33121
      vertex -1.56745 -1.99369 5.31113
    endloop
  endfacet
  facet normal -0.309036 0.95105 0.000309278
    outer loop
      vertex -1.72684 -2.04548 5.33121
      vertex -1.81703 -2.07478 5.31113
      vertex -1.74161 -2.05028 5.33307
    endloop
  endfacet
  facet normal -0.309039 0.951049 -3.99546e-05
    outer loop
      vertex -1.25586 -1.89245 5.0779
      vertex -1.56745 -1.99369 5.31113
      vertex -1.4 -1.93928 5.26019
    endloop
  endfacet
  facet normal -0.309005 0.95106 1.05563e-05
    outer loop
      vertex -1.56745 -1.99369 5.31113
      vertex -1.25586 -1.89245 5.0779
      vertex -1.81703 -2.07478 5.31113
    endloop
  endfacet
  facet normal -0.309023 0.951055 -3.71944e-05
    outer loop
      vertex -1.81703 -2.07478 5.31113
      vertex -1.25586 -1.89245 5.0779
      vertex -2.10624 -2.16876 5.10794
    endloop
  endfacet
  facet normal -0.309008 0.951059 -5.39348e-05
    outer loop
      vertex -2.17361 -2.19064 5
      vertex -1.25586 -1.89245 5.0779
      vertex -1.19426 -1.87244 5
    endloop
  endfacet
  facet normal -0.309019 0.951056 8.80996e-05
    outer loop
      vertex -1.25586 -1.89245 5.0779
      vertex -2.17361 -2.19064 5
      vertex -2.10624 -2.16876 5.10794
    endloop
  endfacet
  facet normal -0.309036 -0.95105 0.000309278
    outer loop
      vertex -1.81703 -3.67522 5.31113
      vertex -1.72684 -3.70452 5.33121
      vertex -1.74161 -3.69972 5.33307
    endloop
  endfacet
  facet normal -0.309005 -0.95106 0.000154304
    outer loop
      vertex -1.81703 -3.67522 5.31113
      vertex -1.56745 -3.75631 5.31113
      vertex -1.72684 -3.70452 5.33121
    endloop
  endfacet
  facet normal -0.309005 -0.95106 1.05563e-05
    outer loop
      vertex -1.25586 -3.85755 5.0779
      vertex -1.56745 -3.75631 5.31113
      vertex -1.81703 -3.67522 5.31113
    endloop
  endfacet
  facet normal -0.309023 -0.951055 -3.71944e-05
    outer loop
      vertex -1.25586 -3.85755 5.0779
      vertex -1.81703 -3.67522 5.31113
      vertex -2.10624 -3.58124 5.10794
    endloop
  endfacet
  facet normal -0.309039 -0.951049 -3.99546e-05
    outer loop
      vertex -1.56745 -3.75631 5.31113
      vertex -1.25586 -3.85755 5.0779
      vertex -1.4 -3.81072 5.26019
    endloop
  endfacet
  facet normal -0.309019 -0.951056 8.80996e-05
    outer loop
      vertex -2.17361 -3.55936 5
      vertex -1.25586 -3.85755 5.0779
      vertex -2.10624 -3.58124 5.10794
    endloop
  endfacet
  facet normal -0.309008 -0.951059 -5.39348e-05
    outer loop
      vertex -1.25586 -3.85755 5.0779
      vertex -2.17361 -3.55936 5
      vertex -1.19426 -3.87756 5
    endloop
  endfacet
  facet normal 0.810055 -0.586352 0.00171933
    outer loop
      vertex -0.555271 -3.22635 5.30984
      vertex -0.377815 -2.9821 5
      vertex -0.55446 -3.22523 5.3097
    endloop
  endfacet
  facet normal 0.808993 -0.587819 -4.53535e-05
    outer loop
      vertex -0.563111 -3.23714 5.31113
      vertex -0.377815 -2.9821 5
      vertex -0.555271 -3.22635 5.30984
    endloop
  endfacet
  facet normal 0.809014 -0.58779 2.81366e-05
    outer loop
      vertex -0.89094 -3.68836 5.15837
      vertex -0.563111 -3.23714 5.31113
      vertex -0.756839 -3.50378 5.32432
    endloop
  endfacet
  facet normal 0.80909 -0.587684 -0.00100537
    outer loop
      vertex -0.767781 -3.51884 5.32179
      vertex -0.756839 -3.50378 5.32432
      vertex -0.762889 -3.51211 5.32473
    endloop
  endfacet
  facet normal 0.808984 -0.587831 0.000329479
    outer loop
      vertex -0.78555 -3.5433 5.31113
      vertex -0.756839 -3.50378 5.32432
      vertex -0.767781 -3.51884 5.32179
    endloop
  endfacet
  facet normal 0.809042 -0.587751 -3.82848e-05
    outer loop
      vertex -0.756839 -3.50378 5.32432
      vertex -0.78555 -3.5433 5.31113
      vertex -0.89094 -3.68836 5.15837
    endloop
  endfacet
  facet normal 0.809018 -0.587783 -1.11437e-06
    outer loop
      vertex -0.563111 -3.23714 5.31113
      vertex -0.89094 -3.68836 5.15837
      vertex -0.377815 -2.9821 5
    endloop
  endfacet
  facet normal 0.809017 -0.587785 -1.32987e-05
    outer loop
      vertex -0.377815 -2.9821 5
      vertex -0.89094 -3.68836 5.15837
      vertex -1.0002 -3.83874 5
    endloop
  endfacet
  facet normal 0.381564 0.0758983 0.921221
    outer loop
      vertex 1.96461 -2.64113 5.61462
      vertex 1.6146 -2.875 5.77886
      vertex 2.01113 -2.875 5.61462
    endloop
  endfacet
  facet normal 0.909372 0.186107 0.372031
    outer loop
      vertex 2.42849 -2.79962 5
      vertex 2.24554 -2.52477 5.3097
      vertex 2.245 -2.52499 5.31113
    endloop
  endfacet
  facet normal 0.908668 0.18076 0.376361
    outer loop
      vertex 2.24554 -2.52477 5.3097
      vertex 2.42849 -2.79962 5
      vertex 2.42218 -2.7679 5
    endloop
  endfacet
  facet normal 0.700215 0.139279 0.700215
    outer loop
      vertex 2.245 -2.52499 5.31113
      vertex 2.01113 -2.875 5.61462
      vertex 2.31462 -2.875 5.31113
    endloop
  endfacet
  facet normal -0.381566 0.0758972 0.92122
    outer loop
      vertex 0.835392 -2.64113 5.61462
      vertex 0.788873 -2.875 5.61462
      vertex 1.1854 -2.875 5.77886
    endloop
  endfacet
  facet normal 0.700215 -0.139279 0.700215
    outer loop
      vertex 2.31462 -2.875 5.31113
      vertex 2.01113 -2.875 5.61462
      vertex 2.245 -3.22501 5.31113
    endloop
  endfacet
  facet normal -0.0759199 -0.381551 0.921225
    outer loop
      vertex 1.31788 -3.07326 5.77886
      vertex 1.16613 -3.43961 5.61462
      vertex 1.4 -3.0896 5.77886
    endloop
  endfacet
  facet normal -0.908668 -0.180736 0.376373
    outer loop
      vertex 0.510082 -2.99916 5.31113
      vertex 0.510082 -3.15778 5.23496
      vertex 0.555004 -3.22501 5.31113
    endloop
  endfacet
  facet normal 0.593609 0.396655 0.70021
    outer loop
      vertex 1.96461 -2.64113 5.61462
      vertex 2.23689 -2.51286 5.31113
      vertex 2.04316 -2.24622 5.32432
    endloop
  endfacet
  facet normal 0.593516 0.396819 0.700196
    outer loop
      vertex 2.23689 -2.51286 5.31113
      vertex 1.96461 -2.64113 5.61462
      vertex 2.245 -2.52499 5.31113
    endloop
  endfacet
  facet normal 0.381551 -0.0759199 0.921225
    outer loop
      vertex 1.6146 -2.875 5.77886
      vertex 1.59826 -2.95712 5.77886
      vertex 1.96461 -3.10887 5.61462
    endloop
  endfacet
  facet normal -0.593611 0.396644 0.700213
    outer loop
      vertex 0.753269 -2.22827 5.31113
      vertex 0.555004 -2.52499 5.31113
      vertex 0.835392 -2.64113 5.61462
    endloop
  endfacet
  facet normal 0.700212 0.139282 0.700217
    outer loop
      vertex 2.245 -2.52499 5.31113
      vertex 1.96461 -2.64113 5.61462
      vertex 2.01113 -2.875 5.61462
    endloop
  endfacet
  facet normal 0.0758983 0.381564 0.921221
    outer loop
      vertex 1.4 -2.26387 5.61462
      vertex 1.4 -2.6604 5.77886
      vertex 1.63387 -2.31039 5.61462
    endloop
  endfacet
  facet normal -0.908668 -0.180734 0.376375
    outer loop
      vertex 0.510082 -3.15778 5.23496
      vertex 0.510082 -3.24362 5.19374
      vertex 0.555004 -3.22501 5.31113
    endloop
  endfacet
  facet normal 0.323467 -0.216145 0.921222
    outer loop
      vertex 1.96461 -3.10887 5.61462
      vertex 1.55174 -3.02674 5.77886
      vertex 1.83213 -3.30713 5.61462
    endloop
  endfacet
  facet normal 0.139282 0.700212 0.700217
    outer loop
      vertex 1.75001 -2.03 5.31113
      vertex 1.4 -2.26387 5.61462
      vertex 1.63387 -2.31039 5.61462
    endloop
  endfacet
  facet normal 0.323467 0.216145 0.921222
    outer loop
      vertex 1.83213 -2.44287 5.61462
      vertex 1.55174 -2.72326 5.77886
      vertex 1.96461 -2.64113 5.61462
    endloop
  endfacet
  facet normal -0.70023 0.139241 0.700207
    outer loop
      vertex 0.788873 -2.875 5.61462
      vertex 0.510082 -2.75084 5.31113
      vertex 0.510082 -2.875 5.33582
    endloop
  endfacet
  facet normal -0.700219 0.139275 0.700211
    outer loop
      vertex 0.510082 -2.75084 5.31113
      vertex 0.788873 -2.875 5.61462
      vertex 0.555004 -2.52499 5.31113
    endloop
  endfacet
  facet normal 0.523145 0.768369 0.368684
    outer loop
      vertex 1.79933 -1.91094 5
      vertex 1.90906 -2.06164 5.15837
      vertex 1.7998 -1.91126 5
    endloop
  endfacet
  facet normal 0.51473 0.770322 0.376373
    outer loop
      vertex 1.90906 -2.06164 5.15837
      vertex 1.79933 -1.91094 5
      vertex 1.75001 -2.03 5.31113
    endloop
  endfacet
  facet normal 0.773827 0.513246 0.371175
    outer loop
      vertex 2.24554 -2.52477 5.3097
      vertex 2.24473 -2.52365 5.30984
      vertex 2.245 -2.52499 5.31113
    endloop
  endfacet
  facet normal 0.18073 0.908671 0.37637
    outer loop
      vertex 1.79933 -1.91094 5
      vertex 1.54414 -1.89245 5.0779
      vertex 1.75001 -2.03 5.31113
    endloop
  endfacet
  facet normal 0.180716 0.908695 0.376317
    outer loop
      vertex 1.54414 -1.89245 5.0779
      vertex 1.79933 -1.91094 5
      vertex 1.60574 -1.87244 5
    endloop
  endfacet
  facet normal -0.216141 -0.323468 0.921223
    outer loop
      vertex 1.24826 -3.02674 5.77886
      vertex 1.16613 -3.43961 5.61462
      vertex 1.31788 -3.07326 5.77886
    endloop
  endfacet
  facet normal -0.77032 -0.514727 0.376381
    outer loop
      vertex 0.693757 -3.58124 5.10794
      vertex 0.555004 -3.22501 5.31113
      vertex 0.619441 -3.54895 5
    endloop
  endfacet
  facet normal -0.770434 -0.514437 0.376546
    outer loop
      vertex 0.693757 -3.58124 5.10794
      vertex 0.619441 -3.54895 5
      vertex 0.626392 -3.55936 5
    endloop
  endfacet
  facet normal -0.770327 -0.514724 0.376372
    outer loop
      vertex 0.555004 -3.22501 5.31113
      vertex 0.693757 -3.58124 5.10794
      vertex 0.753269 -3.52173 5.31113
    endloop
  endfacet
  facet normal -0.381552 -0.0759202 0.921224
    outer loop
      vertex 1.1854 -2.875 5.77886
      vertex 0.835392 -3.10887 5.61462
      vertex 1.20174 -2.95712 5.77886
    endloop
  endfacet
  facet normal 0.908656 -0.180815 0.376365
    outer loop
      vertex 2.31462 -2.875 5.31113
      vertex 2.42849 -2.95038 5
      vertex 2.44349 -2.875 5
    endloop
  endfacet
  facet normal 0.908674 -0.180743 0.376354
    outer loop
      vertex 2.42849 -2.95038 5
      vertex 2.31462 -2.875 5.31113
      vertex 2.245 -3.22501 5.31113
    endloop
  endfacet
  facet normal 0.908674 0.180743 0.376354
    outer loop
      vertex 2.31462 -2.875 5.31113
      vertex 2.42849 -2.79962 5
      vertex 2.245 -2.52499 5.31113
    endloop
  endfacet
  facet normal 0.908656 0.180815 0.376365
    outer loop
      vertex 2.42849 -2.79962 5
      vertex 2.31462 -2.875 5.31113
      vertex 2.44349 -2.875 5
    endloop
  endfacet
  facet normal 0.909372 -0.186107 0.372031
    outer loop
      vertex 2.24554 -3.22523 5.3097
      vertex 2.42849 -2.95038 5
      vertex 2.245 -3.22501 5.31113
    endloop
  endfacet
  facet normal 0.908668 -0.18076 0.376361
    outer loop
      vertex 2.42849 -2.95038 5
      vertex 2.24554 -3.22523 5.3097
      vertex 2.42218 -2.9821 5
    endloop
  endfacet
  facet normal 0.773827 -0.513246 0.371175
    outer loop
      vertex 2.245 -3.22501 5.31113
      vertex 2.24473 -3.22635 5.30984
      vertex 2.24554 -3.22523 5.3097
    endloop
  endfacet
  facet normal 0.216145 0.323467 0.921222
    outer loop
      vertex 1.63387 -2.31039 5.61462
      vertex 1.55174 -2.72326 5.77886
      vertex 1.83213 -2.44287 5.61462
    endloop
  endfacet
  facet normal 0.39665 0.593606 0.700215
    outer loop
      vertex 1.63387 -2.31039 5.61462
      vertex 2.01445 -2.2067 5.31113
      vertex 1.75001 -2.03 5.31113
    endloop
  endfacet
  facet normal 0.396759 0.59344 0.700294
    outer loop
      vertex 2.01445 -2.2067 5.31113
      vertex 1.63387 -2.31039 5.61462
      vertex 2.03222 -2.23116 5.32179
    endloop
  endfacet
  facet normal -0.396651 0.593605 0.700215
    outer loop
      vertex 1.16613 -2.31039 5.61462
      vertex 0.753269 -2.22827 5.31113
      vertex 0.967868 -2.44287 5.61462
    endloop
  endfacet
  facet normal -0.70023 -0.139241 0.700207
    outer loop
      vertex 0.510082 -2.99916 5.31113
      vertex 0.788873 -2.875 5.61462
      vertex 0.510082 -2.875 5.33582
    endloop
  endfacet
  facet normal -0.700219 -0.139275 0.700211
    outer loop
      vertex 0.788873 -2.875 5.61462
      vertex 0.510082 -2.99916 5.31113
      vertex 0.555004 -3.22501 5.31113
    endloop
  endfacet
  facet normal 0.514731 0.77032 0.376375
    outer loop
      vertex 1.90906 -2.06164 5.15837
      vertex 1.75001 -2.03 5.31113
      vertex 2.01445 -2.2067 5.31113
    endloop
  endfacet
  facet normal 0.770958 0.515455 0.374071
    outer loop
      vertex 2.24473 -2.52365 5.30984
      vertex 2.23689 -2.51286 5.31113
      vertex 2.245 -2.52499 5.31113
    endloop
  endfacet
  facet normal -0.323469 -0.216141 0.921222
    outer loop
      vertex 1.20174 -2.95712 5.77886
      vertex 0.835392 -3.10887 5.61462
      vertex 1.24826 -3.02674 5.77886
    endloop
  endfacet
  facet normal 0.700212 -0.139282 0.700217
    outer loop
      vertex 2.01113 -2.875 5.61462
      vertex 1.96461 -3.10887 5.61462
      vertex 2.245 -3.22501 5.31113
    endloop
  endfacet
  facet normal 0.381564 -0.0758983 0.921221
    outer loop
      vertex 2.01113 -2.875 5.61462
      vertex 1.6146 -2.875 5.77886
      vertex 1.96461 -3.10887 5.61462
    endloop
  endfacet
  facet normal 0.180741 -0.908664 0.37638
    outer loop
      vertex 1.4 -3.81072 5.26019
      vertex 1.75001 -3.72 5.31113
      vertex 1.4 -3.78962 5.31113
    endloop
  endfacet
  facet normal 0.180747 -0.908673 0.376356
    outer loop
      vertex 1.75001 -3.72 5.31113
      vertex 1.4 -3.81072 5.26019
      vertex 1.54414 -3.85755 5.0779
    endloop
  endfacet
  facet normal 0.139279 -0.700215 0.700215
    outer loop
      vertex 1.4 -3.48613 5.61462
      vertex 1.4 -3.78962 5.31113
      vertex 1.75001 -3.72 5.31113
    endloop
  endfacet
  facet normal -0.908668 0.180734 0.376375
    outer loop
      vertex 0.510082 -2.50638 5.19374
      vertex 0.510082 -2.59222 5.23496
      vertex 0.555004 -2.52499 5.31113
    endloop
  endfacet
  facet normal 0.323468 0.216141 0.921223
    outer loop
      vertex 1.96461 -2.64113 5.61462
      vertex 1.55174 -2.72326 5.77886
      vertex 1.59826 -2.79288 5.77886
    endloop
  endfacet
  facet normal 0.381551 0.0759199 0.921225
    outer loop
      vertex 1.96461 -2.64113 5.61462
      vertex 1.59826 -2.79288 5.77886
      vertex 1.6146 -2.875 5.77886
    endloop
  endfacet
  facet normal 0.180741 0.908664 0.37638
    outer loop
      vertex 1.75001 -2.03 5.31113
      vertex 1.4 -1.93928 5.26019
      vertex 1.4 -1.96038 5.31113
    endloop
  endfacet
  facet normal 0.180747 0.908673 0.376356
    outer loop
      vertex 1.4 -1.93928 5.26019
      vertex 1.75001 -2.03 5.31113
      vertex 1.54414 -1.89245 5.0779
    endloop
  endfacet
  facet normal -0.323469 0.216141 0.921222
    outer loop
      vertex 1.24826 -2.72326 5.77886
      vertex 0.835392 -2.64113 5.61462
      vertex 1.20174 -2.79288 5.77886
    endloop
  endfacet
  facet normal 0.39635 0.593857 0.700172
    outer loop
      vertex 2.03222 -2.23116 5.32179
      vertex 1.83213 -2.44287 5.61462
      vertex 2.03711 -2.23789 5.32473
    endloop
  endfacet
  facet normal 0.396659 0.593611 0.700205
    outer loop
      vertex 1.83213 -2.44287 5.61462
      vertex 2.03222 -2.23116 5.32179
      vertex 1.63387 -2.31039 5.61462
    endloop
  endfacet
  facet normal 0.593601 0.396663 0.700212
    outer loop
      vertex 1.83213 -2.44287 5.61462
      vertex 2.04316 -2.24622 5.32432
      vertex 2.03711 -2.23789 5.32473
    endloop
  endfacet
  facet normal 0.593607 0.396656 0.700211
    outer loop
      vertex 2.04316 -2.24622 5.32432
      vertex 1.83213 -2.44287 5.61462
      vertex 1.96461 -2.64113 5.61462
    endloop
  endfacet
  facet normal -0.396651 -0.593605 0.700215
    outer loop
      vertex 0.967868 -3.30713 5.61462
      vertex 0.753269 -3.52173 5.31113
      vertex 1.16613 -3.43961 5.61462
    endloop
  endfacet
  facet normal -0.593611 -0.396644 0.700213
    outer loop
      vertex 0.835392 -3.10887 5.61462
      vertex 0.555004 -3.22501 5.31113
      vertex 0.753269 -3.52173 5.31113
    endloop
  endfacet
  facet normal 0.139282 -0.700212 0.700217
    outer loop
      vertex 1.63387 -3.43961 5.61462
      vertex 1.4 -3.48613 5.61462
      vertex 1.75001 -3.72 5.31113
    endloop
  endfacet
  facet normal 0.593607 -0.396656 0.700211
    outer loop
      vertex 1.83213 -3.30713 5.61462
      vertex 2.04316 -3.50378 5.32432
      vertex 1.96461 -3.10887 5.61462
    endloop
  endfacet
  facet normal 0.593601 -0.396663 0.700212
    outer loop
      vertex 2.04316 -3.50378 5.32432
      vertex 1.83213 -3.30713 5.61462
      vertex 2.03711 -3.51211 5.32473
    endloop
  endfacet
  facet normal 0.51473 -0.770322 0.376373
    outer loop
      vertex 1.79933 -3.83906 5
      vertex 1.90906 -3.68836 5.15837
      vertex 1.75001 -3.72 5.31113
    endloop
  endfacet
  facet normal 0.523145 -0.768369 0.368684
    outer loop
      vertex 1.90906 -3.68836 5.15837
      vertex 1.79933 -3.83906 5
      vertex 1.7998 -3.83874 5
    endloop
  endfacet
  facet normal 0.216145 -0.323467 0.921222
    outer loop
      vertex 1.83213 -3.30713 5.61462
      vertex 1.55174 -3.02674 5.77886
      vertex 1.63387 -3.43961 5.61462
    endloop
  endfacet
  facet normal -0.770341 -0.514717 0.376354
    outer loop
      vertex 0.619441 -3.54895 5
      vertex 0.510082 -3.24362 5.19374
      vertex 0.510082 -3.38528 5
    endloop
  endfacet
  facet normal -0.77032 -0.514727 0.376381
    outer loop
      vertex 0.510082 -3.24362 5.19374
      vertex 0.619441 -3.54895 5
      vertex 0.555004 -3.22501 5.31113
    endloop
  endfacet
  facet normal -0.396566 -0.593666 0.700211
    outer loop
      vertex 1.16613 -3.43961 5.61462
      vertex 0.982974 -3.67522 5.31113
      vertex 1.05839 -3.69972 5.33307
    endloop
  endfacet
  facet normal -0.39665 -0.593606 0.700215
    outer loop
      vertex 0.982974 -3.67522 5.31113
      vertex 1.16613 -3.43961 5.61462
      vertex 0.753269 -3.52173 5.31113
    endloop
  endfacet
  facet normal -0.700215 -0.13928 0.700214
    outer loop
      vertex 0.788873 -2.875 5.61462
      vertex 0.555004 -3.22501 5.31113
      vertex 0.835392 -3.10887 5.61462
    endloop
  endfacet
  facet normal -0.908668 0.180736 0.376373
    outer loop
      vertex 0.510082 -2.59222 5.23496
      vertex 0.510082 -2.75084 5.31113
      vertex 0.555004 -2.52499 5.31113
    endloop
  endfacet
  facet normal -0.381566 -0.0758972 0.92122
    outer loop
      vertex 1.1854 -2.875 5.77886
      vertex 0.788873 -2.875 5.61462
      vertex 0.835392 -3.10887 5.61462
    endloop
  endfacet
  facet normal -0.0759199 0.381551 0.921225
    outer loop
      vertex 1.4 -2.6604 5.77886
      vertex 1.16613 -2.31039 5.61462
      vertex 1.31788 -2.67674 5.77886
    endloop
  endfacet
  facet normal -0.770341 0.514717 0.376354
    outer loop
      vertex 0.510082 -2.50638 5.19374
      vertex 0.619441 -2.20105 5
      vertex 0.510082 -2.36472 5
    endloop
  endfacet
  facet normal -0.77032 0.514727 0.376381
    outer loop
      vertex 0.619441 -2.20105 5
      vertex 0.510082 -2.50638 5.19374
      vertex 0.555004 -2.52499 5.31113
    endloop
  endfacet
  facet normal -0.180756 0.908662 0.376379
    outer loop
      vertex 1.4 -1.93928 5.26019
      vertex 1.23255 -1.99369 5.31113
      vertex 1.4 -1.96038 5.31113
    endloop
  endfacet
  facet normal 0.139279 0.700215 0.700215
    outer loop
      vertex 1.4 -1.96038 5.31113
      vertex 1.4 -2.26387 5.61462
      vertex 1.75001 -2.03 5.31113
    endloop
  endfacet
  facet normal 0.323468 -0.216141 0.921223
    outer loop
      vertex 1.59826 -2.95712 5.77886
      vertex 1.55174 -3.02674 5.77886
      vertex 1.96461 -3.10887 5.61462
    endloop
  endfacet
  facet normal 0.39635 -0.593857 0.700172
    outer loop
      vertex 1.83213 -3.30713 5.61462
      vertex 2.03222 -3.51884 5.32179
      vertex 2.03711 -3.51211 5.32473
    endloop
  endfacet
  facet normal 0.396659 -0.593611 0.700205
    outer loop
      vertex 2.03222 -3.51884 5.32179
      vertex 1.83213 -3.30713 5.61462
      vertex 1.63387 -3.43961 5.61462
    endloop
  endfacet
  facet normal 0.514731 -0.77032 0.376375
    outer loop
      vertex 2.01445 -3.5433 5.31113
      vertex 1.75001 -3.72 5.31113
      vertex 1.90906 -3.68836 5.15837
    endloop
  endfacet
  facet normal 0.0759199 -0.381551 0.921225
    outer loop
      vertex 1.48212 -3.07326 5.77886
      vertex 1.4 -3.0896 5.77886
      vertex 1.63387 -3.43961 5.61462
    endloop
  endfacet
  facet normal 0.216141 -0.323468 0.921223
    outer loop
      vertex 1.55174 -3.02674 5.77886
      vertex 1.48212 -3.07326 5.77886
      vertex 1.63387 -3.43961 5.61462
    endloop
  endfacet
  facet normal -0.216143 -0.323467 0.921223
    outer loop
      vertex 1.24826 -3.02674 5.77886
      vertex 0.967868 -3.30713 5.61462
      vertex 1.16613 -3.43961 5.61462
    endloop
  endfacet
  facet normal -0.139303 -0.700209 0.700216
    outer loop
      vertex 1.23255 -3.75631 5.31113
      vertex 1.4 -3.48613 5.61462
      vertex 1.07316 -3.70452 5.33121
    endloop
  endfacet
  facet normal -0.13929 -0.700214 0.700214
    outer loop
      vertex 1.4 -3.48613 5.61462
      vertex 1.23255 -3.75631 5.31113
      vertex 1.4 -3.78962 5.31113
    endloop
  endfacet
  facet normal 0.396759 -0.59344 0.700294
    outer loop
      vertex 1.63387 -3.43961 5.61462
      vertex 2.01445 -3.5433 5.31113
      vertex 2.03222 -3.51884 5.32179
    endloop
  endfacet
  facet normal 0.39665 -0.593606 0.700215
    outer loop
      vertex 2.01445 -3.5433 5.31113
      vertex 1.63387 -3.43961 5.61462
      vertex 1.75001 -3.72 5.31113
    endloop
  endfacet
  facet normal 0.0758983 -0.381564 0.921221
    outer loop
      vertex 1.4 -3.0896 5.77886
      vertex 1.4 -3.48613 5.61462
      vertex 1.63387 -3.43961 5.61462
    endloop
  endfacet
  facet normal 0.180716 -0.908695 0.376317
    outer loop
      vertex 1.79933 -3.83906 5
      vertex 1.54414 -3.85755 5.0779
      vertex 1.60574 -3.87756 5
    endloop
  endfacet
  facet normal 0.18073 -0.908671 0.37637
    outer loop
      vertex 1.54414 -3.85755 5.0779
      vertex 1.79933 -3.83906 5
      vertex 1.75001 -3.72 5.31113
    endloop
  endfacet
  facet normal -0.514733 -0.770322 0.37637
    outer loop
      vertex 0.753269 -3.52173 5.31113
      vertex 0.693757 -3.58124 5.10794
      vertex 0.982974 -3.67522 5.31113
    endloop
  endfacet
  facet normal -0.700215 0.13928 0.700214
    outer loop
      vertex 0.835392 -2.64113 5.61462
      vertex 0.555004 -2.52499 5.31113
      vertex 0.788873 -2.875 5.61462
    endloop
  endfacet
  facet normal -0.396566 0.593666 0.700211
    outer loop
      vertex 0.982974 -2.07478 5.31113
      vertex 1.16613 -2.31039 5.61462
      vertex 1.05839 -2.05028 5.33307
    endloop
  endfacet
  facet normal -0.39665 0.593606 0.700215
    outer loop
      vertex 1.16613 -2.31039 5.61462
      vertex 0.982974 -2.07478 5.31113
      vertex 0.753269 -2.22827 5.31113
    endloop
  endfacet
  facet normal -0.593609 0.396646 0.700215
    outer loop
      vertex 0.967868 -2.44287 5.61462
      vertex 0.753269 -2.22827 5.31113
      vertex 0.835392 -2.64113 5.61462
    endloop
  endfacet
  facet normal -0.216143 0.323467 0.921223
    outer loop
      vertex 1.16613 -2.31039 5.61462
      vertex 0.967868 -2.44287 5.61462
      vertex 1.24826 -2.72326 5.77886
    endloop
  endfacet
  facet normal -0.323469 0.21614 0.921223
    outer loop
      vertex 0.967868 -2.44287 5.61462
      vertex 0.835392 -2.64113 5.61462
      vertex 1.24826 -2.72326 5.77886
    endloop
  endfacet
  facet normal 0.216141 0.323468 0.921223
    outer loop
      vertex 1.63387 -2.31039 5.61462
      vertex 1.48212 -2.67674 5.77886
      vertex 1.55174 -2.72326 5.77886
    endloop
  endfacet
  facet normal -0.0758983 0.381564 0.921221
    outer loop
      vertex 1.4 -2.26387 5.61462
      vertex 1.16613 -2.31039 5.61462
      vertex 1.4 -2.6604 5.77886
    endloop
  endfacet
  facet normal -0.514733 0.770322 0.37637
    outer loop
      vertex 0.982974 -2.07478 5.31113
      vertex 0.693757 -2.16876 5.10794
      vertex 0.753269 -2.22827 5.31113
    endloop
  endfacet
  facet normal -0.770434 0.514437 0.376546
    outer loop
      vertex 0.619441 -2.20105 5
      vertex 0.693757 -2.16876 5.10794
      vertex 0.626392 -2.19064 5
    endloop
  endfacet
  facet normal -0.77032 0.514727 0.376381
    outer loop
      vertex 0.555004 -2.52499 5.31113
      vertex 0.693757 -2.16876 5.10794
      vertex 0.619441 -2.20105 5
    endloop
  endfacet
  facet normal -0.770327 0.514724 0.376372
    outer loop
      vertex 0.693757 -2.16876 5.10794
      vertex 0.555004 -2.52499 5.31113
      vertex 0.753269 -2.22827 5.31113
    endloop
  endfacet
  facet normal -0.0758983 -0.381564 0.921221
    outer loop
      vertex 1.4 -3.0896 5.77886
      vertex 1.16613 -3.43961 5.61462
      vertex 1.4 -3.48613 5.61462
    endloop
  endfacet
  facet normal -0.139284 -0.700223 0.700206
    outer loop
      vertex 1.16613 -3.43961 5.61462
      vertex 1.07316 -3.70452 5.33121
      vertex 1.4 -3.48613 5.61462
    endloop
  endfacet
  facet normal -0.139374 -0.700198 0.700212
    outer loop
      vertex 1.07316 -3.70452 5.33121
      vertex 1.16613 -3.43961 5.61462
      vertex 1.05839 -3.69972 5.33307
    endloop
  endfacet
  facet normal -0.323469 -0.21614 0.921223
    outer loop
      vertex 1.24826 -3.02674 5.77886
      vertex 0.835392 -3.10887 5.61462
      vertex 0.967868 -3.30713 5.61462
    endloop
  endfacet
  facet normal -0.593609 -0.396646 0.700215
    outer loop
      vertex 0.835392 -3.10887 5.61462
      vertex 0.753269 -3.52173 5.31113
      vertex 0.967868 -3.30713 5.61462
    endloop
  endfacet
  facet normal -0.180756 -0.908662 0.376379
    outer loop
      vertex 1.4 -3.78962 5.31113
      vertex 1.23255 -3.75631 5.31113
      vertex 1.4 -3.81072 5.26019
    endloop
  endfacet
  facet normal 0.770958 -0.515455 0.374071
    outer loop
      vertex 2.245 -3.22501 5.31113
      vertex 2.23689 -3.23714 5.31113
      vertex 2.24473 -3.22635 5.30984
    endloop
  endfacet
  facet normal 0.593516 -0.396819 0.700196
    outer loop
      vertex 1.96461 -3.10887 5.61462
      vertex 2.23689 -3.23714 5.31113
      vertex 2.245 -3.22501 5.31113
    endloop
  endfacet
  facet normal 0.593609 -0.396655 0.70021
    outer loop
      vertex 2.23689 -3.23714 5.31113
      vertex 1.96461 -3.10887 5.61462
      vertex 2.04316 -3.50378 5.32432
    endloop
  endfacet
  facet normal 0 0 1
    outer loop
      vertex 1.59826 -2.79288 5.77886
      vertex 1.59826 -2.95712 5.77886
      vertex 1.6146 -2.875 5.77886
    endloop
  endfacet
  facet normal 0 0 1
    outer loop
      vertex 1.55174 -2.72326 5.77886
      vertex 1.59826 -2.95712 5.77886
      vertex 1.59826 -2.79288 5.77886
    endloop
  endfacet
  facet normal 0 0 1
    outer loop
      vertex 1.55174 -2.72326 5.77886
      vertex 1.55174 -3.02674 5.77886
      vertex 1.59826 -2.95712 5.77886
    endloop
  endfacet
  facet normal 0 0 1
    outer loop
      vertex 1.48212 -2.67674 5.77886
      vertex 1.55174 -3.02674 5.77886
      vertex 1.55174 -2.72326 5.77886
    endloop
  endfacet
  facet normal 0 0 1
    outer loop
      vertex 1.48212 -2.67674 5.77886
      vertex 1.48212 -3.07326 5.77886
      vertex 1.55174 -3.02674 5.77886
    endloop
  endfacet
  facet normal 0 0 1
    outer loop
      vertex 1.4 -2.6604 5.77886
      vertex 1.48212 -3.07326 5.77886
      vertex 1.48212 -2.67674 5.77886
    endloop
  endfacet
  facet normal 0 0 1
    outer loop
      vertex 1.4 -2.6604 5.77886
      vertex 1.4 -3.0896 5.77886
      vertex 1.48212 -3.07326 5.77886
    endloop
  endfacet
  facet normal -0 0 1
    outer loop
      vertex 1.31788 -2.67674 5.77886
      vertex 1.4 -3.0896 5.77886
      vertex 1.4 -2.6604 5.77886
    endloop
  endfacet
  facet normal 0 0 1
    outer loop
      vertex 1.31788 -2.67674 5.77886
      vertex 1.31788 -3.07326 5.77886
      vertex 1.4 -3.0896 5.77886
    endloop
  endfacet
  facet normal -0 0 1
    outer loop
      vertex 1.24826 -2.72326 5.77886
      vertex 1.31788 -3.07326 5.77886
      vertex 1.31788 -2.67674 5.77886
    endloop
  endfacet
  facet normal 0 0 1
    outer loop
      vertex 1.24826 -2.72326 5.77886
      vertex 1.24826 -3.02674 5.77886
      vertex 1.31788 -3.07326 5.77886
    endloop
  endfacet
  facet normal -0 0 1
    outer loop
      vertex 1.20174 -2.79288 5.77886
      vertex 1.24826 -3.02674 5.77886
      vertex 1.24826 -2.72326 5.77886
    endloop
  endfacet
  facet normal 0 0 1
    outer loop
      vertex 1.20174 -2.79288 5.77886
      vertex 1.20174 -2.95712 5.77886
      vertex 1.24826 -3.02674 5.77886
    endloop
  endfacet
  facet normal 0 -0 1
    outer loop
      vertex 1.20174 -2.95712 5.77886
      vertex 1.20174 -2.79288 5.77886
      vertex 1.1854 -2.875 5.77886
    endloop
  endfacet
  facet normal -0.381552 0.0759202 0.921224
    outer loop
      vertex 1.20174 -2.79288 5.77886
      vertex 0.835392 -2.64113 5.61462
      vertex 1.1854 -2.875 5.77886
    endloop
  endfacet
  facet normal -0.216141 0.323468 0.921223
    outer loop
      vertex 1.31788 -2.67674 5.77886
      vertex 1.16613 -2.31039 5.61462
      vertex 1.24826 -2.72326 5.77886
    endloop
  endfacet
  facet normal 0.0759199 0.381551 0.921225
    outer loop
      vertex 1.63387 -2.31039 5.61462
      vertex 1.4 -2.6604 5.77886
      vertex 1.48212 -2.67674 5.77886
    endloop
  endfacet
  facet normal -0.13929 0.700214 0.700214
    outer loop
      vertex 1.23255 -1.99369 5.31113
      vertex 1.4 -2.26387 5.61462
      vertex 1.4 -1.96038 5.31113
    endloop
  endfacet
  facet normal -0.139303 0.700209 0.700216
    outer loop
      vertex 1.4 -2.26387 5.61462
      vertex 1.23255 -1.99369 5.31113
      vertex 1.07316 -2.04548 5.33121
    endloop
  endfacet
  facet normal -0.139284 0.700223 0.700206
    outer loop
      vertex 1.07316 -2.04548 5.33121
      vertex 1.16613 -2.31039 5.61462
      vertex 1.4 -2.26387 5.61462
    endloop
  endfacet
  facet normal -0.139374 0.700198 0.700212
    outer loop
      vertex 1.16613 -2.31039 5.61462
      vertex 1.07316 -2.04548 5.33121
      vertex 1.05839 -2.05028 5.33307
    endloop
  endfacet
  facet normal 0.809056 0.587731 -6.67456e-05
    outer loop
      vertex 2.04316 -2.24622 5.32432
      vertex 1.90906 -2.06164 5.15837
      vertex 2.01445 -2.2067 5.31113
    endloop
  endfacet
  facet normal 0.809077 0.587703 -0.000195184
    outer loop
      vertex 2.04316 -2.24622 5.32432
      vertex 2.01445 -2.2067 5.31113
      vertex 2.03222 -2.23116 5.32179
    endloop
  endfacet
  facet normal 0.809102 0.587668 -0.000510709
    outer loop
      vertex 2.04316 -2.24622 5.32432
      vertex 2.03222 -2.23116 5.32179
      vertex 2.03711 -2.23789 5.32473
    endloop
  endfacet
  facet normal 0.809011 0.587793 3.91547e-05
    outer loop
      vertex 2.23689 -2.51286 5.31113
      vertex 1.90906 -2.06164 5.15837
      vertex 2.04316 -2.24622 5.32432
    endloop
  endfacet
  facet normal 0.80902 0.587781 -1.44773e-05
    outer loop
      vertex 1.90906 -2.06164 5.15837
      vertex 2.23689 -2.51286 5.31113
      vertex 2.42218 -2.7679 5
    endloop
  endfacet
  facet normal 0.808992 0.58782 -6.26496e-05
    outer loop
      vertex 2.42218 -2.7679 5
      vertex 2.23689 -2.51286 5.31113
      vertex 2.24473 -2.52365 5.30984
    endloop
  endfacet
  facet normal 0.810434 0.585825 0.0023355
    outer loop
      vertex 2.42218 -2.7679 5
      vertex 2.24473 -2.52365 5.30984
      vertex 2.24554 -2.52477 5.3097
    endloop
  endfacet
  facet normal 0.809019 0.587782 -1.77826e-05
    outer loop
      vertex 1.90906 -2.06164 5.15837
      vertex 2.42218 -2.7679 5
      vertex 1.7998 -1.91126 5
    endloop
  endfacet
  facet normal -1 0 0
    outer loop
      vertex 0.510082 -2.36472 5
      vertex 0.510082 -2.59222 5.23496
      vertex 0.510082 -2.50638 5.19374
    endloop
  endfacet
  facet normal -1 0 0
    outer loop
      vertex 0.510082 -3.15778 5.23496
      vertex 0.510082 -2.59222 5.23496
      vertex 0.510082 -2.36472 5
    endloop
  endfacet
  facet normal -1 0 0
    outer loop
      vertex 0.510082 -2.59222 5.23496
      vertex 0.510082 -3.15778 5.23496
      vertex 0.510082 -2.75084 5.31113
    endloop
  endfacet
  facet normal -1 0 0
    outer loop
      vertex 0.510082 -2.75084 5.31113
      vertex 0.510082 -2.99916 5.31113
      vertex 0.510082 -2.875 5.33582
    endloop
  endfacet
  facet normal -1 -0 0
    outer loop
      vertex 0.510082 -2.75084 5.31113
      vertex 0.510082 -3.15778 5.23496
      vertex 0.510082 -2.99916 5.31113
    endloop
  endfacet
  facet normal -1 0 0
    outer loop
      vertex 0.510082 -3.38528 5
      vertex 0.510082 -3.15778 5.23496
      vertex 0.510082 -2.36472 5
    endloop
  endfacet
  facet normal -1 0 0
    outer loop
      vertex 0.510082 -3.15778 5.23496
      vertex 0.510082 -3.38528 5
      vertex 0.510082 -3.24362 5.19374
    endloop
  endfacet
  facet normal -0.30901 0.951059 0.000114993
    outer loop
      vertex 0.982974 -2.07478 5.31113
      vertex 1.07316 -2.04548 5.33121
      vertex 1.23255 -1.99369 5.31113
    endloop
  endfacet
  facet normal -0.309041 0.951049 0.000269956
    outer loop
      vertex 1.07316 -2.04548 5.33121
      vertex 0.982974 -2.07478 5.31113
      vertex 1.05839 -2.05028 5.33307
    endloop
  endfacet
  facet normal -0.309039 0.951049 -3.99546e-05
    outer loop
      vertex 1.54414 -1.89245 5.0779
      vertex 1.23255 -1.99369 5.31113
      vertex 1.4 -1.93928 5.26019
    endloop
  endfacet
  facet normal -0.30901 0.951059 3.93994e-06
    outer loop
      vertex 1.23255 -1.99369 5.31113
      vertex 1.54414 -1.89245 5.0779
      vertex 0.982974 -2.07478 5.31113
    endloop
  endfacet
  facet normal -0.309022 0.951055 -2.85356e-05
    outer loop
      vertex 0.982974 -2.07478 5.31113
      vertex 1.54414 -1.89245 5.0779
      vertex 0.693757 -2.16876 5.10794
    endloop
  endfacet
  facet normal -0.309009 0.951059 -5.44338e-05
    outer loop
      vertex 0.626392 -2.19064 5
      vertex 1.54414 -1.89245 5.0779
      vertex 1.60574 -1.87244 5
    endloop
  endfacet
  facet normal -0.309019 0.951056 7.34283e-05
    outer loop
      vertex 1.54414 -1.89245 5.0779
      vertex 0.626392 -2.19064 5
      vertex 0.693757 -2.16876 5.10794
    endloop
  endfacet
  facet normal -0.309041 -0.951049 0.000269956
    outer loop
      vertex 0.982974 -3.67522 5.31113
      vertex 1.07316 -3.70452 5.33121
      vertex 1.05839 -3.69972 5.33307
    endloop
  endfacet
  facet normal -0.30901 -0.951059 0.000114993
    outer loop
      vertex 0.982974 -3.67522 5.31113
      vertex 1.23255 -3.75631 5.31113
      vertex 1.07316 -3.70452 5.33121
    endloop
  endfacet
  facet normal -0.30901 -0.951059 3.93994e-06
    outer loop
      vertex 1.54414 -3.85755 5.0779
      vertex 1.23255 -3.75631 5.31113
      vertex 0.982974 -3.67522 5.31113
    endloop
  endfacet
  facet normal -0.309022 -0.951055 -2.85356e-05
    outer loop
      vertex 1.54414 -3.85755 5.0779
      vertex 0.982974 -3.67522 5.31113
      vertex 0.693757 -3.58124 5.10794
    endloop
  endfacet
  facet normal -0.309039 -0.951049 -3.99546e-05
    outer loop
      vertex 1.23255 -3.75631 5.31113
      vertex 1.54414 -3.85755 5.0779
      vertex 1.4 -3.81072 5.26019
    endloop
  endfacet
  facet normal -0.309019 -0.951056 7.34283e-05
    outer loop
      vertex 0.626392 -3.55936 5
      vertex 1.54414 -3.85755 5.0779
      vertex 0.693757 -3.58124 5.10794
    endloop
  endfacet
  facet normal -0.309009 -0.951059 -5.44338e-05
    outer loop
      vertex 1.54414 -3.85755 5.0779
      vertex 0.626392 -3.55936 5
      vertex 1.60574 -3.87756 5
    endloop
  endfacet
  facet normal 0.810434 -0.585825 0.0023355
    outer loop
      vertex 2.24473 -3.22635 5.30984
      vertex 2.42218 -2.9821 5
      vertex 2.24554 -3.22523 5.3097
    endloop
  endfacet
  facet normal 0.808992 -0.58782 -6.26496e-05
    outer loop
      vertex 2.23689 -3.23714 5.31113
      vertex 2.42218 -2.9821 5
      vertex 2.24473 -3.22635 5.30984
    endloop
  endfacet
  facet normal 0.809011 -0.587793 3.91547e-05
    outer loop
      vertex 1.90906 -3.68836 5.15837
      vertex 2.23689 -3.23714 5.31113
      vertex 2.04316 -3.50378 5.32432
    endloop
  endfacet
  facet normal 0.809102 -0.587668 -0.000510709
    outer loop
      vertex 2.03222 -3.51884 5.32179
      vertex 2.04316 -3.50378 5.32432
      vertex 2.03711 -3.51211 5.32473
    endloop
  endfacet
  facet normal 0.809077 -0.587703 -0.000195184
    outer loop
      vertex 2.01445 -3.5433 5.31113
      vertex 2.04316 -3.50378 5.32432
      vertex 2.03222 -3.51884 5.32179
    endloop
  endfacet
  facet normal 0.809056 -0.587731 -6.67456e-05
    outer loop
      vertex 2.04316 -3.50378 5.32432
      vertex 2.01445 -3.5433 5.31113
      vertex 1.90906 -3.68836 5.15837
    endloop
  endfacet
  facet normal 0.80902 -0.587781 -1.44773e-05
    outer loop
      vertex 2.23689 -3.23714 5.31113
      vertex 1.90906 -3.68836 5.15837
      vertex 2.42218 -2.9821 5
    endloop
  endfacet
  facet normal 0.809019 -0.587782 -1.77826e-05
    outer loop
      vertex 2.42218 -2.9821 5
      vertex 1.90906 -3.68836 5.15837
      vertex 1.7998 -3.83874 5
    endloop
  endfacet
  facet normal 0.994523 0.104515 0
    outer loop
      vertex 9.17828 -7.93402 3.5
      vertex 9.09326 -7.125 0
      vertex 9.09326 -7.125 3.5
    endloop
  endfacet
  facet normal 0.994523 0.104515 0
    outer loop
      vertex 9.09326 -7.125 0
      vertex 9.17828 -7.93402 3.5
      vertex 9.17828 -7.93402 0
    endloop
  endfacet
  facet normal 0.587786 -0.809016 0
    outer loop
      vertex 8.22723 -8.625 0
      vertex 9.17828 -7.93402 3.5
      vertex 8.22723 -8.625 3.5
    endloop
  endfacet
  facet normal 0.587786 -0.809016 0
    outer loop
      vertex 9.17828 -7.93402 3.5
      vertex 8.22723 -8.625 0
      vertex 9.17828 -7.93402 0
    endloop
  endfacet
  facet normal -0.709476 0.409616 0.573462
    outer loop
      vertex -0.866028 7.125 3.5
      vertex -8.18394 -6.60001 4.25
      vertex -0.866028 6.075 4.25
    endloop
  endfacet
  facet normal 0.406736 0.913546 -0
    outer loop
      vertex 0.866028 7.125 0
      vertex -0.207916 7.60315 3.5
      vertex 0.866028 7.125 3.5
    endloop
  endfacet
  facet normal 0.406736 0.913546 0
    outer loop
      vertex -0.207916 7.60315 3.5
      vertex 0.866028 7.125 0
      vertex -0.207916 7.60315 0
    endloop
  endfacet
  facet normal 0 -0.609707 0.792627
    outer loop
      vertex -5.62915 -7.125 5
      vertex 7.31792 -8.10001 4.25
      vertex 5.62915 -7.125 5
    endloop
  endfacet
  facet normal 0 -0.609707 0.792627
    outer loop
      vertex 7.31792 -8.10001 4.25
      vertex -5.62915 -7.125 5
      vertex -7.31792 -8.10001 4.25
    endloop
  endfacet
  facet normal 0 -0.819237 0.573455
    outer loop
      vertex -8.22723 -8.625 3.5
      vertex 7.31792 -8.10001 4.25
      vertex -7.31792 -8.10001 4.25
    endloop
  endfacet
  facet normal 0 -0.819237 0.573455
    outer loop
      vertex 7.31792 -8.10001 4.25
      vertex -8.22723 -8.625 3.5
      vertex 8.22723 -8.625 3.5
    endloop
  endfacet
  facet normal -0.269208 -0.604636 0.749628
    outer loop
      vertex -8.06107 -7.76913 4.25
      vertex -8.22723 -8.625 3.5
      vertex -7.31792 -8.10001 4.25
    endloop
  endfacet
  facet normal -0.269201 -0.604638 0.749629
    outer loop
      vertex -8.22723 -8.625 3.5
      vertex -8.06107 -7.76913 4.25
      vertex -8.97038 -8.29413 3.5
    endloop
  endfacet
  facet normal -0.709476 0.409616 0.573462
    outer loop
      vertex -0.866028 7.125 3.5
      vertex -9.09326 -7.125 3.5
      vertex -8.18394 -6.60001 4.25
    endloop
  endfacet
  facet normal -0.612584 -0.0643803 0.787779
    outer loop
      vertex -9.09326 -7.125 3.5
      vertex -8.06107 -7.76913 4.25
      vertex -8.18394 -6.60001 4.25
    endloop
  endfacet
  facet normal -0.612586 -0.0643851 0.787777
    outer loop
      vertex -8.06107 -7.76913 4.25
      vertex -9.09326 -7.125 3.5
      vertex -8.97038 -8.29413 3.5
    endloop
  endfacet
  facet normal 0 0 -1
    outer loop
      vertex 9.09326 -7.125 0
      vertex 3.43275 -0.682816 0
      vertex 3.5 0 0
    endloop
  endfacet
  facet normal 0 0 -1
    outer loop
      vertex 9.09326 -7.125 0
      vertex 3.23358 -1.33939 0
      vertex 3.43275 -0.682816 0
    endloop
  endfacet
  facet normal 0 0 -1
    outer loop
      vertex 9.09326 -7.125 0
      vertex 2.91014 -1.9445 0
      vertex 3.23358 -1.33939 0
    endloop
  endfacet
  facet normal 0 0 -1
    outer loop
      vertex 9.09326 -7.125 0
      vertex 2.47487 -2.47487 0
      vertex 2.91014 -1.9445 0
    endloop
  endfacet
  facet normal 0 0 -1
    outer loop
      vertex 8.22723 -8.625 0
      vertex 1.9445 -2.91014 0
      vertex 2.47487 -2.47487 0
    endloop
  endfacet
  facet normal 0 0 -1
    outer loop
      vertex 8.22723 -8.625 0
      vertex 1.33939 -3.23358 0
      vertex 1.9445 -2.91014 0
    endloop
  endfacet
  facet normal 0 0 -1
    outer loop
      vertex 8.22723 -8.625 0
      vertex 0.682816 -3.43275 0
      vertex 1.33939 -3.23358 0
    endloop
  endfacet
  facet normal 0 0 -1
    outer loop
      vertex 8.22723 -8.625 0
      vertex 0 -3.5 0
      vertex 0.682816 -3.43275 0
    endloop
  endfacet
  facet normal 0 0 -1
    outer loop
      vertex -8.22723 -8.625 0
      vertex 0 -3.5 0
      vertex 8.22723 -8.625 0
    endloop
  endfacet
  facet normal -0 0 -1
    outer loop
      vertex 0 -3.5 0
      vertex -8.22723 -8.625 0
      vertex -0.682816 -3.43275 0
    endloop
  endfacet
  facet normal -0 0 -1
    outer loop
      vertex -0.682816 -3.43275 0
      vertex -8.22723 -8.625 0
      vertex -1.33939 -3.23358 0
    endloop
  endfacet
  facet normal -0 0 -1
    outer loop
      vertex -3.23358 -1.33939 0
      vertex -9.09326 -7.125 0
      vertex -3.43275 -0.682816 0
    endloop
  endfacet
  facet normal -0 0 -1
    outer loop
      vertex -2.91014 -1.9445 0
      vertex -9.09326 -7.125 0
      vertex -3.23358 -1.33939 0
    endloop
  endfacet
  facet normal -0 0 -1
    outer loop
      vertex -2.47487 -2.47487 0
      vertex -9.09326 -7.125 0
      vertex -2.91014 -1.9445 0
    endloop
  endfacet
  facet normal 0 0 -1
    outer loop
      vertex -9.09326 -7.125 0
      vertex -2.47487 -2.47487 0
      vertex -8.22723 -8.625 0
    endloop
  endfacet
  facet normal -0 0 -1
    outer loop
      vertex -1.9445 -2.91014 0
      vertex -8.22723 -8.625 0
      vertex -2.47487 -2.47487 0
    endloop
  endfacet
  facet normal -0 0 -1
    outer loop
      vertex -1.33939 -3.23358 0
      vertex -8.22723 -8.625 0
      vertex -1.9445 -2.91014 0
    endloop
  endfacet
  facet normal 0 0 -1
    outer loop
      vertex 8.22723 -8.625 0
      vertex 9.09326 -7.125 0
      vertex 9.17828 -7.93402 0
    endloop
  endfacet
  facet normal 0 0 -1
    outer loop
      vertex 2.47487 -2.47487 0
      vertex 9.09326 -7.125 0
      vertex 8.22723 -8.625 0
    endloop
  endfacet
  facet normal 0 0 -1
    outer loop
      vertex 3.43275 0.682816 0
      vertex 9.09326 -7.125 0
      vertex 3.5 0 0
    endloop
  endfacet
  facet normal 0 0 -1
    outer loop
      vertex 3.23358 1.33939 0
      vertex 9.09326 -7.125 0
      vertex 3.43275 0.682816 0
    endloop
  endfacet
  facet normal 0 0 -1
    outer loop
      vertex 0.866028 7.125 0
      vertex 3.23358 1.33939 0
      vertex 2.91014 1.9445 0
    endloop
  endfacet
  facet normal 0 0 -1
    outer loop
      vertex 3.23358 1.33939 0
      vertex 0.866028 7.125 0
      vertex 9.09326 -7.125 0
    endloop
  endfacet
  facet normal 0 0 -1
    outer loop
      vertex 2.47487 2.47487 0
      vertex 0.866028 7.125 0
      vertex 2.91014 1.9445 0
    endloop
  endfacet
  facet normal 0 0 -1
    outer loop
      vertex 1.9445 2.91014 0
      vertex 0.866028 7.125 0
      vertex 2.47487 2.47487 0
    endloop
  endfacet
  facet normal 0 0 -1
    outer loop
      vertex 1.33939 3.23358 0
      vertex 0.866028 7.125 0
      vertex 1.9445 2.91014 0
    endloop
  endfacet
  facet normal 0 0 -1
    outer loop
      vertex 0.682816 3.43275 0
      vertex 0.866028 7.125 0
      vertex 1.33939 3.23358 0
    endloop
  endfacet
  facet normal 0 0 -1
    outer loop
      vertex 0 3.5 0
      vertex 0.866028 7.125 0
      vertex 0.682816 3.43275 0
    endloop
  endfacet
  facet normal 0 0 -1
    outer loop
      vertex -0.866028 7.125 0
      vertex 0.866028 7.125 0
      vertex 0 3.5 0
    endloop
  endfacet
  facet normal 0 0 -1
    outer loop
      vertex -0.866028 7.125 0
      vertex 0 3.5 0
      vertex -0.682816 3.43275 0
    endloop
  endfacet
  facet normal 0 0 -1
    outer loop
      vertex 0.866028 7.125 0
      vertex -0.866028 7.125 0
      vertex -0.207916 7.60315 0
    endloop
  endfacet
  facet normal 0 0 -1
    outer loop
      vertex -1.33939 3.23358 0
      vertex -0.866028 7.125 0
      vertex -0.682816 3.43275 0
    endloop
  endfacet
  facet normal 0 0 -1
    outer loop
      vertex -1.9445 2.91014 0
      vertex -0.866028 7.125 0
      vertex -1.33939 3.23358 0
    endloop
  endfacet
  facet normal 0 0 -1
    outer loop
      vertex -2.47487 2.47487 0
      vertex -0.866028 7.125 0
      vertex -1.9445 2.91014 0
    endloop
  endfacet
  facet normal 0 0 -1
    outer loop
      vertex -2.91014 1.9445 0
      vertex -0.866028 7.125 0
      vertex -2.47487 2.47487 0
    endloop
  endfacet
  facet normal 0 0 -1
    outer loop
      vertex -3.23358 1.33939 0
      vertex -0.866028 7.125 0
      vertex -2.91014 1.9445 0
    endloop
  endfacet
  facet normal -0 0 -1
    outer loop
      vertex -3.43275 -0.682816 0
      vertex -9.09326 -7.125 0
      vertex -3.5 0 0
    endloop
  endfacet
  facet normal -0 0 -1
    outer loop
      vertex -3.5 0 0
      vertex -9.09326 -7.125 0
      vertex -3.43275 0.682816 0
    endloop
  endfacet
  facet normal -0 0 -1
    outer loop
      vertex -3.43275 0.682816 0
      vertex -9.09326 -7.125 0
      vertex -3.23358 1.33939 0
    endloop
  endfacet
  facet normal 0 0 -1
    outer loop
      vertex -9.09326 -7.125 0
      vertex -8.22723 -8.625 0
      vertex -8.97038 -8.29413 0
    endloop
  endfacet
  facet normal -0 0 -1
    outer loop
      vertex -3.23358 1.33939 0
      vertex -9.09326 -7.125 0
      vertex -0.866028 7.125 0
    endloop
  endfacet
  facet normal 0.250531 0.562702 0.787782
    outer loop
      vertex -0.207916 6.55315 4.25
      vertex 0.866028 7.125 3.5
      vertex -0.207916 7.60315 3.5
    endloop
  endfacet
  facet normal 0.250531 0.562702 0.787782
    outer loop
      vertex 0.866028 7.125 3.5
      vertex -0.207916 6.55315 4.25
      vertex 0.866028 6.075 4.25
    endloop
  endfacet
  facet normal 0.866026 0.5 0
    outer loop
      vertex 9.09326 -7.125 3.5
      vertex 0.866028 7.125 0
      vertex 0.866028 7.125 3.5
    endloop
  endfacet
  facet normal 0.866026 0.5 0
    outer loop
      vertex 0.866028 7.125 0
      vertex 9.09326 -7.125 3.5
      vertex 9.09326 -7.125 0
    endloop
  endfacet
  facet normal 0.362053 -0.498322 0.787777
    outer loop
      vertex 8.26897 -7.40903 4.25
      vertex 8.22723 -8.625 3.5
      vertex 9.17828 -7.93402 3.5
    endloop
  endfacet
  facet normal 0.362053 -0.498322 0.787777
    outer loop
      vertex 8.22723 -8.625 3.5
      vertex 8.26897 -7.40903 4.25
      vertex 7.31792 -8.10001 4.25
    endloop
  endfacet
  facet normal 0.157823 0.354477 0.92165
    outer loop
      vertex -0.207916 4.60313 5
      vertex 0.866028 6.075 4.25
      vertex -0.207916 6.55315 4.25
    endloop
  endfacet
  facet normal 0.157823 0.354477 0.92165
    outer loop
      vertex 0.866028 6.075 4.25
      vertex -0.207916 4.60313 5
      vertex 0.866028 4.12498 5
    endloop
  endfacet
  facet normal -0.385899 -0.0405595 0.921649
    outer loop
      vertex -8.18394 -6.60001 4.25
      vertex -6.3723 -6.79413 5
      vertex -6.49518 -5.625 5
    endloop
  endfacet
  facet normal -0.385899 -0.0405565 0.921649
    outer loop
      vertex -6.3723 -6.79413 5
      vertex -8.18394 -6.60001 4.25
      vertex -8.06107 -7.76913 4.25
    endloop
  endfacet
  facet normal -0.528022 0.304853 0.792627
    outer loop
      vertex -0.866028 6.075 4.25
      vertex -8.18394 -6.60001 4.25
      vertex -0.866028 4.12498 5
    endloop
  endfacet
  facet normal -0.406735 -0.913546 0
    outer loop
      vertex -8.97038 -8.29413 0
      vertex -8.22723 -8.625 3.5
      vertex -8.97038 -8.29413 3.5
    endloop
  endfacet
  facet normal -0.406735 -0.913546 -0
    outer loop
      vertex -8.22723 -8.625 3.5
      vertex -8.97038 -8.29413 0
      vertex -8.22723 -8.625 0
    endloop
  endfacet
  facet normal -0.994522 -0.104528 0
    outer loop
      vertex -8.97038 -8.29413 0
      vertex -9.09326 -7.125 3.5
      vertex -9.09326 -7.125 0
    endloop
  endfacet
  facet normal -0.994522 -0.104528 0
    outer loop
      vertex -9.09326 -7.125 3.5
      vertex -8.97038 -8.29413 0
      vertex -8.97038 -8.29413 3.5
    endloop
  endfacet
  facet normal -0.866026 0.5 0
    outer loop
      vertex -9.09326 -7.125 0
      vertex -0.866028 7.125 3.5
      vertex -0.866028 7.125 0
    endloop
  endfacet
  facet normal -0.866026 0.5 0
    outer loop
      vertex -0.866028 7.125 3.5
      vertex -9.09326 -7.125 0
      vertex -9.09326 -7.125 3.5
    endloop
  endfacet
  facet normal -0.587788 0.809015 0
    outer loop
      vertex -0.207916 7.60315 0
      vertex -0.866028 7.125 3.5
      vertex -0.207916 7.60315 3.5
    endloop
  endfacet
  facet normal -0.587788 0.809015 0
    outer loop
      vertex -0.866028 7.125 3.5
      vertex -0.207916 7.60315 0
      vertex -0.866028 7.125 0
    endloop
  endfacet
  facet normal 0.658233 0.0691738 0.74963
    outer loop
      vertex 9.09326 -7.125 3.5
      vertex 8.26897 -7.40903 4.25
      vertex 9.17828 -7.93402 3.5
    endloop
  endfacet
  facet normal 0.658231 0.0691817 0.749631
    outer loop
      vertex 8.26897 -7.40903 4.25
      vertex 9.09326 -7.125 3.5
      vertex 8.18394 -6.60001 4.25
    endloop
  endfacet
  facet normal 0.709476 0.409616 0.573462
    outer loop
      vertex 9.09326 -7.125 3.5
      vertex 0.866028 7.125 3.5
      vertex 8.18394 -6.60001 4.25
    endloop
  endfacet
  facet normal 0.528024 0.304854 0.792625
    outer loop
      vertex 8.18394 -6.60001 4.25
      vertex 0.866028 4.12498 5
      vertex 6.49518 -5.625 5
    endloop
  endfacet
  facet normal 0 -1 0
    outer loop
      vertex -8.22723 -8.625 0
      vertex 8.22723 -8.625 3.5
      vertex -8.22723 -8.625 3.5
    endloop
  endfacet
  facet normal 0 -1 -0
    outer loop
      vertex 8.22723 -8.625 3.5
      vertex -8.22723 -8.625 0
      vertex 8.22723 -8.625 0
    endloop
  endfacet
  facet normal -0.174634 -0.392237 0.903135
    outer loop
      vertex -6.3723 -6.79413 5
      vertex -7.31792 -8.10001 4.25
      vertex -5.62915 -7.125 5
    endloop
  endfacet
  facet normal -0.174638 -0.392234 0.903136
    outer loop
      vertex -7.31792 -8.10001 4.25
      vertex -6.3723 -6.79413 5
      vertex -8.06107 -7.76913 4.25
    endloop
  endfacet
  facet normal 0 0 1
    outer loop
      vertex 6.49518 -5.625 5
      vertex 6.39646 -5.568 5
      vertex 6.48148 -6.37702 5
    endloop
  endfacet
  facet normal 0 0 1
    outer loop
      vertex 6.49518 -5.625 5
      vertex 1.83685 2.32948 5
      vertex 6.39646 -5.568 5
    endloop
  endfacet
  facet normal 0 0 1
    outer loop
      vertex 0.866028 4.12498 5
      vertex 1.83685 2.32948 5
      vertex 6.49518 -5.625 5
    endloop
  endfacet
  facet normal 0 0 1
    outer loop
      vertex 0.866028 4.12498 5
      vertex 0.866028 4.01099 5
      vertex 1.83685 2.32948 5
    endloop
  endfacet
  facet normal -0 0 1
    outer loop
      vertex -0.207916 4.48914 5
      vertex 0.866028 4.12498 5
      vertex -0.207916 4.60313 5
    endloop
  endfacet
  facet normal 0 0 1
    outer loop
      vertex 0.866028 4.12498 5
      vertex -0.207916 4.48914 5
      vertex 0.866028 4.01099 5
    endloop
  endfacet
  facet normal 0 0 1
    outer loop
      vertex -0.866028 4.12498 5
      vertex -0.207916 4.48914 5
      vertex -0.207916 4.60313 5
    endloop
  endfacet
  facet normal -0 0 1
    outer loop
      vertex -0.866028 4.12498 5
      vertex -0.866028 4.01099 5
      vertex -0.207916 4.48914 5
    endloop
  endfacet
  facet normal 0 0 1
    outer loop
      vertex -0.866028 4.12498 5
      vertex -1.83685 2.32948 5
      vertex -0.866028 4.01099 5
    endloop
  endfacet
  facet normal 0 0 1
    outer loop
      vertex -6.49518 -5.625 5
      vertex -1.83685 2.32948 5
      vertex -0.866028 4.12498 5
    endloop
  endfacet
  facet normal 0 0 1
    outer loop
      vertex -1.83685 2.32948 5
      vertex -6.49518 -5.625 5
      vertex -6.39646 -5.568 5
    endloop
  endfacet
  facet normal -0 0 1
    outer loop
      vertex 6.48148 -6.37702 5
      vertex 6.5802 -6.43402 5
      vertex 6.49518 -5.625 5
    endloop
  endfacet
  facet normal 0 0 1
    outer loop
      vertex 6.48148 -6.37702 5
      vertex 5.62915 -7.125 5
      vertex 6.5802 -6.43402 5
    endloop
  endfacet
  facet normal -0 0 1
    outer loop
      vertex 5.53043 -7.068 5
      vertex 5.62915 -7.125 5
      vertex 6.48148 -6.37702 5
    endloop
  endfacet
  facet normal -0 0 1
    outer loop
      vertex -5.53043 -7.068 5
      vertex 5.62915 -7.125 5
      vertex 5.53043 -7.068 5
    endloop
  endfacet
  facet normal 0 0 1
    outer loop
      vertex -5.53043 -7.068 5
      vertex -5.62915 -7.125 5
      vertex 5.62915 -7.125 5
    endloop
  endfacet
  facet normal 0 0 1
    outer loop
      vertex -6.27358 -6.73713 5
      vertex -5.62915 -7.125 5
      vertex -5.53043 -7.068 5
    endloop
  endfacet
  facet normal 0 0 1
    outer loop
      vertex -6.27358 -6.73713 5
      vertex -6.3723 -6.79413 5
      vertex -5.62915 -7.125 5
    endloop
  endfacet
  facet normal -0 0 1
    outer loop
      vertex -6.49518 -5.625 5
      vertex -6.27358 -6.73713 5
      vertex -6.39646 -5.568 5
    endloop
  endfacet
  facet normal 0 0 1
    outer loop
      vertex -6.27358 -6.73713 5
      vertex -6.49518 -5.625 5
      vertex -6.3723 -6.79413 5
    endloop
  endfacet
  facet normal 0 0 1
    outer loop
      vertex 0.510082 -2.36472 5
      vertex -0.371506 -2.79962 5
      vertex -0.356511 -2.875 5
    endloop
  endfacet
  facet normal 0 0 1
    outer loop
      vertex 0.626392 -2.19064 5
      vertex -0.377815 -2.7679 5
      vertex -0.371506 -2.79962 5
    endloop
  endfacet
  facet normal 0 -0 1
    outer loop
      vertex -1.0002 -1.91126 5
      vertex 1.66838 0.258833 5
      vertex -1.66838 0.258833 5
    endloop
  endfacet
  facet normal 0 0 1
    outer loop
      vertex 0.626392 -2.19064 5
      vertex -1.0002 -1.91126 5
      vertex -0.377815 -2.7679 5
    endloop
  endfacet
  facet normal 0 0 1
    outer loop
      vertex 1.66838 0.258833 5
      vertex -1.0002 -1.91126 5
      vertex 0.626392 -2.19064 5
    endloop
  endfacet
  facet normal 0 0 1
    outer loop
      vertex -1.0002 -1.91126 5
      vertex -1.66838 0.258833 5
      vertex -1.00067 -1.91094 5
    endloop
  endfacet
  facet normal 0 0 1
    outer loop
      vertex -1.00067 -1.91094 5
      vertex -1.66838 0.258833 5
      vertex -1.19426 -1.87244 5
    endloop
  endfacet
  facet normal 0 0 1
    outer loop
      vertex -1.66838 0.258833 5
      vertex -2.17361 -2.19064 5
      vertex -1.19426 -1.87244 5
    endloop
  endfacet
  facet normal 0 0 1
    outer loop
      vertex -1.66838 0.258833 5
      vertex -2.18056 -2.20105 5
      vertex -2.17361 -2.19064 5
    endloop
  endfacet
  facet normal 0 0 1
    outer loop
      vertex -1.66838 0.258833 5
      vertex -2.28992 -2.36472 5
      vertex -2.18056 -2.20105 5
    endloop
  endfacet
  facet normal 0 0 1
    outer loop
      vertex -4.35051 -4.38676 5
      vertex -2.28992 -3.38528 5
      vertex -2.28992 -2.36472 5
    endloop
  endfacet
  facet normal 0 0 1
    outer loop
      vertex -4.35051 -4.38676 5
      vertex -2.28992 -2.36472 5
      vertex -1.66838 0.258833 5
    endloop
  endfacet
  facet normal 0 0 1
    outer loop
      vertex -2.28992 -3.38528 5
      vertex -4.35051 -4.38676 5
      vertex -3.48448 -5.88676 5
    endloop
  endfacet
  facet normal 0 0 1
    outer loop
      vertex -3.48448 -5.88676 5
      vertex -4.35051 -4.38676 5
      vertex -4.22763 -5.55589 5
    endloop
  endfacet
  facet normal 0 0 1
    outer loop
      vertex 4.35051 -4.38676 5
      vertex 3.48448 -5.88676 5
      vertex 4.43553 -5.19578 5
    endloop
  endfacet
  facet normal -0 0 1
    outer loop
      vertex 2.42849 -2.95038 5
      vertex 4.35051 -4.38676 5
      vertex 2.44349 -2.875 5
    endloop
  endfacet
  facet normal 0 0 1
    outer loop
      vertex 4.35051 -4.38676 5
      vertex 2.42849 -2.79962 5
      vertex 2.44349 -2.875 5
    endloop
  endfacet
  facet normal 0 0 1
    outer loop
      vertex 4.35051 -4.38676 5
      vertex 2.42218 -2.7679 5
      vertex 2.42849 -2.79962 5
    endloop
  endfacet
  facet normal 0 0 1
    outer loop
      vertex 1.66838 0.258833 5
      vertex 2.42218 -2.7679 5
      vertex 4.35051 -4.38676 5
    endloop
  endfacet
  facet normal 0 0 1
    outer loop
      vertex 2.42218 -2.7679 5
      vertex 1.66838 0.258833 5
      vertex 1.7998 -1.91126 5
    endloop
  endfacet
  facet normal 0 0 1
    outer loop
      vertex 1.66838 0.258833 5
      vertex 1.79933 -1.91094 5
      vertex 1.7998 -1.91126 5
    endloop
  endfacet
  facet normal 0 0 1
    outer loop
      vertex 1.66838 0.258833 5
      vertex 1.60574 -1.87244 5
      vertex 1.79933 -1.91094 5
    endloop
  endfacet
  facet normal 0 0 1
    outer loop
      vertex -0.866028 1.64854 5
      vertex 0.866028 1.64854 5
      vertex -0.207916 2.12669 5
    endloop
  endfacet
  facet normal 0 0 1
    outer loop
      vertex 1.66838 0.258833 5
      vertex 0.626392 -2.19064 5
      vertex 1.60574 -1.87244 5
    endloop
  endfacet
  facet normal 0 0 1
    outer loop
      vertex 0.866028 1.64854 5
      vertex -0.866028 1.64854 5
      vertex 1.66838 0.258833 5
    endloop
  endfacet
  facet normal 0 0 1
    outer loop
      vertex -1.66838 0.258833 5
      vertex 1.66838 0.258833 5
      vertex -0.866028 1.64854 5
    endloop
  endfacet
  facet normal 0 0 1
    outer loop
      vertex -0.371506 -2.79962 5
      vertex 0.510082 -2.36472 5
      vertex 0.619441 -2.20105 5
    endloop
  endfacet
  facet normal 0 0 1
    outer loop
      vertex -0.371506 -2.79962 5
      vertex 0.619441 -2.20105 5
      vertex 0.626392 -2.19064 5
    endloop
  endfacet
  facet normal -0 0 1
    outer loop
      vertex 2.42218 -2.9821 5
      vertex 4.35051 -4.38676 5
      vertex 2.42849 -2.95038 5
    endloop
  endfacet
  facet normal -0 0 1
    outer loop
      vertex 1.7998 -3.83874 5
      vertex 4.35051 -4.38676 5
      vertex 2.42218 -2.9821 5
    endloop
  endfacet
  facet normal 0 0 1
    outer loop
      vertex 4.35051 -4.38676 5
      vertex 1.7998 -3.83874 5
      vertex 3.48448 -5.88676 5
    endloop
  endfacet
  facet normal -0 0 1
    outer loop
      vertex 1.79933 -3.83906 5
      vertex 3.48448 -5.88676 5
      vertex 1.7998 -3.83874 5
    endloop
  endfacet
  facet normal -0 0 1
    outer loop
      vertex 1.60574 -3.87756 5
      vertex 3.48448 -5.88676 5
      vertex 1.79933 -3.83906 5
    endloop
  endfacet
  facet normal -0 0 1
    outer loop
      vertex -1.00067 -3.83906 5
      vertex 1.60574 -3.87756 5
      vertex 0.626392 -3.55936 5
    endloop
  endfacet
  facet normal 0 0 1
    outer loop
      vertex -1.0002 -3.83874 5
      vertex 0.619441 -3.54895 5
      vertex 0.510082 -3.38528 5
    endloop
  endfacet
  facet normal 0 0 1
    outer loop
      vertex 0.510082 -2.36472 5
      vertex -0.356511 -2.875 5
      vertex 0.510082 -3.38528 5
    endloop
  endfacet
  facet normal -0 0 1
    outer loop
      vertex -0.371506 -2.95038 5
      vertex 0.510082 -3.38528 5
      vertex -0.356511 -2.875 5
    endloop
  endfacet
  facet normal -0 0 1
    outer loop
      vertex -0.377815 -2.9821 5
      vertex 0.510082 -3.38528 5
      vertex -0.371506 -2.95038 5
    endloop
  endfacet
  facet normal 0 0 1
    outer loop
      vertex -1.0002 -3.83874 5
      vertex 0.510082 -3.38528 5
      vertex -0.377815 -2.9821 5
    endloop
  endfacet
  facet normal 0 0 1
    outer loop
      vertex 0.619441 -3.54895 5
      vertex -1.0002 -3.83874 5
      vertex 0.626392 -3.55936 5
    endloop
  endfacet
  facet normal 0 0 1
    outer loop
      vertex -1.00067 -3.83906 5
      vertex 0.626392 -3.55936 5
      vertex -1.0002 -3.83874 5
    endloop
  endfacet
  facet normal 0 0 1
    outer loop
      vertex 1.60574 -3.87756 5
      vertex -1.00067 -3.83906 5
      vertex 3.48448 -5.88676 5
    endloop
  endfacet
  facet normal 0 0 1
    outer loop
      vertex -3.48448 -5.88676 5
      vertex -1.00067 -3.83906 5
      vertex -1.19426 -3.87756 5
    endloop
  endfacet
  facet normal 0 0 1
    outer loop
      vertex -3.48448 -5.88676 5
      vertex -1.19426 -3.87756 5
      vertex -2.17361 -3.55936 5
    endloop
  endfacet
  facet normal 0 0 1
    outer loop
      vertex -3.48448 -5.88676 5
      vertex -2.18056 -3.54895 5
      vertex -2.28992 -3.38528 5
    endloop
  endfacet
  facet normal 0 0 1
    outer loop
      vertex -1.00067 -3.83906 5
      vertex -3.48448 -5.88676 5
      vertex 3.48448 -5.88676 5
    endloop
  endfacet
  facet normal 0 0 1
    outer loop
      vertex -2.18056 -3.54895 5
      vertex -3.48448 -5.88676 5
      vertex -2.17361 -3.55936 5
    endloop
  endfacet
  facet normal -0.528024 0.304854 0.792625
    outer loop
      vertex -0.866028 4.12498 5
      vertex -8.18394 -6.60001 4.25
      vertex -6.49518 -5.625 5
    endloop
  endfacet
  facet normal -0.252371 0.347356 0.903135
    outer loop
      vertex -0.866028 6.075 4.25
      vertex -0.207916 4.60313 5
      vertex -0.207916 6.55315 4.25
    endloop
  endfacet
  facet normal -0.252371 0.347356 0.903135
    outer loop
      vertex -0.207916 4.60313 5
      vertex -0.866028 6.075 4.25
      vertex -0.866028 4.12498 5
    endloop
  endfacet
  facet normal -0.389031 0.535451 0.749631
    outer loop
      vertex -0.866028 7.125 3.5
      vertex -0.207916 6.55315 4.25
      vertex -0.207916 7.60315 3.5
    endloop
  endfacet
  facet normal -0.389031 0.535451 0.749631
    outer loop
      vertex -0.207916 6.55315 4.25
      vertex -0.866028 7.125 3.5
      vertex -0.866028 6.075 4.25
    endloop
  endfacet
  facet normal 0.228074 -0.313917 0.92165
    outer loop
      vertex 6.5802 -6.43402 5
      vertex 7.31792 -8.10001 4.25
      vertex 8.26897 -7.40903 4.25
    endloop
  endfacet
  facet normal 0.228074 -0.313917 0.92165
    outer loop
      vertex 7.31792 -8.10001 4.25
      vertex 6.5802 -6.43402 5
      vertex 5.62915 -7.125 5
    endloop
  endfacet
  facet normal 0.427003 0.044879 0.903136
    outer loop
      vertex 8.18394 -6.60001 4.25
      vertex 6.5802 -6.43402 5
      vertex 8.26897 -7.40903 4.25
    endloop
  endfacet
  facet normal 0.427002 0.0448737 0.903136
    outer loop
      vertex 6.5802 -6.43402 5
      vertex 8.18394 -6.60001 4.25
      vertex 6.49518 -5.625 5
    endloop
  endfacet
  facet normal 0.709476 0.409616 0.573462
    outer loop
      vertex 0.866028 7.125 3.5
      vertex 0.866028 6.075 4.25
      vertex 8.18394 -6.60001 4.25
    endloop
  endfacet
  facet normal 0.528022 0.304853 0.792627
    outer loop
      vertex 0.866028 6.075 4.25
      vertex 0.866028 4.12498 5
      vertex 8.18394 -6.60001 4.25
    endloop
  endfacet
  facet normal -0.634399 -0.773006 0
    outer loop
      vertex 1.9445 2.91014 0
      vertex 2.47487 2.47487 2.59
      vertex 1.9445 2.91014 2.59
    endloop
  endfacet
  facet normal -0.634399 -0.773006 -0
    outer loop
      vertex 2.47487 2.47487 2.59
      vertex 1.9445 2.91014 0
      vertex 2.47487 2.47487 0
    endloop
  endfacet
  facet normal 0.290285 0.95694 -0
    outer loop
      vertex -0.682816 -3.43275 0
      vertex -1.33939 -3.23358 2.59
      vertex -0.682816 -3.43275 2.59
    endloop
  endfacet
  facet normal 0.290285 0.95694 0
    outer loop
      vertex -1.33939 -3.23358 2.59
      vertex -0.682816 -3.43275 0
      vertex -1.33939 -3.23358 0
    endloop
  endfacet
  facet normal -0.95694 -0.290285 0
    outer loop
      vertex 3.43275 0.682816 0
      vertex 3.23358 1.33939 2.59
      vertex 3.23358 1.33939 0
    endloop
  endfacet
  facet normal -0.95694 -0.290285 0
    outer loop
      vertex 3.23358 1.33939 2.59
      vertex 3.43275 0.682816 0
      vertex 3.43275 0.682816 2.59
    endloop
  endfacet
  facet normal 0.290285 -0.95694 0
    outer loop
      vertex -1.33939 3.23358 0
      vertex -0.682816 3.43275 2.59
      vertex -1.33939 3.23358 2.59
    endloop
  endfacet
  facet normal 0.290285 -0.95694 0
    outer loop
      vertex -0.682816 3.43275 2.59
      vertex -1.33939 3.23358 0
      vertex -0.682816 3.43275 0
    endloop
  endfacet
  facet normal 0.88192 -0.471399 0
    outer loop
      vertex -3.23358 1.33939 2.59
      vertex -2.91014 1.9445 0
      vertex -2.91014 1.9445 2.59
    endloop
  endfacet
  facet normal 0.88192 -0.471399 0
    outer loop
      vertex -2.91014 1.9445 0
      vertex -3.23358 1.33939 2.59
      vertex -3.23358 1.33939 0
    endloop
  endfacet
  facet normal -0.88192 -0.471399 0
    outer loop
      vertex 3.23358 1.33939 0
      vertex 2.91014 1.9445 2.59
      vertex 2.91014 1.9445 0
    endloop
  endfacet
  facet normal -0.88192 -0.471399 0
    outer loop
      vertex 2.91014 1.9445 2.59
      vertex 3.23358 1.33939 0
      vertex 3.23358 1.33939 2.59
    endloop
  endfacet
  facet normal -0.773006 -0.634399 0
    outer loop
      vertex 2.91014 1.9445 0
      vertex 2.47487 2.47487 2.59
      vertex 2.47487 2.47487 0
    endloop
  endfacet
  facet normal -0.773006 -0.634399 0
    outer loop
      vertex 2.47487 2.47487 2.59
      vertex 2.91014 1.9445 0
      vertex 2.91014 1.9445 2.59
    endloop
  endfacet
  facet normal -0.471399 -0.88192 0
    outer loop
      vertex 1.33939 3.23358 0
      vertex 1.9445 2.91014 2.59
      vertex 1.33939 3.23358 2.59
    endloop
  endfacet
  facet normal -0.471399 -0.88192 -0
    outer loop
      vertex 1.9445 2.91014 2.59
      vertex 1.33939 3.23358 0
      vertex 1.9445 2.91014 0
    endloop
  endfacet
  facet normal -0.098015 -0.995185 0
    outer loop
      vertex 0 3.5 0
      vertex 0.682816 3.43275 2.59
      vertex 0 3.5 2.59
    endloop
  endfacet
  facet normal -0.098015 -0.995185 -0
    outer loop
      vertex 0.682816 3.43275 2.59
      vertex 0 3.5 0
      vertex 0.682816 3.43275 0
    endloop
  endfacet
  facet normal 0.995185 -0.098015 0
    outer loop
      vertex -3.5 0 2.59
      vertex -3.43275 0.682816 0
      vertex -3.43275 0.682816 2.59
    endloop
  endfacet
  facet normal 0.995185 -0.098015 0
    outer loop
      vertex -3.43275 0.682816 0
      vertex -3.5 0 2.59
      vertex -3.5 0 0
    endloop
  endfacet
  facet normal 0.773006 -0.634399 0
    outer loop
      vertex -2.91014 1.9445 2.59
      vertex -2.47487 2.47487 0
      vertex -2.47487 2.47487 2.59
    endloop
  endfacet
  facet normal 0.773006 -0.634399 0
    outer loop
      vertex -2.47487 2.47487 0
      vertex -2.91014 1.9445 2.59
      vertex -2.91014 1.9445 0
    endloop
  endfacet
  facet normal 0.471399 -0.88192 0
    outer loop
      vertex -1.9445 2.91014 0
      vertex -1.33939 3.23358 2.59
      vertex -1.9445 2.91014 2.59
    endloop
  endfacet
  facet normal 0.471399 -0.88192 0
    outer loop
      vertex -1.33939 3.23358 2.59
      vertex -1.9445 2.91014 0
      vertex -1.33939 3.23358 0
    endloop
  endfacet
  facet normal 0.098015 -0.995185 0
    outer loop
      vertex -0.682816 3.43275 0
      vertex 0 3.5 2.59
      vertex -0.682816 3.43275 2.59
    endloop
  endfacet
  facet normal 0.098015 -0.995185 0
    outer loop
      vertex 0 3.5 2.59
      vertex -0.682816 3.43275 0
      vertex 0 3.5 0
    endloop
  endfacet
  facet normal 0.634399 -0.773006 0
    outer loop
      vertex -2.47487 2.47487 0
      vertex -1.9445 2.91014 2.59
      vertex -2.47487 2.47487 2.59
    endloop
  endfacet
  facet normal 0.634399 -0.773006 0
    outer loop
      vertex -1.9445 2.91014 2.59
      vertex -2.47487 2.47487 0
      vertex -1.9445 2.91014 0
    endloop
  endfacet
  facet normal -0.995185 -0.098015 0
    outer loop
      vertex 3.5 0 0
      vertex 3.43275 0.682816 2.59
      vertex 3.43275 0.682816 0
    endloop
  endfacet
  facet normal -0.995185 -0.098015 0
    outer loop
      vertex 3.43275 0.682816 2.59
      vertex 3.5 0 0
      vertex 3.5 0 2.59
    endloop
  endfacet
  facet normal -0.098015 0.995185 0
    outer loop
      vertex 0.682816 -3.43275 0
      vertex 0 -3.5 2.59
      vertex 0.682816 -3.43275 2.59
    endloop
  endfacet
  facet normal -0.098015 0.995185 0
    outer loop
      vertex 0 -3.5 2.59
      vertex 0.682816 -3.43275 0
      vertex 0 -3.5 0
    endloop
  endfacet
  facet normal -0.290285 0.95694 0
    outer loop
      vertex 1.33939 -3.23358 0
      vertex 0.682816 -3.43275 2.59
      vertex 1.33939 -3.23358 2.59
    endloop
  endfacet
  facet normal -0.290285 0.95694 0
    outer loop
      vertex 0.682816 -3.43275 2.59
      vertex 1.33939 -3.23358 0
      vertex 0.682816 -3.43275 0
    endloop
  endfacet
  facet normal -0.471399 0.88192 0
    outer loop
      vertex 1.9445 -2.91014 0
      vertex 1.33939 -3.23358 2.59
      vertex 1.9445 -2.91014 2.59
    endloop
  endfacet
  facet normal -0.471399 0.88192 0
    outer loop
      vertex 1.33939 -3.23358 2.59
      vertex 1.9445 -2.91014 0
      vertex 1.33939 -3.23358 0
    endloop
  endfacet
  facet normal -0.773006 0.634399 0
    outer loop
      vertex 2.47487 -2.47487 0
      vertex 2.91014 -1.9445 2.59
      vertex 2.91014 -1.9445 0
    endloop
  endfacet
  facet normal -0.773006 0.634399 0
    outer loop
      vertex 2.91014 -1.9445 2.59
      vertex 2.47487 -2.47487 0
      vertex 2.47487 -2.47487 2.59
    endloop
  endfacet
  facet normal 0.098015 0.995185 -0
    outer loop
      vertex 0 -3.5 0
      vertex -0.682816 -3.43275 2.59
      vertex 0 -3.5 2.59
    endloop
  endfacet
  facet normal 0.098015 0.995185 0
    outer loop
      vertex -0.682816 -3.43275 2.59
      vertex 0 -3.5 0
      vertex -0.682816 -3.43275 0
    endloop
  endfacet
  facet normal 0.634399 0.773006 -0
    outer loop
      vertex -1.9445 -2.91014 0
      vertex -2.47487 -2.47487 2.59
      vertex -1.9445 -2.91014 2.59
    endloop
  endfacet
  facet normal 0.634399 0.773006 0
    outer loop
      vertex -2.47487 -2.47487 2.59
      vertex -1.9445 -2.91014 0
      vertex -2.47487 -2.47487 0
    endloop
  endfacet
  facet normal 0.88192 0.471399 0
    outer loop
      vertex -2.91014 -1.9445 2.59
      vertex -3.23358 -1.33939 0
      vertex -3.23358 -1.33939 2.59
    endloop
  endfacet
  facet normal 0.88192 0.471399 0
    outer loop
      vertex -3.23358 -1.33939 0
      vertex -2.91014 -1.9445 2.59
      vertex -2.91014 -1.9445 0
    endloop
  endfacet
  facet normal 0.995185 0.098015 0
    outer loop
      vertex -3.43275 -0.682816 2.59
      vertex -3.5 0 0
      vertex -3.5 0 2.59
    endloop
  endfacet
  facet normal 0.995185 0.098015 0
    outer loop
      vertex -3.5 0 0
      vertex -3.43275 -0.682816 2.59
      vertex -3.43275 -0.682816 0
    endloop
  endfacet
  facet normal 0.773006 0.634399 0
    outer loop
      vertex -2.47487 -2.47487 2.59
      vertex -2.91014 -1.9445 0
      vertex -2.91014 -1.9445 2.59
    endloop
  endfacet
  facet normal 0.773006 0.634399 0
    outer loop
      vertex -2.91014 -1.9445 0
      vertex -2.47487 -2.47487 2.59
      vertex -2.47487 -2.47487 0
    endloop
  endfacet
  facet normal -0.290285 -0.95694 0
    outer loop
      vertex 0.682816 3.43275 0
      vertex 1.33939 3.23358 2.59
      vertex 0.682816 3.43275 2.59
    endloop
  endfacet
  facet normal -0.290285 -0.95694 -0
    outer loop
      vertex 1.33939 3.23358 2.59
      vertex 0.682816 3.43275 0
      vertex 1.33939 3.23358 0
    endloop
  endfacet
  facet normal 0 0 -1
    outer loop
      vertex 3.43275 -0.682816 2.59
      vertex 3.43275 0.682816 2.59
      vertex 3.5 0 2.59
    endloop
  endfacet
  facet normal 0 0 -1
    outer loop
      vertex 3.23358 -1.33939 2.59
      vertex 3.43275 0.682816 2.59
      vertex 3.43275 -0.682816 2.59
    endloop
  endfacet
  facet normal 0 0 -1
    outer loop
      vertex 3.23358 -1.33939 2.59
      vertex 3.23358 1.33939 2.59
      vertex 3.43275 0.682816 2.59
    endloop
  endfacet
  facet normal 0 0 -1
    outer loop
      vertex 2.91014 -1.9445 2.59
      vertex 3.23358 1.33939 2.59
      vertex 3.23358 -1.33939 2.59
    endloop
  endfacet
  facet normal 0 0 -1
    outer loop
      vertex 2.91014 -1.9445 2.59
      vertex 2.91014 1.9445 2.59
      vertex 3.23358 1.33939 2.59
    endloop
  endfacet
  facet normal 0 0 -1
    outer loop
      vertex 2.47487 -2.47487 2.59
      vertex 2.91014 1.9445 2.59
      vertex 2.91014 -1.9445 2.59
    endloop
  endfacet
  facet normal 0 0 -1
    outer loop
      vertex 2.47487 -2.47487 2.59
      vertex 2.47487 2.47487 2.59
      vertex 2.91014 1.9445 2.59
    endloop
  endfacet
  facet normal 0 0 -1
    outer loop
      vertex 1.9445 -2.91014 2.59
      vertex 2.47487 2.47487 2.59
      vertex 2.47487 -2.47487 2.59
    endloop
  endfacet
  facet normal 0 0 -1
    outer loop
      vertex 1.9445 -2.91014 2.59
      vertex 1.9445 2.91014 2.59
      vertex 2.47487 2.47487 2.59
    endloop
  endfacet
  facet normal 0 0 -1
    outer loop
      vertex 1.33939 -3.23358 2.59
      vertex 1.9445 2.91014 2.59
      vertex 1.9445 -2.91014 2.59
    endloop
  endfacet
  facet normal 0 0 -1
    outer loop
      vertex 1.33939 -3.23358 2.59
      vertex 1.33939 3.23358 2.59
      vertex 1.9445 2.91014 2.59
    endloop
  endfacet
  facet normal 0 0 -1
    outer loop
      vertex 0.682816 -3.43275 2.59
      vertex 1.33939 3.23358 2.59
      vertex 1.33939 -3.23358 2.59
    endloop
  endfacet
  facet normal 0 0 -1
    outer loop
      vertex 0.682816 -3.43275 2.59
      vertex 0.682816 3.43275 2.59
      vertex 1.33939 3.23358 2.59
    endloop
  endfacet
  facet normal 0 0 -1
    outer loop
      vertex 0 -3.5 2.59
      vertex 0.682816 3.43275 2.59
      vertex 0.682816 -3.43275 2.59
    endloop
  endfacet
  facet normal 0 0 -1
    outer loop
      vertex 0 -3.5 2.59
      vertex 0 3.5 2.59
      vertex 0.682816 3.43275 2.59
    endloop
  endfacet
  facet normal 0 0 -1
    outer loop
      vertex -0.682816 -3.43275 2.59
      vertex 0 3.5 2.59
      vertex 0 -3.5 2.59
    endloop
  endfacet
  facet normal 0 0 -1
    outer loop
      vertex -0.682816 -3.43275 2.59
      vertex -0.682816 3.43275 2.59
      vertex 0 3.5 2.59
    endloop
  endfacet
  facet normal 0 0 -1
    outer loop
      vertex -1.33939 -3.23358 2.59
      vertex -0.682816 3.43275 2.59
      vertex -0.682816 -3.43275 2.59
    endloop
  endfacet
  facet normal 0 0 -1
    outer loop
      vertex -1.33939 -3.23358 2.59
      vertex -1.33939 3.23358 2.59
      vertex -0.682816 3.43275 2.59
    endloop
  endfacet
  facet normal 0 0 -1
    outer loop
      vertex -1.9445 -2.91014 2.59
      vertex -1.33939 3.23358 2.59
      vertex -1.33939 -3.23358 2.59
    endloop
  endfacet
  facet normal 0 0 -1
    outer loop
      vertex -1.9445 -2.91014 2.59
      vertex -1.9445 2.91014 2.59
      vertex -1.33939 3.23358 2.59
    endloop
  endfacet
  facet normal 0 0 -1
    outer loop
      vertex -2.47487 -2.47487 2.59
      vertex -1.9445 2.91014 2.59
      vertex -1.9445 -2.91014 2.59
    endloop
  endfacet
  facet normal 0 0 -1
    outer loop
      vertex -2.47487 -2.47487 2.59
      vertex -2.47487 2.47487 2.59
      vertex -1.9445 2.91014 2.59
    endloop
  endfacet
  facet normal 0 0 -1
    outer loop
      vertex -2.91014 -1.9445 2.59
      vertex -2.47487 2.47487 2.59
      vertex -2.47487 -2.47487 2.59
    endloop
  endfacet
  facet normal 0 0 -1
    outer loop
      vertex -2.91014 -1.9445 2.59
      vertex -2.91014 1.9445 2.59
      vertex -2.47487 2.47487 2.59
    endloop
  endfacet
  facet normal 0 0 -1
    outer loop
      vertex -3.23358 -1.33939 2.59
      vertex -2.91014 1.9445 2.59
      vertex -2.91014 -1.9445 2.59
    endloop
  endfacet
  facet normal 0 0 -1
    outer loop
      vertex -3.23358 -1.33939 2.59
      vertex -3.23358 1.33939 2.59
      vertex -2.91014 1.9445 2.59
    endloop
  endfacet
  facet normal 0 0 -1
    outer loop
      vertex -3.43275 -0.682816 2.59
      vertex -3.23358 1.33939 2.59
      vertex -3.23358 -1.33939 2.59
    endloop
  endfacet
  facet normal 0 0 -1
    outer loop
      vertex -3.43275 -0.682816 2.59
      vertex -3.43275 0.682816 2.59
      vertex -3.23358 1.33939 2.59
    endloop
  endfacet
  facet normal 0 -0 -1
    outer loop
      vertex -3.43275 0.682816 2.59
      vertex -3.43275 -0.682816 2.59
      vertex -3.5 0 2.59
    endloop
  endfacet
  facet normal 0.95694 -0.290285 0
    outer loop
      vertex -3.43275 0.682816 2.59
      vertex -3.23358 1.33939 0
      vertex -3.23358 1.33939 2.59
    endloop
  endfacet
  facet normal 0.95694 -0.290285 0
    outer loop
      vertex -3.23358 1.33939 0
      vertex -3.43275 0.682816 2.59
      vertex -3.43275 0.682816 0
    endloop
  endfacet
  facet normal -0.95694 0.290285 0
    outer loop
      vertex 3.23358 -1.33939 0
      vertex 3.43275 -0.682816 2.59
      vertex 3.43275 -0.682816 0
    endloop
  endfacet
  facet normal -0.95694 0.290285 0
    outer loop
      vertex 3.43275 -0.682816 2.59
      vertex 3.23358 -1.33939 0
      vertex 3.23358 -1.33939 2.59
    endloop
  endfacet
  facet normal -0.634399 0.773006 0
    outer loop
      vertex 2.47487 -2.47487 0
      vertex 1.9445 -2.91014 2.59
      vertex 2.47487 -2.47487 2.59
    endloop
  endfacet
  facet normal -0.634399 0.773006 0
    outer loop
      vertex 1.9445 -2.91014 2.59
      vertex 2.47487 -2.47487 0
      vertex 1.9445 -2.91014 0
    endloop
  endfacet
  facet normal -0.88192 0.471399 0
    outer loop
      vertex 2.91014 -1.9445 0
      vertex 3.23358 -1.33939 2.59
      vertex 3.23358 -1.33939 0
    endloop
  endfacet
  facet normal -0.88192 0.471399 0
    outer loop
      vertex 3.23358 -1.33939 2.59
      vertex 2.91014 -1.9445 0
      vertex 2.91014 -1.9445 2.59
    endloop
  endfacet
  facet normal 0.471399 0.88192 -0
    outer loop
      vertex -1.33939 -3.23358 0
      vertex -1.9445 -2.91014 2.59
      vertex -1.33939 -3.23358 2.59
    endloop
  endfacet
  facet normal 0.471399 0.88192 0
    outer loop
      vertex -1.9445 -2.91014 2.59
      vertex -1.33939 -3.23358 0
      vertex -1.9445 -2.91014 0
    endloop
  endfacet
  facet normal 0.95694 0.290285 0
    outer loop
      vertex -3.23358 -1.33939 2.59
      vertex -3.43275 -0.682816 0
      vertex -3.43275 -0.682816 2.59
    endloop
  endfacet
  facet normal 0.95694 0.290285 0
    outer loop
      vertex -3.43275 -0.682816 0
      vertex -3.23358 -1.33939 2.59
      vertex -3.23358 -1.33939 0
    endloop
  endfacet
  facet normal -0.995185 0.098015 0
    outer loop
      vertex 3.43275 -0.682816 0
      vertex 3.5 0 2.59
      vertex 3.5 0 0
    endloop
  endfacet
  facet normal -0.995185 0.098015 0
    outer loop
      vertex 3.5 0 2.59
      vertex 3.43275 -0.682816 0
      vertex 3.43275 -0.682816 2.59
    endloop
  endfacet
  facet normal 0.381589 0.0758714 0.921213
    outer loop
      vertex 22.5646 0.233868 5.61462
      vertex 22.2146 0 5.77886
      vertex 22.6111 0 5.61462
    endloop
  endfacet
  facet normal 0.912 0.210577 0.352014
    outer loop
      vertex 23.0285 0.0753822 5
      vertex 22.8455 0.350233 5.3097
      vertex 22.845 0.350008 5.31113
    endloop
  endfacet
  facet normal 0.908578 0.180451 0.376728
    outer loop
      vertex 22.8455 0.350233 5.3097
      vertex 23.0285 0.0753822 5
      vertex 23.0222 0.107103 5
    endloop
  endfacet
  facet normal 0.700207 0.139238 0.70023
    outer loop
      vertex 22.845 0.350008 5.31113
      vertex 22.6111 0 5.61462
      vertex 22.9146 0 5.31113
    endloop
  endfacet
  facet normal -0.381589 0.0758714 0.921213
    outer loop
      vertex 21.4354 0.233868 5.61462
      vertex 21.3889 0 5.61462
      vertex 21.7854 0 5.77886
    endloop
  endfacet
  facet normal 0.700207 -0.139238 0.70023
    outer loop
      vertex 22.9146 0 5.31113
      vertex 22.6111 0 5.61462
      vertex 22.845 -0.350008 5.31113
    endloop
  endfacet
  facet normal -0.075919 -0.381547 0.921227
    outer loop
      vertex 21.9179 -0.198263 5.77886
      vertex 21.7661 -0.564608 5.61462
      vertex 22 -0.214599 5.77886
    endloop
  endfacet
  facet normal -0.908748 -0.180667 0.376213
    outer loop
      vertex 21.1101 -0.124163 5.31113
      vertex 21.1101 -0.282776 5.23496
      vertex 21.155 -0.350008 5.31113
    endloop
  endfacet
  facet normal 0.593621 0.396591 0.700236
    outer loop
      vertex 22.5646 0.233868 5.61462
      vertex 22.8369 0.36214 5.31113
      vertex 22.6432 0.628783 5.32432
    endloop
  endfacet
  facet normal 0.593726 0.396405 0.700252
    outer loop
      vertex 22.8369 0.36214 5.31113
      vertex 22.5646 0.233868 5.61462
      vertex 22.845 0.350008 5.31113
    endloop
  endfacet
  facet normal 0.381659 -0.0757529 0.921194
    outer loop
      vertex 22.2146 0 5.77886
      vertex 22.1983 -0.0821228 5.77886
      vertex 22.5646 -0.233868 5.61462
    endloop
  endfacet
  facet normal -0.593575 0.396687 0.70022
    outer loop
      vertex 21.3533 0.646731 5.31113
      vertex 21.155 0.350008 5.31113
      vertex 21.4354 0.233868 5.61462
    endloop
  endfacet
  facet normal 0.700218 0.139224 0.700223
    outer loop
      vertex 22.845 0.350008 5.31113
      vertex 22.5646 0.233868 5.61462
      vertex 22.6111 0 5.61462
    endloop
  endfacet
  facet normal 0.0758873 0.381565 0.921221
    outer loop
      vertex 22 0.611127 5.61462
      vertex 22 0.214599 5.77886
      vertex 22.2339 0.564608 5.61462
    endloop
  endfacet
  facet normal -0.908747 -0.180659 0.37622
    outer loop
      vertex 21.1101 -0.282776 5.23496
      vertex 21.1101 -0.368616 5.19374
      vertex 21.155 -0.350008 5.31113
    endloop
  endfacet
  facet normal 0.323445 -0.216159 0.921227
    outer loop
      vertex 22.5646 -0.233868 5.61462
      vertex 22.1517 -0.151744 5.77886
      vertex 22.4321 -0.432132 5.61462
    endloop
  endfacet
  facet normal 0.139265 0.700231 0.700202
    outer loop
      vertex 22.35 0.844995 5.31113
      vertex 22 0.611127 5.61462
      vertex 22.2339 0.564608 5.61462
    endloop
  endfacet
  facet normal 0.323445 0.216159 0.921227
    outer loop
      vertex 22.4321 0.432132 5.61462
      vertex 22.1517 0.151744 5.77886
      vertex 22.5646 0.233868 5.61462
    endloop
  endfacet
  facet normal -0.700228 0.139211 0.700215
    outer loop
      vertex 21.1101 0.124163 5.31113
      vertex 21.3889 0 5.61462
      vertex 21.155 0.350008 5.31113
    endloop
  endfacet
  facet normal -0.700219 0.13924 0.700219
    outer loop
      vertex 21.3889 0 5.61462
      vertex 21.1101 0.124163 5.31113
      vertex 21.1101 0 5.33582
    endloop
  endfacet
  facet normal 0.492856 0.774931 0.395697
    outer loop
      vertex 22.3993 0.964058 5
      vertex 22.5091 0.813358 5.15837
      vertex 22.3998 0.96374 5
    endloop
  endfacet
  facet normal 0.514568 0.770434 0.376365
    outer loop
      vertex 22.5091 0.813358 5.15837
      vertex 22.3993 0.964058 5
      vertex 22.35 0.844995 5.31113
    endloop
  endfacet
  facet normal 0.780786 0.514832 0.354007
    outer loop
      vertex 22.8455 0.350233 5.3097
      vertex 22.8447 0.35135 5.30984
      vertex 22.845 0.350008 5.31113
    endloop
  endfacet
  facet normal 0.18073 0.908672 0.376367
    outer loop
      vertex 22.3993 0.964058 5
      vertex 22.1441 0.98255 5.0779
      vertex 22.35 0.844995 5.31113
    endloop
  endfacet
  facet normal 0.180716 0.908695 0.376317
    outer loop
      vertex 22.1441 0.98255 5.0779
      vertex 22.3993 0.964058 5
      vertex 22.2057 1.00256 5
    endloop
  endfacet
  facet normal -0.216174 -0.323431 0.921228
    outer loop
      vertex 21.8483 -0.151744 5.77886
      vertex 21.7661 -0.564608 5.61462
      vertex 21.9179 -0.198263 5.77886
    endloop
  endfacet
  facet normal -0.770033 -0.514905 0.376725
    outer loop
      vertex 21.2938 -0.706243 5.10794
      vertex 21.155 -0.350008 5.31113
      vertex 21.2194 -0.673952 5
    endloop
  endfacet
  facet normal -0.769028 -0.517466 0.375266
    outer loop
      vertex 21.2938 -0.706243 5.10794
      vertex 21.2194 -0.673952 5
      vertex 21.2264 -0.684355 5
    endloop
  endfacet
  facet normal -0.770298 -0.51479 0.376342
    outer loop
      vertex 21.155 -0.350008 5.31113
      vertex 21.2938 -0.706243 5.10794
      vertex 21.3533 -0.646731 5.31113
    endloop
  endfacet
  facet normal -0.381659 -0.0757529 0.921194
    outer loop
      vertex 21.7854 0 5.77886
      vertex 21.4354 -0.233868 5.61462
      vertex 21.8017 -0.0821228 5.77886
    endloop
  endfacet
  facet normal 0.908627 -0.180804 0.376441
    outer loop
      vertex 22.9146 0 5.31113
      vertex 23.0285 -0.0753822 5
      vertex 23.0435 0 5
    endloop
  endfacet
  facet normal 0.908657 -0.180689 0.376424
    outer loop
      vertex 23.0285 -0.0753822 5
      vertex 22.9146 0 5.31113
      vertex 22.845 -0.350008 5.31113
    endloop
  endfacet
  facet normal 0.908657 0.180689 0.376424
    outer loop
      vertex 22.9146 0 5.31113
      vertex 23.0285 0.0753822 5
      vertex 22.845 0.350008 5.31113
    endloop
  endfacet
  facet normal 0.908627 0.180804 0.376441
    outer loop
      vertex 23.0285 0.0753822 5
      vertex 22.9146 0 5.31113
      vertex 23.0435 0 5
    endloop
  endfacet
  facet normal 0.912 -0.210577 0.352014
    outer loop
      vertex 22.8455 -0.350233 5.3097
      vertex 23.0285 -0.0753822 5
      vertex 22.845 -0.350008 5.31113
    endloop
  endfacet
  facet normal 0.908578 -0.180451 0.376728
    outer loop
      vertex 23.0285 -0.0753822 5
      vertex 22.8455 -0.350233 5.3097
      vertex 23.0222 -0.107103 5
    endloop
  endfacet
  facet normal 0.780786 -0.514832 0.354007
    outer loop
      vertex 22.845 -0.350008 5.31113
      vertex 22.8447 -0.35135 5.30984
      vertex 22.8455 -0.350233 5.3097
    endloop
  endfacet
  facet normal 0.216179 0.32343 0.921227
    outer loop
      vertex 22.2339 0.564608 5.61462
      vertex 22.1517 0.151744 5.77886
      vertex 22.4321 0.432132 5.61462
    endloop
  endfacet
  facet normal 0.39659 0.593671 0.700194
    outer loop
      vertex 22.2339 0.564608 5.61462
      vertex 22.6145 0.668301 5.31113
      vertex 22.35 0.844995 5.31113
    endloop
  endfacet
  facet normal 0.397148 0.592817 0.700601
    outer loop
      vertex 22.6145 0.668301 5.31113
      vertex 22.2339 0.564608 5.61462
      vertex 22.6322 0.643845 5.32179
    endloop
  endfacet
  facet normal -0.396723 0.593546 0.700224
    outer loop
      vertex 21.7661 0.564608 5.61462
      vertex 21.3533 0.646731 5.31113
      vertex 21.5679 0.432132 5.61462
    endloop
  endfacet
  facet normal -0.700219 -0.13924 0.700219
    outer loop
      vertex 21.1101 -0.124163 5.31113
      vertex 21.3889 0 5.61462
      vertex 21.1101 0 5.33582
    endloop
  endfacet
  facet normal -0.700228 -0.139211 0.700215
    outer loop
      vertex 21.3889 0 5.61462
      vertex 21.1101 -0.124163 5.31113
      vertex 21.155 -0.350008 5.31113
    endloop
  endfacet
  facet normal 0.514624 0.770361 0.376439
    outer loop
      vertex 22.5091 0.813358 5.15837
      vertex 22.35 0.844995 5.31113
      vertex 22.6145 0.668301 5.31113
    endloop
  endfacet
  facet normal 0.776333 0.518323 0.358674
    outer loop
      vertex 22.8447 0.35135 5.30984
      vertex 22.8369 0.36214 5.31113
      vertex 22.845 0.350008 5.31113
    endloop
  endfacet
  facet normal -0.323372 -0.216444 0.921185
    outer loop
      vertex 21.8017 -0.0821228 5.77886
      vertex 21.4354 -0.233868 5.61462
      vertex 21.8483 -0.151744 5.77886
    endloop
  endfacet
  facet normal 0.700218 -0.139224 0.700223
    outer loop
      vertex 22.6111 0 5.61462
      vertex 22.5646 -0.233868 5.61462
      vertex 22.845 -0.350008 5.31113
    endloop
  endfacet
  facet normal 0.381589 -0.0758714 0.921213
    outer loop
      vertex 22.6111 0 5.61462
      vertex 22.2146 0 5.77886
      vertex 22.5646 -0.233868 5.61462
    endloop
  endfacet
  facet normal 0.180749 -0.908663 0.37638
    outer loop
      vertex 22 -0.935716 5.26019
      vertex 22.35 -0.844995 5.31113
      vertex 22 -0.914616 5.31113
    endloop
  endfacet
  facet normal 0.180757 -0.908676 0.376345
    outer loop
      vertex 22.35 -0.844995 5.31113
      vertex 22 -0.935716 5.26019
      vertex 22.1441 -0.98255 5.0779
    endloop
  endfacet
  facet normal 0.139285 -0.700215 0.700213
    outer loop
      vertex 22 -0.611127 5.61462
      vertex 22 -0.914616 5.31113
      vertex 22.35 -0.844995 5.31113
    endloop
  endfacet
  facet normal -0.908747 0.180659 0.37622
    outer loop
      vertex 21.1101 0.368616 5.19374
      vertex 21.1101 0.282776 5.23496
      vertex 21.155 0.350008 5.31113
    endloop
  endfacet
  facet normal 0.323372 0.216444 0.921185
    outer loop
      vertex 22.5646 0.233868 5.61462
      vertex 22.1517 0.151744 5.77886
      vertex 22.1983 0.0821228 5.77886
    endloop
  endfacet
  facet normal 0.381659 0.0757529 0.921194
    outer loop
      vertex 22.5646 0.233868 5.61462
      vertex 22.1983 0.0821228 5.77886
      vertex 22.2146 0 5.77886
    endloop
  endfacet
  facet normal 0.180749 0.908663 0.37638
    outer loop
      vertex 22.35 0.844995 5.31113
      vertex 22 0.935716 5.26019
      vertex 22 0.914616 5.31113
    endloop
  endfacet
  facet normal 0.180757 0.908676 0.376345
    outer loop
      vertex 22 0.935716 5.26019
      vertex 22.35 0.844995 5.31113
      vertex 22.1441 0.98255 5.0779
    endloop
  endfacet
  facet normal -0.323372 0.216444 0.921185
    outer loop
      vertex 21.8483 0.151744 5.77886
      vertex 21.4354 0.233868 5.61462
      vertex 21.8017 0.0821228 5.77886
    endloop
  endfacet
  facet normal 0.396189 0.593973 0.700165
    outer loop
      vertex 22.6322 0.643845 5.32179
      vertex 22.4321 0.432132 5.61462
      vertex 22.6371 0.637111 5.32473
    endloop
  endfacet
  facet normal 0.396724 0.593547 0.700223
    outer loop
      vertex 22.4321 0.432132 5.61462
      vertex 22.6322 0.643845 5.32179
      vertex 22.2339 0.564608 5.61462
    endloop
  endfacet
  facet normal 0.591717 0.398927 0.70052
    outer loop
      vertex 22.4321 0.432132 5.61462
      vertex 22.6432 0.628783 5.32432
      vertex 22.6371 0.637111 5.32473
    endloop
  endfacet
  facet normal 0.59352 0.39665 0.700288
    outer loop
      vertex 22.6432 0.628783 5.32432
      vertex 22.4321 0.432132 5.61462
      vertex 22.5646 0.233868 5.61462
    endloop
  endfacet
  facet normal -0.396723 -0.593546 0.700224
    outer loop
      vertex 21.5679 -0.432132 5.61462
      vertex 21.3533 -0.646731 5.31113
      vertex 21.7661 -0.564608 5.61462
    endloop
  endfacet
  facet normal -0.593575 -0.396687 0.70022
    outer loop
      vertex 21.4354 -0.233868 5.61462
      vertex 21.155 -0.350008 5.31113
      vertex 21.3533 -0.646731 5.31113
    endloop
  endfacet
  facet normal 0.139265 -0.700231 0.700202
    outer loop
      vertex 22.2339 -0.564608 5.61462
      vertex 22 -0.611127 5.61462
      vertex 22.35 -0.844995 5.31113
    endloop
  endfacet
  facet normal 0.59352 -0.39665 0.700288
    outer loop
      vertex 22.4321 -0.432132 5.61462
      vertex 22.6432 -0.628783 5.32432
      vertex 22.5646 -0.233868 5.61462
    endloop
  endfacet
  facet normal 0.591717 -0.398927 0.70052
    outer loop
      vertex 22.6432 -0.628783 5.32432
      vertex 22.4321 -0.432132 5.61462
      vertex 22.6371 -0.637111 5.32473
    endloop
  endfacet
  facet normal 0.514568 -0.770434 0.376365
    outer loop
      vertex 22.3993 -0.964058 5
      vertex 22.5091 -0.813358 5.15837
      vertex 22.35 -0.844995 5.31113
    endloop
  endfacet
  facet normal 0.492856 -0.774931 0.395697
    outer loop
      vertex 22.5091 -0.813358 5.15837
      vertex 22.3993 -0.964058 5
      vertex 22.3998 -0.96374 5
    endloop
  endfacet
  facet normal 0.216179 -0.32343 0.921227
    outer loop
      vertex 22.4321 -0.432132 5.61462
      vertex 22.1517 -0.151744 5.77886
      vertex 22.2339 -0.564608 5.61462
    endloop
  endfacet
  facet normal -0.7705 -0.514551 0.376254
    outer loop
      vertex 21.2194 -0.673952 5
      vertex 21.1101 -0.368616 5.19374
      vertex 21.1101 -0.510284 5
    endloop
  endfacet
  facet normal -0.770491 -0.514556 0.376266
    outer loop
      vertex 21.1101 -0.368616 5.19374
      vertex 21.2194 -0.673952 5
      vertex 21.155 -0.350008 5.31113
    endloop
  endfacet
  facet normal -0.396664 -0.593643 0.700175
    outer loop
      vertex 21.7661 -0.564608 5.61462
      vertex 21.583 -0.800216 5.31113
      vertex 21.6584 -0.82472 5.33307
    endloop
  endfacet
  facet normal -0.396669 -0.59364 0.700176
    outer loop
      vertex 21.583 -0.800216 5.31113
      vertex 21.7661 -0.564608 5.61462
      vertex 21.3533 -0.646731 5.31113
    endloop
  endfacet
  facet normal -0.700218 -0.139224 0.700223
    outer loop
      vertex 21.3889 0 5.61462
      vertex 21.155 -0.350008 5.31113
      vertex 21.4354 -0.233868 5.61462
    endloop
  endfacet
  facet normal -0.908748 0.180667 0.376213
    outer loop
      vertex 21.1101 0.282776 5.23496
      vertex 21.1101 0.124163 5.31113
      vertex 21.155 0.350008 5.31113
    endloop
  endfacet
  facet normal -0.381589 -0.0758714 0.921213
    outer loop
      vertex 21.7854 0 5.77886
      vertex 21.3889 0 5.61462
      vertex 21.4354 -0.233868 5.61462
    endloop
  endfacet
  facet normal -0.075919 0.381547 0.921227
    outer loop
      vertex 22 0.214599 5.77886
      vertex 21.7661 0.564608 5.61462
      vertex 21.9179 0.198263 5.77886
    endloop
  endfacet
  facet normal -0.7705 0.514551 0.376254
    outer loop
      vertex 21.1101 0.368616 5.19374
      vertex 21.2194 0.673952 5
      vertex 21.1101 0.510284 5
    endloop
  endfacet
  facet normal -0.770491 0.514556 0.376266
    outer loop
      vertex 21.2194 0.673952 5
      vertex 21.1101 0.368616 5.19374
      vertex 21.155 0.350008 5.31113
    endloop
  endfacet
  facet normal -0.180792 0.908655 0.376377
    outer loop
      vertex 22 0.935716 5.26019
      vertex 21.8326 0.881309 5.31113
      vertex 22 0.914616 5.31113
    endloop
  endfacet
  facet normal 0.139285 0.700215 0.700213
    outer loop
      vertex 22 0.914616 5.31113
      vertex 22 0.611127 5.61462
      vertex 22.35 0.844995 5.31113
    endloop
  endfacet
  facet normal 0.323372 -0.216444 0.921185
    outer loop
      vertex 22.1983 -0.0821228 5.77886
      vertex 22.1517 -0.151744 5.77886
      vertex 22.5646 -0.233868 5.61462
    endloop
  endfacet
  facet normal 0.396189 -0.593973 0.700165
    outer loop
      vertex 22.4321 -0.432132 5.61462
      vertex 22.6322 -0.643845 5.32179
      vertex 22.6371 -0.637111 5.32473
    endloop
  endfacet
  facet normal 0.396724 -0.593547 0.700223
    outer loop
      vertex 22.6322 -0.643845 5.32179
      vertex 22.4321 -0.432132 5.61462
      vertex 22.2339 -0.564608 5.61462
    endloop
  endfacet
  facet normal 0.514624 -0.770361 0.376439
    outer loop
      vertex 22.6145 -0.668301 5.31113
      vertex 22.35 -0.844995 5.31113
      vertex 22.5091 -0.813358 5.15837
    endloop
  endfacet
  facet normal 0.075919 -0.381547 0.921227
    outer loop
      vertex 22.0821 -0.198263 5.77886
      vertex 22 -0.214599 5.77886
      vertex 22.2339 -0.564608 5.61462
    endloop
  endfacet
  facet normal 0.216174 -0.323431 0.921228
    outer loop
      vertex 22.1517 -0.151744 5.77886
      vertex 22.0821 -0.198263 5.77886
      vertex 22.2339 -0.564608 5.61462
    endloop
  endfacet
  facet normal -0.216179 -0.32343 0.921227
    outer loop
      vertex 21.8483 -0.151744 5.77886
      vertex 21.5679 -0.432132 5.61462
      vertex 21.7661 -0.564608 5.61462
    endloop
  endfacet
  facet normal -0.139303 -0.700218 0.700206
    outer loop
      vertex 21.8326 -0.881309 5.31113
      vertex 22 -0.611127 5.61462
      vertex 21.6732 -0.829518 5.33121
    endloop
  endfacet
  facet normal -0.139319 -0.700212 0.70021
    outer loop
      vertex 22 -0.611127 5.61462
      vertex 21.8326 -0.881309 5.31113
      vertex 22 -0.914616 5.31113
    endloop
  endfacet
  facet normal 0.397148 -0.592817 0.700601
    outer loop
      vertex 22.2339 -0.564608 5.61462
      vertex 22.6145 -0.668301 5.31113
      vertex 22.6322 -0.643845 5.32179
    endloop
  endfacet
  facet normal 0.39659 -0.593671 0.700194
    outer loop
      vertex 22.6145 -0.668301 5.31113
      vertex 22.2339 -0.564608 5.61462
      vertex 22.35 -0.844995 5.31113
    endloop
  endfacet
  facet normal 0.0758873 -0.381565 0.921221
    outer loop
      vertex 22 -0.214599 5.77886
      vertex 22 -0.611127 5.61462
      vertex 22.2339 -0.564608 5.61462
    endloop
  endfacet
  facet normal 0.180716 -0.908695 0.376317
    outer loop
      vertex 22.3993 -0.964058 5
      vertex 22.1441 -0.98255 5.0779
      vertex 22.2057 -1.00256 5
    endloop
  endfacet
  facet normal 0.18073 -0.908672 0.376367
    outer loop
      vertex 22.1441 -0.98255 5.0779
      vertex 22.3993 -0.964058 5
      vertex 22.35 -0.844995 5.31113
    endloop
  endfacet
  facet normal -0.514733 -0.770331 0.37635
    outer loop
      vertex 21.3533 -0.646731 5.31113
      vertex 21.2938 -0.706243 5.10794
      vertex 21.583 -0.800216 5.31113
    endloop
  endfacet
  facet normal -0.700218 0.139224 0.700223
    outer loop
      vertex 21.4354 0.233868 5.61462
      vertex 21.155 0.350008 5.31113
      vertex 21.3889 0 5.61462
    endloop
  endfacet
  facet normal -0.396664 0.593643 0.700175
    outer loop
      vertex 21.583 0.800216 5.31113
      vertex 21.7661 0.564608 5.61462
      vertex 21.6584 0.82472 5.33307
    endloop
  endfacet
  facet normal -0.396669 0.59364 0.700176
    outer loop
      vertex 21.7661 0.564608 5.61462
      vertex 21.583 0.800216 5.31113
      vertex 21.3533 0.646731 5.31113
    endloop
  endfacet
  facet normal -0.593575 0.396687 0.70022
    outer loop
      vertex 21.5679 0.432132 5.61462
      vertex 21.3533 0.646731 5.31113
      vertex 21.4354 0.233868 5.61462
    endloop
  endfacet
  facet normal -0.216179 0.32343 0.921227
    outer loop
      vertex 21.7661 0.564608 5.61462
      vertex 21.5679 0.432132 5.61462
      vertex 21.8483 0.151744 5.77886
    endloop
  endfacet
  facet normal -0.323445 0.216159 0.921227
    outer loop
      vertex 21.5679 0.432132 5.61462
      vertex 21.4354 0.233868 5.61462
      vertex 21.8483 0.151744 5.77886
    endloop
  endfacet
  facet normal 0.216174 0.323431 0.921228
    outer loop
      vertex 22.2339 0.564608 5.61462
      vertex 22.0821 0.198263 5.77886
      vertex 22.1517 0.151744 5.77886
    endloop
  endfacet
  facet normal -0.0758873 0.381565 0.921221
    outer loop
      vertex 22 0.611127 5.61462
      vertex 21.7661 0.564608 5.61462
      vertex 22 0.214599 5.77886
    endloop
  endfacet
  facet normal -0.514733 0.770331 0.37635
    outer loop
      vertex 21.583 0.800216 5.31113
      vertex 21.2938 0.706243 5.10794
      vertex 21.3533 0.646731 5.31113
    endloop
  endfacet
  facet normal -0.769028 0.517466 0.375266
    outer loop
      vertex 21.2194 0.673952 5
      vertex 21.2938 0.706243 5.10794
      vertex 21.2264 0.684355 5
    endloop
  endfacet
  facet normal -0.770033 0.514905 0.376725
    outer loop
      vertex 21.155 0.350008 5.31113
      vertex 21.2938 0.706243 5.10794
      vertex 21.2194 0.673952 5
    endloop
  endfacet
  facet normal -0.770298 0.51479 0.376342
    outer loop
      vertex 21.2938 0.706243 5.10794
      vertex 21.155 0.350008 5.31113
      vertex 21.3533 0.646731 5.31113
    endloop
  endfacet
  facet normal -0.0758873 -0.381565 0.921221
    outer loop
      vertex 22 -0.214599 5.77886
      vertex 21.7661 -0.564608 5.61462
      vertex 22 -0.611127 5.61462
    endloop
  endfacet
  facet normal -0.139268 -0.700245 0.700187
    outer loop
      vertex 21.7661 -0.564608 5.61462
      vertex 21.6732 -0.829518 5.33121
      vertex 22 -0.611127 5.61462
    endloop
  endfacet
  facet normal -0.139038 -0.700308 0.70017
    outer loop
      vertex 21.6732 -0.829518 5.33121
      vertex 21.7661 -0.564608 5.61462
      vertex 21.6584 -0.82472 5.33307
    endloop
  endfacet
  facet normal -0.323445 -0.216159 0.921227
    outer loop
      vertex 21.8483 -0.151744 5.77886
      vertex 21.4354 -0.233868 5.61462
      vertex 21.5679 -0.432132 5.61462
    endloop
  endfacet
  facet normal -0.593575 -0.396687 0.70022
    outer loop
      vertex 21.4354 -0.233868 5.61462
      vertex 21.3533 -0.646731 5.31113
      vertex 21.5679 -0.432132 5.61462
    endloop
  endfacet
  facet normal -0.180792 -0.908655 0.376377
    outer loop
      vertex 22 -0.914616 5.31113
      vertex 21.8326 -0.881309 5.31113
      vertex 22 -0.935716 5.26019
    endloop
  endfacet
  facet normal 0.776333 -0.518323 0.358674
    outer loop
      vertex 22.845 -0.350008 5.31113
      vertex 22.8369 -0.36214 5.31113
      vertex 22.8447 -0.35135 5.30984
    endloop
  endfacet
  facet normal 0.593726 -0.396405 0.700252
    outer loop
      vertex 22.5646 -0.233868 5.61462
      vertex 22.8369 -0.36214 5.31113
      vertex 22.845 -0.350008 5.31113
    endloop
  endfacet
  facet normal 0.593621 -0.396591 0.700236
    outer loop
      vertex 22.8369 -0.36214 5.31113
      vertex 22.5646 -0.233868 5.61462
      vertex 22.6432 -0.628783 5.32432
    endloop
  endfacet
  facet normal 0 0 1
    outer loop
      vertex 22.1983 0.0821228 5.77886
      vertex 22.1983 -0.0821228 5.77886
      vertex 22.2146 0 5.77886
    endloop
  endfacet
  facet normal 0 0 1
    outer loop
      vertex 22.1517 0.151744 5.77886
      vertex 22.1983 -0.0821228 5.77886
      vertex 22.1983 0.0821228 5.77886
    endloop
  endfacet
  facet normal 0 0 1
    outer loop
      vertex 22.1517 0.151744 5.77886
      vertex 22.1517 -0.151744 5.77886
      vertex 22.1983 -0.0821228 5.77886
    endloop
  endfacet
  facet normal 0 0 1
    outer loop
      vertex 22.0821 0.198263 5.77886
      vertex 22.1517 -0.151744 5.77886
      vertex 22.1517 0.151744 5.77886
    endloop
  endfacet
  facet normal 0 0 1
    outer loop
      vertex 22.0821 0.198263 5.77886
      vertex 22.0821 -0.198263 5.77886
      vertex 22.1517 -0.151744 5.77886
    endloop
  endfacet
  facet normal 0 0 1
    outer loop
      vertex 22 0.214599 5.77886
      vertex 22.0821 -0.198263 5.77886
      vertex 22.0821 0.198263 5.77886
    endloop
  endfacet
  facet normal 0 0 1
    outer loop
      vertex 22 0.214599 5.77886
      vertex 22 -0.214599 5.77886
      vertex 22.0821 -0.198263 5.77886
    endloop
  endfacet
  facet normal -0 0 1
    outer loop
      vertex 21.9179 0.198263 5.77886
      vertex 22 -0.214599 5.77886
      vertex 22 0.214599 5.77886
    endloop
  endfacet
  facet normal 0 0 1
    outer loop
      vertex 21.9179 0.198263 5.77886
      vertex 21.9179 -0.198263 5.77886
      vertex 22 -0.214599 5.77886
    endloop
  endfacet
  facet normal -0 0 1
    outer loop
      vertex 21.8483 0.151744 5.77886
      vertex 21.9179 -0.198263 5.77886
      vertex 21.9179 0.198263 5.77886
    endloop
  endfacet
  facet normal 0 0 1
    outer loop
      vertex 21.8483 0.151744 5.77886
      vertex 21.8483 -0.151744 5.77886
      vertex 21.9179 -0.198263 5.77886
    endloop
  endfacet
  facet normal -0 0 1
    outer loop
      vertex 21.8017 0.0821228 5.77886
      vertex 21.8483 -0.151744 5.77886
      vertex 21.8483 0.151744 5.77886
    endloop
  endfacet
  facet normal 0 0 1
    outer loop
      vertex 21.8017 0.0821228 5.77886
      vertex 21.8017 -0.0821228 5.77886
      vertex 21.8483 -0.151744 5.77886
    endloop
  endfacet
  facet normal 0 -0 1
    outer loop
      vertex 21.8017 -0.0821228 5.77886
      vertex 21.8017 0.0821228 5.77886
      vertex 21.7854 0 5.77886
    endloop
  endfacet
  facet normal -0.381659 0.0757529 0.921194
    outer loop
      vertex 21.8017 0.0821228 5.77886
      vertex 21.4354 0.233868 5.61462
      vertex 21.7854 0 5.77886
    endloop
  endfacet
  facet normal -0.216174 0.323431 0.921228
    outer loop
      vertex 21.9179 0.198263 5.77886
      vertex 21.7661 0.564608 5.61462
      vertex 21.8483 0.151744 5.77886
    endloop
  endfacet
  facet normal 0.075919 0.381547 0.921227
    outer loop
      vertex 22.2339 0.564608 5.61462
      vertex 22 0.214599 5.77886
      vertex 22.0821 0.198263 5.77886
    endloop
  endfacet
  facet normal -0.139319 0.700212 0.70021
    outer loop
      vertex 21.8326 0.881309 5.31113
      vertex 22 0.611127 5.61462
      vertex 22 0.914616 5.31113
    endloop
  endfacet
  facet normal -0.139303 0.700218 0.700206
    outer loop
      vertex 22 0.611127 5.61462
      vertex 21.8326 0.881309 5.31113
      vertex 21.6732 0.829518 5.33121
    endloop
  endfacet
  facet normal -0.139268 0.700245 0.700187
    outer loop
      vertex 21.6732 0.829518 5.33121
      vertex 21.7661 0.564608 5.61462
      vertex 22 0.611127 5.61462
    endloop
  endfacet
  facet normal -0.139038 0.700308 0.70017
    outer loop
      vertex 21.7661 0.564608 5.61462
      vertex 21.6732 0.829518 5.33121
      vertex 21.6584 0.82472 5.33307
    endloop
  endfacet
  facet normal 0.809193 0.587543 -0.000404511
    outer loop
      vertex 22.6432 0.628783 5.32432
      vertex 22.5091 0.813358 5.15837
      vertex 22.6145 0.668301 5.31113
    endloop
  endfacet
  facet normal 0.805826 0.591824 0.019749
    outer loop
      vertex 22.6432 0.628783 5.32432
      vertex 22.6145 0.668301 5.31113
      vertex 22.6322 0.643845 5.32179
    endloop
  endfacet
  facet normal 0.806899 0.590635 0.00800228
    outer loop
      vertex 22.6432 0.628783 5.32432
      vertex 22.6322 0.643845 5.32179
      vertex 22.6371 0.637111 5.32473
    endloop
  endfacet
  facet normal 0.809055 0.587733 -8.05659e-05
    outer loop
      vertex 22.8369 0.36214 5.31113
      vertex 22.5091 0.813358 5.15837
      vertex 22.6432 0.628783 5.32432
    endloop
  endfacet
  facet normal 0.809035 0.587761 4.31559e-05
    outer loop
      vertex 22.5091 0.813358 5.15837
      vertex 22.8369 0.36214 5.31113
      vertex 23.0222 0.107103 5
    endloop
  endfacet
  facet normal 0.810572 0.585633 0.00270318
    outer loop
      vertex 23.0222 0.107103 5
      vertex 22.8369 0.36214 5.31113
      vertex 22.8447 0.35135 5.30984
    endloop
  endfacet
  facet normal 0.813416 0.581634 0.0074846
    outer loop
      vertex 23.0222 0.107103 5
      vertex 22.8447 0.35135 5.30984
      vertex 22.8455 0.350233 5.3097
    endloop
  endfacet
  facet normal 0.809009 0.587796 -0.000194804
    outer loop
      vertex 22.5091 0.813358 5.15837
      vertex 23.0222 0.107103 5
      vertex 22.3998 0.96374 5
    endloop
  endfacet
  facet normal -1 0 0
    outer loop
      vertex 21.1101 0.510284 5
      vertex 21.1101 0.282776 5.23496
      vertex 21.1101 0.368616 5.19374
    endloop
  endfacet
  facet normal -1 0 0
    outer loop
      vertex 21.1101 -0.282776 5.23496
      vertex 21.1101 0.282776 5.23496
      vertex 21.1101 0.510284 5
    endloop
  endfacet
  facet normal -1 0 0
    outer loop
      vertex 21.1101 0.282776 5.23496
      vertex 21.1101 -0.282776 5.23496
      vertex 21.1101 0.124163 5.31113
    endloop
  endfacet
  facet normal -1 0 0
    outer loop
      vertex 21.1101 0.124163 5.31113
      vertex 21.1101 -0.124163 5.31113
      vertex 21.1101 0 5.33582
    endloop
  endfacet
  facet normal -1 -0 0
    outer loop
      vertex 21.1101 0.124163 5.31113
      vertex 21.1101 -0.282776 5.23496
      vertex 21.1101 -0.124163 5.31113
    endloop
  endfacet
  facet normal -1 0 0
    outer loop
      vertex 21.1101 -0.510284 5
      vertex 21.1101 -0.282776 5.23496
      vertex 21.1101 0.510284 5
    endloop
  endfacet
  facet normal -1 0 0
    outer loop
      vertex 21.1101 -0.282776 5.23496
      vertex 21.1101 -0.510284 5
      vertex 21.1101 -0.368616 5.19374
    endloop
  endfacet
  facet normal -0.308993 0.951064 0.000153591
    outer loop
      vertex 21.583 0.800216 5.31113
      vertex 21.6732 0.829518 5.33121
      vertex 21.8326 0.881309 5.31113
    endloop
  endfacet
  facet normal -0.308595 0.951192 -0.00182073
    outer loop
      vertex 21.6732 0.829518 5.33121
      vertex 21.583 0.800216 5.31113
      vertex 21.6584 0.82472 5.33307
    endloop
  endfacet
  facet normal -0.309097 0.951031 -1.52248e-06
    outer loop
      vertex 22.1441 0.98255 5.0779
      vertex 21.8326 0.881309 5.31113
      vertex 22 0.935716 5.26019
    endloop
  endfacet
  facet normal -0.308993 0.951064 0.000151677
    outer loop
      vertex 21.8326 0.881309 5.31113
      vertex 22.1441 0.98255 5.0779
      vertex 21.583 0.800216 5.31113
    endloop
  endfacet
  facet normal -0.309045 0.951048 1.43737e-05
    outer loop
      vertex 21.583 0.800216 5.31113
      vertex 22.1441 0.98255 5.0779
      vertex 21.2938 0.706243 5.10794
    endloop
  endfacet
  facet normal -0.309027 0.951053 -7.02499e-05
    outer loop
      vertex 21.2264 0.684355 5
      vertex 22.1441 0.98255 5.0779
      vertex 22.2057 1.00256 5
    endloop
  endfacet
  facet normal -0.309041 0.951049 0.000118877
    outer loop
      vertex 22.1441 0.98255 5.0779
      vertex 21.2264 0.684355 5
      vertex 21.2938 0.706243 5.10794
    endloop
  endfacet
  facet normal -0.308595 -0.951192 -0.00182073
    outer loop
      vertex 21.583 -0.800216 5.31113
      vertex 21.6732 -0.829518 5.33121
      vertex 21.6584 -0.82472 5.33307
    endloop
  endfacet
  facet normal -0.308993 -0.951064 0.000153591
    outer loop
      vertex 21.583 -0.800216 5.31113
      vertex 21.8326 -0.881309 5.31113
      vertex 21.6732 -0.829518 5.33121
    endloop
  endfacet
  facet normal -0.308993 -0.951064 0.000151677
    outer loop
      vertex 22.1441 -0.98255 5.0779
      vertex 21.8326 -0.881309 5.31113
      vertex 21.583 -0.800216 5.31113
    endloop
  endfacet
  facet normal -0.309045 -0.951048 1.43737e-05
    outer loop
      vertex 22.1441 -0.98255 5.0779
      vertex 21.583 -0.800216 5.31113
      vertex 21.2938 -0.706243 5.10794
    endloop
  endfacet
  facet normal -0.309097 -0.951031 -1.52248e-06
    outer loop
      vertex 21.8326 -0.881309 5.31113
      vertex 22.1441 -0.98255 5.0779
      vertex 22 -0.935716 5.26019
    endloop
  endfacet
  facet normal -0.309041 -0.951049 0.000118877
    outer loop
      vertex 21.2264 -0.684355 5
      vertex 22.1441 -0.98255 5.0779
      vertex 21.2938 -0.706243 5.10794
    endloop
  endfacet
  facet normal -0.309027 -0.951053 -7.02499e-05
    outer loop
      vertex 22.1441 -0.98255 5.0779
      vertex 21.2264 -0.684355 5
      vertex 22.2057 -1.00256 5
    endloop
  endfacet
  facet normal 0.813416 -0.581634 0.0074846
    outer loop
      vertex 22.8447 -0.35135 5.30984
      vertex 23.0222 -0.107103 5
      vertex 22.8455 -0.350233 5.3097
    endloop
  endfacet
  facet normal 0.810572 -0.585633 0.00270318
    outer loop
      vertex 22.8369 -0.36214 5.31113
      vertex 23.0222 -0.107103 5
      vertex 22.8447 -0.35135 5.30984
    endloop
  endfacet
  facet normal 0.809055 -0.587733 -8.05659e-05
    outer loop
      vertex 22.5091 -0.813358 5.15837
      vertex 22.8369 -0.36214 5.31113
      vertex 22.6432 -0.628783 5.32432
    endloop
  endfacet
  facet normal 0.806899 -0.590635 0.00800228
    outer loop
      vertex 22.6322 -0.643845 5.32179
      vertex 22.6432 -0.628783 5.32432
      vertex 22.6371 -0.637111 5.32473
    endloop
  endfacet
  facet normal 0.805826 -0.591824 0.019749
    outer loop
      vertex 22.6145 -0.668301 5.31113
      vertex 22.6432 -0.628783 5.32432
      vertex 22.6322 -0.643845 5.32179
    endloop
  endfacet
  facet normal 0.809193 -0.587543 -0.000404511
    outer loop
      vertex 22.6432 -0.628783 5.32432
      vertex 22.6145 -0.668301 5.31113
      vertex 22.5091 -0.813358 5.15837
    endloop
  endfacet
  facet normal 0.809035 -0.587761 4.31559e-05
    outer loop
      vertex 22.8369 -0.36214 5.31113
      vertex 22.5091 -0.813358 5.15837
      vertex 23.0222 -0.107103 5
    endloop
  endfacet
  facet normal 0.809009 -0.587796 -0.000194804
    outer loop
      vertex 23.0222 -0.107103 5
      vertex 22.5091 -0.813358 5.15837
      vertex 22.3998 -0.96374 5
    endloop
  endfacet
  facet normal 0.436564 -0.817266 0.376149
    outer loop
      vertex 27.4491 -5.8821 5
      vertex 27.3445 -5.56517 5.81
      vertex 27.2061 -5.6391 5.81
    endloop
  endfacet
  facet normal 0.436564 -0.817266 0.376149
    outer loop
      vertex 27.3445 -5.56517 5.81
      vertex 27.4491 -5.8821 5
      vertex 27.5875 -5.80817 5
    endloop
  endfacet
  facet normal -0.0931689 0.945622 0.311637
    outer loop
      vertex 16.857 5.943 5
      vertex 16.9439 5.68462 5.81
      vertex 17.1 5.7 5.81
    endloop
  endfacet
  facet normal -0.0931689 0.945622 0.311637
    outer loop
      vertex 16.9439 5.68462 5.81
      vertex 16.857 5.943 5
      vertex 16.7009 5.92762 5
    endloop
  endfacet
  facet normal 0.896315 -0.271719 0.35041
    outer loop
      vertex 27.6391 -5.20615 5.81
      vertex 27.9276 -5.29906 5
      vertex 27.6846 -5.05606 5.81
    endloop
  endfacet
  facet normal 0.896315 -0.271719 0.35041
    outer loop
      vertex 27.9276 -5.29906 5
      vertex 27.6391 -5.20615 5.81
      vertex 27.8821 -5.44915 5
    endloop
  endfacet
  facet normal 0.817204 -0.436669 0.376162
    outer loop
      vertex 27.5652 -5.34445 5.81
      vertex 27.8821 -5.44915 5
      vertex 27.6391 -5.20615 5.81
    endloop
  endfacet
  facet normal 0.817204 -0.436669 0.376162
    outer loop
      vertex 27.8821 -5.44915 5
      vertex 27.5652 -5.34445 5.81
      vertex 27.8082 -5.58745 5
    endloop
  endfacet
  facet normal 0.957826 -0 0.287348
    outer loop
      vertex 27.7 -4.89999 5.81
      vertex 27.943 5.143 5
      vertex 27.7 4.89999 5.81
    endloop
  endfacet
  facet normal 0.957826 0 0.287348
    outer loop
      vertex 27.943 5.143 5
      vertex 27.7 -4.89999 5.81
      vertex 27.943 -5.143 5
    endloop
  endfacet
  facet normal 0 0.957826 0.287348
    outer loop
      vertex 27.143 5.943 5
      vertex 17.1 5.7 5.81
      vertex 26.9 5.7 5.81
    endloop
  endfacet
  facet normal 0 0.957826 0.287348
    outer loop
      vertex 17.1 5.7 5.81
      vertex 27.143 5.943 5
      vertex 16.857 5.943 5
    endloop
  endfacet
  facet normal -0.957826 0 0.287348
    outer loop
      vertex 16.057 5.143 5
      vertex 16.3 -4.89999 5.81
      vertex 16.3 4.89999 5.81
    endloop
  endfacet
  facet normal -0.957826 0 0.287348
    outer loop
      vertex 16.3 -4.89999 5.81
      vertex 16.057 5.143 5
      vertex 16.057 -5.143 5
    endloop
  endfacet
  facet normal 0 -0.957826 0.287348
    outer loop
      vertex 16.857 -5.943 5
      vertex 26.9 -5.7 5.81
      vertex 17.1 -5.7 5.81
    endloop
  endfacet
  facet normal 0 -0.957826 0.287348
    outer loop
      vertex 26.9 -5.7 5.81
      vertex 16.857 -5.943 5
      vertex 27.143 -5.943 5
    endloop
  endfacet
  facet normal 0.0931689 -0.945622 0.311637
    outer loop
      vertex 27.143 -5.943 5
      vertex 27.0561 -5.68462 5.81
      vertex 26.9 -5.7 5.81
    endloop
  endfacet
  facet normal 0.0931689 -0.945622 0.311637
    outer loop
      vertex 27.0561 -5.68462 5.81
      vertex 27.143 -5.943 5
      vertex 27.2991 -5.92762 5
    endloop
  endfacet
  facet normal 0.271973 -0.89622 0.350458
    outer loop
      vertex 27.2991 -5.92762 5
      vertex 27.2061 -5.6391 5.81
      vertex 27.0561 -5.68462 5.81
    endloop
  endfacet
  facet normal 0.271973 -0.89622 0.350458
    outer loop
      vertex 27.2061 -5.6391 5.81
      vertex 27.2991 -5.92762 5
      vertex 27.4491 -5.8821 5
    endloop
  endfacet
  facet normal 0.712109 -0.584466 0.388973
    outer loop
      vertex 27.4657 -5.46568 5.81
      vertex 27.8082 -5.58745 5
      vertex 27.5652 -5.34445 5.81
    endloop
  endfacet
  facet normal 0.712131 -0.584436 0.388977
    outer loop
      vertex 27.8082 -5.58745 5
      vertex 27.4657 -5.46568 5.81
      vertex 27.7087 -5.70869 5
    endloop
  endfacet
  facet normal 0.896315 0.271719 0.35041
    outer loop
      vertex 27.6391 5.20615 5.81
      vertex 27.9276 5.29906 5
      vertex 27.8821 5.44915 5
    endloop
  endfacet
  facet normal 0.896315 0.271719 0.35041
    outer loop
      vertex 27.9276 5.29906 5
      vertex 27.6391 5.20615 5.81
      vertex 27.6846 5.05606 5.81
    endloop
  endfacet
  facet normal -0.271973 -0.89622 0.350458
    outer loop
      vertex 16.7009 -5.92762 5
      vertex 16.7939 -5.6391 5.81
      vertex 16.5509 -5.8821 5
    endloop
  endfacet
  facet normal -0.271973 -0.89622 0.350458
    outer loop
      vertex 16.7939 -5.6391 5.81
      vertex 16.7009 -5.92762 5
      vertex 16.9439 -5.68462 5.81
    endloop
  endfacet
  facet normal -0.0931689 -0.945622 0.311637
    outer loop
      vertex 16.857 -5.943 5
      vertex 16.9439 -5.68462 5.81
      vertex 16.7009 -5.92762 5
    endloop
  endfacet
  facet normal -0.0931689 -0.945622 0.311637
    outer loop
      vertex 16.9439 -5.68462 5.81
      vertex 16.857 -5.943 5
      vertex 17.1 -5.7 5.81
    endloop
  endfacet
  facet normal -0.58448 -0.712093 0.388981
    outer loop
      vertex 16.4125 -5.80817 5
      vertex 16.5343 -5.46568 5.81
      vertex 16.2913 -5.70869 5
    endloop
  endfacet
  facet normal -0.584517 -0.712066 0.388975
    outer loop
      vertex 16.5343 -5.46568 5.81
      vertex 16.4125 -5.80817 5
      vertex 16.6555 -5.56517 5.81
    endloop
  endfacet
  facet normal -0.712109 -0.584466 0.388973
    outer loop
      vertex 16.1918 -5.58745 5
      vertex 16.5343 -5.46568 5.81
      vertex 16.4348 -5.34445 5.81
    endloop
  endfacet
  facet normal -0.712131 -0.584436 0.388977
    outer loop
      vertex 16.5343 -5.46568 5.81
      vertex 16.1918 -5.58745 5
      vertex 16.2913 -5.70869 5
    endloop
  endfacet
  facet normal -0.817204 -0.436669 0.376162
    outer loop
      vertex 16.1179 -5.44915 5
      vertex 16.4348 -5.34445 5.81
      vertex 16.3609 -5.20615 5.81
    endloop
  endfacet
  facet normal -0.817204 -0.436669 0.376162
    outer loop
      vertex 16.4348 -5.34445 5.81
      vertex 16.1179 -5.44915 5
      vertex 16.1918 -5.58745 5
    endloop
  endfacet
  facet normal 0 0 1
    outer loop
      vertex 26.8652 4.64445 5.81
      vertex 27.7 4.89999 5.81
      vertex 27.6846 5.05606 5.81
    endloop
  endfacet
  facet normal 0 0 1
    outer loop
      vertex 27.7 4.89999 5.81
      vertex 27 4.2 5.81
      vertex 27.7 -4.89999 5.81
    endloop
  endfacet
  facet normal 0 0 1
    outer loop
      vertex 26.8652 4.64445 5.81
      vertex 27.6846 5.05606 5.81
      vertex 27.6391 5.20615 5.81
    endloop
  endfacet
  facet normal -0 0 1
    outer loop
      vertex 27 -4.2 5.81
      vertex 27.7 -4.89999 5.81
      vertex 27 4.2 5.81
    endloop
  endfacet
  facet normal 0 0 1
    outer loop
      vertex 26.7657 4.76569 5.81
      vertex 27.6391 5.20615 5.81
      vertex 27.5652 5.34445 5.81
    endloop
  endfacet
  facet normal -0 0 1
    outer loop
      vertex 26.9846 -4.35606 5.81
      vertex 27.7 -4.89999 5.81
      vertex 27 -4.2 5.81
    endloop
  endfacet
  facet normal 0 0 1
    outer loop
      vertex 26.7657 4.76569 5.81
      vertex 27.5652 5.34445 5.81
      vertex 27.4657 5.46568 5.81
    endloop
  endfacet
  facet normal -0 0 1
    outer loop
      vertex 26.9391 -4.50615 5.81
      vertex 27.7 -4.89999 5.81
      vertex 26.9846 -4.35606 5.81
    endloop
  endfacet
  facet normal 0 0 1
    outer loop
      vertex 26.7657 4.76569 5.81
      vertex 27.4657 5.46568 5.81
      vertex 27.3445 5.56517 5.81
    endloop
  endfacet
  facet normal -0 0 1
    outer loop
      vertex 26.8652 -4.64445 5.81
      vertex 27.7 -4.89999 5.81
      vertex 26.9391 -4.50615 5.81
    endloop
  endfacet
  facet normal 0 0 1
    outer loop
      vertex 26.7657 4.76569 5.81
      vertex 27.3445 5.56517 5.81
      vertex 27.2061 5.6391 5.81
    endloop
  endfacet
  facet normal 0 0 1
    outer loop
      vertex 27.7 -4.89999 5.81
      vertex 26.8652 -4.64445 5.81
      vertex 27.6846 -5.05606 5.81
    endloop
  endfacet
  facet normal 0 0 1
    outer loop
      vertex 26.6445 4.86517 5.81
      vertex 27.2061 5.6391 5.81
      vertex 27.0561 5.68462 5.81
    endloop
  endfacet
  facet normal 0 0 1
    outer loop
      vertex 27.6846 -5.05606 5.81
      vertex 26.8652 -4.64445 5.81
      vertex 27.6391 -5.20615 5.81
    endloop
  endfacet
  facet normal -0 0 1
    outer loop
      vertex 26.7657 -4.76569 5.81
      vertex 27.6391 -5.20615 5.81
      vertex 26.8652 -4.64445 5.81
    endloop
  endfacet
  facet normal 0 0 1
    outer loop
      vertex 27.7 4.89999 5.81
      vertex 26.9846 4.35606 5.81
      vertex 27 4.2 5.81
    endloop
  endfacet
  facet normal 0 0 1
    outer loop
      vertex 27.7 4.89999 5.81
      vertex 26.9391 4.50615 5.81
      vertex 26.9846 4.35606 5.81
    endloop
  endfacet
  facet normal 0 0 1
    outer loop
      vertex 26.6445 4.86517 5.81
      vertex 27.0561 5.68462 5.81
      vertex 26.9 5.7 5.81
    endloop
  endfacet
  facet normal 0 0 1
    outer loop
      vertex 27.7 4.89999 5.81
      vertex 26.8652 4.64445 5.81
      vertex 26.9391 4.50615 5.81
    endloop
  endfacet
  facet normal 0 0 1
    outer loop
      vertex 27.6391 5.20615 5.81
      vertex 26.7657 4.76569 5.81
      vertex 26.8652 4.64445 5.81
    endloop
  endfacet
  facet normal 0 0 1
    outer loop
      vertex 27.2061 5.6391 5.81
      vertex 26.6445 4.86517 5.81
      vertex 26.7657 4.76569 5.81
    endloop
  endfacet
  facet normal 0 0 1
    outer loop
      vertex 26.9 5.7 5.81
      vertex 26.5061 4.9391 5.81
      vertex 26.6445 4.86517 5.81
    endloop
  endfacet
  facet normal 0 0 1
    outer loop
      vertex 26.9 5.7 5.81
      vertex 26.3561 4.98462 5.81
      vertex 26.5061 4.9391 5.81
    endloop
  endfacet
  facet normal 0 0 1
    outer loop
      vertex 26.9 5.7 5.81
      vertex 26.2 5 5.81
      vertex 26.3561 4.98462 5.81
    endloop
  endfacet
  facet normal 0 0 1
    outer loop
      vertex 26.9 5.7 5.81
      vertex 17.8 5 5.81
      vertex 26.2 5 5.81
    endloop
  endfacet
  facet normal -0 0 1
    outer loop
      vertex 17.1 5.7 5.81
      vertex 17.8 5 5.81
      vertex 26.9 5.7 5.81
    endloop
  endfacet
  facet normal 0 0 1
    outer loop
      vertex 17.1 5.7 5.81
      vertex 17.6439 4.98462 5.81
      vertex 17.8 5 5.81
    endloop
  endfacet
  facet normal 0 0 1
    outer loop
      vertex 17.1 5.7 5.81
      vertex 17.4939 4.9391 5.81
      vertex 17.6439 4.98462 5.81
    endloop
  endfacet
  facet normal 0 0 1
    outer loop
      vertex 17.1 5.7 5.81
      vertex 17.3555 4.86517 5.81
      vertex 17.4939 4.9391 5.81
    endloop
  endfacet
  facet normal -0 0 1
    outer loop
      vertex 16.9439 5.68462 5.81
      vertex 17.3555 4.86517 5.81
      vertex 17.1 5.7 5.81
    endloop
  endfacet
  facet normal -0 0 1
    outer loop
      vertex 16.7939 5.6391 5.81
      vertex 17.3555 4.86517 5.81
      vertex 16.9439 5.68462 5.81
    endloop
  endfacet
  facet normal 0 0 1
    outer loop
      vertex 17.3555 4.86517 5.81
      vertex 16.7939 5.6391 5.81
      vertex 17.2343 4.76569 5.81
    endloop
  endfacet
  facet normal -0 0 1
    outer loop
      vertex 16.6555 5.56517 5.81
      vertex 17.2343 4.76569 5.81
      vertex 16.7939 5.6391 5.81
    endloop
  endfacet
  facet normal -0 0 1
    outer loop
      vertex 16.5343 5.46568 5.81
      vertex 17.2343 4.76569 5.81
      vertex 16.6555 5.56517 5.81
    endloop
  endfacet
  facet normal -0 0 1
    outer loop
      vertex 16.3609 5.20615 5.81
      vertex 17.2343 4.76569 5.81
      vertex 16.4348 5.34445 5.81
    endloop
  endfacet
  facet normal -0 0 1
    outer loop
      vertex 16.4348 5.34445 5.81
      vertex 17.2343 4.76569 5.81
      vertex 16.5343 5.46568 5.81
    endloop
  endfacet
  facet normal 0 0 1
    outer loop
      vertex 27.6391 -5.20615 5.81
      vertex 26.7657 -4.76569 5.81
      vertex 27.5652 -5.34445 5.81
    endloop
  endfacet
  facet normal 0 0 1
    outer loop
      vertex 27.5652 -5.34445 5.81
      vertex 26.7657 -4.76569 5.81
      vertex 27.4657 -5.46568 5.81
    endloop
  endfacet
  facet normal 0 0 1
    outer loop
      vertex 27.4657 -5.46568 5.81
      vertex 26.7657 -4.76569 5.81
      vertex 27.3445 -5.56517 5.81
    endloop
  endfacet
  facet normal 0 0 1
    outer loop
      vertex 27.3445 -5.56517 5.81
      vertex 26.7657 -4.76569 5.81
      vertex 27.2061 -5.6391 5.81
    endloop
  endfacet
  facet normal -0 0 1
    outer loop
      vertex 26.6445 -4.86517 5.81
      vertex 27.2061 -5.6391 5.81
      vertex 26.7657 -4.76569 5.81
    endloop
  endfacet
  facet normal 0 0 1
    outer loop
      vertex 27.2061 -5.6391 5.81
      vertex 26.6445 -4.86517 5.81
      vertex 27.0561 -5.68462 5.81
    endloop
  endfacet
  facet normal 0 0 1
    outer loop
      vertex 27.0561 -5.68462 5.81
      vertex 26.6445 -4.86517 5.81
      vertex 26.9 -5.7 5.81
    endloop
  endfacet
  facet normal -0 0 1
    outer loop
      vertex 26.5061 -4.9391 5.81
      vertex 26.9 -5.7 5.81
      vertex 26.6445 -4.86517 5.81
    endloop
  endfacet
  facet normal -0 0 1
    outer loop
      vertex 26.3561 -4.98462 5.81
      vertex 26.9 -5.7 5.81
      vertex 26.5061 -4.9391 5.81
    endloop
  endfacet
  facet normal -0 0 1
    outer loop
      vertex 26.2 -5 5.81
      vertex 26.9 -5.7 5.81
      vertex 26.3561 -4.98462 5.81
    endloop
  endfacet
  facet normal -0 0 1
    outer loop
      vertex 17.8 -5 5.81
      vertex 26.9 -5.7 5.81
      vertex 26.2 -5 5.81
    endloop
  endfacet
  facet normal 0 0 1
    outer loop
      vertex 17.8 -5 5.81
      vertex 17.1 -5.7 5.81
      vertex 26.9 -5.7 5.81
    endloop
  endfacet
  facet normal 0 0 1
    outer loop
      vertex 17.6439 -4.98462 5.81
      vertex 17.1 -5.7 5.81
      vertex 17.8 -5 5.81
    endloop
  endfacet
  facet normal 0 0 1
    outer loop
      vertex 17.4939 -4.9391 5.81
      vertex 17.1 -5.7 5.81
      vertex 17.6439 -4.98462 5.81
    endloop
  endfacet
  facet normal 0 0 1
    outer loop
      vertex 17.3555 -4.86517 5.81
      vertex 17.1 -5.7 5.81
      vertex 17.4939 -4.9391 5.81
    endloop
  endfacet
  facet normal 0 0 1
    outer loop
      vertex 16.7939 -5.6391 5.81
      vertex 17.3555 -4.86517 5.81
      vertex 17.2343 -4.76569 5.81
    endloop
  endfacet
  facet normal 0 0 1
    outer loop
      vertex 16.3609 -5.20615 5.81
      vertex 17.2343 -4.76569 5.81
      vertex 17.1348 -4.64445 5.81
    endloop
  endfacet
  facet normal 0 0 1
    outer loop
      vertex 16.3 -4.89999 5.81
      vertex 17.1348 -4.64445 5.81
      vertex 17.0609 -4.50615 5.81
    endloop
  endfacet
  facet normal 0 0 1
    outer loop
      vertex 16.3 -4.89999 5.81
      vertex 17.0609 -4.50615 5.81
      vertex 17.0154 -4.35606 5.81
    endloop
  endfacet
  facet normal 0 0 1
    outer loop
      vertex 16.3 -4.89999 5.81
      vertex 17.0154 -4.35606 5.81
      vertex 17 -4.2 5.81
    endloop
  endfacet
  facet normal 0 0 1
    outer loop
      vertex 17.3555 -4.86517 5.81
      vertex 16.9439 -5.68462 5.81
      vertex 17.1 -5.7 5.81
    endloop
  endfacet
  facet normal 0 0 1
    outer loop
      vertex 17 4.2 5.81
      vertex 16.3 4.89999 5.81
      vertex 17 -4.2 5.81
    endloop
  endfacet
  facet normal 0 0 1
    outer loop
      vertex 17.2343 4.76569 5.81
      vertex 16.3609 5.20615 5.81
      vertex 17.1348 4.64445 5.81
    endloop
  endfacet
  facet normal 0 0 1
    outer loop
      vertex 16.3 -4.89999 5.81
      vertex 17 -4.2 5.81
      vertex 16.3 4.89999 5.81
    endloop
  endfacet
  facet normal -0 0 1
    outer loop
      vertex 16.3154 5.05606 5.81
      vertex 17.1348 4.64445 5.81
      vertex 16.3609 5.20615 5.81
    endloop
  endfacet
  facet normal 0 0 1
    outer loop
      vertex 17.1348 -4.64445 5.81
      vertex 16.3 -4.89999 5.81
      vertex 16.3154 -5.05606 5.81
    endloop
  endfacet
  facet normal -0 0 1
    outer loop
      vertex 16.3 4.89999 5.81
      vertex 17.1348 4.64445 5.81
      vertex 16.3154 5.05606 5.81
    endloop
  endfacet
  facet normal 0 0 1
    outer loop
      vertex 17.3555 -4.86517 5.81
      vertex 16.7939 -5.6391 5.81
      vertex 16.9439 -5.68462 5.81
    endloop
  endfacet
  facet normal 0 0 1
    outer loop
      vertex 17.1348 4.64445 5.81
      vertex 16.3 4.89999 5.81
      vertex 17.0609 4.50615 5.81
    endloop
  endfacet
  facet normal 0 0 1
    outer loop
      vertex 17.2343 -4.76569 5.81
      vertex 16.6555 -5.56517 5.81
      vertex 16.7939 -5.6391 5.81
    endloop
  endfacet
  facet normal 0 0 1
    outer loop
      vertex 17.0609 4.50615 5.81
      vertex 16.3 4.89999 5.81
      vertex 17.0154 4.35606 5.81
    endloop
  endfacet
  facet normal 0 0 1
    outer loop
      vertex 17.2343 -4.76569 5.81
      vertex 16.5343 -5.46568 5.81
      vertex 16.6555 -5.56517 5.81
    endloop
  endfacet
  facet normal 0 0 1
    outer loop
      vertex 17.0154 4.35606 5.81
      vertex 16.3 4.89999 5.81
      vertex 17 4.2 5.81
    endloop
  endfacet
  facet normal 0 0 1
    outer loop
      vertex 17.2343 -4.76569 5.81
      vertex 16.4348 -5.34445 5.81
      vertex 16.5343 -5.46568 5.81
    endloop
  endfacet
  facet normal 0 0 1
    outer loop
      vertex 17.2343 -4.76569 5.81
      vertex 16.3609 -5.20615 5.81
      vertex 16.4348 -5.34445 5.81
    endloop
  endfacet
  facet normal 0 0 1
    outer loop
      vertex 17.1348 -4.64445 5.81
      vertex 16.3154 -5.05606 5.81
      vertex 16.3609 -5.20615 5.81
    endloop
  endfacet
  facet normal -0.712131 0.584436 0.388977
    outer loop
      vertex 16.1918 5.58745 5
      vertex 16.5343 5.46568 5.81
      vertex 16.2913 5.70869 5
    endloop
  endfacet
  facet normal -0.712109 0.584466 0.388973
    outer loop
      vertex 16.5343 5.46568 5.81
      vertex 16.1918 5.58745 5
      vertex 16.4348 5.34445 5.81
    endloop
  endfacet
  facet normal 0.584517 -0.712066 0.388975
    outer loop
      vertex 27.5875 -5.80817 5
      vertex 27.4657 -5.46568 5.81
      vertex 27.3445 -5.56517 5.81
    endloop
  endfacet
  facet normal 0.58448 -0.712093 0.388981
    outer loop
      vertex 27.4657 -5.46568 5.81
      vertex 27.5875 -5.80817 5
      vertex 27.7087 -5.70869 5
    endloop
  endfacet
  facet normal 0.945597 -0.0933056 0.311672
    outer loop
      vertex 27.6846 -5.05606 5.81
      vertex 27.943 -5.143 5
      vertex 27.7 -4.89999 5.81
    endloop
  endfacet
  facet normal 0.945597 -0.0933115 0.311672
    outer loop
      vertex 27.943 -5.143 5
      vertex 27.6846 -5.05606 5.81
      vertex 27.9276 -5.29906 5
    endloop
  endfacet
  facet normal 0.271973 0.89622 0.350458
    outer loop
      vertex 27.2991 5.92762 5
      vertex 27.2061 5.6391 5.81
      vertex 27.4491 5.8821 5
    endloop
  endfacet
  facet normal 0.271973 0.89622 0.350458
    outer loop
      vertex 27.2061 5.6391 5.81
      vertex 27.2991 5.92762 5
      vertex 27.0561 5.68462 5.81
    endloop
  endfacet
  facet normal 0.0931689 0.945622 0.311637
    outer loop
      vertex 27.143 5.943 5
      vertex 27.0561 5.68462 5.81
      vertex 27.2991 5.92762 5
    endloop
  endfacet
  facet normal 0.0931689 0.945622 0.311637
    outer loop
      vertex 27.0561 5.68462 5.81
      vertex 27.143 5.943 5
      vertex 26.9 5.7 5.81
    endloop
  endfacet
  facet normal 0.58448 0.712093 0.388981
    outer loop
      vertex 27.5875 5.80817 5
      vertex 27.4657 5.46568 5.81
      vertex 27.7087 5.70869 5
    endloop
  endfacet
  facet normal 0.584517 0.712066 0.388975
    outer loop
      vertex 27.4657 5.46568 5.81
      vertex 27.5875 5.80817 5
      vertex 27.3445 5.56517 5.81
    endloop
  endfacet
  facet normal 0.436564 0.817266 0.376149
    outer loop
      vertex 27.4491 5.8821 5
      vertex 27.3445 5.56517 5.81
      vertex 27.5875 5.80817 5
    endloop
  endfacet
  facet normal 0.436564 0.817266 0.376149
    outer loop
      vertex 27.3445 5.56517 5.81
      vertex 27.4491 5.8821 5
      vertex 27.2061 5.6391 5.81
    endloop
  endfacet
  facet normal 0.712131 0.584436 0.388977
    outer loop
      vertex 27.4657 5.46568 5.81
      vertex 27.8082 5.58745 5
      vertex 27.7087 5.70869 5
    endloop
  endfacet
  facet normal 0.712109 0.584466 0.388973
    outer loop
      vertex 27.8082 5.58745 5
      vertex 27.4657 5.46568 5.81
      vertex 27.5652 5.34445 5.81
    endloop
  endfacet
  facet normal 0.817204 0.436669 0.376162
    outer loop
      vertex 27.5652 5.34445 5.81
      vertex 27.8821 5.44915 5
      vertex 27.8082 5.58745 5
    endloop
  endfacet
  facet normal 0.817204 0.436669 0.376162
    outer loop
      vertex 27.8821 5.44915 5
      vertex 27.5652 5.34445 5.81
      vertex 27.6391 5.20615 5.81
    endloop
  endfacet
  facet normal -0.436564 -0.817266 0.376149
    outer loop
      vertex 16.5509 -5.8821 5
      vertex 16.6555 -5.56517 5.81
      vertex 16.4125 -5.80817 5
    endloop
  endfacet
  facet normal -0.436564 -0.817266 0.376149
    outer loop
      vertex 16.6555 -5.56517 5.81
      vertex 16.5509 -5.8821 5
      vertex 16.7939 -5.6391 5.81
    endloop
  endfacet
  facet normal -0.945597 -0.0933056 0.311672
    outer loop
      vertex 16.057 -5.143 5
      vertex 16.3154 -5.05606 5.81
      vertex 16.3 -4.89999 5.81
    endloop
  endfacet
  facet normal -0.945597 -0.0933115 0.311672
    outer loop
      vertex 16.3154 -5.05606 5.81
      vertex 16.057 -5.143 5
      vertex 16.0724 -5.29906 5
    endloop
  endfacet
  facet normal 0.945597 0.0933115 0.311672
    outer loop
      vertex 27.6846 5.05606 5.81
      vertex 27.943 5.143 5
      vertex 27.9276 5.29906 5
    endloop
  endfacet
  facet normal 0.945597 0.0933056 0.311672
    outer loop
      vertex 27.943 5.143 5
      vertex 27.6846 5.05606 5.81
      vertex 27.7 4.89999 5.81
    endloop
  endfacet
  facet normal -0.945597 0.0933115 0.311672
    outer loop
      vertex 16.057 5.143 5
      vertex 16.3154 5.05606 5.81
      vertex 16.0724 5.29906 5
    endloop
  endfacet
  facet normal -0.945597 0.0933056 0.311672
    outer loop
      vertex 16.3154 5.05606 5.81
      vertex 16.057 5.143 5
      vertex 16.3 4.89999 5.81
    endloop
  endfacet
  facet normal -0.817204 0.436669 0.376162
    outer loop
      vertex 16.1179 5.44915 5
      vertex 16.4348 5.34445 5.81
      vertex 16.1918 5.58745 5
    endloop
  endfacet
  facet normal -0.817204 0.436669 0.376162
    outer loop
      vertex 16.4348 5.34445 5.81
      vertex 16.1179 5.44915 5
      vertex 16.3609 5.20615 5.81
    endloop
  endfacet
  facet normal -0.896315 -0.271719 0.35041
    outer loop
      vertex 16.0724 -5.29906 5
      vertex 16.3609 -5.20615 5.81
      vertex 16.3154 -5.05606 5.81
    endloop
  endfacet
  facet normal -0.896315 -0.271719 0.35041
    outer loop
      vertex 16.3609 -5.20615 5.81
      vertex 16.0724 -5.29906 5
      vertex 16.1179 -5.44915 5
    endloop
  endfacet
  facet normal -0.896315 0.271719 0.35041
    outer loop
      vertex 16.0724 5.29906 5
      vertex 16.3609 5.20615 5.81
      vertex 16.1179 5.44915 5
    endloop
  endfacet
  facet normal -0.896315 0.271719 0.35041
    outer loop
      vertex 16.3609 5.20615 5.81
      vertex 16.0724 5.29906 5
      vertex 16.3154 5.05606 5.81
    endloop
  endfacet
  facet normal -0.584517 0.712066 0.388975
    outer loop
      vertex 16.4125 5.80817 5
      vertex 16.5343 5.46568 5.81
      vertex 16.6555 5.56517 5.81
    endloop
  endfacet
  facet normal -0.58448 0.712093 0.388981
    outer loop
      vertex 16.5343 5.46568 5.81
      vertex 16.4125 5.80817 5
      vertex 16.2913 5.70869 5
    endloop
  endfacet
  facet normal -0.436564 0.817266 0.376149
    outer loop
      vertex 16.5509 5.8821 5
      vertex 16.6555 5.56517 5.81
      vertex 16.7939 5.6391 5.81
    endloop
  endfacet
  facet normal -0.436564 0.817266 0.376149
    outer loop
      vertex 16.6555 5.56517 5.81
      vertex 16.5509 5.8821 5
      vertex 16.4125 5.80817 5
    endloop
  endfacet
  facet normal -0.271973 0.89622 0.350458
    outer loop
      vertex 16.7009 5.92762 5
      vertex 16.7939 5.6391 5.81
      vertex 16.9439 5.68462 5.81
    endloop
  endfacet
  facet normal -0.271973 0.89622 0.350458
    outer loop
      vertex 16.7939 5.6391 5.81
      vertex 16.7009 5.92762 5
      vertex 16.5509 5.8821 5
    endloop
  endfacet
  facet normal -0.437764 0.819511 0.369816
    outer loop
      vertex 26.4062 -4.62694 5
      vertex 26.5061 -4.9391 5.81
      vertex 26.6445 -4.86517 5.81
    endloop
  endfacet
  facet normal -0.437966 0.819409 0.369802
    outer loop
      vertex 26.5061 -4.9391 5.81
      vertex 26.4062 -4.62694 5
      vertex 26.2679 -4.70086 5
    endloop
  endfacet
  facet normal -0.272624 0.898367 0.344403
    outer loop
      vertex 26.2679 -4.70086 5
      vertex 26.3561 -4.98462 5.81
      vertex 26.5061 -4.9391 5.81
    endloop
  endfacet
  facet normal -0.272458 0.898417 0.344402
    outer loop
      vertex 26.3561 -4.98462 5.81
      vertex 26.2679 -4.70086 5
      vertex 26.1178 -4.74638 5
    endloop
  endfacet
  facet normal -0.714218 -0.586149 0.382521
    outer loop
      vertex 26.5274 4.52745 5
      vertex 26.8652 4.64445 5.81
      vertex 26.7657 4.76569 5.81
    endloop
  endfacet
  facet normal -0.714196 -0.586179 0.382516
    outer loop
      vertex 26.8652 4.64445 5.81
      vertex 26.5274 4.52745 5
      vertex 26.6269 4.40622 5
    endloop
  endfacet
  facet normal -0.586232 -0.714156 0.382509
    outer loop
      vertex 26.5274 4.52745 5
      vertex 26.6445 4.86517 5.81
      vertex 26.4062 4.62694 5
    endloop
  endfacet
  facet normal -0.586196 -0.714183 0.382515
    outer loop
      vertex 26.6445 4.86517 5.81
      vertex 26.5274 4.52745 5
      vertex 26.7657 4.76569 5.81
    endloop
  endfacet
  facet normal 0.586232 0.714156 0.382509
    outer loop
      vertex 17.4726 -4.52745 5
      vertex 17.3555 -4.86517 5.81
      vertex 17.5938 -4.62694 5
    endloop
  endfacet
  facet normal 0.586196 0.714183 0.382515
    outer loop
      vertex 17.3555 -4.86517 5.81
      vertex 17.4726 -4.52745 5
      vertex 17.2343 -4.76569 5.81
    endloop
  endfacet
  facet normal 0.714218 -0.586149 0.382521
    outer loop
      vertex 17.1348 4.64445 5.81
      vertex 17.4726 4.52745 5
      vertex 17.2343 4.76569 5.81
    endloop
  endfacet
  facet normal 0.714196 -0.586179 0.382516
    outer loop
      vertex 17.4726 4.52745 5
      vertex 17.1348 4.64445 5.81
      vertex 17.3731 4.40622 5
    endloop
  endfacet
  facet normal 0.437966 0.819409 0.369802
    outer loop
      vertex 17.5938 -4.62694 5
      vertex 17.4939 -4.9391 5.81
      vertex 17.7321 -4.70086 5
    endloop
  endfacet
  facet normal 0.437764 0.819511 0.369816
    outer loop
      vertex 17.4939 -4.9391 5.81
      vertex 17.5938 -4.62694 5
      vertex 17.3555 -4.86517 5.81
    endloop
  endfacet
  facet normal 0 0.959364 0.282171
    outer loop
      vertex 25.9618 -4.76176 5
      vertex 17.8 -5 5.81
      vertex 26.2 -5 5.81
    endloop
  endfacet
  facet normal 0 0.959364 0.282171
    outer loop
      vertex 17.8 -5 5.81
      vertex 25.9618 -4.76176 5
      vertex 18.0382 -4.76176 5
    endloop
  endfacet
  facet normal -0.0933448 0.947407 0.306116
    outer loop
      vertex 26.1178 -4.74638 5
      vertex 26.2 -5 5.81
      vertex 26.3561 -4.98462 5.81
    endloop
  endfacet
  facet normal -0.0934039 0.9474 0.30612
    outer loop
      vertex 26.2 -5 5.81
      vertex 26.1178 -4.74638 5
      vertex 25.9618 -4.76176 5
    endloop
  endfacet
  facet normal -0.959377 0 0.282128
    outer loop
      vertex 26.7618 -3.96176 5
      vertex 27 4.2 5.81
      vertex 26.7618 3.96176 5
    endloop
  endfacet
  facet normal -0.959377 0 0.282128
    outer loop
      vertex 27 4.2 5.81
      vertex 26.7618 -3.96176 5
      vertex 27 -4.2 5.81
    endloop
  endfacet
  facet normal -0.898466 0.27239 0.344328
    outer loop
      vertex 26.7009 -4.26791 5
      vertex 26.9846 -4.35606 5.81
      vertex 26.7464 -4.11783 5
    endloop
  endfacet
  facet normal -0.898471 0.272373 0.344328
    outer loop
      vertex 26.9846 -4.35606 5.81
      vertex 26.7009 -4.26791 5
      vertex 26.9391 -4.50615 5.81
    endloop
  endfacet
  facet normal 0.272624 -0.898367 0.344403
    outer loop
      vertex 17.7321 4.70086 5
      vertex 17.6439 4.98462 5.81
      vertex 17.4939 4.9391 5.81
    endloop
  endfacet
  facet normal 0.272458 -0.898417 0.344402
    outer loop
      vertex 17.6439 4.98462 5.81
      vertex 17.7321 4.70086 5
      vertex 17.8822 4.74638 5
    endloop
  endfacet
  facet normal 0.947397 -0.0934892 0.306101
    outer loop
      vertex 17 4.2 5.81
      vertex 17.2536 4.11783 5
      vertex 17.0154 4.35606 5.81
    endloop
  endfacet
  facet normal 0.947398 -0.0934832 0.306101
    outer loop
      vertex 17.2536 4.11783 5
      vertex 17 4.2 5.81
      vertex 17.2382 3.96176 5
    endloop
  endfacet
  facet normal -0.437966 -0.819409 0.369802
    outer loop
      vertex 26.4062 4.62694 5
      vertex 26.5061 4.9391 5.81
      vertex 26.2679 4.70086 5
    endloop
  endfacet
  facet normal -0.437764 -0.819511 0.369816
    outer loop
      vertex 26.5061 4.9391 5.81
      vertex 26.4062 4.62694 5
      vertex 26.6445 4.86517 5.81
    endloop
  endfacet
  facet normal -0.586196 0.714183 0.382515
    outer loop
      vertex 26.5274 -4.52745 5
      vertex 26.6445 -4.86517 5.81
      vertex 26.7657 -4.76569 5.81
    endloop
  endfacet
  facet normal -0.586232 0.714156 0.382509
    outer loop
      vertex 26.6445 -4.86517 5.81
      vertex 26.5274 -4.52745 5
      vertex 26.4062 -4.62694 5
    endloop
  endfacet
  facet normal 0.586196 -0.714183 0.382515
    outer loop
      vertex 17.4726 4.52745 5
      vertex 17.3555 4.86517 5.81
      vertex 17.2343 4.76569 5.81
    endloop
  endfacet
  facet normal 0.586232 -0.714156 0.382509
    outer loop
      vertex 17.3555 4.86517 5.81
      vertex 17.4726 4.52745 5
      vertex 17.5938 4.62694 5
    endloop
  endfacet
  facet normal -0.947398 0.0934832 0.306101
    outer loop
      vertex 26.7464 -4.11783 5
      vertex 27 -4.2 5.81
      vertex 26.7618 -3.96176 5
    endloop
  endfacet
  facet normal -0.947397 0.0934892 0.306101
    outer loop
      vertex 27 -4.2 5.81
      vertex 26.7464 -4.11783 5
      vertex 26.9846 -4.35606 5.81
    endloop
  endfacet
  facet normal 0.0933448 -0.947407 0.306116
    outer loop
      vertex 17.8822 4.74638 5
      vertex 17.8 5 5.81
      vertex 17.6439 4.98462 5.81
    endloop
  endfacet
  facet normal 0.0934039 -0.9474 0.30612
    outer loop
      vertex 17.8 5 5.81
      vertex 17.8822 4.74638 5
      vertex 18.0382 4.76176 5
    endloop
  endfacet
  facet normal 0.898466 0.27239 0.344328
    outer loop
      vertex 17.0154 -4.35606 5.81
      vertex 17.2991 -4.26791 5
      vertex 17.2536 -4.11783 5
    endloop
  endfacet
  facet normal 0.898471 0.272373 0.344328
    outer loop
      vertex 17.2991 -4.26791 5
      vertex 17.0154 -4.35606 5.81
      vertex 17.0609 -4.50615 5.81
    endloop
  endfacet
  facet normal 0.819217 0.438306 0.369826
    outer loop
      vertex 17.0609 -4.50615 5.81
      vertex 17.3731 -4.40622 5
      vertex 17.2991 -4.26791 5
    endloop
  endfacet
  facet normal 0.819439 0.437864 0.369858
    outer loop
      vertex 17.3731 -4.40622 5
      vertex 17.0609 -4.50615 5.81
      vertex 17.1348 -4.64445 5.81
    endloop
  endfacet
  facet normal 0.272458 0.898417 0.344402
    outer loop
      vertex 17.7321 -4.70086 5
      vertex 17.6439 -4.98462 5.81
      vertex 17.8822 -4.74638 5
    endloop
  endfacet
  facet normal 0.272624 0.898367 0.344403
    outer loop
      vertex 17.6439 -4.98462 5.81
      vertex 17.7321 -4.70086 5
      vertex 17.4939 -4.9391 5.81
    endloop
  endfacet
  facet normal 0.0934039 0.9474 0.30612
    outer loop
      vertex 17.8822 -4.74638 5
      vertex 17.8 -5 5.81
      vertex 18.0382 -4.76176 5
    endloop
  endfacet
  facet normal 0.0933448 0.947407 0.306116
    outer loop
      vertex 17.8 -5 5.81
      vertex 17.8822 -4.74638 5
      vertex 17.6439 -4.98462 5.81
    endloop
  endfacet
  facet normal -0.819439 -0.437864 0.369858
    outer loop
      vertex 26.6269 4.40622 5
      vertex 26.9391 4.50615 5.81
      vertex 26.8652 4.64445 5.81
    endloop
  endfacet
  facet normal -0.819217 -0.438306 0.369826
    outer loop
      vertex 26.9391 4.50615 5.81
      vertex 26.6269 4.40622 5
      vertex 26.7009 4.26791 5
    endloop
  endfacet
  facet normal -0.819217 0.438306 0.369826
    outer loop
      vertex 26.6269 -4.40622 5
      vertex 26.9391 -4.50615 5.81
      vertex 26.7009 -4.26791 5
    endloop
  endfacet
  facet normal -0.819439 0.437864 0.369858
    outer loop
      vertex 26.9391 -4.50615 5.81
      vertex 26.6269 -4.40622 5
      vertex 26.8652 -4.64445 5.81
    endloop
  endfacet
  facet normal 0.819439 -0.437864 0.369858
    outer loop
      vertex 17.0609 4.50615 5.81
      vertex 17.3731 4.40622 5
      vertex 17.1348 4.64445 5.81
    endloop
  endfacet
  facet normal 0.819217 -0.438306 0.369826
    outer loop
      vertex 17.3731 4.40622 5
      vertex 17.0609 4.50615 5.81
      vertex 17.2991 4.26791 5
    endloop
  endfacet
  facet normal -0.0934039 -0.9474 0.30612
    outer loop
      vertex 26.1178 4.74638 5
      vertex 26.2 5 5.81
      vertex 25.9618 4.76176 5
    endloop
  endfacet
  facet normal -0.0933448 -0.947407 0.306116
    outer loop
      vertex 26.2 5 5.81
      vertex 26.1178 4.74638 5
      vertex 26.3561 4.98462 5.81
    endloop
  endfacet
  facet normal -0.272458 -0.898417 0.344402
    outer loop
      vertex 26.2679 4.70086 5
      vertex 26.3561 4.98462 5.81
      vertex 26.1178 4.74638 5
    endloop
  endfacet
  facet normal -0.272624 -0.898367 0.344403
    outer loop
      vertex 26.3561 4.98462 5.81
      vertex 26.2679 4.70086 5
      vertex 26.5061 4.9391 5.81
    endloop
  endfacet
  facet normal 0 -0.959364 0.282171
    outer loop
      vertex 18.0382 4.76176 5
      vertex 26.2 5 5.81
      vertex 17.8 5 5.81
    endloop
  endfacet
  facet normal 0 -0.959364 0.282171
    outer loop
      vertex 26.2 5 5.81
      vertex 18.0382 4.76176 5
      vertex 25.9618 4.76176 5
    endloop
  endfacet
  facet normal 0.437764 -0.819511 0.369816
    outer loop
      vertex 17.5938 4.62694 5
      vertex 17.4939 4.9391 5.81
      vertex 17.3555 4.86517 5.81
    endloop
  endfacet
  facet normal 0.437966 -0.819409 0.369802
    outer loop
      vertex 17.4939 4.9391 5.81
      vertex 17.5938 4.62694 5
      vertex 17.7321 4.70086 5
    endloop
  endfacet
  facet normal 0.947398 0.0934832 0.306101
    outer loop
      vertex 17 -4.2 5.81
      vertex 17.2536 -4.11783 5
      vertex 17.2382 -3.96176 5
    endloop
  endfacet
  facet normal 0.947397 0.0934892 0.306101
    outer loop
      vertex 17.2536 -4.11783 5
      vertex 17 -4.2 5.81
      vertex 17.0154 -4.35606 5.81
    endloop
  endfacet
  facet normal 0.714196 0.586179 0.382516
    outer loop
      vertex 17.1348 -4.64445 5.81
      vertex 17.4726 -4.52745 5
      vertex 17.3731 -4.40622 5
    endloop
  endfacet
  facet normal 0.714218 0.586149 0.382521
    outer loop
      vertex 17.4726 -4.52745 5
      vertex 17.1348 -4.64445 5.81
      vertex 17.2343 -4.76569 5.81
    endloop
  endfacet
  facet normal -0.898471 -0.272373 0.344328
    outer loop
      vertex 26.7009 4.26791 5
      vertex 26.9846 4.35606 5.81
      vertex 26.9391 4.50615 5.81
    endloop
  endfacet
  facet normal -0.898466 -0.27239 0.344328
    outer loop
      vertex 26.9846 4.35606 5.81
      vertex 26.7009 4.26791 5
      vertex 26.7464 4.11783 5
    endloop
  endfacet
  facet normal -0.947397 -0.0934892 0.306101
    outer loop
      vertex 26.7464 4.11783 5
      vertex 27 4.2 5.81
      vertex 26.9846 4.35606 5.81
    endloop
  endfacet
  facet normal -0.947398 -0.0934832 0.306101
    outer loop
      vertex 27 4.2 5.81
      vertex 26.7464 4.11783 5
      vertex 26.7618 3.96176 5
    endloop
  endfacet
  facet normal -0.714196 0.586179 0.382516
    outer loop
      vertex 26.5274 -4.52745 5
      vertex 26.8652 -4.64445 5.81
      vertex 26.6269 -4.40622 5
    endloop
  endfacet
  facet normal -0.714218 0.586149 0.382521
    outer loop
      vertex 26.8652 -4.64445 5.81
      vertex 26.5274 -4.52745 5
      vertex 26.7657 -4.76569 5.81
    endloop
  endfacet
  facet normal 0.898471 -0.272373 0.344328
    outer loop
      vertex 17.0154 4.35606 5.81
      vertex 17.2991 4.26791 5
      vertex 17.0609 4.50615 5.81
    endloop
  endfacet
  facet normal 0.898466 -0.27239 0.344328
    outer loop
      vertex 17.2991 4.26791 5
      vertex 17.0154 4.35606 5.81
      vertex 17.2536 4.11783 5
    endloop
  endfacet
  facet normal 0.959377 0 0.282128
    outer loop
      vertex 17 4.2 5.81
      vertex 17.2382 -3.96176 5
      vertex 17.2382 3.96176 5
    endloop
  endfacet
  facet normal 0.959377 0 0.282128
    outer loop
      vertex 17.2382 -3.96176 5
      vertex 17 4.2 5.81
      vertex 17 -4.2 5.81
    endloop
  endfacet
  facet normal 0.381589 0.0758714 0.921213
    outer loop
      vertex 19.7646 0.233868 5.61462
      vertex 19.4146 0 5.77886
      vertex 19.8111 0 5.61462
    endloop
  endfacet
  facet normal 0.912 0.210577 0.352014
    outer loop
      vertex 20.2285 0.0753822 5
      vertex 20.0455 0.350233 5.3097
      vertex 20.045 0.350008 5.31113
    endloop
  endfacet
  facet normal 0.908578 0.180451 0.376728
    outer loop
      vertex 20.0455 0.350233 5.3097
      vertex 20.2285 0.0753822 5
      vertex 20.2222 0.107103 5
    endloop
  endfacet
  facet normal 0.700207 0.139238 0.70023
    outer loop
      vertex 20.045 0.350008 5.31113
      vertex 19.8111 0 5.61462
      vertex 20.1146 0 5.31113
    endloop
  endfacet
  facet normal -0.381589 0.0758714 0.921213
    outer loop
      vertex 18.6354 0.233868 5.61462
      vertex 18.5889 0 5.61462
      vertex 18.9854 0 5.77886
    endloop
  endfacet
  facet normal 0.700207 -0.139238 0.70023
    outer loop
      vertex 20.1146 0 5.31113
      vertex 19.8111 0 5.61462
      vertex 20.045 -0.350008 5.31113
    endloop
  endfacet
  facet normal -0.075919 -0.381547 0.921227
    outer loop
      vertex 19.1179 -0.198263 5.77886
      vertex 18.9661 -0.564608 5.61462
      vertex 19.2 -0.214599 5.77886
    endloop
  endfacet
  facet normal -0.908748 -0.180667 0.376213
    outer loop
      vertex 18.3101 -0.124163 5.31113
      vertex 18.3101 -0.282776 5.23496
      vertex 18.355 -0.350008 5.31113
    endloop
  endfacet
  facet normal 0.593621 0.396591 0.700236
    outer loop
      vertex 19.7646 0.233868 5.61462
      vertex 20.0369 0.36214 5.31113
      vertex 19.8432 0.628783 5.32432
    endloop
  endfacet
  facet normal 0.593726 0.396405 0.700252
    outer loop
      vertex 20.0369 0.36214 5.31113
      vertex 19.7646 0.233868 5.61462
      vertex 20.045 0.350008 5.31113
    endloop
  endfacet
  facet normal 0.381659 -0.0757529 0.921194
    outer loop
      vertex 19.4146 0 5.77886
      vertex 19.3983 -0.0821228 5.77886
      vertex 19.7646 -0.233868 5.61462
    endloop
  endfacet
  facet normal -0.593575 0.396687 0.70022
    outer loop
      vertex 18.5533 0.646731 5.31113
      vertex 18.355 0.350008 5.31113
      vertex 18.6354 0.233868 5.61462
    endloop
  endfacet
  facet normal 0.700218 0.139224 0.700223
    outer loop
      vertex 20.045 0.350008 5.31113
      vertex 19.7646 0.233868 5.61462
      vertex 19.8111 0 5.61462
    endloop
  endfacet
  facet normal 0.0758873 0.381565 0.921221
    outer loop
      vertex 19.2 0.611127 5.61462
      vertex 19.2 0.214599 5.77886
      vertex 19.4339 0.564608 5.61462
    endloop
  endfacet
  facet normal -0.908747 -0.180659 0.37622
    outer loop
      vertex 18.3101 -0.282776 5.23496
      vertex 18.3101 -0.368616 5.19374
      vertex 18.355 -0.350008 5.31113
    endloop
  endfacet
  facet normal 0.323445 -0.216159 0.921227
    outer loop
      vertex 19.7646 -0.233868 5.61462
      vertex 19.3517 -0.151744 5.77886
      vertex 19.6321 -0.432132 5.61462
    endloop
  endfacet
  facet normal 0.139265 0.700231 0.700202
    outer loop
      vertex 19.55 0.844995 5.31113
      vertex 19.2 0.611127 5.61462
      vertex 19.4339 0.564608 5.61462
    endloop
  endfacet
  facet normal 0.323445 0.216159 0.921227
    outer loop
      vertex 19.6321 0.432132 5.61462
      vertex 19.3517 0.151744 5.77886
      vertex 19.7646 0.233868 5.61462
    endloop
  endfacet
  facet normal -0.700219 0.13924 0.700219
    outer loop
      vertex 18.5889 0 5.61462
      vertex 18.3101 0.124163 5.31113
      vertex 18.3101 0 5.33582
    endloop
  endfacet
  facet normal -0.700228 0.139211 0.700215
    outer loop
      vertex 18.3101 0.124163 5.31113
      vertex 18.5889 0 5.61462
      vertex 18.355 0.350008 5.31113
    endloop
  endfacet
  facet normal 0.492856 0.774931 0.395697
    outer loop
      vertex 19.5993 0.964058 5
      vertex 19.7091 0.813358 5.15837
      vertex 19.5998 0.96374 5
    endloop
  endfacet
  facet normal 0.514568 0.770434 0.376365
    outer loop
      vertex 19.7091 0.813358 5.15837
      vertex 19.5993 0.964058 5
      vertex 19.55 0.844995 5.31113
    endloop
  endfacet
  facet normal 0.780786 0.514832 0.354007
    outer loop
      vertex 20.0455 0.350233 5.3097
      vertex 20.0447 0.35135 5.30984
      vertex 20.045 0.350008 5.31113
    endloop
  endfacet
  facet normal 0.18073 0.908672 0.376367
    outer loop
      vertex 19.5993 0.964058 5
      vertex 19.3441 0.98255 5.0779
      vertex 19.55 0.844995 5.31113
    endloop
  endfacet
  facet normal 0.180716 0.908695 0.376317
    outer loop
      vertex 19.3441 0.98255 5.0779
      vertex 19.5993 0.964058 5
      vertex 19.4057 1.00256 5
    endloop
  endfacet
  facet normal -0.216174 -0.323431 0.921228
    outer loop
      vertex 19.0483 -0.151744 5.77886
      vertex 18.9661 -0.564608 5.61462
      vertex 19.1179 -0.198263 5.77886
    endloop
  endfacet
  facet normal -0.770033 -0.514905 0.376725
    outer loop
      vertex 18.4938 -0.706243 5.10794
      vertex 18.355 -0.350008 5.31113
      vertex 18.4194 -0.673952 5
    endloop
  endfacet
  facet normal -0.769028 -0.517466 0.375266
    outer loop
      vertex 18.4938 -0.706243 5.10794
      vertex 18.4194 -0.673952 5
      vertex 18.4264 -0.684355 5
    endloop
  endfacet
  facet normal -0.770298 -0.51479 0.376342
    outer loop
      vertex 18.355 -0.350008 5.31113
      vertex 18.4938 -0.706243 5.10794
      vertex 18.5533 -0.646731 5.31113
    endloop
  endfacet
  facet normal -0.381659 -0.0757529 0.921194
    outer loop
      vertex 18.9854 0 5.77886
      vertex 18.6354 -0.233868 5.61462
      vertex 19.0017 -0.0821228 5.77886
    endloop
  endfacet
  facet normal 0.908627 -0.180804 0.376441
    outer loop
      vertex 20.1146 0 5.31113
      vertex 20.2285 -0.0753822 5
      vertex 20.2435 0 5
    endloop
  endfacet
  facet normal 0.908657 -0.180689 0.376424
    outer loop
      vertex 20.2285 -0.0753822 5
      vertex 20.1146 0 5.31113
      vertex 20.045 -0.350008 5.31113
    endloop
  endfacet
  facet normal 0.908657 0.180689 0.376424
    outer loop
      vertex 20.1146 0 5.31113
      vertex 20.2285 0.0753822 5
      vertex 20.045 0.350008 5.31113
    endloop
  endfacet
  facet normal 0.908627 0.180804 0.376441
    outer loop
      vertex 20.2285 0.0753822 5
      vertex 20.1146 0 5.31113
      vertex 20.2435 0 5
    endloop
  endfacet
  facet normal 0.912 -0.210577 0.352014
    outer loop
      vertex 20.0455 -0.350233 5.3097
      vertex 20.2285 -0.0753822 5
      vertex 20.045 -0.350008 5.31113
    endloop
  endfacet
  facet normal 0.908578 -0.180451 0.376728
    outer loop
      vertex 20.2285 -0.0753822 5
      vertex 20.0455 -0.350233 5.3097
      vertex 20.2222 -0.107103 5
    endloop
  endfacet
  facet normal 0.780786 -0.514832 0.354007
    outer loop
      vertex 20.045 -0.350008 5.31113
      vertex 20.0447 -0.35135 5.30984
      vertex 20.0455 -0.350233 5.3097
    endloop
  endfacet
  facet normal 0.216179 0.32343 0.921227
    outer loop
      vertex 19.4339 0.564608 5.61462
      vertex 19.3517 0.151744 5.77886
      vertex 19.6321 0.432132 5.61462
    endloop
  endfacet
  facet normal 0.396701 0.593612 0.700181
    outer loop
      vertex 19.4339 0.564608 5.61462
      vertex 19.8144 0.668301 5.31113
      vertex 19.55 0.844995 5.31113
    endloop
  endfacet
  facet normal 0.396576 0.593802 0.70009
    outer loop
      vertex 19.8144 0.668301 5.31113
      vertex 19.4339 0.564608 5.61462
      vertex 19.8322 0.643845 5.32179
    endloop
  endfacet
  facet normal -0.396723 0.593546 0.700224
    outer loop
      vertex 18.9661 0.564608 5.61462
      vertex 18.5533 0.646731 5.31113
      vertex 18.7679 0.432132 5.61462
    endloop
  endfacet
  facet normal -0.700219 -0.13924 0.700219
    outer loop
      vertex 18.3101 -0.124163 5.31113
      vertex 18.5889 0 5.61462
      vertex 18.3101 0 5.33582
    endloop
  endfacet
  facet normal -0.700228 -0.139211 0.700215
    outer loop
      vertex 18.5889 0 5.61462
      vertex 18.3101 -0.124163 5.31113
      vertex 18.355 -0.350008 5.31113
    endloop
  endfacet
  facet normal 0.514728 0.770225 0.376575
    outer loop
      vertex 19.7091 0.813358 5.15837
      vertex 19.55 0.844995 5.31113
      vertex 19.8144 0.668301 5.31113
    endloop
  endfacet
  facet normal 0.776333 0.518323 0.358674
    outer loop
      vertex 20.0447 0.35135 5.30984
      vertex 20.0369 0.36214 5.31113
      vertex 20.045 0.350008 5.31113
    endloop
  endfacet
  facet normal -0.323372 -0.216444 0.921185
    outer loop
      vertex 19.0017 -0.0821228 5.77886
      vertex 18.6354 -0.233868 5.61462
      vertex 19.0483 -0.151744 5.77886
    endloop
  endfacet
  facet normal 0.700218 -0.139224 0.700223
    outer loop
      vertex 19.8111 0 5.61462
      vertex 19.7646 -0.233868 5.61462
      vertex 20.045 -0.350008 5.31113
    endloop
  endfacet
  facet normal 0.381589 -0.0758714 0.921213
    outer loop
      vertex 19.8111 0 5.61462
      vertex 19.4146 0 5.77886
      vertex 19.7646 -0.233868 5.61462
    endloop
  endfacet
  facet normal 0.180749 -0.908663 0.37638
    outer loop
      vertex 19.2 -0.935716 5.26019
      vertex 19.55 -0.844995 5.31113
      vertex 19.2 -0.914616 5.31113
    endloop
  endfacet
  facet normal 0.180757 -0.908676 0.376345
    outer loop
      vertex 19.55 -0.844995 5.31113
      vertex 19.2 -0.935716 5.26019
      vertex 19.3441 -0.98255 5.0779
    endloop
  endfacet
  facet normal 0.139285 -0.700215 0.700213
    outer loop
      vertex 19.2 -0.611127 5.61462
      vertex 19.2 -0.914616 5.31113
      vertex 19.55 -0.844995 5.31113
    endloop
  endfacet
  facet normal -0.908747 0.180659 0.37622
    outer loop
      vertex 18.3101 0.368616 5.19374
      vertex 18.3101 0.282776 5.23496
      vertex 18.355 0.350008 5.31113
    endloop
  endfacet
  facet normal 0.323372 0.216444 0.921185
    outer loop
      vertex 19.7646 0.233868 5.61462
      vertex 19.3517 0.151744 5.77886
      vertex 19.3983 0.0821228 5.77886
    endloop
  endfacet
  facet normal 0.381659 0.0757529 0.921194
    outer loop
      vertex 19.7646 0.233868 5.61462
      vertex 19.3983 0.0821228 5.77886
      vertex 19.4146 0 5.77886
    endloop
  endfacet
  facet normal 0.180749 0.908663 0.37638
    outer loop
      vertex 19.55 0.844995 5.31113
      vertex 19.2 0.935716 5.26019
      vertex 19.2 0.914616 5.31113
    endloop
  endfacet
  facet normal 0.180757 0.908676 0.376345
    outer loop
      vertex 19.2 0.935716 5.26019
      vertex 19.55 0.844995 5.31113
      vertex 19.3441 0.98255 5.0779
    endloop
  endfacet
  facet normal -0.323372 0.216444 0.921185
    outer loop
      vertex 19.0483 0.151744 5.77886
      vertex 18.6354 0.233868 5.61462
      vertex 19.0017 0.0821228 5.77886
    endloop
  endfacet
  facet normal 0.396189 0.593973 0.700165
    outer loop
      vertex 19.8322 0.643845 5.32179
      vertex 19.6321 0.432132 5.61462
      vertex 19.8371 0.637111 5.32473
    endloop
  endfacet
  facet normal 0.396724 0.593547 0.700223
    outer loop
      vertex 19.6321 0.432132 5.61462
      vertex 19.8322 0.643845 5.32179
      vertex 19.4339 0.564608 5.61462
    endloop
  endfacet
  facet normal 0.591717 0.398927 0.70052
    outer loop
      vertex 19.6321 0.432132 5.61462
      vertex 19.8432 0.628783 5.32432
      vertex 19.8371 0.637111 5.32473
    endloop
  endfacet
  facet normal 0.59352 0.39665 0.700288
    outer loop
      vertex 19.8432 0.628783 5.32432
      vertex 19.6321 0.432132 5.61462
      vertex 19.7646 0.233868 5.61462
    endloop
  endfacet
  facet normal -0.396723 -0.593546 0.700224
    outer loop
      vertex 18.7679 -0.432132 5.61462
      vertex 18.5533 -0.646731 5.31113
      vertex 18.9661 -0.564608 5.61462
    endloop
  endfacet
  facet normal -0.593575 -0.396687 0.70022
    outer loop
      vertex 18.6354 -0.233868 5.61462
      vertex 18.355 -0.350008 5.31113
      vertex 18.5533 -0.646731 5.31113
    endloop
  endfacet
  facet normal 0.139265 -0.700231 0.700202
    outer loop
      vertex 19.4339 -0.564608 5.61462
      vertex 19.2 -0.611127 5.61462
      vertex 19.55 -0.844995 5.31113
    endloop
  endfacet
  facet normal 0.59352 -0.39665 0.700288
    outer loop
      vertex 19.6321 -0.432132 5.61462
      vertex 19.8432 -0.628783 5.32432
      vertex 19.7646 -0.233868 5.61462
    endloop
  endfacet
  facet normal 0.591717 -0.398927 0.70052
    outer loop
      vertex 19.8432 -0.628783 5.32432
      vertex 19.6321 -0.432132 5.61462
      vertex 19.8371 -0.637111 5.32473
    endloop
  endfacet
  facet normal 0.514568 -0.770434 0.376365
    outer loop
      vertex 19.5993 -0.964058 5
      vertex 19.7091 -0.813358 5.15837
      vertex 19.55 -0.844995 5.31113
    endloop
  endfacet
  facet normal 0.492856 -0.774931 0.395697
    outer loop
      vertex 19.7091 -0.813358 5.15837
      vertex 19.5993 -0.964058 5
      vertex 19.5998 -0.96374 5
    endloop
  endfacet
  facet normal 0.216179 -0.32343 0.921227
    outer loop
      vertex 19.6321 -0.432132 5.61462
      vertex 19.3517 -0.151744 5.77886
      vertex 19.4339 -0.564608 5.61462
    endloop
  endfacet
  facet normal -0.7705 -0.514551 0.376254
    outer loop
      vertex 18.4194 -0.673952 5
      vertex 18.3101 -0.368616 5.19374
      vertex 18.3101 -0.510284 5
    endloop
  endfacet
  facet normal -0.770491 -0.514556 0.376266
    outer loop
      vertex 18.3101 -0.368616 5.19374
      vertex 18.4194 -0.673952 5
      vertex 18.355 -0.350008 5.31113
    endloop
  endfacet
  facet normal -0.396664 -0.593643 0.700175
    outer loop
      vertex 18.9661 -0.564608 5.61462
      vertex 18.783 -0.800216 5.31113
      vertex 18.8584 -0.82472 5.33307
    endloop
  endfacet
  facet normal -0.396669 -0.59364 0.700176
    outer loop
      vertex 18.783 -0.800216 5.31113
      vertex 18.9661 -0.564608 5.61462
      vertex 18.5533 -0.646731 5.31113
    endloop
  endfacet
  facet normal -0.700218 -0.139224 0.700223
    outer loop
      vertex 18.5889 0 5.61462
      vertex 18.355 -0.350008 5.31113
      vertex 18.6354 -0.233868 5.61462
    endloop
  endfacet
  facet normal -0.908748 0.180667 0.376213
    outer loop
      vertex 18.3101 0.282776 5.23496
      vertex 18.3101 0.124163 5.31113
      vertex 18.355 0.350008 5.31113
    endloop
  endfacet
  facet normal -0.381589 -0.0758714 0.921213
    outer loop
      vertex 18.9854 0 5.77886
      vertex 18.5889 0 5.61462
      vertex 18.6354 -0.233868 5.61462
    endloop
  endfacet
  facet normal -0.075919 0.381547 0.921227
    outer loop
      vertex 19.2 0.214599 5.77886
      vertex 18.9661 0.564608 5.61462
      vertex 19.1179 0.198263 5.77886
    endloop
  endfacet
  facet normal -0.7705 0.514551 0.376254
    outer loop
      vertex 18.3101 0.368616 5.19374
      vertex 18.4194 0.673952 5
      vertex 18.3101 0.510284 5
    endloop
  endfacet
  facet normal -0.770491 0.514556 0.376266
    outer loop
      vertex 18.4194 0.673952 5
      vertex 18.3101 0.368616 5.19374
      vertex 18.355 0.350008 5.31113
    endloop
  endfacet
  facet normal -0.180792 0.908655 0.376377
    outer loop
      vertex 19.2 0.935716 5.26019
      vertex 19.0326 0.881309 5.31113
      vertex 19.2 0.914616 5.31113
    endloop
  endfacet
  facet normal 0.139285 0.700215 0.700213
    outer loop
      vertex 19.2 0.914616 5.31113
      vertex 19.2 0.611127 5.61462
      vertex 19.55 0.844995 5.31113
    endloop
  endfacet
  facet normal 0.323372 -0.216444 0.921185
    outer loop
      vertex 19.3983 -0.0821228 5.77886
      vertex 19.3517 -0.151744 5.77886
      vertex 19.7646 -0.233868 5.61462
    endloop
  endfacet
  facet normal 0.396189 -0.593973 0.700165
    outer loop
      vertex 19.6321 -0.432132 5.61462
      vertex 19.8322 -0.643845 5.32179
      vertex 19.8371 -0.637111 5.32473
    endloop
  endfacet
  facet normal 0.396724 -0.593547 0.700223
    outer loop
      vertex 19.8322 -0.643845 5.32179
      vertex 19.6321 -0.432132 5.61462
      vertex 19.4339 -0.564608 5.61462
    endloop
  endfacet
  facet normal 0.514728 -0.770225 0.376575
    outer loop
      vertex 19.8144 -0.668301 5.31113
      vertex 19.55 -0.844995 5.31113
      vertex 19.7091 -0.813358 5.15837
    endloop
  endfacet
  facet normal 0.075919 -0.381547 0.921227
    outer loop
      vertex 19.2821 -0.198263 5.77886
      vertex 19.2 -0.214599 5.77886
      vertex 19.4339 -0.564608 5.61462
    endloop
  endfacet
  facet normal 0.216174 -0.323431 0.921228
    outer loop
      vertex 19.3517 -0.151744 5.77886
      vertex 19.2821 -0.198263 5.77886
      vertex 19.4339 -0.564608 5.61462
    endloop
  endfacet
  facet normal -0.216179 -0.32343 0.921227
    outer loop
      vertex 19.0483 -0.151744 5.77886
      vertex 18.7679 -0.432132 5.61462
      vertex 18.9661 -0.564608 5.61462
    endloop
  endfacet
  facet normal -0.139303 -0.700218 0.700206
    outer loop
      vertex 19.0326 -0.881309 5.31113
      vertex 19.2 -0.611127 5.61462
      vertex 18.8732 -0.829518 5.33121
    endloop
  endfacet
  facet normal -0.139319 -0.700212 0.70021
    outer loop
      vertex 19.2 -0.611127 5.61462
      vertex 19.0326 -0.881309 5.31113
      vertex 19.2 -0.914616 5.31113
    endloop
  endfacet
  facet normal 0.396576 -0.593802 0.70009
    outer loop
      vertex 19.4339 -0.564608 5.61462
      vertex 19.8144 -0.668301 5.31113
      vertex 19.8322 -0.643845 5.32179
    endloop
  endfacet
  facet normal 0.396701 -0.593612 0.700181
    outer loop
      vertex 19.8144 -0.668301 5.31113
      vertex 19.4339 -0.564608 5.61462
      vertex 19.55 -0.844995 5.31113
    endloop
  endfacet
  facet normal 0.0758873 -0.381565 0.921221
    outer loop
      vertex 19.2 -0.214599 5.77886
      vertex 19.2 -0.611127 5.61462
      vertex 19.4339 -0.564608 5.61462
    endloop
  endfacet
  facet normal 0.180716 -0.908695 0.376317
    outer loop
      vertex 19.5993 -0.964058 5
      vertex 19.3441 -0.98255 5.0779
      vertex 19.4057 -1.00256 5
    endloop
  endfacet
  facet normal 0.18073 -0.908672 0.376367
    outer loop
      vertex 19.3441 -0.98255 5.0779
      vertex 19.5993 -0.964058 5
      vertex 19.55 -0.844995 5.31113
    endloop
  endfacet
  facet normal -0.514733 -0.770331 0.37635
    outer loop
      vertex 18.5533 -0.646731 5.31113
      vertex 18.4938 -0.706243 5.10794
      vertex 18.783 -0.800216 5.31113
    endloop
  endfacet
  facet normal -0.700218 0.139224 0.700223
    outer loop
      vertex 18.6354 0.233868 5.61462
      vertex 18.355 0.350008 5.31113
      vertex 18.5889 0 5.61462
    endloop
  endfacet
  facet normal -0.396664 0.593643 0.700175
    outer loop
      vertex 18.783 0.800216 5.31113
      vertex 18.9661 0.564608 5.61462
      vertex 18.8584 0.82472 5.33307
    endloop
  endfacet
  facet normal -0.396669 0.59364 0.700176
    outer loop
      vertex 18.9661 0.564608 5.61462
      vertex 18.783 0.800216 5.31113
      vertex 18.5533 0.646731 5.31113
    endloop
  endfacet
  facet normal -0.593575 0.396687 0.70022
    outer loop
      vertex 18.7679 0.432132 5.61462
      vertex 18.5533 0.646731 5.31113
      vertex 18.6354 0.233868 5.61462
    endloop
  endfacet
  facet normal -0.216179 0.32343 0.921227
    outer loop
      vertex 18.9661 0.564608 5.61462
      vertex 18.7679 0.432132 5.61462
      vertex 19.0483 0.151744 5.77886
    endloop
  endfacet
  facet normal -0.323445 0.216159 0.921227
    outer loop
      vertex 18.7679 0.432132 5.61462
      vertex 18.6354 0.233868 5.61462
      vertex 19.0483 0.151744 5.77886
    endloop
  endfacet
  facet normal 0.216174 0.323431 0.921228
    outer loop
      vertex 19.4339 0.564608 5.61462
      vertex 19.2821 0.198263 5.77886
      vertex 19.3517 0.151744 5.77886
    endloop
  endfacet
  facet normal -0.0758873 0.381565 0.921221
    outer loop
      vertex 19.2 0.611127 5.61462
      vertex 18.9661 0.564608 5.61462
      vertex 19.2 0.214599 5.77886
    endloop
  endfacet
  facet normal -0.514733 0.770331 0.37635
    outer loop
      vertex 18.783 0.800216 5.31113
      vertex 18.4938 0.706243 5.10794
      vertex 18.5533 0.646731 5.31113
    endloop
  endfacet
  facet normal -0.769028 0.517466 0.375266
    outer loop
      vertex 18.4194 0.673952 5
      vertex 18.4938 0.706243 5.10794
      vertex 18.4264 0.684355 5
    endloop
  endfacet
  facet normal -0.770033 0.514905 0.376725
    outer loop
      vertex 18.355 0.350008 5.31113
      vertex 18.4938 0.706243 5.10794
      vertex 18.4194 0.673952 5
    endloop
  endfacet
  facet normal -0.770298 0.51479 0.376342
    outer loop
      vertex 18.4938 0.706243 5.10794
      vertex 18.355 0.350008 5.31113
      vertex 18.5533 0.646731 5.31113
    endloop
  endfacet
  facet normal -0.0758873 -0.381565 0.921221
    outer loop
      vertex 19.2 -0.214599 5.77886
      vertex 18.9661 -0.564608 5.61462
      vertex 19.2 -0.611127 5.61462
    endloop
  endfacet
  facet normal -0.139268 -0.700245 0.700187
    outer loop
      vertex 18.9661 -0.564608 5.61462
      vertex 18.8732 -0.829518 5.33121
      vertex 19.2 -0.611127 5.61462
    endloop
  endfacet
  facet normal -0.139038 -0.700308 0.70017
    outer loop
      vertex 18.8732 -0.829518 5.33121
      vertex 18.9661 -0.564608 5.61462
      vertex 18.8584 -0.82472 5.33307
    endloop
  endfacet
  facet normal -0.323445 -0.216159 0.921227
    outer loop
      vertex 19.0483 -0.151744 5.77886
      vertex 18.6354 -0.233868 5.61462
      vertex 18.7679 -0.432132 5.61462
    endloop
  endfacet
  facet normal -0.593575 -0.396687 0.70022
    outer loop
      vertex 18.6354 -0.233868 5.61462
      vertex 18.5533 -0.646731 5.31113
      vertex 18.7679 -0.432132 5.61462
    endloop
  endfacet
  facet normal -0.180792 -0.908655 0.376377
    outer loop
      vertex 19.2 -0.914616 5.31113
      vertex 19.0326 -0.881309 5.31113
      vertex 19.2 -0.935716 5.26019
    endloop
  endfacet
  facet normal 0.776333 -0.518323 0.358674
    outer loop
      vertex 20.045 -0.350008 5.31113
      vertex 20.0369 -0.36214 5.31113
      vertex 20.0447 -0.35135 5.30984
    endloop
  endfacet
  facet normal 0.593726 -0.396405 0.700252
    outer loop
      vertex 19.7646 -0.233868 5.61462
      vertex 20.0369 -0.36214 5.31113
      vertex 20.045 -0.350008 5.31113
    endloop
  endfacet
  facet normal 0.593621 -0.396591 0.700236
    outer loop
      vertex 20.0369 -0.36214 5.31113
      vertex 19.7646 -0.233868 5.61462
      vertex 19.8432 -0.628783 5.32432
    endloop
  endfacet
  facet normal 0 0 1
    outer loop
      vertex 19.3983 0.0821228 5.77886
      vertex 19.3983 -0.0821228 5.77886
      vertex 19.4146 0 5.77886
    endloop
  endfacet
  facet normal 0 0 1
    outer loop
      vertex 19.3517 0.151744 5.77886
      vertex 19.3983 -0.0821228 5.77886
      vertex 19.3983 0.0821228 5.77886
    endloop
  endfacet
  facet normal 0 0 1
    outer loop
      vertex 19.3517 0.151744 5.77886
      vertex 19.3517 -0.151744 5.77886
      vertex 19.3983 -0.0821228 5.77886
    endloop
  endfacet
  facet normal 0 0 1
    outer loop
      vertex 19.2821 0.198263 5.77886
      vertex 19.3517 -0.151744 5.77886
      vertex 19.3517 0.151744 5.77886
    endloop
  endfacet
  facet normal 0 0 1
    outer loop
      vertex 19.2821 0.198263 5.77886
      vertex 19.2821 -0.198263 5.77886
      vertex 19.3517 -0.151744 5.77886
    endloop
  endfacet
  facet normal 0 0 1
    outer loop
      vertex 19.2 0.214599 5.77886
      vertex 19.2821 -0.198263 5.77886
      vertex 19.2821 0.198263 5.77886
    endloop
  endfacet
  facet normal 0 0 1
    outer loop
      vertex 19.2 0.214599 5.77886
      vertex 19.2 -0.214599 5.77886
      vertex 19.2821 -0.198263 5.77886
    endloop
  endfacet
  facet normal -0 0 1
    outer loop
      vertex 19.1179 0.198263 5.77886
      vertex 19.2 -0.214599 5.77886
      vertex 19.2 0.214599 5.77886
    endloop
  endfacet
  facet normal 0 0 1
    outer loop
      vertex 19.1179 0.198263 5.77886
      vertex 19.1179 -0.198263 5.77886
      vertex 19.2 -0.214599 5.77886
    endloop
  endfacet
  facet normal -0 0 1
    outer loop
      vertex 19.0483 0.151744 5.77886
      vertex 19.1179 -0.198263 5.77886
      vertex 19.1179 0.198263 5.77886
    endloop
  endfacet
  facet normal 0 0 1
    outer loop
      vertex 19.0483 0.151744 5.77886
      vertex 19.0483 -0.151744 5.77886
      vertex 19.1179 -0.198263 5.77886
    endloop
  endfacet
  facet normal -0 0 1
    outer loop
      vertex 19.0017 0.0821228 5.77886
      vertex 19.0483 -0.151744 5.77886
      vertex 19.0483 0.151744 5.77886
    endloop
  endfacet
  facet normal 0 0 1
    outer loop
      vertex 19.0017 0.0821228 5.77886
      vertex 19.0017 -0.0821228 5.77886
      vertex 19.0483 -0.151744 5.77886
    endloop
  endfacet
  facet normal 0 -0 1
    outer loop
      vertex 19.0017 -0.0821228 5.77886
      vertex 19.0017 0.0821228 5.77886
      vertex 18.9854 0 5.77886
    endloop
  endfacet
  facet normal -0.381659 0.0757529 0.921194
    outer loop
      vertex 19.0017 0.0821228 5.77886
      vertex 18.6354 0.233868 5.61462
      vertex 18.9854 0 5.77886
    endloop
  endfacet
  facet normal -0.216174 0.323431 0.921228
    outer loop
      vertex 19.1179 0.198263 5.77886
      vertex 18.9661 0.564608 5.61462
      vertex 19.0483 0.151744 5.77886
    endloop
  endfacet
  facet normal 0.075919 0.381547 0.921227
    outer loop
      vertex 19.4339 0.564608 5.61462
      vertex 19.2 0.214599 5.77886
      vertex 19.2821 0.198263 5.77886
    endloop
  endfacet
  facet normal -0.139319 0.700212 0.70021
    outer loop
      vertex 19.0326 0.881309 5.31113
      vertex 19.2 0.611127 5.61462
      vertex 19.2 0.914616 5.31113
    endloop
  endfacet
  facet normal -0.139303 0.700218 0.700206
    outer loop
      vertex 19.2 0.611127 5.61462
      vertex 19.0326 0.881309 5.31113
      vertex 18.8732 0.829518 5.33121
    endloop
  endfacet
  facet normal -0.139268 0.700245 0.700187
    outer loop
      vertex 18.8732 0.829518 5.33121
      vertex 18.9661 0.564608 5.61462
      vertex 19.2 0.611127 5.61462
    endloop
  endfacet
  facet normal -0.139038 0.700308 0.70017
    outer loop
      vertex 18.9661 0.564608 5.61462
      vertex 18.8732 0.829518 5.33121
      vertex 18.8584 0.82472 5.33307
    endloop
  endfacet
  facet normal 0.807641 0.589666 0.00321143
    outer loop
      vertex 19.8432 0.628783 5.32432
      vertex 19.7091 0.813358 5.15837
      vertex 19.8144 0.668301 5.31113
    endloop
  endfacet
  facet normal 0.806946 0.590578 0.00746052
    outer loop
      vertex 19.8432 0.628783 5.32432
      vertex 19.8144 0.668301 5.31113
      vertex 19.8322 0.643845 5.32179
    endloop
  endfacet
  facet normal 0.806899 0.590635 0.00800228
    outer loop
      vertex 19.8432 0.628783 5.32432
      vertex 19.8322 0.643845 5.32179
      vertex 19.8371 0.637111 5.32473
    endloop
  endfacet
  facet normal 0.809055 0.587733 -8.05659e-05
    outer loop
      vertex 20.0369 0.36214 5.31113
      vertex 19.7091 0.813358 5.15837
      vertex 19.8432 0.628783 5.32432
    endloop
  endfacet
  facet normal 0.809035 0.587761 4.31559e-05
    outer loop
      vertex 19.7091 0.813358 5.15837
      vertex 20.0369 0.36214 5.31113
      vertex 20.2222 0.107103 5
    endloop
  endfacet
  facet normal 0.810572 0.585633 0.00270318
    outer loop
      vertex 20.2222 0.107103 5
      vertex 20.0369 0.36214 5.31113
      vertex 20.0447 0.35135 5.30984
    endloop
  endfacet
  facet normal 0.813416 0.581634 0.0074846
    outer loop
      vertex 20.2222 0.107103 5
      vertex 20.0447 0.35135 5.30984
      vertex 20.0455 0.350233 5.3097
    endloop
  endfacet
  facet normal 0.809009 0.587796 -0.000194804
    outer loop
      vertex 19.7091 0.813358 5.15837
      vertex 20.2222 0.107103 5
      vertex 19.5998 0.96374 5
    endloop
  endfacet
  facet normal -1 0 0
    outer loop
      vertex 18.3101 0.510284 5
      vertex 18.3101 0.282776 5.23496
      vertex 18.3101 0.368616 5.19374
    endloop
  endfacet
  facet normal -1 0 0
    outer loop
      vertex 18.3101 -0.282776 5.23496
      vertex 18.3101 0.282776 5.23496
      vertex 18.3101 0.510284 5
    endloop
  endfacet
  facet normal -1 0 0
    outer loop
      vertex 18.3101 0.282776 5.23496
      vertex 18.3101 -0.282776 5.23496
      vertex 18.3101 0.124163 5.31113
    endloop
  endfacet
  facet normal -1 0 0
    outer loop
      vertex 18.3101 0.124163 5.31113
      vertex 18.3101 -0.124163 5.31113
      vertex 18.3101 0 5.33582
    endloop
  endfacet
  facet normal -1 -0 0
    outer loop
      vertex 18.3101 0.124163 5.31113
      vertex 18.3101 -0.282776 5.23496
      vertex 18.3101 -0.124163 5.31113
    endloop
  endfacet
  facet normal -1 0 0
    outer loop
      vertex 18.3101 -0.510284 5
      vertex 18.3101 -0.282776 5.23496
      vertex 18.3101 0.510284 5
    endloop
  endfacet
  facet normal -1 0 0
    outer loop
      vertex 18.3101 -0.282776 5.23496
      vertex 18.3101 -0.510284 5
      vertex 18.3101 -0.368616 5.19374
    endloop
  endfacet
  facet normal -0.308595 0.951192 -0.00182073
    outer loop
      vertex 18.8732 0.829518 5.33121
      vertex 18.783 0.800216 5.31113
      vertex 18.8584 0.82472 5.33307
    endloop
  endfacet
  facet normal -0.308993 0.951064 0.000153591
    outer loop
      vertex 19.0326 0.881309 5.31113
      vertex 18.783 0.800216 5.31113
      vertex 18.8732 0.829518 5.33121
    endloop
  endfacet
  facet normal -0.309097 0.951031 -1.52248e-06
    outer loop
      vertex 19.3441 0.98255 5.0779
      vertex 19.0326 0.881309 5.31113
      vertex 19.2 0.935716 5.26019
    endloop
  endfacet
  facet normal -0.308993 0.951064 0.000151677
    outer loop
      vertex 19.0326 0.881309 5.31113
      vertex 19.3441 0.98255 5.0779
      vertex 18.783 0.800216 5.31113
    endloop
  endfacet
  facet normal -0.309045 0.951048 1.43737e-05
    outer loop
      vertex 18.783 0.800216 5.31113
      vertex 19.3441 0.98255 5.0779
      vertex 18.4938 0.706243 5.10794
    endloop
  endfacet
  facet normal -0.309027 0.951053 -7.02499e-05
    outer loop
      vertex 18.4264 0.684355 5
      vertex 19.3441 0.98255 5.0779
      vertex 19.4057 1.00256 5
    endloop
  endfacet
  facet normal -0.309041 0.951049 0.000118877
    outer loop
      vertex 19.3441 0.98255 5.0779
      vertex 18.4264 0.684355 5
      vertex 18.4938 0.706243 5.10794
    endloop
  endfacet
  facet normal -0.308595 -0.951192 -0.00182073
    outer loop
      vertex 18.783 -0.800216 5.31113
      vertex 18.8732 -0.829518 5.33121
      vertex 18.8584 -0.82472 5.33307
    endloop
  endfacet
  facet normal -0.308993 -0.951064 0.000153591
    outer loop
      vertex 18.783 -0.800216 5.31113
      vertex 19.0326 -0.881309 5.31113
      vertex 18.8732 -0.829518 5.33121
    endloop
  endfacet
  facet normal -0.308993 -0.951064 0.000151677
    outer loop
      vertex 19.3441 -0.98255 5.0779
      vertex 19.0326 -0.881309 5.31113
      vertex 18.783 -0.800216 5.31113
    endloop
  endfacet
  facet normal -0.309045 -0.951048 1.43737e-05
    outer loop
      vertex 19.3441 -0.98255 5.0779
      vertex 18.783 -0.800216 5.31113
      vertex 18.4938 -0.706243 5.10794
    endloop
  endfacet
  facet normal -0.309097 -0.951031 -1.52248e-06
    outer loop
      vertex 19.0326 -0.881309 5.31113
      vertex 19.3441 -0.98255 5.0779
      vertex 19.2 -0.935716 5.26019
    endloop
  endfacet
  facet normal -0.309041 -0.951049 0.000118877
    outer loop
      vertex 18.4264 -0.684355 5
      vertex 19.3441 -0.98255 5.0779
      vertex 18.4938 -0.706243 5.10794
    endloop
  endfacet
  facet normal -0.309027 -0.951053 -7.02499e-05
    outer loop
      vertex 19.3441 -0.98255 5.0779
      vertex 18.4264 -0.684355 5
      vertex 19.4057 -1.00256 5
    endloop
  endfacet
  facet normal 0.813416 -0.581634 0.0074846
    outer loop
      vertex 20.0447 -0.35135 5.30984
      vertex 20.2222 -0.107103 5
      vertex 20.0455 -0.350233 5.3097
    endloop
  endfacet
  facet normal 0.810572 -0.585633 0.00270318
    outer loop
      vertex 20.0369 -0.36214 5.31113
      vertex 20.2222 -0.107103 5
      vertex 20.0447 -0.35135 5.30984
    endloop
  endfacet
  facet normal 0.809055 -0.587733 -8.05659e-05
    outer loop
      vertex 19.7091 -0.813358 5.15837
      vertex 20.0369 -0.36214 5.31113
      vertex 19.8432 -0.628783 5.32432
    endloop
  endfacet
  facet normal 0.806899 -0.590635 0.00800228
    outer loop
      vertex 19.8322 -0.643845 5.32179
      vertex 19.8432 -0.628783 5.32432
      vertex 19.8371 -0.637111 5.32473
    endloop
  endfacet
  facet normal 0.806946 -0.590578 0.00746052
    outer loop
      vertex 19.8144 -0.668301 5.31113
      vertex 19.8432 -0.628783 5.32432
      vertex 19.8322 -0.643845 5.32179
    endloop
  endfacet
  facet normal 0.807641 -0.589666 0.00321143
    outer loop
      vertex 19.8432 -0.628783 5.32432
      vertex 19.8144 -0.668301 5.31113
      vertex 19.7091 -0.813358 5.15837
    endloop
  endfacet
  facet normal 0.809035 -0.587761 4.31559e-05
    outer loop
      vertex 20.0369 -0.36214 5.31113
      vertex 19.7091 -0.813358 5.15837
      vertex 20.2222 -0.107103 5
    endloop
  endfacet
  facet normal 0.809009 -0.587796 -0.000194804
    outer loop
      vertex 20.2222 -0.107103 5
      vertex 19.7091 -0.813358 5.15837
      vertex 19.5998 -0.96374 5
    endloop
  endfacet
  facet normal 0.381589 0.0758714 0.921213
    outer loop
      vertex 25.3646 0.233868 5.61462
      vertex 25.0146 0 5.77886
      vertex 25.4111 0 5.61462
    endloop
  endfacet
  facet normal 0.912 0.210577 0.352014
    outer loop
      vertex 25.8285 0.0753822 5
      vertex 25.6455 0.350233 5.3097
      vertex 25.645 0.350008 5.31113
    endloop
  endfacet
  facet normal 0.908578 0.180451 0.376728
    outer loop
      vertex 25.6455 0.350233 5.3097
      vertex 25.8285 0.0753822 5
      vertex 25.8222 0.107103 5
    endloop
  endfacet
  facet normal 0.700207 0.139238 0.70023
    outer loop
      vertex 25.645 0.350008 5.31113
      vertex 25.4111 0 5.61462
      vertex 25.7146 0 5.31113
    endloop
  endfacet
  facet normal -0.381589 0.0758714 0.921213
    outer loop
      vertex 24.2354 0.233868 5.61462
      vertex 24.1889 0 5.61462
      vertex 24.5854 0 5.77886
    endloop
  endfacet
  facet normal 0.700207 -0.139238 0.70023
    outer loop
      vertex 25.7146 0 5.31113
      vertex 25.4111 0 5.61462
      vertex 25.645 -0.350008 5.31113
    endloop
  endfacet
  facet normal -0.075919 -0.381547 0.921227
    outer loop
      vertex 24.7179 -0.198263 5.77886
      vertex 24.5661 -0.564608 5.61462
      vertex 24.8 -0.214599 5.77886
    endloop
  endfacet
  facet normal -0.908748 -0.180667 0.376213
    outer loop
      vertex 23.9101 -0.124163 5.31113
      vertex 23.9101 -0.282776 5.23496
      vertex 23.955 -0.350008 5.31113
    endloop
  endfacet
  facet normal 0.593621 0.396591 0.700236
    outer loop
      vertex 25.3646 0.233868 5.61462
      vertex 25.6369 0.36214 5.31113
      vertex 25.4432 0.628783 5.32432
    endloop
  endfacet
  facet normal 0.593726 0.396405 0.700252
    outer loop
      vertex 25.6369 0.36214 5.31113
      vertex 25.3646 0.233868 5.61462
      vertex 25.645 0.350008 5.31113
    endloop
  endfacet
  facet normal 0.381659 -0.0757529 0.921194
    outer loop
      vertex 25.0146 0 5.77886
      vertex 24.9983 -0.0821228 5.77886
      vertex 25.3646 -0.233868 5.61462
    endloop
  endfacet
  facet normal -0.593575 0.396687 0.70022
    outer loop
      vertex 24.1533 0.646731 5.31113
      vertex 23.955 0.350008 5.31113
      vertex 24.2354 0.233868 5.61462
    endloop
  endfacet
  facet normal 0.700218 0.139224 0.700223
    outer loop
      vertex 25.645 0.350008 5.31113
      vertex 25.3646 0.233868 5.61462
      vertex 25.4111 0 5.61462
    endloop
  endfacet
  facet normal 0.0758873 0.381565 0.921221
    outer loop
      vertex 24.8 0.611127 5.61462
      vertex 24.8 0.214599 5.77886
      vertex 25.0339 0.564608 5.61462
    endloop
  endfacet
  facet normal -0.908747 -0.180659 0.37622
    outer loop
      vertex 23.9101 -0.282776 5.23496
      vertex 23.9101 -0.368616 5.19374
      vertex 23.955 -0.350008 5.31113
    endloop
  endfacet
  facet normal 0.323445 -0.216159 0.921227
    outer loop
      vertex 25.3646 -0.233868 5.61462
      vertex 24.9517 -0.151744 5.77886
      vertex 25.2321 -0.432132 5.61462
    endloop
  endfacet
  facet normal 0.139265 0.700231 0.700202
    outer loop
      vertex 25.15 0.844995 5.31113
      vertex 24.8 0.611127 5.61462
      vertex 25.0339 0.564608 5.61462
    endloop
  endfacet
  facet normal 0.323445 0.216159 0.921227
    outer loop
      vertex 25.2321 0.432132 5.61462
      vertex 24.9517 0.151744 5.77886
      vertex 25.3646 0.233868 5.61462
    endloop
  endfacet
  facet normal -0.700219 0.13924 0.700219
    outer loop
      vertex 24.1889 0 5.61462
      vertex 23.9101 0.124163 5.31113
      vertex 23.9101 0 5.33582
    endloop
  endfacet
  facet normal -0.700228 0.139211 0.700215
    outer loop
      vertex 23.9101 0.124163 5.31113
      vertex 24.1889 0 5.61462
      vertex 23.955 0.350008 5.31113
    endloop
  endfacet
  facet normal 0.492856 0.774931 0.395697
    outer loop
      vertex 25.1993 0.964058 5
      vertex 25.3091 0.813358 5.15837
      vertex 25.1998 0.96374 5
    endloop
  endfacet
  facet normal 0.514568 0.770434 0.376365
    outer loop
      vertex 25.3091 0.813358 5.15837
      vertex 25.1993 0.964058 5
      vertex 25.15 0.844995 5.31113
    endloop
  endfacet
  facet normal 0.780786 0.514832 0.354007
    outer loop
      vertex 25.6455 0.350233 5.3097
      vertex 25.6447 0.35135 5.30984
      vertex 25.645 0.350008 5.31113
    endloop
  endfacet
  facet normal 0.18073 0.908672 0.376367
    outer loop
      vertex 25.1993 0.964058 5
      vertex 24.9441 0.98255 5.0779
      vertex 25.15 0.844995 5.31113
    endloop
  endfacet
  facet normal 0.180716 0.908695 0.376317
    outer loop
      vertex 24.9441 0.98255 5.0779
      vertex 25.1993 0.964058 5
      vertex 25.0057 1.00256 5
    endloop
  endfacet
  facet normal -0.216174 -0.323431 0.921228
    outer loop
      vertex 24.6483 -0.151744 5.77886
      vertex 24.5661 -0.564608 5.61462
      vertex 24.7179 -0.198263 5.77886
    endloop
  endfacet
  facet normal -0.770033 -0.514905 0.376725
    outer loop
      vertex 24.0938 -0.706243 5.10794
      vertex 23.955 -0.350008 5.31113
      vertex 24.0194 -0.673952 5
    endloop
  endfacet
  facet normal -0.769028 -0.517466 0.375266
    outer loop
      vertex 24.0938 -0.706243 5.10794
      vertex 24.0194 -0.673952 5
      vertex 24.0264 -0.684355 5
    endloop
  endfacet
  facet normal -0.770298 -0.51479 0.376342
    outer loop
      vertex 23.955 -0.350008 5.31113
      vertex 24.0938 -0.706243 5.10794
      vertex 24.1533 -0.646731 5.31113
    endloop
  endfacet
  facet normal -0.381659 -0.0757529 0.921194
    outer loop
      vertex 24.5854 0 5.77886
      vertex 24.2354 -0.233868 5.61462
      vertex 24.6017 -0.0821228 5.77886
    endloop
  endfacet
  facet normal 0.908627 -0.180804 0.376441
    outer loop
      vertex 25.7146 0 5.31113
      vertex 25.8285 -0.0753822 5
      vertex 25.8435 0 5
    endloop
  endfacet
  facet normal 0.908657 -0.180689 0.376424
    outer loop
      vertex 25.8285 -0.0753822 5
      vertex 25.7146 0 5.31113
      vertex 25.645 -0.350008 5.31113
    endloop
  endfacet
  facet normal 0.908657 0.180689 0.376424
    outer loop
      vertex 25.7146 0 5.31113
      vertex 25.8285 0.0753822 5
      vertex 25.645 0.350008 5.31113
    endloop
  endfacet
  facet normal 0.908627 0.180804 0.376441
    outer loop
      vertex 25.8285 0.0753822 5
      vertex 25.7146 0 5.31113
      vertex 25.8435 0 5
    endloop
  endfacet
  facet normal 0.912 -0.210577 0.352014
    outer loop
      vertex 25.6455 -0.350233 5.3097
      vertex 25.8285 -0.0753822 5
      vertex 25.645 -0.350008 5.31113
    endloop
  endfacet
  facet normal 0.908578 -0.180451 0.376728
    outer loop
      vertex 25.8285 -0.0753822 5
      vertex 25.6455 -0.350233 5.3097
      vertex 25.8222 -0.107103 5
    endloop
  endfacet
  facet normal 0.780786 -0.514832 0.354007
    outer loop
      vertex 25.645 -0.350008 5.31113
      vertex 25.6447 -0.35135 5.30984
      vertex 25.6455 -0.350233 5.3097
    endloop
  endfacet
  facet normal 0.216179 0.32343 0.921227
    outer loop
      vertex 25.0339 0.564608 5.61462
      vertex 24.9517 0.151744 5.77886
      vertex 25.2321 0.432132 5.61462
    endloop
  endfacet
  facet normal 0.396701 0.593612 0.700181
    outer loop
      vertex 25.0339 0.564608 5.61462
      vertex 25.4144 0.668301 5.31113
      vertex 25.15 0.844995 5.31113
    endloop
  endfacet
  facet normal 0.396576 0.593802 0.70009
    outer loop
      vertex 25.4144 0.668301 5.31113
      vertex 25.0339 0.564608 5.61462
      vertex 25.4322 0.643845 5.32179
    endloop
  endfacet
  facet normal -0.396723 0.593546 0.700224
    outer loop
      vertex 24.5661 0.564608 5.61462
      vertex 24.1533 0.646731 5.31113
      vertex 24.3679 0.432132 5.61462
    endloop
  endfacet
  facet normal -0.700219 -0.13924 0.700219
    outer loop
      vertex 23.9101 -0.124163 5.31113
      vertex 24.1889 0 5.61462
      vertex 23.9101 0 5.33582
    endloop
  endfacet
  facet normal -0.700228 -0.139211 0.700215
    outer loop
      vertex 24.1889 0 5.61462
      vertex 23.9101 -0.124163 5.31113
      vertex 23.955 -0.350008 5.31113
    endloop
  endfacet
  facet normal 0.514728 0.770225 0.376575
    outer loop
      vertex 25.3091 0.813358 5.15837
      vertex 25.15 0.844995 5.31113
      vertex 25.4144 0.668301 5.31113
    endloop
  endfacet
  facet normal 0.776333 0.518323 0.358674
    outer loop
      vertex 25.6447 0.35135 5.30984
      vertex 25.6369 0.36214 5.31113
      vertex 25.645 0.350008 5.31113
    endloop
  endfacet
  facet normal -0.323372 -0.216444 0.921185
    outer loop
      vertex 24.6017 -0.0821228 5.77886
      vertex 24.2354 -0.233868 5.61462
      vertex 24.6483 -0.151744 5.77886
    endloop
  endfacet
  facet normal 0.700218 -0.139224 0.700223
    outer loop
      vertex 25.4111 0 5.61462
      vertex 25.3646 -0.233868 5.61462
      vertex 25.645 -0.350008 5.31113
    endloop
  endfacet
  facet normal 0.381589 -0.0758714 0.921213
    outer loop
      vertex 25.4111 0 5.61462
      vertex 25.0146 0 5.77886
      vertex 25.3646 -0.233868 5.61462
    endloop
  endfacet
  facet normal 0.180749 -0.908663 0.37638
    outer loop
      vertex 24.8 -0.935716 5.26019
      vertex 25.15 -0.844995 5.31113
      vertex 24.8 -0.914616 5.31113
    endloop
  endfacet
  facet normal 0.180757 -0.908676 0.376345
    outer loop
      vertex 25.15 -0.844995 5.31113
      vertex 24.8 -0.935716 5.26019
      vertex 24.9441 -0.98255 5.0779
    endloop
  endfacet
  facet normal 0.139285 -0.700215 0.700213
    outer loop
      vertex 24.8 -0.611127 5.61462
      vertex 24.8 -0.914616 5.31113
      vertex 25.15 -0.844995 5.31113
    endloop
  endfacet
  facet normal -0.908747 0.180659 0.37622
    outer loop
      vertex 23.9101 0.368616 5.19374
      vertex 23.9101 0.282776 5.23496
      vertex 23.955 0.350008 5.31113
    endloop
  endfacet
  facet normal 0.323372 0.216444 0.921185
    outer loop
      vertex 25.3646 0.233868 5.61462
      vertex 24.9517 0.151744 5.77886
      vertex 24.9983 0.0821228 5.77886
    endloop
  endfacet
  facet normal 0.381659 0.0757529 0.921194
    outer loop
      vertex 25.3646 0.233868 5.61462
      vertex 24.9983 0.0821228 5.77886
      vertex 25.0146 0 5.77886
    endloop
  endfacet
  facet normal 0.180749 0.908663 0.37638
    outer loop
      vertex 25.15 0.844995 5.31113
      vertex 24.8 0.935716 5.26019
      vertex 24.8 0.914616 5.31113
    endloop
  endfacet
  facet normal 0.180757 0.908676 0.376345
    outer loop
      vertex 24.8 0.935716 5.26019
      vertex 25.15 0.844995 5.31113
      vertex 24.9441 0.98255 5.0779
    endloop
  endfacet
  facet normal -0.323372 0.216444 0.921185
    outer loop
      vertex 24.6483 0.151744 5.77886
      vertex 24.2354 0.233868 5.61462
      vertex 24.6017 0.0821228 5.77886
    endloop
  endfacet
  facet normal 0.396189 0.593973 0.700165
    outer loop
      vertex 25.4322 0.643845 5.32179
      vertex 25.2321 0.432132 5.61462
      vertex 25.4371 0.637111 5.32473
    endloop
  endfacet
  facet normal 0.396724 0.593547 0.700223
    outer loop
      vertex 25.2321 0.432132 5.61462
      vertex 25.4322 0.643845 5.32179
      vertex 25.0339 0.564608 5.61462
    endloop
  endfacet
  facet normal 0.591717 0.398927 0.70052
    outer loop
      vertex 25.2321 0.432132 5.61462
      vertex 25.4432 0.628783 5.32432
      vertex 25.4371 0.637111 5.32473
    endloop
  endfacet
  facet normal 0.59352 0.39665 0.700288
    outer loop
      vertex 25.4432 0.628783 5.32432
      vertex 25.2321 0.432132 5.61462
      vertex 25.3646 0.233868 5.61462
    endloop
  endfacet
  facet normal -0.396723 -0.593546 0.700224
    outer loop
      vertex 24.3679 -0.432132 5.61462
      vertex 24.1533 -0.646731 5.31113
      vertex 24.5661 -0.564608 5.61462
    endloop
  endfacet
  facet normal -0.593575 -0.396687 0.70022
    outer loop
      vertex 24.2354 -0.233868 5.61462
      vertex 23.955 -0.350008 5.31113
      vertex 24.1533 -0.646731 5.31113
    endloop
  endfacet
  facet normal 0.139265 -0.700231 0.700202
    outer loop
      vertex 25.0339 -0.564608 5.61462
      vertex 24.8 -0.611127 5.61462
      vertex 25.15 -0.844995 5.31113
    endloop
  endfacet
  facet normal 0.59352 -0.39665 0.700288
    outer loop
      vertex 25.2321 -0.432132 5.61462
      vertex 25.4432 -0.628783 5.32432
      vertex 25.3646 -0.233868 5.61462
    endloop
  endfacet
  facet normal 0.591717 -0.398927 0.70052
    outer loop
      vertex 25.4432 -0.628783 5.32432
      vertex 25.2321 -0.432132 5.61462
      vertex 25.4371 -0.637111 5.32473
    endloop
  endfacet
  facet normal 0.514568 -0.770434 0.376365
    outer loop
      vertex 25.1993 -0.964058 5
      vertex 25.3091 -0.813358 5.15837
      vertex 25.15 -0.844995 5.31113
    endloop
  endfacet
  facet normal 0.492856 -0.774931 0.395697
    outer loop
      vertex 25.3091 -0.813358 5.15837
      vertex 25.1993 -0.964058 5
      vertex 25.1998 -0.96374 5
    endloop
  endfacet
  facet normal 0.216179 -0.32343 0.921227
    outer loop
      vertex 25.2321 -0.432132 5.61462
      vertex 24.9517 -0.151744 5.77886
      vertex 25.0339 -0.564608 5.61462
    endloop
  endfacet
  facet normal -0.7705 -0.514551 0.376254
    outer loop
      vertex 24.0194 -0.673952 5
      vertex 23.9101 -0.368616 5.19374
      vertex 23.9101 -0.510284 5
    endloop
  endfacet
  facet normal -0.770491 -0.514556 0.376266
    outer loop
      vertex 23.9101 -0.368616 5.19374
      vertex 24.0194 -0.673952 5
      vertex 23.955 -0.350008 5.31113
    endloop
  endfacet
  facet normal -0.396664 -0.593643 0.700175
    outer loop
      vertex 24.5661 -0.564608 5.61462
      vertex 24.383 -0.800216 5.31113
      vertex 24.4584 -0.82472 5.33307
    endloop
  endfacet
  facet normal -0.396669 -0.59364 0.700176
    outer loop
      vertex 24.383 -0.800216 5.31113
      vertex 24.5661 -0.564608 5.61462
      vertex 24.1533 -0.646731 5.31113
    endloop
  endfacet
  facet normal -0.700218 -0.139224 0.700223
    outer loop
      vertex 24.1889 0 5.61462
      vertex 23.955 -0.350008 5.31113
      vertex 24.2354 -0.233868 5.61462
    endloop
  endfacet
  facet normal -0.908748 0.180667 0.376213
    outer loop
      vertex 23.9101 0.282776 5.23496
      vertex 23.9101 0.124163 5.31113
      vertex 23.955 0.350008 5.31113
    endloop
  endfacet
  facet normal -0.381589 -0.0758714 0.921213
    outer loop
      vertex 24.5854 0 5.77886
      vertex 24.1889 0 5.61462
      vertex 24.2354 -0.233868 5.61462
    endloop
  endfacet
  facet normal -0.075919 0.381547 0.921227
    outer loop
      vertex 24.8 0.214599 5.77886
      vertex 24.5661 0.564608 5.61462
      vertex 24.7179 0.198263 5.77886
    endloop
  endfacet
  facet normal -0.7705 0.514551 0.376254
    outer loop
      vertex 23.9101 0.368616 5.19374
      vertex 24.0194 0.673952 5
      vertex 23.9101 0.510284 5
    endloop
  endfacet
  facet normal -0.770491 0.514556 0.376266
    outer loop
      vertex 24.0194 0.673952 5
      vertex 23.9101 0.368616 5.19374
      vertex 23.955 0.350008 5.31113
    endloop
  endfacet
  facet normal -0.180792 0.908655 0.376377
    outer loop
      vertex 24.8 0.935716 5.26019
      vertex 24.6326 0.881309 5.31113
      vertex 24.8 0.914616 5.31113
    endloop
  endfacet
  facet normal 0.139285 0.700215 0.700213
    outer loop
      vertex 24.8 0.914616 5.31113
      vertex 24.8 0.611127 5.61462
      vertex 25.15 0.844995 5.31113
    endloop
  endfacet
  facet normal 0.323372 -0.216444 0.921185
    outer loop
      vertex 24.9983 -0.0821228 5.77886
      vertex 24.9517 -0.151744 5.77886
      vertex 25.3646 -0.233868 5.61462
    endloop
  endfacet
  facet normal 0.396189 -0.593973 0.700165
    outer loop
      vertex 25.2321 -0.432132 5.61462
      vertex 25.4322 -0.643845 5.32179
      vertex 25.4371 -0.637111 5.32473
    endloop
  endfacet
  facet normal 0.396724 -0.593547 0.700223
    outer loop
      vertex 25.4322 -0.643845 5.32179
      vertex 25.2321 -0.432132 5.61462
      vertex 25.0339 -0.564608 5.61462
    endloop
  endfacet
  facet normal 0.514728 -0.770225 0.376575
    outer loop
      vertex 25.4144 -0.668301 5.31113
      vertex 25.15 -0.844995 5.31113
      vertex 25.3091 -0.813358 5.15837
    endloop
  endfacet
  facet normal 0.075919 -0.381547 0.921227
    outer loop
      vertex 24.8821 -0.198263 5.77886
      vertex 24.8 -0.214599 5.77886
      vertex 25.0339 -0.564608 5.61462
    endloop
  endfacet
  facet normal 0.216174 -0.323431 0.921228
    outer loop
      vertex 24.9517 -0.151744 5.77886
      vertex 24.8821 -0.198263 5.77886
      vertex 25.0339 -0.564608 5.61462
    endloop
  endfacet
  facet normal -0.216179 -0.32343 0.921227
    outer loop
      vertex 24.6483 -0.151744 5.77886
      vertex 24.3679 -0.432132 5.61462
      vertex 24.5661 -0.564608 5.61462
    endloop
  endfacet
  facet normal -0.139303 -0.700218 0.700206
    outer loop
      vertex 24.6326 -0.881309 5.31113
      vertex 24.8 -0.611127 5.61462
      vertex 24.4732 -0.829518 5.33121
    endloop
  endfacet
  facet normal -0.139319 -0.700212 0.70021
    outer loop
      vertex 24.8 -0.611127 5.61462
      vertex 24.6326 -0.881309 5.31113
      vertex 24.8 -0.914616 5.31113
    endloop
  endfacet
  facet normal 0.396576 -0.593802 0.70009
    outer loop
      vertex 25.0339 -0.564608 5.61462
      vertex 25.4144 -0.668301 5.31113
      vertex 25.4322 -0.643845 5.32179
    endloop
  endfacet
  facet normal 0.396701 -0.593612 0.700181
    outer loop
      vertex 25.4144 -0.668301 5.31113
      vertex 25.0339 -0.564608 5.61462
      vertex 25.15 -0.844995 5.31113
    endloop
  endfacet
  facet normal 0.0758873 -0.381565 0.921221
    outer loop
      vertex 24.8 -0.214599 5.77886
      vertex 24.8 -0.611127 5.61462
      vertex 25.0339 -0.564608 5.61462
    endloop
  endfacet
  facet normal 0.180716 -0.908695 0.376317
    outer loop
      vertex 25.1993 -0.964058 5
      vertex 24.9441 -0.98255 5.0779
      vertex 25.0057 -1.00256 5
    endloop
  endfacet
  facet normal 0.18073 -0.908672 0.376367
    outer loop
      vertex 24.9441 -0.98255 5.0779
      vertex 25.1993 -0.964058 5
      vertex 25.15 -0.844995 5.31113
    endloop
  endfacet
  facet normal -0.514733 -0.770331 0.37635
    outer loop
      vertex 24.1533 -0.646731 5.31113
      vertex 24.0938 -0.706243 5.10794
      vertex 24.383 -0.800216 5.31113
    endloop
  endfacet
  facet normal -0.700218 0.139224 0.700223
    outer loop
      vertex 24.2354 0.233868 5.61462
      vertex 23.955 0.350008 5.31113
      vertex 24.1889 0 5.61462
    endloop
  endfacet
  facet normal -0.396664 0.593643 0.700175
    outer loop
      vertex 24.383 0.800216 5.31113
      vertex 24.5661 0.564608 5.61462
      vertex 24.4584 0.82472 5.33307
    endloop
  endfacet
  facet normal -0.396669 0.59364 0.700176
    outer loop
      vertex 24.5661 0.564608 5.61462
      vertex 24.383 0.800216 5.31113
      vertex 24.1533 0.646731 5.31113
    endloop
  endfacet
  facet normal -0.593575 0.396687 0.70022
    outer loop
      vertex 24.3679 0.432132 5.61462
      vertex 24.1533 0.646731 5.31113
      vertex 24.2354 0.233868 5.61462
    endloop
  endfacet
  facet normal -0.216179 0.32343 0.921227
    outer loop
      vertex 24.5661 0.564608 5.61462
      vertex 24.3679 0.432132 5.61462
      vertex 24.6483 0.151744 5.77886
    endloop
  endfacet
  facet normal -0.323445 0.216159 0.921227
    outer loop
      vertex 24.3679 0.432132 5.61462
      vertex 24.2354 0.233868 5.61462
      vertex 24.6483 0.151744 5.77886
    endloop
  endfacet
  facet normal 0.216174 0.323431 0.921228
    outer loop
      vertex 25.0339 0.564608 5.61462
      vertex 24.8821 0.198263 5.77886
      vertex 24.9517 0.151744 5.77886
    endloop
  endfacet
  facet normal -0.0758873 0.381565 0.921221
    outer loop
      vertex 24.8 0.611127 5.61462
      vertex 24.5661 0.564608 5.61462
      vertex 24.8 0.214599 5.77886
    endloop
  endfacet
  facet normal -0.514733 0.770331 0.37635
    outer loop
      vertex 24.383 0.800216 5.31113
      vertex 24.0938 0.706243 5.10794
      vertex 24.1533 0.646731 5.31113
    endloop
  endfacet
  facet normal -0.769028 0.517466 0.375266
    outer loop
      vertex 24.0194 0.673952 5
      vertex 24.0938 0.706243 5.10794
      vertex 24.0264 0.684355 5
    endloop
  endfacet
  facet normal -0.770033 0.514905 0.376725
    outer loop
      vertex 23.955 0.350008 5.31113
      vertex 24.0938 0.706243 5.10794
      vertex 24.0194 0.673952 5
    endloop
  endfacet
  facet normal -0.770298 0.51479 0.376342
    outer loop
      vertex 24.0938 0.706243 5.10794
      vertex 23.955 0.350008 5.31113
      vertex 24.1533 0.646731 5.31113
    endloop
  endfacet
  facet normal -0.0758873 -0.381565 0.921221
    outer loop
      vertex 24.8 -0.214599 5.77886
      vertex 24.5661 -0.564608 5.61462
      vertex 24.8 -0.611127 5.61462
    endloop
  endfacet
  facet normal -0.139268 -0.700245 0.700187
    outer loop
      vertex 24.5661 -0.564608 5.61462
      vertex 24.4732 -0.829518 5.33121
      vertex 24.8 -0.611127 5.61462
    endloop
  endfacet
  facet normal -0.139038 -0.700308 0.70017
    outer loop
      vertex 24.4732 -0.829518 5.33121
      vertex 24.5661 -0.564608 5.61462
      vertex 24.4584 -0.82472 5.33307
    endloop
  endfacet
  facet normal -0.323445 -0.216159 0.921227
    outer loop
      vertex 24.6483 -0.151744 5.77886
      vertex 24.2354 -0.233868 5.61462
      vertex 24.3679 -0.432132 5.61462
    endloop
  endfacet
  facet normal -0.593575 -0.396687 0.70022
    outer loop
      vertex 24.2354 -0.233868 5.61462
      vertex 24.1533 -0.646731 5.31113
      vertex 24.3679 -0.432132 5.61462
    endloop
  endfacet
  facet normal -0.180792 -0.908655 0.376377
    outer loop
      vertex 24.8 -0.914616 5.31113
      vertex 24.6326 -0.881309 5.31113
      vertex 24.8 -0.935716 5.26019
    endloop
  endfacet
  facet normal 0.776333 -0.518323 0.358674
    outer loop
      vertex 25.645 -0.350008 5.31113
      vertex 25.6369 -0.36214 5.31113
      vertex 25.6447 -0.35135 5.30984
    endloop
  endfacet
  facet normal 0.593726 -0.396405 0.700252
    outer loop
      vertex 25.3646 -0.233868 5.61462
      vertex 25.6369 -0.36214 5.31113
      vertex 25.645 -0.350008 5.31113
    endloop
  endfacet
  facet normal 0.593621 -0.396591 0.700236
    outer loop
      vertex 25.6369 -0.36214 5.31113
      vertex 25.3646 -0.233868 5.61462
      vertex 25.4432 -0.628783 5.32432
    endloop
  endfacet
  facet normal 0 0 1
    outer loop
      vertex 24.9983 0.0821228 5.77886
      vertex 24.9983 -0.0821228 5.77886
      vertex 25.0146 0 5.77886
    endloop
  endfacet
  facet normal 0 0 1
    outer loop
      vertex 24.9517 0.151744 5.77886
      vertex 24.9983 -0.0821228 5.77886
      vertex 24.9983 0.0821228 5.77886
    endloop
  endfacet
  facet normal 0 0 1
    outer loop
      vertex 24.9517 0.151744 5.77886
      vertex 24.9517 -0.151744 5.77886
      vertex 24.9983 -0.0821228 5.77886
    endloop
  endfacet
  facet normal 0 0 1
    outer loop
      vertex 24.8821 0.198263 5.77886
      vertex 24.9517 -0.151744 5.77886
      vertex 24.9517 0.151744 5.77886
    endloop
  endfacet
  facet normal 0 0 1
    outer loop
      vertex 24.8821 0.198263 5.77886
      vertex 24.8821 -0.198263 5.77886
      vertex 24.9517 -0.151744 5.77886
    endloop
  endfacet
  facet normal 0 0 1
    outer loop
      vertex 24.8 0.214599 5.77886
      vertex 24.8821 -0.198263 5.77886
      vertex 24.8821 0.198263 5.77886
    endloop
  endfacet
  facet normal 0 0 1
    outer loop
      vertex 24.8 0.214599 5.77886
      vertex 24.8 -0.214599 5.77886
      vertex 24.8821 -0.198263 5.77886
    endloop
  endfacet
  facet normal -0 0 1
    outer loop
      vertex 24.7179 0.198263 5.77886
      vertex 24.8 -0.214599 5.77886
      vertex 24.8 0.214599 5.77886
    endloop
  endfacet
  facet normal 0 0 1
    outer loop
      vertex 24.7179 0.198263 5.77886
      vertex 24.7179 -0.198263 5.77886
      vertex 24.8 -0.214599 5.77886
    endloop
  endfacet
  facet normal -0 0 1
    outer loop
      vertex 24.6483 0.151744 5.77886
      vertex 24.7179 -0.198263 5.77886
      vertex 24.7179 0.198263 5.77886
    endloop
  endfacet
  facet normal 0 0 1
    outer loop
      vertex 24.6483 0.151744 5.77886
      vertex 24.6483 -0.151744 5.77886
      vertex 24.7179 -0.198263 5.77886
    endloop
  endfacet
  facet normal -0 0 1
    outer loop
      vertex 24.6017 0.0821228 5.77886
      vertex 24.6483 -0.151744 5.77886
      vertex 24.6483 0.151744 5.77886
    endloop
  endfacet
  facet normal 0 0 1
    outer loop
      vertex 24.6017 0.0821228 5.77886
      vertex 24.6017 -0.0821228 5.77886
      vertex 24.6483 -0.151744 5.77886
    endloop
  endfacet
  facet normal 0 -0 1
    outer loop
      vertex 24.6017 -0.0821228 5.77886
      vertex 24.6017 0.0821228 5.77886
      vertex 24.5854 0 5.77886
    endloop
  endfacet
  facet normal -0.381659 0.0757529 0.921194
    outer loop
      vertex 24.6017 0.0821228 5.77886
      vertex 24.2354 0.233868 5.61462
      vertex 24.5854 0 5.77886
    endloop
  endfacet
  facet normal -0.216174 0.323431 0.921228
    outer loop
      vertex 24.7179 0.198263 5.77886
      vertex 24.5661 0.564608 5.61462
      vertex 24.6483 0.151744 5.77886
    endloop
  endfacet
  facet normal 0.075919 0.381547 0.921227
    outer loop
      vertex 25.0339 0.564608 5.61462
      vertex 24.8 0.214599 5.77886
      vertex 24.8821 0.198263 5.77886
    endloop
  endfacet
  facet normal -0.139319 0.700212 0.70021
    outer loop
      vertex 24.6326 0.881309 5.31113
      vertex 24.8 0.611127 5.61462
      vertex 24.8 0.914616 5.31113
    endloop
  endfacet
  facet normal -0.139303 0.700218 0.700206
    outer loop
      vertex 24.8 0.611127 5.61462
      vertex 24.6326 0.881309 5.31113
      vertex 24.4732 0.829518 5.33121
    endloop
  endfacet
  facet normal -0.139268 0.700245 0.700187
    outer loop
      vertex 24.4732 0.829518 5.33121
      vertex 24.5661 0.564608 5.61462
      vertex 24.8 0.611127 5.61462
    endloop
  endfacet
  facet normal -0.139038 0.700308 0.70017
    outer loop
      vertex 24.5661 0.564608 5.61462
      vertex 24.4732 0.829518 5.33121
      vertex 24.4584 0.82472 5.33307
    endloop
  endfacet
  facet normal 0.807641 0.589666 0.00321143
    outer loop
      vertex 25.4432 0.628783 5.32432
      vertex 25.3091 0.813358 5.15837
      vertex 25.4144 0.668301 5.31113
    endloop
  endfacet
  facet normal 0.806946 0.590578 0.00746052
    outer loop
      vertex 25.4432 0.628783 5.32432
      vertex 25.4144 0.668301 5.31113
      vertex 25.4322 0.643845 5.32179
    endloop
  endfacet
  facet normal 0.806899 0.590635 0.00800228
    outer loop
      vertex 25.4432 0.628783 5.32432
      vertex 25.4322 0.643845 5.32179
      vertex 25.4371 0.637111 5.32473
    endloop
  endfacet
  facet normal 0.809055 0.587733 -8.05659e-05
    outer loop
      vertex 25.6369 0.36214 5.31113
      vertex 25.3091 0.813358 5.15837
      vertex 25.4432 0.628783 5.32432
    endloop
  endfacet
  facet normal 0.809035 0.587761 4.31559e-05
    outer loop
      vertex 25.3091 0.813358 5.15837
      vertex 25.6369 0.36214 5.31113
      vertex 25.8222 0.107103 5
    endloop
  endfacet
  facet normal 0.810572 0.585633 0.00270318
    outer loop
      vertex 25.8222 0.107103 5
      vertex 25.6369 0.36214 5.31113
      vertex 25.6447 0.35135 5.30984
    endloop
  endfacet
  facet normal 0.813416 0.581634 0.0074846
    outer loop
      vertex 25.8222 0.107103 5
      vertex 25.6447 0.35135 5.30984
      vertex 25.6455 0.350233 5.3097
    endloop
  endfacet
  facet normal 0.809009 0.587796 -0.000194804
    outer loop
      vertex 25.3091 0.813358 5.15837
      vertex 25.8222 0.107103 5
      vertex 25.1998 0.96374 5
    endloop
  endfacet
  facet normal -1 0 0
    outer loop
      vertex 23.9101 0.510284 5
      vertex 23.9101 0.282776 5.23496
      vertex 23.9101 0.368616 5.19374
    endloop
  endfacet
  facet normal -1 0 0
    outer loop
      vertex 23.9101 -0.282776 5.23496
      vertex 23.9101 0.282776 5.23496
      vertex 23.9101 0.510284 5
    endloop
  endfacet
  facet normal -1 0 0
    outer loop
      vertex 23.9101 0.282776 5.23496
      vertex 23.9101 -0.282776 5.23496
      vertex 23.9101 0.124163 5.31113
    endloop
  endfacet
  facet normal -1 0 0
    outer loop
      vertex 23.9101 0.124163 5.31113
      vertex 23.9101 -0.124163 5.31113
      vertex 23.9101 0 5.33582
    endloop
  endfacet
  facet normal -1 -0 0
    outer loop
      vertex 23.9101 0.124163 5.31113
      vertex 23.9101 -0.282776 5.23496
      vertex 23.9101 -0.124163 5.31113
    endloop
  endfacet
  facet normal -1 0 0
    outer loop
      vertex 23.9101 -0.510284 5
      vertex 23.9101 -0.282776 5.23496
      vertex 23.9101 0.510284 5
    endloop
  endfacet
  facet normal -1 0 0
    outer loop
      vertex 23.9101 -0.282776 5.23496
      vertex 23.9101 -0.510284 5
      vertex 23.9101 -0.368616 5.19374
    endloop
  endfacet
  facet normal -0.308595 0.951192 -0.00182073
    outer loop
      vertex 24.4732 0.829518 5.33121
      vertex 24.383 0.800216 5.31113
      vertex 24.4584 0.82472 5.33307
    endloop
  endfacet
  facet normal -0.308993 0.951064 0.000153591
    outer loop
      vertex 24.6326 0.881309 5.31113
      vertex 24.383 0.800216 5.31113
      vertex 24.4732 0.829518 5.33121
    endloop
  endfacet
  facet normal -0.309097 0.951031 -1.52248e-06
    outer loop
      vertex 24.9441 0.98255 5.0779
      vertex 24.6326 0.881309 5.31113
      vertex 24.8 0.935716 5.26019
    endloop
  endfacet
  facet normal -0.308993 0.951064 0.000151677
    outer loop
      vertex 24.6326 0.881309 5.31113
      vertex 24.9441 0.98255 5.0779
      vertex 24.383 0.800216 5.31113
    endloop
  endfacet
  facet normal -0.309045 0.951048 1.43737e-05
    outer loop
      vertex 24.383 0.800216 5.31113
      vertex 24.9441 0.98255 5.0779
      vertex 24.0938 0.706243 5.10794
    endloop
  endfacet
  facet normal -0.309027 0.951053 -7.02499e-05
    outer loop
      vertex 24.0264 0.684355 5
      vertex 24.9441 0.98255 5.0779
      vertex 25.0057 1.00256 5
    endloop
  endfacet
  facet normal -0.309041 0.951049 0.000118877
    outer loop
      vertex 24.9441 0.98255 5.0779
      vertex 24.0264 0.684355 5
      vertex 24.0938 0.706243 5.10794
    endloop
  endfacet
  facet normal -0.308595 -0.951192 -0.00182073
    outer loop
      vertex 24.383 -0.800216 5.31113
      vertex 24.4732 -0.829518 5.33121
      vertex 24.4584 -0.82472 5.33307
    endloop
  endfacet
  facet normal -0.308993 -0.951064 0.000153591
    outer loop
      vertex 24.383 -0.800216 5.31113
      vertex 24.6326 -0.881309 5.31113
      vertex 24.4732 -0.829518 5.33121
    endloop
  endfacet
  facet normal -0.308993 -0.951064 0.000151677
    outer loop
      vertex 24.9441 -0.98255 5.0779
      vertex 24.6326 -0.881309 5.31113
      vertex 24.383 -0.800216 5.31113
    endloop
  endfacet
  facet normal -0.309045 -0.951048 1.43737e-05
    outer loop
      vertex 24.9441 -0.98255 5.0779
      vertex 24.383 -0.800216 5.31113
      vertex 24.0938 -0.706243 5.10794
    endloop
  endfacet
  facet normal -0.309097 -0.951031 -1.52248e-06
    outer loop
      vertex 24.6326 -0.881309 5.31113
      vertex 24.9441 -0.98255 5.0779
      vertex 24.8 -0.935716 5.26019
    endloop
  endfacet
  facet normal -0.309041 -0.951049 0.000118877
    outer loop
      vertex 24.0264 -0.684355 5
      vertex 24.9441 -0.98255 5.0779
      vertex 24.0938 -0.706243 5.10794
    endloop
  endfacet
  facet normal -0.309027 -0.951053 -7.02499e-05
    outer loop
      vertex 24.9441 -0.98255 5.0779
      vertex 24.0264 -0.684355 5
      vertex 25.0057 -1.00256 5
    endloop
  endfacet
  facet normal 0.813416 -0.581634 0.0074846
    outer loop
      vertex 25.6447 -0.35135 5.30984
      vertex 25.8222 -0.107103 5
      vertex 25.6455 -0.350233 5.3097
    endloop
  endfacet
  facet normal 0.810572 -0.585633 0.00270318
    outer loop
      vertex 25.6369 -0.36214 5.31113
      vertex 25.8222 -0.107103 5
      vertex 25.6447 -0.35135 5.30984
    endloop
  endfacet
  facet normal 0.809055 -0.587733 -8.05659e-05
    outer loop
      vertex 25.3091 -0.813358 5.15837
      vertex 25.6369 -0.36214 5.31113
      vertex 25.4432 -0.628783 5.32432
    endloop
  endfacet
  facet normal 0.806899 -0.590635 0.00800228
    outer loop
      vertex 25.4322 -0.643845 5.32179
      vertex 25.4432 -0.628783 5.32432
      vertex 25.4371 -0.637111 5.32473
    endloop
  endfacet
  facet normal 0.806946 -0.590578 0.00746052
    outer loop
      vertex 25.4144 -0.668301 5.31113
      vertex 25.4432 -0.628783 5.32432
      vertex 25.4322 -0.643845 5.32179
    endloop
  endfacet
  facet normal 0.807641 -0.589666 0.00321143
    outer loop
      vertex 25.4432 -0.628783 5.32432
      vertex 25.4144 -0.668301 5.31113
      vertex 25.3091 -0.813358 5.15837
    endloop
  endfacet
  facet normal 0.809035 -0.587761 4.31559e-05
    outer loop
      vertex 25.6369 -0.36214 5.31113
      vertex 25.3091 -0.813358 5.15837
      vertex 25.8222 -0.107103 5
    endloop
  endfacet
  facet normal 0.809009 -0.587796 -0.000194804
    outer loop
      vertex 25.8222 -0.107103 5
      vertex 25.3091 -0.813358 5.15837
      vertex 25.1998 -0.96374 5
    endloop
  endfacet
  facet normal 0.290248 -0.956951 0
    outer loop
      vertex 27.8902 -7.46156 0
      vertex 28.2654 -7.34776 3.5
      vertex 27.8902 -7.46156 3.5
    endloop
  endfacet
  facet normal 0.290248 -0.956951 0
    outer loop
      vertex 28.2654 -7.34776 3.5
      vertex 27.8902 -7.46156 0
      vertex 28.2654 -7.34776 0
    endloop
  endfacet
  facet normal 0.471495 -0.881869 0
    outer loop
      vertex 28.2654 -7.34776 0
      vertex 28.6111 -7.16293 3.5
      vertex 28.2654 -7.34776 3.5
    endloop
  endfacet
  facet normal 0.471495 -0.881869 0
    outer loop
      vertex 28.6111 -7.16293 3.5
      vertex 28.2654 -7.34776 0
      vertex 28.6111 -7.16293 0
    endloop
  endfacet
  facet normal -0.634336 -0.773058 0
    outer loop
      vertex 15.0858 -6.91422 0
      vertex 15.3889 -7.16293 3.5
      vertex 15.0858 -6.91422 3.5
    endloop
  endfacet
  facet normal -0.634336 -0.773058 -0
    outer loop
      vertex 15.3889 -7.16293 3.5
      vertex 15.0858 -6.91422 0
      vertex 15.3889 -7.16293 0
    endloop
  endfacet
  facet normal 0 -0.819237 0.573455
    outer loop
      vertex 16.5 -7.5 3.5
      vertex 27.5 -6.97501 4.25
      vertex 16.5 -6.97501 4.25
    endloop
  endfacet
  facet normal 0 -0.819237 0.573455
    outer loop
      vertex 27.5 -6.97501 4.25
      vertex 16.5 -7.5 3.5
      vertex 27.5 -7.5 3.5
    endloop
  endfacet
  facet normal 0 0.609707 0.792627
    outer loop
      vertex 27.5 6.97501 4.25
      vertex 16.8 6 5
      vertex 27.2 6 5
    endloop
  endfacet
  facet normal 0 0.609707 0.792627
    outer loop
      vertex 16.8 6 5
      vertex 27.5 6.97501 4.25
      vertex 16.5 6.97501 4.25
    endloop
  endfacet
  facet normal 0.785105 -0.238358 0.57166
    outer loop
      vertex 28.9467 -5.78777 4.25
      vertex 28.8627 -6.06445 4.25
      vertex 29.3478 -6.26537 3.5
    endloop
  endfacet
  facet normal 0.0804383 -0.816584 0.571595
    outer loop
      vertex 27.7878 -6.94666 4.25
      vertex 27.5 -6.97501 4.25
      vertex 27.8902 -7.46156 3.5
    endloop
  endfacet
  facet normal 1 -0 0
    outer loop
      vertex 29.5 -5.5 3.5
      vertex 29.5 5.5 0
      vertex 29.5 5.5 3.5
    endloop
  endfacet
  facet normal 1 0 0
    outer loop
      vertex 29.5 5.5 0
      vertex 29.5 -5.5 3.5
      vertex 29.5 -5.5 0
    endloop
  endfacet
  facet normal 0.238197 0.785194 0.571606
    outer loop
      vertex 28.2654 7.34776 3.5
      vertex 27.7878 6.94666 4.25
      vertex 28.0645 6.86272 4.25
    endloop
  endfacet
  facet normal 0.785212 0.238165 0.571595
    outer loop
      vertex 29.3478 6.26537 3.5
      vertex 28.9467 5.78777 4.25
      vertex 29.4616 5.89018 3.5
    endloop
  endfacet
  facet normal 0.35875 -0.437071 0.824783
    outer loop
      vertex 28.543 -6.54298 4.25
      vertex 27.7657 -5.76569 5
      vertex 28.3195 -6.72643 4.25
    endloop
  endfacet
  facet normal 0.995192 -0.0979429 0
    outer loop
      vertex 29.4616 -5.89018 3.5
      vertex 29.5 -5.5 0
      vertex 29.5 -5.5 3.5
    endloop
  endfacet
  facet normal 0.995192 -0.0979429 0
    outer loop
      vertex 29.5 -5.5 0
      vertex 29.4616 -5.89018 3.5
      vertex 29.4616 -5.89018 0
    endloop
  endfacet
  facet normal -0.0804444 -0.816582 0.571597
    outer loop
      vertex 16.5 -6.97501 4.25
      vertex 16.1098 -7.46156 3.5
      vertex 16.5 -7.5 3.5
    endloop
  endfacet
  facet normal -0.0804383 0.816584 0.571595
    outer loop
      vertex 16.5 6.97501 4.25
      vertex 16.1098 7.46156 3.5
      vertex 16.2122 6.94666 4.25
    endloop
  endfacet
  facet normal 0.098039 0.995183 -0
    outer loop
      vertex 27.8902 7.46156 0
      vertex 27.5 7.5 3.5
      vertex 27.8902 7.46156 3.5
    endloop
  endfacet
  facet normal 0.098039 0.995183 0
    outer loop
      vertex 27.5 7.5 3.5
      vertex 27.8902 7.46156 0
      vertex 27.5 7.5 0
    endloop
  endfacet
  facet normal 0.520511 -0.63434 0.57156
    outer loop
      vertex 28.9142 -6.91422 3.5
      vertex 28.3195 -6.72643 4.25
      vertex 28.6111 -7.16293 3.5
    endloop
  endfacet
  facet normal 0.723627 -0.386755 0.571651
    outer loop
      vertex 28.8627 -6.06445 4.25
      vertex 28.7264 -6.31947 4.25
      vertex 29.3478 -6.26537 3.5
    endloop
  endfacet
  facet normal 0.816582 0.0803648 0.571607
    outer loop
      vertex 29.4616 5.89018 3.5
      vertex 28.975 5.5 4.25
      vertex 29.5 5.5 3.5
    endloop
  endfacet
  facet normal 0.995192 0.0979429 0
    outer loop
      vertex 29.5 5.5 3.5
      vertex 29.4616 5.89018 0
      vertex 29.4616 5.89018 3.5
    endloop
  endfacet
  facet normal 0.995192 0.0979429 0
    outer loop
      vertex 29.4616 5.89018 0
      vertex 29.5 5.5 3.5
      vertex 29.5 5.5 0
    endloop
  endfacet
  facet normal 0.0804383 0.816584 0.571595
    outer loop
      vertex 27.8902 7.46156 3.5
      vertex 27.5 6.97501 4.25
      vertex 27.7878 6.94666 4.25
    endloop
  endfacet
  facet normal 0.634306 0.520513 0.571597
    outer loop
      vertex 28.9142 6.91422 3.5
      vertex 28.7264 6.31947 4.25
      vertex 29.1629 6.61115 3.5
    endloop
  endfacet
  facet normal 0.437131 -0.358686 0.824779
    outer loop
      vertex 28.7264 -6.31947 4.25
      vertex 27.7657 -5.76569 5
      vertex 28.543 -6.54298 4.25
    endloop
  endfacet
  facet normal 0.0804444 -0.816582 0.571597
    outer loop
      vertex 27.5 -6.97501 4.25
      vertex 27.5 -7.5 3.5
      vertex 27.8902 -7.46156 3.5
    endloop
  endfacet
  facet normal 0.819232 -0 0.573462
    outer loop
      vertex 28.975 -5.5 4.25
      vertex 29.5 5.5 3.5
      vertex 28.975 5.5 4.25
    endloop
  endfacet
  facet normal 0.819232 0 0.573462
    outer loop
      vertex 29.5 5.5 3.5
      vertex 28.975 -5.5 4.25
      vertex 29.5 -5.5 3.5
    endloop
  endfacet
  facet normal -0.723579 -0.386921 0.571599
    outer loop
      vertex 15.2736 -6.31947 4.25
      vertex 14.6522 -6.26537 3.5
      vertex 14.8371 -6.61115 3.5
    endloop
  endfacet
  facet normal 0 0.819237 0.573455
    outer loop
      vertex 27.5 7.5 3.5
      vertex 16.5 6.97501 4.25
      vertex 27.5 6.97501 4.25
    endloop
  endfacet
  facet normal 0 0.819237 0.573455
    outer loop
      vertex 16.5 6.97501 4.25
      vertex 27.5 7.5 3.5
      vertex 16.5 7.5 3.5
    endloop
  endfacet
  facet normal 0 1 -0
    outer loop
      vertex 27.5 7.5 0
      vertex 16.5 7.5 3.5
      vertex 27.5 7.5 3.5
    endloop
  endfacet
  facet normal 0 1 0
    outer loop
      vertex 16.5 7.5 3.5
      vertex 27.5 7.5 0
      vertex 16.5 7.5 0
    endloop
  endfacet
  facet normal 0.634336 0.773058 -0
    outer loop
      vertex 28.9142 6.91422 0
      vertex 28.6111 7.16293 3.5
      vertex 28.9142 6.91422 3.5
    endloop
  endfacet
  facet normal 0.634336 0.773058 0
    outer loop
      vertex 28.6111 7.16293 3.5
      vertex 28.9142 6.91422 0
      vertex 28.6111 7.16293 0
    endloop
  endfacet
  facet normal 0.956949 -0.290255 0
    outer loop
      vertex 29.3478 -6.26537 3.5
      vertex 29.4616 -5.89018 0
      vertex 29.4616 -5.89018 3.5
    endloop
  endfacet
  facet normal 0.956949 -0.290255 0
    outer loop
      vertex 29.4616 -5.89018 0
      vertex 29.3478 -6.26537 3.5
      vertex 29.3478 -6.26537 0
    endloop
  endfacet
  facet normal 0.634336 -0.773058 0
    outer loop
      vertex 28.6111 -7.16293 0
      vertex 28.9142 -6.91422 3.5
      vertex 28.6111 -7.16293 3.5
    endloop
  endfacet
  facet normal 0.634336 -0.773058 0
    outer loop
      vertex 28.9142 -6.91422 3.5
      vertex 28.6111 -7.16293 0
      vertex 28.9142 -6.91422 0
    endloop
  endfacet
  facet normal 0.609711 0 0.792624
    outer loop
      vertex 28 5.2 5
      vertex 28.975 -5.5 4.25
      vertex 28.975 5.5 4.25
    endloop
  endfacet
  facet normal 0.609711 0 0.792624
    outer loop
      vertex 28.975 -5.5 4.25
      vertex 28 5.2 5
      vertex 28 -5.2 5
    endloop
  endfacet
  facet normal 0.816601 -0.0803065 0.571589
    outer loop
      vertex 28.975 -5.5 4.25
      vertex 28.9467 -5.78777 4.25
      vertex 29.4616 -5.89018 3.5
    endloop
  endfacet
  facet normal 0.88184 0.471549 0
    outer loop
      vertex 29.3478 6.26537 3.5
      vertex 29.1629 6.61115 0
      vertex 29.1629 6.61115 3.5
    endloop
  endfacet
  facet normal 0.88184 0.471549 0
    outer loop
      vertex 29.1629 6.61115 0
      vertex 29.3478 6.26537 3.5
      vertex 29.3478 6.26537 0
    endloop
  endfacet
  facet normal 0.723627 0.386755 0.571651
    outer loop
      vertex 29.3478 6.26537 3.5
      vertex 28.7264 6.31947 4.25
      vertex 28.8627 6.06445 4.25
    endloop
  endfacet
  facet normal 0.723579 0.386921 0.571599
    outer loop
      vertex 29.1629 6.61115 3.5
      vertex 28.7264 6.31947 4.25
      vertex 29.3478 6.26537 3.5
    endloop
  endfacet
  facet normal -0.816582 -0.0803648 0.571607
    outer loop
      vertex 15.025 -5.5 4.25
      vertex 14.5 -5.5 3.5
      vertex 14.5384 -5.89018 3.5
    endloop
  endfacet
  facet normal 0.0588293 -0.597216 0.79992
    outer loop
      vertex 27.7878 -6.94666 4.25
      vertex 27.2 -6 5
      vertex 27.5 -6.97501 4.25
    endloop
  endfacet
  facet normal 0.386887 -0.723621 0.571569
    outer loop
      vertex 28.3195 -6.72643 4.25
      vertex 28.2654 -7.34776 3.5
      vertex 28.6111 -7.16293 3.5
    endloop
  endfacet
  facet normal 0.634306 -0.520513 0.571597
    outer loop
      vertex 29.1629 -6.61115 3.5
      vertex 28.7264 -6.31947 4.25
      vertex 28.9142 -6.91422 3.5
    endloop
  endfacet
  facet normal 0.098039 -0.995183 0
    outer loop
      vertex 27.5 -7.5 0
      vertex 27.8902 -7.46156 3.5
      vertex 27.5 -7.5 3.5
    endloop
  endfacet
  facet normal 0.098039 -0.995183 0
    outer loop
      vertex 27.8902 -7.46156 3.5
      vertex 27.5 -7.5 0
      vertex 27.8902 -7.46156 0
    endloop
  endfacet
  facet normal -0.634336 0.773058 0
    outer loop
      vertex 15.3889 7.16293 0
      vertex 15.0858 6.91422 3.5
      vertex 15.3889 7.16293 3.5
    endloop
  endfacet
  facet normal -0.634336 0.773058 0
    outer loop
      vertex 15.0858 6.91422 3.5
      vertex 15.3889 7.16293 0
      vertex 15.0858 6.91422 0
    endloop
  endfacet
  facet normal -0.597159 0.0589277 0.799955
    outer loop
      vertex 16.0154 5.35606 5
      vertex 15.0533 5.78777 4.25
      vertex 16 5.2 5
    endloop
  endfacet
  facet normal 0.471495 0.881869 -0
    outer loop
      vertex 28.6111 7.16293 0
      vertex 28.2654 7.34776 3.5
      vertex 28.6111 7.16293 3.5
    endloop
  endfacet
  facet normal 0.471495 0.881869 0
    outer loop
      vertex 28.2654 7.34776 3.5
      vertex 28.6111 7.16293 0
      vertex 28.2654 7.34776 0
    endloop
  endfacet
  facet normal 0.816582 -0.0803648 0.571607
    outer loop
      vertex 29.5 -5.5 3.5
      vertex 28.975 -5.5 4.25
      vertex 29.4616 -5.89018 3.5
    endloop
  endfacet
  facet normal 0.785212 -0.238165 0.571595
    outer loop
      vertex 29.4616 -5.89018 3.5
      vertex 28.9467 -5.78777 4.25
      vertex 29.3478 -6.26537 3.5
    endloop
  endfacet
  facet normal 0.773039 -0.634358 0
    outer loop
      vertex 28.9142 -6.91422 3.5
      vertex 29.1629 -6.61115 0
      vertex 29.1629 -6.61115 3.5
    endloop
  endfacet
  facet normal 0.773039 -0.634358 0
    outer loop
      vertex 29.1629 -6.61115 0
      vertex 28.9142 -6.91422 3.5
      vertex 28.9142 -6.91422 0
    endloop
  endfacet
  facet normal 0.597242 -0.0587342 0.799908
    outer loop
      vertex 28.975 -5.5 4.25
      vertex 28 -5.2 5
      vertex 28.9467 -5.78777 4.25
    endloop
  endfacet
  facet normal 0.956949 0.290255 0
    outer loop
      vertex 29.4616 5.89018 3.5
      vertex 29.3478 6.26537 0
      vertex 29.3478 6.26537 3.5
    endloop
  endfacet
  facet normal 0.956949 0.290255 0
    outer loop
      vertex 29.3478 6.26537 0
      vertex 29.4616 5.89018 3.5
      vertex 29.4616 5.89018 0
    endloop
  endfacet
  facet normal 0.773039 0.634358 0
    outer loop
      vertex 29.1629 6.61115 3.5
      vertex 28.9142 6.91422 0
      vertex 28.9142 6.91422 3.5
    endloop
  endfacet
  facet normal 0.773039 0.634358 0
    outer loop
      vertex 28.9142 6.91422 0
      vertex 29.1629 6.61115 3.5
      vertex 29.1629 6.61115 0
    endloop
  endfacet
  facet normal 0.520511 0.63434 0.57156
    outer loop
      vertex 28.6111 7.16293 3.5
      vertex 28.3195 6.72643 4.25
      vertex 28.9142 6.91422 3.5
    endloop
  endfacet
  facet normal 0.785105 0.238358 0.57166
    outer loop
      vertex 29.3478 6.26537 3.5
      vertex 28.8627 6.06445 4.25
      vertex 28.9467 5.78777 4.25
    endloop
  endfacet
  facet normal 0.597159 0.0589277 0.799955
    outer loop
      vertex 28.9467 5.78777 4.25
      vertex 27.9846 5.35606 5
      vertex 28 5.2 5
    endloop
  endfacet
  facet normal 0.290248 0.956951 -0
    outer loop
      vertex 28.2654 7.34776 0
      vertex 27.8902 7.46156 3.5
      vertex 28.2654 7.34776 3.5
    endloop
  endfacet
  facet normal 0.290248 0.956951 0
    outer loop
      vertex 27.8902 7.46156 3.5
      vertex 28.2654 7.34776 0
      vertex 27.8902 7.46156 0
    endloop
  endfacet
  facet normal 0.503806 -0.269207 0.820797
    outer loop
      vertex 27.9391 -5.50615 5
      vertex 27.8652 -5.64445 5
      vertex 28.7264 -6.31947 4.25
    endloop
  endfacet
  facet normal -0.358746 -0.437073 0.824784
    outer loop
      vertex 16.2343 -5.76569 5
      vertex 15.6805 -6.72643 4.25
      vertex 16.3555 -5.86517 5
    endloop
  endfacet
  facet normal -0.437131 -0.358686 0.824779
    outer loop
      vertex 16.2343 -5.76569 5
      vertex 15.2736 -6.31947 4.25
      vertex 15.457 -6.54298 4.25
    endloop
  endfacet
  facet normal -0 0 1
    outer loop
      vertex 27.9276 5.29906 5
      vertex 28 5.2 5
      vertex 27.9846 5.35606 5
    endloop
  endfacet
  facet normal 0 0 1
    outer loop
      vertex 28 5.2 5
      vertex 27.943 5.143 5
      vertex 28 -5.2 5
    endloop
  endfacet
  facet normal -0 0 1
    outer loop
      vertex 27.943 -5.143 5
      vertex 28 -5.2 5
      vertex 27.943 5.143 5
    endloop
  endfacet
  facet normal -0 0 1
    outer loop
      vertex 27.8821 5.44915 5
      vertex 27.9846 5.35606 5
      vertex 27.9391 5.50615 5
    endloop
  endfacet
  facet normal 0 0 1
    outer loop
      vertex 28 5.2 5
      vertex 27.9276 5.29906 5
      vertex 27.943 5.143 5
    endloop
  endfacet
  facet normal 0 0 1
    outer loop
      vertex 27.9846 5.35606 5
      vertex 27.8821 5.44915 5
      vertex 27.9276 5.29906 5
    endloop
  endfacet
  facet normal -0 0 1
    outer loop
      vertex 27.8082 5.58745 5
      vertex 27.9391 5.50615 5
      vertex 27.8652 5.64445 5
    endloop
  endfacet
  facet normal 0 0 1
    outer loop
      vertex 27.9391 5.50615 5
      vertex 27.8082 5.58745 5
      vertex 27.8821 5.44915 5
    endloop
  endfacet
  facet normal -0 0 1
    outer loop
      vertex 27.7087 5.70869 5
      vertex 27.8652 5.64445 5
      vertex 27.7657 5.76569 5
    endloop
  endfacet
  facet normal 0 0 1
    outer loop
      vertex 27.8652 5.64445 5
      vertex 27.7087 5.70869 5
      vertex 27.8082 5.58745 5
    endloop
  endfacet
  facet normal 0 0 1
    outer loop
      vertex 27.6445 5.86517 5
      vertex 27.7087 5.70869 5
      vertex 27.7657 5.76569 5
    endloop
  endfacet
  facet normal 0 0 1
    outer loop
      vertex 27.6445 5.86517 5
      vertex 27.5875 5.80817 5
      vertex 27.7087 5.70869 5
    endloop
  endfacet
  facet normal 0 0 1
    outer loop
      vertex 27.5061 5.9391 5
      vertex 27.5875 5.80817 5
      vertex 27.6445 5.86517 5
    endloop
  endfacet
  facet normal 0 0 1
    outer loop
      vertex 27.5061 5.9391 5
      vertex 27.4491 5.8821 5
      vertex 27.5875 5.80817 5
    endloop
  endfacet
  facet normal 0 0 1
    outer loop
      vertex 27.3561 5.98462 5
      vertex 27.4491 5.8821 5
      vertex 27.5061 5.9391 5
    endloop
  endfacet
  facet normal 0 0 1
    outer loop
      vertex 27.3561 5.98462 5
      vertex 27.2991 5.92762 5
      vertex 27.4491 5.8821 5
    endloop
  endfacet
  facet normal 0 0 1
    outer loop
      vertex 27.2 6 5
      vertex 27.2991 5.92762 5
      vertex 27.3561 5.98462 5
    endloop
  endfacet
  facet normal 0 0 1
    outer loop
      vertex 27.2 6 5
      vertex 27.143 5.943 5
      vertex 27.2991 5.92762 5
    endloop
  endfacet
  facet normal 0 0 1
    outer loop
      vertex 27.2 6 5
      vertex 16.857 5.943 5
      vertex 27.143 5.943 5
    endloop
  endfacet
  facet normal -0 0 1
    outer loop
      vertex 16.8 6 5
      vertex 16.857 5.943 5
      vertex 27.2 6 5
    endloop
  endfacet
  facet normal 0 0 1
    outer loop
      vertex 16.8 6 5
      vertex 16.7009 5.92762 5
      vertex 16.857 5.943 5
    endloop
  endfacet
  facet normal -0 0 1
    outer loop
      vertex 16.6439 5.98462 5
      vertex 16.7009 5.92762 5
      vertex 16.8 6 5
    endloop
  endfacet
  facet normal 0 0 1
    outer loop
      vertex 16.6439 5.98462 5
      vertex 16.5509 5.8821 5
      vertex 16.7009 5.92762 5
    endloop
  endfacet
  facet normal -0 0 1
    outer loop
      vertex 16.4939 5.9391 5
      vertex 16.5509 5.8821 5
      vertex 16.6439 5.98462 5
    endloop
  endfacet
  facet normal 0 0 1
    outer loop
      vertex 16.4939 5.9391 5
      vertex 16.4125 5.80817 5
      vertex 16.5509 5.8821 5
    endloop
  endfacet
  facet normal -0 0 1
    outer loop
      vertex 16.3555 5.86517 5
      vertex 16.4125 5.80817 5
      vertex 16.4939 5.9391 5
    endloop
  endfacet
  facet normal 0 0 1
    outer loop
      vertex 16.3555 5.86517 5
      vertex 16.2913 5.70869 5
      vertex 16.4125 5.80817 5
    endloop
  endfacet
  facet normal -0 0 1
    outer loop
      vertex 16.2343 5.76569 5
      vertex 16.2913 5.70869 5
      vertex 16.3555 5.86517 5
    endloop
  endfacet
  facet normal 0 0 1
    outer loop
      vertex 16.1348 5.64445 5
      vertex 16.2913 5.70869 5
      vertex 16.2343 5.76569 5
    endloop
  endfacet
  facet normal 0 0 1
    outer loop
      vertex 16.2913 5.70869 5
      vertex 16.1348 5.64445 5
      vertex 16.1918 5.58745 5
    endloop
  endfacet
  facet normal 0 0 1
    outer loop
      vertex 16.0609 5.50615 5
      vertex 16.1918 5.58745 5
      vertex 16.1348 5.64445 5
    endloop
  endfacet
  facet normal 0 0 1
    outer loop
      vertex 16.1918 5.58745 5
      vertex 16.0609 5.50615 5
      vertex 16.1179 5.44915 5
    endloop
  endfacet
  facet normal 0 0 1
    outer loop
      vertex 16.0154 5.35606 5
      vertex 16.1179 5.44915 5
      vertex 16.0609 5.50615 5
    endloop
  endfacet
  facet normal 0 0 1
    outer loop
      vertex 16.1179 5.44915 5
      vertex 16.0154 5.35606 5
      vertex 16.0724 5.29906 5
    endloop
  endfacet
  facet normal 0 0 1
    outer loop
      vertex 16.0724 5.29906 5
      vertex 16 5.2 5
      vertex 16.057 5.143 5
    endloop
  endfacet
  facet normal 0 0 1
    outer loop
      vertex 16 5.2 5
      vertex 16.0724 5.29906 5
      vertex 16.0154 5.35606 5
    endloop
  endfacet
  facet normal 0 0 1
    outer loop
      vertex 27.9276 -5.29906 5
      vertex 28 -5.2 5
      vertex 27.943 -5.143 5
    endloop
  endfacet
  facet normal 0 0 1
    outer loop
      vertex 28 -5.2 5
      vertex 27.9276 -5.29906 5
      vertex 27.9846 -5.35606 5
    endloop
  endfacet
  facet normal 0 0 1
    outer loop
      vertex 27.8821 -5.44915 5
      vertex 27.9846 -5.35606 5
      vertex 27.9276 -5.29906 5
    endloop
  endfacet
  facet normal 0 0 1
    outer loop
      vertex 27.9846 -5.35606 5
      vertex 27.8821 -5.44915 5
      vertex 27.9391 -5.50615 5
    endloop
  endfacet
  facet normal 0 0 1
    outer loop
      vertex 27.8082 -5.58745 5
      vertex 27.9391 -5.50615 5
      vertex 27.8821 -5.44915 5
    endloop
  endfacet
  facet normal 0 0 1
    outer loop
      vertex 27.9391 -5.50615 5
      vertex 27.8082 -5.58745 5
      vertex 27.8652 -5.64445 5
    endloop
  endfacet
  facet normal 0 0 1
    outer loop
      vertex 27.7087 -5.70869 5
      vertex 27.8652 -5.64445 5
      vertex 27.8082 -5.58745 5
    endloop
  endfacet
  facet normal 0 0 1
    outer loop
      vertex 27.8652 -5.64445 5
      vertex 27.7087 -5.70869 5
      vertex 27.7657 -5.76569 5
    endloop
  endfacet
  facet normal 0 0 1
    outer loop
      vertex 27.7087 -5.70869 5
      vertex 27.6445 -5.86517 5
      vertex 27.7657 -5.76569 5
    endloop
  endfacet
  facet normal -0 0 1
    outer loop
      vertex 27.5875 -5.80817 5
      vertex 27.6445 -5.86517 5
      vertex 27.7087 -5.70869 5
    endloop
  endfacet
  facet normal 0 0 1
    outer loop
      vertex 27.5875 -5.80817 5
      vertex 27.5061 -5.9391 5
      vertex 27.6445 -5.86517 5
    endloop
  endfacet
  facet normal -0 0 1
    outer loop
      vertex 27.4491 -5.8821 5
      vertex 27.5061 -5.9391 5
      vertex 27.5875 -5.80817 5
    endloop
  endfacet
  facet normal 0 0 1
    outer loop
      vertex 27.4491 -5.8821 5
      vertex 27.3561 -5.98462 5
      vertex 27.5061 -5.9391 5
    endloop
  endfacet
  facet normal -0 0 1
    outer loop
      vertex 27.2991 -5.92762 5
      vertex 27.3561 -5.98462 5
      vertex 27.4491 -5.8821 5
    endloop
  endfacet
  facet normal 0 0 1
    outer loop
      vertex 27.2991 -5.92762 5
      vertex 27.2 -6 5
      vertex 27.3561 -5.98462 5
    endloop
  endfacet
  facet normal -0 0 1
    outer loop
      vertex 27.143 -5.943 5
      vertex 27.2 -6 5
      vertex 27.2991 -5.92762 5
    endloop
  endfacet
  facet normal -0 0 1
    outer loop
      vertex 16.857 -5.943 5
      vertex 27.2 -6 5
      vertex 27.143 -5.943 5
    endloop
  endfacet
  facet normal 0 0 1
    outer loop
      vertex 16.857 -5.943 5
      vertex 16.8 -6 5
      vertex 27.2 -6 5
    endloop
  endfacet
  facet normal 0 0 1
    outer loop
      vertex 16.7009 -5.92762 5
      vertex 16.8 -6 5
      vertex 16.857 -5.943 5
    endloop
  endfacet
  facet normal 0 0 1
    outer loop
      vertex 16.7009 -5.92762 5
      vertex 16.6439 -5.98462 5
      vertex 16.8 -6 5
    endloop
  endfacet
  facet normal 0 0 1
    outer loop
      vertex 16.5509 -5.8821 5
      vertex 16.6439 -5.98462 5
      vertex 16.7009 -5.92762 5
    endloop
  endfacet
  facet normal 0 0 1
    outer loop
      vertex 16.5509 -5.8821 5
      vertex 16.4939 -5.9391 5
      vertex 16.6439 -5.98462 5
    endloop
  endfacet
  facet normal 0 0 1
    outer loop
      vertex 16.4125 -5.80817 5
      vertex 16.4939 -5.9391 5
      vertex 16.5509 -5.8821 5
    endloop
  endfacet
  facet normal 0 0 1
    outer loop
      vertex 16.4125 -5.80817 5
      vertex 16.3555 -5.86517 5
      vertex 16.4939 -5.9391 5
    endloop
  endfacet
  facet normal 0 0 1
    outer loop
      vertex 16.2913 -5.70869 5
      vertex 16.3555 -5.86517 5
      vertex 16.4125 -5.80817 5
    endloop
  endfacet
  facet normal 0 0 1
    outer loop
      vertex 16.2913 -5.70869 5
      vertex 16.2343 -5.76569 5
      vertex 16.3555 -5.86517 5
    endloop
  endfacet
  facet normal -0 0 1
    outer loop
      vertex 16.1348 -5.64445 5
      vertex 16.2913 -5.70869 5
      vertex 16.1918 -5.58745 5
    endloop
  endfacet
  facet normal 0 0 1
    outer loop
      vertex 16.2913 -5.70869 5
      vertex 16.1348 -5.64445 5
      vertex 16.2343 -5.76569 5
    endloop
  endfacet
  facet normal -0 0 1
    outer loop
      vertex 16.0609 -5.50615 5
      vertex 16.1918 -5.58745 5
      vertex 16.1179 -5.44915 5
    endloop
  endfacet
  facet normal -0 0 1
    outer loop
      vertex 16.0154 -5.35606 5
      vertex 16.1179 -5.44915 5
      vertex 16.0724 -5.29906 5
    endloop
  endfacet
  facet normal 0 0 1
    outer loop
      vertex 16.1918 -5.58745 5
      vertex 16.0609 -5.50615 5
      vertex 16.1348 -5.64445 5
    endloop
  endfacet
  facet normal -0 0 1
    outer loop
      vertex 16 -5.2 5
      vertex 16.0724 -5.29906 5
      vertex 16.057 -5.143 5
    endloop
  endfacet
  facet normal 0 0 1
    outer loop
      vertex 16.1179 -5.44915 5
      vertex 16.0154 -5.35606 5
      vertex 16.0609 -5.50615 5
    endloop
  endfacet
  facet normal 0 0 1
    outer loop
      vertex 16.057 5.143 5
      vertex 16 5.2 5
      vertex 16.057 -5.143 5
    endloop
  endfacet
  facet normal 0 0 1
    outer loop
      vertex 16 -5.2 5
      vertex 16.057 -5.143 5
      vertex 16 5.2 5
    endloop
  endfacet
  facet normal 0 0 1
    outer loop
      vertex 16.0724 -5.29906 5
      vertex 16 -5.2 5
      vertex 16.0154 -5.35606 5
    endloop
  endfacet
  facet normal 0 0 1
    outer loop
      vertex 25.9618 4.76176 5
      vertex 26.7618 3.96176 5
      vertex 26.7464 4.11783 5
    endloop
  endfacet
  facet normal 0 0 1
    outer loop
      vertex 26.7618 3.96176 5
      vertex 25.8435 0 5
      vertex 26.7618 -3.96176 5
    endloop
  endfacet
  facet normal 0 0 1
    outer loop
      vertex 25.9618 4.76176 5
      vertex 26.7464 4.11783 5
      vertex 26.7009 4.26791 5
    endloop
  endfacet
  facet normal -0 0 1
    outer loop
      vertex 25.8285 -0.0753822 5
      vertex 26.7618 -3.96176 5
      vertex 25.8435 0 5
    endloop
  endfacet
  facet normal 0 0 1
    outer loop
      vertex 25.9618 4.76176 5
      vertex 26.7009 4.26791 5
      vertex 26.6269 4.40622 5
    endloop
  endfacet
  facet normal -0 0 1
    outer loop
      vertex 25.8222 -0.107103 5
      vertex 26.7618 -3.96176 5
      vertex 25.8285 -0.0753822 5
    endloop
  endfacet
  facet normal 0 0 1
    outer loop
      vertex 25.9618 4.76176 5
      vertex 26.6269 4.40622 5
      vertex 26.5274 4.52745 5
    endloop
  endfacet
  facet normal -0 0 1
    outer loop
      vertex 25.1998 -0.96374 5
      vertex 26.7618 -3.96176 5
      vertex 25.8222 -0.107103 5
    endloop
  endfacet
  facet normal 0 0 1
    outer loop
      vertex 25.9618 4.76176 5
      vertex 26.5274 4.52745 5
      vertex 26.4062 4.62694 5
    endloop
  endfacet
  facet normal -0 0 1
    outer loop
      vertex 25.1993 -0.964058 5
      vertex 26.7618 -3.96176 5
      vertex 25.1998 -0.96374 5
    endloop
  endfacet
  facet normal 0 0 1
    outer loop
      vertex 25.9618 4.76176 5
      vertex 26.4062 4.62694 5
      vertex 26.2679 4.70086 5
    endloop
  endfacet
  facet normal -0 0 1
    outer loop
      vertex 25.0057 -1.00256 5
      vertex 26.7618 -3.96176 5
      vertex 25.1993 -0.964058 5
    endloop
  endfacet
  facet normal 0 0 1
    outer loop
      vertex 25.9618 4.76176 5
      vertex 26.2679 4.70086 5
      vertex 26.1178 4.74638 5
    endloop
  endfacet
  facet normal 0 -0 1
    outer loop
      vertex 25.9618 -4.76176 5
      vertex 26.7618 -3.96176 5
      vertex 25.0057 -1.00256 5
    endloop
  endfacet
  facet normal 0 0 1
    outer loop
      vertex 26.7618 3.96176 5
      vertex 25.9618 4.76176 5
      vertex 25.0057 1.00256 5
    endloop
  endfacet
  facet normal 0 0 1
    outer loop
      vertex 26.7618 -3.96176 5
      vertex 25.9618 -4.76176 5
      vertex 26.7464 -4.11783 5
    endloop
  endfacet
  facet normal 0 0 1
    outer loop
      vertex 26.7464 -4.11783 5
      vertex 25.9618 -4.76176 5
      vertex 26.7009 -4.26791 5
    endloop
  endfacet
  facet normal 0 0 1
    outer loop
      vertex 26.7618 3.96176 5
      vertex 25.8285 0.0753822 5
      vertex 25.8435 0 5
    endloop
  endfacet
  facet normal 0 0 1
    outer loop
      vertex 26.7618 3.96176 5
      vertex 25.8222 0.107103 5
      vertex 25.8285 0.0753822 5
    endloop
  endfacet
  facet normal 0 0 1
    outer loop
      vertex 26.7618 3.96176 5
      vertex 25.1998 0.96374 5
      vertex 25.8222 0.107103 5
    endloop
  endfacet
  facet normal 0 0 1
    outer loop
      vertex 26.7618 3.96176 5
      vertex 25.1993 0.964058 5
      vertex 25.1998 0.96374 5
    endloop
  endfacet
  facet normal 0 0 1
    outer loop
      vertex 26.7618 3.96176 5
      vertex 25.0057 1.00256 5
      vertex 25.1993 0.964058 5
    endloop
  endfacet
  facet normal 0 0 1
    outer loop
      vertex 25.9618 4.76176 5
      vertex 24.0264 0.684355 5
      vertex 25.0057 1.00256 5
    endloop
  endfacet
  facet normal -0 0 1
    outer loop
      vertex 22.3993 0.964058 5
      vertex 24.0264 0.684355 5
      vertex 25.9618 4.76176 5
    endloop
  endfacet
  facet normal -0 -0 1
    outer loop
      vertex 22.3998 0.96374 5
      vertex 24.0264 0.684355 5
      vertex 22.3993 0.964058 5
    endloop
  endfacet
  facet normal 0 0 1
    outer loop
      vertex 23.9101 0.510284 5
      vertex 23.0435 0 5
      vertex 23.9101 -0.510284 5
    endloop
  endfacet
  facet normal 0 0 1
    outer loop
      vertex 24.0194 0.673952 5
      vertex 22.3998 0.96374 5
      vertex 23.9101 0.510284 5
    endloop
  endfacet
  facet normal 0 0 1
    outer loop
      vertex 23.9101 0.510284 5
      vertex 23.0285 0.0753822 5
      vertex 23.0435 0 5
    endloop
  endfacet
  facet normal 0 0 1
    outer loop
      vertex 23.9101 0.510284 5
      vertex 23.0222 0.107103 5
      vertex 23.0285 0.0753822 5
    endloop
  endfacet
  facet normal 0 0 1
    outer loop
      vertex 23.9101 0.510284 5
      vertex 22.3998 0.96374 5
      vertex 23.0222 0.107103 5
    endloop
  endfacet
  facet normal 0 0 1
    outer loop
      vertex 24.0264 0.684355 5
      vertex 22.3998 0.96374 5
      vertex 24.0194 0.673952 5
    endloop
  endfacet
  facet normal 0 0 1
    outer loop
      vertex 25.9618 4.76176 5
      vertex 22.2057 1.00256 5
      vertex 22.3993 0.964058 5
    endloop
  endfacet
  facet normal -0 0 1
    outer loop
      vertex 18.0382 4.76176 5
      vertex 22.2057 1.00256 5
      vertex 25.9618 4.76176 5
    endloop
  endfacet
  facet normal 0 0 1
    outer loop
      vertex 21.1101 0.510284 5
      vertex 20.2435 0 5
      vertex 21.1101 -0.510284 5
    endloop
  endfacet
  facet normal 0 0 1
    outer loop
      vertex 19.5998 0.96374 5
      vertex 21.1101 0.510284 5
      vertex 21.2194 0.673952 5
    endloop
  endfacet
  facet normal 0 0 1
    outer loop
      vertex 19.5998 0.96374 5
      vertex 21.2194 0.673952 5
      vertex 21.2264 0.684355 5
    endloop
  endfacet
  facet normal 0 -0 1
    outer loop
      vertex 19.5993 0.964058 5
      vertex 22.2057 1.00256 5
      vertex 18.0382 4.76176 5
    endloop
  endfacet
  facet normal 0 0 1
    outer loop
      vertex 21.1101 0.510284 5
      vertex 20.2285 0.0753822 5
      vertex 20.2435 0 5
    endloop
  endfacet
  facet normal 0 0 1
    outer loop
      vertex 21.1101 0.510284 5
      vertex 20.2222 0.107103 5
      vertex 20.2285 0.0753822 5
    endloop
  endfacet
  facet normal 0 0 1
    outer loop
      vertex 21.1101 0.510284 5
      vertex 19.5998 0.96374 5
      vertex 20.2222 0.107103 5
    endloop
  endfacet
  facet normal 0 0 1
    outer loop
      vertex 22.2057 1.00256 5
      vertex 19.5993 0.964058 5
      vertex 21.2264 0.684355 5
    endloop
  endfacet
  facet normal 0 0 1
    outer loop
      vertex 21.2264 0.684355 5
      vertex 19.5993 0.964058 5
      vertex 19.5998 0.96374 5
    endloop
  endfacet
  facet normal 0 0 1
    outer loop
      vertex 19.5993 0.964058 5
      vertex 18.0382 4.76176 5
      vertex 19.4057 1.00256 5
    endloop
  endfacet
  facet normal 0 0 1
    outer loop
      vertex 17.2382 3.96176 5
      vertex 18.4194 0.673952 5
      vertex 18.4264 0.684355 5
    endloop
  endfacet
  facet normal 0 0 1
    outer loop
      vertex 18.4194 0.673952 5
      vertex 17.2382 3.96176 5
      vertex 18.3101 0.510284 5
    endloop
  endfacet
  facet normal 0 0 1
    outer loop
      vertex 19.4057 1.00256 5
      vertex 17.2382 3.96176 5
      vertex 18.4264 0.684355 5
    endloop
  endfacet
  facet normal -0 0 1
    outer loop
      vertex 17.2382 3.96176 5
      vertex 19.4057 1.00256 5
      vertex 18.0382 4.76176 5
    endloop
  endfacet
  facet normal 0 0 1
    outer loop
      vertex 26.6269 -4.40622 5
      vertex 25.9618 -4.76176 5
      vertex 26.5274 -4.52745 5
    endloop
  endfacet
  facet normal 0 0 1
    outer loop
      vertex 26.5274 -4.52745 5
      vertex 25.9618 -4.76176 5
      vertex 26.4062 -4.62694 5
    endloop
  endfacet
  facet normal 0 0 1
    outer loop
      vertex 26.4062 -4.62694 5
      vertex 25.9618 -4.76176 5
      vertex 26.2679 -4.70086 5
    endloop
  endfacet
  facet normal 0 0 1
    outer loop
      vertex 26.2679 -4.70086 5
      vertex 25.9618 -4.76176 5
      vertex 26.1178 -4.74638 5
    endloop
  endfacet
  facet normal 0 0 1
    outer loop
      vertex 26.7009 -4.26791 5
      vertex 25.9618 -4.76176 5
      vertex 26.6269 -4.40622 5
    endloop
  endfacet
  facet normal 0 0 1
    outer loop
      vertex 24.0264 -0.684355 5
      vertex 25.9618 -4.76176 5
      vertex 25.0057 -1.00256 5
    endloop
  endfacet
  facet normal 0 0 1
    outer loop
      vertex 22.3998 -0.96374 5
      vertex 24.0264 -0.684355 5
      vertex 24.0194 -0.673952 5
    endloop
  endfacet
  facet normal 0 0 1
    outer loop
      vertex 22.3998 -0.96374 5
      vertex 24.0194 -0.673952 5
      vertex 23.9101 -0.510284 5
    endloop
  endfacet
  facet normal -0 0 1
    outer loop
      vertex 23.0285 -0.0753822 5
      vertex 23.9101 -0.510284 5
      vertex 23.0435 0 5
    endloop
  endfacet
  facet normal -0 0 1
    outer loop
      vertex 23.0222 -0.107103 5
      vertex 23.9101 -0.510284 5
      vertex 23.0285 -0.0753822 5
    endloop
  endfacet
  facet normal 0 0 1
    outer loop
      vertex 22.3998 -0.96374 5
      vertex 23.9101 -0.510284 5
      vertex 23.0222 -0.107103 5
    endloop
  endfacet
  facet normal 0 0 1
    outer loop
      vertex 24.0264 -0.684355 5
      vertex 22.3998 -0.96374 5
      vertex 22.3993 -0.964058 5
    endloop
  endfacet
  facet normal 0 0 1
    outer loop
      vertex 24.0264 -0.684355 5
      vertex 22.3993 -0.964058 5
      vertex 25.9618 -4.76176 5
    endloop
  endfacet
  facet normal -0 0 1
    outer loop
      vertex 22.2057 -1.00256 5
      vertex 25.9618 -4.76176 5
      vertex 22.3993 -0.964058 5
    endloop
  endfacet
  facet normal -0 0 1
    outer loop
      vertex 19.5993 -0.964058 5
      vertex 22.2057 -1.00256 5
      vertex 21.2264 -0.684355 5
    endloop
  endfacet
  facet normal -0 0 1
    outer loop
      vertex 20.2285 -0.0753822 5
      vertex 21.1101 -0.510284 5
      vertex 20.2435 0 5
    endloop
  endfacet
  facet normal -0 0 1
    outer loop
      vertex 20.2222 -0.107103 5
      vertex 21.1101 -0.510284 5
      vertex 20.2285 -0.0753822 5
    endloop
  endfacet
  facet normal 0 0 1
    outer loop
      vertex 19.5998 -0.96374 5
      vertex 21.1101 -0.510284 5
      vertex 20.2222 -0.107103 5
    endloop
  endfacet
  facet normal 0 0 1
    outer loop
      vertex 21.1101 -0.510284 5
      vertex 19.5998 -0.96374 5
      vertex 21.2194 -0.673952 5
    endloop
  endfacet
  facet normal 0 0 1
    outer loop
      vertex 21.2194 -0.673952 5
      vertex 19.5998 -0.96374 5
      vertex 21.2264 -0.684355 5
    endloop
  endfacet
  facet normal 0 0 1
    outer loop
      vertex 19.5993 -0.964058 5
      vertex 21.2264 -0.684355 5
      vertex 19.5998 -0.96374 5
    endloop
  endfacet
  facet normal 0 0 1
    outer loop
      vertex 22.2057 -1.00256 5
      vertex 19.5993 -0.964058 5
      vertex 18.0382 -4.76176 5
    endloop
  endfacet
  facet normal 0 0 1
    outer loop
      vertex 18.0382 -4.76176 5
      vertex 19.5993 -0.964058 5
      vertex 19.4057 -1.00256 5
    endloop
  endfacet
  facet normal 0 0 1
    outer loop
      vertex 17.2382 -3.96176 5
      vertex 19.4057 -1.00256 5
      vertex 18.4264 -0.684355 5
    endloop
  endfacet
  facet normal 0 0 1
    outer loop
      vertex 17.2382 -3.96176 5
      vertex 18.4194 -0.673952 5
      vertex 18.3101 -0.510284 5
    endloop
  endfacet
  facet normal 0 0 1
    outer loop
      vertex 22.2057 -1.00256 5
      vertex 18.0382 -4.76176 5
      vertex 25.9618 -4.76176 5
    endloop
  endfacet
  facet normal 0 0 1
    outer loop
      vertex 18.4194 -0.673952 5
      vertex 17.2382 -3.96176 5
      vertex 18.4264 -0.684355 5
    endloop
  endfacet
  facet normal 0 0 1
    outer loop
      vertex 18.3101 0.510284 5
      vertex 17.2382 3.96176 5
      vertex 18.3101 -0.510284 5
    endloop
  endfacet
  facet normal 0 0 1
    outer loop
      vertex 17.2382 3.96176 5
      vertex 18.0382 4.76176 5
      vertex 17.8822 4.74638 5
    endloop
  endfacet
  facet normal 0 0 1
    outer loop
      vertex 17.2382 -3.96176 5
      vertex 18.3101 -0.510284 5
      vertex 17.2382 3.96176 5
    endloop
  endfacet
  facet normal 0 0 1
    outer loop
      vertex 17.2382 3.96176 5
      vertex 17.8822 4.74638 5
      vertex 17.7321 4.70086 5
    endloop
  endfacet
  facet normal 0 0 1
    outer loop
      vertex 19.4057 -1.00256 5
      vertex 17.2382 -3.96176 5
      vertex 18.0382 -4.76176 5
    endloop
  endfacet
  facet normal 0 0 1
    outer loop
      vertex 17.2382 3.96176 5
      vertex 17.7321 4.70086 5
      vertex 17.5938 4.62694 5
    endloop
  endfacet
  facet normal 0 0 1
    outer loop
      vertex 18.0382 -4.76176 5
      vertex 17.2382 -3.96176 5
      vertex 17.8822 -4.74638 5
    endloop
  endfacet
  facet normal 0 0 1
    outer loop
      vertex 17.2382 3.96176 5
      vertex 17.5938 4.62694 5
      vertex 17.4726 4.52745 5
    endloop
  endfacet
  facet normal 0 0 1
    outer loop
      vertex 17.8822 -4.74638 5
      vertex 17.2382 -3.96176 5
      vertex 17.7321 -4.70086 5
    endloop
  endfacet
  facet normal 0 0 1
    outer loop
      vertex 17.2382 3.96176 5
      vertex 17.4726 4.52745 5
      vertex 17.3731 4.40622 5
    endloop
  endfacet
  facet normal 0 0 1
    outer loop
      vertex 17.7321 -4.70086 5
      vertex 17.2382 -3.96176 5
      vertex 17.5938 -4.62694 5
    endloop
  endfacet
  facet normal 0 0 1
    outer loop
      vertex 17.2382 3.96176 5
      vertex 17.3731 4.40622 5
      vertex 17.2991 4.26791 5
    endloop
  endfacet
  facet normal 0 0 1
    outer loop
      vertex 17.5938 -4.62694 5
      vertex 17.2382 -3.96176 5
      vertex 17.4726 -4.52745 5
    endloop
  endfacet
  facet normal 0 0 1
    outer loop
      vertex 17.2382 3.96176 5
      vertex 17.2991 4.26791 5
      vertex 17.2536 4.11783 5
    endloop
  endfacet
  facet normal 0 0 1
    outer loop
      vertex 17.4726 -4.52745 5
      vertex 17.2382 -3.96176 5
      vertex 17.3731 -4.40622 5
    endloop
  endfacet
  facet normal 0 0 1
    outer loop
      vertex 17.3731 -4.40622 5
      vertex 17.2382 -3.96176 5
      vertex 17.2991 -4.26791 5
    endloop
  endfacet
  facet normal 0 0 1
    outer loop
      vertex 17.2991 -4.26791 5
      vertex 17.2382 -3.96176 5
      vertex 17.2536 -4.11783 5
    endloop
  endfacet
  facet normal 0.520589 -0.634242 0.571598
    outer loop
      vertex 28.543 -6.54298 4.25
      vertex 28.3195 -6.72643 4.25
      vertex 28.9142 -6.91422 3.5
    endloop
  endfacet
  facet normal 0.634328 -0.520495 0.571588
    outer loop
      vertex 28.7264 -6.31947 4.25
      vertex 28.543 -6.54298 4.25
      vertex 28.9142 -6.91422 3.5
    endloop
  endfacet
  facet normal 0.238159 -0.785215 0.571593
    outer loop
      vertex 28.2654 -7.34776 3.5
      vertex 27.7878 -6.94666 4.25
      vertex 27.8902 -7.46156 3.5
    endloop
  endfacet
  facet normal 0.269239 -0.503749 0.820821
    outer loop
      vertex 28.3195 -6.72643 4.25
      vertex 27.5061 -5.9391 5
      vertex 28.0645 -6.86272 4.25
    endloop
  endfacet
  facet normal 0 -1 0
    outer loop
      vertex 16.5 -7.5 0
      vertex 27.5 -7.5 3.5
      vertex 16.5 -7.5 3.5
    endloop
  endfacet
  facet normal 0 -1 -0
    outer loop
      vertex 27.5 -7.5 3.5
      vertex 16.5 -7.5 0
      vertex 27.5 -7.5 0
    endloop
  endfacet
  facet normal -0.50377 0.269249 0.820805
    outer loop
      vertex 15.2736 6.31947 4.25
      vertex 15.1373 6.06445 4.25
      vertex 16.0609 5.50615 5
    endloop
  endfacet
  facet normal -0.597242 -0.0587342 0.799908
    outer loop
      vertex 16 -5.2 5
      vertex 15.025 -5.5 4.25
      vertex 15.0533 -5.78777 4.25
    endloop
  endfacet
  facet normal -0.723627 0.386755 0.571651
    outer loop
      vertex 15.2736 6.31947 4.25
      vertex 14.6522 6.26537 3.5
      vertex 15.1373 6.06445 4.25
    endloop
  endfacet
  facet normal -0.0804444 0.816582 0.571597
    outer loop
      vertex 16.5 7.5 3.5
      vertex 16.1098 7.46156 3.5
      vertex 16.5 6.97501 4.25
    endloop
  endfacet
  facet normal -0.290248 0.956951 0
    outer loop
      vertex 16.1098 7.46156 0
      vertex 15.7346 7.34776 3.5
      vertex 16.1098 7.46156 3.5
    endloop
  endfacet
  facet normal -0.290248 0.956951 0
    outer loop
      vertex 15.7346 7.34776 3.5
      vertex 16.1098 7.46156 0
      vertex 15.7346 7.34776 0
    endloop
  endfacet
  facet normal -0.098039 0.995183 0
    outer loop
      vertex 16.5 7.5 0
      vertex 16.1098 7.46156 3.5
      vertex 16.5 7.5 3.5
    endloop
  endfacet
  facet normal -0.098039 0.995183 0
    outer loop
      vertex 16.1098 7.46156 3.5
      vertex 16.5 7.5 0
      vertex 16.1098 7.46156 0
    endloop
  endfacet
  facet normal 0.0804444 0.816582 0.571597
    outer loop
      vertex 27.5 7.5 3.5
      vertex 27.5 6.97501 4.25
      vertex 27.8902 7.46156 3.5
    endloop
  endfacet
  facet normal 0.238159 0.785215 0.571593
    outer loop
      vertex 27.8902 7.46156 3.5
      vertex 27.7878 6.94666 4.25
      vertex 28.2654 7.34776 3.5
    endloop
  endfacet
  facet normal 0.386887 0.723621 0.571569
    outer loop
      vertex 28.6111 7.16293 3.5
      vertex 28.2654 7.34776 3.5
      vertex 28.3195 6.72643 4.25
    endloop
  endfacet
  facet normal 0.386772 0.723654 0.571605
    outer loop
      vertex 28.2654 7.34776 3.5
      vertex 28.0645 6.86272 4.25
      vertex 28.3195 6.72643 4.25
    endloop
  endfacet
  facet normal 0.88184 -0.471549 0
    outer loop
      vertex 29.1629 -6.61115 3.5
      vertex 29.3478 -6.26537 0
      vertex 29.3478 -6.26537 3.5
    endloop
  endfacet
  facet normal 0.88184 -0.471549 0
    outer loop
      vertex 29.3478 -6.26537 0
      vertex 29.1629 -6.61115 3.5
      vertex 29.1629 -6.61115 0
    endloop
  endfacet
  facet normal 0.723579 -0.386921 0.571599
    outer loop
      vertex 29.3478 -6.26537 3.5
      vertex 28.7264 -6.31947 4.25
      vertex 29.1629 -6.61115 3.5
    endloop
  endfacet
  facet normal 0.557592 -0.169285 0.812671
    outer loop
      vertex 28.9467 -5.78777 4.25
      vertex 27.9391 -5.50615 5
      vertex 28.8627 -6.06445 4.25
    endloop
  endfacet
  facet normal 0.50377 -0.269249 0.820805
    outer loop
      vertex 28.8627 -6.06445 4.25
      vertex 27.9391 -5.50615 5
      vertex 28.7264 -6.31947 4.25
    endloop
  endfacet
  facet normal 0.597242 0.0587342 0.799908
    outer loop
      vertex 28.9467 5.78777 4.25
      vertex 28 5.2 5
      vertex 28.975 5.5 4.25
    endloop
  endfacet
  facet normal 0.816601 0.0803065 0.571589
    outer loop
      vertex 29.4616 5.89018 3.5
      vertex 28.9467 5.78777 4.25
      vertex 28.975 5.5 4.25
    endloop
  endfacet
  facet normal 0.169164 0.557632 0.812668
    outer loop
      vertex 27.7878 6.94666 4.25
      vertex 27.5061 5.9391 5
      vertex 28.0645 6.86272 4.25
    endloop
  endfacet
  facet normal 0.0588293 0.597216 0.79992
    outer loop
      vertex 27.5 6.97501 4.25
      vertex 27.2 6 5
      vertex 27.7878 6.94666 4.25
    endloop
  endfacet
  facet normal 0.557658 -0.169055 0.812674
    outer loop
      vertex 27.9846 -5.35606 5
      vertex 27.9391 -5.50615 5
      vertex 28.9467 -5.78777 4.25
    endloop
  endfacet
  facet normal 0.597159 -0.0589277 0.799955
    outer loop
      vertex 28 -5.2 5
      vertex 27.9846 -5.35606 5
      vertex 28.9467 -5.78777 4.25
    endloop
  endfacet
  facet normal 0.437105 -0.358726 0.824776
    outer loop
      vertex 27.8652 -5.64445 5
      vertex 27.7657 -5.76569 5
      vertex 28.7264 -6.31947 4.25
    endloop
  endfacet
  facet normal -0.386772 -0.723654 0.571605
    outer loop
      vertex 15.9355 -6.86272 4.25
      vertex 15.6805 -6.72643 4.25
      vertex 15.7346 -7.34776 3.5
    endloop
  endfacet
  facet normal 0 -0.609707 0.792627
    outer loop
      vertex 16.8 -6 5
      vertex 27.5 -6.97501 4.25
      vertex 27.2 -6 5
    endloop
  endfacet
  facet normal 0 -0.609707 0.792627
    outer loop
      vertex 27.5 -6.97501 4.25
      vertex 16.8 -6 5
      vertex 16.5 -6.97501 4.25
    endloop
  endfacet
  facet normal -0.634328 -0.520495 0.571588
    outer loop
      vertex 15.2736 -6.31947 4.25
      vertex 15.0858 -6.91422 3.5
      vertex 15.457 -6.54298 4.25
    endloop
  endfacet
  facet normal -0.785212 -0.238165 0.571595
    outer loop
      vertex 15.0533 -5.78777 4.25
      vertex 14.5384 -5.89018 3.5
      vertex 14.6522 -6.26537 3.5
    endloop
  endfacet
  facet normal 0.269137 -0.503836 0.820801
    outer loop
      vertex 27.6445 -5.86517 5
      vertex 27.5061 -5.9391 5
      vertex 28.3195 -6.72643 4.25
    endloop
  endfacet
  facet normal 0.358746 -0.437073 0.824784
    outer loop
      vertex 27.7657 -5.76569 5
      vertex 27.6445 -5.86517 5
      vertex 28.3195 -6.72643 4.25
    endloop
  endfacet
  facet normal 0.169164 -0.557632 0.812668
    outer loop
      vertex 28.0645 -6.86272 4.25
      vertex 27.5061 -5.9391 5
      vertex 27.7878 -6.94666 4.25
    endloop
  endfacet
  facet normal 0.0588411 -0.597211 0.799923
    outer loop
      vertex 27.3561 -5.98462 5
      vertex 27.2 -6 5
      vertex 27.7878 -6.94666 4.25
    endloop
  endfacet
  facet normal -0.269239 -0.503749 0.820821
    outer loop
      vertex 16.4939 -5.9391 5
      vertex 15.6805 -6.72643 4.25
      vertex 15.9355 -6.86272 4.25
    endloop
  endfacet
  facet normal -0.269137 0.503836 0.820801
    outer loop
      vertex 16.4939 5.9391 5
      vertex 15.6805 6.72643 4.25
      vertex 16.3555 5.86517 5
    endloop
  endfacet
  facet normal -0.819232 0 0.573462
    outer loop
      vertex 14.5 -5.5 3.5
      vertex 15.025 5.5 4.25
      vertex 14.5 5.5 3.5
    endloop
  endfacet
  facet normal -0.819232 0 0.573462
    outer loop
      vertex 15.025 5.5 4.25
      vertex 14.5 -5.5 3.5
      vertex 15.025 -5.5 4.25
    endloop
  endfacet
  facet normal -0.0588411 0.597211 0.799923
    outer loop
      vertex 16.8 6 5
      vertex 16.2122 6.94666 4.25
      vertex 16.6439 5.98462 5
    endloop
  endfacet
  facet normal -0.238197 0.785194 0.571606
    outer loop
      vertex 16.2122 6.94666 4.25
      vertex 15.7346 7.34776 3.5
      vertex 15.9355 6.86272 4.25
    endloop
  endfacet
  facet normal 0.520589 0.634242 0.571598
    outer loop
      vertex 28.9142 6.91422 3.5
      vertex 28.3195 6.72643 4.25
      vertex 28.543 6.54298 4.25
    endloop
  endfacet
  facet normal 0.35875 0.437071 0.824783
    outer loop
      vertex 28.3195 6.72643 4.25
      vertex 27.7657 5.76569 5
      vertex 28.543 6.54298 4.25
    endloop
  endfacet
  facet normal 0.50377 0.269249 0.820805
    outer loop
      vertex 28.7264 6.31947 4.25
      vertex 27.9391 5.50615 5
      vertex 28.8627 6.06445 4.25
    endloop
  endfacet
  facet normal 0.557592 0.169285 0.812671
    outer loop
      vertex 28.8627 6.06445 4.25
      vertex 27.9391 5.50615 5
      vertex 28.9467 5.78777 4.25
    endloop
  endfacet
  facet normal 0.358746 0.437073 0.824784
    outer loop
      vertex 28.3195 6.72643 4.25
      vertex 27.6445 5.86517 5
      vertex 27.7657 5.76569 5
    endloop
  endfacet
  facet normal 0.269239 0.503749 0.820821
    outer loop
      vertex 28.0645 6.86272 4.25
      vertex 27.5061 5.9391 5
      vertex 28.3195 6.72643 4.25
    endloop
  endfacet
  facet normal -0.471495 -0.881869 0
    outer loop
      vertex 15.3889 -7.16293 0
      vertex 15.7346 -7.34776 3.5
      vertex 15.3889 -7.16293 3.5
    endloop
  endfacet
  facet normal -0.471495 -0.881869 -0
    outer loop
      vertex 15.7346 -7.34776 3.5
      vertex 15.3889 -7.16293 0
      vertex 15.7346 -7.34776 0
    endloop
  endfacet
  facet normal -0.290248 -0.956951 0
    outer loop
      vertex 15.7346 -7.34776 0
      vertex 16.1098 -7.46156 3.5
      vertex 15.7346 -7.34776 3.5
    endloop
  endfacet
  facet normal -0.290248 -0.956951 -0
    outer loop
      vertex 16.1098 -7.46156 3.5
      vertex 15.7346 -7.34776 0
      vertex 16.1098 -7.46156 0
    endloop
  endfacet
  facet normal -0.0588293 -0.597216 0.79992
    outer loop
      vertex 16.8 -6 5
      vertex 16.2122 -6.94666 4.25
      vertex 16.5 -6.97501 4.25
    endloop
  endfacet
  facet normal -0.520589 -0.634242 0.571598
    outer loop
      vertex 15.457 -6.54298 4.25
      vertex 15.0858 -6.91422 3.5
      vertex 15.6805 -6.72643 4.25
    endloop
  endfacet
  facet normal -0.35875 -0.437071 0.824783
    outer loop
      vertex 16.2343 -5.76569 5
      vertex 15.457 -6.54298 4.25
      vertex 15.6805 -6.72643 4.25
    endloop
  endfacet
  facet normal -0.50377 -0.269249 0.820805
    outer loop
      vertex 16.0609 -5.50615 5
      vertex 15.1373 -6.06445 4.25
      vertex 15.2736 -6.31947 4.25
    endloop
  endfacet
  facet normal -0.503806 -0.269207 0.820797
    outer loop
      vertex 16.0609 -5.50615 5
      vertex 15.2736 -6.31947 4.25
      vertex 16.1348 -5.64445 5
    endloop
  endfacet
  facet normal -0.437105 -0.358726 0.824776
    outer loop
      vertex 16.1348 -5.64445 5
      vertex 15.2736 -6.31947 4.25
      vertex 16.2343 -5.76569 5
    endloop
  endfacet
  facet normal 0.238197 -0.785194 0.571606
    outer loop
      vertex 28.0645 -6.86272 4.25
      vertex 27.7878 -6.94666 4.25
      vertex 28.2654 -7.34776 3.5
    endloop
  endfacet
  facet normal 0.386772 -0.723654 0.571605
    outer loop
      vertex 28.3195 -6.72643 4.25
      vertex 28.0645 -6.86272 4.25
      vertex 28.2654 -7.34776 3.5
    endloop
  endfacet
  facet normal 0.169218 -0.557617 0.812668
    outer loop
      vertex 27.5061 -5.9391 5
      vertex 27.3561 -5.98462 5
      vertex 27.7878 -6.94666 4.25
    endloop
  endfacet
  facet normal -0.816582 0.0803648 0.571607
    outer loop
      vertex 14.5384 5.89018 3.5
      vertex 14.5 5.5 3.5
      vertex 15.025 5.5 4.25
    endloop
  endfacet
  facet normal -0.816601 -0.0803065 0.571589
    outer loop
      vertex 15.025 -5.5 4.25
      vertex 14.5384 -5.89018 3.5
      vertex 15.0533 -5.78777 4.25
    endloop
  endfacet
  facet normal -0.785105 -0.238358 0.57166
    outer loop
      vertex 15.0533 -5.78777 4.25
      vertex 14.6522 -6.26537 3.5
      vertex 15.1373 -6.06445 4.25
    endloop
  endfacet
  facet normal -0.169164 0.557632 0.812668
    outer loop
      vertex 16.2122 6.94666 4.25
      vertex 15.9355 6.86272 4.25
      vertex 16.4939 5.9391 5
    endloop
  endfacet
  facet normal -0.0588293 0.597216 0.79992
    outer loop
      vertex 16.5 6.97501 4.25
      vertex 16.2122 6.94666 4.25
      vertex 16.8 6 5
    endloop
  endfacet
  facet normal -0.386887 0.723621 0.571569
    outer loop
      vertex 15.7346 7.34776 3.5
      vertex 15.3889 7.16293 3.5
      vertex 15.6805 6.72643 4.25
    endloop
  endfacet
  facet normal -0.238159 0.785215 0.571593
    outer loop
      vertex 16.1098 7.46156 3.5
      vertex 15.7346 7.34776 3.5
      vertex 16.2122 6.94666 4.25
    endloop
  endfacet
  facet normal -0.557658 0.169055 0.812674
    outer loop
      vertex 16.0609 5.50615 5
      vertex 15.0533 5.78777 4.25
      vertex 16.0154 5.35606 5
    endloop
  endfacet
  facet normal -0.358746 0.437073 0.824784
    outer loop
      vertex 16.3555 5.86517 5
      vertex 15.6805 6.72643 4.25
      vertex 16.2343 5.76569 5
    endloop
  endfacet
  facet normal 0.437131 0.358686 0.824779
    outer loop
      vertex 28.543 6.54298 4.25
      vertex 27.7657 5.76569 5
      vertex 28.7264 6.31947 4.25
    endloop
  endfacet
  facet normal 0.634328 0.520495 0.571588
    outer loop
      vertex 28.9142 6.91422 3.5
      vertex 28.543 6.54298 4.25
      vertex 28.7264 6.31947 4.25
    endloop
  endfacet
  facet normal 0.437105 0.358726 0.824776
    outer loop
      vertex 28.7264 6.31947 4.25
      vertex 27.7657 5.76569 5
      vertex 27.8652 5.64445 5
    endloop
  endfacet
  facet normal 0.169218 0.557617 0.812668
    outer loop
      vertex 27.7878 6.94666 4.25
      vertex 27.3561 5.98462 5
      vertex 27.5061 5.9391 5
    endloop
  endfacet
  facet normal 0.0588411 0.597211 0.799923
    outer loop
      vertex 27.7878 6.94666 4.25
      vertex 27.2 6 5
      vertex 27.3561 5.98462 5
    endloop
  endfacet
  facet normal 0.269137 0.503836 0.820801
    outer loop
      vertex 28.3195 6.72643 4.25
      vertex 27.5061 5.9391 5
      vertex 27.6445 5.86517 5
    endloop
  endfacet
  facet normal -0.098039 -0.995183 0
    outer loop
      vertex 16.1098 -7.46156 0
      vertex 16.5 -7.5 3.5
      vertex 16.1098 -7.46156 3.5
    endloop
  endfacet
  facet normal -0.098039 -0.995183 -0
    outer loop
      vertex 16.5 -7.5 3.5
      vertex 16.1098 -7.46156 0
      vertex 16.5 -7.5 0
    endloop
  endfacet
  facet normal -0.238197 -0.785194 0.571606
    outer loop
      vertex 15.9355 -6.86272 4.25
      vertex 15.7346 -7.34776 3.5
      vertex 16.2122 -6.94666 4.25
    endloop
  endfacet
  facet normal -0.169164 -0.557632 0.812668
    outer loop
      vertex 16.4939 -5.9391 5
      vertex 15.9355 -6.86272 4.25
      vertex 16.2122 -6.94666 4.25
    endloop
  endfacet
  facet normal -0.386887 -0.723621 0.571569
    outer loop
      vertex 15.6805 -6.72643 4.25
      vertex 15.3889 -7.16293 3.5
      vertex 15.7346 -7.34776 3.5
    endloop
  endfacet
  facet normal -0.520511 -0.63434 0.57156
    outer loop
      vertex 15.6805 -6.72643 4.25
      vertex 15.0858 -6.91422 3.5
      vertex 15.3889 -7.16293 3.5
    endloop
  endfacet
  facet normal -0.269137 -0.503836 0.820801
    outer loop
      vertex 16.3555 -5.86517 5
      vertex 15.6805 -6.72643 4.25
      vertex 16.4939 -5.9391 5
    endloop
  endfacet
  facet normal -0.169218 -0.557617 0.812668
    outer loop
      vertex 16.4939 -5.9391 5
      vertex 16.2122 -6.94666 4.25
      vertex 16.6439 -5.98462 5
    endloop
  endfacet
  facet normal -0.0588411 -0.597211 0.799923
    outer loop
      vertex 16.6439 -5.98462 5
      vertex 16.2122 -6.94666 4.25
      vertex 16.8 -6 5
    endloop
  endfacet
  facet normal -0.634306 -0.520513 0.571597
    outer loop
      vertex 15.2736 -6.31947 4.25
      vertex 14.8371 -6.61115 3.5
      vertex 15.0858 -6.91422 3.5
    endloop
  endfacet
  facet normal -0.88184 -0.471549 0
    outer loop
      vertex 14.8371 -6.61115 0
      vertex 14.6522 -6.26537 3.5
      vertex 14.6522 -6.26537 0
    endloop
  endfacet
  facet normal -0.88184 -0.471549 0
    outer loop
      vertex 14.6522 -6.26537 3.5
      vertex 14.8371 -6.61115 0
      vertex 14.8371 -6.61115 3.5
    endloop
  endfacet
  facet normal -1 0 0
    outer loop
      vertex 14.5 -5.5 0
      vertex 14.5 5.5 3.5
      vertex 14.5 5.5 0
    endloop
  endfacet
  facet normal -1 -0 0
    outer loop
      vertex 14.5 5.5 3.5
      vertex 14.5 -5.5 0
      vertex 14.5 -5.5 3.5
    endloop
  endfacet
  facet normal 0 0 -1
    outer loop
      vertex 27.5 -7.5 0
      vertex 29.5 -5.5 0
      vertex 29.4616 -5.89018 0
    endloop
  endfacet
  facet normal 0 0 -1
    outer loop
      vertex 29.5 -5.5 0
      vertex 25.5 0 0
      vertex 29.5 5.5 0
    endloop
  endfacet
  facet normal 0 0 -1
    outer loop
      vertex 27.5 -7.5 0
      vertex 29.4616 -5.89018 0
      vertex 29.3478 -6.26537 0
    endloop
  endfacet
  facet normal 0 0 -1
    outer loop
      vertex 25.4327 0.682816 0
      vertex 29.5 5.5 0
      vertex 25.5 0 0
    endloop
  endfacet
  facet normal 0 0 -1
    outer loop
      vertex 27.5 -7.5 0
      vertex 29.3478 -6.26537 0
      vertex 29.1629 -6.61115 0
    endloop
  endfacet
  facet normal 0 0 -1
    outer loop
      vertex 25.2336 1.33939 0
      vertex 29.5 5.5 0
      vertex 25.4327 0.682816 0
    endloop
  endfacet
  facet normal 0 0 -1
    outer loop
      vertex 27.5 -7.5 0
      vertex 29.1629 -6.61115 0
      vertex 28.9142 -6.91422 0
    endloop
  endfacet
  facet normal 0 0 -1
    outer loop
      vertex 24.9101 1.9445 0
      vertex 29.5 5.5 0
      vertex 25.2336 1.33939 0
    endloop
  endfacet
  facet normal 0 0 -1
    outer loop
      vertex 27.5 -7.5 0
      vertex 28.9142 -6.91422 0
      vertex 28.6111 -7.16293 0
    endloop
  endfacet
  facet normal 0 0 -1
    outer loop
      vertex 24.4749 2.47487 0
      vertex 29.5 5.5 0
      vertex 24.9101 1.9445 0
    endloop
  endfacet
  facet normal 0 0 -1
    outer loop
      vertex 27.5 -7.5 0
      vertex 28.6111 -7.16293 0
      vertex 28.2654 -7.34776 0
    endloop
  endfacet
  facet normal 0 -0 -1
    outer loop
      vertex 27.5 7.5 0
      vertex 29.5 5.5 0
      vertex 24.4749 2.47487 0
    endloop
  endfacet
  facet normal 0 0 -1
    outer loop
      vertex 27.5 -7.5 0
      vertex 28.2654 -7.34776 0
      vertex 27.8902 -7.46156 0
    endloop
  endfacet
  facet normal 0 0 -1
    outer loop
      vertex 29.5 5.5 0
      vertex 27.5 7.5 0
      vertex 29.4616 5.89018 0
    endloop
  endfacet
  facet normal -0 0 -1
    outer loop
      vertex 29.5 -5.5 0
      vertex 27.5 -7.5 0
      vertex 24.4749 -2.47487 0
    endloop
  endfacet
  facet normal 0 0 -1
    outer loop
      vertex 29.4616 5.89018 0
      vertex 27.5 7.5 0
      vertex 29.3478 6.26537 0
    endloop
  endfacet
  facet normal 0 0 -1
    outer loop
      vertex 29.3478 6.26537 0
      vertex 27.5 7.5 0
      vertex 29.1629 6.61115 0
    endloop
  endfacet
  facet normal 0 0 -1
    outer loop
      vertex 29.5 -5.5 0
      vertex 25.4327 -0.682816 0
      vertex 25.5 0 0
    endloop
  endfacet
  facet normal 0 0 -1
    outer loop
      vertex 29.5 -5.5 0
      vertex 25.2336 -1.33939 0
      vertex 25.4327 -0.682816 0
    endloop
  endfacet
  facet normal 0 0 -1
    outer loop
      vertex 29.5 -5.5 0
      vertex 24.9101 -1.9445 0
      vertex 25.2336 -1.33939 0
    endloop
  endfacet
  facet normal 0 0 -1
    outer loop
      vertex 29.5 -5.5 0
      vertex 24.4749 -2.47487 0
      vertex 24.9101 -1.9445 0
    endloop
  endfacet
  facet normal 0 0 -1
    outer loop
      vertex 27.5 -7.5 0
      vertex 23.9445 -2.91014 0
      vertex 24.4749 -2.47487 0
    endloop
  endfacet
  facet normal 0 0 -1
    outer loop
      vertex 27.5 -7.5 0
      vertex 23.3394 -3.23358 0
      vertex 23.9445 -2.91014 0
    endloop
  endfacet
  facet normal 0 0 -1
    outer loop
      vertex 27.5 -7.5 0
      vertex 22.6828 -3.43275 0
      vertex 23.3394 -3.23358 0
    endloop
  endfacet
  facet normal 0 0 -1
    outer loop
      vertex 27.5 -7.5 0
      vertex 22 -3.5 0
      vertex 22.6828 -3.43275 0
    endloop
  endfacet
  facet normal 0 0 -1
    outer loop
      vertex 16.5 -7.5 0
      vertex 22 -3.5 0
      vertex 27.5 -7.5 0
    endloop
  endfacet
  facet normal -0 0 -1
    outer loop
      vertex 22 -3.5 0
      vertex 16.5 -7.5 0
      vertex 21.3172 -3.43275 0
    endloop
  endfacet
  facet normal -0 0 -1
    outer loop
      vertex 21.3172 -3.43275 0
      vertex 16.5 -7.5 0
      vertex 20.6606 -3.23358 0
    endloop
  endfacet
  facet normal -0 0 -1
    outer loop
      vertex 18.7664 -1.33939 0
      vertex 14.5 -5.5 0
      vertex 18.5673 -0.682816 0
    endloop
  endfacet
  facet normal -0 0 -1
    outer loop
      vertex 19.0899 -1.9445 0
      vertex 14.5 -5.5 0
      vertex 18.7664 -1.33939 0
    endloop
  endfacet
  facet normal -0 0 -1
    outer loop
      vertex 19.5251 -2.47487 0
      vertex 14.5 -5.5 0
      vertex 19.0899 -1.9445 0
    endloop
  endfacet
  facet normal 0 0 -1
    outer loop
      vertex 14.5 -5.5 0
      vertex 19.5251 -2.47487 0
      vertex 16.5 -7.5 0
    endloop
  endfacet
  facet normal -0 0 -1
    outer loop
      vertex 20.0555 -2.91014 0
      vertex 16.5 -7.5 0
      vertex 19.5251 -2.47487 0
    endloop
  endfacet
  facet normal -0 0 -1
    outer loop
      vertex 20.6606 -3.23358 0
      vertex 16.5 -7.5 0
      vertex 20.0555 -2.91014 0
    endloop
  endfacet
  facet normal 0 0 -1
    outer loop
      vertex 29.1629 6.61115 0
      vertex 27.5 7.5 0
      vertex 28.9142 6.91422 0
    endloop
  endfacet
  facet normal 0 0 -1
    outer loop
      vertex 28.6111 7.16293 0
      vertex 27.5 7.5 0
      vertex 28.2654 7.34776 0
    endloop
  endfacet
  facet normal 0 0 -1
    outer loop
      vertex 28.2654 7.34776 0
      vertex 27.5 7.5 0
      vertex 27.8902 7.46156 0
    endloop
  endfacet
  facet normal 0 0 -1
    outer loop
      vertex 28.9142 6.91422 0
      vertex 27.5 7.5 0
      vertex 28.6111 7.16293 0
    endloop
  endfacet
  facet normal 0 0 -1
    outer loop
      vertex 23.9445 2.91014 0
      vertex 27.5 7.5 0
      vertex 24.4749 2.47487 0
    endloop
  endfacet
  facet normal 0 0 -1
    outer loop
      vertex 23.3394 3.23358 0
      vertex 27.5 7.5 0
      vertex 23.9445 2.91014 0
    endloop
  endfacet
  facet normal 0 0 -1
    outer loop
      vertex 22.6828 3.43275 0
      vertex 27.5 7.5 0
      vertex 23.3394 3.23358 0
    endloop
  endfacet
  facet normal 0 0 -1
    outer loop
      vertex 22 3.5 0
      vertex 27.5 7.5 0
      vertex 22.6828 3.43275 0
    endloop
  endfacet
  facet normal 0 0 -1
    outer loop
      vertex 16.5 7.5 0
      vertex 22 3.5 0
      vertex 21.3172 3.43275 0
    endloop
  endfacet
  facet normal 0 0 -1
    outer loop
      vertex 16.5 7.5 0
      vertex 21.3172 3.43275 0
      vertex 20.6606 3.23358 0
    endloop
  endfacet
  facet normal 0 0 -1
    outer loop
      vertex 16.5 7.5 0
      vertex 20.6606 3.23358 0
      vertex 20.0555 2.91014 0
    endloop
  endfacet
  facet normal -0 0 -1
    outer loop
      vertex 18.5673 -0.682816 0
      vertex 14.5 -5.5 0
      vertex 18.5 0 0
    endloop
  endfacet
  facet normal 0 0 -1
    outer loop
      vertex 22 3.5 0
      vertex 16.5 7.5 0
      vertex 27.5 7.5 0
    endloop
  endfacet
  facet normal 0 0 -1
    outer loop
      vertex 19.5251 2.47487 0
      vertex 16.5 7.5 0
      vertex 20.0555 2.91014 0
    endloop
  endfacet
  facet normal 0 0 -1
    outer loop
      vertex 14.5 5.5 0
      vertex 19.5251 2.47487 0
      vertex 19.0899 1.9445 0
    endloop
  endfacet
  facet normal 0 0 -1
    outer loop
      vertex 14.5 5.5 0
      vertex 19.0899 1.9445 0
      vertex 18.7664 1.33939 0
    endloop
  endfacet
  facet normal 0 0 -1
    outer loop
      vertex 14.5 5.5 0
      vertex 18.7664 1.33939 0
      vertex 18.5673 0.682816 0
    endloop
  endfacet
  facet normal 0 0 -1
    outer loop
      vertex 14.5 5.5 0
      vertex 18.5 0 0
      vertex 14.5 -5.5 0
    endloop
  endfacet
  facet normal 0 0 -1
    outer loop
      vertex 14.5 -5.5 0
      vertex 16.5 -7.5 0
      vertex 16.1098 -7.46156 0
    endloop
  endfacet
  facet normal 0 0 -1
    outer loop
      vertex 18.5 0 0
      vertex 14.5 5.5 0
      vertex 18.5673 0.682816 0
    endloop
  endfacet
  facet normal 0 0 -1
    outer loop
      vertex 14.5 -5.5 0
      vertex 16.1098 -7.46156 0
      vertex 15.7346 -7.34776 0
    endloop
  endfacet
  facet normal 0 0 -1
    outer loop
      vertex 19.5251 2.47487 0
      vertex 14.5 5.5 0
      vertex 16.5 7.5 0
    endloop
  endfacet
  facet normal 0 0 -1
    outer loop
      vertex 14.5 -5.5 0
      vertex 15.7346 -7.34776 0
      vertex 15.3889 -7.16293 0
    endloop
  endfacet
  facet normal 0 0 -1
    outer loop
      vertex 16.5 7.5 0
      vertex 14.5 5.5 0
      vertex 16.1098 7.46156 0
    endloop
  endfacet
  facet normal 0 0 -1
    outer loop
      vertex 14.5 -5.5 0
      vertex 15.3889 -7.16293 0
      vertex 15.0858 -6.91422 0
    endloop
  endfacet
  facet normal 0 0 -1
    outer loop
      vertex 16.1098 7.46156 0
      vertex 14.5 5.5 0
      vertex 15.7346 7.34776 0
    endloop
  endfacet
  facet normal 0 0 -1
    outer loop
      vertex 14.5 -5.5 0
      vertex 15.0858 -6.91422 0
      vertex 14.8371 -6.61115 0
    endloop
  endfacet
  facet normal 0 0 -1
    outer loop
      vertex 15.7346 7.34776 0
      vertex 14.5 5.5 0
      vertex 15.3889 7.16293 0
    endloop
  endfacet
  facet normal 0 0 -1
    outer loop
      vertex 14.5 -5.5 0
      vertex 14.8371 -6.61115 0
      vertex 14.6522 -6.26537 0
    endloop
  endfacet
  facet normal 0 0 -1
    outer loop
      vertex 15.3889 7.16293 0
      vertex 14.5 5.5 0
      vertex 15.0858 6.91422 0
    endloop
  endfacet
  facet normal 0 0 -1
    outer loop
      vertex 14.5 -5.5 0
      vertex 14.6522 -6.26537 0
      vertex 14.5384 -5.89018 0
    endloop
  endfacet
  facet normal 0 0 -1
    outer loop
      vertex 15.0858 6.91422 0
      vertex 14.5 5.5 0
      vertex 14.8371 6.61115 0
    endloop
  endfacet
  facet normal 0 0 -1
    outer loop
      vertex 14.8371 6.61115 0
      vertex 14.5 5.5 0
      vertex 14.6522 6.26537 0
    endloop
  endfacet
  facet normal 0 0 -1
    outer loop
      vertex 14.6522 6.26537 0
      vertex 14.5 5.5 0
      vertex 14.5384 5.89018 0
    endloop
  endfacet
  facet normal -0.785212 0.238165 0.571595
    outer loop
      vertex 14.6522 6.26537 3.5
      vertex 14.5384 5.89018 3.5
      vertex 15.0533 5.78777 4.25
    endloop
  endfacet
  facet normal -0.995192 -0.0979429 0
    outer loop
      vertex 14.5384 -5.89018 0
      vertex 14.5 -5.5 3.5
      vertex 14.5 -5.5 0
    endloop
  endfacet
  facet normal -0.995192 -0.0979429 0
    outer loop
      vertex 14.5 -5.5 3.5
      vertex 14.5384 -5.89018 0
      vertex 14.5384 -5.89018 3.5
    endloop
  endfacet
  facet normal -0.956949 -0.290255 0
    outer loop
      vertex 14.6522 -6.26537 0
      vertex 14.5384 -5.89018 3.5
      vertex 14.5384 -5.89018 0
    endloop
  endfacet
  facet normal -0.956949 -0.290255 0
    outer loop
      vertex 14.5384 -5.89018 3.5
      vertex 14.6522 -6.26537 0
      vertex 14.6522 -6.26537 3.5
    endloop
  endfacet
  facet normal -0.557592 -0.169285 0.812671
    outer loop
      vertex 16.0609 -5.50615 5
      vertex 15.0533 -5.78777 4.25
      vertex 15.1373 -6.06445 4.25
    endloop
  endfacet
  facet normal -0.723627 -0.386755 0.571651
    outer loop
      vertex 15.1373 -6.06445 4.25
      vertex 14.6522 -6.26537 3.5
      vertex 15.2736 -6.31947 4.25
    endloop
  endfacet
  facet normal -0.785105 0.238358 0.57166
    outer loop
      vertex 15.1373 6.06445 4.25
      vertex 14.6522 6.26537 3.5
      vertex 15.0533 5.78777 4.25
    endloop
  endfacet
  facet normal -0.557592 0.169285 0.812671
    outer loop
      vertex 15.1373 6.06445 4.25
      vertex 15.0533 5.78777 4.25
      vertex 16.0609 5.50615 5
    endloop
  endfacet
  facet normal -0.471495 0.881869 0
    outer loop
      vertex 15.7346 7.34776 0
      vertex 15.3889 7.16293 3.5
      vertex 15.7346 7.34776 3.5
    endloop
  endfacet
  facet normal -0.471495 0.881869 0
    outer loop
      vertex 15.3889 7.16293 3.5
      vertex 15.7346 7.34776 0
      vertex 15.3889 7.16293 0
    endloop
  endfacet
  facet normal -0.169218 0.557617 0.812668
    outer loop
      vertex 16.6439 5.98462 5
      vertex 16.2122 6.94666 4.25
      vertex 16.4939 5.9391 5
    endloop
  endfacet
  facet normal -0.520511 0.63434 0.57156
    outer loop
      vertex 15.3889 7.16293 3.5
      vertex 15.0858 6.91422 3.5
      vertex 15.6805 6.72643 4.25
    endloop
  endfacet
  facet normal -0.269239 0.503749 0.820821
    outer loop
      vertex 15.9355 6.86272 4.25
      vertex 15.6805 6.72643 4.25
      vertex 16.4939 5.9391 5
    endloop
  endfacet
  facet normal 0.557658 0.169055 0.812674
    outer loop
      vertex 28.9467 5.78777 4.25
      vertex 27.9391 5.50615 5
      vertex 27.9846 5.35606 5
    endloop
  endfacet
  facet normal 0.503806 0.269207 0.820797
    outer loop
      vertex 28.7264 6.31947 4.25
      vertex 27.8652 5.64445 5
      vertex 27.9391 5.50615 5
    endloop
  endfacet
  facet normal -0.238159 -0.785215 0.571593
    outer loop
      vertex 16.2122 -6.94666 4.25
      vertex 15.7346 -7.34776 3.5
      vertex 16.1098 -7.46156 3.5
    endloop
  endfacet
  facet normal -0.0804383 -0.816584 0.571595
    outer loop
      vertex 16.2122 -6.94666 4.25
      vertex 16.1098 -7.46156 3.5
      vertex 16.5 -6.97501 4.25
    endloop
  endfacet
  facet normal -0.773039 -0.634358 0
    outer loop
      vertex 15.0858 -6.91422 0
      vertex 14.8371 -6.61115 3.5
      vertex 14.8371 -6.61115 0
    endloop
  endfacet
  facet normal -0.773039 -0.634358 0
    outer loop
      vertex 14.8371 -6.61115 3.5
      vertex 15.0858 -6.91422 0
      vertex 15.0858 -6.91422 3.5
    endloop
  endfacet
  facet normal -0.88184 0.471549 0
    outer loop
      vertex 14.6522 6.26537 0
      vertex 14.8371 6.61115 3.5
      vertex 14.8371 6.61115 0
    endloop
  endfacet
  facet normal -0.88184 0.471549 0
    outer loop
      vertex 14.8371 6.61115 3.5
      vertex 14.6522 6.26537 0
      vertex 14.6522 6.26537 3.5
    endloop
  endfacet
  facet normal -0.956949 0.290255 0
    outer loop
      vertex 14.5384 5.89018 0
      vertex 14.6522 6.26537 3.5
      vertex 14.6522 6.26537 0
    endloop
  endfacet
  facet normal -0.956949 0.290255 0
    outer loop
      vertex 14.6522 6.26537 3.5
      vertex 14.5384 5.89018 0
      vertex 14.5384 5.89018 3.5
    endloop
  endfacet
  facet normal -0.773039 0.634358 0
    outer loop
      vertex 14.8371 6.61115 0
      vertex 15.0858 6.91422 3.5
      vertex 15.0858 6.91422 0
    endloop
  endfacet
  facet normal -0.773039 0.634358 0
    outer loop
      vertex 15.0858 6.91422 3.5
      vertex 14.8371 6.61115 0
      vertex 14.8371 6.61115 3.5
    endloop
  endfacet
  facet normal -0.995192 0.0979429 0
    outer loop
      vertex 14.5 5.5 0
      vertex 14.5384 5.89018 3.5
      vertex 14.5384 5.89018 0
    endloop
  endfacet
  facet normal -0.995192 0.0979429 0
    outer loop
      vertex 14.5384 5.89018 3.5
      vertex 14.5 5.5 0
      vertex 14.5 5.5 3.5
    endloop
  endfacet
  facet normal -0.557658 -0.169055 0.812674
    outer loop
      vertex 16.0154 -5.35606 5
      vertex 15.0533 -5.78777 4.25
      vertex 16.0609 -5.50615 5
    endloop
  endfacet
  facet normal -0.597159 -0.0589277 0.799955
    outer loop
      vertex 16 -5.2 5
      vertex 15.0533 -5.78777 4.25
      vertex 16.0154 -5.35606 5
    endloop
  endfacet
  facet normal -0.597242 0.0587342 0.799908
    outer loop
      vertex 15.0533 5.78777 4.25
      vertex 15.025 5.5 4.25
      vertex 16 5.2 5
    endloop
  endfacet
  facet normal -0.816601 0.0803065 0.571589
    outer loop
      vertex 15.0533 5.78777 4.25
      vertex 14.5384 5.89018 3.5
      vertex 15.025 5.5 4.25
    endloop
  endfacet
  facet normal -0.503806 0.269207 0.820797
    outer loop
      vertex 16.1348 5.64445 5
      vertex 15.2736 6.31947 4.25
      vertex 16.0609 5.50615 5
    endloop
  endfacet
  facet normal -0.437105 0.358726 0.824776
    outer loop
      vertex 16.2343 5.76569 5
      vertex 15.2736 6.31947 4.25
      vertex 16.1348 5.64445 5
    endloop
  endfacet
  facet normal -0.386772 0.723654 0.571605
    outer loop
      vertex 15.7346 7.34776 3.5
      vertex 15.6805 6.72643 4.25
      vertex 15.9355 6.86272 4.25
    endloop
  endfacet
  facet normal -0.609711 0 0.792624
    outer loop
      vertex 15.025 5.5 4.25
      vertex 16 -5.2 5
      vertex 16 5.2 5
    endloop
  endfacet
  facet normal -0.609711 0 0.792624
    outer loop
      vertex 16 -5.2 5
      vertex 15.025 5.5 4.25
      vertex 15.025 -5.5 4.25
    endloop
  endfacet
  facet normal -0.35875 0.437071 0.824783
    outer loop
      vertex 15.6805 6.72643 4.25
      vertex 15.457 6.54298 4.25
      vertex 16.2343 5.76569 5
    endloop
  endfacet
  facet normal -0.520589 0.634242 0.571598
    outer loop
      vertex 15.6805 6.72643 4.25
      vertex 15.0858 6.91422 3.5
      vertex 15.457 6.54298 4.25
    endloop
  endfacet
  facet normal -0.723579 0.386921 0.571599
    outer loop
      vertex 14.8371 6.61115 3.5
      vertex 14.6522 6.26537 3.5
      vertex 15.2736 6.31947 4.25
    endloop
  endfacet
  facet normal -0.634306 0.520513 0.571597
    outer loop
      vertex 15.0858 6.91422 3.5
      vertex 14.8371 6.61115 3.5
      vertex 15.2736 6.31947 4.25
    endloop
  endfacet
  facet normal -0.634328 0.520495 0.571588
    outer loop
      vertex 15.457 6.54298 4.25
      vertex 15.0858 6.91422 3.5
      vertex 15.2736 6.31947 4.25
    endloop
  endfacet
  facet normal -0.437131 0.358686 0.824779
    outer loop
      vertex 15.457 6.54298 4.25
      vertex 15.2736 6.31947 4.25
      vertex 16.2343 5.76569 5
    endloop
  endfacet
  facet normal -0.995178 -0.0980871 0
    outer loop
      vertex 25.5 0 0
      vertex 25.4327 0.682816 2.59
      vertex 25.4327 0.682816 0
    endloop
  endfacet
  facet normal -0.995178 -0.0980871 0
    outer loop
      vertex 25.4327 0.682816 2.59
      vertex 25.5 0 0
      vertex 25.5 0 2.59
    endloop
  endfacet
  facet normal 0.995178 -0.0980871 0
    outer loop
      vertex 18.5 0 2.59
      vertex 18.5673 0.682816 0
      vertex 18.5673 0.682816 2.59
    endloop
  endfacet
  facet normal 0.995178 -0.0980871 0
    outer loop
      vertex 18.5673 0.682816 0
      vertex 18.5 0 2.59
      vertex 18.5 0 0
    endloop
  endfacet
  facet normal -0.0980172 -0.995185 0
    outer loop
      vertex 22 3.5 0
      vertex 22.6828 3.43275 2.59
      vertex 22 3.5 2.59
    endloop
  endfacet
  facet normal -0.0980172 -0.995185 -0
    outer loop
      vertex 22.6828 3.43275 2.59
      vertex 22 3.5 0
      vertex 22.6828 3.43275 0
    endloop
  endfacet
  facet normal 0.0980172 0.995185 -0
    outer loop
      vertex 22 -3.5 0
      vertex 21.3172 -3.43275 2.59
      vertex 22 -3.5 2.59
    endloop
  endfacet
  facet normal 0.0980172 0.995185 0
    outer loop
      vertex 21.3172 -3.43275 2.59
      vertex 22 -3.5 0
      vertex 21.3172 -3.43275 0
    endloop
  endfacet
  facet normal -0.773056 -0.634338 0
    outer loop
      vertex 24.9101 1.9445 0
      vertex 24.4749 2.47487 2.59
      vertex 24.4749 2.47487 0
    endloop
  endfacet
  facet normal -0.773056 -0.634338 0
    outer loop
      vertex 24.4749 2.47487 2.59
      vertex 24.9101 1.9445 0
      vertex 24.9101 1.9445 2.59
    endloop
  endfacet
  facet normal -0.956968 -0.290192 0
    outer loop
      vertex 25.4327 0.682816 0
      vertex 25.2336 1.33939 2.59
      vertex 25.2336 1.33939 0
    endloop
  endfacet
  facet normal -0.956968 -0.290192 0
    outer loop
      vertex 25.2336 1.33939 2.59
      vertex 25.4327 0.682816 0
      vertex 25.4327 0.682816 2.59
    endloop
  endfacet
  facet normal 0.634378 -0.773023 0
    outer loop
      vertex 19.5251 2.47487 0
      vertex 20.0555 2.91014 2.59
      vertex 19.5251 2.47487 2.59
    endloop
  endfacet
  facet normal 0.634378 -0.773023 0
    outer loop
      vertex 20.0555 2.91014 2.59
      vertex 19.5251 2.47487 0
      vertex 20.0555 2.91014 0
    endloop
  endfacet
  facet normal 0.290275 -0.956943 0
    outer loop
      vertex 20.6606 3.23358 0
      vertex 21.3172 3.43275 2.59
      vertex 20.6606 3.23358 2.59
    endloop
  endfacet
  facet normal 0.290275 -0.956943 0
    outer loop
      vertex 21.3172 3.43275 2.59
      vertex 20.6606 3.23358 0
      vertex 21.3172 3.43275 0
    endloop
  endfacet
  facet normal -0.634378 0.773023 0
    outer loop
      vertex 24.4749 -2.47487 0
      vertex 23.9445 -2.91014 2.59
      vertex 24.4749 -2.47487 2.59
    endloop
  endfacet
  facet normal -0.634378 0.773023 0
    outer loop
      vertex 23.9445 -2.91014 2.59
      vertex 24.4749 -2.47487 0
      vertex 23.9445 -2.91014 0
    endloop
  endfacet
  facet normal 0.773056 0.634338 0
    outer loop
      vertex 19.5251 -2.47487 2.59
      vertex 19.0899 -1.9445 0
      vertex 19.0899 -1.9445 2.59
    endloop
  endfacet
  facet normal 0.773056 0.634338 0
    outer loop
      vertex 19.0899 -1.9445 0
      vertex 19.5251 -2.47487 2.59
      vertex 19.5251 -2.47487 0
    endloop
  endfacet
  facet normal -0.881884 -0.471467 0
    outer loop
      vertex 25.2336 1.33939 0
      vertex 24.9101 1.9445 2.59
      vertex 24.9101 1.9445 0
    endloop
  endfacet
  facet normal -0.881884 -0.471467 0
    outer loop
      vertex 24.9101 1.9445 2.59
      vertex 25.2336 1.33939 0
      vertex 25.2336 1.33939 2.59
    endloop
  endfacet
  facet normal -0.471405 -0.881917 0
    outer loop
      vertex 23.3394 3.23358 0
      vertex 23.9445 2.91014 2.59
      vertex 23.3394 3.23358 2.59
    endloop
  endfacet
  facet normal -0.471405 -0.881917 -0
    outer loop
      vertex 23.9445 2.91014 2.59
      vertex 23.3394 3.23358 0
      vertex 23.9445 2.91014 0
    endloop
  endfacet
  facet normal -0.290275 -0.956943 0
    outer loop
      vertex 22.6828 3.43275 0
      vertex 23.3394 3.23358 2.59
      vertex 22.6828 3.43275 2.59
    endloop
  endfacet
  facet normal -0.290275 -0.956943 -0
    outer loop
      vertex 23.3394 3.23358 2.59
      vertex 22.6828 3.43275 0
      vertex 23.3394 3.23358 0
    endloop
  endfacet
  facet normal -0.634378 -0.773023 0
    outer loop
      vertex 23.9445 2.91014 0
      vertex 24.4749 2.47487 2.59
      vertex 23.9445 2.91014 2.59
    endloop
  endfacet
  facet normal -0.634378 -0.773023 -0
    outer loop
      vertex 24.4749 2.47487 2.59
      vertex 23.9445 2.91014 0
      vertex 24.4749 2.47487 0
    endloop
  endfacet
  facet normal 0.881884 -0.471467 0
    outer loop
      vertex 18.7664 1.33939 2.59
      vertex 19.0899 1.9445 0
      vertex 19.0899 1.9445 2.59
    endloop
  endfacet
  facet normal 0.881884 -0.471467 0
    outer loop
      vertex 19.0899 1.9445 0
      vertex 18.7664 1.33939 2.59
      vertex 18.7664 1.33939 0
    endloop
  endfacet
  facet normal 0.773056 -0.634338 0
    outer loop
      vertex 19.0899 1.9445 2.59
      vertex 19.5251 2.47487 0
      vertex 19.5251 2.47487 2.59
    endloop
  endfacet
  facet normal 0.773056 -0.634338 0
    outer loop
      vertex 19.5251 2.47487 0
      vertex 19.0899 1.9445 2.59
      vertex 19.0899 1.9445 0
    endloop
  endfacet
  facet normal 0.956968 -0.290192 0
    outer loop
      vertex 18.5673 0.682816 2.59
      vertex 18.7664 1.33939 0
      vertex 18.7664 1.33939 2.59
    endloop
  endfacet
  facet normal 0.956968 -0.290192 0
    outer loop
      vertex 18.7664 1.33939 0
      vertex 18.5673 0.682816 2.59
      vertex 18.5673 0.682816 0
    endloop
  endfacet
  facet normal 0 0 -1
    outer loop
      vertex 25.4327 -0.682816 2.59
      vertex 25.4327 0.682816 2.59
      vertex 25.5 0 2.59
    endloop
  endfacet
  facet normal 0 0 -1
    outer loop
      vertex 25.2336 -1.33939 2.59
      vertex 25.4327 0.682816 2.59
      vertex 25.4327 -0.682816 2.59
    endloop
  endfacet
  facet normal 0 0 -1
    outer loop
      vertex 25.2336 -1.33939 2.59
      vertex 25.2336 1.33939 2.59
      vertex 25.4327 0.682816 2.59
    endloop
  endfacet
  facet normal 0 0 -1
    outer loop
      vertex 24.9101 -1.9445 2.59
      vertex 25.2336 1.33939 2.59
      vertex 25.2336 -1.33939 2.59
    endloop
  endfacet
  facet normal 0 0 -1
    outer loop
      vertex 24.9101 -1.9445 2.59
      vertex 24.9101 1.9445 2.59
      vertex 25.2336 1.33939 2.59
    endloop
  endfacet
  facet normal 0 0 -1
    outer loop
      vertex 24.4749 -2.47487 2.59
      vertex 24.9101 1.9445 2.59
      vertex 24.9101 -1.9445 2.59
    endloop
  endfacet
  facet normal 0 0 -1
    outer loop
      vertex 24.4749 -2.47487 2.59
      vertex 24.4749 2.47487 2.59
      vertex 24.9101 1.9445 2.59
    endloop
  endfacet
  facet normal 0 0 -1
    outer loop
      vertex 23.9445 -2.91014 2.59
      vertex 24.4749 2.47487 2.59
      vertex 24.4749 -2.47487 2.59
    endloop
  endfacet
  facet normal 0 0 -1
    outer loop
      vertex 23.9445 -2.91014 2.59
      vertex 23.9445 2.91014 2.59
      vertex 24.4749 2.47487 2.59
    endloop
  endfacet
  facet normal 0 0 -1
    outer loop
      vertex 23.3394 -3.23358 2.59
      vertex 23.9445 2.91014 2.59
      vertex 23.9445 -2.91014 2.59
    endloop
  endfacet
  facet normal 0 0 -1
    outer loop
      vertex 23.3394 -3.23358 2.59
      vertex 23.3394 3.23358 2.59
      vertex 23.9445 2.91014 2.59
    endloop
  endfacet
  facet normal 0 0 -1
    outer loop
      vertex 22.6828 -3.43275 2.59
      vertex 23.3394 3.23358 2.59
      vertex 23.3394 -3.23358 2.59
    endloop
  endfacet
  facet normal 0 0 -1
    outer loop
      vertex 22.6828 -3.43275 2.59
      vertex 22.6828 3.43275 2.59
      vertex 23.3394 3.23358 2.59
    endloop
  endfacet
  facet normal 0 0 -1
    outer loop
      vertex 22 -3.5 2.59
      vertex 22.6828 3.43275 2.59
      vertex 22.6828 -3.43275 2.59
    endloop
  endfacet
  facet normal 0 0 -1
    outer loop
      vertex 22 -3.5 2.59
      vertex 22 3.5 2.59
      vertex 22.6828 3.43275 2.59
    endloop
  endfacet
  facet normal 0 0 -1
    outer loop
      vertex 21.3172 -3.43275 2.59
      vertex 22 3.5 2.59
      vertex 22 -3.5 2.59
    endloop
  endfacet
  facet normal 0 0 -1
    outer loop
      vertex 21.3172 -3.43275 2.59
      vertex 21.3172 3.43275 2.59
      vertex 22 3.5 2.59
    endloop
  endfacet
  facet normal 0 0 -1
    outer loop
      vertex 20.6606 -3.23358 2.59
      vertex 21.3172 3.43275 2.59
      vertex 21.3172 -3.43275 2.59
    endloop
  endfacet
  facet normal 0 0 -1
    outer loop
      vertex 20.6606 -3.23358 2.59
      vertex 20.6606 3.23358 2.59
      vertex 21.3172 3.43275 2.59
    endloop
  endfacet
  facet normal 0 0 -1
    outer loop
      vertex 20.0555 -2.91014 2.59
      vertex 20.6606 3.23358 2.59
      vertex 20.6606 -3.23358 2.59
    endloop
  endfacet
  facet normal 0 0 -1
    outer loop
      vertex 20.0555 -2.91014 2.59
      vertex 20.0555 2.91014 2.59
      vertex 20.6606 3.23358 2.59
    endloop
  endfacet
  facet normal 0 0 -1
    outer loop
      vertex 19.5251 -2.47487 2.59
      vertex 20.0555 2.91014 2.59
      vertex 20.0555 -2.91014 2.59
    endloop
  endfacet
  facet normal 0 0 -1
    outer loop
      vertex 19.5251 -2.47487 2.59
      vertex 19.5251 2.47487 2.59
      vertex 20.0555 2.91014 2.59
    endloop
  endfacet
  facet normal 0 0 -1
    outer loop
      vertex 19.0899 -1.9445 2.59
      vertex 19.5251 2.47487 2.59
      vertex 19.5251 -2.47487 2.59
    endloop
  endfacet
  facet normal 0 0 -1
    outer loop
      vertex 19.0899 -1.9445 2.59
      vertex 19.0899 1.9445 2.59
      vertex 19.5251 2.47487 2.59
    endloop
  endfacet
  facet normal 0 0 -1
    outer loop
      vertex 18.7664 -1.33939 2.59
      vertex 19.0899 1.9445 2.59
      vertex 19.0899 -1.9445 2.59
    endloop
  endfacet
  facet normal 0 0 -1
    outer loop
      vertex 18.7664 -1.33939 2.59
      vertex 18.7664 1.33939 2.59
      vertex 19.0899 1.9445 2.59
    endloop
  endfacet
  facet normal 0 0 -1
    outer loop
      vertex 18.5673 -0.682816 2.59
      vertex 18.7664 1.33939 2.59
      vertex 18.7664 -1.33939 2.59
    endloop
  endfacet
  facet normal 0 0 -1
    outer loop
      vertex 18.5673 -0.682816 2.59
      vertex 18.5673 0.682816 2.59
      vertex 18.7664 1.33939 2.59
    endloop
  endfacet
  facet normal 0 -0 -1
    outer loop
      vertex 18.5673 0.682816 2.59
      vertex 18.5673 -0.682816 2.59
      vertex 18.5 0 2.59
    endloop
  endfacet
  facet normal 0.471405 -0.881917 0
    outer loop
      vertex 20.0555 2.91014 0
      vertex 20.6606 3.23358 2.59
      vertex 20.0555 2.91014 2.59
    endloop
  endfacet
  facet normal 0.471405 -0.881917 0
    outer loop
      vertex 20.6606 3.23358 2.59
      vertex 20.0555 2.91014 0
      vertex 20.6606 3.23358 0
    endloop
  endfacet
  facet normal 0.0980172 -0.995185 0
    outer loop
      vertex 21.3172 3.43275 0
      vertex 22 3.5 2.59
      vertex 21.3172 3.43275 2.59
    endloop
  endfacet
  facet normal 0.0980172 -0.995185 0
    outer loop
      vertex 22 3.5 2.59
      vertex 21.3172 3.43275 0
      vertex 22 3.5 0
    endloop
  endfacet
  facet normal -0.0980172 0.995185 0
    outer loop
      vertex 22.6828 -3.43275 0
      vertex 22 -3.5 2.59
      vertex 22.6828 -3.43275 2.59
    endloop
  endfacet
  facet normal -0.0980172 0.995185 0
    outer loop
      vertex 22 -3.5 2.59
      vertex 22.6828 -3.43275 0
      vertex 22 -3.5 0
    endloop
  endfacet
  facet normal -0.471405 0.881917 0
    outer loop
      vertex 23.9445 -2.91014 0
      vertex 23.3394 -3.23358 2.59
      vertex 23.9445 -2.91014 2.59
    endloop
  endfacet
  facet normal -0.471405 0.881917 0
    outer loop
      vertex 23.3394 -3.23358 2.59
      vertex 23.9445 -2.91014 0
      vertex 23.3394 -3.23358 0
    endloop
  endfacet
  facet normal -0.995178 0.0980871 0
    outer loop
      vertex 25.4327 -0.682816 0
      vertex 25.5 0 2.59
      vertex 25.5 0 0
    endloop
  endfacet
  facet normal -0.995178 0.0980871 0
    outer loop
      vertex 25.5 0 2.59
      vertex 25.4327 -0.682816 0
      vertex 25.4327 -0.682816 2.59
    endloop
  endfacet
  facet normal 0.634378 0.773023 -0
    outer loop
      vertex 20.0555 -2.91014 0
      vertex 19.5251 -2.47487 2.59
      vertex 20.0555 -2.91014 2.59
    endloop
  endfacet
  facet normal 0.634378 0.773023 0
    outer loop
      vertex 19.5251 -2.47487 2.59
      vertex 20.0555 -2.91014 0
      vertex 19.5251 -2.47487 0
    endloop
  endfacet
  facet normal 0.290275 0.956943 -0
    outer loop
      vertex 21.3172 -3.43275 0
      vertex 20.6606 -3.23358 2.59
      vertex 21.3172 -3.43275 2.59
    endloop
  endfacet
  facet normal 0.290275 0.956943 0
    outer loop
      vertex 20.6606 -3.23358 2.59
      vertex 21.3172 -3.43275 0
      vertex 20.6606 -3.23358 0
    endloop
  endfacet
  facet normal 0.995178 0.0980871 0
    outer loop
      vertex 18.5673 -0.682816 2.59
      vertex 18.5 0 0
      vertex 18.5 0 2.59
    endloop
  endfacet
  facet normal 0.995178 0.0980871 0
    outer loop
      vertex 18.5 0 0
      vertex 18.5673 -0.682816 2.59
      vertex 18.5673 -0.682816 0
    endloop
  endfacet
  facet normal 0.881884 0.471467 0
    outer loop
      vertex 19.0899 -1.9445 2.59
      vertex 18.7664 -1.33939 0
      vertex 18.7664 -1.33939 2.59
    endloop
  endfacet
  facet normal 0.881884 0.471467 0
    outer loop
      vertex 18.7664 -1.33939 0
      vertex 19.0899 -1.9445 2.59
      vertex 19.0899 -1.9445 0
    endloop
  endfacet
  facet normal 0.956968 0.290192 0
    outer loop
      vertex 18.7664 -1.33939 2.59
      vertex 18.5673 -0.682816 0
      vertex 18.5673 -0.682816 2.59
    endloop
  endfacet
  facet normal 0.956968 0.290192 0
    outer loop
      vertex 18.5673 -0.682816 0
      vertex 18.7664 -1.33939 2.59
      vertex 18.7664 -1.33939 0
    endloop
  endfacet
  facet normal -0.290275 0.956943 0
    outer loop
      vertex 23.3394 -3.23358 0
      vertex 22.6828 -3.43275 2.59
      vertex 23.3394 -3.23358 2.59
    endloop
  endfacet
  facet normal -0.290275 0.956943 0
    outer loop
      vertex 22.6828 -3.43275 2.59
      vertex 23.3394 -3.23358 0
      vertex 22.6828 -3.43275 0
    endloop
  endfacet
  facet normal -0.881884 0.471467 0
    outer loop
      vertex 24.9101 -1.9445 0
      vertex 25.2336 -1.33939 2.59
      vertex 25.2336 -1.33939 0
    endloop
  endfacet
  facet normal -0.881884 0.471467 0
    outer loop
      vertex 25.2336 -1.33939 2.59
      vertex 24.9101 -1.9445 0
      vertex 24.9101 -1.9445 2.59
    endloop
  endfacet
  facet normal -0.773056 0.634338 0
    outer loop
      vertex 24.4749 -2.47487 0
      vertex 24.9101 -1.9445 2.59
      vertex 24.9101 -1.9445 0
    endloop
  endfacet
  facet normal -0.773056 0.634338 0
    outer loop
      vertex 24.9101 -1.9445 2.59
      vertex 24.4749 -2.47487 0
      vertex 24.4749 -2.47487 2.59
    endloop
  endfacet
  facet normal -0.956968 0.290192 0
    outer loop
      vertex 25.2336 -1.33939 0
      vertex 25.4327 -0.682816 2.59
      vertex 25.4327 -0.682816 0
    endloop
  endfacet
  facet normal -0.956968 0.290192 0
    outer loop
      vertex 25.4327 -0.682816 2.59
      vertex 25.2336 -1.33939 0
      vertex 25.2336 -1.33939 2.59
    endloop
  endfacet
  facet normal 0.471405 0.881917 -0
    outer loop
      vertex 20.6606 -3.23358 0
      vertex 20.0555 -2.91014 2.59
      vertex 20.6606 -3.23358 2.59
    endloop
  endfacet
  facet normal 0.471405 0.881917 0
    outer loop
      vertex 20.0555 -2.91014 2.59
      vertex 20.6606 -3.23358 0
      vertex 20.0555 -2.91014 0
    endloop
  endfacet
endsolid OpenSCAD_Model
