solid OpenSCAD_Model
  facet normal 0 0 -1
    outer loop
      vertex 10 0 0
      vertex 3.46851 2 0
      vertex 10 2 0
    endloop
  endfacet
  facet normal -0 0 -1
    outer loop
      vertex 4.37485 6.42146 0
      vertex 2.85316 5.92705 0
      vertex 4.09862 7.08835 0
    endloop
  endfacet
  facet normal 0 0 -1
    outer loop
      vertex 3.72147 2.29617 0
      vertex 2.96306 4.53069 0
      vertex 3 5 0
    endloop
  endfacet
  facet normal 0 0 -1
    outer loop
      vertex 3.72147 2.29617 0
      vertex 2.85316 4.07294 0
      vertex 2.96306 4.53069 0
    endloop
  endfacet
  facet normal 0 0 -1
    outer loop
      vertex 3.72147 2.29617 0
      vertex 2.67302 3.63802 0
      vertex 2.85316 4.07294 0
    endloop
  endfacet
  facet normal 0 0 -1
    outer loop
      vertex 3.72147 2.29617 0
      vertex 2.42705 3.23663 0
      vertex 2.67302 3.63802 0
    endloop
  endfacet
  facet normal 0 0 -1
    outer loop
      vertex 3.46851 2 0
      vertex 2.12131 2.87868 0
      vertex 2.42705 3.23663 0
    endloop
  endfacet
  facet normal 0 0 -1
    outer loop
      vertex 3.46851 2 0
      vertex 1.76335 2.57294 0
      vertex 2.12131 2.87868 0
    endloop
  endfacet
  facet normal 0 0 -1
    outer loop
      vertex 3.46851 2 0
      vertex 1.36197 2.32697 0
      vertex 1.76335 2.57294 0
    endloop
  endfacet
  facet normal 0 0 -1
    outer loop
      vertex 0.469299 2.03693 0
      vertex 3.46851 2 0
      vertex 10 0 0
    endloop
  endfacet
  facet normal 0 0 -1
    outer loop
      vertex 3.46851 2 0
      vertex 0.927048 2.14682 0
      vertex 1.36197 2.32697 0
    endloop
  endfacet
  facet normal 0 0 -1
    outer loop
      vertex 3.46851 2 0
      vertex 0.469299 2.03693 0
      vertex 0.927048 2.14682 0
    endloop
  endfacet
  facet normal 0 0 -1
    outer loop
      vertex 10 0 0
      vertex 0 2 0
      vertex 0.469299 2.03693 0
    endloop
  endfacet
  facet normal 0 0 -1
    outer loop
      vertex -10 0 0
      vertex 0 2 0
      vertex 10 0 0
    endloop
  endfacet
  facet normal 0 0 -1
    outer loop
      vertex -4.37485 3.57852 0
      vertex -2.85316 4.07294 0
      vertex -4.09862 2.91164 0
    endloop
  endfacet
  facet normal -0 0 -1
    outer loop
      vertex -2.67302 3.63802 0
      vertex -4.09862 2.91164 0
      vertex -2.85316 4.07294 0
    endloop
  endfacet
  facet normal 0 0 -1
    outer loop
      vertex -4.09862 2.91164 0
      vertex -2.67302 3.63802 0
      vertex -3.72147 2.29617 0
    endloop
  endfacet
  facet normal -0 0 -1
    outer loop
      vertex -2.42705 3.23663 0
      vertex -3.72147 2.29617 0
      vertex -2.67302 3.63802 0
    endloop
  endfacet
  facet normal 0 0 -1
    outer loop
      vertex -3.72147 2.29617 0
      vertex -2.42705 3.23663 0
      vertex -3.46851 2 0
    endloop
  endfacet
  facet normal -0 0 -1
    outer loop
      vertex -2.12131 2.87868 0
      vertex -3.46851 2 0
      vertex -2.42705 3.23663 0
    endloop
  endfacet
  facet normal -0 0 -1
    outer loop
      vertex -1.76335 2.57294 0
      vertex -3.46851 2 0
      vertex -2.12131 2.87868 0
    endloop
  endfacet
  facet normal -0 0 -1
    outer loop
      vertex -1.36197 2.32697 0
      vertex -3.46851 2 0
      vertex -1.76335 2.57294 0
    endloop
  endfacet
  facet normal -0 0 -1
    outer loop
      vertex -0.927048 2.14682 0
      vertex -3.46851 2 0
      vertex -1.36197 2.32697 0
    endloop
  endfacet
  facet normal -0 0 -1
    outer loop
      vertex -0.469299 2.03693 0
      vertex -3.46851 2 0
      vertex -0.927048 2.14682 0
    endloop
  endfacet
  facet normal -0 0 -1
    outer loop
      vertex 0 2 0
      vertex -10 0 0
      vertex -0.469299 2.03693 0
    endloop
  endfacet
  facet normal 0 0 -1
    outer loop
      vertex -0.469299 2.03693 0
      vertex -10 0 0
      vertex -3.46851 2 0
    endloop
  endfacet
  facet normal -0 0 -1
    outer loop
      vertex -3.46851 2 0
      vertex -10 0 0
      vertex -10 2 0
    endloop
  endfacet
  facet normal 0 0 -1
    outer loop
      vertex 3 5 0
      vertex 4.59999 5 0
      vertex 4.54337 4.2804 0
    endloop
  endfacet
  facet normal 0 0 -1
    outer loop
      vertex 3 5 0
      vertex 4.54337 4.2804 0
      vertex 4.37485 3.57852 0
    endloop
  endfacet
  facet normal 0 0 -1
    outer loop
      vertex 4.59999 5 0
      vertex 3 5 0
      vertex 4.54337 5.71959 0
    endloop
  endfacet
  facet normal 0 0 -1
    outer loop
      vertex 3 5 0
      vertex 4.37485 3.57852 0
      vertex 4.09862 2.91164 0
    endloop
  endfacet
  facet normal 0 0 -1
    outer loop
      vertex 3.72147 2.29617 0
      vertex 3 5 0
      vertex 4.09862 2.91164 0
    endloop
  endfacet
  facet normal 0 0 -1
    outer loop
      vertex 2.42705 3.23663 0
      vertex 3.72147 2.29617 0
      vertex 3.46851 2 0
    endloop
  endfacet
  facet normal 0 0 -1
    outer loop
      vertex 2.96306 5.4693 0
      vertex 4.54337 5.71959 0
      vertex 3 5 0
    endloop
  endfacet
  facet normal -0 0 -1
    outer loop
      vertex 4.54337 5.71959 0
      vertex 2.96306 5.4693 0
      vertex 4.37485 6.42146 0
    endloop
  endfacet
  facet normal 0 0 -1
    outer loop
      vertex 2.85316 5.92705 0
      vertex 4.37485 6.42146 0
      vertex 2.96306 5.4693 0
    endloop
  endfacet
  facet normal 0 0 -1
    outer loop
      vertex 2.67302 6.36197 0
      vertex 4.09862 7.08835 0
      vertex 2.85316 5.92705 0
    endloop
  endfacet
  facet normal -0 0 -1
    outer loop
      vertex 4.09862 7.08835 0
      vertex 2.67302 6.36197 0
      vertex 3.72147 7.70381 0
    endloop
  endfacet
  facet normal 0 0 -1
    outer loop
      vertex 2.42705 6.76335 0
      vertex 3.72147 7.70381 0
      vertex 2.67302 6.36197 0
    endloop
  endfacet
  facet normal -0 0 -1
    outer loop
      vertex 3.72147 7.70381 0
      vertex 2.42705 6.76335 0
      vertex 3.25269 8.25269 0
    endloop
  endfacet
  facet normal 0 0 -1
    outer loop
      vertex 2.12131 7.12131 0
      vertex 3.25269 8.25269 0
      vertex 2.42705 6.76335 0
    endloop
  endfacet
  facet normal 0 0 -1
    outer loop
      vertex 2.09999 7.13951 0
      vertex 3.25269 8.25269 0
      vertex 2.12131 7.12131 0
    endloop
  endfacet
  facet normal -0 0 -1
    outer loop
      vertex 3.25269 8.25269 0
      vertex 2.09999 7.13951 0
      vertex 2.70381 8.72147 0
    endloop
  endfacet
  facet normal -0 0 -1
    outer loop
      vertex 2.70381 8.72147 0
      vertex 2.09999 7.13951 0
      vertex 2.09999 9.09148 0
    endloop
  endfacet
  facet normal 0 0 -1
    outer loop
      vertex -3.25269 8.25269 0
      vertex -2.09999 7.13951 0
      vertex -2.12131 7.12131 0
    endloop
  endfacet
  facet normal 0 0 -1
    outer loop
      vertex -3.25269 8.25269 0
      vertex -2.12131 7.12131 0
      vertex -2.42705 6.76335 0
    endloop
  endfacet
  facet normal 0 0 -1
    outer loop
      vertex -3.25269 8.25269 0
      vertex -2.42705 6.76335 0
      vertex -2.67302 6.36197 0
    endloop
  endfacet
  facet normal 0 0 -1
    outer loop
      vertex -2.09999 7.13951 0
      vertex -2.70381 8.72147 0
      vertex -2.09999 9.09148 0
    endloop
  endfacet
  facet normal 0 0 -1
    outer loop
      vertex -3.25269 8.25269 0
      vertex -2.67302 6.36197 0
      vertex -2.85316 5.92705 0
    endloop
  endfacet
  facet normal 0 0 -1
    outer loop
      vertex -3.25269 8.25269 0
      vertex -2.85316 5.92705 0
      vertex -2.96306 5.4693 0
    endloop
  endfacet
  facet normal 0 0 -1
    outer loop
      vertex -2.09999 7.13951 0
      vertex -3.25269 8.25269 0
      vertex -2.70381 8.72147 0
    endloop
  endfacet
  facet normal 0 0 -1
    outer loop
      vertex -3.25269 8.25269 0
      vertex -2.96306 5.4693 0
      vertex -3 5 0
    endloop
  endfacet
  facet normal -0 0 -1
    outer loop
      vertex -2.85316 4.07294 0
      vertex -4.37485 3.57852 0
      vertex -2.96306 4.53069 0
    endloop
  endfacet
  facet normal 0 0 -1
    outer loop
      vertex -3 5 0
      vertex -3.72147 7.70381 0
      vertex -3.25269 8.25269 0
    endloop
  endfacet
  facet normal 0 0 -1
    outer loop
      vertex -4.54337 4.2804 0
      vertex -2.96306 4.53069 0
      vertex -4.37485 3.57852 0
    endloop
  endfacet
  facet normal 0 0 -1
    outer loop
      vertex -3 5 0
      vertex -4.09862 7.08835 0
      vertex -3.72147 7.70381 0
    endloop
  endfacet
  facet normal -0 0 -1
    outer loop
      vertex -2.96306 4.53069 0
      vertex -4.54337 4.2804 0
      vertex -3 5 0
    endloop
  endfacet
  facet normal 0 0 -1
    outer loop
      vertex -3 5 0
      vertex -4.37485 6.42146 0
      vertex -4.09862 7.08835 0
    endloop
  endfacet
  facet normal 0 0 -1
    outer loop
      vertex -4.59999 5 0
      vertex -3 5 0
      vertex -4.54337 4.2804 0
    endloop
  endfacet
  facet normal 0 0 -1
    outer loop
      vertex -3 5 0
      vertex -4.54337 5.71959 0
      vertex -4.37485 6.42146 0
    endloop
  endfacet
  facet normal 0 0 -1
    outer loop
      vertex -3 5 0
      vertex -4.59999 5 0
      vertex -4.54337 5.71959 0
    endloop
  endfacet
  facet normal 0 1 -0
    outer loop
      vertex 10 2 0
      vertex 9.79263 2 7.97118
      vertex 10 2 7.88528
    endloop
  endfacet
  facet normal 0 1 0
    outer loop
      vertex 9.79263 2 7.97118
      vertex 10 2 0
      vertex 3.46851 2 0
    endloop
  endfacet
  facet normal 0 1 0
    outer loop
      vertex 9.79263 2 7.97118
      vertex 3.46851 2 0
      vertex 3.46851 2 7.97118
    endloop
  endfacet
  facet normal 0.760397 -0.649458 0
    outer loop
      vertex 3.46851 2 7.97118
      vertex 3.72147 2.29617 0
      vertex 3.72147 2.29617 7.97118
    endloop
  endfacet
  facet normal 0.760397 -0.649458 0
    outer loop
      vertex 3.72147 2.29617 0
      vertex 3.46851 2 7.97118
      vertex 3.46851 2 0
    endloop
  endfacet
  facet normal 0.852647 -0.522488 0
    outer loop
      vertex 3.72147 2.29617 7.97118
      vertex 4.09862 2.91164 0
      vertex 4.09862 2.91164 7.97118
    endloop
  endfacet
  facet normal 0.852647 -0.522488 0
    outer loop
      vertex 4.09862 2.91164 0
      vertex 3.72147 2.29617 7.97118
      vertex 3.72147 2.29617 0
    endloop
  endfacet
  facet normal 0.92388 -0.382683 0
    outer loop
      vertex 4.09862 2.91164 7.97118
      vertex 4.37485 3.57852 0
      vertex 4.37485 3.57852 7.97118
    endloop
  endfacet
  facet normal 0.92388 -0.382683 0
    outer loop
      vertex 4.37485 3.57852 0
      vertex 4.09862 2.91164 7.97118
      vertex 4.09862 2.91164 0
    endloop
  endfacet
  facet normal 0.972366 -0.233463 0
    outer loop
      vertex 4.37485 3.57852 7.97118
      vertex 4.54337 4.2804 0
      vertex 4.54337 4.2804 7.97118
    endloop
  endfacet
  facet normal 0.972366 -0.233463 0
    outer loop
      vertex 4.54337 4.2804 0
      vertex 4.37485 3.57852 7.97118
      vertex 4.37485 3.57852 0
    endloop
  endfacet
  facet normal 0.996919 -0.0784402 0
    outer loop
      vertex 4.54337 4.2804 7.97118
      vertex 4.59999 5 0
      vertex 4.59999 5 7.97118
    endloop
  endfacet
  facet normal 0.996919 -0.0784402 0
    outer loop
      vertex 4.59999 5 0
      vertex 4.54337 4.2804 7.97118
      vertex 4.54337 4.2804 0
    endloop
  endfacet
  facet normal 0.996919 0.0784412 0
    outer loop
      vertex 4.59999 5 7.97118
      vertex 4.54337 5.71959 0
      vertex 4.54337 5.71959 7.97118
    endloop
  endfacet
  facet normal 0.996919 0.0784412 0
    outer loop
      vertex 4.54337 5.71959 0
      vertex 4.59999 5 7.97118
      vertex 4.59999 5 0
    endloop
  endfacet
  facet normal 0.972365 0.233466 0
    outer loop
      vertex 4.54337 5.71959 7.97118
      vertex 4.37485 6.42146 0
      vertex 4.37485 6.42146 7.97118
    endloop
  endfacet
  facet normal 0.972365 0.233466 0
    outer loop
      vertex 4.37485 6.42146 0
      vertex 4.54337 5.71959 7.97118
      vertex 4.54337 5.71959 0
    endloop
  endfacet
  facet normal 0.923882 0.382678 0
    outer loop
      vertex 4.37485 6.42146 7.97118
      vertex 4.09862 7.08835 0
      vertex 4.09862 7.08835 7.97118
    endloop
  endfacet
  facet normal 0.923882 0.382678 0
    outer loop
      vertex 4.09862 7.08835 0
      vertex 4.37485 6.42146 7.97118
      vertex 4.37485 6.42146 0
    endloop
  endfacet
  facet normal 0.852643 0.522494 0
    outer loop
      vertex 4.09862 7.08835 7.97118
      vertex 3.72147 7.70381 0
      vertex 3.72147 7.70381 7.97118
    endloop
  endfacet
  facet normal 0.852643 0.522494 0
    outer loop
      vertex 3.72147 7.70381 0
      vertex 4.09862 7.08835 7.97118
      vertex 4.09862 7.08835 0
    endloop
  endfacet
  facet normal 0.760411 0.649442 0
    outer loop
      vertex 3.72147 7.70381 7.97118
      vertex 3.25269 8.25269 0
      vertex 3.25269 8.25269 7.97118
    endloop
  endfacet
  facet normal 0.760411 0.649442 0
    outer loop
      vertex 3.25269 8.25269 0
      vertex 3.72147 7.70381 7.97118
      vertex 3.72147 7.70381 0
    endloop
  endfacet
  facet normal 0.649442 0.760411 -0
    outer loop
      vertex 3.25269 8.25269 0
      vertex 2.70381 8.72147 7.97118
      vertex 3.25269 8.25269 7.97118
    endloop
  endfacet
  facet normal 0.649442 0.760411 0
    outer loop
      vertex 2.70381 8.72147 7.97118
      vertex 3.25269 8.25269 0
      vertex 2.70381 8.72147 0
    endloop
  endfacet
  facet normal 0.522487 0.852647 -0
    outer loop
      vertex 2.70381 8.72147 0
      vertex 2.09999 9.09148 7.97118
      vertex 2.70381 8.72147 7.97118
    endloop
  endfacet
  facet normal 0.522487 0.852647 0
    outer loop
      vertex 2.09999 9.09148 7.97118
      vertex 2.70381 8.72147 0
      vertex 2.09999 9.09148 0
    endloop
  endfacet
  facet normal -1 0 0
    outer loop
      vertex 2.09999 7.13951 0
      vertex 2.09999 9.09148 7.97118
      vertex 2.09999 9.09148 0
    endloop
  endfacet
  facet normal -1 -0 0
    outer loop
      vertex 2.09999 9.09148 7.97118
      vertex 2.09999 7.13951 0
      vertex 2.09999 7.13951 7.97118
    endloop
  endfacet
  facet normal -0.649262 -0.760565 0
    outer loop
      vertex 2.09999 7.13951 0
      vertex 2.12131 7.12131 7.97118
      vertex 2.09999 7.13951 7.97118
    endloop
  endfacet
  facet normal -0.649262 -0.760565 -0
    outer loop
      vertex 2.12131 7.12131 7.97118
      vertex 2.09999 7.13951 0
      vertex 2.12131 7.12131 0
    endloop
  endfacet
  facet normal -0.760392 -0.649464 0
    outer loop
      vertex 2.42705 6.76335 0
      vertex 2.12131 7.12131 7.97118
      vertex 2.12131 7.12131 0
    endloop
  endfacet
  facet normal -0.760392 -0.649464 0
    outer loop
      vertex 2.12131 7.12131 7.97118
      vertex 2.42705 6.76335 0
      vertex 2.42705 6.76335 7.97118
    endloop
  endfacet
  facet normal -0.852636 -0.522505 0
    outer loop
      vertex 2.67302 6.36197 0
      vertex 2.42705 6.76335 7.97118
      vertex 2.42705 6.76335 0
    endloop
  endfacet
  facet normal -0.852636 -0.522505 0
    outer loop
      vertex 2.42705 6.76335 7.97118
      vertex 2.67302 6.36197 0
      vertex 2.67302 6.36197 7.97118
    endloop
  endfacet
  facet normal -0.923887 -0.382666 0
    outer loop
      vertex 2.85316 5.92705 0
      vertex 2.67302 6.36197 7.97118
      vertex 2.67302 6.36197 0
    endloop
  endfacet
  facet normal -0.923887 -0.382666 0
    outer loop
      vertex 2.67302 6.36197 7.97118
      vertex 2.85316 5.92705 0
      vertex 2.85316 5.92705 7.97118
    endloop
  endfacet
  facet normal -0.972368 -0.233453 0
    outer loop
      vertex 2.96306 5.4693 0
      vertex 2.85316 5.92705 7.97118
      vertex 2.85316 5.92705 0
    endloop
  endfacet
  facet normal -0.972368 -0.233453 0
    outer loop
      vertex 2.85316 5.92705 7.97118
      vertex 2.96306 5.4693 0
      vertex 2.96306 5.4693 7.97118
    endloop
  endfacet
  facet normal -0.996916 -0.0784703 0
    outer loop
      vertex 3 5 0
      vertex 2.96306 5.4693 7.97118
      vertex 2.96306 5.4693 0
    endloop
  endfacet
  facet normal -0.996916 -0.0784703 0
    outer loop
      vertex 2.96306 5.4693 7.97118
      vertex 3 5 0
      vertex 3 5 7.97118
    endloop
  endfacet
  facet normal -0.996917 0.0784686 0
    outer loop
      vertex 2.96306 4.53069 0
      vertex 3 5 7.97118
      vertex 3 5 0
    endloop
  endfacet
  facet normal -0.996917 0.0784686 0
    outer loop
      vertex 3 5 7.97118
      vertex 2.96306 4.53069 0
      vertex 2.96306 4.53069 7.97118
    endloop
  endfacet
  facet normal -0.972368 0.233453 0
    outer loop
      vertex 2.85316 4.07294 0
      vertex 2.96306 4.53069 7.97118
      vertex 2.96306 4.53069 0
    endloop
  endfacet
  facet normal -0.972368 0.233453 0
    outer loop
      vertex 2.96306 4.53069 7.97118
      vertex 2.85316 4.07294 0
      vertex 2.85316 4.07294 7.97118
    endloop
  endfacet
  facet normal -0.923887 0.382666 0
    outer loop
      vertex 2.67302 3.63802 0
      vertex 2.85316 4.07294 7.97118
      vertex 2.85316 4.07294 0
    endloop
  endfacet
  facet normal -0.923887 0.382666 0
    outer loop
      vertex 2.85316 4.07294 7.97118
      vertex 2.67302 3.63802 0
      vertex 2.67302 3.63802 7.97118
    endloop
  endfacet
  facet normal -0.852642 0.522495 0
    outer loop
      vertex 2.42705 3.23663 0
      vertex 2.67302 3.63802 7.97118
      vertex 2.67302 3.63802 0
    endloop
  endfacet
  facet normal -0.852642 0.522495 0
    outer loop
      vertex 2.67302 3.63802 7.97118
      vertex 2.42705 3.23663 0
      vertex 2.42705 3.23663 7.97118
    endloop
  endfacet
  facet normal -0.760383 0.649475 0
    outer loop
      vertex 2.12131 2.87868 0
      vertex 2.42705 3.23663 7.97118
      vertex 2.42705 3.23663 0
    endloop
  endfacet
  facet normal -0.760383 0.649475 0
    outer loop
      vertex 2.42705 3.23663 7.97118
      vertex 2.12131 2.87868 0
      vertex 2.12131 2.87868 7.97118
    endloop
  endfacet
  facet normal -0.649464 0.760392 0
    outer loop
      vertex 2.12131 2.87868 0
      vertex 1.76335 2.57294 7.97118
      vertex 2.12131 2.87868 7.97118
    endloop
  endfacet
  facet normal -0.649464 0.760392 0
    outer loop
      vertex 1.76335 2.57294 7.97118
      vertex 2.12131 2.87868 0
      vertex 1.76335 2.57294 0
    endloop
  endfacet
  facet normal -0.522505 0.852636 0
    outer loop
      vertex 1.76335 2.57294 0
      vertex 1.36197 2.32697 7.97118
      vertex 1.76335 2.57294 7.97118
    endloop
  endfacet
  facet normal -0.522505 0.852636 0
    outer loop
      vertex 1.36197 2.32697 7.97118
      vertex 1.76335 2.57294 0
      vertex 1.36197 2.32697 0
    endloop
  endfacet
  facet normal -0.382682 0.92388 0
    outer loop
      vertex 1.36197 2.32697 0
      vertex 0.927048 2.14682 7.97118
      vertex 1.36197 2.32697 7.97118
    endloop
  endfacet
  facet normal -0.382682 0.92388 0
    outer loop
      vertex 0.927048 2.14682 7.97118
      vertex 1.36197 2.32697 0
      vertex 0.927048 2.14682 0
    endloop
  endfacet
  facet normal -0.233434 0.972373 0
    outer loop
      vertex 0.927048 2.14682 0
      vertex 0.469299 2.03693 7.97118
      vertex 0.927048 2.14682 7.97118
    endloop
  endfacet
  facet normal -0.233434 0.972373 0
    outer loop
      vertex 0.469299 2.03693 7.97118
      vertex 0.927048 2.14682 0
      vertex 0.469299 2.03693 0
    endloop
  endfacet
  facet normal -0.0784493 0.996918 0
    outer loop
      vertex 0.469299 2.03693 0
      vertex 0 2 7.97118
      vertex 0.469299 2.03693 7.97118
    endloop
  endfacet
  facet normal -0.0784493 0.996918 0
    outer loop
      vertex 0 2 7.97118
      vertex 0.469299 2.03693 0
      vertex 0 2 0
    endloop
  endfacet
  facet normal 0.0784493 0.996918 -0
    outer loop
      vertex 0 2 0
      vertex -0.469299 2.03693 7.97118
      vertex 0 2 7.97118
    endloop
  endfacet
  facet normal 0.0784493 0.996918 0
    outer loop
      vertex -0.469299 2.03693 7.97118
      vertex 0 2 0
      vertex -0.469299 2.03693 0
    endloop
  endfacet
  facet normal 0.233434 0.972373 -0
    outer loop
      vertex -0.469299 2.03693 0
      vertex -0.927048 2.14682 7.97118
      vertex -0.469299 2.03693 7.97118
    endloop
  endfacet
  facet normal 0.233434 0.972373 0
    outer loop
      vertex -0.927048 2.14682 7.97118
      vertex -0.469299 2.03693 0
      vertex -0.927048 2.14682 0
    endloop
  endfacet
  facet normal 0.382682 0.92388 -0
    outer loop
      vertex -0.927048 2.14682 0
      vertex -1.36197 2.32697 7.97118
      vertex -0.927048 2.14682 7.97118
    endloop
  endfacet
  facet normal 0.382682 0.92388 0
    outer loop
      vertex -1.36197 2.32697 7.97118
      vertex -0.927048 2.14682 0
      vertex -1.36197 2.32697 0
    endloop
  endfacet
  facet normal 0.522505 0.852636 -0
    outer loop
      vertex -1.36197 2.32697 0
      vertex -1.76335 2.57294 7.97118
      vertex -1.36197 2.32697 7.97118
    endloop
  endfacet
  facet normal 0.522505 0.852636 0
    outer loop
      vertex -1.76335 2.57294 7.97118
      vertex -1.36197 2.32697 0
      vertex -1.76335 2.57294 0
    endloop
  endfacet
  facet normal 0.649464 0.760392 -0
    outer loop
      vertex -1.76335 2.57294 0
      vertex -2.12131 2.87868 7.97118
      vertex -1.76335 2.57294 7.97118
    endloop
  endfacet
  facet normal 0.649464 0.760392 0
    outer loop
      vertex -2.12131 2.87868 7.97118
      vertex -1.76335 2.57294 0
      vertex -2.12131 2.87868 0
    endloop
  endfacet
  facet normal 0.760383 0.649475 0
    outer loop
      vertex -2.12131 2.87868 7.97118
      vertex -2.42705 3.23663 0
      vertex -2.42705 3.23663 7.97118
    endloop
  endfacet
  facet normal 0.760383 0.649475 0
    outer loop
      vertex -2.42705 3.23663 0
      vertex -2.12131 2.87868 7.97118
      vertex -2.12131 2.87868 0
    endloop
  endfacet
  facet normal 0.852642 0.522495 0
    outer loop
      vertex -2.42705 3.23663 7.97118
      vertex -2.67302 3.63802 0
      vertex -2.67302 3.63802 7.97118
    endloop
  endfacet
  facet normal 0.852642 0.522495 0
    outer loop
      vertex -2.67302 3.63802 0
      vertex -2.42705 3.23663 7.97118
      vertex -2.42705 3.23663 0
    endloop
  endfacet
  facet normal 0.923887 0.382666 0
    outer loop
      vertex -2.67302 3.63802 7.97118
      vertex -2.85316 4.07294 0
      vertex -2.85316 4.07294 7.97118
    endloop
  endfacet
  facet normal 0.923887 0.382666 0
    outer loop
      vertex -2.85316 4.07294 0
      vertex -2.67302 3.63802 7.97118
      vertex -2.67302 3.63802 0
    endloop
  endfacet
  facet normal 0.972368 0.233453 0
    outer loop
      vertex -2.85316 4.07294 7.97118
      vertex -2.96306 4.53069 0
      vertex -2.96306 4.53069 7.97118
    endloop
  endfacet
  facet normal 0.972368 0.233453 0
    outer loop
      vertex -2.96306 4.53069 0
      vertex -2.85316 4.07294 7.97118
      vertex -2.85316 4.07294 0
    endloop
  endfacet
  facet normal 0.996917 0.0784686 0
    outer loop
      vertex -2.96306 4.53069 7.97118
      vertex -3 5 0
      vertex -3 5 7.97118
    endloop
  endfacet
  facet normal 0.996917 0.0784686 0
    outer loop
      vertex -3 5 0
      vertex -2.96306 4.53069 7.97118
      vertex -2.96306 4.53069 0
    endloop
  endfacet
  facet normal 0.996916 -0.0784703 0
    outer loop
      vertex -3 5 7.97118
      vertex -2.96306 5.4693 0
      vertex -2.96306 5.4693 7.97118
    endloop
  endfacet
  facet normal 0.996916 -0.0784703 0
    outer loop
      vertex -2.96306 5.4693 0
      vertex -3 5 7.97118
      vertex -3 5 0
    endloop
  endfacet
  facet normal 0.972368 -0.233453 0
    outer loop
      vertex -2.96306 5.4693 7.97118
      vertex -2.85316 5.92705 0
      vertex -2.85316 5.92705 7.97118
    endloop
  endfacet
  facet normal 0.972368 -0.233453 0
    outer loop
      vertex -2.85316 5.92705 0
      vertex -2.96306 5.4693 7.97118
      vertex -2.96306 5.4693 0
    endloop
  endfacet
  facet normal 0.923887 -0.382666 0
    outer loop
      vertex -2.85316 5.92705 7.97118
      vertex -2.67302 6.36197 0
      vertex -2.67302 6.36197 7.97118
    endloop
  endfacet
  facet normal 0.923887 -0.382666 0
    outer loop
      vertex -2.67302 6.36197 0
      vertex -2.85316 5.92705 7.97118
      vertex -2.85316 5.92705 0
    endloop
  endfacet
  facet normal 0.852636 -0.522505 0
    outer loop
      vertex -2.67302 6.36197 7.97118
      vertex -2.42705 6.76335 0
      vertex -2.42705 6.76335 7.97118
    endloop
  endfacet
  facet normal 0.852636 -0.522505 0
    outer loop
      vertex -2.42705 6.76335 0
      vertex -2.67302 6.36197 7.97118
      vertex -2.67302 6.36197 0
    endloop
  endfacet
  facet normal 0.760392 -0.649464 0
    outer loop
      vertex -2.42705 6.76335 7.97118
      vertex -2.12131 7.12131 0
      vertex -2.12131 7.12131 7.97118
    endloop
  endfacet
  facet normal 0.760392 -0.649464 0
    outer loop
      vertex -2.12131 7.12131 0
      vertex -2.42705 6.76335 7.97118
      vertex -2.42705 6.76335 0
    endloop
  endfacet
  facet normal 0.649262 -0.760565 0
    outer loop
      vertex -2.12131 7.12131 0
      vertex -2.09999 7.13951 7.97118
      vertex -2.12131 7.12131 7.97118
    endloop
  endfacet
  facet normal 0.649262 -0.760565 0
    outer loop
      vertex -2.09999 7.13951 7.97118
      vertex -2.12131 7.12131 0
      vertex -2.09999 7.13951 0
    endloop
  endfacet
  facet normal 1 -0 0
    outer loop
      vertex -2.09999 7.13951 7.97118
      vertex -2.09999 9.09148 0
      vertex -2.09999 9.09148 7.97118
    endloop
  endfacet
  facet normal 1 0 0
    outer loop
      vertex -2.09999 9.09148 0
      vertex -2.09999 7.13951 7.97118
      vertex -2.09999 7.13951 0
    endloop
  endfacet
  facet normal -0.522487 0.852647 0
    outer loop
      vertex -2.09999 9.09148 0
      vertex -2.70381 8.72147 7.97118
      vertex -2.09999 9.09148 7.97118
    endloop
  endfacet
  facet normal -0.522487 0.852647 0
    outer loop
      vertex -2.70381 8.72147 7.97118
      vertex -2.09999 9.09148 0
      vertex -2.70381 8.72147 0
    endloop
  endfacet
  facet normal -0.649442 0.760411 0
    outer loop
      vertex -2.70381 8.72147 0
      vertex -3.25269 8.25269 7.97118
      vertex -2.70381 8.72147 7.97118
    endloop
  endfacet
  facet normal -0.649442 0.760411 0
    outer loop
      vertex -3.25269 8.25269 7.97118
      vertex -2.70381 8.72147 0
      vertex -3.25269 8.25269 0
    endloop
  endfacet
  facet normal -0.760411 0.649442 0
    outer loop
      vertex -3.72147 7.70381 0
      vertex -3.25269 8.25269 7.97118
      vertex -3.25269 8.25269 0
    endloop
  endfacet
  facet normal -0.760411 0.649442 0
    outer loop
      vertex -3.25269 8.25269 7.97118
      vertex -3.72147 7.70381 0
      vertex -3.72147 7.70381 7.97118
    endloop
  endfacet
  facet normal -0.852643 0.522494 0
    outer loop
      vertex -4.09862 7.08835 0
      vertex -3.72147 7.70381 7.97118
      vertex -3.72147 7.70381 0
    endloop
  endfacet
  facet normal -0.852643 0.522494 0
    outer loop
      vertex -3.72147 7.70381 7.97118
      vertex -4.09862 7.08835 0
      vertex -4.09862 7.08835 7.97118
    endloop
  endfacet
  facet normal -0.923882 0.382678 0
    outer loop
      vertex -4.37485 6.42146 0
      vertex -4.09862 7.08835 7.97118
      vertex -4.09862 7.08835 0
    endloop
  endfacet
  facet normal -0.923882 0.382678 0
    outer loop
      vertex -4.09862 7.08835 7.97118
      vertex -4.37485 6.42146 0
      vertex -4.37485 6.42146 7.97118
    endloop
  endfacet
  facet normal -0.972365 0.233466 0
    outer loop
      vertex -4.54337 5.71959 0
      vertex -4.37485 6.42146 7.97118
      vertex -4.37485 6.42146 0
    endloop
  endfacet
  facet normal -0.972365 0.233466 0
    outer loop
      vertex -4.37485 6.42146 7.97118
      vertex -4.54337 5.71959 0
      vertex -4.54337 5.71959 7.97118
    endloop
  endfacet
  facet normal -0.996919 0.0784412 0
    outer loop
      vertex -4.59999 5 0
      vertex -4.54337 5.71959 7.97118
      vertex -4.54337 5.71959 0
    endloop
  endfacet
  facet normal -0.996919 0.0784412 0
    outer loop
      vertex -4.54337 5.71959 7.97118
      vertex -4.59999 5 0
      vertex -4.59999 5 7.97118
    endloop
  endfacet
  facet normal -0.996919 -0.0784402 0
    outer loop
      vertex -4.54337 4.2804 0
      vertex -4.59999 5 7.97118
      vertex -4.59999 5 0
    endloop
  endfacet
  facet normal -0.996919 -0.0784402 0
    outer loop
      vertex -4.59999 5 7.97118
      vertex -4.54337 4.2804 0
      vertex -4.54337 4.2804 7.97118
    endloop
  endfacet
  facet normal -0.972366 -0.233463 0
    outer loop
      vertex -4.37485 3.57852 0
      vertex -4.54337 4.2804 7.97118
      vertex -4.54337 4.2804 0
    endloop
  endfacet
  facet normal -0.972366 -0.233463 0
    outer loop
      vertex -4.54337 4.2804 7.97118
      vertex -4.37485 3.57852 0
      vertex -4.37485 3.57852 7.97118
    endloop
  endfacet
  facet normal -0.92388 -0.382683 0
    outer loop
      vertex -4.09862 2.91164 0
      vertex -4.37485 3.57852 7.97118
      vertex -4.37485 3.57852 0
    endloop
  endfacet
  facet normal -0.92388 -0.382683 0
    outer loop
      vertex -4.37485 3.57852 7.97118
      vertex -4.09862 2.91164 0
      vertex -4.09862 2.91164 7.97118
    endloop
  endfacet
  facet normal -0.852647 -0.522488 0
    outer loop
      vertex -3.72147 2.29617 0
      vertex -4.09862 2.91164 7.97118
      vertex -4.09862 2.91164 0
    endloop
  endfacet
  facet normal -0.852647 -0.522488 0
    outer loop
      vertex -4.09862 2.91164 7.97118
      vertex -3.72147 2.29617 0
      vertex -3.72147 2.29617 7.97118
    endloop
  endfacet
  facet normal -0.760397 -0.649458 0
    outer loop
      vertex -3.46851 2 0
      vertex -3.72147 2.29617 7.97118
      vertex -3.72147 2.29617 0
    endloop
  endfacet
  facet normal -0.760397 -0.649458 0
    outer loop
      vertex -3.72147 2.29617 7.97118
      vertex -3.46851 2 0
      vertex -3.46851 2 7.97118
    endloop
  endfacet
  facet normal 0 1 -0
    outer loop
      vertex -3.46851 2 0
      vertex -9.79263 2 7.97118
      vertex -3.46851 2 7.97118
    endloop
  endfacet
  facet normal 0 1 0
    outer loop
      vertex -10 2 0
      vertex -9.79263 2 7.97118
      vertex -3.46851 2 0
    endloop
  endfacet
  facet normal 0 1 0
    outer loop
      vertex -9.79263 2 7.97118
      vertex -10 2 0
      vertex -10 2 7.88528
    endloop
  endfacet
  facet normal -1 0 0
    outer loop
      vertex -10 0 0
      vertex -10 2 7.88528
      vertex -10 2 0
    endloop
  endfacet
  facet normal -1 -0 0
    outer loop
      vertex -10 2 7.88528
      vertex -10 0 0
      vertex -10 0 7.88528
    endloop
  endfacet
  facet normal 0 -1 0
    outer loop
      vertex -10 0 0
      vertex -9.79263 0 7.97118
      vertex -10 0 7.88528
    endloop
  endfacet
  facet normal 0 -1 -0
    outer loop
      vertex -9.79263 0 7.97118
      vertex -10 0 0
      vertex 9.79263 0 7.97118
    endloop
  endfacet
  facet normal 0 -1 0
    outer loop
      vertex 10 0 0
      vertex 9.79263 0 7.97118
      vertex -10 0 0
    endloop
  endfacet
  facet normal 0 -1 0
    outer loop
      vertex 9.79263 0 7.97118
      vertex 10 0 0
      vertex 10 0 7.88528
    endloop
  endfacet
  facet normal 1 -0 0
    outer loop
      vertex 10 0 7.88528
      vertex 10 2 0
      vertex 10 2 7.88528
    endloop
  endfacet
  facet normal 1 0 0
    outer loop
      vertex 10 2 0
      vertex 10 0 7.88528
      vertex 10 0 0
    endloop
  endfacet
  facet normal -0 0 1
    outer loop
      vertex -2.70381 8.72147 7.97118
      vertex -2.09999 7.13951 7.97118
      vertex -2.09999 9.09148 7.97118
    endloop
  endfacet
  facet normal -0 0 1
    outer loop
      vertex -3.25269 8.25269 7.97118
      vertex -2.09999 7.13951 7.97118
      vertex -2.70381 8.72147 7.97118
    endloop
  endfacet
  facet normal 0 0 1
    outer loop
      vertex -2.09999 7.13951 7.97118
      vertex -3.25269 8.25269 7.97118
      vertex -2.12131 7.12131 7.97118
    endloop
  endfacet
  facet normal 0 0 1
    outer loop
      vertex -2.12131 7.12131 7.97118
      vertex -3.25269 8.25269 7.97118
      vertex -2.42705 6.76335 7.97118
    endloop
  endfacet
  facet normal -0 0 1
    outer loop
      vertex -3.72147 7.70381 7.97118
      vertex -2.42705 6.76335 7.97118
      vertex -3.25269 8.25269 7.97118
    endloop
  endfacet
  facet normal 0 0 1
    outer loop
      vertex -2.42705 6.76335 7.97118
      vertex -3.72147 7.70381 7.97118
      vertex -2.67302 6.36197 7.97118
    endloop
  endfacet
  facet normal 0 0 1
    outer loop
      vertex -2.67302 6.36197 7.97118
      vertex -4.09862 7.08835 7.97118
      vertex -2.85316 5.92705 7.97118
    endloop
  endfacet
  facet normal -0 0 1
    outer loop
      vertex -4.09862 7.08835 7.97118
      vertex -2.67302 6.36197 7.97118
      vertex -3.72147 7.70381 7.97118
    endloop
  endfacet
  facet normal 0 0 1
    outer loop
      vertex 3 5 7.97118
      vertex 4.59999 5 7.97118
      vertex 4.54337 5.71959 7.97118
    endloop
  endfacet
  facet normal 0 0 1
    outer loop
      vertex 2.96306 5.4693 7.97118
      vertex 4.54337 5.71959 7.97118
      vertex 4.37485 6.42146 7.97118
    endloop
  endfacet
  facet normal 0 0 1
    outer loop
      vertex 4.59999 5 7.97118
      vertex 3 5 7.97118
      vertex 4.54337 4.2804 7.97118
    endloop
  endfacet
  facet normal 0 0 1
    outer loop
      vertex 2.85316 5.92705 7.97118
      vertex 4.37485 6.42146 7.97118
      vertex 4.09862 7.08835 7.97118
    endloop
  endfacet
  facet normal -0 0 1
    outer loop
      vertex 2.96306 4.53069 7.97118
      vertex 4.54337 4.2804 7.97118
      vertex 3 5 7.97118
    endloop
  endfacet
  facet normal 0 0 1
    outer loop
      vertex 2.67302 6.36197 7.97118
      vertex 4.09862 7.08835 7.97118
      vertex 3.72147 7.70381 7.97118
    endloop
  endfacet
  facet normal 0 0 1
    outer loop
      vertex 4.54337 4.2804 7.97118
      vertex 2.96306 4.53069 7.97118
      vertex 4.37485 3.57852 7.97118
    endloop
  endfacet
  facet normal -0 0 1
    outer loop
      vertex 2.85316 4.07294 7.97118
      vertex 4.37485 3.57852 7.97118
      vertex 2.96306 4.53069 7.97118
    endloop
  endfacet
  facet normal 0 0 1
    outer loop
      vertex 2.42705 6.76335 7.97118
      vertex 3.72147 7.70381 7.97118
      vertex 3.25269 8.25269 7.97118
    endloop
  endfacet
  facet normal -0 0 1
    outer loop
      vertex 3.46851 2 7.97118
      vertex 9.79263 0 7.97118
      vertex 9.79263 2 7.97118
    endloop
  endfacet
  facet normal 0 0 1
    outer loop
      vertex 4.37485 3.57852 7.97118
      vertex 2.85316 4.07294 7.97118
      vertex 4.09862 2.91164 7.97118
    endloop
  endfacet
  facet normal -0 0 1
    outer loop
      vertex 2.67302 3.63802 7.97118
      vertex 4.09862 2.91164 7.97118
      vertex 2.85316 4.07294 7.97118
    endloop
  endfacet
  facet normal 0 0 1
    outer loop
      vertex 4.09862 2.91164 7.97118
      vertex 2.67302 3.63802 7.97118
      vertex 3.72147 2.29617 7.97118
    endloop
  endfacet
  facet normal -0 0 1
    outer loop
      vertex 2.42705 3.23663 7.97118
      vertex 3.72147 2.29617 7.97118
      vertex 2.67302 3.63802 7.97118
    endloop
  endfacet
  facet normal 0 0 1
    outer loop
      vertex 3.72147 2.29617 7.97118
      vertex 2.42705 3.23663 7.97118
      vertex 3.46851 2 7.97118
    endloop
  endfacet
  facet normal -0 0 1
    outer loop
      vertex 2.12131 2.87868 7.97118
      vertex 3.46851 2 7.97118
      vertex 2.42705 3.23663 7.97118
    endloop
  endfacet
  facet normal -0 0 1
    outer loop
      vertex 1.76335 2.57294 7.97118
      vertex 3.46851 2 7.97118
      vertex 2.12131 2.87868 7.97118
    endloop
  endfacet
  facet normal -0 0 1
    outer loop
      vertex 1.36197 2.32697 7.97118
      vertex 3.46851 2 7.97118
      vertex 1.76335 2.57294 7.97118
    endloop
  endfacet
  facet normal -0 0 1
    outer loop
      vertex 0.927048 2.14682 7.97118
      vertex 3.46851 2 7.97118
      vertex 1.36197 2.32697 7.97118
    endloop
  endfacet
  facet normal -0 0 1
    outer loop
      vertex 0.469299 2.03693 7.97118
      vertex 3.46851 2 7.97118
      vertex 0.927048 2.14682 7.97118
    endloop
  endfacet
  facet normal 0 0 1
    outer loop
      vertex 3.46851 2 7.97118
      vertex 0.469299 2.03693 7.97118
      vertex 9.79263 0 7.97118
    endloop
  endfacet
  facet normal -0 0 1
    outer loop
      vertex 0 2 7.97118
      vertex 9.79263 0 7.97118
      vertex 0.469299 2.03693 7.97118
    endloop
  endfacet
  facet normal 0 0 1
    outer loop
      vertex -9.79263 0 7.97118
      vertex 0 2 7.97118
      vertex -0.469299 2.03693 7.97118
    endloop
  endfacet
  facet normal -0 0 1
    outer loop
      vertex -4.37485 6.42146 7.97118
      vertex -2.85316 5.92705 7.97118
      vertex -4.09862 7.08835 7.97118
    endloop
  endfacet
  facet normal 0 0 1
    outer loop
      vertex -3.72147 2.29617 7.97118
      vertex -2.96306 4.53069 7.97118
      vertex -3 5 7.97118
    endloop
  endfacet
  facet normal 0 0 1
    outer loop
      vertex -3.72147 2.29617 7.97118
      vertex -2.85316 4.07294 7.97118
      vertex -2.96306 4.53069 7.97118
    endloop
  endfacet
  facet normal 0 0 1
    outer loop
      vertex -3.72147 2.29617 7.97118
      vertex -2.67302 3.63802 7.97118
      vertex -2.85316 4.07294 7.97118
    endloop
  endfacet
  facet normal 0 0 1
    outer loop
      vertex -3.72147 2.29617 7.97118
      vertex -2.42705 3.23663 7.97118
      vertex -2.67302 3.63802 7.97118
    endloop
  endfacet
  facet normal 0 0 1
    outer loop
      vertex -3.46851 2 7.97118
      vertex -2.12131 2.87868 7.97118
      vertex -2.42705 3.23663 7.97118
    endloop
  endfacet
  facet normal 0 0 1
    outer loop
      vertex -3.46851 2 7.97118
      vertex -1.76335 2.57294 7.97118
      vertex -2.12131 2.87868 7.97118
    endloop
  endfacet
  facet normal 0 0 1
    outer loop
      vertex -3.46851 2 7.97118
      vertex -1.36197 2.32697 7.97118
      vertex -1.76335 2.57294 7.97118
    endloop
  endfacet
  facet normal 0 0 1
    outer loop
      vertex -3.46851 2 7.97118
      vertex -0.927048 2.14682 7.97118
      vertex -1.36197 2.32697 7.97118
    endloop
  endfacet
  facet normal 0 0 1
    outer loop
      vertex -3.46851 2 7.97118
      vertex -0.469299 2.03693 7.97118
      vertex -0.927048 2.14682 7.97118
    endloop
  endfacet
  facet normal 0 0 1
    outer loop
      vertex -9.79263 0 7.97118
      vertex -0.469299 2.03693 7.97118
      vertex -3.46851 2 7.97118
    endloop
  endfacet
  facet normal 0 0 1
    outer loop
      vertex -9.79263 0 7.97118
      vertex -3.46851 2 7.97118
      vertex -9.79263 2 7.97118
    endloop
  endfacet
  facet normal 0 0 1
    outer loop
      vertex 0 2 7.97118
      vertex -9.79263 0 7.97118
      vertex 9.79263 0 7.97118
    endloop
  endfacet
  facet normal 0 0 1
    outer loop
      vertex 4.54337 5.71959 7.97118
      vertex 2.96306 5.4693 7.97118
      vertex 3 5 7.97118
    endloop
  endfacet
  facet normal 0 0 1
    outer loop
      vertex 4.37485 6.42146 7.97118
      vertex 2.85316 5.92705 7.97118
      vertex 2.96306 5.4693 7.97118
    endloop
  endfacet
  facet normal 0 0 1
    outer loop
      vertex 2.09999 7.13951 7.97118
      vertex 3.25269 8.25269 7.97118
      vertex 2.70381 8.72147 7.97118
    endloop
  endfacet
  facet normal 0 0 1
    outer loop
      vertex 4.09862 7.08835 7.97118
      vertex 2.67302 6.36197 7.97118
      vertex 2.85316 5.92705 7.97118
    endloop
  endfacet
  facet normal 0 0 1
    outer loop
      vertex 3.72147 7.70381 7.97118
      vertex 2.42705 6.76335 7.97118
      vertex 2.67302 6.36197 7.97118
    endloop
  endfacet
  facet normal 0 0 1
    outer loop
      vertex 3.25269 8.25269 7.97118
      vertex 2.12131 7.12131 7.97118
      vertex 2.42705 6.76335 7.97118
    endloop
  endfacet
  facet normal 0 0 1
    outer loop
      vertex 2.09999 7.13951 7.97118
      vertex 2.70381 8.72147 7.97118
      vertex 2.09999 9.09148 7.97118
    endloop
  endfacet
  facet normal 0 0 1
    outer loop
      vertex 3.25269 8.25269 7.97118
      vertex 2.09999 7.13951 7.97118
      vertex 2.12131 7.12131 7.97118
    endloop
  endfacet
  facet normal 0 0 1
    outer loop
      vertex -2.85316 5.92705 7.97118
      vertex -4.37485 6.42146 7.97118
      vertex -2.96306 5.4693 7.97118
    endloop
  endfacet
  facet normal -0 0 1
    outer loop
      vertex -4.54337 5.71959 7.97118
      vertex -2.96306 5.4693 7.97118
      vertex -4.37485 6.42146 7.97118
    endloop
  endfacet
  facet normal 0 0 1
    outer loop
      vertex -2.96306 5.4693 7.97118
      vertex -4.54337 5.71959 7.97118
      vertex -3 5 7.97118
    endloop
  endfacet
  facet normal 0 0 1
    outer loop
      vertex -2.42705 3.23663 7.97118
      vertex -3.72147 2.29617 7.97118
      vertex -3.46851 2 7.97118
    endloop
  endfacet
  facet normal 0 -0 1
    outer loop
      vertex -3.72147 2.29617 7.97118
      vertex -3 5 7.97118
      vertex -4.09862 2.91164 7.97118
    endloop
  endfacet
  facet normal 0 0 1
    outer loop
      vertex -3 5 7.97118
      vertex -4.37485 3.57852 7.97118
      vertex -4.09862 2.91164 7.97118
    endloop
  endfacet
  facet normal 0 0 1
    outer loop
      vertex -4.59999 5 7.97118
      vertex -3 5 7.97118
      vertex -4.54337 5.71959 7.97118
    endloop
  endfacet
  facet normal 0 0 1
    outer loop
      vertex -3 5 7.97118
      vertex -4.54337 4.2804 7.97118
      vertex -4.37485 3.57852 7.97118
    endloop
  endfacet
  facet normal 0 0 1
    outer loop
      vertex -3 5 7.97118
      vertex -4.59999 5 7.97118
      vertex -4.54337 4.2804 7.97118
    endloop
  endfacet
  facet normal -0.382701 0 0.923872
    outer loop
      vertex -10 2 7.88528
      vertex -9.79263 0 7.97118
      vertex -9.79263 2 7.97118
    endloop
  endfacet
  facet normal -0.382701 0 0.923872
    outer loop
      vertex -9.79263 0 7.97118
      vertex -10 2 7.88528
      vertex -10 0 7.88528
    endloop
  endfacet
  facet normal 0.382701 0 0.923872
    outer loop
      vertex 9.79263 2 7.97118
      vertex 10 0 7.88528
      vertex 10 2 7.88528
    endloop
  endfacet
  facet normal 0.382701 0 0.923872
    outer loop
      vertex 10 0 7.88528
      vertex 9.79263 2 7.97118
      vertex 9.79263 0 7.97118
    endloop
  endfacet
  facet normal 0 0 -1
    outer loop
      vertex 34 0 0
      vertex 27.4685 2 0
      vertex 34 2 0
    endloop
  endfacet
  facet normal -0 0 -1
    outer loop
      vertex 28.3748 6.42146 0
      vertex 26.8532 5.92705 0
      vertex 28.0986 7.08835 0
    endloop
  endfacet
  facet normal 0 0 -1
    outer loop
      vertex 27.7215 2.29617 0
      vertex 26.9631 4.53069 0
      vertex 27 5 0
    endloop
  endfacet
  facet normal 0 0 -1
    outer loop
      vertex 27.7215 2.29617 0
      vertex 26.8532 4.07294 0
      vertex 26.9631 4.53069 0
    endloop
  endfacet
  facet normal 0 0 -1
    outer loop
      vertex 27.7215 2.29617 0
      vertex 26.673 3.63802 0
      vertex 26.8532 4.07294 0
    endloop
  endfacet
  facet normal 0 0 -1
    outer loop
      vertex 27.7215 2.29617 0
      vertex 26.427 3.23663 0
      vertex 26.673 3.63802 0
    endloop
  endfacet
  facet normal 0 0 -1
    outer loop
      vertex 27.4685 2 0
      vertex 26.1213 2.87868 0
      vertex 26.427 3.23663 0
    endloop
  endfacet
  facet normal 0 0 -1
    outer loop
      vertex 27.4685 2 0
      vertex 25.7634 2.57294 0
      vertex 26.1213 2.87868 0
    endloop
  endfacet
  facet normal 0 0 -1
    outer loop
      vertex 27.4685 2 0
      vertex 25.362 2.32697 0
      vertex 25.7634 2.57294 0
    endloop
  endfacet
  facet normal 0 0 -1
    outer loop
      vertex 24.4693 2.03693 0
      vertex 27.4685 2 0
      vertex 34 0 0
    endloop
  endfacet
  facet normal 0 0 -1
    outer loop
      vertex 27.4685 2 0
      vertex 24.927 2.14682 0
      vertex 25.362 2.32697 0
    endloop
  endfacet
  facet normal 0 0 -1
    outer loop
      vertex 27.4685 2 0
      vertex 24.4693 2.03693 0
      vertex 24.927 2.14682 0
    endloop
  endfacet
  facet normal 0 0 -1
    outer loop
      vertex 34 0 0
      vertex 24 2 0
      vertex 24.4693 2.03693 0
    endloop
  endfacet
  facet normal 0 0 -1
    outer loop
      vertex 14 0 0
      vertex 24 2 0
      vertex 34 0 0
    endloop
  endfacet
  facet normal 0 0 -1
    outer loop
      vertex 19.6252 3.57852 0
      vertex 21.1468 4.07294 0
      vertex 19.9014 2.91164 0
    endloop
  endfacet
  facet normal -0 0 -1
    outer loop
      vertex 21.327 3.63802 0
      vertex 19.9014 2.91164 0
      vertex 21.1468 4.07294 0
    endloop
  endfacet
  facet normal 0 0 -1
    outer loop
      vertex 19.9014 2.91164 0
      vertex 21.327 3.63802 0
      vertex 20.2785 2.29617 0
    endloop
  endfacet
  facet normal -0 0 -1
    outer loop
      vertex 21.573 3.23663 0
      vertex 20.2785 2.29617 0
      vertex 21.327 3.63802 0
    endloop
  endfacet
  facet normal 0 0 -1
    outer loop
      vertex 20.2785 2.29617 0
      vertex 21.573 3.23663 0
      vertex 20.5315 2 0
    endloop
  endfacet
  facet normal -0 0 -1
    outer loop
      vertex 21.8787 2.87868 0
      vertex 20.5315 2 0
      vertex 21.573 3.23663 0
    endloop
  endfacet
  facet normal -0 0 -1
    outer loop
      vertex 22.2366 2.57294 0
      vertex 20.5315 2 0
      vertex 21.8787 2.87868 0
    endloop
  endfacet
  facet normal -0 0 -1
    outer loop
      vertex 22.638 2.32697 0
      vertex 20.5315 2 0
      vertex 22.2366 2.57294 0
    endloop
  endfacet
  facet normal -0 0 -1
    outer loop
      vertex 23.073 2.14682 0
      vertex 20.5315 2 0
      vertex 22.638 2.32697 0
    endloop
  endfacet
  facet normal -0 0 -1
    outer loop
      vertex 23.5307 2.03693 0
      vertex 20.5315 2 0
      vertex 23.073 2.14682 0
    endloop
  endfacet
  facet normal -0 0 -1
    outer loop
      vertex 24 2 0
      vertex 14 0 0
      vertex 23.5307 2.03693 0
    endloop
  endfacet
  facet normal 0 0 -1
    outer loop
      vertex 23.5307 2.03693 0
      vertex 14 0 0
      vertex 20.5315 2 0
    endloop
  endfacet
  facet normal -0 0 -1
    outer loop
      vertex 20.5315 2 0
      vertex 14 0 0
      vertex 14 2 0
    endloop
  endfacet
  facet normal 0 0 -1
    outer loop
      vertex 27 5 0
      vertex 28.6 5 0
      vertex 28.5434 4.2804 0
    endloop
  endfacet
  facet normal 0 0 -1
    outer loop
      vertex 27 5 0
      vertex 28.5434 4.2804 0
      vertex 28.3748 3.57852 0
    endloop
  endfacet
  facet normal 0 0 -1
    outer loop
      vertex 28.6 5 0
      vertex 27 5 0
      vertex 28.5434 5.71959 0
    endloop
  endfacet
  facet normal 0 0 -1
    outer loop
      vertex 27 5 0
      vertex 28.3748 3.57852 0
      vertex 28.0986 2.91164 0
    endloop
  endfacet
  facet normal 0 0 -1
    outer loop
      vertex 27.7215 2.29617 0
      vertex 27 5 0
      vertex 28.0986 2.91164 0
    endloop
  endfacet
  facet normal 0 0 -1
    outer loop
      vertex 26.427 3.23663 0
      vertex 27.7215 2.29617 0
      vertex 27.4685 2 0
    endloop
  endfacet
  facet normal 0 0 -1
    outer loop
      vertex 26.9631 5.4693 0
      vertex 28.5434 5.71959 0
      vertex 27 5 0
    endloop
  endfacet
  facet normal -0 0 -1
    outer loop
      vertex 28.5434 5.71959 0
      vertex 26.9631 5.4693 0
      vertex 28.3748 6.42146 0
    endloop
  endfacet
  facet normal 0 0 -1
    outer loop
      vertex 26.8532 5.92705 0
      vertex 28.3748 6.42146 0
      vertex 26.9631 5.4693 0
    endloop
  endfacet
  facet normal 0 0 -1
    outer loop
      vertex 26.673 6.36197 0
      vertex 28.0986 7.08835 0
      vertex 26.8532 5.92705 0
    endloop
  endfacet
  facet normal -0 0 -1
    outer loop
      vertex 28.0986 7.08835 0
      vertex 26.673 6.36197 0
      vertex 27.7215 7.70381 0
    endloop
  endfacet
  facet normal 0 0 -1
    outer loop
      vertex 26.427 6.76335 0
      vertex 27.7215 7.70381 0
      vertex 26.673 6.36197 0
    endloop
  endfacet
  facet normal -0 0 -1
    outer loop
      vertex 27.7215 7.70381 0
      vertex 26.427 6.76335 0
      vertex 27.2527 8.25269 0
    endloop
  endfacet
  facet normal 0 0 -1
    outer loop
      vertex 26.1213 7.12131 0
      vertex 27.2527 8.25269 0
      vertex 26.427 6.76335 0
    endloop
  endfacet
  facet normal 0 0 -1
    outer loop
      vertex 26.1 7.13951 0
      vertex 27.2527 8.25269 0
      vertex 26.1213 7.12131 0
    endloop
  endfacet
  facet normal -0 0 -1
    outer loop
      vertex 27.2527 8.25269 0
      vertex 26.1 7.13951 0
      vertex 26.7038 8.72147 0
    endloop
  endfacet
  facet normal -0 0 -1
    outer loop
      vertex 26.7038 8.72147 0
      vertex 26.1 7.13951 0
      vertex 26.1 9.09148 0
    endloop
  endfacet
  facet normal 0 0 -1
    outer loop
      vertex 20.7473 8.25269 0
      vertex 21.9 7.13951 0
      vertex 21.8787 7.12131 0
    endloop
  endfacet
  facet normal 0 0 -1
    outer loop
      vertex 20.7473 8.25269 0
      vertex 21.8787 7.12131 0
      vertex 21.573 6.76335 0
    endloop
  endfacet
  facet normal 0 0 -1
    outer loop
      vertex 20.7473 8.25269 0
      vertex 21.573 6.76335 0
      vertex 21.327 6.36197 0
    endloop
  endfacet
  facet normal 0 0 -1
    outer loop
      vertex 21.9 7.13951 0
      vertex 21.2962 8.72147 0
      vertex 21.9 9.09148 0
    endloop
  endfacet
  facet normal 0 0 -1
    outer loop
      vertex 20.7473 8.25269 0
      vertex 21.327 6.36197 0
      vertex 21.1468 5.92705 0
    endloop
  endfacet
  facet normal 0 0 -1
    outer loop
      vertex 20.7473 8.25269 0
      vertex 21.1468 5.92705 0
      vertex 21.0369 5.4693 0
    endloop
  endfacet
  facet normal 0 0 -1
    outer loop
      vertex 21.9 7.13951 0
      vertex 20.7473 8.25269 0
      vertex 21.2962 8.72147 0
    endloop
  endfacet
  facet normal 0 0 -1
    outer loop
      vertex 20.7473 8.25269 0
      vertex 21.0369 5.4693 0
      vertex 21 5 0
    endloop
  endfacet
  facet normal -0 0 -1
    outer loop
      vertex 21.1468 4.07294 0
      vertex 19.6252 3.57852 0
      vertex 21.0369 4.53069 0
    endloop
  endfacet
  facet normal 0 0 -1
    outer loop
      vertex 21 5 0
      vertex 20.2785 7.70381 0
      vertex 20.7473 8.25269 0
    endloop
  endfacet
  facet normal 0 0 -1
    outer loop
      vertex 19.4566 4.2804 0
      vertex 21.0369 4.53069 0
      vertex 19.6252 3.57852 0
    endloop
  endfacet
  facet normal 0 0 -1
    outer loop
      vertex 21 5 0
      vertex 19.9014 7.08835 0
      vertex 20.2785 7.70381 0
    endloop
  endfacet
  facet normal -0 0 -1
    outer loop
      vertex 21.0369 4.53069 0
      vertex 19.4566 4.2804 0
      vertex 21 5 0
    endloop
  endfacet
  facet normal 0 0 -1
    outer loop
      vertex 21 5 0
      vertex 19.6252 6.42146 0
      vertex 19.9014 7.08835 0
    endloop
  endfacet
  facet normal 0 0 -1
    outer loop
      vertex 19.4 5 0
      vertex 21 5 0
      vertex 19.4566 4.2804 0
    endloop
  endfacet
  facet normal 0 0 -1
    outer loop
      vertex 21 5 0
      vertex 19.4566 5.71959 0
      vertex 19.6252 6.42146 0
    endloop
  endfacet
  facet normal 0 0 -1
    outer loop
      vertex 21 5 0
      vertex 19.4 5 0
      vertex 19.4566 5.71959 0
    endloop
  endfacet
  facet normal 0 1 -0
    outer loop
      vertex 34 2 0
      vertex 33.7926 2 7.97118
      vertex 34 2 7.88528
    endloop
  endfacet
  facet normal 0 1 0
    outer loop
      vertex 33.7926 2 7.97118
      vertex 34 2 0
      vertex 27.4685 2 0
    endloop
  endfacet
  facet normal 0 1 0
    outer loop
      vertex 33.7926 2 7.97118
      vertex 27.4685 2 0
      vertex 27.4685 2 7.97118
    endloop
  endfacet
  facet normal 0.760346 -0.649518 0
    outer loop
      vertex 27.4685 2 7.97118
      vertex 27.7215 2.29617 0
      vertex 27.7215 2.29617 7.97118
    endloop
  endfacet
  facet normal 0.760346 -0.649518 0
    outer loop
      vertex 27.7215 2.29617 0
      vertex 27.4685 2 7.97118
      vertex 27.4685 2 0
    endloop
  endfacet
  facet normal 0.852678 -0.522438 0
    outer loop
      vertex 27.7215 2.29617 7.97118
      vertex 28.0986 2.91164 0
      vertex 28.0986 2.91164 7.97118
    endloop
  endfacet
  facet normal 0.852678 -0.522438 0
    outer loop
      vertex 28.0986 2.91164 0
      vertex 27.7215 2.29617 7.97118
      vertex 27.7215 2.29617 0
    endloop
  endfacet
  facet normal 0.923895 -0.382647 0
    outer loop
      vertex 28.0986 2.91164 7.97118
      vertex 28.3748 3.57852 0
      vertex 28.3748 3.57852 7.97118
    endloop
  endfacet
  facet normal 0.923895 -0.382647 0
    outer loop
      vertex 28.3748 3.57852 0
      vertex 28.0986 2.91164 7.97118
      vertex 28.0986 2.91164 0
    endloop
  endfacet
  facet normal 0.972341 -0.233568 0
    outer loop
      vertex 28.3748 3.57852 7.97118
      vertex 28.5434 4.2804 0
      vertex 28.5434 4.2804 7.97118
    endloop
  endfacet
  facet normal 0.972341 -0.233568 0
    outer loop
      vertex 28.5434 4.2804 0
      vertex 28.3748 3.57852 7.97118
      vertex 28.3748 3.57852 0
    endloop
  endfacet
  facet normal 0.996921 -0.0784126 0
    outer loop
      vertex 28.5434 4.2804 7.97118
      vertex 28.6 5 0
      vertex 28.6 5 7.97118
    endloop
  endfacet
  facet normal 0.996921 -0.0784126 0
    outer loop
      vertex 28.6 5 0
      vertex 28.5434 4.2804 7.97118
      vertex 28.5434 4.2804 0
    endloop
  endfacet
  facet normal 0.996921 0.0784137 0
    outer loop
      vertex 28.6 5 7.97118
      vertex 28.5434 5.71959 0
      vertex 28.5434 5.71959 7.97118
    endloop
  endfacet
  facet normal 0.996921 0.0784137 0
    outer loop
      vertex 28.5434 5.71959 0
      vertex 28.6 5 7.97118
      vertex 28.6 5 0
    endloop
  endfacet
  facet normal 0.97234 0.233571 0
    outer loop
      vertex 28.5434 5.71959 7.97118
      vertex 28.3748 6.42146 0
      vertex 28.3748 6.42146 7.97118
    endloop
  endfacet
  facet normal 0.97234 0.233571 0
    outer loop
      vertex 28.3748 6.42146 0
      vertex 28.5434 5.71959 7.97118
      vertex 28.5434 5.71959 0
    endloop
  endfacet
  facet normal 0.923897 0.382642 0
    outer loop
      vertex 28.3748 6.42146 7.97118
      vertex 28.0986 7.08835 0
      vertex 28.0986 7.08835 7.97118
    endloop
  endfacet
  facet normal 0.923897 0.382642 0
    outer loop
      vertex 28.0986 7.08835 0
      vertex 28.3748 6.42146 7.97118
      vertex 28.3748 6.42146 0
    endloop
  endfacet
  facet normal 0.852674 0.522444 0
    outer loop
      vertex 28.0986 7.08835 7.97118
      vertex 27.7215 7.70381 0
      vertex 27.7215 7.70381 7.97118
    endloop
  endfacet
  facet normal 0.852674 0.522444 0
    outer loop
      vertex 27.7215 7.70381 0
      vertex 28.0986 7.08835 7.97118
      vertex 28.0986 7.08835 0
    endloop
  endfacet
  facet normal 0.760398 0.649458 0
    outer loop
      vertex 27.7215 7.70381 7.97118
      vertex 27.2527 8.25269 0
      vertex 27.2527 8.25269 7.97118
    endloop
  endfacet
  facet normal 0.760398 0.649458 0
    outer loop
      vertex 27.2527 8.25269 0
      vertex 27.7215 7.70381 7.97118
      vertex 27.7215 7.70381 0
    endloop
  endfacet
  facet normal 0.649428 0.760423 -0
    outer loop
      vertex 27.2527 8.25269 0
      vertex 26.7038 8.72147 7.97118
      vertex 27.2527 8.25269 7.97118
    endloop
  endfacet
  facet normal 0.649428 0.760423 0
    outer loop
      vertex 26.7038 8.72147 7.97118
      vertex 27.2527 8.25269 0
      vertex 26.7038 8.72147 0
    endloop
  endfacet
  facet normal 0.522499 0.85264 -0
    outer loop
      vertex 26.7038 8.72147 0
      vertex 26.1 9.09148 7.97118
      vertex 26.7038 8.72147 7.97118
    endloop
  endfacet
  facet normal 0.522499 0.85264 0
    outer loop
      vertex 26.1 9.09148 7.97118
      vertex 26.7038 8.72147 0
      vertex 26.1 9.09148 0
    endloop
  endfacet
  facet normal -1 0 0
    outer loop
      vertex 26.1 7.13951 0
      vertex 26.1 9.09148 7.97118
      vertex 26.1 9.09148 0
    endloop
  endfacet
  facet normal -1 -0 0
    outer loop
      vertex 26.1 9.09148 7.97118
      vertex 26.1 7.13951 0
      vertex 26.1 7.13951 7.97118
    endloop
  endfacet
  facet normal -0.649615 -0.760263 0
    outer loop
      vertex 26.1 7.13951 0
      vertex 26.1213 7.12131 7.97118
      vertex 26.1 7.13951 7.97118
    endloop
  endfacet
  facet normal -0.649615 -0.760263 -0
    outer loop
      vertex 26.1213 7.12131 7.97118
      vertex 26.1 7.13951 0
      vertex 26.1213 7.12131 0
    endloop
  endfacet
  facet normal -0.760434 -0.649415 0
    outer loop
      vertex 26.427 6.76335 0
      vertex 26.1213 7.12131 7.97118
      vertex 26.1213 7.12131 0
    endloop
  endfacet
  facet normal -0.760434 -0.649415 0
    outer loop
      vertex 26.1213 7.12131 7.97118
      vertex 26.427 6.76335 0
      vertex 26.427 6.76335 7.97118
    endloop
  endfacet
  facet normal -0.852608 -0.522551 0
    outer loop
      vertex 26.673 6.36197 0
      vertex 26.427 6.76335 7.97118
      vertex 26.427 6.76335 0
    endloop
  endfacet
  facet normal -0.852608 -0.522551 0
    outer loop
      vertex 26.427 6.76335 7.97118
      vertex 26.673 6.36197 0
      vertex 26.673 6.36197 7.97118
    endloop
  endfacet
  facet normal -0.923842 -0.382775 0
    outer loop
      vertex 26.8532 5.92705 0
      vertex 26.673 6.36197 7.97118
      vertex 26.673 6.36197 0
    endloop
  endfacet
  facet normal -0.923842 -0.382775 0
    outer loop
      vertex 26.673 6.36197 7.97118
      vertex 26.8532 5.92705 0
      vertex 26.8532 5.92705 7.97118
    endloop
  endfacet
  facet normal -0.972368 -0.233453 0
    outer loop
      vertex 26.9631 5.4693 0
      vertex 26.8532 5.92705 7.97118
      vertex 26.8532 5.92705 0
    endloop
  endfacet
  facet normal -0.972368 -0.233453 0
    outer loop
      vertex 26.8532 5.92705 7.97118
      vertex 26.9631 5.4693 0
      vertex 26.9631 5.4693 7.97118
    endloop
  endfacet
  facet normal -0.996923 -0.0783858 0
    outer loop
      vertex 27 5 0
      vertex 26.9631 5.4693 7.97118
      vertex 26.9631 5.4693 0
    endloop
  endfacet
  facet normal -0.996923 -0.0783858 0
    outer loop
      vertex 26.9631 5.4693 7.97118
      vertex 27 5 0
      vertex 27 5 7.97118
    endloop
  endfacet
  facet normal -0.996923 0.0783842 0
    outer loop
      vertex 26.9631 4.53069 0
      vertex 27 5 7.97118
      vertex 27 5 0
    endloop
  endfacet
  facet normal -0.996923 0.0783842 0
    outer loop
      vertex 27 5 7.97118
      vertex 26.9631 4.53069 0
      vertex 26.9631 4.53069 7.97118
    endloop
  endfacet
  facet normal -0.972368 0.233453 0
    outer loop
      vertex 26.8532 4.07294 0
      vertex 26.9631 4.53069 7.97118
      vertex 26.9631 4.53069 0
    endloop
  endfacet
  facet normal -0.972368 0.233453 0
    outer loop
      vertex 26.9631 4.53069 7.97118
      vertex 26.8532 4.07294 0
      vertex 26.8532 4.07294 7.97118
    endloop
  endfacet
  facet normal -0.923842 0.382775 0
    outer loop
      vertex 26.673 3.63802 0
      vertex 26.8532 4.07294 7.97118
      vertex 26.8532 4.07294 0
    endloop
  endfacet
  facet normal -0.923842 0.382775 0
    outer loop
      vertex 26.8532 4.07294 7.97118
      vertex 26.673 3.63802 0
      vertex 26.673 3.63802 7.97118
    endloop
  endfacet
  facet normal -0.852614 0.522542 0
    outer loop
      vertex 26.427 3.23663 0
      vertex 26.673 3.63802 7.97118
      vertex 26.673 3.63802 0
    endloop
  endfacet
  facet normal -0.852614 0.522542 0
    outer loop
      vertex 26.673 3.63802 7.97118
      vertex 26.427 3.23663 0
      vertex 26.427 3.23663 7.97118
    endloop
  endfacet
  facet normal -0.760425 0.649426 0
    outer loop
      vertex 26.1213 2.87868 0
      vertex 26.427 3.23663 7.97118
      vertex 26.427 3.23663 0
    endloop
  endfacet
  facet normal -0.760425 0.649426 0
    outer loop
      vertex 26.427 3.23663 7.97118
      vertex 26.1213 2.87868 0
      vertex 26.1213 2.87868 7.97118
    endloop
  endfacet
  facet normal -0.649527 0.760338 0
    outer loop
      vertex 26.1213 2.87868 0
      vertex 25.7634 2.57294 7.97118
      vertex 26.1213 2.87868 7.97118
    endloop
  endfacet
  facet normal -0.649527 0.760338 0
    outer loop
      vertex 25.7634 2.57294 7.97118
      vertex 26.1213 2.87868 0
      vertex 25.7634 2.57294 0
    endloop
  endfacet
  facet normal -0.522486 0.852648 0
    outer loop
      vertex 25.7634 2.57294 0
      vertex 25.362 2.32697 7.97118
      vertex 25.7634 2.57294 7.97118
    endloop
  endfacet
  facet normal -0.522486 0.852648 0
    outer loop
      vertex 25.362 2.32697 7.97118
      vertex 25.7634 2.57294 0
      vertex 25.362 2.32697 0
    endloop
  endfacet
  facet normal -0.382624 0.923904 0
    outer loop
      vertex 25.362 2.32697 0
      vertex 24.927 2.14682 7.97118
      vertex 25.362 2.32697 7.97118
    endloop
  endfacet
  facet normal -0.382624 0.923904 0
    outer loop
      vertex 24.927 2.14682 7.97118
      vertex 25.362 2.32697 0
      vertex 24.927 2.14682 0
    endloop
  endfacet
  facet normal -0.233457 0.972367 0
    outer loop
      vertex 24.927 2.14682 0
      vertex 24.4693 2.03693 7.97118
      vertex 24.927 2.14682 7.97118
    endloop
  endfacet
  facet normal -0.233457 0.972367 0
    outer loop
      vertex 24.4693 2.03693 7.97118
      vertex 24.927 2.14682 0
      vertex 24.4693 2.03693 0
    endloop
  endfacet
  facet normal -0.0784491 0.996918 0
    outer loop
      vertex 24.4693 2.03693 0
      vertex 24 2 7.97118
      vertex 24.4693 2.03693 7.97118
    endloop
  endfacet
  facet normal -0.0784491 0.996918 0
    outer loop
      vertex 24 2 7.97118
      vertex 24.4693 2.03693 0
      vertex 24 2 0
    endloop
  endfacet
  facet normal 0.0784491 0.996918 -0
    outer loop
      vertex 24 2 0
      vertex 23.5307 2.03693 7.97118
      vertex 24 2 7.97118
    endloop
  endfacet
  facet normal 0.0784491 0.996918 0
    outer loop
      vertex 23.5307 2.03693 7.97118
      vertex 24 2 0
      vertex 23.5307 2.03693 0
    endloop
  endfacet
  facet normal 0.233457 0.972367 -0
    outer loop
      vertex 23.5307 2.03693 0
      vertex 23.073 2.14682 7.97118
      vertex 23.5307 2.03693 7.97118
    endloop
  endfacet
  facet normal 0.233457 0.972367 0
    outer loop
      vertex 23.073 2.14682 7.97118
      vertex 23.5307 2.03693 0
      vertex 23.073 2.14682 0
    endloop
  endfacet
  facet normal 0.382624 0.923904 -0
    outer loop
      vertex 23.073 2.14682 0
      vertex 22.638 2.32697 7.97118
      vertex 23.073 2.14682 7.97118
    endloop
  endfacet
  facet normal 0.382624 0.923904 0
    outer loop
      vertex 22.638 2.32697 7.97118
      vertex 23.073 2.14682 0
      vertex 22.638 2.32697 0
    endloop
  endfacet
  facet normal 0.522486 0.852648 -0
    outer loop
      vertex 22.638 2.32697 0
      vertex 22.2366 2.57294 7.97118
      vertex 22.638 2.32697 7.97118
    endloop
  endfacet
  facet normal 0.522486 0.852648 0
    outer loop
      vertex 22.2366 2.57294 7.97118
      vertex 22.638 2.32697 0
      vertex 22.2366 2.57294 0
    endloop
  endfacet
  facet normal 0.649527 0.760338 -0
    outer loop
      vertex 22.2366 2.57294 0
      vertex 21.8787 2.87868 7.97118
      vertex 22.2366 2.57294 7.97118
    endloop
  endfacet
  facet normal 0.649527 0.760338 0
    outer loop
      vertex 21.8787 2.87868 7.97118
      vertex 22.2366 2.57294 0
      vertex 21.8787 2.87868 0
    endloop
  endfacet
  facet normal 0.760425 0.649426 0
    outer loop
      vertex 21.8787 2.87868 7.97118
      vertex 21.573 3.23663 0
      vertex 21.573 3.23663 7.97118
    endloop
  endfacet
  facet normal 0.760425 0.649426 0
    outer loop
      vertex 21.573 3.23663 0
      vertex 21.8787 2.87868 7.97118
      vertex 21.8787 2.87868 0
    endloop
  endfacet
  facet normal 0.852614 0.522542 0
    outer loop
      vertex 21.573 3.23663 7.97118
      vertex 21.327 3.63802 0
      vertex 21.327 3.63802 7.97118
    endloop
  endfacet
  facet normal 0.852614 0.522542 0
    outer loop
      vertex 21.327 3.63802 0
      vertex 21.573 3.23663 7.97118
      vertex 21.573 3.23663 0
    endloop
  endfacet
  facet normal 0.923842 0.382775 0
    outer loop
      vertex 21.327 3.63802 7.97118
      vertex 21.1468 4.07294 0
      vertex 21.1468 4.07294 7.97118
    endloop
  endfacet
  facet normal 0.923842 0.382775 0
    outer loop
      vertex 21.1468 4.07294 0
      vertex 21.327 3.63802 7.97118
      vertex 21.327 3.63802 0
    endloop
  endfacet
  facet normal 0.972368 0.233453 0
    outer loop
      vertex 21.1468 4.07294 7.97118
      vertex 21.0369 4.53069 0
      vertex 21.0369 4.53069 7.97118
    endloop
  endfacet
  facet normal 0.972368 0.233453 0
    outer loop
      vertex 21.0369 4.53069 0
      vertex 21.1468 4.07294 7.97118
      vertex 21.1468 4.07294 0
    endloop
  endfacet
  facet normal 0.996923 0.0783842 0
    outer loop
      vertex 21.0369 4.53069 7.97118
      vertex 21 5 0
      vertex 21 5 7.97118
    endloop
  endfacet
  facet normal 0.996923 0.0783842 0
    outer loop
      vertex 21 5 0
      vertex 21.0369 4.53069 7.97118
      vertex 21.0369 4.53069 0
    endloop
  endfacet
  facet normal 0.996923 -0.0783858 0
    outer loop
      vertex 21 5 7.97118
      vertex 21.0369 5.4693 0
      vertex 21.0369 5.4693 7.97118
    endloop
  endfacet
  facet normal 0.996923 -0.0783858 0
    outer loop
      vertex 21.0369 5.4693 0
      vertex 21 5 7.97118
      vertex 21 5 0
    endloop
  endfacet
  facet normal 0.972368 -0.233453 0
    outer loop
      vertex 21.0369 5.4693 7.97118
      vertex 21.1468 5.92705 0
      vertex 21.1468 5.92705 7.97118
    endloop
  endfacet
  facet normal 0.972368 -0.233453 0
    outer loop
      vertex 21.1468 5.92705 0
      vertex 21.0369 5.4693 7.97118
      vertex 21.0369 5.4693 0
    endloop
  endfacet
  facet normal 0.923842 -0.382775 0
    outer loop
      vertex 21.1468 5.92705 7.97118
      vertex 21.327 6.36197 0
      vertex 21.327 6.36197 7.97118
    endloop
  endfacet
  facet normal 0.923842 -0.382775 0
    outer loop
      vertex 21.327 6.36197 0
      vertex 21.1468 5.92705 7.97118
      vertex 21.1468 5.92705 0
    endloop
  endfacet
  facet normal 0.852608 -0.522551 0
    outer loop
      vertex 21.327 6.36197 7.97118
      vertex 21.573 6.76335 0
      vertex 21.573 6.76335 7.97118
    endloop
  endfacet
  facet normal 0.852608 -0.522551 0
    outer loop
      vertex 21.573 6.76335 0
      vertex 21.327 6.36197 7.97118
      vertex 21.327 6.36197 0
    endloop
  endfacet
  facet normal 0.760434 -0.649415 0
    outer loop
      vertex 21.573 6.76335 7.97118
      vertex 21.8787 7.12131 0
      vertex 21.8787 7.12131 7.97118
    endloop
  endfacet
  facet normal 0.760434 -0.649415 0
    outer loop
      vertex 21.8787 7.12131 0
      vertex 21.573 6.76335 7.97118
      vertex 21.573 6.76335 0
    endloop
  endfacet
  facet normal 0.649615 -0.760263 0
    outer loop
      vertex 21.8787 7.12131 0
      vertex 21.9 7.13951 7.97118
      vertex 21.8787 7.12131 7.97118
    endloop
  endfacet
  facet normal 0.649615 -0.760263 0
    outer loop
      vertex 21.9 7.13951 7.97118
      vertex 21.8787 7.12131 0
      vertex 21.9 7.13951 0
    endloop
  endfacet
  facet normal 1 -0 0
    outer loop
      vertex 21.9 7.13951 7.97118
      vertex 21.9 9.09148 0
      vertex 21.9 9.09148 7.97118
    endloop
  endfacet
  facet normal 1 0 0
    outer loop
      vertex 21.9 9.09148 0
      vertex 21.9 7.13951 7.97118
      vertex 21.9 7.13951 0
    endloop
  endfacet
  facet normal -0.522499 0.85264 0
    outer loop
      vertex 21.9 9.09148 0
      vertex 21.2962 8.72147 7.97118
      vertex 21.9 9.09148 7.97118
    endloop
  endfacet
  facet normal -0.522499 0.85264 0
    outer loop
      vertex 21.2962 8.72147 7.97118
      vertex 21.9 9.09148 0
      vertex 21.2962 8.72147 0
    endloop
  endfacet
  facet normal -0.649428 0.760423 0
    outer loop
      vertex 21.2962 8.72147 0
      vertex 20.7473 8.25269 7.97118
      vertex 21.2962 8.72147 7.97118
    endloop
  endfacet
  facet normal -0.649428 0.760423 0
    outer loop
      vertex 20.7473 8.25269 7.97118
      vertex 21.2962 8.72147 0
      vertex 20.7473 8.25269 0
    endloop
  endfacet
  facet normal -0.760398 0.649458 0
    outer loop
      vertex 20.2785 7.70381 0
      vertex 20.7473 8.25269 7.97118
      vertex 20.7473 8.25269 0
    endloop
  endfacet
  facet normal -0.760398 0.649458 0
    outer loop
      vertex 20.7473 8.25269 7.97118
      vertex 20.2785 7.70381 0
      vertex 20.2785 7.70381 7.97118
    endloop
  endfacet
  facet normal -0.852674 0.522444 0
    outer loop
      vertex 19.9014 7.08835 0
      vertex 20.2785 7.70381 7.97118
      vertex 20.2785 7.70381 0
    endloop
  endfacet
  facet normal -0.852674 0.522444 0
    outer loop
      vertex 20.2785 7.70381 7.97118
      vertex 19.9014 7.08835 0
      vertex 19.9014 7.08835 7.97118
    endloop
  endfacet
  facet normal -0.923897 0.382642 0
    outer loop
      vertex 19.6252 6.42146 0
      vertex 19.9014 7.08835 7.97118
      vertex 19.9014 7.08835 0
    endloop
  endfacet
  facet normal -0.923897 0.382642 0
    outer loop
      vertex 19.9014 7.08835 7.97118
      vertex 19.6252 6.42146 0
      vertex 19.6252 6.42146 7.97118
    endloop
  endfacet
  facet normal -0.97234 0.233571 0
    outer loop
      vertex 19.4566 5.71959 0
      vertex 19.6252 6.42146 7.97118
      vertex 19.6252 6.42146 0
    endloop
  endfacet
  facet normal -0.97234 0.233571 0
    outer loop
      vertex 19.6252 6.42146 7.97118
      vertex 19.4566 5.71959 0
      vertex 19.4566 5.71959 7.97118
    endloop
  endfacet
  facet normal -0.996921 0.0784137 0
    outer loop
      vertex 19.4 5 0
      vertex 19.4566 5.71959 7.97118
      vertex 19.4566 5.71959 0
    endloop
  endfacet
  facet normal -0.996921 0.0784137 0
    outer loop
      vertex 19.4566 5.71959 7.97118
      vertex 19.4 5 0
      vertex 19.4 5 7.97118
    endloop
  endfacet
  facet normal -0.996921 -0.0784126 0
    outer loop
      vertex 19.4566 4.2804 0
      vertex 19.4 5 7.97118
      vertex 19.4 5 0
    endloop
  endfacet
  facet normal -0.996921 -0.0784126 0
    outer loop
      vertex 19.4 5 7.97118
      vertex 19.4566 4.2804 0
      vertex 19.4566 4.2804 7.97118
    endloop
  endfacet
  facet normal -0.972341 -0.233568 0
    outer loop
      vertex 19.6252 3.57852 0
      vertex 19.4566 4.2804 7.97118
      vertex 19.4566 4.2804 0
    endloop
  endfacet
  facet normal -0.972341 -0.233568 0
    outer loop
      vertex 19.4566 4.2804 7.97118
      vertex 19.6252 3.57852 0
      vertex 19.6252 3.57852 7.97118
    endloop
  endfacet
  facet normal -0.923895 -0.382647 0
    outer loop
      vertex 19.9014 2.91164 0
      vertex 19.6252 3.57852 7.97118
      vertex 19.6252 3.57852 0
    endloop
  endfacet
  facet normal -0.923895 -0.382647 0
    outer loop
      vertex 19.6252 3.57852 7.97118
      vertex 19.9014 2.91164 0
      vertex 19.9014 2.91164 7.97118
    endloop
  endfacet
  facet normal -0.852678 -0.522438 0
    outer loop
      vertex 20.2785 2.29617 0
      vertex 19.9014 2.91164 7.97118
      vertex 19.9014 2.91164 0
    endloop
  endfacet
  facet normal -0.852678 -0.522438 0
    outer loop
      vertex 19.9014 2.91164 7.97118
      vertex 20.2785 2.29617 0
      vertex 20.2785 2.29617 7.97118
    endloop
  endfacet
  facet normal -0.760346 -0.649518 0
    outer loop
      vertex 20.5315 2 0
      vertex 20.2785 2.29617 7.97118
      vertex 20.2785 2.29617 0
    endloop
  endfacet
  facet normal -0.760346 -0.649518 0
    outer loop
      vertex 20.2785 2.29617 7.97118
      vertex 20.5315 2 0
      vertex 20.5315 2 7.97118
    endloop
  endfacet
  facet normal 0 1 -0
    outer loop
      vertex 20.5315 2 0
      vertex 14.2074 2 7.97118
      vertex 20.5315 2 7.97118
    endloop
  endfacet
  facet normal 0 1 0
    outer loop
      vertex 14 2 0
      vertex 14.2074 2 7.97118
      vertex 20.5315 2 0
    endloop
  endfacet
  facet normal 0 1 0
    outer loop
      vertex 14.2074 2 7.97118
      vertex 14 2 0
      vertex 14 2 7.88528
    endloop
  endfacet
  facet normal -1 0 0
    outer loop
      vertex 14 0 0
      vertex 14 2 7.88528
      vertex 14 2 0
    endloop
  endfacet
  facet normal -1 -0 0
    outer loop
      vertex 14 2 7.88528
      vertex 14 0 0
      vertex 14 0 7.88528
    endloop
  endfacet
  facet normal 0 -1 0
    outer loop
      vertex 14 0 0
      vertex 14.2074 0 7.97118
      vertex 14 0 7.88528
    endloop
  endfacet
  facet normal 0 -1 -0
    outer loop
      vertex 14.2074 0 7.97118
      vertex 14 0 0
      vertex 33.7926 0 7.97118
    endloop
  endfacet
  facet normal 0 -1 0
    outer loop
      vertex 34 0 0
      vertex 33.7926 0 7.97118
      vertex 14 0 0
    endloop
  endfacet
  facet normal 0 -1 0
    outer loop
      vertex 33.7926 0 7.97118
      vertex 34 0 0
      vertex 34 0 7.88528
    endloop
  endfacet
  facet normal 1 -0 0
    outer loop
      vertex 34 0 7.88528
      vertex 34 2 0
      vertex 34 2 7.88528
    endloop
  endfacet
  facet normal 1 0 0
    outer loop
      vertex 34 2 0
      vertex 34 0 7.88528
      vertex 34 0 0
    endloop
  endfacet
  facet normal -0 0 1
    outer loop
      vertex 21.2962 8.72147 7.97118
      vertex 21.9 7.13951 7.97118
      vertex 21.9 9.09148 7.97118
    endloop
  endfacet
  facet normal -0 0 1
    outer loop
      vertex 20.7473 8.25269 7.97118
      vertex 21.9 7.13951 7.97118
      vertex 21.2962 8.72147 7.97118
    endloop
  endfacet
  facet normal 0 0 1
    outer loop
      vertex 21.9 7.13951 7.97118
      vertex 20.7473 8.25269 7.97118
      vertex 21.8787 7.12131 7.97118
    endloop
  endfacet
  facet normal 0 0 1
    outer loop
      vertex 21.8787 7.12131 7.97118
      vertex 20.7473 8.25269 7.97118
      vertex 21.573 6.76335 7.97118
    endloop
  endfacet
  facet normal -0 0 1
    outer loop
      vertex 20.2785 7.70381 7.97118
      vertex 21.573 6.76335 7.97118
      vertex 20.7473 8.25269 7.97118
    endloop
  endfacet
  facet normal 0 0 1
    outer loop
      vertex 21.573 6.76335 7.97118
      vertex 20.2785 7.70381 7.97118
      vertex 21.327 6.36197 7.97118
    endloop
  endfacet
  facet normal 0 0 1
    outer loop
      vertex 21.327 6.36197 7.97118
      vertex 19.9014 7.08835 7.97118
      vertex 21.1468 5.92705 7.97118
    endloop
  endfacet
  facet normal -0 0 1
    outer loop
      vertex 19.9014 7.08835 7.97118
      vertex 21.327 6.36197 7.97118
      vertex 20.2785 7.70381 7.97118
    endloop
  endfacet
  facet normal 0 0 1
    outer loop
      vertex 27 5 7.97118
      vertex 28.6 5 7.97118
      vertex 28.5434 5.71959 7.97118
    endloop
  endfacet
  facet normal 0 0 1
    outer loop
      vertex 26.9631 5.4693 7.97118
      vertex 28.5434 5.71959 7.97118
      vertex 28.3748 6.42146 7.97118
    endloop
  endfacet
  facet normal 0 0 1
    outer loop
      vertex 28.6 5 7.97118
      vertex 27 5 7.97118
      vertex 28.5434 4.2804 7.97118
    endloop
  endfacet
  facet normal 0 0 1
    outer loop
      vertex 26.8532 5.92705 7.97118
      vertex 28.3748 6.42146 7.97118
      vertex 28.0986 7.08835 7.97118
    endloop
  endfacet
  facet normal -0 0 1
    outer loop
      vertex 26.9631 4.53069 7.97118
      vertex 28.5434 4.2804 7.97118
      vertex 27 5 7.97118
    endloop
  endfacet
  facet normal 0 0 1
    outer loop
      vertex 26.673 6.36197 7.97118
      vertex 28.0986 7.08835 7.97118
      vertex 27.7215 7.70381 7.97118
    endloop
  endfacet
  facet normal 0 0 1
    outer loop
      vertex 28.5434 4.2804 7.97118
      vertex 26.9631 4.53069 7.97118
      vertex 28.3748 3.57852 7.97118
    endloop
  endfacet
  facet normal -0 0 1
    outer loop
      vertex 26.8532 4.07294 7.97118
      vertex 28.3748 3.57852 7.97118
      vertex 26.9631 4.53069 7.97118
    endloop
  endfacet
  facet normal 0 0 1
    outer loop
      vertex 26.427 6.76335 7.97118
      vertex 27.7215 7.70381 7.97118
      vertex 27.2527 8.25269 7.97118
    endloop
  endfacet
  facet normal -0 0 1
    outer loop
      vertex 27.4685 2 7.97118
      vertex 33.7926 0 7.97118
      vertex 33.7926 2 7.97118
    endloop
  endfacet
  facet normal 0 0 1
    outer loop
      vertex 28.3748 3.57852 7.97118
      vertex 26.8532 4.07294 7.97118
      vertex 28.0986 2.91164 7.97118
    endloop
  endfacet
  facet normal -0 0 1
    outer loop
      vertex 26.673 3.63802 7.97118
      vertex 28.0986 2.91164 7.97118
      vertex 26.8532 4.07294 7.97118
    endloop
  endfacet
  facet normal 0 0 1
    outer loop
      vertex 28.0986 2.91164 7.97118
      vertex 26.673 3.63802 7.97118
      vertex 27.7215 2.29617 7.97118
    endloop
  endfacet
  facet normal -0 0 1
    outer loop
      vertex 26.427 3.23663 7.97118
      vertex 27.7215 2.29617 7.97118
      vertex 26.673 3.63802 7.97118
    endloop
  endfacet
  facet normal 0 0 1
    outer loop
      vertex 27.7215 2.29617 7.97118
      vertex 26.427 3.23663 7.97118
      vertex 27.4685 2 7.97118
    endloop
  endfacet
  facet normal -0 0 1
    outer loop
      vertex 26.1213 2.87868 7.97118
      vertex 27.4685 2 7.97118
      vertex 26.427 3.23663 7.97118
    endloop
  endfacet
  facet normal -0 0 1
    outer loop
      vertex 25.7634 2.57294 7.97118
      vertex 27.4685 2 7.97118
      vertex 26.1213 2.87868 7.97118
    endloop
  endfacet
  facet normal -0 0 1
    outer loop
      vertex 25.362 2.32697 7.97118
      vertex 27.4685 2 7.97118
      vertex 25.7634 2.57294 7.97118
    endloop
  endfacet
  facet normal -0 0 1
    outer loop
      vertex 24.927 2.14682 7.97118
      vertex 27.4685 2 7.97118
      vertex 25.362 2.32697 7.97118
    endloop
  endfacet
  facet normal -0 0 1
    outer loop
      vertex 24.4693 2.03693 7.97118
      vertex 27.4685 2 7.97118
      vertex 24.927 2.14682 7.97118
    endloop
  endfacet
  facet normal 0 0 1
    outer loop
      vertex 27.4685 2 7.97118
      vertex 24.4693 2.03693 7.97118
      vertex 33.7926 0 7.97118
    endloop
  endfacet
  facet normal -0 0 1
    outer loop
      vertex 24 2 7.97118
      vertex 33.7926 0 7.97118
      vertex 24.4693 2.03693 7.97118
    endloop
  endfacet
  facet normal 0 0 1
    outer loop
      vertex 14.2074 0 7.97118
      vertex 24 2 7.97118
      vertex 23.5307 2.03693 7.97118
    endloop
  endfacet
  facet normal -0 0 1
    outer loop
      vertex 19.6252 6.42146 7.97118
      vertex 21.1468 5.92705 7.97118
      vertex 19.9014 7.08835 7.97118
    endloop
  endfacet
  facet normal 0 0 1
    outer loop
      vertex 20.2785 2.29617 7.97118
      vertex 21.0369 4.53069 7.97118
      vertex 21 5 7.97118
    endloop
  endfacet
  facet normal 0 0 1
    outer loop
      vertex 20.2785 2.29617 7.97118
      vertex 21.1468 4.07294 7.97118
      vertex 21.0369 4.53069 7.97118
    endloop
  endfacet
  facet normal 0 0 1
    outer loop
      vertex 20.2785 2.29617 7.97118
      vertex 21.327 3.63802 7.97118
      vertex 21.1468 4.07294 7.97118
    endloop
  endfacet
  facet normal 0 0 1
    outer loop
      vertex 20.2785 2.29617 7.97118
      vertex 21.573 3.23663 7.97118
      vertex 21.327 3.63802 7.97118
    endloop
  endfacet
  facet normal 0 0 1
    outer loop
      vertex 20.5315 2 7.97118
      vertex 21.8787 2.87868 7.97118
      vertex 21.573 3.23663 7.97118
    endloop
  endfacet
  facet normal 0 0 1
    outer loop
      vertex 20.5315 2 7.97118
      vertex 22.2366 2.57294 7.97118
      vertex 21.8787 2.87868 7.97118
    endloop
  endfacet
  facet normal 0 0 1
    outer loop
      vertex 20.5315 2 7.97118
      vertex 22.638 2.32697 7.97118
      vertex 22.2366 2.57294 7.97118
    endloop
  endfacet
  facet normal 0 0 1
    outer loop
      vertex 20.5315 2 7.97118
      vertex 23.073 2.14682 7.97118
      vertex 22.638 2.32697 7.97118
    endloop
  endfacet
  facet normal 0 0 1
    outer loop
      vertex 20.5315 2 7.97118
      vertex 23.5307 2.03693 7.97118
      vertex 23.073 2.14682 7.97118
    endloop
  endfacet
  facet normal 0 0 1
    outer loop
      vertex 14.2074 0 7.97118
      vertex 23.5307 2.03693 7.97118
      vertex 20.5315 2 7.97118
    endloop
  endfacet
  facet normal 0 0 1
    outer loop
      vertex 14.2074 0 7.97118
      vertex 20.5315 2 7.97118
      vertex 14.2074 2 7.97118
    endloop
  endfacet
  facet normal 0 0 1
    outer loop
      vertex 24 2 7.97118
      vertex 14.2074 0 7.97118
      vertex 33.7926 0 7.97118
    endloop
  endfacet
  facet normal 0 0 1
    outer loop
      vertex 28.5434 5.71959 7.97118
      vertex 26.9631 5.4693 7.97118
      vertex 27 5 7.97118
    endloop
  endfacet
  facet normal 0 0 1
    outer loop
      vertex 28.3748 6.42146 7.97118
      vertex 26.8532 5.92705 7.97118
      vertex 26.9631 5.4693 7.97118
    endloop
  endfacet
  facet normal 0 0 1
    outer loop
      vertex 26.1 7.13951 7.97118
      vertex 27.2527 8.25269 7.97118
      vertex 26.7038 8.72147 7.97118
    endloop
  endfacet
  facet normal 0 0 1
    outer loop
      vertex 28.0986 7.08835 7.97118
      vertex 26.673 6.36197 7.97118
      vertex 26.8532 5.92705 7.97118
    endloop
  endfacet
  facet normal 0 0 1
    outer loop
      vertex 27.7215 7.70381 7.97118
      vertex 26.427 6.76335 7.97118
      vertex 26.673 6.36197 7.97118
    endloop
  endfacet
  facet normal 0 0 1
    outer loop
      vertex 27.2527 8.25269 7.97118
      vertex 26.1213 7.12131 7.97118
      vertex 26.427 6.76335 7.97118
    endloop
  endfacet
  facet normal 0 0 1
    outer loop
      vertex 26.1 7.13951 7.97118
      vertex 26.7038 8.72147 7.97118
      vertex 26.1 9.09148 7.97118
    endloop
  endfacet
  facet normal 0 0 1
    outer loop
      vertex 27.2527 8.25269 7.97118
      vertex 26.1 7.13951 7.97118
      vertex 26.1213 7.12131 7.97118
    endloop
  endfacet
  facet normal 0 0 1
    outer loop
      vertex 21.1468 5.92705 7.97118
      vertex 19.6252 6.42146 7.97118
      vertex 21.0369 5.4693 7.97118
    endloop
  endfacet
  facet normal -0 0 1
    outer loop
      vertex 19.4566 5.71959 7.97118
      vertex 21.0369 5.4693 7.97118
      vertex 19.6252 6.42146 7.97118
    endloop
  endfacet
  facet normal 0 0 1
    outer loop
      vertex 21.0369 5.4693 7.97118
      vertex 19.4566 5.71959 7.97118
      vertex 21 5 7.97118
    endloop
  endfacet
  facet normal 0 0 1
    outer loop
      vertex 21.573 3.23663 7.97118
      vertex 20.2785 2.29617 7.97118
      vertex 20.5315 2 7.97118
    endloop
  endfacet
  facet normal 0 -0 1
    outer loop
      vertex 20.2785 2.29617 7.97118
      vertex 21 5 7.97118
      vertex 19.9014 2.91164 7.97118
    endloop
  endfacet
  facet normal 0 0 1
    outer loop
      vertex 21 5 7.97118
      vertex 19.6252 3.57852 7.97118
      vertex 19.9014 2.91164 7.97118
    endloop
  endfacet
  facet normal 0 0 1
    outer loop
      vertex 19.4 5 7.97118
      vertex 21 5 7.97118
      vertex 19.4566 5.71959 7.97118
    endloop
  endfacet
  facet normal 0 0 1
    outer loop
      vertex 21 5 7.97118
      vertex 19.4566 4.2804 7.97118
      vertex 19.6252 3.57852 7.97118
    endloop
  endfacet
  facet normal 0 0 1
    outer loop
      vertex 21 5 7.97118
      vertex 19.4 5 7.97118
      vertex 19.4566 4.2804 7.97118
    endloop
  endfacet
  facet normal -0.382653 0 0.923892
    outer loop
      vertex 14 2 7.88528
      vertex 14.2074 0 7.97118
      vertex 14.2074 2 7.97118
    endloop
  endfacet
  facet normal -0.382653 0 0.923892
    outer loop
      vertex 14.2074 0 7.97118
      vertex 14 2 7.88528
      vertex 14 0 7.88528
    endloop
  endfacet
  facet normal 0.382653 0 0.923892
    outer loop
      vertex 33.7926 2 7.97118
      vertex 34 0 7.88528
      vertex 34 2 7.88528
    endloop
  endfacet
  facet normal 0.382653 0 0.923892
    outer loop
      vertex 34 0 7.88528
      vertex 33.7926 2 7.97118
      vertex 33.7926 0 7.97118
    endloop
  endfacet
  facet normal 0 0 -1
    outer loop
      vertex 58 0 0
      vertex 51.4685 2 0
      vertex 58 2 0
    endloop
  endfacet
  facet normal -0 0 -1
    outer loop
      vertex 52.3748 6.42146 0
      vertex 50.8532 5.92705 0
      vertex 52.0986 7.08835 0
    endloop
  endfacet
  facet normal 0 0 -1
    outer loop
      vertex 51.7215 2.29617 0
      vertex 50.9631 4.53069 0
      vertex 51 5 0
    endloop
  endfacet
  facet normal 0 0 -1
    outer loop
      vertex 51.7215 2.29617 0
      vertex 50.8532 4.07294 0
      vertex 50.9631 4.53069 0
    endloop
  endfacet
  facet normal 0 0 -1
    outer loop
      vertex 51.7215 2.29617 0
      vertex 50.673 3.63802 0
      vertex 50.8532 4.07294 0
    endloop
  endfacet
  facet normal 0 0 -1
    outer loop
      vertex 51.7215 2.29617 0
      vertex 50.427 3.23663 0
      vertex 50.673 3.63802 0
    endloop
  endfacet
  facet normal 0 0 -1
    outer loop
      vertex 51.4685 2 0
      vertex 50.1213 2.87868 0
      vertex 50.427 3.23663 0
    endloop
  endfacet
  facet normal 0 0 -1
    outer loop
      vertex 51.4685 2 0
      vertex 49.7634 2.57294 0
      vertex 50.1213 2.87868 0
    endloop
  endfacet
  facet normal 0 0 -1
    outer loop
      vertex 51.4685 2 0
      vertex 49.362 2.32697 0
      vertex 49.7634 2.57294 0
    endloop
  endfacet
  facet normal 0 0 -1
    outer loop
      vertex 48.4693 2.03693 0
      vertex 51.4685 2 0
      vertex 58 0 0
    endloop
  endfacet
  facet normal 0 0 -1
    outer loop
      vertex 51.4685 2 0
      vertex 48.927 2.14682 0
      vertex 49.362 2.32697 0
    endloop
  endfacet
  facet normal 0 0 -1
    outer loop
      vertex 51.4685 2 0
      vertex 48.4693 2.03693 0
      vertex 48.927 2.14682 0
    endloop
  endfacet
  facet normal 0 0 -1
    outer loop
      vertex 58 0 0
      vertex 48 2 0
      vertex 48.4693 2.03693 0
    endloop
  endfacet
  facet normal 0 0 -1
    outer loop
      vertex 38 0 0
      vertex 48 2 0
      vertex 58 0 0
    endloop
  endfacet
  facet normal 0 0 -1
    outer loop
      vertex 43.6252 3.57852 0
      vertex 45.1468 4.07294 0
      vertex 43.9014 2.91164 0
    endloop
  endfacet
  facet normal -0 0 -1
    outer loop
      vertex 45.327 3.63802 0
      vertex 43.9014 2.91164 0
      vertex 45.1468 4.07294 0
    endloop
  endfacet
  facet normal 0 0 -1
    outer loop
      vertex 43.9014 2.91164 0
      vertex 45.327 3.63802 0
      vertex 44.2785 2.29617 0
    endloop
  endfacet
  facet normal -0 0 -1
    outer loop
      vertex 45.573 3.23663 0
      vertex 44.2785 2.29617 0
      vertex 45.327 3.63802 0
    endloop
  endfacet
  facet normal 0 0 -1
    outer loop
      vertex 44.2785 2.29617 0
      vertex 45.573 3.23663 0
      vertex 44.5315 2 0
    endloop
  endfacet
  facet normal -0 0 -1
    outer loop
      vertex 45.8787 2.87868 0
      vertex 44.5315 2 0
      vertex 45.573 3.23663 0
    endloop
  endfacet
  facet normal -0 0 -1
    outer loop
      vertex 46.2366 2.57294 0
      vertex 44.5315 2 0
      vertex 45.8787 2.87868 0
    endloop
  endfacet
  facet normal -0 0 -1
    outer loop
      vertex 46.638 2.32697 0
      vertex 44.5315 2 0
      vertex 46.2366 2.57294 0
    endloop
  endfacet
  facet normal -0 0 -1
    outer loop
      vertex 47.073 2.14682 0
      vertex 44.5315 2 0
      vertex 46.638 2.32697 0
    endloop
  endfacet
  facet normal -0 0 -1
    outer loop
      vertex 47.5307 2.03693 0
      vertex 44.5315 2 0
      vertex 47.073 2.14682 0
    endloop
  endfacet
  facet normal -0 0 -1
    outer loop
      vertex 48 2 0
      vertex 38 0 0
      vertex 47.5307 2.03693 0
    endloop
  endfacet
  facet normal 0 0 -1
    outer loop
      vertex 47.5307 2.03693 0
      vertex 38 0 0
      vertex 44.5315 2 0
    endloop
  endfacet
  facet normal -0 0 -1
    outer loop
      vertex 44.5315 2 0
      vertex 38 0 0
      vertex 38 2 0
    endloop
  endfacet
  facet normal 0 0 -1
    outer loop
      vertex 51 5 0
      vertex 52.6 5 0
      vertex 52.5434 4.2804 0
    endloop
  endfacet
  facet normal 0 0 -1
    outer loop
      vertex 51 5 0
      vertex 52.5434 4.2804 0
      vertex 52.3748 3.57852 0
    endloop
  endfacet
  facet normal 0 0 -1
    outer loop
      vertex 52.6 5 0
      vertex 51 5 0
      vertex 52.5434 5.71959 0
    endloop
  endfacet
  facet normal 0 0 -1
    outer loop
      vertex 51 5 0
      vertex 52.3748 3.57852 0
      vertex 52.0986 2.91164 0
    endloop
  endfacet
  facet normal 0 0 -1
    outer loop
      vertex 51.7215 2.29617 0
      vertex 51 5 0
      vertex 52.0986 2.91164 0
    endloop
  endfacet
  facet normal 0 0 -1
    outer loop
      vertex 50.427 3.23663 0
      vertex 51.7215 2.29617 0
      vertex 51.4685 2 0
    endloop
  endfacet
  facet normal 0 0 -1
    outer loop
      vertex 50.9631 5.4693 0
      vertex 52.5434 5.71959 0
      vertex 51 5 0
    endloop
  endfacet
  facet normal -0 0 -1
    outer loop
      vertex 52.5434 5.71959 0
      vertex 50.9631 5.4693 0
      vertex 52.3748 6.42146 0
    endloop
  endfacet
  facet normal 0 0 -1
    outer loop
      vertex 50.8532 5.92705 0
      vertex 52.3748 6.42146 0
      vertex 50.9631 5.4693 0
    endloop
  endfacet
  facet normal 0 0 -1
    outer loop
      vertex 50.673 6.36197 0
      vertex 52.0986 7.08835 0
      vertex 50.8532 5.92705 0
    endloop
  endfacet
  facet normal -0 0 -1
    outer loop
      vertex 52.0986 7.08835 0
      vertex 50.673 6.36197 0
      vertex 51.7215 7.70381 0
    endloop
  endfacet
  facet normal 0 0 -1
    outer loop
      vertex 50.427 6.76335 0
      vertex 51.7215 7.70381 0
      vertex 50.673 6.36197 0
    endloop
  endfacet
  facet normal -0 0 -1
    outer loop
      vertex 51.7215 7.70381 0
      vertex 50.427 6.76335 0
      vertex 51.2527 8.25269 0
    endloop
  endfacet
  facet normal 0 0 -1
    outer loop
      vertex 50.1213 7.12131 0
      vertex 51.2527 8.25269 0
      vertex 50.427 6.76335 0
    endloop
  endfacet
  facet normal 0 0 -1
    outer loop
      vertex 50.1 7.13951 0
      vertex 51.2527 8.25269 0
      vertex 50.1213 7.12131 0
    endloop
  endfacet
  facet normal -0 0 -1
    outer loop
      vertex 51.2527 8.25269 0
      vertex 50.1 7.13951 0
      vertex 50.7038 8.72147 0
    endloop
  endfacet
  facet normal -0 0 -1
    outer loop
      vertex 50.7038 8.72147 0
      vertex 50.1 7.13951 0
      vertex 50.1 9.09148 0
    endloop
  endfacet
  facet normal 0 0 -1
    outer loop
      vertex 44.7473 8.25269 0
      vertex 45.9 7.13951 0
      vertex 45.8787 7.12131 0
    endloop
  endfacet
  facet normal 0 0 -1
    outer loop
      vertex 44.7473 8.25269 0
      vertex 45.8787 7.12131 0
      vertex 45.573 6.76335 0
    endloop
  endfacet
  facet normal 0 0 -1
    outer loop
      vertex 44.7473 8.25269 0
      vertex 45.573 6.76335 0
      vertex 45.327 6.36197 0
    endloop
  endfacet
  facet normal 0 0 -1
    outer loop
      vertex 45.9 7.13951 0
      vertex 45.2962 8.72147 0
      vertex 45.9 9.09148 0
    endloop
  endfacet
  facet normal 0 0 -1
    outer loop
      vertex 44.7473 8.25269 0
      vertex 45.327 6.36197 0
      vertex 45.1468 5.92705 0
    endloop
  endfacet
  facet normal 0 0 -1
    outer loop
      vertex 44.7473 8.25269 0
      vertex 45.1468 5.92705 0
      vertex 45.0369 5.4693 0
    endloop
  endfacet
  facet normal 0 0 -1
    outer loop
      vertex 45.9 7.13951 0
      vertex 44.7473 8.25269 0
      vertex 45.2962 8.72147 0
    endloop
  endfacet
  facet normal 0 0 -1
    outer loop
      vertex 44.7473 8.25269 0
      vertex 45.0369 5.4693 0
      vertex 45 5 0
    endloop
  endfacet
  facet normal -0 0 -1
    outer loop
      vertex 45.1468 4.07294 0
      vertex 43.6252 3.57852 0
      vertex 45.0369 4.53069 0
    endloop
  endfacet
  facet normal 0 0 -1
    outer loop
      vertex 45 5 0
      vertex 44.2785 7.70381 0
      vertex 44.7473 8.25269 0
    endloop
  endfacet
  facet normal 0 0 -1
    outer loop
      vertex 43.4566 4.2804 0
      vertex 45.0369 4.53069 0
      vertex 43.6252 3.57852 0
    endloop
  endfacet
  facet normal 0 0 -1
    outer loop
      vertex 45 5 0
      vertex 43.9014 7.08835 0
      vertex 44.2785 7.70381 0
    endloop
  endfacet
  facet normal -0 0 -1
    outer loop
      vertex 45.0369 4.53069 0
      vertex 43.4566 4.2804 0
      vertex 45 5 0
    endloop
  endfacet
  facet normal 0 0 -1
    outer loop
      vertex 45 5 0
      vertex 43.6252 6.42146 0
      vertex 43.9014 7.08835 0
    endloop
  endfacet
  facet normal 0 0 -1
    outer loop
      vertex 43.4 5 0
      vertex 45 5 0
      vertex 43.4566 4.2804 0
    endloop
  endfacet
  facet normal 0 0 -1
    outer loop
      vertex 45 5 0
      vertex 43.4566 5.71959 0
      vertex 43.6252 6.42146 0
    endloop
  endfacet
  facet normal 0 0 -1
    outer loop
      vertex 45 5 0
      vertex 43.4 5 0
      vertex 43.4566 5.71959 0
    endloop
  endfacet
  facet normal 0 1 -0
    outer loop
      vertex 58 2 0
      vertex 57.7926 2 7.97118
      vertex 58 2 7.88528
    endloop
  endfacet
  facet normal 0 1 0
    outer loop
      vertex 57.7926 2 7.97118
      vertex 58 2 0
      vertex 51.4685 2 0
    endloop
  endfacet
  facet normal 0 1 0
    outer loop
      vertex 57.7926 2 7.97118
      vertex 51.4685 2 0
      vertex 51.4685 2 7.97118
    endloop
  endfacet
  facet normal 0.760346 -0.649518 0
    outer loop
      vertex 51.4685 2 7.97118
      vertex 51.7215 2.29617 0
      vertex 51.7215 2.29617 7.97118
    endloop
  endfacet
  facet normal 0.760346 -0.649518 0
    outer loop
      vertex 51.7215 2.29617 0
      vertex 51.4685 2 7.97118
      vertex 51.4685 2 0
    endloop
  endfacet
  facet normal 0.852678 -0.522438 0
    outer loop
      vertex 51.7215 2.29617 7.97118
      vertex 52.0986 2.91164 0
      vertex 52.0986 2.91164 7.97118
    endloop
  endfacet
  facet normal 0.852678 -0.522438 0
    outer loop
      vertex 52.0986 2.91164 0
      vertex 51.7215 2.29617 7.97118
      vertex 51.7215 2.29617 0
    endloop
  endfacet
  facet normal 0.923895 -0.382647 0
    outer loop
      vertex 52.0986 2.91164 7.97118
      vertex 52.3748 3.57852 0
      vertex 52.3748 3.57852 7.97118
    endloop
  endfacet
  facet normal 0.923895 -0.382647 0
    outer loop
      vertex 52.3748 3.57852 0
      vertex 52.0986 2.91164 7.97118
      vertex 52.0986 2.91164 0
    endloop
  endfacet
  facet normal 0.972341 -0.233568 0
    outer loop
      vertex 52.3748 3.57852 7.97118
      vertex 52.5434 4.2804 0
      vertex 52.5434 4.2804 7.97118
    endloop
  endfacet
  facet normal 0.972341 -0.233568 0
    outer loop
      vertex 52.5434 4.2804 0
      vertex 52.3748 3.57852 7.97118
      vertex 52.3748 3.57852 0
    endloop
  endfacet
  facet normal 0.996921 -0.0784126 0
    outer loop
      vertex 52.5434 4.2804 7.97118
      vertex 52.6 5 0
      vertex 52.6 5 7.97118
    endloop
  endfacet
  facet normal 0.996921 -0.0784126 0
    outer loop
      vertex 52.6 5 0
      vertex 52.5434 4.2804 7.97118
      vertex 52.5434 4.2804 0
    endloop
  endfacet
  facet normal 0.996921 0.0784137 0
    outer loop
      vertex 52.6 5 7.97118
      vertex 52.5434 5.71959 0
      vertex 52.5434 5.71959 7.97118
    endloop
  endfacet
  facet normal 0.996921 0.0784137 0
    outer loop
      vertex 52.5434 5.71959 0
      vertex 52.6 5 7.97118
      vertex 52.6 5 0
    endloop
  endfacet
  facet normal 0.97234 0.233571 0
    outer loop
      vertex 52.5434 5.71959 7.97118
      vertex 52.3748 6.42146 0
      vertex 52.3748 6.42146 7.97118
    endloop
  endfacet
  facet normal 0.97234 0.233571 0
    outer loop
      vertex 52.3748 6.42146 0
      vertex 52.5434 5.71959 7.97118
      vertex 52.5434 5.71959 0
    endloop
  endfacet
  facet normal 0.923897 0.382642 0
    outer loop
      vertex 52.3748 6.42146 7.97118
      vertex 52.0986 7.08835 0
      vertex 52.0986 7.08835 7.97118
    endloop
  endfacet
  facet normal 0.923897 0.382642 0
    outer loop
      vertex 52.0986 7.08835 0
      vertex 52.3748 6.42146 7.97118
      vertex 52.3748 6.42146 0
    endloop
  endfacet
  facet normal 0.852674 0.522444 0
    outer loop
      vertex 52.0986 7.08835 7.97118
      vertex 51.7215 7.70381 0
      vertex 51.7215 7.70381 7.97118
    endloop
  endfacet
  facet normal 0.852674 0.522444 0
    outer loop
      vertex 51.7215 7.70381 0
      vertex 52.0986 7.08835 7.97118
      vertex 52.0986 7.08835 0
    endloop
  endfacet
  facet normal 0.760398 0.649458 0
    outer loop
      vertex 51.7215 7.70381 7.97118
      vertex 51.2527 8.25269 0
      vertex 51.2527 8.25269 7.97118
    endloop
  endfacet
  facet normal 0.760398 0.649458 0
    outer loop
      vertex 51.2527 8.25269 0
      vertex 51.7215 7.70381 7.97118
      vertex 51.7215 7.70381 0
    endloop
  endfacet
  facet normal 0.649428 0.760423 -0
    outer loop
      vertex 51.2527 8.25269 0
      vertex 50.7038 8.72147 7.97118
      vertex 51.2527 8.25269 7.97118
    endloop
  endfacet
  facet normal 0.649428 0.760423 0
    outer loop
      vertex 50.7038 8.72147 7.97118
      vertex 51.2527 8.25269 0
      vertex 50.7038 8.72147 0
    endloop
  endfacet
  facet normal 0.522499 0.85264 -0
    outer loop
      vertex 50.7038 8.72147 0
      vertex 50.1 9.09148 7.97118
      vertex 50.7038 8.72147 7.97118
    endloop
  endfacet
  facet normal 0.522499 0.85264 0
    outer loop
      vertex 50.1 9.09148 7.97118
      vertex 50.7038 8.72147 0
      vertex 50.1 9.09148 0
    endloop
  endfacet
  facet normal -1 0 0
    outer loop
      vertex 50.1 7.13951 0
      vertex 50.1 9.09148 7.97118
      vertex 50.1 9.09148 0
    endloop
  endfacet
  facet normal -1 -0 0
    outer loop
      vertex 50.1 9.09148 7.97118
      vertex 50.1 7.13951 0
      vertex 50.1 7.13951 7.97118
    endloop
  endfacet
  facet normal -0.649615 -0.760263 0
    outer loop
      vertex 50.1 7.13951 0
      vertex 50.1213 7.12131 7.97118
      vertex 50.1 7.13951 7.97118
    endloop
  endfacet
  facet normal -0.649615 -0.760263 -0
    outer loop
      vertex 50.1213 7.12131 7.97118
      vertex 50.1 7.13951 0
      vertex 50.1213 7.12131 0
    endloop
  endfacet
  facet normal -0.760434 -0.649415 0
    outer loop
      vertex 50.427 6.76335 0
      vertex 50.1213 7.12131 7.97118
      vertex 50.1213 7.12131 0
    endloop
  endfacet
  facet normal -0.760434 -0.649415 0
    outer loop
      vertex 50.1213 7.12131 7.97118
      vertex 50.427 6.76335 0
      vertex 50.427 6.76335 7.97118
    endloop
  endfacet
  facet normal -0.852608 -0.522551 0
    outer loop
      vertex 50.673 6.36197 0
      vertex 50.427 6.76335 7.97118
      vertex 50.427 6.76335 0
    endloop
  endfacet
  facet normal -0.852608 -0.522551 0
    outer loop
      vertex 50.427 6.76335 7.97118
      vertex 50.673 6.36197 0
      vertex 50.673 6.36197 7.97118
    endloop
  endfacet
  facet normal -0.923842 -0.382775 0
    outer loop
      vertex 50.8532 5.92705 0
      vertex 50.673 6.36197 7.97118
      vertex 50.673 6.36197 0
    endloop
  endfacet
  facet normal -0.923842 -0.382775 0
    outer loop
      vertex 50.673 6.36197 7.97118
      vertex 50.8532 5.92705 0
      vertex 50.8532 5.92705 7.97118
    endloop
  endfacet
  facet normal -0.972368 -0.233453 0
    outer loop
      vertex 50.9631 5.4693 0
      vertex 50.8532 5.92705 7.97118
      vertex 50.8532 5.92705 0
    endloop
  endfacet
  facet normal -0.972368 -0.233453 0
    outer loop
      vertex 50.8532 5.92705 7.97118
      vertex 50.9631 5.4693 0
      vertex 50.9631 5.4693 7.97118
    endloop
  endfacet
  facet normal -0.996923 -0.0783858 0
    outer loop
      vertex 51 5 0
      vertex 50.9631 5.4693 7.97118
      vertex 50.9631 5.4693 0
    endloop
  endfacet
  facet normal -0.996923 -0.0783858 0
    outer loop
      vertex 50.9631 5.4693 7.97118
      vertex 51 5 0
      vertex 51 5 7.97118
    endloop
  endfacet
  facet normal -0.996923 0.0783842 0
    outer loop
      vertex 50.9631 4.53069 0
      vertex 51 5 7.97118
      vertex 51 5 0
    endloop
  endfacet
  facet normal -0.996923 0.0783842 0
    outer loop
      vertex 51 5 7.97118
      vertex 50.9631 4.53069 0
      vertex 50.9631 4.53069 7.97118
    endloop
  endfacet
  facet normal -0.972368 0.233453 0
    outer loop
      vertex 50.8532 4.07294 0
      vertex 50.9631 4.53069 7.97118
      vertex 50.9631 4.53069 0
    endloop
  endfacet
  facet normal -0.972368 0.233453 0
    outer loop
      vertex 50.9631 4.53069 7.97118
      vertex 50.8532 4.07294 0
      vertex 50.8532 4.07294 7.97118
    endloop
  endfacet
  facet normal -0.923842 0.382775 0
    outer loop
      vertex 50.673 3.63802 0
      vertex 50.8532 4.07294 7.97118
      vertex 50.8532 4.07294 0
    endloop
  endfacet
  facet normal -0.923842 0.382775 0
    outer loop
      vertex 50.8532 4.07294 7.97118
      vertex 50.673 3.63802 0
      vertex 50.673 3.63802 7.97118
    endloop
  endfacet
  facet normal -0.852614 0.522542 0
    outer loop
      vertex 50.427 3.23663 0
      vertex 50.673 3.63802 7.97118
      vertex 50.673 3.63802 0
    endloop
  endfacet
  facet normal -0.852614 0.522542 0
    outer loop
      vertex 50.673 3.63802 7.97118
      vertex 50.427 3.23663 0
      vertex 50.427 3.23663 7.97118
    endloop
  endfacet
  facet normal -0.760425 0.649426 0
    outer loop
      vertex 50.1213 2.87868 0
      vertex 50.427 3.23663 7.97118
      vertex 50.427 3.23663 0
    endloop
  endfacet
  facet normal -0.760425 0.649426 0
    outer loop
      vertex 50.427 3.23663 7.97118
      vertex 50.1213 2.87868 0
      vertex 50.1213 2.87868 7.97118
    endloop
  endfacet
  facet normal -0.649527 0.760338 0
    outer loop
      vertex 50.1213 2.87868 0
      vertex 49.7634 2.57294 7.97118
      vertex 50.1213 2.87868 7.97118
    endloop
  endfacet
  facet normal -0.649527 0.760338 0
    outer loop
      vertex 49.7634 2.57294 7.97118
      vertex 50.1213 2.87868 0
      vertex 49.7634 2.57294 0
    endloop
  endfacet
  facet normal -0.522486 0.852648 0
    outer loop
      vertex 49.7634 2.57294 0
      vertex 49.362 2.32697 7.97118
      vertex 49.7634 2.57294 7.97118
    endloop
  endfacet
  facet normal -0.522486 0.852648 0
    outer loop
      vertex 49.362 2.32697 7.97118
      vertex 49.7634 2.57294 0
      vertex 49.362 2.32697 0
    endloop
  endfacet
  facet normal -0.382624 0.923904 0
    outer loop
      vertex 49.362 2.32697 0
      vertex 48.927 2.14682 7.97118
      vertex 49.362 2.32697 7.97118
    endloop
  endfacet
  facet normal -0.382624 0.923904 0
    outer loop
      vertex 48.927 2.14682 7.97118
      vertex 49.362 2.32697 0
      vertex 48.927 2.14682 0
    endloop
  endfacet
  facet normal -0.233457 0.972367 0
    outer loop
      vertex 48.927 2.14682 0
      vertex 48.4693 2.03693 7.97118
      vertex 48.927 2.14682 7.97118
    endloop
  endfacet
  facet normal -0.233457 0.972367 0
    outer loop
      vertex 48.4693 2.03693 7.97118
      vertex 48.927 2.14682 0
      vertex 48.4693 2.03693 0
    endloop
  endfacet
  facet normal -0.0784491 0.996918 0
    outer loop
      vertex 48.4693 2.03693 0
      vertex 48 2 7.97118
      vertex 48.4693 2.03693 7.97118
    endloop
  endfacet
  facet normal -0.0784491 0.996918 0
    outer loop
      vertex 48 2 7.97118
      vertex 48.4693 2.03693 0
      vertex 48 2 0
    endloop
  endfacet
  facet normal 0.0784491 0.996918 -0
    outer loop
      vertex 48 2 0
      vertex 47.5307 2.03693 7.97118
      vertex 48 2 7.97118
    endloop
  endfacet
  facet normal 0.0784491 0.996918 0
    outer loop
      vertex 47.5307 2.03693 7.97118
      vertex 48 2 0
      vertex 47.5307 2.03693 0
    endloop
  endfacet
  facet normal 0.233457 0.972367 -0
    outer loop
      vertex 47.5307 2.03693 0
      vertex 47.073 2.14682 7.97118
      vertex 47.5307 2.03693 7.97118
    endloop
  endfacet
  facet normal 0.233457 0.972367 0
    outer loop
      vertex 47.073 2.14682 7.97118
      vertex 47.5307 2.03693 0
      vertex 47.073 2.14682 0
    endloop
  endfacet
  facet normal 0.382624 0.923904 -0
    outer loop
      vertex 47.073 2.14682 0
      vertex 46.638 2.32697 7.97118
      vertex 47.073 2.14682 7.97118
    endloop
  endfacet
  facet normal 0.382624 0.923904 0
    outer loop
      vertex 46.638 2.32697 7.97118
      vertex 47.073 2.14682 0
      vertex 46.638 2.32697 0
    endloop
  endfacet
  facet normal 0.522486 0.852648 -0
    outer loop
      vertex 46.638 2.32697 0
      vertex 46.2366 2.57294 7.97118
      vertex 46.638 2.32697 7.97118
    endloop
  endfacet
  facet normal 0.522486 0.852648 0
    outer loop
      vertex 46.2366 2.57294 7.97118
      vertex 46.638 2.32697 0
      vertex 46.2366 2.57294 0
    endloop
  endfacet
  facet normal 0.649527 0.760338 -0
    outer loop
      vertex 46.2366 2.57294 0
      vertex 45.8787 2.87868 7.97118
      vertex 46.2366 2.57294 7.97118
    endloop
  endfacet
  facet normal 0.649527 0.760338 0
    outer loop
      vertex 45.8787 2.87868 7.97118
      vertex 46.2366 2.57294 0
      vertex 45.8787 2.87868 0
    endloop
  endfacet
  facet normal 0.760425 0.649426 0
    outer loop
      vertex 45.8787 2.87868 7.97118
      vertex 45.573 3.23663 0
      vertex 45.573 3.23663 7.97118
    endloop
  endfacet
  facet normal 0.760425 0.649426 0
    outer loop
      vertex 45.573 3.23663 0
      vertex 45.8787 2.87868 7.97118
      vertex 45.8787 2.87868 0
    endloop
  endfacet
  facet normal 0.852614 0.522542 0
    outer loop
      vertex 45.573 3.23663 7.97118
      vertex 45.327 3.63802 0
      vertex 45.327 3.63802 7.97118
    endloop
  endfacet
  facet normal 0.852614 0.522542 0
    outer loop
      vertex 45.327 3.63802 0
      vertex 45.573 3.23663 7.97118
      vertex 45.573 3.23663 0
    endloop
  endfacet
  facet normal 0.923842 0.382775 0
    outer loop
      vertex 45.327 3.63802 7.97118
      vertex 45.1468 4.07294 0
      vertex 45.1468 4.07294 7.97118
    endloop
  endfacet
  facet normal 0.923842 0.382775 0
    outer loop
      vertex 45.1468 4.07294 0
      vertex 45.327 3.63802 7.97118
      vertex 45.327 3.63802 0
    endloop
  endfacet
  facet normal 0.972368 0.233453 0
    outer loop
      vertex 45.1468 4.07294 7.97118
      vertex 45.0369 4.53069 0
      vertex 45.0369 4.53069 7.97118
    endloop
  endfacet
  facet normal 0.972368 0.233453 0
    outer loop
      vertex 45.0369 4.53069 0
      vertex 45.1468 4.07294 7.97118
      vertex 45.1468 4.07294 0
    endloop
  endfacet
  facet normal 0.996923 0.0783842 0
    outer loop
      vertex 45.0369 4.53069 7.97118
      vertex 45 5 0
      vertex 45 5 7.97118
    endloop
  endfacet
  facet normal 0.996923 0.0783842 0
    outer loop
      vertex 45 5 0
      vertex 45.0369 4.53069 7.97118
      vertex 45.0369 4.53069 0
    endloop
  endfacet
  facet normal 0.996923 -0.0783858 0
    outer loop
      vertex 45 5 7.97118
      vertex 45.0369 5.4693 0
      vertex 45.0369 5.4693 7.97118
    endloop
  endfacet
  facet normal 0.996923 -0.0783858 0
    outer loop
      vertex 45.0369 5.4693 0
      vertex 45 5 7.97118
      vertex 45 5 0
    endloop
  endfacet
  facet normal 0.972368 -0.233453 0
    outer loop
      vertex 45.0369 5.4693 7.97118
      vertex 45.1468 5.92705 0
      vertex 45.1468 5.92705 7.97118
    endloop
  endfacet
  facet normal 0.972368 -0.233453 0
    outer loop
      vertex 45.1468 5.92705 0
      vertex 45.0369 5.4693 7.97118
      vertex 45.0369 5.4693 0
    endloop
  endfacet
  facet normal 0.923842 -0.382775 0
    outer loop
      vertex 45.1468 5.92705 7.97118
      vertex 45.327 6.36197 0
      vertex 45.327 6.36197 7.97118
    endloop
  endfacet
  facet normal 0.923842 -0.382775 0
    outer loop
      vertex 45.327 6.36197 0
      vertex 45.1468 5.92705 7.97118
      vertex 45.1468 5.92705 0
    endloop
  endfacet
  facet normal 0.852608 -0.522551 0
    outer loop
      vertex 45.327 6.36197 7.97118
      vertex 45.573 6.76335 0
      vertex 45.573 6.76335 7.97118
    endloop
  endfacet
  facet normal 0.852608 -0.522551 0
    outer loop
      vertex 45.573 6.76335 0
      vertex 45.327 6.36197 7.97118
      vertex 45.327 6.36197 0
    endloop
  endfacet
  facet normal 0.760434 -0.649415 0
    outer loop
      vertex 45.573 6.76335 7.97118
      vertex 45.8787 7.12131 0
      vertex 45.8787 7.12131 7.97118
    endloop
  endfacet
  facet normal 0.760434 -0.649415 0
    outer loop
      vertex 45.8787 7.12131 0
      vertex 45.573 6.76335 7.97118
      vertex 45.573 6.76335 0
    endloop
  endfacet
  facet normal 0.649615 -0.760263 0
    outer loop
      vertex 45.8787 7.12131 0
      vertex 45.9 7.13951 7.97118
      vertex 45.8787 7.12131 7.97118
    endloop
  endfacet
  facet normal 0.649615 -0.760263 0
    outer loop
      vertex 45.9 7.13951 7.97118
      vertex 45.8787 7.12131 0
      vertex 45.9 7.13951 0
    endloop
  endfacet
  facet normal 1 -0 0
    outer loop
      vertex 45.9 7.13951 7.97118
      vertex 45.9 9.09148 0
      vertex 45.9 9.09148 7.97118
    endloop
  endfacet
  facet normal 1 0 0
    outer loop
      vertex 45.9 9.09148 0
      vertex 45.9 7.13951 7.97118
      vertex 45.9 7.13951 0
    endloop
  endfacet
  facet normal -0.522499 0.85264 0
    outer loop
      vertex 45.9 9.09148 0
      vertex 45.2962 8.72147 7.97118
      vertex 45.9 9.09148 7.97118
    endloop
  endfacet
  facet normal -0.522499 0.85264 0
    outer loop
      vertex 45.2962 8.72147 7.97118
      vertex 45.9 9.09148 0
      vertex 45.2962 8.72147 0
    endloop
  endfacet
  facet normal -0.649428 0.760423 0
    outer loop
      vertex 45.2962 8.72147 0
      vertex 44.7473 8.25269 7.97118
      vertex 45.2962 8.72147 7.97118
    endloop
  endfacet
  facet normal -0.649428 0.760423 0
    outer loop
      vertex 44.7473 8.25269 7.97118
      vertex 45.2962 8.72147 0
      vertex 44.7473 8.25269 0
    endloop
  endfacet
  facet normal -0.760398 0.649458 0
    outer loop
      vertex 44.2785 7.70381 0
      vertex 44.7473 8.25269 7.97118
      vertex 44.7473 8.25269 0
    endloop
  endfacet
  facet normal -0.760398 0.649458 0
    outer loop
      vertex 44.7473 8.25269 7.97118
      vertex 44.2785 7.70381 0
      vertex 44.2785 7.70381 7.97118
    endloop
  endfacet
  facet normal -0.852674 0.522444 0
    outer loop
      vertex 43.9014 7.08835 0
      vertex 44.2785 7.70381 7.97118
      vertex 44.2785 7.70381 0
    endloop
  endfacet
  facet normal -0.852674 0.522444 0
    outer loop
      vertex 44.2785 7.70381 7.97118
      vertex 43.9014 7.08835 0
      vertex 43.9014 7.08835 7.97118
    endloop
  endfacet
  facet normal -0.923897 0.382642 0
    outer loop
      vertex 43.6252 6.42146 0
      vertex 43.9014 7.08835 7.97118
      vertex 43.9014 7.08835 0
    endloop
  endfacet
  facet normal -0.923897 0.382642 0
    outer loop
      vertex 43.9014 7.08835 7.97118
      vertex 43.6252 6.42146 0
      vertex 43.6252 6.42146 7.97118
    endloop
  endfacet
  facet normal -0.97234 0.233571 0
    outer loop
      vertex 43.4566 5.71959 0
      vertex 43.6252 6.42146 7.97118
      vertex 43.6252 6.42146 0
    endloop
  endfacet
  facet normal -0.97234 0.233571 0
    outer loop
      vertex 43.6252 6.42146 7.97118
      vertex 43.4566 5.71959 0
      vertex 43.4566 5.71959 7.97118
    endloop
  endfacet
  facet normal -0.996921 0.0784137 0
    outer loop
      vertex 43.4 5 0
      vertex 43.4566 5.71959 7.97118
      vertex 43.4566 5.71959 0
    endloop
  endfacet
  facet normal -0.996921 0.0784137 0
    outer loop
      vertex 43.4566 5.71959 7.97118
      vertex 43.4 5 0
      vertex 43.4 5 7.97118
    endloop
  endfacet
  facet normal -0.996921 -0.0784126 0
    outer loop
      vertex 43.4566 4.2804 0
      vertex 43.4 5 7.97118
      vertex 43.4 5 0
    endloop
  endfacet
  facet normal -0.996921 -0.0784126 0
    outer loop
      vertex 43.4 5 7.97118
      vertex 43.4566 4.2804 0
      vertex 43.4566 4.2804 7.97118
    endloop
  endfacet
  facet normal -0.972341 -0.233568 0
    outer loop
      vertex 43.6252 3.57852 0
      vertex 43.4566 4.2804 7.97118
      vertex 43.4566 4.2804 0
    endloop
  endfacet
  facet normal -0.972341 -0.233568 0
    outer loop
      vertex 43.4566 4.2804 7.97118
      vertex 43.6252 3.57852 0
      vertex 43.6252 3.57852 7.97118
    endloop
  endfacet
  facet normal -0.923895 -0.382647 0
    outer loop
      vertex 43.9014 2.91164 0
      vertex 43.6252 3.57852 7.97118
      vertex 43.6252 3.57852 0
    endloop
  endfacet
  facet normal -0.923895 -0.382647 0
    outer loop
      vertex 43.6252 3.57852 7.97118
      vertex 43.9014 2.91164 0
      vertex 43.9014 2.91164 7.97118
    endloop
  endfacet
  facet normal -0.852678 -0.522438 0
    outer loop
      vertex 44.2785 2.29617 0
      vertex 43.9014 2.91164 7.97118
      vertex 43.9014 2.91164 0
    endloop
  endfacet
  facet normal -0.852678 -0.522438 0
    outer loop
      vertex 43.9014 2.91164 7.97118
      vertex 44.2785 2.29617 0
      vertex 44.2785 2.29617 7.97118
    endloop
  endfacet
  facet normal -0.760346 -0.649518 0
    outer loop
      vertex 44.5315 2 0
      vertex 44.2785 2.29617 7.97118
      vertex 44.2785 2.29617 0
    endloop
  endfacet
  facet normal -0.760346 -0.649518 0
    outer loop
      vertex 44.2785 2.29617 7.97118
      vertex 44.5315 2 0
      vertex 44.5315 2 7.97118
    endloop
  endfacet
  facet normal 0 1 -0
    outer loop
      vertex 44.5315 2 0
      vertex 38.2074 2 7.97118
      vertex 44.5315 2 7.97118
    endloop
  endfacet
  facet normal 0 1 0
    outer loop
      vertex 38 2 0
      vertex 38.2074 2 7.97118
      vertex 44.5315 2 0
    endloop
  endfacet
  facet normal 0 1 0
    outer loop
      vertex 38.2074 2 7.97118
      vertex 38 2 0
      vertex 38 2 7.88528
    endloop
  endfacet
  facet normal -1 0 0
    outer loop
      vertex 38 0 0
      vertex 38 2 7.88528
      vertex 38 2 0
    endloop
  endfacet
  facet normal -1 -0 0
    outer loop
      vertex 38 2 7.88528
      vertex 38 0 0
      vertex 38 0 7.88528
    endloop
  endfacet
  facet normal 0 -1 0
    outer loop
      vertex 38 0 0
      vertex 38.2074 0 7.97118
      vertex 38 0 7.88528
    endloop
  endfacet
  facet normal 0 -1 -0
    outer loop
      vertex 38.2074 0 7.97118
      vertex 38 0 0
      vertex 57.7926 0 7.97118
    endloop
  endfacet
  facet normal 0 -1 0
    outer loop
      vertex 58 0 0
      vertex 57.7926 0 7.97118
      vertex 38 0 0
    endloop
  endfacet
  facet normal 0 -1 0
    outer loop
      vertex 57.7926 0 7.97118
      vertex 58 0 0
      vertex 58 0 7.88528
    endloop
  endfacet
  facet normal 1 -0 0
    outer loop
      vertex 58 0 7.88528
      vertex 58 2 0
      vertex 58 2 7.88528
    endloop
  endfacet
  facet normal 1 0 0
    outer loop
      vertex 58 2 0
      vertex 58 0 7.88528
      vertex 58 0 0
    endloop
  endfacet
  facet normal -0 0 1
    outer loop
      vertex 45.2962 8.72147 7.97118
      vertex 45.9 7.13951 7.97118
      vertex 45.9 9.09148 7.97118
    endloop
  endfacet
  facet normal -0 0 1
    outer loop
      vertex 44.7473 8.25269 7.97118
      vertex 45.9 7.13951 7.97118
      vertex 45.2962 8.72147 7.97118
    endloop
  endfacet
  facet normal 0 0 1
    outer loop
      vertex 45.9 7.13951 7.97118
      vertex 44.7473 8.25269 7.97118
      vertex 45.8787 7.12131 7.97118
    endloop
  endfacet
  facet normal 0 0 1
    outer loop
      vertex 45.8787 7.12131 7.97118
      vertex 44.7473 8.25269 7.97118
      vertex 45.573 6.76335 7.97118
    endloop
  endfacet
  facet normal -0 0 1
    outer loop
      vertex 44.2785 7.70381 7.97118
      vertex 45.573 6.76335 7.97118
      vertex 44.7473 8.25269 7.97118
    endloop
  endfacet
  facet normal 0 0 1
    outer loop
      vertex 45.573 6.76335 7.97118
      vertex 44.2785 7.70381 7.97118
      vertex 45.327 6.36197 7.97118
    endloop
  endfacet
  facet normal 0 0 1
    outer loop
      vertex 45.327 6.36197 7.97118
      vertex 43.9014 7.08835 7.97118
      vertex 45.1468 5.92705 7.97118
    endloop
  endfacet
  facet normal -0 0 1
    outer loop
      vertex 43.9014 7.08835 7.97118
      vertex 45.327 6.36197 7.97118
      vertex 44.2785 7.70381 7.97118
    endloop
  endfacet
  facet normal 0 0 1
    outer loop
      vertex 51 5 7.97118
      vertex 52.6 5 7.97118
      vertex 52.5434 5.71959 7.97118
    endloop
  endfacet
  facet normal 0 0 1
    outer loop
      vertex 50.9631 5.4693 7.97118
      vertex 52.5434 5.71959 7.97118
      vertex 52.3748 6.42146 7.97118
    endloop
  endfacet
  facet normal 0 0 1
    outer loop
      vertex 52.6 5 7.97118
      vertex 51 5 7.97118
      vertex 52.5434 4.2804 7.97118
    endloop
  endfacet
  facet normal 0 0 1
    outer loop
      vertex 50.8532 5.92705 7.97118
      vertex 52.3748 6.42146 7.97118
      vertex 52.0986 7.08835 7.97118
    endloop
  endfacet
  facet normal -0 0 1
    outer loop
      vertex 50.9631 4.53069 7.97118
      vertex 52.5434 4.2804 7.97118
      vertex 51 5 7.97118
    endloop
  endfacet
  facet normal 0 0 1
    outer loop
      vertex 50.673 6.36197 7.97118
      vertex 52.0986 7.08835 7.97118
      vertex 51.7215 7.70381 7.97118
    endloop
  endfacet
  facet normal 0 0 1
    outer loop
      vertex 52.5434 4.2804 7.97118
      vertex 50.9631 4.53069 7.97118
      vertex 52.3748 3.57852 7.97118
    endloop
  endfacet
  facet normal -0 0 1
    outer loop
      vertex 50.8532 4.07294 7.97118
      vertex 52.3748 3.57852 7.97118
      vertex 50.9631 4.53069 7.97118
    endloop
  endfacet
  facet normal 0 0 1
    outer loop
      vertex 50.427 6.76335 7.97118
      vertex 51.7215 7.70381 7.97118
      vertex 51.2527 8.25269 7.97118
    endloop
  endfacet
  facet normal -0 0 1
    outer loop
      vertex 51.4685 2 7.97118
      vertex 57.7926 0 7.97118
      vertex 57.7926 2 7.97118
    endloop
  endfacet
  facet normal 0 0 1
    outer loop
      vertex 52.3748 3.57852 7.97118
      vertex 50.8532 4.07294 7.97118
      vertex 52.0986 2.91164 7.97118
    endloop
  endfacet
  facet normal -0 0 1
    outer loop
      vertex 50.673 3.63802 7.97118
      vertex 52.0986 2.91164 7.97118
      vertex 50.8532 4.07294 7.97118
    endloop
  endfacet
  facet normal 0 0 1
    outer loop
      vertex 52.0986 2.91164 7.97118
      vertex 50.673 3.63802 7.97118
      vertex 51.7215 2.29617 7.97118
    endloop
  endfacet
  facet normal -0 0 1
    outer loop
      vertex 50.427 3.23663 7.97118
      vertex 51.7215 2.29617 7.97118
      vertex 50.673 3.63802 7.97118
    endloop
  endfacet
  facet normal 0 0 1
    outer loop
      vertex 51.7215 2.29617 7.97118
      vertex 50.427 3.23663 7.97118
      vertex 51.4685 2 7.97118
    endloop
  endfacet
  facet normal -0 0 1
    outer loop
      vertex 50.1213 2.87868 7.97118
      vertex 51.4685 2 7.97118
      vertex 50.427 3.23663 7.97118
    endloop
  endfacet
  facet normal -0 0 1
    outer loop
      vertex 49.7634 2.57294 7.97118
      vertex 51.4685 2 7.97118
      vertex 50.1213 2.87868 7.97118
    endloop
  endfacet
  facet normal -0 0 1
    outer loop
      vertex 49.362 2.32697 7.97118
      vertex 51.4685 2 7.97118
      vertex 49.7634 2.57294 7.97118
    endloop
  endfacet
  facet normal -0 0 1
    outer loop
      vertex 48.927 2.14682 7.97118
      vertex 51.4685 2 7.97118
      vertex 49.362 2.32697 7.97118
    endloop
  endfacet
  facet normal -0 0 1
    outer loop
      vertex 48.4693 2.03693 7.97118
      vertex 51.4685 2 7.97118
      vertex 48.927 2.14682 7.97118
    endloop
  endfacet
  facet normal 0 0 1
    outer loop
      vertex 51.4685 2 7.97118
      vertex 48.4693 2.03693 7.97118
      vertex 57.7926 0 7.97118
    endloop
  endfacet
  facet normal -0 0 1
    outer loop
      vertex 48 2 7.97118
      vertex 57.7926 0 7.97118
      vertex 48.4693 2.03693 7.97118
    endloop
  endfacet
  facet normal 0 0 1
    outer loop
      vertex 38.2074 0 7.97118
      vertex 48 2 7.97118
      vertex 47.5307 2.03693 7.97118
    endloop
  endfacet
  facet normal -0 0 1
    outer loop
      vertex 43.6252 6.42146 7.97118
      vertex 45.1468 5.92705 7.97118
      vertex 43.9014 7.08835 7.97118
    endloop
  endfacet
  facet normal 0 0 1
    outer loop
      vertex 44.2785 2.29617 7.97118
      vertex 45.0369 4.53069 7.97118
      vertex 45 5 7.97118
    endloop
  endfacet
  facet normal 0 0 1
    outer loop
      vertex 44.2785 2.29617 7.97118
      vertex 45.1468 4.07294 7.97118
      vertex 45.0369 4.53069 7.97118
    endloop
  endfacet
  facet normal 0 0 1
    outer loop
      vertex 44.2785 2.29617 7.97118
      vertex 45.327 3.63802 7.97118
      vertex 45.1468 4.07294 7.97118
    endloop
  endfacet
  facet normal 0 0 1
    outer loop
      vertex 44.2785 2.29617 7.97118
      vertex 45.573 3.23663 7.97118
      vertex 45.327 3.63802 7.97118
    endloop
  endfacet
  facet normal 0 0 1
    outer loop
      vertex 44.5315 2 7.97118
      vertex 45.8787 2.87868 7.97118
      vertex 45.573 3.23663 7.97118
    endloop
  endfacet
  facet normal 0 0 1
    outer loop
      vertex 44.5315 2 7.97118
      vertex 46.2366 2.57294 7.97118
      vertex 45.8787 2.87868 7.97118
    endloop
  endfacet
  facet normal 0 0 1
    outer loop
      vertex 44.5315 2 7.97118
      vertex 46.638 2.32697 7.97118
      vertex 46.2366 2.57294 7.97118
    endloop
  endfacet
  facet normal 0 0 1
    outer loop
      vertex 44.5315 2 7.97118
      vertex 47.073 2.14682 7.97118
      vertex 46.638 2.32697 7.97118
    endloop
  endfacet
  facet normal 0 0 1
    outer loop
      vertex 44.5315 2 7.97118
      vertex 47.5307 2.03693 7.97118
      vertex 47.073 2.14682 7.97118
    endloop
  endfacet
  facet normal 0 0 1
    outer loop
      vertex 38.2074 0 7.97118
      vertex 47.5307 2.03693 7.97118
      vertex 44.5315 2 7.97118
    endloop
  endfacet
  facet normal 0 0 1
    outer loop
      vertex 38.2074 0 7.97118
      vertex 44.5315 2 7.97118
      vertex 38.2074 2 7.97118
    endloop
  endfacet
  facet normal 0 0 1
    outer loop
      vertex 48 2 7.97118
      vertex 38.2074 0 7.97118
      vertex 57.7926 0 7.97118
    endloop
  endfacet
  facet normal 0 0 1
    outer loop
      vertex 52.5434 5.71959 7.97118
      vertex 50.9631 5.4693 7.97118
      vertex 51 5 7.97118
    endloop
  endfacet
  facet normal 0 0 1
    outer loop
      vertex 52.3748 6.42146 7.97118
      vertex 50.8532 5.92705 7.97118
      vertex 50.9631 5.4693 7.97118
    endloop
  endfacet
  facet normal 0 0 1
    outer loop
      vertex 50.1 7.13951 7.97118
      vertex 51.2527 8.25269 7.97118
      vertex 50.7038 8.72147 7.97118
    endloop
  endfacet
  facet normal 0 0 1
    outer loop
      vertex 52.0986 7.08835 7.97118
      vertex 50.673 6.36197 7.97118
      vertex 50.8532 5.92705 7.97118
    endloop
  endfacet
  facet normal 0 0 1
    outer loop
      vertex 51.7215 7.70381 7.97118
      vertex 50.427 6.76335 7.97118
      vertex 50.673 6.36197 7.97118
    endloop
  endfacet
  facet normal 0 0 1
    outer loop
      vertex 51.2527 8.25269 7.97118
      vertex 50.1213 7.12131 7.97118
      vertex 50.427 6.76335 7.97118
    endloop
  endfacet
  facet normal 0 0 1
    outer loop
      vertex 50.1 7.13951 7.97118
      vertex 50.7038 8.72147 7.97118
      vertex 50.1 9.09148 7.97118
    endloop
  endfacet
  facet normal 0 0 1
    outer loop
      vertex 51.2527 8.25269 7.97118
      vertex 50.1 7.13951 7.97118
      vertex 50.1213 7.12131 7.97118
    endloop
  endfacet
  facet normal 0 0 1
    outer loop
      vertex 45.1468 5.92705 7.97118
      vertex 43.6252 6.42146 7.97118
      vertex 45.0369 5.4693 7.97118
    endloop
  endfacet
  facet normal -0 0 1
    outer loop
      vertex 43.4566 5.71959 7.97118
      vertex 45.0369 5.4693 7.97118
      vertex 43.6252 6.42146 7.97118
    endloop
  endfacet
  facet normal 0 0 1
    outer loop
      vertex 45.0369 5.4693 7.97118
      vertex 43.4566 5.71959 7.97118
      vertex 45 5 7.97118
    endloop
  endfacet
  facet normal 0 0 1
    outer loop
      vertex 45.573 3.23663 7.97118
      vertex 44.2785 2.29617 7.97118
      vertex 44.5315 2 7.97118
    endloop
  endfacet
  facet normal 0 -0 1
    outer loop
      vertex 44.2785 2.29617 7.97118
      vertex 45 5 7.97118
      vertex 43.9014 2.91164 7.97118
    endloop
  endfacet
  facet normal 0 0 1
    outer loop
      vertex 45 5 7.97118
      vertex 43.6252 3.57852 7.97118
      vertex 43.9014 2.91164 7.97118
    endloop
  endfacet
  facet normal 0 0 1
    outer loop
      vertex 43.4 5 7.97118
      vertex 45 5 7.97118
      vertex 43.4566 5.71959 7.97118
    endloop
  endfacet
  facet normal 0 0 1
    outer loop
      vertex 45 5 7.97118
      vertex 43.4566 4.2804 7.97118
      vertex 43.6252 3.57852 7.97118
    endloop
  endfacet
  facet normal 0 0 1
    outer loop
      vertex 45 5 7.97118
      vertex 43.4 5 7.97118
      vertex 43.4566 4.2804 7.97118
    endloop
  endfacet
  facet normal -0.382653 0 0.923892
    outer loop
      vertex 38 2 7.88528
      vertex 38.2074 0 7.97118
      vertex 38.2074 2 7.97118
    endloop
  endfacet
  facet normal -0.382653 0 0.923892
    outer loop
      vertex 38.2074 0 7.97118
      vertex 38 2 7.88528
      vertex 38 0 7.88528
    endloop
  endfacet
  facet normal 0.382653 0 0.923892
    outer loop
      vertex 57.7926 2 7.97118
      vertex 58 0 7.88528
      vertex 58 2 7.88528
    endloop
  endfacet
  facet normal 0.382653 0 0.923892
    outer loop
      vertex 58 0 7.88528
      vertex 57.7926 2 7.97118
      vertex 57.7926 0 7.97118
    endloop
  endfacet
  facet normal 0 0 -1
    outer loop
      vertex -11.0938 19.95 0
      vertex -11.0938 20.65 0
      vertex -11 20.3 0
    endloop
  endfacet
  facet normal 0 0 -1
    outer loop
      vertex -12.1 20.8562 0
      vertex -11.0938 19.95 0
      vertex -11.35 19.6938 0
    endloop
  endfacet
  facet normal 0 0 -1
    outer loop
      vertex -11.0938 19.95 0
      vertex -12.1 20.8562 0
      vertex -11.0938 20.65 0
    endloop
  endfacet
  facet normal 0 0 -1
    outer loop
      vertex -12.3196 20 0
      vertex -11.35 19.6938 0
      vertex -11.7 19.6 0
    endloop
  endfacet
  facet normal 0 0 -1
    outer loop
      vertex -11.0938 20.65 0
      vertex -12.1 20.8562 0
      vertex -11.35 20.9062 0
    endloop
  endfacet
  facet normal 0 0 -1
    outer loop
      vertex -12.3196 20 0
      vertex -11.7 19.6 0
      vertex -12.05 19.6938 0
    endloop
  endfacet
  facet normal -0 0 -1
    outer loop
      vertex -11.35 20.9062 0
      vertex -12.1 20.8562 0
      vertex -11.7 21 0
    endloop
  endfacet
  facet normal 0 0 -1
    outer loop
      vertex -11.7 21 0
      vertex -12.1 20.8562 0
      vertex -12.05 20.9062 0
    endloop
  endfacet
  facet normal 0 0 -1
    outer loop
      vertex -11.35 19.6938 0
      vertex -12.3196 20 0
      vertex -12.1 20.8562 0
    endloop
  endfacet
  facet normal 0 0 -1
    outer loop
      vertex -12.3196 20 0
      vertex -12.05 19.6938 0
      vertex -12.3062 19.95 0
    endloop
  endfacet
  facet normal 0 0 -1
    outer loop
      vertex 11.7 19.6 0
      vertex 12.3196 20 0
      vertex 12.05 19.6938 0
    endloop
  endfacet
  facet normal 0 0 -1
    outer loop
      vertex 11.35 19.6938 0
      vertex 12.3196 20 0
      vertex 11.7 19.6 0
    endloop
  endfacet
  facet normal -0 0 -1
    outer loop
      vertex 12.3196 20 0
      vertex 11.35 19.6938 0
      vertex 12.1 20.8562 0
    endloop
  endfacet
  facet normal 0 0 -1
    outer loop
      vertex 12.1 20.8562 0
      vertex 11.7 21 0
      vertex 12.05 20.9062 0
    endloop
  endfacet
  facet normal 0 0 -1
    outer loop
      vertex 11.0938 19.95 0
      vertex 12.1 20.8562 0
      vertex 11.35 19.6938 0
    endloop
  endfacet
  facet normal 0 0 -1
    outer loop
      vertex 12.1 20.8562 0
      vertex 11.35 20.9062 0
      vertex 11.7 21 0
    endloop
  endfacet
  facet normal 0 0 -1
    outer loop
      vertex 11.0938 20.65 0
      vertex 12.1 20.8562 0
      vertex 11.0938 19.95 0
    endloop
  endfacet
  facet normal -0 0 -1
    outer loop
      vertex 12.1 20.8562 0
      vertex 11.0938 20.65 0
      vertex 11.35 20.9062 0
    endloop
  endfacet
  facet normal 0 -0 -1
    outer loop
      vertex 11.0938 20.65 0
      vertex 11.0938 19.95 0
      vertex 11 20.3 0
    endloop
  endfacet
  facet normal 0 0 -1
    outer loop
      vertex 12.1 20.8562 0
      vertex 16.7 20 0
      vertex 12.3196 20 0
    endloop
  endfacet
  facet normal 0 0 -1
    outer loop
      vertex 12.05 19.6938 0
      vertex 12.3196 20 0
      vertex 12.3062 19.95 0
    endloop
  endfacet
  facet normal 0 0 -1
    outer loop
      vertex 12.1 23.9 0
      vertex 16.7 20 0
      vertex 12.1 20.8562 0
    endloop
  endfacet
  facet normal 0 0 -1
    outer loop
      vertex 16.7 20 0
      vertex 12.1 23.9 0
      vertex 16.7 25.5 0
    endloop
  endfacet
  facet normal 0 0 -1
    outer loop
      vertex -12.1 23.9 0
      vertex 16.7 25.5 0
      vertex 12.1 23.9 0
    endloop
  endfacet
  facet normal 0 0 -1
    outer loop
      vertex -16.7 20 0
      vertex -12.1 20.8562 0
      vertex -12.3196 20 0
    endloop
  endfacet
  facet normal -0 0 -1
    outer loop
      vertex -12.1 20.8562 0
      vertex -16.7 20 0
      vertex -12.1 23.9 0
    endloop
  endfacet
  facet normal 0 0 -1
    outer loop
      vertex -12.1 23.9 0
      vertex -16.7 25.5 0
      vertex 16.7 25.5 0
    endloop
  endfacet
  facet normal 0 0 -1
    outer loop
      vertex -16.7 25.5 0
      vertex -12.1 23.9 0
      vertex -16.7 20 0
    endloop
  endfacet
  facet normal 0.707107 -0.707107 0
    outer loop
      vertex 12.05 19.6938 7.97118
      vertex 12.3062 19.95 0
      vertex 12.3062 19.95 7.97118
    endloop
  endfacet
  facet normal 0.707107 -0.707107 0
    outer loop
      vertex 12.3062 19.95 0
      vertex 12.05 19.6938 7.97118
      vertex 12.05 19.6938 0
    endloop
  endfacet
  facet normal 0.965914 -0.258865 0
    outer loop
      vertex 12.3062 19.95 7.97118
      vertex 12.3196 20 0
      vertex 12.3196 20 7.97118
    endloop
  endfacet
  facet normal 0.965914 -0.258865 0
    outer loop
      vertex 12.3196 20 0
      vertex 12.3062 19.95 7.97118
      vertex 12.3062 19.95 0
    endloop
  endfacet
  facet normal 0 -1 0
    outer loop
      vertex 12.3196 20 0
      vertex 16.4926 20 7.97118
      vertex 12.3196 20 7.97118
    endloop
  endfacet
  facet normal 0 -1 0
    outer loop
      vertex 16.7 20 0
      vertex 16.4926 20 7.97118
      vertex 12.3196 20 0
    endloop
  endfacet
  facet normal 0 -1 0
    outer loop
      vertex 16.4926 20 7.97118
      vertex 16.7 20 0
      vertex 16.7 20 7.88528
    endloop
  endfacet
  facet normal 1 0 0
    outer loop
      vertex 16.7 25 7.88528
      vertex 16.7 25.5 7.7995
      vertex 16.7 25.2652 7.85459
    endloop
  endfacet
  facet normal 1 0 0
    outer loop
      vertex 16.7 25.1386 7.87387
      vertex 16.7 25.2652 7.85459
      vertex 16.7 25.2071 7.86822
    endloop
  endfacet
  facet normal 1 0 0
    outer loop
      vertex 16.7 25 7.88528
      vertex 16.7 25.2652 7.85459
      vertex 16.7 25.1386 7.87387
    endloop
  endfacet
  facet normal 1 0 0
    outer loop
      vertex 16.7 25.5 7.7995
      vertex 16.7 25 7.88528
      vertex 16.7 25.5 0
    endloop
  endfacet
  facet normal 1 0 0
    outer loop
      vertex 16.7 20 0
      vertex 16.7 25 7.88528
      vertex 16.7 20 7.88528
    endloop
  endfacet
  facet normal 1 0 0
    outer loop
      vertex 16.7 25 7.88528
      vertex 16.7 20 0
      vertex 16.7 25.5 0
    endloop
  endfacet
  facet normal 0 1 0
    outer loop
      vertex 16.7 25.5 7.7995
      vertex 16.2 25.5 7.88528
      vertex 16.3386 25.5 7.87387
    endloop
  endfacet
  facet normal 0 1 0
    outer loop
      vertex 16.2 25.5 7.88528
      vertex 16.7 25.5 0
      vertex -16.2 25.5 7.88528
    endloop
  endfacet
  facet normal 0 1 0
    outer loop
      vertex 16.4652 25.5 7.85458
      vertex 16.3386 25.5 7.87387
      vertex 16.4071 25.5 7.86822
    endloop
  endfacet
  facet normal 0 1 0
    outer loop
      vertex -16.7 25.5 0
      vertex -16.2 25.5 7.88528
      vertex 16.7 25.5 0
    endloop
  endfacet
  facet normal 0 1 0
    outer loop
      vertex 16.7 25.5 7.7995
      vertex 16.3386 25.5 7.87387
      vertex 16.4652 25.5 7.85458
    endloop
  endfacet
  facet normal -0 1 0
    outer loop
      vertex -16.7 25.5 7.7995
      vertex -16.2 25.5 7.88528
      vertex -16.7 25.5 0
    endloop
  endfacet
  facet normal 0 1 0
    outer loop
      vertex 16.2 25.5 7.88528
      vertex 16.7 25.5 7.7995
      vertex 16.7 25.5 0
    endloop
  endfacet
  facet normal 0 1 0
    outer loop
      vertex -16.2 25.5 7.88528
      vertex -16.7 25.5 7.7995
      vertex -16.3386 25.5 7.87387
    endloop
  endfacet
  facet normal 0 1 0
    outer loop
      vertex -16.3386 25.5 7.87387
      vertex -16.4652 25.5 7.85458
      vertex -16.4071 25.5 7.86822
    endloop
  endfacet
  facet normal 0 1 0
    outer loop
      vertex -16.3386 25.5 7.87387
      vertex -16.7 25.5 7.7995
      vertex -16.4652 25.5 7.85458
    endloop
  endfacet
  facet normal -1 0 0
    outer loop
      vertex -16.7 25 7.88528
      vertex -16.7 25.5 7.7995
      vertex -16.7 25.5 0
    endloop
  endfacet
  facet normal -1 0 0
    outer loop
      vertex -16.7 25.5 7.7995
      vertex -16.7 25 7.88528
      vertex -16.7 25.2652 7.85459
    endloop
  endfacet
  facet normal -1 0 0
    outer loop
      vertex -16.7 25.2652 7.85459
      vertex -16.7 25.1386 7.87387
      vertex -16.7 25.2071 7.86822
    endloop
  endfacet
  facet normal -1 0 0
    outer loop
      vertex -16.7 25.2652 7.85459
      vertex -16.7 25 7.88528
      vertex -16.7 25.1386 7.87387
    endloop
  endfacet
  facet normal -1 0 0
    outer loop
      vertex -16.7 20 0
      vertex -16.7 25 7.88528
      vertex -16.7 25.5 0
    endloop
  endfacet
  facet normal -1 -0 0
    outer loop
      vertex -16.7 25 7.88528
      vertex -16.7 20 0
      vertex -16.7 20 7.88528
    endloop
  endfacet
  facet normal 0 -1 0
    outer loop
      vertex -16.7 20 0
      vertex -16.4926 20 7.97118
      vertex -16.7 20 7.88528
    endloop
  endfacet
  facet normal 0 -1 -0
    outer loop
      vertex -16.4926 20 7.97118
      vertex -16.7 20 0
      vertex -12.3196 20 0
    endloop
  endfacet
  facet normal 0 -1 0
    outer loop
      vertex -16.4926 20 7.97118
      vertex -12.3196 20 0
      vertex -12.3196 20 7.97118
    endloop
  endfacet
  facet normal -0.965914 -0.258865 0
    outer loop
      vertex -12.3062 19.95 0
      vertex -12.3196 20 7.97118
      vertex -12.3196 20 0
    endloop
  endfacet
  facet normal -0.965914 -0.258865 0
    outer loop
      vertex -12.3196 20 7.97118
      vertex -12.3062 19.95 0
      vertex -12.3062 19.95 7.97118
    endloop
  endfacet
  facet normal -0.707107 -0.707107 0
    outer loop
      vertex -12.05 19.6938 0
      vertex -12.3062 19.95 7.97118
      vertex -12.3062 19.95 0
    endloop
  endfacet
  facet normal -0.707107 -0.707107 0
    outer loop
      vertex -12.3062 19.95 7.97118
      vertex -12.05 19.6938 0
      vertex -12.05 19.6938 7.97118
    endloop
  endfacet
  facet normal -0.258865 -0.965914 0
    outer loop
      vertex -12.05 19.6938 0
      vertex -11.7 19.6 7.97118
      vertex -12.05 19.6938 7.97118
    endloop
  endfacet
  facet normal -0.258865 -0.965914 -0
    outer loop
      vertex -11.7 19.6 7.97118
      vertex -12.05 19.6938 0
      vertex -11.7 19.6 0
    endloop
  endfacet
  facet normal 0.258865 -0.965914 0
    outer loop
      vertex -11.7 19.6 0
      vertex -11.35 19.6938 7.97118
      vertex -11.7 19.6 7.97118
    endloop
  endfacet
  facet normal 0.258865 -0.965914 0
    outer loop
      vertex -11.35 19.6938 7.97118
      vertex -11.7 19.6 0
      vertex -11.35 19.6938 0
    endloop
  endfacet
  facet normal 0.707107 -0.707107 0
    outer loop
      vertex -11.35 19.6938 7.97118
      vertex -11.0938 19.95 0
      vertex -11.0938 19.95 7.97118
    endloop
  endfacet
  facet normal 0.707107 -0.707107 0
    outer loop
      vertex -11.0938 19.95 0
      vertex -11.35 19.6938 7.97118
      vertex -11.35 19.6938 0
    endloop
  endfacet
  facet normal 0.965914 -0.258865 0
    outer loop
      vertex -11.0938 19.95 7.97118
      vertex -11 20.3 0
      vertex -11 20.3 7.97118
    endloop
  endfacet
  facet normal 0.965914 -0.258865 0
    outer loop
      vertex -11 20.3 0
      vertex -11.0938 19.95 7.97118
      vertex -11.0938 19.95 0
    endloop
  endfacet
  facet normal 0.965914 0.258865 0
    outer loop
      vertex -11 20.3 7.97118
      vertex -11.0938 20.65 0
      vertex -11.0938 20.65 7.97118
    endloop
  endfacet
  facet normal 0.965914 0.258865 0
    outer loop
      vertex -11.0938 20.65 0
      vertex -11 20.3 7.97118
      vertex -11 20.3 0
    endloop
  endfacet
  facet normal 0.707107 0.707107 0
    outer loop
      vertex -11.0938 20.65 7.97118
      vertex -11.35 20.9062 0
      vertex -11.35 20.9062 7.97118
    endloop
  endfacet
  facet normal 0.707107 0.707107 0
    outer loop
      vertex -11.35 20.9062 0
      vertex -11.0938 20.65 7.97118
      vertex -11.0938 20.65 0
    endloop
  endfacet
  facet normal 0.258865 0.965914 -0
    outer loop
      vertex -11.35 20.9062 0
      vertex -11.7 21 7.97118
      vertex -11.35 20.9062 7.97118
    endloop
  endfacet
  facet normal 0.258865 0.965914 0
    outer loop
      vertex -11.7 21 7.97118
      vertex -11.35 20.9062 0
      vertex -11.7 21 0
    endloop
  endfacet
  facet normal -0.258865 0.965914 0
    outer loop
      vertex -11.7 21 0
      vertex -12.05 20.9062 7.97118
      vertex -11.7 21 7.97118
    endloop
  endfacet
  facet normal -0.258865 0.965914 0
    outer loop
      vertex -12.05 20.9062 7.97118
      vertex -11.7 21 0
      vertex -12.05 20.9062 0
    endloop
  endfacet
  facet normal -0.707107 0.707107 0
    outer loop
      vertex -12.1 20.8562 0
      vertex -12.05 20.9062 7.97118
      vertex -12.05 20.9062 0
    endloop
  endfacet
  facet normal -0.707107 0.707107 0
    outer loop
      vertex -12.05 20.9062 7.97118
      vertex -12.1 20.8562 0
      vertex -12.1 20.8562 7.97118
    endloop
  endfacet
  facet normal 1 -0 0
    outer loop
      vertex -12.1 20.8562 7.97118
      vertex -12.1 23.9 0
      vertex -12.1 23.9 7.97118
    endloop
  endfacet
  facet normal 1 0 0
    outer loop
      vertex -12.1 23.9 0
      vertex -12.1 20.8562 7.97118
      vertex -12.1 20.8562 0
    endloop
  endfacet
  facet normal 0 -1 0
    outer loop
      vertex -12.1 23.9 0
      vertex 12.1 23.9 7.97118
      vertex -12.1 23.9 7.97118
    endloop
  endfacet
  facet normal 0 -1 -0
    outer loop
      vertex 12.1 23.9 7.97118
      vertex -12.1 23.9 0
      vertex 12.1 23.9 0
    endloop
  endfacet
  facet normal -1 0 0
    outer loop
      vertex 12.1 20.8562 0
      vertex 12.1 23.9 7.97118
      vertex 12.1 23.9 0
    endloop
  endfacet
  facet normal -1 -0 0
    outer loop
      vertex 12.1 23.9 7.97118
      vertex 12.1 20.8562 0
      vertex 12.1 20.8562 7.97118
    endloop
  endfacet
  facet normal 0.707107 0.707107 0
    outer loop
      vertex 12.1 20.8562 7.97118
      vertex 12.05 20.9062 0
      vertex 12.05 20.9062 7.97118
    endloop
  endfacet
  facet normal 0.707107 0.707107 0
    outer loop
      vertex 12.05 20.9062 0
      vertex 12.1 20.8562 7.97118
      vertex 12.1 20.8562 0
    endloop
  endfacet
  facet normal 0.258865 0.965914 -0
    outer loop
      vertex 12.05 20.9062 0
      vertex 11.7 21 7.97118
      vertex 12.05 20.9062 7.97118
    endloop
  endfacet
  facet normal 0.258865 0.965914 0
    outer loop
      vertex 11.7 21 7.97118
      vertex 12.05 20.9062 0
      vertex 11.7 21 0
    endloop
  endfacet
  facet normal -0.258865 0.965914 0
    outer loop
      vertex 11.7 21 0
      vertex 11.35 20.9062 7.97118
      vertex 11.7 21 7.97118
    endloop
  endfacet
  facet normal -0.258865 0.965914 0
    outer loop
      vertex 11.35 20.9062 7.97118
      vertex 11.7 21 0
      vertex 11.35 20.9062 0
    endloop
  endfacet
  facet normal -0.707107 0.707107 0
    outer loop
      vertex 11.0938 20.65 0
      vertex 11.35 20.9062 7.97118
      vertex 11.35 20.9062 0
    endloop
  endfacet
  facet normal -0.707107 0.707107 0
    outer loop
      vertex 11.35 20.9062 7.97118
      vertex 11.0938 20.65 0
      vertex 11.0938 20.65 7.97118
    endloop
  endfacet
  facet normal -0.965914 0.258865 0
    outer loop
      vertex 11 20.3 0
      vertex 11.0938 20.65 7.97118
      vertex 11.0938 20.65 0
    endloop
  endfacet
  facet normal -0.965914 0.258865 0
    outer loop
      vertex 11.0938 20.65 7.97118
      vertex 11 20.3 0
      vertex 11 20.3 7.97118
    endloop
  endfacet
  facet normal -0.965914 -0.258865 0
    outer loop
      vertex 11.0938 19.95 0
      vertex 11 20.3 7.97118
      vertex 11 20.3 0
    endloop
  endfacet
  facet normal -0.965914 -0.258865 0
    outer loop
      vertex 11 20.3 7.97118
      vertex 11.0938 19.95 0
      vertex 11.0938 19.95 7.97118
    endloop
  endfacet
  facet normal -0.707107 -0.707107 0
    outer loop
      vertex 11.35 19.6938 0
      vertex 11.0938 19.95 7.97118
      vertex 11.0938 19.95 0
    endloop
  endfacet
  facet normal -0.707107 -0.707107 0
    outer loop
      vertex 11.0938 19.95 7.97118
      vertex 11.35 19.6938 0
      vertex 11.35 19.6938 7.97118
    endloop
  endfacet
  facet normal -0.258865 -0.965914 0
    outer loop
      vertex 11.35 19.6938 0
      vertex 11.7 19.6 7.97118
      vertex 11.35 19.6938 7.97118
    endloop
  endfacet
  facet normal -0.258865 -0.965914 -0
    outer loop
      vertex 11.7 19.6 7.97118
      vertex 11.35 19.6938 0
      vertex 11.7 19.6 0
    endloop
  endfacet
  facet normal 0.258865 -0.965914 0
    outer loop
      vertex 11.7 19.6 0
      vertex 12.05 19.6938 7.97118
      vertex 11.7 19.6 7.97118
    endloop
  endfacet
  facet normal 0.258865 -0.965914 0
    outer loop
      vertex 12.05 19.6938 7.97118
      vertex 11.7 19.6 0
      vertex 12.05 19.6938 0
    endloop
  endfacet
  facet normal 0.0758387 0.381551 0.921231
    outer loop
      vertex 16.2 25.5 7.88528
      vertex 16.2 25.2926 7.97118
      vertex 16.3386 25.5 7.87387
    endloop
  endfacet
  facet normal 0 0 1
    outer loop
      vertex 16.2 25.2926 7.97118
      vertex 16.4926 25 7.97118
      vertex 16.4704 25.112 7.97118
    endloop
  endfacet
  facet normal 0 0 1
    outer loop
      vertex 16.2 25.2926 7.97118
      vertex 16.4704 25.112 7.97118
      vertex 16.4069 25.2069 7.97118
    endloop
  endfacet
  facet normal 0 0 1
    outer loop
      vertex 16.2 25.2926 7.97118
      vertex 16.4069 25.2069 7.97118
      vertex 16.312 25.2704 7.97118
    endloop
  endfacet
  facet normal 0 0 1
    outer loop
      vertex 16.4926 25 7.97118
      vertex 16.2 25.2926 7.97118
      vertex 12.1 23.9 7.97118
    endloop
  endfacet
  facet normal 0 0 1
    outer loop
      vertex 16.4926 25 7.97118
      vertex 12.1 23.9 7.97118
      vertex 16.4926 20 7.97118
    endloop
  endfacet
  facet normal 0 0 1
    outer loop
      vertex 16.4926 20 7.97118
      vertex 12.1 20.8562 7.97118
      vertex 12.3196 20 7.97118
    endloop
  endfacet
  facet normal 0 0 1
    outer loop
      vertex 16.4926 20 7.97118
      vertex 12.1 23.9 7.97118
      vertex 12.1 20.8562 7.97118
    endloop
  endfacet
  facet normal 0 0 1
    outer loop
      vertex 16.2 25.2926 7.97118
      vertex -12.1 23.9 7.97118
      vertex 12.1 23.9 7.97118
    endloop
  endfacet
  facet normal 0 0 1
    outer loop
      vertex -16.4926 20 7.97118
      vertex -12.1 20.8562 7.97118
      vertex -12.1 23.9 7.97118
    endloop
  endfacet
  facet normal 0 0 1
    outer loop
      vertex -12.1 20.8562 7.97118
      vertex -12.3196 20 7.97118
      vertex -12.3062 19.95 7.97118
    endloop
  endfacet
  facet normal -0 0 1
    outer loop
      vertex -16.2 25.2926 7.97118
      vertex -12.1 23.9 7.97118
      vertex 16.2 25.2926 7.97118
    endloop
  endfacet
  facet normal -0 0 1
    outer loop
      vertex -16.4926 25 7.97118
      vertex -12.1 23.9 7.97118
      vertex -16.2 25.2926 7.97118
    endloop
  endfacet
  facet normal 0 0 1
    outer loop
      vertex -16.4926 25 7.97118
      vertex -16.2 25.2926 7.97118
      vertex -16.312 25.2704 7.97118
    endloop
  endfacet
  facet normal 0 0 1
    outer loop
      vertex -16.4926 25 7.97118
      vertex -16.312 25.2704 7.97118
      vertex -16.4069 25.2069 7.97118
    endloop
  endfacet
  facet normal 0 0 1
    outer loop
      vertex -16.4926 25 7.97118
      vertex -16.4069 25.2069 7.97118
      vertex -16.4704 25.112 7.97118
    endloop
  endfacet
  facet normal 0 0 1
    outer loop
      vertex -16.4926 20 7.97118
      vertex -12.1 23.9 7.97118
      vertex -16.4926 25 7.97118
    endloop
  endfacet
  facet normal 0 0 1
    outer loop
      vertex -12.1 20.8562 7.97118
      vertex -16.4926 20 7.97118
      vertex -12.3196 20 7.97118
    endloop
  endfacet
  facet normal 0 0 1
    outer loop
      vertex 11.35 19.6938 7.97118
      vertex 12.3196 20 7.97118
      vertex 12.1 20.8562 7.97118
    endloop
  endfacet
  facet normal 0 0 1
    outer loop
      vertex 11.7 21 7.97118
      vertex 12.1 20.8562 7.97118
      vertex 12.05 20.9062 7.97118
    endloop
  endfacet
  facet normal 0 0 1
    outer loop
      vertex 12.3196 20 7.97118
      vertex 12.05 19.6938 7.97118
      vertex 12.3062 19.95 7.97118
    endloop
  endfacet
  facet normal -0 0 1
    outer loop
      vertex 11.35 20.9062 7.97118
      vertex 12.1 20.8562 7.97118
      vertex 11.7 21 7.97118
    endloop
  endfacet
  facet normal 0 0 1
    outer loop
      vertex 12.3196 20 7.97118
      vertex 11.7 19.6 7.97118
      vertex 12.05 19.6938 7.97118
    endloop
  endfacet
  facet normal 0 0 1
    outer loop
      vertex 11.0938 20.65 7.97118
      vertex 12.1 20.8562 7.97118
      vertex 11.35 20.9062 7.97118
    endloop
  endfacet
  facet normal 0 0 1
    outer loop
      vertex 12.3196 20 7.97118
      vertex 11.35 19.6938 7.97118
      vertex 11.7 19.6 7.97118
    endloop
  endfacet
  facet normal 0 0 1
    outer loop
      vertex 11.0938 19.95 7.97118
      vertex 12.1 20.8562 7.97118
      vertex 11.0938 20.65 7.97118
    endloop
  endfacet
  facet normal 0 0 1
    outer loop
      vertex 12.1 20.8562 7.97118
      vertex 11.0938 19.95 7.97118
      vertex 11.35 19.6938 7.97118
    endloop
  endfacet
  facet normal 0 -0 1
    outer loop
      vertex 11.0938 19.95 7.97118
      vertex 11.0938 20.65 7.97118
      vertex 11 20.3 7.97118
    endloop
  endfacet
  facet normal 0 0 1
    outer loop
      vertex -11.0938 20.65 7.97118
      vertex -11.0938 19.95 7.97118
      vertex -11 20.3 7.97118
    endloop
  endfacet
  facet normal -0 0 1
    outer loop
      vertex -12.1 20.8562 7.97118
      vertex -11.0938 20.65 7.97118
      vertex -11.35 20.9062 7.97118
    endloop
  endfacet
  facet normal 0 0 1
    outer loop
      vertex -11.0938 20.65 7.97118
      vertex -12.1 20.8562 7.97118
      vertex -11.0938 19.95 7.97118
    endloop
  endfacet
  facet normal 0 0 1
    outer loop
      vertex -12.1 20.8562 7.97118
      vertex -11.35 20.9062 7.97118
      vertex -11.7 21 7.97118
    endloop
  endfacet
  facet normal 0 0 1
    outer loop
      vertex -11.0938 19.95 7.97118
      vertex -12.1 20.8562 7.97118
      vertex -11.35 19.6938 7.97118
    endloop
  endfacet
  facet normal 0 0 1
    outer loop
      vertex -12.1 20.8562 7.97118
      vertex -11.7 21 7.97118
      vertex -12.05 20.9062 7.97118
    endloop
  endfacet
  facet normal 0 0 1
    outer loop
      vertex -11.35 19.6938 7.97118
      vertex -12.1 20.8562 7.97118
      vertex -11.7 19.6 7.97118
    endloop
  endfacet
  facet normal 0 0 1
    outer loop
      vertex -11.7 19.6 7.97118
      vertex -12.1 20.8562 7.97118
      vertex -12.05 19.6938 7.97118
    endloop
  endfacet
  facet normal 0 0 1
    outer loop
      vertex -12.05 19.6938 7.97118
      vertex -12.1 20.8562 7.97118
      vertex -12.3062 19.95 7.97118
    endloop
  endfacet
  facet normal -0.0758387 0.381551 0.921231
    outer loop
      vertex -16.2 25.5 7.88528
      vertex -16.3386 25.5 7.87387
      vertex -16.2 25.2926 7.97118
    endloop
  endfacet
  facet normal -0.382653 0 0.923892
    outer loop
      vertex -16.7 25 7.88528
      vertex -16.4926 20 7.97118
      vertex -16.4926 25 7.97118
    endloop
  endfacet
  facet normal -0.382653 0 0.923892
    outer loop
      vertex -16.4926 20 7.97118
      vertex -16.7 25 7.88528
      vertex -16.7 20 7.88528
    endloop
  endfacet
  facet normal -0.216421 0.323439 0.921167
    outer loop
      vertex -16.4071 25.5 7.86822
      vertex -16.4069 25.2069 7.97118
      vertex -16.312 25.2704 7.97118
    endloop
  endfacet
  facet normal -0.216268 0.323451 0.921199
    outer loop
      vertex -16.4069 25.2069 7.97118
      vertex -16.4071 25.5 7.86822
      vertex -16.4652 25.5 7.85458
    endloop
  endfacet
  facet normal -0.381551 0.0758387 0.921231
    outer loop
      vertex -16.7 25.1386 7.87387
      vertex -16.7 25 7.88528
      vertex -16.4926 25 7.97118
    endloop
  endfacet
  facet normal -0.075651 0.381663 0.921201
    outer loop
      vertex -16.3386 25.5 7.87387
      vertex -16.312 25.2704 7.97118
      vertex -16.2 25.2926 7.97118
    endloop
  endfacet
  facet normal -0.0759814 0.38162 0.921191
    outer loop
      vertex -16.312 25.2704 7.97118
      vertex -16.3386 25.5 7.87387
      vertex -16.4071 25.5 7.86822
    endloop
  endfacet
  facet normal 0.0759814 0.38162 0.921191
    outer loop
      vertex 16.3386 25.5 7.87387
      vertex 16.312 25.2704 7.97118
      vertex 16.4071 25.5 7.86822
    endloop
  endfacet
  facet normal 0.075651 0.381663 0.921201
    outer loop
      vertex 16.312 25.2704 7.97118
      vertex 16.3386 25.5 7.87387
      vertex 16.2 25.2926 7.97118
    endloop
  endfacet
  facet normal -0 0.382653 0.923892
    outer loop
      vertex -16.2 25.5 7.88528
      vertex 16.2 25.2926 7.97118
      vertex 16.2 25.5 7.88528
    endloop
  endfacet
  facet normal 0 0.382653 0.923892
    outer loop
      vertex 16.2 25.2926 7.97118
      vertex -16.2 25.5 7.88528
      vertex -16.2 25.2926 7.97118
    endloop
  endfacet
  facet normal -0.323455 0.216143 0.921227
    outer loop
      vertex -16.7 25.5 7.7995
      vertex -16.7 25.2652 7.85459
      vertex -16.4069 25.2069 7.97118
    endloop
  endfacet
  facet normal 0.323455 0.216143 0.921227
    outer loop
      vertex 16.7 25.5 7.7995
      vertex 16.4069 25.2069 7.97118
      vertex 16.7 25.2652 7.85459
    endloop
  endfacet
  facet normal 0.381551 0.0758387 0.921231
    outer loop
      vertex 16.7 25.1386 7.87387
      vertex 16.4926 25 7.97118
      vertex 16.7 25 7.88528
    endloop
  endfacet
  facet normal 0.382653 0 0.923892
    outer loop
      vertex 16.4926 25 7.97118
      vertex 16.7 20 7.88528
      vertex 16.7 25 7.88528
    endloop
  endfacet
  facet normal 0.382653 0 0.923892
    outer loop
      vertex 16.7 20 7.88528
      vertex 16.4926 25 7.97118
      vertex 16.4926 20 7.97118
    endloop
  endfacet
  facet normal -0.38162 0.0759814 0.921191
    outer loop
      vertex -16.7 25.1386 7.87387
      vertex -16.4704 25.112 7.97118
      vertex -16.7 25.2071 7.86822
    endloop
  endfacet
  facet normal -0.381663 0.075651 0.921201
    outer loop
      vertex -16.4704 25.112 7.97118
      vertex -16.7 25.1386 7.87387
      vertex -16.4926 25 7.97118
    endloop
  endfacet
  facet normal -0.323392 0.21639 0.921191
    outer loop
      vertex -16.7 25.2652 7.85459
      vertex -16.4704 25.112 7.97118
      vertex -16.4069 25.2069 7.97118
    endloop
  endfacet
  facet normal -0.32358 0.216107 0.921191
    outer loop
      vertex -16.4704 25.112 7.97118
      vertex -16.7 25.2652 7.85459
      vertex -16.7 25.2071 7.86822
    endloop
  endfacet
  facet normal -0.216103 0.323493 0.921223
    outer loop
      vertex -16.4652 25.5 7.85458
      vertex -16.7 25.5 7.7995
      vertex -16.4069 25.2069 7.97118
    endloop
  endfacet
  facet normal 0.32358 0.216107 0.921191
    outer loop
      vertex 16.7 25.2652 7.85459
      vertex 16.4704 25.112 7.97118
      vertex 16.7 25.2071 7.86822
    endloop
  endfacet
  facet normal 0.323392 0.21639 0.921191
    outer loop
      vertex 16.4704 25.112 7.97118
      vertex 16.7 25.2652 7.85459
      vertex 16.4069 25.2069 7.97118
    endloop
  endfacet
  facet normal 0.216103 0.323493 0.921223
    outer loop
      vertex 16.7 25.5 7.7995
      vertex 16.4652 25.5 7.85458
      vertex 16.4069 25.2069 7.97118
    endloop
  endfacet
  facet normal 0.216268 0.323451 0.921199
    outer loop
      vertex 16.4071 25.5 7.86822
      vertex 16.4069 25.2069 7.97118
      vertex 16.4652 25.5 7.85458
    endloop
  endfacet
  facet normal 0.216421 0.323439 0.921167
    outer loop
      vertex 16.4069 25.2069 7.97118
      vertex 16.4071 25.5 7.86822
      vertex 16.312 25.2704 7.97118
    endloop
  endfacet
  facet normal 0.38162 0.0759814 0.921191
    outer loop
      vertex 16.4704 25.112 7.97118
      vertex 16.7 25.1386 7.87387
      vertex 16.7 25.2071 7.86822
    endloop
  endfacet
  facet normal 0.381663 0.075651 0.921201
    outer loop
      vertex 16.7 25.1386 7.87387
      vertex 16.4704 25.112 7.97118
      vertex 16.4926 25 7.97118
    endloop
  endfacet
  facet normal 0 0 -1
    outer loop
      vertex 26.9062 19.95 0
      vertex 26.9062 20.65 0
      vertex 27 20.3 0
    endloop
  endfacet
  facet normal 0 0 -1
    outer loop
      vertex 25.9 20.8562 0
      vertex 26.9062 19.95 0
      vertex 26.65 19.6938 0
    endloop
  endfacet
  facet normal 0 0 -1
    outer loop
      vertex 26.9062 19.95 0
      vertex 25.9 20.8562 0
      vertex 26.9062 20.65 0
    endloop
  endfacet
  facet normal 0 0 -1
    outer loop
      vertex 25.6804 20 0
      vertex 26.65 19.6938 0
      vertex 26.3 19.6 0
    endloop
  endfacet
  facet normal 0 0 -1
    outer loop
      vertex 26.9062 20.65 0
      vertex 25.9 20.8562 0
      vertex 26.65 20.9062 0
    endloop
  endfacet
  facet normal 0 0 -1
    outer loop
      vertex 25.6804 20 0
      vertex 26.3 19.6 0
      vertex 25.95 19.6938 0
    endloop
  endfacet
  facet normal -0 0 -1
    outer loop
      vertex 26.65 20.9062 0
      vertex 25.9 20.8562 0
      vertex 26.3 21 0
    endloop
  endfacet
  facet normal 0 0 -1
    outer loop
      vertex 26.3 21 0
      vertex 25.9 20.8562 0
      vertex 25.95 20.9062 0
    endloop
  endfacet
  facet normal 0 0 -1
    outer loop
      vertex 26.65 19.6938 0
      vertex 25.6804 20 0
      vertex 25.9 20.8562 0
    endloop
  endfacet
  facet normal 0 0 -1
    outer loop
      vertex 25.6804 20 0
      vertex 25.95 19.6938 0
      vertex 25.6938 19.95 0
    endloop
  endfacet
  facet normal 0 0 -1
    outer loop
      vertex 49.7 19.6 0
      vertex 50.3196 20 0
      vertex 50.05 19.6938 0
    endloop
  endfacet
  facet normal 0 0 -1
    outer loop
      vertex 49.35 19.6938 0
      vertex 50.3196 20 0
      vertex 49.7 19.6 0
    endloop
  endfacet
  facet normal -0 0 -1
    outer loop
      vertex 50.3196 20 0
      vertex 49.35 19.6938 0
      vertex 50.1 20.8562 0
    endloop
  endfacet
  facet normal 0 0 -1
    outer loop
      vertex 50.1 20.8562 0
      vertex 49.7 21 0
      vertex 50.05 20.9062 0
    endloop
  endfacet
  facet normal 0 0 -1
    outer loop
      vertex 49.0938 19.95 0
      vertex 50.1 20.8562 0
      vertex 49.35 19.6938 0
    endloop
  endfacet
  facet normal 0 0 -1
    outer loop
      vertex 50.1 20.8562 0
      vertex 49.35 20.9062 0
      vertex 49.7 21 0
    endloop
  endfacet
  facet normal 0 0 -1
    outer loop
      vertex 49.0938 20.65 0
      vertex 50.1 20.8562 0
      vertex 49.0938 19.95 0
    endloop
  endfacet
  facet normal -0 0 -1
    outer loop
      vertex 50.1 20.8562 0
      vertex 49.0938 20.65 0
      vertex 49.35 20.9062 0
    endloop
  endfacet
  facet normal 0 -0 -1
    outer loop
      vertex 49.0938 20.65 0
      vertex 49.0938 19.95 0
      vertex 49 20.3 0
    endloop
  endfacet
  facet normal 0 0 -1
    outer loop
      vertex 50.1 20.8562 0
      vertex 54.7 20 0
      vertex 50.3196 20 0
    endloop
  endfacet
  facet normal 0 0 -1
    outer loop
      vertex 50.05 19.6938 0
      vertex 50.3196 20 0
      vertex 50.3062 19.95 0
    endloop
  endfacet
  facet normal 0 0 -1
    outer loop
      vertex 50.1 23.9 0
      vertex 54.7 20 0
      vertex 50.1 20.8562 0
    endloop
  endfacet
  facet normal 0 0 -1
    outer loop
      vertex 54.7 20 0
      vertex 50.1 23.9 0
      vertex 54.7 25.5 0
    endloop
  endfacet
  facet normal 0 0 -1
    outer loop
      vertex 25.9 23.9 0
      vertex 54.7 25.5 0
      vertex 50.1 23.9 0
    endloop
  endfacet
  facet normal 0 0 -1
    outer loop
      vertex 21.3 20 0
      vertex 25.9 20.8562 0
      vertex 25.6804 20 0
    endloop
  endfacet
  facet normal -0 0 -1
    outer loop
      vertex 25.9 20.8562 0
      vertex 21.3 20 0
      vertex 25.9 23.9 0
    endloop
  endfacet
  facet normal 0 0 -1
    outer loop
      vertex 25.9 23.9 0
      vertex 21.3 25.5 0
      vertex 54.7 25.5 0
    endloop
  endfacet
  facet normal 0 0 -1
    outer loop
      vertex 21.3 25.5 0
      vertex 25.9 23.9 0
      vertex 21.3 20 0
    endloop
  endfacet
  facet normal 0.707107 -0.707107 0
    outer loop
      vertex 50.05 19.6938 7.97118
      vertex 50.3062 19.95 0
      vertex 50.3062 19.95 7.97118
    endloop
  endfacet
  facet normal 0.707107 -0.707107 0
    outer loop
      vertex 50.3062 19.95 0
      vertex 50.05 19.6938 7.97118
      vertex 50.05 19.6938 0
    endloop
  endfacet
  facet normal 0.965914 -0.258865 0
    outer loop
      vertex 50.3062 19.95 7.97118
      vertex 50.3196 20 0
      vertex 50.3196 20 7.97118
    endloop
  endfacet
  facet normal 0.965914 -0.258865 0
    outer loop
      vertex 50.3196 20 0
      vertex 50.3062 19.95 7.97118
      vertex 50.3062 19.95 0
    endloop
  endfacet
  facet normal 0 -1 0
    outer loop
      vertex 50.3196 20 0
      vertex 54.4926 20 7.97118
      vertex 50.3196 20 7.97118
    endloop
  endfacet
  facet normal 0 -1 0
    outer loop
      vertex 54.7 20 0
      vertex 54.4926 20 7.97118
      vertex 50.3196 20 0
    endloop
  endfacet
  facet normal 0 -1 0
    outer loop
      vertex 54.4926 20 7.97118
      vertex 54.7 20 0
      vertex 54.7 20 7.88528
    endloop
  endfacet
  facet normal 1 0 0
    outer loop
      vertex 54.7 25 7.88528
      vertex 54.7 25.5 7.7995
      vertex 54.7 25.2652 7.85459
    endloop
  endfacet
  facet normal 1 0 0
    outer loop
      vertex 54.7 25.1386 7.87387
      vertex 54.7 25.2652 7.85459
      vertex 54.7 25.2071 7.86822
    endloop
  endfacet
  facet normal 1 0 0
    outer loop
      vertex 54.7 25 7.88528
      vertex 54.7 25.2652 7.85459
      vertex 54.7 25.1386 7.87387
    endloop
  endfacet
  facet normal 1 0 0
    outer loop
      vertex 54.7 25.5 7.7995
      vertex 54.7 25 7.88528
      vertex 54.7 25.5 0
    endloop
  endfacet
  facet normal 1 0 0
    outer loop
      vertex 54.7 20 0
      vertex 54.7 25 7.88528
      vertex 54.7 20 7.88528
    endloop
  endfacet
  facet normal 1 0 0
    outer loop
      vertex 54.7 25 7.88528
      vertex 54.7 20 0
      vertex 54.7 25.5 0
    endloop
  endfacet
  facet normal 0 1 0
    outer loop
      vertex 54.7 25.5 7.7995
      vertex 54.2 25.5 7.88528
      vertex 54.3386 25.5 7.87387
    endloop
  endfacet
  facet normal 0 1 0
    outer loop
      vertex 54.2 25.5 7.88528
      vertex 54.7 25.5 0
      vertex 21.8 25.5 7.88528
    endloop
  endfacet
  facet normal 0 1 0
    outer loop
      vertex 54.4652 25.5 7.85458
      vertex 54.3386 25.5 7.87387
      vertex 54.4071 25.5 7.86822
    endloop
  endfacet
  facet normal 0 1 0
    outer loop
      vertex 21.3 25.5 0
      vertex 21.8 25.5 7.88528
      vertex 54.7 25.5 0
    endloop
  endfacet
  facet normal 0 1 0
    outer loop
      vertex 54.7 25.5 7.7995
      vertex 54.3386 25.5 7.87387
      vertex 54.4652 25.5 7.85458
    endloop
  endfacet
  facet normal -0 1 0
    outer loop
      vertex 21.3 25.5 7.7995
      vertex 21.8 25.5 7.88528
      vertex 21.3 25.5 0
    endloop
  endfacet
  facet normal 0 1 0
    outer loop
      vertex 54.2 25.5 7.88528
      vertex 54.7 25.5 7.7995
      vertex 54.7 25.5 0
    endloop
  endfacet
  facet normal 0 1 0
    outer loop
      vertex 21.8 25.5 7.88528
      vertex 21.3 25.5 7.7995
      vertex 21.6614 25.5 7.87387
    endloop
  endfacet
  facet normal 0 1 0
    outer loop
      vertex 21.6614 25.5 7.87387
      vertex 21.5348 25.5 7.85458
      vertex 21.5929 25.5 7.86822
    endloop
  endfacet
  facet normal 0 1 0
    outer loop
      vertex 21.6614 25.5 7.87387
      vertex 21.3 25.5 7.7995
      vertex 21.5348 25.5 7.85458
    endloop
  endfacet
  facet normal -1 0 0
    outer loop
      vertex 21.3 25 7.88528
      vertex 21.3 25.5 7.7995
      vertex 21.3 25.5 0
    endloop
  endfacet
  facet normal -1 0 0
    outer loop
      vertex 21.3 25.5 7.7995
      vertex 21.3 25 7.88528
      vertex 21.3 25.2652 7.85459
    endloop
  endfacet
  facet normal -1 0 0
    outer loop
      vertex 21.3 25.2652 7.85459
      vertex 21.3 25.1386 7.87387
      vertex 21.3 25.2071 7.86822
    endloop
  endfacet
  facet normal -1 0 0
    outer loop
      vertex 21.3 25.2652 7.85459
      vertex 21.3 25 7.88528
      vertex 21.3 25.1386 7.87387
    endloop
  endfacet
  facet normal -1 0 0
    outer loop
      vertex 21.3 20 0
      vertex 21.3 25 7.88528
      vertex 21.3 25.5 0
    endloop
  endfacet
  facet normal -1 -0 0
    outer loop
      vertex 21.3 25 7.88528
      vertex 21.3 20 0
      vertex 21.3 20 7.88528
    endloop
  endfacet
  facet normal 0 -1 0
    outer loop
      vertex 21.3 20 0
      vertex 21.5074 20 7.97118
      vertex 21.3 20 7.88528
    endloop
  endfacet
  facet normal 0 -1 -0
    outer loop
      vertex 21.5074 20 7.97118
      vertex 21.3 20 0
      vertex 25.6804 20 0
    endloop
  endfacet
  facet normal 0 -1 0
    outer loop
      vertex 21.5074 20 7.97118
      vertex 25.6804 20 0
      vertex 25.6804 20 7.97118
    endloop
  endfacet
  facet normal -0.965914 -0.258865 0
    outer loop
      vertex 25.6938 19.95 0
      vertex 25.6804 20 7.97118
      vertex 25.6804 20 0
    endloop
  endfacet
  facet normal -0.965914 -0.258865 0
    outer loop
      vertex 25.6804 20 7.97118
      vertex 25.6938 19.95 0
      vertex 25.6938 19.95 7.97118
    endloop
  endfacet
  facet normal -0.707107 -0.707107 0
    outer loop
      vertex 25.95 19.6938 0
      vertex 25.6938 19.95 7.97118
      vertex 25.6938 19.95 0
    endloop
  endfacet
  facet normal -0.707107 -0.707107 0
    outer loop
      vertex 25.6938 19.95 7.97118
      vertex 25.95 19.6938 0
      vertex 25.95 19.6938 7.97118
    endloop
  endfacet
  facet normal -0.258865 -0.965914 0
    outer loop
      vertex 25.95 19.6938 0
      vertex 26.3 19.6 7.97118
      vertex 25.95 19.6938 7.97118
    endloop
  endfacet
  facet normal -0.258865 -0.965914 -0
    outer loop
      vertex 26.3 19.6 7.97118
      vertex 25.95 19.6938 0
      vertex 26.3 19.6 0
    endloop
  endfacet
  facet normal 0.258865 -0.965914 0
    outer loop
      vertex 26.3 19.6 0
      vertex 26.65 19.6938 7.97118
      vertex 26.3 19.6 7.97118
    endloop
  endfacet
  facet normal 0.258865 -0.965914 0
    outer loop
      vertex 26.65 19.6938 7.97118
      vertex 26.3 19.6 0
      vertex 26.65 19.6938 0
    endloop
  endfacet
  facet normal 0.707107 -0.707107 0
    outer loop
      vertex 26.65 19.6938 7.97118
      vertex 26.9062 19.95 0
      vertex 26.9062 19.95 7.97118
    endloop
  endfacet
  facet normal 0.707107 -0.707107 0
    outer loop
      vertex 26.9062 19.95 0
      vertex 26.65 19.6938 7.97118
      vertex 26.65 19.6938 0
    endloop
  endfacet
  facet normal 0.965914 -0.258865 0
    outer loop
      vertex 26.9062 19.95 7.97118
      vertex 27 20.3 0
      vertex 27 20.3 7.97118
    endloop
  endfacet
  facet normal 0.965914 -0.258865 0
    outer loop
      vertex 27 20.3 0
      vertex 26.9062 19.95 7.97118
      vertex 26.9062 19.95 0
    endloop
  endfacet
  facet normal 0.965914 0.258865 0
    outer loop
      vertex 27 20.3 7.97118
      vertex 26.9062 20.65 0
      vertex 26.9062 20.65 7.97118
    endloop
  endfacet
  facet normal 0.965914 0.258865 0
    outer loop
      vertex 26.9062 20.65 0
      vertex 27 20.3 7.97118
      vertex 27 20.3 0
    endloop
  endfacet
  facet normal 0.707107 0.707107 0
    outer loop
      vertex 26.9062 20.65 7.97118
      vertex 26.65 20.9062 0
      vertex 26.65 20.9062 7.97118
    endloop
  endfacet
  facet normal 0.707107 0.707107 0
    outer loop
      vertex 26.65 20.9062 0
      vertex 26.9062 20.65 7.97118
      vertex 26.9062 20.65 0
    endloop
  endfacet
  facet normal 0.258865 0.965914 -0
    outer loop
      vertex 26.65 20.9062 0
      vertex 26.3 21 7.97118
      vertex 26.65 20.9062 7.97118
    endloop
  endfacet
  facet normal 0.258865 0.965914 0
    outer loop
      vertex 26.3 21 7.97118
      vertex 26.65 20.9062 0
      vertex 26.3 21 0
    endloop
  endfacet
  facet normal -0.258865 0.965914 0
    outer loop
      vertex 26.3 21 0
      vertex 25.95 20.9062 7.97118
      vertex 26.3 21 7.97118
    endloop
  endfacet
  facet normal -0.258865 0.965914 0
    outer loop
      vertex 25.95 20.9062 7.97118
      vertex 26.3 21 0
      vertex 25.95 20.9062 0
    endloop
  endfacet
  facet normal -0.707107 0.707107 0
    outer loop
      vertex 25.9 20.8562 0
      vertex 25.95 20.9062 7.97118
      vertex 25.95 20.9062 0
    endloop
  endfacet
  facet normal -0.707107 0.707107 0
    outer loop
      vertex 25.95 20.9062 7.97118
      vertex 25.9 20.8562 0
      vertex 25.9 20.8562 7.97118
    endloop
  endfacet
  facet normal 1 -0 0
    outer loop
      vertex 25.9 20.8562 7.97118
      vertex 25.9 23.9 0
      vertex 25.9 23.9 7.97118
    endloop
  endfacet
  facet normal 1 0 0
    outer loop
      vertex 25.9 23.9 0
      vertex 25.9 20.8562 7.97118
      vertex 25.9 20.8562 0
    endloop
  endfacet
  facet normal 0 -1 0
    outer loop
      vertex 25.9 23.9 0
      vertex 50.1 23.9 7.97118
      vertex 25.9 23.9 7.97118
    endloop
  endfacet
  facet normal 0 -1 -0
    outer loop
      vertex 50.1 23.9 7.97118
      vertex 25.9 23.9 0
      vertex 50.1 23.9 0
    endloop
  endfacet
  facet normal -1 0 0
    outer loop
      vertex 50.1 20.8562 0
      vertex 50.1 23.9 7.97118
      vertex 50.1 23.9 0
    endloop
  endfacet
  facet normal -1 -0 0
    outer loop
      vertex 50.1 23.9 7.97118
      vertex 50.1 20.8562 0
      vertex 50.1 20.8562 7.97118
    endloop
  endfacet
  facet normal 0.707107 0.707107 0
    outer loop
      vertex 50.1 20.8562 7.97118
      vertex 50.05 20.9062 0
      vertex 50.05 20.9062 7.97118
    endloop
  endfacet
  facet normal 0.707107 0.707107 0
    outer loop
      vertex 50.05 20.9062 0
      vertex 50.1 20.8562 7.97118
      vertex 50.1 20.8562 0
    endloop
  endfacet
  facet normal 0.258865 0.965914 -0
    outer loop
      vertex 50.05 20.9062 0
      vertex 49.7 21 7.97118
      vertex 50.05 20.9062 7.97118
    endloop
  endfacet
  facet normal 0.258865 0.965914 0
    outer loop
      vertex 49.7 21 7.97118
      vertex 50.05 20.9062 0
      vertex 49.7 21 0
    endloop
  endfacet
  facet normal -0.258865 0.965914 0
    outer loop
      vertex 49.7 21 0
      vertex 49.35 20.9062 7.97118
      vertex 49.7 21 7.97118
    endloop
  endfacet
  facet normal -0.258865 0.965914 0
    outer loop
      vertex 49.35 20.9062 7.97118
      vertex 49.7 21 0
      vertex 49.35 20.9062 0
    endloop
  endfacet
  facet normal -0.707107 0.707107 0
    outer loop
      vertex 49.0938 20.65 0
      vertex 49.35 20.9062 7.97118
      vertex 49.35 20.9062 0
    endloop
  endfacet
  facet normal -0.707107 0.707107 0
    outer loop
      vertex 49.35 20.9062 7.97118
      vertex 49.0938 20.65 0
      vertex 49.0938 20.65 7.97118
    endloop
  endfacet
  facet normal -0.965914 0.258865 0
    outer loop
      vertex 49 20.3 0
      vertex 49.0938 20.65 7.97118
      vertex 49.0938 20.65 0
    endloop
  endfacet
  facet normal -0.965914 0.258865 0
    outer loop
      vertex 49.0938 20.65 7.97118
      vertex 49 20.3 0
      vertex 49 20.3 7.97118
    endloop
  endfacet
  facet normal -0.965914 -0.258865 0
    outer loop
      vertex 49.0938 19.95 0
      vertex 49 20.3 7.97118
      vertex 49 20.3 0
    endloop
  endfacet
  facet normal -0.965914 -0.258865 0
    outer loop
      vertex 49 20.3 7.97118
      vertex 49.0938 19.95 0
      vertex 49.0938 19.95 7.97118
    endloop
  endfacet
  facet normal -0.707107 -0.707107 0
    outer loop
      vertex 49.35 19.6938 0
      vertex 49.0938 19.95 7.97118
      vertex 49.0938 19.95 0
    endloop
  endfacet
  facet normal -0.707107 -0.707107 0
    outer loop
      vertex 49.0938 19.95 7.97118
      vertex 49.35 19.6938 0
      vertex 49.35 19.6938 7.97118
    endloop
  endfacet
  facet normal -0.258865 -0.965914 0
    outer loop
      vertex 49.35 19.6938 0
      vertex 49.7 19.6 7.97118
      vertex 49.35 19.6938 7.97118
    endloop
  endfacet
  facet normal -0.258865 -0.965914 -0
    outer loop
      vertex 49.7 19.6 7.97118
      vertex 49.35 19.6938 0
      vertex 49.7 19.6 0
    endloop
  endfacet
  facet normal 0.258865 -0.965914 0
    outer loop
      vertex 49.7 19.6 0
      vertex 50.05 19.6938 7.97118
      vertex 49.7 19.6 7.97118
    endloop
  endfacet
  facet normal 0.258865 -0.965914 0
    outer loop
      vertex 50.05 19.6938 7.97118
      vertex 49.7 19.6 0
      vertex 50.05 19.6938 0
    endloop
  endfacet
  facet normal 0.0758387 0.381551 0.921231
    outer loop
      vertex 54.2 25.5 7.88528
      vertex 54.2 25.2926 7.97118
      vertex 54.3386 25.5 7.87387
    endloop
  endfacet
  facet normal 0 0 1
    outer loop
      vertex 54.2 25.2926 7.97118
      vertex 54.4926 25 7.97118
      vertex 54.4704 25.112 7.97118
    endloop
  endfacet
  facet normal 0 0 1
    outer loop
      vertex 54.2 25.2926 7.97118
      vertex 54.4704 25.112 7.97118
      vertex 54.4069 25.2069 7.97118
    endloop
  endfacet
  facet normal 0 0 1
    outer loop
      vertex 54.2 25.2926 7.97118
      vertex 54.4069 25.2069 7.97118
      vertex 54.312 25.2704 7.97118
    endloop
  endfacet
  facet normal 0 0 1
    outer loop
      vertex 54.4926 25 7.97118
      vertex 54.2 25.2926 7.97118
      vertex 50.1 23.9 7.97118
    endloop
  endfacet
  facet normal 0 0 1
    outer loop
      vertex 54.4926 25 7.97118
      vertex 50.1 23.9 7.97118
      vertex 54.4926 20 7.97118
    endloop
  endfacet
  facet normal 0 0 1
    outer loop
      vertex 54.4926 20 7.97118
      vertex 50.1 20.8562 7.97118
      vertex 50.3196 20 7.97118
    endloop
  endfacet
  facet normal 0 0 1
    outer loop
      vertex 54.4926 20 7.97118
      vertex 50.1 23.9 7.97118
      vertex 50.1 20.8562 7.97118
    endloop
  endfacet
  facet normal 0 0 1
    outer loop
      vertex 54.2 25.2926 7.97118
      vertex 25.9 23.9 7.97118
      vertex 50.1 23.9 7.97118
    endloop
  endfacet
  facet normal 0 0 1
    outer loop
      vertex 21.5074 20 7.97118
      vertex 25.9 20.8562 7.97118
      vertex 25.9 23.9 7.97118
    endloop
  endfacet
  facet normal 0 0 1
    outer loop
      vertex 25.9 20.8562 7.97118
      vertex 25.6804 20 7.97118
      vertex 25.6938 19.95 7.97118
    endloop
  endfacet
  facet normal -0 0 1
    outer loop
      vertex 21.8 25.2926 7.97118
      vertex 25.9 23.9 7.97118
      vertex 54.2 25.2926 7.97118
    endloop
  endfacet
  facet normal -0 0 1
    outer loop
      vertex 21.5074 25 7.97118
      vertex 25.9 23.9 7.97118
      vertex 21.8 25.2926 7.97118
    endloop
  endfacet
  facet normal 0 0 1
    outer loop
      vertex 21.5074 25 7.97118
      vertex 21.8 25.2926 7.97118
      vertex 21.688 25.2704 7.97118
    endloop
  endfacet
  facet normal 0 0 1
    outer loop
      vertex 21.5074 25 7.97118
      vertex 21.688 25.2704 7.97118
      vertex 21.5931 25.2069 7.97118
    endloop
  endfacet
  facet normal 0 0 1
    outer loop
      vertex 21.5074 25 7.97118
      vertex 21.5931 25.2069 7.97118
      vertex 21.5296 25.112 7.97118
    endloop
  endfacet
  facet normal 0 0 1
    outer loop
      vertex 21.5074 20 7.97118
      vertex 25.9 23.9 7.97118
      vertex 21.5074 25 7.97118
    endloop
  endfacet
  facet normal 0 0 1
    outer loop
      vertex 25.9 20.8562 7.97118
      vertex 21.5074 20 7.97118
      vertex 25.6804 20 7.97118
    endloop
  endfacet
  facet normal 0 0 1
    outer loop
      vertex 49.35 19.6938 7.97118
      vertex 50.3196 20 7.97118
      vertex 50.1 20.8562 7.97118
    endloop
  endfacet
  facet normal 0 0 1
    outer loop
      vertex 49.7 21 7.97118
      vertex 50.1 20.8562 7.97118
      vertex 50.05 20.9062 7.97118
    endloop
  endfacet
  facet normal 0 0 1
    outer loop
      vertex 50.3196 20 7.97118
      vertex 50.05 19.6938 7.97118
      vertex 50.3062 19.95 7.97118
    endloop
  endfacet
  facet normal -0 0 1
    outer loop
      vertex 49.35 20.9062 7.97118
      vertex 50.1 20.8562 7.97118
      vertex 49.7 21 7.97118
    endloop
  endfacet
  facet normal 0 0 1
    outer loop
      vertex 50.3196 20 7.97118
      vertex 49.7 19.6 7.97118
      vertex 50.05 19.6938 7.97118
    endloop
  endfacet
  facet normal 0 0 1
    outer loop
      vertex 49.0938 20.65 7.97118
      vertex 50.1 20.8562 7.97118
      vertex 49.35 20.9062 7.97118
    endloop
  endfacet
  facet normal 0 0 1
    outer loop
      vertex 50.3196 20 7.97118
      vertex 49.35 19.6938 7.97118
      vertex 49.7 19.6 7.97118
    endloop
  endfacet
  facet normal 0 0 1
    outer loop
      vertex 49.0938 19.95 7.97118
      vertex 50.1 20.8562 7.97118
      vertex 49.0938 20.65 7.97118
    endloop
  endfacet
  facet normal 0 0 1
    outer loop
      vertex 50.1 20.8562 7.97118
      vertex 49.0938 19.95 7.97118
      vertex 49.35 19.6938 7.97118
    endloop
  endfacet
  facet normal 0 -0 1
    outer loop
      vertex 49.0938 19.95 7.97118
      vertex 49.0938 20.65 7.97118
      vertex 49 20.3 7.97118
    endloop
  endfacet
  facet normal 0 0 1
    outer loop
      vertex 26.9062 20.65 7.97118
      vertex 26.9062 19.95 7.97118
      vertex 27 20.3 7.97118
    endloop
  endfacet
  facet normal -0 0 1
    outer loop
      vertex 25.9 20.8562 7.97118
      vertex 26.9062 20.65 7.97118
      vertex 26.65 20.9062 7.97118
    endloop
  endfacet
  facet normal 0 0 1
    outer loop
      vertex 26.9062 20.65 7.97118
      vertex 25.9 20.8562 7.97118
      vertex 26.9062 19.95 7.97118
    endloop
  endfacet
  facet normal 0 0 1
    outer loop
      vertex 25.9 20.8562 7.97118
      vertex 26.65 20.9062 7.97118
      vertex 26.3 21 7.97118
    endloop
  endfacet
  facet normal 0 0 1
    outer loop
      vertex 26.9062 19.95 7.97118
      vertex 25.9 20.8562 7.97118
      vertex 26.65 19.6938 7.97118
    endloop
  endfacet
  facet normal 0 0 1
    outer loop
      vertex 25.9 20.8562 7.97118
      vertex 26.3 21 7.97118
      vertex 25.95 20.9062 7.97118
    endloop
  endfacet
  facet normal 0 0 1
    outer loop
      vertex 26.65 19.6938 7.97118
      vertex 25.9 20.8562 7.97118
      vertex 26.3 19.6 7.97118
    endloop
  endfacet
  facet normal 0 0 1
    outer loop
      vertex 26.3 19.6 7.97118
      vertex 25.9 20.8562 7.97118
      vertex 25.95 19.6938 7.97118
    endloop
  endfacet
  facet normal 0 0 1
    outer loop
      vertex 25.95 19.6938 7.97118
      vertex 25.9 20.8562 7.97118
      vertex 25.6938 19.95 7.97118
    endloop
  endfacet
  facet normal -0.0758387 0.381551 0.921231
    outer loop
      vertex 21.8 25.5 7.88528
      vertex 21.6614 25.5 7.87387
      vertex 21.8 25.2926 7.97118
    endloop
  endfacet
  facet normal -0.382653 0 0.923892
    outer loop
      vertex 21.3 25 7.88528
      vertex 21.5074 20 7.97118
      vertex 21.5074 25 7.97118
    endloop
  endfacet
  facet normal -0.382653 0 0.923892
    outer loop
      vertex 21.5074 20 7.97118
      vertex 21.3 25 7.88528
      vertex 21.3 20 7.88528
    endloop
  endfacet
  facet normal -0.216421 0.323439 0.921167
    outer loop
      vertex 21.5929 25.5 7.86822
      vertex 21.5931 25.2069 7.97118
      vertex 21.688 25.2704 7.97118
    endloop
  endfacet
  facet normal -0.216268 0.323451 0.921199
    outer loop
      vertex 21.5931 25.2069 7.97118
      vertex 21.5929 25.5 7.86822
      vertex 21.5348 25.5 7.85458
    endloop
  endfacet
  facet normal -0.381551 0.0758387 0.921231
    outer loop
      vertex 21.3 25.1386 7.87387
      vertex 21.3 25 7.88528
      vertex 21.5074 25 7.97118
    endloop
  endfacet
  facet normal -0.075651 0.381663 0.921201
    outer loop
      vertex 21.6614 25.5 7.87387
      vertex 21.688 25.2704 7.97118
      vertex 21.8 25.2926 7.97118
    endloop
  endfacet
  facet normal -0.0759814 0.38162 0.921191
    outer loop
      vertex 21.688 25.2704 7.97118
      vertex 21.6614 25.5 7.87387
      vertex 21.5929 25.5 7.86822
    endloop
  endfacet
  facet normal 0.0759814 0.38162 0.921191
    outer loop
      vertex 54.3386 25.5 7.87387
      vertex 54.312 25.2704 7.97118
      vertex 54.4071 25.5 7.86822
    endloop
  endfacet
  facet normal 0.075651 0.381663 0.921201
    outer loop
      vertex 54.312 25.2704 7.97118
      vertex 54.3386 25.5 7.87387
      vertex 54.2 25.2926 7.97118
    endloop
  endfacet
  facet normal -0 0.382653 0.923892
    outer loop
      vertex 21.8 25.5 7.88528
      vertex 54.2 25.2926 7.97118
      vertex 54.2 25.5 7.88528
    endloop
  endfacet
  facet normal 0 0.382653 0.923892
    outer loop
      vertex 54.2 25.2926 7.97118
      vertex 21.8 25.5 7.88528
      vertex 21.8 25.2926 7.97118
    endloop
  endfacet
  facet normal -0.323455 0.216143 0.921227
    outer loop
      vertex 21.3 25.5 7.7995
      vertex 21.3 25.2652 7.85459
      vertex 21.5931 25.2069 7.97118
    endloop
  endfacet
  facet normal 0.323455 0.216143 0.921227
    outer loop
      vertex 54.7 25.5 7.7995
      vertex 54.4069 25.2069 7.97118
      vertex 54.7 25.2652 7.85459
    endloop
  endfacet
  facet normal 0.381551 0.0758387 0.921231
    outer loop
      vertex 54.7 25.1386 7.87387
      vertex 54.4926 25 7.97118
      vertex 54.7 25 7.88528
    endloop
  endfacet
  facet normal 0.382653 0 0.923892
    outer loop
      vertex 54.4926 25 7.97118
      vertex 54.7 20 7.88528
      vertex 54.7 25 7.88528
    endloop
  endfacet
  facet normal 0.382653 0 0.923892
    outer loop
      vertex 54.7 20 7.88528
      vertex 54.4926 25 7.97118
      vertex 54.4926 20 7.97118
    endloop
  endfacet
  facet normal -0.38162 0.0759814 0.921191
    outer loop
      vertex 21.3 25.1386 7.87387
      vertex 21.5296 25.112 7.97118
      vertex 21.3 25.2071 7.86822
    endloop
  endfacet
  facet normal -0.381663 0.075651 0.921201
    outer loop
      vertex 21.5296 25.112 7.97118
      vertex 21.3 25.1386 7.87387
      vertex 21.5074 25 7.97118
    endloop
  endfacet
  facet normal -0.323392 0.21639 0.921191
    outer loop
      vertex 21.3 25.2652 7.85459
      vertex 21.5296 25.112 7.97118
      vertex 21.5931 25.2069 7.97118
    endloop
  endfacet
  facet normal -0.32358 0.216107 0.921191
    outer loop
      vertex 21.5296 25.112 7.97118
      vertex 21.3 25.2652 7.85459
      vertex 21.3 25.2071 7.86822
    endloop
  endfacet
  facet normal -0.216103 0.323493 0.921223
    outer loop
      vertex 21.5348 25.5 7.85458
      vertex 21.3 25.5 7.7995
      vertex 21.5931 25.2069 7.97118
    endloop
  endfacet
  facet normal 0.32358 0.216107 0.921191
    outer loop
      vertex 54.7 25.2652 7.85459
      vertex 54.4704 25.112 7.97118
      vertex 54.7 25.2071 7.86822
    endloop
  endfacet
  facet normal 0.323392 0.21639 0.921191
    outer loop
      vertex 54.4704 25.112 7.97118
      vertex 54.7 25.2652 7.85459
      vertex 54.4069 25.2069 7.97118
    endloop
  endfacet
  facet normal 0.216103 0.323493 0.921223
    outer loop
      vertex 54.7 25.5 7.7995
      vertex 54.4652 25.5 7.85458
      vertex 54.4069 25.2069 7.97118
    endloop
  endfacet
  facet normal 0.216268 0.323451 0.921199
    outer loop
      vertex 54.4071 25.5 7.86822
      vertex 54.4069 25.2069 7.97118
      vertex 54.4652 25.5 7.85458
    endloop
  endfacet
  facet normal 0.216421 0.323439 0.921167
    outer loop
      vertex 54.4069 25.2069 7.97118
      vertex 54.4071 25.5 7.86822
      vertex 54.312 25.2704 7.97118
    endloop
  endfacet
  facet normal 0.38162 0.0759814 0.921191
    outer loop
      vertex 54.4704 25.112 7.97118
      vertex 54.7 25.1386 7.87387
      vertex 54.7 25.2071 7.86822
    endloop
  endfacet
  facet normal 0.381663 0.075651 0.921201
    outer loop
      vertex 54.7 25.1386 7.87387
      vertex 54.4704 25.112 7.97118
      vertex 54.4926 25 7.97118
    endloop
  endfacet
  facet normal 0 0 -1
    outer loop
      vertex 64.9062 19.95 0
      vertex 64.9062 20.65 0
      vertex 65 20.3 0
    endloop
  endfacet
  facet normal 0 0 -1
    outer loop
      vertex 63.9 20.8562 0
      vertex 64.9062 19.95 0
      vertex 64.65 19.6938 0
    endloop
  endfacet
  facet normal 0 0 -1
    outer loop
      vertex 64.9062 19.95 0
      vertex 63.9 20.8562 0
      vertex 64.9062 20.65 0
    endloop
  endfacet
  facet normal 0 0 -1
    outer loop
      vertex 63.6804 20 0
      vertex 64.65 19.6938 0
      vertex 64.3 19.6 0
    endloop
  endfacet
  facet normal 0 0 -1
    outer loop
      vertex 64.9062 20.65 0
      vertex 63.9 20.8562 0
      vertex 64.65 20.9062 0
    endloop
  endfacet
  facet normal 0 0 -1
    outer loop
      vertex 63.6804 20 0
      vertex 64.3 19.6 0
      vertex 63.95 19.6938 0
    endloop
  endfacet
  facet normal -0 0 -1
    outer loop
      vertex 64.65 20.9062 0
      vertex 63.9 20.8562 0
      vertex 64.3 21 0
    endloop
  endfacet
  facet normal 0 0 -1
    outer loop
      vertex 64.3 21 0
      vertex 63.9 20.8562 0
      vertex 63.95 20.9062 0
    endloop
  endfacet
  facet normal 0 0 -1
    outer loop
      vertex 64.65 19.6938 0
      vertex 63.6804 20 0
      vertex 63.9 20.8562 0
    endloop
  endfacet
  facet normal 0 0 -1
    outer loop
      vertex 63.6804 20 0
      vertex 63.95 19.6938 0
      vertex 63.6938 19.95 0
    endloop
  endfacet
  facet normal 0 0 -1
    outer loop
      vertex 87.7 19.6 0
      vertex 88.3196 20 0
      vertex 88.05 19.6938 0
    endloop
  endfacet
  facet normal 0 0 -1
    outer loop
      vertex 87.35 19.6938 0
      vertex 88.3196 20 0
      vertex 87.7 19.6 0
    endloop
  endfacet
  facet normal -0 0 -1
    outer loop
      vertex 88.3196 20 0
      vertex 87.35 19.6938 0
      vertex 88.1 20.8562 0
    endloop
  endfacet
  facet normal 0 0 -1
    outer loop
      vertex 88.1 20.8562 0
      vertex 87.7 21 0
      vertex 88.05 20.9062 0
    endloop
  endfacet
  facet normal 0 0 -1
    outer loop
      vertex 87.0938 19.95 0
      vertex 88.1 20.8562 0
      vertex 87.35 19.6938 0
    endloop
  endfacet
  facet normal 0 0 -1
    outer loop
      vertex 88.1 20.8562 0
      vertex 87.35 20.9062 0
      vertex 87.7 21 0
    endloop
  endfacet
  facet normal 0 0 -1
    outer loop
      vertex 87.0938 20.65 0
      vertex 88.1 20.8562 0
      vertex 87.0938 19.95 0
    endloop
  endfacet
  facet normal -0 0 -1
    outer loop
      vertex 88.1 20.8562 0
      vertex 87.0938 20.65 0
      vertex 87.35 20.9062 0
    endloop
  endfacet
  facet normal 0 -0 -1
    outer loop
      vertex 87.0938 20.65 0
      vertex 87.0938 19.95 0
      vertex 87 20.3 0
    endloop
  endfacet
  facet normal 0 0 -1
    outer loop
      vertex 88.1 20.8562 0
      vertex 92.7 20 0
      vertex 88.3196 20 0
    endloop
  endfacet
  facet normal 0 0 -1
    outer loop
      vertex 88.05 19.6938 0
      vertex 88.3196 20 0
      vertex 88.3062 19.95 0
    endloop
  endfacet
  facet normal 0 0 -1
    outer loop
      vertex 88.1 23.9 0
      vertex 92.7 20 0
      vertex 88.1 20.8562 0
    endloop
  endfacet
  facet normal 0 0 -1
    outer loop
      vertex 92.7 20 0
      vertex 88.1 23.9 0
      vertex 92.7 25.5 0
    endloop
  endfacet
  facet normal 0 0 -1
    outer loop
      vertex 63.9 23.9 0
      vertex 92.7 25.5 0
      vertex 88.1 23.9 0
    endloop
  endfacet
  facet normal 0 0 -1
    outer loop
      vertex 59.3 20 0
      vertex 63.9 20.8562 0
      vertex 63.6804 20 0
    endloop
  endfacet
  facet normal -0 0 -1
    outer loop
      vertex 63.9 20.8562 0
      vertex 59.3 20 0
      vertex 63.9 23.9 0
    endloop
  endfacet
  facet normal 0 0 -1
    outer loop
      vertex 63.9 23.9 0
      vertex 59.3 25.5 0
      vertex 92.7 25.5 0
    endloop
  endfacet
  facet normal 0 0 -1
    outer loop
      vertex 59.3 25.5 0
      vertex 63.9 23.9 0
      vertex 59.3 20 0
    endloop
  endfacet
  facet normal 0.707107 -0.707107 0
    outer loop
      vertex 88.05 19.6938 7.97118
      vertex 88.3062 19.95 0
      vertex 88.3062 19.95 7.97118
    endloop
  endfacet
  facet normal 0.707107 -0.707107 0
    outer loop
      vertex 88.3062 19.95 0
      vertex 88.05 19.6938 7.97118
      vertex 88.05 19.6938 0
    endloop
  endfacet
  facet normal 0.965914 -0.258865 0
    outer loop
      vertex 88.3062 19.95 7.97118
      vertex 88.3196 20 0
      vertex 88.3196 20 7.97118
    endloop
  endfacet
  facet normal 0.965914 -0.258865 0
    outer loop
      vertex 88.3196 20 0
      vertex 88.3062 19.95 7.97118
      vertex 88.3062 19.95 0
    endloop
  endfacet
  facet normal 0 -1 0
    outer loop
      vertex 88.3196 20 0
      vertex 92.4926 20 7.97118
      vertex 88.3196 20 7.97118
    endloop
  endfacet
  facet normal 0 -1 0
    outer loop
      vertex 92.7 20 0
      vertex 92.4926 20 7.97118
      vertex 88.3196 20 0
    endloop
  endfacet
  facet normal 0 -1 0
    outer loop
      vertex 92.4926 20 7.97118
      vertex 92.7 20 0
      vertex 92.7 20 7.88528
    endloop
  endfacet
  facet normal 1 0 0
    outer loop
      vertex 92.7 25 7.88528
      vertex 92.7 25.5 7.7995
      vertex 92.7 25.2652 7.85459
    endloop
  endfacet
  facet normal 1 0 0
    outer loop
      vertex 92.7 25.1386 7.87387
      vertex 92.7 25.2652 7.85459
      vertex 92.7 25.2071 7.86822
    endloop
  endfacet
  facet normal 1 0 0
    outer loop
      vertex 92.7 25 7.88528
      vertex 92.7 25.2652 7.85459
      vertex 92.7 25.1386 7.87387
    endloop
  endfacet
  facet normal 1 0 0
    outer loop
      vertex 92.7 25.5 7.7995
      vertex 92.7 25 7.88528
      vertex 92.7 25.5 0
    endloop
  endfacet
  facet normal 1 0 0
    outer loop
      vertex 92.7 20 0
      vertex 92.7 25 7.88528
      vertex 92.7 20 7.88528
    endloop
  endfacet
  facet normal 1 0 0
    outer loop
      vertex 92.7 25 7.88528
      vertex 92.7 20 0
      vertex 92.7 25.5 0
    endloop
  endfacet
  facet normal 0 1 0
    outer loop
      vertex 92.7 25.5 7.7995
      vertex 92.2 25.5 7.88528
      vertex 92.3386 25.5 7.87387
    endloop
  endfacet
  facet normal 0 1 0
    outer loop
      vertex 92.2 25.5 7.88528
      vertex 92.7 25.5 0
      vertex 59.8 25.5 7.88528
    endloop
  endfacet
  facet normal 0 1 0
    outer loop
      vertex 92.4652 25.5 7.85458
      vertex 92.3386 25.5 7.87387
      vertex 92.4071 25.5 7.86822
    endloop
  endfacet
  facet normal 0 1 0
    outer loop
      vertex 59.3 25.5 0
      vertex 59.8 25.5 7.88528
      vertex 92.7 25.5 0
    endloop
  endfacet
  facet normal 0 1 0
    outer loop
      vertex 92.7 25.5 7.7995
      vertex 92.3386 25.5 7.87387
      vertex 92.4652 25.5 7.85458
    endloop
  endfacet
  facet normal -0 1 0
    outer loop
      vertex 59.3 25.5 7.7995
      vertex 59.8 25.5 7.88528
      vertex 59.3 25.5 0
    endloop
  endfacet
  facet normal 0 1 0
    outer loop
      vertex 92.2 25.5 7.88528
      vertex 92.7 25.5 7.7995
      vertex 92.7 25.5 0
    endloop
  endfacet
  facet normal 0 1 0
    outer loop
      vertex 59.8 25.5 7.88528
      vertex 59.3 25.5 7.7995
      vertex 59.6614 25.5 7.87387
    endloop
  endfacet
  facet normal 0 1 0
    outer loop
      vertex 59.6614 25.5 7.87387
      vertex 59.5348 25.5 7.85458
      vertex 59.5929 25.5 7.86822
    endloop
  endfacet
  facet normal 0 1 0
    outer loop
      vertex 59.6614 25.5 7.87387
      vertex 59.3 25.5 7.7995
      vertex 59.5348 25.5 7.85458
    endloop
  endfacet
  facet normal -1 0 0
    outer loop
      vertex 59.3 25 7.88528
      vertex 59.3 25.5 7.7995
      vertex 59.3 25.5 0
    endloop
  endfacet
  facet normal -1 0 0
    outer loop
      vertex 59.3 25.5 7.7995
      vertex 59.3 25 7.88528
      vertex 59.3 25.2652 7.85459
    endloop
  endfacet
  facet normal -1 0 0
    outer loop
      vertex 59.3 25.2652 7.85459
      vertex 59.3 25.1386 7.87387
      vertex 59.3 25.2071 7.86822
    endloop
  endfacet
  facet normal -1 0 0
    outer loop
      vertex 59.3 25.2652 7.85459
      vertex 59.3 25 7.88528
      vertex 59.3 25.1386 7.87387
    endloop
  endfacet
  facet normal -1 0 0
    outer loop
      vertex 59.3 20 0
      vertex 59.3 25 7.88528
      vertex 59.3 25.5 0
    endloop
  endfacet
  facet normal -1 -0 0
    outer loop
      vertex 59.3 25 7.88528
      vertex 59.3 20 0
      vertex 59.3 20 7.88528
    endloop
  endfacet
  facet normal 0 -1 0
    outer loop
      vertex 59.3 20 0
      vertex 59.5074 20 7.97118
      vertex 59.3 20 7.88528
    endloop
  endfacet
  facet normal 0 -1 -0
    outer loop
      vertex 59.5074 20 7.97118
      vertex 59.3 20 0
      vertex 63.6804 20 0
    endloop
  endfacet
  facet normal 0 -1 0
    outer loop
      vertex 59.5074 20 7.97118
      vertex 63.6804 20 0
      vertex 63.6804 20 7.97118
    endloop
  endfacet
  facet normal -0.965914 -0.258865 0
    outer loop
      vertex 63.6938 19.95 0
      vertex 63.6804 20 7.97118
      vertex 63.6804 20 0
    endloop
  endfacet
  facet normal -0.965914 -0.258865 0
    outer loop
      vertex 63.6804 20 7.97118
      vertex 63.6938 19.95 0
      vertex 63.6938 19.95 7.97118
    endloop
  endfacet
  facet normal -0.707107 -0.707107 0
    outer loop
      vertex 63.95 19.6938 0
      vertex 63.6938 19.95 7.97118
      vertex 63.6938 19.95 0
    endloop
  endfacet
  facet normal -0.707107 -0.707107 0
    outer loop
      vertex 63.6938 19.95 7.97118
      vertex 63.95 19.6938 0
      vertex 63.95 19.6938 7.97118
    endloop
  endfacet
  facet normal -0.258865 -0.965914 0
    outer loop
      vertex 63.95 19.6938 0
      vertex 64.3 19.6 7.97118
      vertex 63.95 19.6938 7.97118
    endloop
  endfacet
  facet normal -0.258865 -0.965914 -0
    outer loop
      vertex 64.3 19.6 7.97118
      vertex 63.95 19.6938 0
      vertex 64.3 19.6 0
    endloop
  endfacet
  facet normal 0.258865 -0.965914 0
    outer loop
      vertex 64.3 19.6 0
      vertex 64.65 19.6938 7.97118
      vertex 64.3 19.6 7.97118
    endloop
  endfacet
  facet normal 0.258865 -0.965914 0
    outer loop
      vertex 64.65 19.6938 7.97118
      vertex 64.3 19.6 0
      vertex 64.65 19.6938 0
    endloop
  endfacet
  facet normal 0.707107 -0.707107 0
    outer loop
      vertex 64.65 19.6938 7.97118
      vertex 64.9062 19.95 0
      vertex 64.9062 19.95 7.97118
    endloop
  endfacet
  facet normal 0.707107 -0.707107 0
    outer loop
      vertex 64.9062 19.95 0
      vertex 64.65 19.6938 7.97118
      vertex 64.65 19.6938 0
    endloop
  endfacet
  facet normal 0.965914 -0.258865 0
    outer loop
      vertex 64.9062 19.95 7.97118
      vertex 65 20.3 0
      vertex 65 20.3 7.97118
    endloop
  endfacet
  facet normal 0.965914 -0.258865 0
    outer loop
      vertex 65 20.3 0
      vertex 64.9062 19.95 7.97118
      vertex 64.9062 19.95 0
    endloop
  endfacet
  facet normal 0.965914 0.258865 0
    outer loop
      vertex 65 20.3 7.97118
      vertex 64.9062 20.65 0
      vertex 64.9062 20.65 7.97118
    endloop
  endfacet
  facet normal 0.965914 0.258865 0
    outer loop
      vertex 64.9062 20.65 0
      vertex 65 20.3 7.97118
      vertex 65 20.3 0
    endloop
  endfacet
  facet normal 0.707107 0.707107 0
    outer loop
      vertex 64.9062 20.65 7.97118
      vertex 64.65 20.9062 0
      vertex 64.65 20.9062 7.97118
    endloop
  endfacet
  facet normal 0.707107 0.707107 0
    outer loop
      vertex 64.65 20.9062 0
      vertex 64.9062 20.65 7.97118
      vertex 64.9062 20.65 0
    endloop
  endfacet
  facet normal 0.258865 0.965914 -0
    outer loop
      vertex 64.65 20.9062 0
      vertex 64.3 21 7.97118
      vertex 64.65 20.9062 7.97118
    endloop
  endfacet
  facet normal 0.258865 0.965914 0
    outer loop
      vertex 64.3 21 7.97118
      vertex 64.65 20.9062 0
      vertex 64.3 21 0
    endloop
  endfacet
  facet normal -0.258865 0.965914 0
    outer loop
      vertex 64.3 21 0
      vertex 63.95 20.9062 7.97118
      vertex 64.3 21 7.97118
    endloop
  endfacet
  facet normal -0.258865 0.965914 0
    outer loop
      vertex 63.95 20.9062 7.97118
      vertex 64.3 21 0
      vertex 63.95 20.9062 0
    endloop
  endfacet
  facet normal -0.707107 0.707107 0
    outer loop
      vertex 63.9 20.8562 0
      vertex 63.95 20.9062 7.97118
      vertex 63.95 20.9062 0
    endloop
  endfacet
  facet normal -0.707107 0.707107 0
    outer loop
      vertex 63.95 20.9062 7.97118
      vertex 63.9 20.8562 0
      vertex 63.9 20.8562 7.97118
    endloop
  endfacet
  facet normal 1 -0 0
    outer loop
      vertex 63.9 20.8562 7.97118
      vertex 63.9 23.9 0
      vertex 63.9 23.9 7.97118
    endloop
  endfacet
  facet normal 1 0 0
    outer loop
      vertex 63.9 23.9 0
      vertex 63.9 20.8562 7.97118
      vertex 63.9 20.8562 0
    endloop
  endfacet
  facet normal 0 -1 0
    outer loop
      vertex 63.9 23.9 0
      vertex 88.1 23.9 7.97118
      vertex 63.9 23.9 7.97118
    endloop
  endfacet
  facet normal 0 -1 -0
    outer loop
      vertex 88.1 23.9 7.97118
      vertex 63.9 23.9 0
      vertex 88.1 23.9 0
    endloop
  endfacet
  facet normal -1 0 0
    outer loop
      vertex 88.1 20.8562 0
      vertex 88.1 23.9 7.97118
      vertex 88.1 23.9 0
    endloop
  endfacet
  facet normal -1 -0 0
    outer loop
      vertex 88.1 23.9 7.97118
      vertex 88.1 20.8562 0
      vertex 88.1 20.8562 7.97118
    endloop
  endfacet
  facet normal 0.707107 0.707107 0
    outer loop
      vertex 88.1 20.8562 7.97118
      vertex 88.05 20.9062 0
      vertex 88.05 20.9062 7.97118
    endloop
  endfacet
  facet normal 0.707107 0.707107 0
    outer loop
      vertex 88.05 20.9062 0
      vertex 88.1 20.8562 7.97118
      vertex 88.1 20.8562 0
    endloop
  endfacet
  facet normal 0.258865 0.965914 -0
    outer loop
      vertex 88.05 20.9062 0
      vertex 87.7 21 7.97118
      vertex 88.05 20.9062 7.97118
    endloop
  endfacet
  facet normal 0.258865 0.965914 0
    outer loop
      vertex 87.7 21 7.97118
      vertex 88.05 20.9062 0
      vertex 87.7 21 0
    endloop
  endfacet
  facet normal -0.258865 0.965914 0
    outer loop
      vertex 87.7 21 0
      vertex 87.35 20.9062 7.97118
      vertex 87.7 21 7.97118
    endloop
  endfacet
  facet normal -0.258865 0.965914 0
    outer loop
      vertex 87.35 20.9062 7.97118
      vertex 87.7 21 0
      vertex 87.35 20.9062 0
    endloop
  endfacet
  facet normal -0.707107 0.707107 0
    outer loop
      vertex 87.0938 20.65 0
      vertex 87.35 20.9062 7.97118
      vertex 87.35 20.9062 0
    endloop
  endfacet
  facet normal -0.707107 0.707107 0
    outer loop
      vertex 87.35 20.9062 7.97118
      vertex 87.0938 20.65 0
      vertex 87.0938 20.65 7.97118
    endloop
  endfacet
  facet normal -0.965914 0.258865 0
    outer loop
      vertex 87 20.3 0
      vertex 87.0938 20.65 7.97118
      vertex 87.0938 20.65 0
    endloop
  endfacet
  facet normal -0.965914 0.258865 0
    outer loop
      vertex 87.0938 20.65 7.97118
      vertex 87 20.3 0
      vertex 87 20.3 7.97118
    endloop
  endfacet
  facet normal -0.965914 -0.258865 0
    outer loop
      vertex 87.0938 19.95 0
      vertex 87 20.3 7.97118
      vertex 87 20.3 0
    endloop
  endfacet
  facet normal -0.965914 -0.258865 0
    outer loop
      vertex 87 20.3 7.97118
      vertex 87.0938 19.95 0
      vertex 87.0938 19.95 7.97118
    endloop
  endfacet
  facet normal -0.707107 -0.707107 0
    outer loop
      vertex 87.35 19.6938 0
      vertex 87.0938 19.95 7.97118
      vertex 87.0938 19.95 0
    endloop
  endfacet
  facet normal -0.707107 -0.707107 0
    outer loop
      vertex 87.0938 19.95 7.97118
      vertex 87.35 19.6938 0
      vertex 87.35 19.6938 7.97118
    endloop
  endfacet
  facet normal -0.258865 -0.965914 0
    outer loop
      vertex 87.35 19.6938 0
      vertex 87.7 19.6 7.97118
      vertex 87.35 19.6938 7.97118
    endloop
  endfacet
  facet normal -0.258865 -0.965914 -0
    outer loop
      vertex 87.7 19.6 7.97118
      vertex 87.35 19.6938 0
      vertex 87.7 19.6 0
    endloop
  endfacet
  facet normal 0.258865 -0.965914 0
    outer loop
      vertex 87.7 19.6 0
      vertex 88.05 19.6938 7.97118
      vertex 87.7 19.6 7.97118
    endloop
  endfacet
  facet normal 0.258865 -0.965914 0
    outer loop
      vertex 88.05 19.6938 7.97118
      vertex 87.7 19.6 0
      vertex 88.05 19.6938 0
    endloop
  endfacet
  facet normal 0.0758387 0.381551 0.921231
    outer loop
      vertex 92.2 25.5 7.88528
      vertex 92.2 25.2926 7.97118
      vertex 92.3386 25.5 7.87387
    endloop
  endfacet
  facet normal 0 0 1
    outer loop
      vertex 92.2 25.2926 7.97118
      vertex 92.4926 25 7.97118
      vertex 92.4704 25.112 7.97118
    endloop
  endfacet
  facet normal 0 0 1
    outer loop
      vertex 92.2 25.2926 7.97118
      vertex 92.4704 25.112 7.97118
      vertex 92.4069 25.2069 7.97118
    endloop
  endfacet
  facet normal 0 0 1
    outer loop
      vertex 92.2 25.2926 7.97118
      vertex 92.4069 25.2069 7.97118
      vertex 92.312 25.2704 7.97118
    endloop
  endfacet
  facet normal 0 0 1
    outer loop
      vertex 92.4926 25 7.97118
      vertex 92.2 25.2926 7.97118
      vertex 88.1 23.9 7.97118
    endloop
  endfacet
  facet normal 0 0 1
    outer loop
      vertex 92.4926 25 7.97118
      vertex 88.1 23.9 7.97118
      vertex 92.4926 20 7.97118
    endloop
  endfacet
  facet normal 0 0 1
    outer loop
      vertex 92.4926 20 7.97118
      vertex 88.1 20.8562 7.97118
      vertex 88.3196 20 7.97118
    endloop
  endfacet
  facet normal 0 0 1
    outer loop
      vertex 92.4926 20 7.97118
      vertex 88.1 23.9 7.97118
      vertex 88.1 20.8562 7.97118
    endloop
  endfacet
  facet normal 0 0 1
    outer loop
      vertex 92.2 25.2926 7.97118
      vertex 63.9 23.9 7.97118
      vertex 88.1 23.9 7.97118
    endloop
  endfacet
  facet normal 0 0 1
    outer loop
      vertex 59.5074 20 7.97118
      vertex 63.9 20.8562 7.97118
      vertex 63.9 23.9 7.97118
    endloop
  endfacet
  facet normal 0 0 1
    outer loop
      vertex 63.9 20.8562 7.97118
      vertex 63.6804 20 7.97118
      vertex 63.6938 19.95 7.97118
    endloop
  endfacet
  facet normal -0 0 1
    outer loop
      vertex 59.8 25.2926 7.97118
      vertex 63.9 23.9 7.97118
      vertex 92.2 25.2926 7.97118
    endloop
  endfacet
  facet normal -0 0 1
    outer loop
      vertex 59.5074 25 7.97118
      vertex 63.9 23.9 7.97118
      vertex 59.8 25.2926 7.97118
    endloop
  endfacet
  facet normal 0 0 1
    outer loop
      vertex 59.5074 25 7.97118
      vertex 59.8 25.2926 7.97118
      vertex 59.688 25.2704 7.97118
    endloop
  endfacet
  facet normal 0 0 1
    outer loop
      vertex 59.5074 25 7.97118
      vertex 59.688 25.2704 7.97118
      vertex 59.5931 25.2069 7.97118
    endloop
  endfacet
  facet normal 0 0 1
    outer loop
      vertex 59.5074 25 7.97118
      vertex 59.5931 25.2069 7.97118
      vertex 59.5296 25.112 7.97118
    endloop
  endfacet
  facet normal 0 0 1
    outer loop
      vertex 59.5074 20 7.97118
      vertex 63.9 23.9 7.97118
      vertex 59.5074 25 7.97118
    endloop
  endfacet
  facet normal 0 0 1
    outer loop
      vertex 63.9 20.8562 7.97118
      vertex 59.5074 20 7.97118
      vertex 63.6804 20 7.97118
    endloop
  endfacet
  facet normal 0 0 1
    outer loop
      vertex 87.35 19.6938 7.97118
      vertex 88.3196 20 7.97118
      vertex 88.1 20.8562 7.97118
    endloop
  endfacet
  facet normal 0 0 1
    outer loop
      vertex 87.7 21 7.97118
      vertex 88.1 20.8562 7.97118
      vertex 88.05 20.9062 7.97118
    endloop
  endfacet
  facet normal 0 0 1
    outer loop
      vertex 88.3196 20 7.97118
      vertex 88.05 19.6938 7.97118
      vertex 88.3062 19.95 7.97118
    endloop
  endfacet
  facet normal -0 0 1
    outer loop
      vertex 87.35 20.9062 7.97118
      vertex 88.1 20.8562 7.97118
      vertex 87.7 21 7.97118
    endloop
  endfacet
  facet normal 0 0 1
    outer loop
      vertex 88.3196 20 7.97118
      vertex 87.7 19.6 7.97118
      vertex 88.05 19.6938 7.97118
    endloop
  endfacet
  facet normal 0 0 1
    outer loop
      vertex 87.0938 20.65 7.97118
      vertex 88.1 20.8562 7.97118
      vertex 87.35 20.9062 7.97118
    endloop
  endfacet
  facet normal 0 0 1
    outer loop
      vertex 88.3196 20 7.97118
      vertex 87.35 19.6938 7.97118
      vertex 87.7 19.6 7.97118
    endloop
  endfacet
  facet normal 0 0 1
    outer loop
      vertex 87.0938 19.95 7.97118
      vertex 88.1 20.8562 7.97118
      vertex 87.0938 20.65 7.97118
    endloop
  endfacet
  facet normal 0 0 1
    outer loop
      vertex 88.1 20.8562 7.97118
      vertex 87.0938 19.95 7.97118
      vertex 87.35 19.6938 7.97118
    endloop
  endfacet
  facet normal 0 -0 1
    outer loop
      vertex 87.0938 19.95 7.97118
      vertex 87.0938 20.65 7.97118
      vertex 87 20.3 7.97118
    endloop
  endfacet
  facet normal 0 0 1
    outer loop
      vertex 64.9062 20.65 7.97118
      vertex 64.9062 19.95 7.97118
      vertex 65 20.3 7.97118
    endloop
  endfacet
  facet normal -0 0 1
    outer loop
      vertex 63.9 20.8562 7.97118
      vertex 64.9062 20.65 7.97118
      vertex 64.65 20.9062 7.97118
    endloop
  endfacet
  facet normal 0 0 1
    outer loop
      vertex 64.9062 20.65 7.97118
      vertex 63.9 20.8562 7.97118
      vertex 64.9062 19.95 7.97118
    endloop
  endfacet
  facet normal 0 0 1
    outer loop
      vertex 63.9 20.8562 7.97118
      vertex 64.65 20.9062 7.97118
      vertex 64.3 21 7.97118
    endloop
  endfacet
  facet normal 0 0 1
    outer loop
      vertex 64.9062 19.95 7.97118
      vertex 63.9 20.8562 7.97118
      vertex 64.65 19.6938 7.97118
    endloop
  endfacet
  facet normal 0 0 1
    outer loop
      vertex 63.9 20.8562 7.97118
      vertex 64.3 21 7.97118
      vertex 63.95 20.9062 7.97118
    endloop
  endfacet
  facet normal 0 0 1
    outer loop
      vertex 64.65 19.6938 7.97118
      vertex 63.9 20.8562 7.97118
      vertex 64.3 19.6 7.97118
    endloop
  endfacet
  facet normal 0 0 1
    outer loop
      vertex 64.3 19.6 7.97118
      vertex 63.9 20.8562 7.97118
      vertex 63.95 19.6938 7.97118
    endloop
  endfacet
  facet normal 0 0 1
    outer loop
      vertex 63.95 19.6938 7.97118
      vertex 63.9 20.8562 7.97118
      vertex 63.6938 19.95 7.97118
    endloop
  endfacet
  facet normal -0.0758387 0.381551 0.921231
    outer loop
      vertex 59.8 25.5 7.88528
      vertex 59.6614 25.5 7.87387
      vertex 59.8 25.2926 7.97118
    endloop
  endfacet
  facet normal -0.382653 0 0.923892
    outer loop
      vertex 59.3 25 7.88528
      vertex 59.5074 20 7.97118
      vertex 59.5074 25 7.97118
    endloop
  endfacet
  facet normal -0.382653 0 0.923892
    outer loop
      vertex 59.5074 20 7.97118
      vertex 59.3 25 7.88528
      vertex 59.3 20 7.88528
    endloop
  endfacet
  facet normal -0.216421 0.323439 0.921167
    outer loop
      vertex 59.5929 25.5 7.86822
      vertex 59.5931 25.2069 7.97118
      vertex 59.688 25.2704 7.97118
    endloop
  endfacet
  facet normal -0.216268 0.323451 0.921199
    outer loop
      vertex 59.5931 25.2069 7.97118
      vertex 59.5929 25.5 7.86822
      vertex 59.5348 25.5 7.85458
    endloop
  endfacet
  facet normal -0.381551 0.0758387 0.921231
    outer loop
      vertex 59.3 25.1386 7.87387
      vertex 59.3 25 7.88528
      vertex 59.5074 25 7.97118
    endloop
  endfacet
  facet normal -0.075651 0.381663 0.921201
    outer loop
      vertex 59.6614 25.5 7.87387
      vertex 59.688 25.2704 7.97118
      vertex 59.8 25.2926 7.97118
    endloop
  endfacet
  facet normal -0.0759814 0.38162 0.921191
    outer loop
      vertex 59.688 25.2704 7.97118
      vertex 59.6614 25.5 7.87387
      vertex 59.5929 25.5 7.86822
    endloop
  endfacet
  facet normal 0.0759814 0.38162 0.921191
    outer loop
      vertex 92.3386 25.5 7.87387
      vertex 92.312 25.2704 7.97118
      vertex 92.4071 25.5 7.86822
    endloop
  endfacet
  facet normal 0.075651 0.381663 0.921201
    outer loop
      vertex 92.312 25.2704 7.97118
      vertex 92.3386 25.5 7.87387
      vertex 92.2 25.2926 7.97118
    endloop
  endfacet
  facet normal -0 0.382653 0.923892
    outer loop
      vertex 59.8 25.5 7.88528
      vertex 92.2 25.2926 7.97118
      vertex 92.2 25.5 7.88528
    endloop
  endfacet
  facet normal 0 0.382653 0.923892
    outer loop
      vertex 92.2 25.2926 7.97118
      vertex 59.8 25.5 7.88528
      vertex 59.8 25.2926 7.97118
    endloop
  endfacet
  facet normal -0.323455 0.216143 0.921227
    outer loop
      vertex 59.3 25.5 7.7995
      vertex 59.3 25.2652 7.85459
      vertex 59.5931 25.2069 7.97118
    endloop
  endfacet
  facet normal 0.323455 0.216143 0.921227
    outer loop
      vertex 92.7 25.5 7.7995
      vertex 92.4069 25.2069 7.97118
      vertex 92.7 25.2652 7.85459
    endloop
  endfacet
  facet normal 0.381551 0.0758387 0.921231
    outer loop
      vertex 92.7 25.1386 7.87387
      vertex 92.4926 25 7.97118
      vertex 92.7 25 7.88528
    endloop
  endfacet
  facet normal 0.382653 0 0.923892
    outer loop
      vertex 92.4926 25 7.97118
      vertex 92.7 20 7.88528
      vertex 92.7 25 7.88528
    endloop
  endfacet
  facet normal 0.382653 0 0.923892
    outer loop
      vertex 92.7 20 7.88528
      vertex 92.4926 25 7.97118
      vertex 92.4926 20 7.97118
    endloop
  endfacet
  facet normal -0.38162 0.0759814 0.921191
    outer loop
      vertex 59.3 25.1386 7.87387
      vertex 59.5296 25.112 7.97118
      vertex 59.3 25.2071 7.86822
    endloop
  endfacet
  facet normal -0.381663 0.075651 0.921201
    outer loop
      vertex 59.5296 25.112 7.97118
      vertex 59.3 25.1386 7.87387
      vertex 59.5074 25 7.97118
    endloop
  endfacet
  facet normal -0.323392 0.21639 0.921191
    outer loop
      vertex 59.3 25.2652 7.85459
      vertex 59.5296 25.112 7.97118
      vertex 59.5931 25.2069 7.97118
    endloop
  endfacet
  facet normal -0.32358 0.216107 0.921191
    outer loop
      vertex 59.5296 25.112 7.97118
      vertex 59.3 25.2652 7.85459
      vertex 59.3 25.2071 7.86822
    endloop
  endfacet
  facet normal -0.216103 0.323493 0.921223
    outer loop
      vertex 59.5348 25.5 7.85458
      vertex 59.3 25.5 7.7995
      vertex 59.5931 25.2069 7.97118
    endloop
  endfacet
  facet normal 0.32358 0.216107 0.921191
    outer loop
      vertex 92.7 25.2652 7.85459
      vertex 92.4704 25.112 7.97118
      vertex 92.7 25.2071 7.86822
    endloop
  endfacet
  facet normal 0.323392 0.21639 0.921191
    outer loop
      vertex 92.4704 25.112 7.97118
      vertex 92.7 25.2652 7.85459
      vertex 92.4069 25.2069 7.97118
    endloop
  endfacet
  facet normal 0.216103 0.323493 0.921223
    outer loop
      vertex 92.7 25.5 7.7995
      vertex 92.4652 25.5 7.85458
      vertex 92.4069 25.2069 7.97118
    endloop
  endfacet
  facet normal 0.216268 0.323451 0.921199
    outer loop
      vertex 92.4071 25.5 7.86822
      vertex 92.4069 25.2069 7.97118
      vertex 92.4652 25.5 7.85458
    endloop
  endfacet
  facet normal 0.216421 0.323439 0.921167
    outer loop
      vertex 92.4069 25.2069 7.97118
      vertex 92.4071 25.5 7.86822
      vertex 92.312 25.2704 7.97118
    endloop
  endfacet
  facet normal 0.38162 0.0759814 0.921191
    outer loop
      vertex 92.4704 25.112 7.97118
      vertex 92.7 25.1386 7.87387
      vertex 92.7 25.2071 7.86822
    endloop
  endfacet
  facet normal 0.381663 0.075651 0.921201
    outer loop
      vertex 92.7 25.1386 7.87387
      vertex 92.4704 25.112 7.97118
      vertex 92.4926 25 7.97118
    endloop
  endfacet
endsolid OpenSCAD_Model
