solid OpenSCAD_Model
  facet normal 0 1 0
    outer loop
      vertex 74.005 10.6 1
      vertex -73.105 10.6 1.89999
      vertex 73.105 10.6 1.89999
    endloop
  endfacet
  facet normal 0 1 0
    outer loop
      vertex -73.105 10.6 1.89999
      vertex 74.005 10.6 1
      vertex -74.005 10.6 1
    endloop
  endfacet
  facet normal -1 0 0
    outer loop
      vertex -75 -16.6 0
      vertex -75 -9 0.00499916
      vertex -75 -9 0
    endloop
  endfacet
  facet normal -1 -0 0
    outer loop
      vertex -75 -9 0.00499916
      vertex -75 -16.6 0
      vertex -75 -16.6 0.00499916
    endloop
  endfacet
  facet normal -1 0 0
    outer loop
      vertex -75 9 0
      vertex -75 16.6 0.00499916
      vertex -75 16.6 0
    endloop
  endfacet
  facet normal -1 -0 0
    outer loop
      vertex -75 16.6 0.00499916
      vertex -75 9 0
      vertex -75 9 0.00499916
    endloop
  endfacet
  facet normal 0 0 -1
    outer loop
      vertex -61 -16.6 0
      vertex -75 -16.6 0
      vertex -61 -10.6 0
    endloop
  endfacet
  facet normal 0 0 -1
    outer loop
      vertex -46 -16.6 0
      vertex -59 -16.6 0
      vertex -46 -10.6 0
    endloop
  endfacet
  facet normal 0 0 -1
    outer loop
      vertex -31 -16.6 0
      vertex -44 -16.6 0
      vertex -31 -10.6 0
    endloop
  endfacet
  facet normal 0 0 -1
    outer loop
      vertex -16 -16.6 0
      vertex -29 -16.6 0
      vertex -16 -10.6 0
    endloop
  endfacet
  facet normal 0 0 -1
    outer loop
      vertex -1 -16.6 0
      vertex -14 -16.6 0
      vertex -1 -10.6 0
    endloop
  endfacet
  facet normal 0 0 -1
    outer loop
      vertex 14 -16.6 0
      vertex 1 -16.6 0
      vertex 14 -10.6 0
    endloop
  endfacet
  facet normal 0 0 -1
    outer loop
      vertex 29 -16.6 0
      vertex 16 -16.6 0
      vertex 29 -10.6 0
    endloop
  endfacet
  facet normal 0 0 -1
    outer loop
      vertex 44 -16.6 0
      vertex 31 -16.6 0
      vertex 44 -10.6 0
    endloop
  endfacet
  facet normal 0 0 -1
    outer loop
      vertex 59 -16.6 0
      vertex 46 -16.6 0
      vertex 59 -10.6 0
    endloop
  endfacet
  facet normal 0 0 -1
    outer loop
      vertex 61 -10.6 0
      vertex 75 -16.6 0
      vertex 61 -16.6 0
    endloop
  endfacet
  facet normal 0 0 -1
    outer loop
      vertex 75 -16.6 0
      vertex 61 -10.6 0
      vertex 75 -9 0
    endloop
  endfacet
  facet normal 0 0 -1
    outer loop
      vertex 59 -10.6 0
      vertex 75 -9 0
      vertex 61 -10.6 0
    endloop
  endfacet
  facet normal 0 0 -1
    outer loop
      vertex 46 -10.6 0
      vertex 59 -10.6 0
      vertex 46 -16.6 0
    endloop
  endfacet
  facet normal 0 0 -1
    outer loop
      vertex 46 -10.6 0
      vertex 75 -9 0
      vertex 59 -10.6 0
    endloop
  endfacet
  facet normal 0 0 -1
    outer loop
      vertex 44 -10.6 0
      vertex 75 -9 0
      vertex 46 -10.6 0
    endloop
  endfacet
  facet normal 0 0 -1
    outer loop
      vertex 31 -10.6 0
      vertex 44 -10.6 0
      vertex 31 -16.6 0
    endloop
  endfacet
  facet normal 0 0 -1
    outer loop
      vertex 31 -10.6 0
      vertex 75 -9 0
      vertex 44 -10.6 0
    endloop
  endfacet
  facet normal 0 0 -1
    outer loop
      vertex 29 -10.6 0
      vertex 75 -9 0
      vertex 31 -10.6 0
    endloop
  endfacet
  facet normal 0 0 -1
    outer loop
      vertex 16 -10.6 0
      vertex 29 -10.6 0
      vertex 16 -16.6 0
    endloop
  endfacet
  facet normal 0 0 -1
    outer loop
      vertex 16 -10.6 0
      vertex 75 -9 0
      vertex 29 -10.6 0
    endloop
  endfacet
  facet normal 0 0 -1
    outer loop
      vertex 14 -10.6 0
      vertex 75 -9 0
      vertex 16 -10.6 0
    endloop
  endfacet
  facet normal 0 0 -1
    outer loop
      vertex 1 -10.6 0
      vertex 14 -10.6 0
      vertex 1 -16.6 0
    endloop
  endfacet
  facet normal 0 0 -1
    outer loop
      vertex 1 -10.6 0
      vertex 75 -9 0
      vertex 14 -10.6 0
    endloop
  endfacet
  facet normal 0 0 -1
    outer loop
      vertex -1 -10.6 0
      vertex 75 -9 0
      vertex 1 -10.6 0
    endloop
  endfacet
  facet normal 0 0 -1
    outer loop
      vertex -14 -10.6 0
      vertex -1 -10.6 0
      vertex -14 -16.6 0
    endloop
  endfacet
  facet normal 0 0 -1
    outer loop
      vertex -14 -10.6 0
      vertex 75 -9 0
      vertex -1 -10.6 0
    endloop
  endfacet
  facet normal 0 0 -1
    outer loop
      vertex -16 -10.6 0
      vertex 75 -9 0
      vertex -14 -10.6 0
    endloop
  endfacet
  facet normal 0 0 -1
    outer loop
      vertex -29 -10.6 0
      vertex -16 -10.6 0
      vertex -29 -16.6 0
    endloop
  endfacet
  facet normal 0 0 -1
    outer loop
      vertex -75 -9 0
      vertex -16 -10.6 0
      vertex -29 -10.6 0
    endloop
  endfacet
  facet normal 0 0 -1
    outer loop
      vertex -75 -9 0
      vertex -29 -10.6 0
      vertex -31 -10.6 0
    endloop
  endfacet
  facet normal 0 0 -1
    outer loop
      vertex -44 -10.6 0
      vertex -31 -10.6 0
      vertex -44 -16.6 0
    endloop
  endfacet
  facet normal 0 0 -1
    outer loop
      vertex -75 -9 0
      vertex -31 -10.6 0
      vertex -44 -10.6 0
    endloop
  endfacet
  facet normal 0 0 -1
    outer loop
      vertex -75 -9 0
      vertex -44 -10.6 0
      vertex -46 -10.6 0
    endloop
  endfacet
  facet normal 0 0 -1
    outer loop
      vertex -59 -10.6 0
      vertex -46 -10.6 0
      vertex -59 -16.6 0
    endloop
  endfacet
  facet normal 0 0 -1
    outer loop
      vertex -75 -9 0
      vertex -46 -10.6 0
      vertex -59 -10.6 0
    endloop
  endfacet
  facet normal 0 0 -1
    outer loop
      vertex -75 -9 0
      vertex -59 -10.6 0
      vertex -61 -10.6 0
    endloop
  endfacet
  facet normal 0 0 -1
    outer loop
      vertex -16 -10.6 0
      vertex -75 -9 0
      vertex 75 -9 0
    endloop
  endfacet
  facet normal 0 0 -1
    outer loop
      vertex -75 -9 0
      vertex -61 -10.6 0
      vertex -75 -16.6 0
    endloop
  endfacet
  facet normal 0 0 -1
    outer loop
      vertex 75 9 0
      vertex 61 10.6 0
      vertex 75 16.6 0
    endloop
  endfacet
  facet normal 0 0 -1
    outer loop
      vertex 75 9 0
      vertex 59 10.6 0
      vertex 61 10.6 0
    endloop
  endfacet
  facet normal 0 0 -1
    outer loop
      vertex 59 10.6 0
      vertex 46 10.6 0
      vertex 59 16.6 0
    endloop
  endfacet
  facet normal 0 0 -1
    outer loop
      vertex 75 9 0
      vertex 46 10.6 0
      vertex 59 10.6 0
    endloop
  endfacet
  facet normal 0 0 -1
    outer loop
      vertex 75 9 0
      vertex 44 10.6 0
      vertex 46 10.6 0
    endloop
  endfacet
  facet normal 0 0 -1
    outer loop
      vertex 44 10.6 0
      vertex 31 10.6 0
      vertex 44 16.6 0
    endloop
  endfacet
  facet normal 0 0 -1
    outer loop
      vertex 75 9 0
      vertex 31 10.6 0
      vertex 44 10.6 0
    endloop
  endfacet
  facet normal 0 0 -1
    outer loop
      vertex 75 9 0
      vertex 29 10.6 0
      vertex 31 10.6 0
    endloop
  endfacet
  facet normal 0 0 -1
    outer loop
      vertex 29 10.6 0
      vertex 16 10.6 0
      vertex 29 16.6 0
    endloop
  endfacet
  facet normal 0 0 -1
    outer loop
      vertex 75 9 0
      vertex 16 10.6 0
      vertex 29 10.6 0
    endloop
  endfacet
  facet normal 0 0 -1
    outer loop
      vertex 75 9 0
      vertex 14 10.6 0
      vertex 16 10.6 0
    endloop
  endfacet
  facet normal 0 0 -1
    outer loop
      vertex 14 10.6 0
      vertex 1 10.6 0
      vertex 14 16.6 0
    endloop
  endfacet
  facet normal 0 0 -1
    outer loop
      vertex 75 9 0
      vertex 1 10.6 0
      vertex 14 10.6 0
    endloop
  endfacet
  facet normal 0 0 -1
    outer loop
      vertex 75 9 0
      vertex -1 10.6 0
      vertex 1 10.6 0
    endloop
  endfacet
  facet normal 0 0 -1
    outer loop
      vertex -1 10.6 0
      vertex -14 10.6 0
      vertex -1 16.6 0
    endloop
  endfacet
  facet normal 0 0 -1
    outer loop
      vertex 75 9 0
      vertex -14 10.6 0
      vertex -1 10.6 0
    endloop
  endfacet
  facet normal 0 0 -1
    outer loop
      vertex 75 9 0
      vertex -16 10.6 0
      vertex -14 10.6 0
    endloop
  endfacet
  facet normal 0 0 -1
    outer loop
      vertex -16 10.6 0
      vertex -29 10.6 0
      vertex -16 16.6 0
    endloop
  endfacet
  facet normal 0 0 -1
    outer loop
      vertex -75 9 0
      vertex -16 10.6 0
      vertex 75 9 0
    endloop
  endfacet
  facet normal -0 0 -1
    outer loop
      vertex -16 10.6 0
      vertex -75 9 0
      vertex -29 10.6 0
    endloop
  endfacet
  facet normal 0 0 -1
    outer loop
      vertex -31 10.6 0
      vertex -44 10.6 0
      vertex -31 16.6 0
    endloop
  endfacet
  facet normal -0 0 -1
    outer loop
      vertex -29 10.6 0
      vertex -75 9 0
      vertex -31 10.6 0
    endloop
  endfacet
  facet normal -0 0 -1
    outer loop
      vertex -31 10.6 0
      vertex -75 9 0
      vertex -44 10.6 0
    endloop
  endfacet
  facet normal 0 0 -1
    outer loop
      vertex -46 10.6 0
      vertex -59 10.6 0
      vertex -46 16.6 0
    endloop
  endfacet
  facet normal -0 0 -1
    outer loop
      vertex -44 10.6 0
      vertex -75 9 0
      vertex -46 10.6 0
    endloop
  endfacet
  facet normal -0 0 -1
    outer loop
      vertex -46 10.6 0
      vertex -75 9 0
      vertex -59 10.6 0
    endloop
  endfacet
  facet normal -0 0 -1
    outer loop
      vertex -59 10.6 0
      vertex -75 9 0
      vertex -61 10.6 0
    endloop
  endfacet
  facet normal 0 0 -1
    outer loop
      vertex -75 16.6 0
      vertex -61 10.6 0
      vertex -75 9 0
    endloop
  endfacet
  facet normal 0 0 -1
    outer loop
      vertex -61 10.6 0
      vertex -75 16.6 0
      vertex -61 16.6 0
    endloop
  endfacet
  facet normal -0 0 -1
    outer loop
      vertex 75 16.6 0
      vertex 61 10.6 0
      vertex 61 16.6 0
    endloop
  endfacet
  facet normal -0 0 -1
    outer loop
      vertex 59 16.6 0
      vertex 46 10.6 0
      vertex 46 16.6 0
    endloop
  endfacet
  facet normal -0 0 -1
    outer loop
      vertex 44 16.6 0
      vertex 31 10.6 0
      vertex 31 16.6 0
    endloop
  endfacet
  facet normal -0 0 -1
    outer loop
      vertex 29 16.6 0
      vertex 16 10.6 0
      vertex 16 16.6 0
    endloop
  endfacet
  facet normal -0 0 -1
    outer loop
      vertex 14 16.6 0
      vertex 1 10.6 0
      vertex 1 16.6 0
    endloop
  endfacet
  facet normal -0 0 -1
    outer loop
      vertex -1 16.6 0
      vertex -14 10.6 0
      vertex -14 16.6 0
    endloop
  endfacet
  facet normal -0 0 -1
    outer loop
      vertex -16 16.6 0
      vertex -29 10.6 0
      vertex -29 16.6 0
    endloop
  endfacet
  facet normal -0 0 -1
    outer loop
      vertex -31 16.6 0
      vertex -44 10.6 0
      vertex -44 16.6 0
    endloop
  endfacet
  facet normal -0 0 -1
    outer loop
      vertex -46 16.6 0
      vertex -59 10.6 0
      vertex -59 16.6 0
    endloop
  endfacet
  facet normal 0 0.555528 0.831498
    outer loop
      vertex 72.0443 10.1607 2.96065
      vertex -71.7192 9.67401 3.28581
      vertex 71.7192 9.67401 3.28581
    endloop
  endfacet
  facet normal 0 0.555528 0.831498
    outer loop
      vertex -71.7192 9.67401 3.28581
      vertex 72.0443 10.1607 2.96065
      vertex -72.0443 10.1607 2.96065
    endloop
  endfacet
  facet normal 0 0.831519 0.555496
    outer loop
      vertex 72.531 10.4858 2.47401
      vertex -72.0443 10.1607 2.96065
      vertex 72.0443 10.1607 2.96065
    endloop
  endfacet
  facet normal 0 0.831519 0.555496
    outer loop
      vertex -72.0443 10.1607 2.96065
      vertex 72.531 10.4858 2.47401
      vertex -72.531 10.4858 2.47401
    endloop
  endfacet
  facet normal 0 0.980779 0.195124
    outer loop
      vertex 73.105 10.6 1.89999
      vertex -72.531 10.4858 2.47401
      vertex 72.531 10.4858 2.47401
    endloop
  endfacet
  facet normal 0 0.980779 0.195124
    outer loop
      vertex -72.531 10.4858 2.47401
      vertex 73.105 10.6 1.89999
      vertex -73.105 10.6 1.89999
    endloop
  endfacet
  facet normal 0 0 1
    outer loop
      vertex -49.1158 0.324524 3.39999
      vertex -50.3649 1.46581 3.39999
      vertex -50.3649 0.324524 3.39999
    endloop
  endfacet
  facet normal 0 0 1
    outer loop
      vertex -51.4168 0.79039 3.39999
      vertex -51.4385 -0.171082 3.39999
      vertex -51.3965 -0.258331 3.39999
    endloop
  endfacet
  facet normal 0 0 1
    outer loop
      vertex -51.4168 0.79039 3.39999
      vertex -51.4914 -0.0924072 3.39999
      vertex -51.4385 -0.171082 3.39999
    endloop
  endfacet
  facet normal 0 0 1
    outer loop
      vertex -51.4168 0.79039 3.39999
      vertex -51.5552 -0.0223236 3.39999
      vertex -51.4914 -0.0924072 3.39999
    endloop
  endfacet
  facet normal 0 0 1
    outer loop
      vertex -51.4168 0.79039 3.39999
      vertex -51.6326 0.0407257 3.39999
      vertex -51.5552 -0.0223236 3.39999
    endloop
  endfacet
  facet normal 0 0 1
    outer loop
      vertex -51.4168 0.79039 3.39999
      vertex -51.7265 0.0983582 3.39999
      vertex -51.6326 0.0407257 3.39999
    endloop
  endfacet
  facet normal 0 0 1
    outer loop
      vertex -51.4168 0.79039 3.39999
      vertex -51.8369 0.150574 3.39999
      vertex -51.7265 0.0983582 3.39999
    endloop
  endfacet
  facet normal -0 0 1
    outer loop
      vertex -51.9987 0.711044 3.39999
      vertex -51.8369 0.150574 3.39999
      vertex -51.4168 0.79039 3.39999
    endloop
  endfacet
  facet normal 0 0 1
    outer loop
      vertex -51.8369 0.150574 3.39999
      vertex -51.9987 0.711044 3.39999
      vertex -51.9817 0.201553 3.39999
    endloop
  endfacet
  facet normal 0 0 1
    outer loop
      vertex -52.4279 0.312302 3.39999
      vertex -51.9987 0.711044 3.39999
      vertex -52.0388 0.82428 3.39999
    endloop
  endfacet
  facet normal 0 0 1
    outer loop
      vertex -52.4279 0.312302 3.39999
      vertex -52.0388 0.82428 3.39999
      vertex -52.0995 0.917191 3.39999
    endloop
  endfacet
  facet normal 0 0 1
    outer loop
      vertex -51.9987 0.711044 3.39999
      vertex -52.1787 0.255463 3.39999
      vertex -51.9817 0.201553 3.39999
    endloop
  endfacet
  facet normal 0 0 1
    outer loop
      vertex -52.4279 0.312302 3.39999
      vertex -52.0995 0.917191 3.39999
      vertex -52.1807 0.989731 3.39999
    endloop
  endfacet
  facet normal 0 0 1
    outer loop
      vertex -52.4279 0.312302 3.39999
      vertex -52.1807 0.989731 3.39999
      vertex -52.2855 1.04173 3.39999
    endloop
  endfacet
  facet normal 0 0 1
    outer loop
      vertex -52.4279 0.312302 3.39999
      vertex -52.2855 1.04173 3.39999
      vertex -52.4167 1.07294 3.39999
    endloop
  endfacet
  facet normal 0 0 1
    outer loop
      vertex -51.9987 0.711044 3.39999
      vertex -52.4279 0.312302 3.39999
      vertex -52.1787 0.255463 3.39999
    endloop
  endfacet
  facet normal 0 0 1
    outer loop
      vertex -52.6338 0.359665 3.39999
      vertex -52.4167 1.07294 3.39999
      vertex -52.5744 1.08334 3.39999
    endloop
  endfacet
  facet normal 0 0 1
    outer loop
      vertex -52.4167 1.07294 3.39999
      vertex -52.6338 0.359665 3.39999
      vertex -52.4279 0.312302 3.39999
    endloop
  endfacet
  facet normal 0 0 1
    outer loop
      vertex -52.5744 1.08334 3.39999
      vertex -52.7878 0.401367 3.39999
      vertex -52.6338 0.359665 3.39999
    endloop
  endfacet
  facet normal -0 0 1
    outer loop
      vertex -52.8773 1.04536 3.39999
      vertex -52.7878 0.401367 3.39999
      vertex -52.5744 1.08334 3.39999
    endloop
  endfacet
  facet normal 0 0 1
    outer loop
      vertex -52.8773 1.04536 3.39999
      vertex -52.8897 0.437408 3.39999
      vertex -52.7878 0.401367 3.39999
    endloop
  endfacet
  facet normal 0 0 1
    outer loop
      vertex -52.8773 1.04536 3.39999
      vertex -52.9594 0.473022 3.39999
      vertex -52.8897 0.437408 3.39999
    endloop
  endfacet
  facet normal 0 0 1
    outer loop
      vertex -52.8773 1.04536 3.39999
      vertex -53.0168 0.513367 3.39999
      vertex -52.9594 0.473022 3.39999
    endloop
  endfacet
  facet normal 0 0 1
    outer loop
      vertex -53.1196 0.741577 3.39999
      vertex -52.8773 1.04536 3.39999
      vertex -53.059 0.931442 3.39999
    endloop
  endfacet
  facet normal 0 0 1
    outer loop
      vertex -52.8773 1.04536 3.39999
      vertex -53.1196 0.741577 3.39999
      vertex -53.0168 0.513367 3.39999
    endloop
  endfacet
  facet normal -0 -0 1
    outer loop
      vertex -53.1131 0.671494 3.39999
      vertex -53.0168 0.513367 3.39999
      vertex -53.1196 0.741577 3.39999
    endloop
  endfacet
  facet normal 0 0 1
    outer loop
      vertex -53.0168 0.513367 3.39999
      vertex -53.1131 0.671494 3.39999
      vertex -53.0616 0.558456 3.39999
    endloop
  endfacet
  facet normal 0 0 1
    outer loop
      vertex -53.0616 0.558456 3.39999
      vertex -53.1131 0.671494 3.39999
      vertex -53.0938 0.610458 3.39999
    endloop
  endfacet
  facet normal 0 0 1
    outer loop
      vertex -51.9976 -0.407852 3.39999
      vertex -51.9334 -0.532623 3.39999
      vertex -51.9575 -0.465485 3.39999
    endloop
  endfacet
  facet normal 0 0 1
    outer loop
      vertex -51.9334 -0.532623 3.39999
      vertex -51.9976 -0.407852 3.39999
      vertex -51.9254 -0.609253 3.39999
    endloop
  endfacet
  facet normal 0 0 1
    outer loop
      vertex -52.0523 -0.357895 3.39999
      vertex -51.9254 -0.609253 3.39999
      vertex -51.9976 -0.407852 3.39999
    endloop
  endfacet
  facet normal 0 0 1
    outer loop
      vertex -51.9254 -0.609253 3.39999
      vertex -52.0523 -0.357895 3.39999
      vertex -51.9953 -0.821732 3.39999
    endloop
  endfacet
  facet normal 0 0 1
    outer loop
      vertex -52.2048 -0.949219 3.39999
      vertex -52.0523 -0.357895 3.39999
      vertex -52.1201 -0.313812 3.39999
    endloop
  endfacet
  facet normal 0 0 1
    outer loop
      vertex -52.2048 -0.949219 3.39999
      vertex -52.1201 -0.313812 3.39999
      vertex -52.2011 -0.27562 3.39999
    endloop
  endfacet
  facet normal 0 0 1
    outer loop
      vertex -52.0523 -0.357895 3.39999
      vertex -52.2048 -0.949219 3.39999
      vertex -51.9953 -0.821732 3.39999
    endloop
  endfacet
  facet normal 0 0 1
    outer loop
      vertex -52.3153 -0.237869 3.39999
      vertex -52.2048 -0.949219 3.39999
      vertex -52.2011 -0.27562 3.39999
    endloop
  endfacet
  facet normal 0 0 1
    outer loop
      vertex -52.554 -0.991714 3.39999
      vertex -52.3153 -0.237869 3.39999
      vertex -52.4832 -0.195145 3.39999
    endloop
  endfacet
  facet normal 0 0 1
    outer loop
      vertex -52.3153 -0.237869 3.39999
      vertex -52.554 -0.991714 3.39999
      vertex -52.2048 -0.949219 3.39999
    endloop
  endfacet
  facet normal 0 0 1
    outer loop
      vertex -52.7414 -0.980301 3.39999
      vertex -52.4832 -0.195145 3.39999
      vertex -52.7046 -0.14743 3.39999
    endloop
  endfacet
  facet normal 0 0 1
    outer loop
      vertex -52.4832 -0.195145 3.39999
      vertex -52.7414 -0.980301 3.39999
      vertex -52.554 -0.991714 3.39999
    endloop
  endfacet
  facet normal 0 0 1
    outer loop
      vertex -53.2579 -0.558395 3.39999
      vertex -52.7046 -0.14743 3.39999
      vertex -52.8972 -0.100525 3.39999
    endloop
  endfacet
  facet normal 0 0 1
    outer loop
      vertex -52.7046 -0.14743 3.39999
      vertex -52.8994 -0.94606 3.39999
      vertex -52.7414 -0.980301 3.39999
    endloop
  endfacet
  facet normal 0 0 1
    outer loop
      vertex -52.7046 -0.14743 3.39999
      vertex -53.028 -0.888992 3.39999
      vertex -52.8994 -0.94606 3.39999
    endloop
  endfacet
  facet normal 0 0 1
    outer loop
      vertex -53.2579 -0.558395 3.39999
      vertex -52.8972 -0.100525 3.39999
      vertex -53.0464 -0.0601807 3.39999
    endloop
  endfacet
  facet normal 0 0 1
    outer loop
      vertex -52.7046 -0.14743 3.39999
      vertex -53.2062 -0.696396 3.39999
      vertex -53.1295 -0.806595 3.39999
    endloop
  endfacet
  facet normal 0 0 1
    outer loop
      vertex -53.2579 -0.558395 3.39999
      vertex -53.0464 -0.0601807 3.39999
      vertex -53.1522 -0.026413 3.39999
    endloop
  endfacet
  facet normal 0 0 1
    outer loop
      vertex -52.7046 -0.14743 3.39999
      vertex -53.2579 -0.558395 3.39999
      vertex -53.2062 -0.696396 3.39999
    endloop
  endfacet
  facet normal 0 0 1
    outer loop
      vertex -53.2579 -0.558395 3.39999
      vertex -53.1522 -0.026413 3.39999
      vertex -53.2335 0.00590515 3.39999
    endloop
  endfacet
  facet normal 0 0 1
    outer loop
      vertex -52.7046 -0.14743 3.39999
      vertex -53.1295 -0.806595 3.39999
      vertex -53.028 -0.888992 3.39999
    endloop
  endfacet
  facet normal 0 0 1
    outer loop
      vertex -53.3095 0.0418396 3.39999
      vertex -53.2579 -0.558395 3.39999
      vertex -53.2335 0.00590515 3.39999
    endloop
  endfacet
  facet normal 0 0 1
    outer loop
      vertex -53.38 0.0813904 3.39999
      vertex -53.2579 -0.558395 3.39999
      vertex -53.3095 0.0418396 3.39999
    endloop
  endfacet
  facet normal 0 0 1
    outer loop
      vertex -53.8377 -0.654007 3.39999
      vertex -53.38 0.0813904 3.39999
      vertex -53.4444 0.125595 3.39999
    endloop
  endfacet
  facet normal 0 0 1
    outer loop
      vertex -53.8377 -0.654007 3.39999
      vertex -53.4444 0.125595 3.39999
      vertex -53.5021 0.175446 3.39999
    endloop
  endfacet
  facet normal 0 0 1
    outer loop
      vertex -53.8377 -0.654007 3.39999
      vertex -53.5021 0.175446 3.39999
      vertex -53.5529 0.230942 3.39999
    endloop
  endfacet
  facet normal 0 0 1
    outer loop
      vertex -53.8377 -0.654007 3.39999
      vertex -53.5529 0.230942 3.39999
      vertex -53.5969 0.292664 3.39999
    endloop
  endfacet
  facet normal 0 0 1
    outer loop
      vertex -53.8377 -0.654007 3.39999
      vertex -53.5969 0.292664 3.39999
      vertex -53.6338 0.361145 3.39999
    endloop
  endfacet
  facet normal 0 0 1
    outer loop
      vertex -53.38 0.0813904 3.39999
      vertex -53.8377 -0.654007 3.39999
      vertex -53.2579 -0.558395 3.39999
    endloop
  endfacet
  facet normal 0 0 1
    outer loop
      vertex -53.6638 0.436417 3.39999
      vertex -53.8377 -0.654007 3.39999
      vertex -53.6338 0.361145 3.39999
    endloop
  endfacet
  facet normal 0 0 1
    outer loop
      vertex -53.6858 0.518921 3.39999
      vertex -53.8377 -0.654007 3.39999
      vertex -53.6638 0.436417 3.39999
    endloop
  endfacet
  facet normal 0 0 1
    outer loop
      vertex -54.6104 -1.40062 3.39999
      vertex -53.6858 0.518921 3.39999
      vertex -53.699 0.609116 3.39999
    endloop
  endfacet
  facet normal 0 0 1
    outer loop
      vertex -54.6104 -1.40062 3.39999
      vertex -53.699 0.609116 3.39999
      vertex -53.7034 0.706985 3.39999
    endloop
  endfacet
  facet normal 0 0 1
    outer loop
      vertex -49.1158 -0.171844 3.39999
      vertex -50.3649 -0.171844 3.39999
      vertex -49.1158 -1.40062 3.39999
    endloop
  endfacet
  facet normal -0 0 1
    outer loop
      vertex -46.2959 1.00198 3.39999
      vertex -44.8291 0.114975 3.39999
      vertex -44.7823 1.00198 3.39999
    endloop
  endfacet
  facet normal 0 0 1
    outer loop
      vertex -44.8291 0.114975 3.39999
      vertex -46.2959 1.00198 3.39999
      vertex -46.2959 0.114975 3.39999
    endloop
  endfacet
  facet normal 0 0 1
    outer loop
      vertex 71.605 9.09999 3.39999
      vertex -39.0803 -0.62146 3.39999
      vertex 71.605 -9.09999 3.39999
    endloop
  endfacet
  facet normal 0 0 1
    outer loop
      vertex 71.605 9.09999 3.39999
      vertex -39.1169 0.711044 3.39999
      vertex -39.0803 -0.62146 3.39999
    endloop
  endfacet
  facet normal 0 0 1
    outer loop
      vertex 71.605 9.09999 3.39999
      vertex -39.2234 0.95166 3.39999
      vertex -39.1169 0.711044 3.39999
    endloop
  endfacet
  facet normal 0 0 1
    outer loop
      vertex 71.605 9.09999 3.39999
      vertex -39.3719 1.15001 3.39999
      vertex -39.2234 0.95166 3.39999
    endloop
  endfacet
  facet normal 0 0 1
    outer loop
      vertex 71.605 9.09999 3.39999
      vertex -39.5625 1.30609 3.39999
      vertex -39.3719 1.15001 3.39999
    endloop
  endfacet
  facet normal 0 0 1
    outer loop
      vertex 71.605 9.09999 3.39999
      vertex -39.7948 1.41855 3.39999
      vertex -39.5625 1.30609 3.39999
    endloop
  endfacet
  facet normal 0 0 1
    outer loop
      vertex 71.605 9.09999 3.39999
      vertex -40.0688 1.48604 3.39999
      vertex -39.7948 1.41855 3.39999
    endloop
  endfacet
  facet normal -0 0 1
    outer loop
      vertex -71.605 9.09999 3.39999
      vertex -40.0688 1.48604 3.39999
      vertex 71.605 9.09999 3.39999
    endloop
  endfacet
  facet normal 0 0 1
    outer loop
      vertex -42.0667 0.380569 3.39999
      vertex -41.7639 0.480042 3.39999
      vertex -42.0527 0.558456 3.39999
    endloop
  endfacet
  facet normal 0 0 1
    outer loop
      vertex -41.6425 0.841476 3.39999
      vertex -42.0527 0.558456 3.39999
      vertex -41.7639 0.480042 3.39999
    endloop
  endfacet
  facet normal -0 0 1
    outer loop
      vertex -42.1761 1.049 3.39999
      vertex -41.6425 0.841476 3.39999
      vertex -41.4402 1.13014 3.39999
    endloop
  endfacet
  facet normal 0 0 1
    outer loop
      vertex -41.6425 0.841476 3.39999
      vertex -42.0835 0.825546 3.39999
      vertex -42.0527 0.558456 3.39999
    endloop
  endfacet
  facet normal -0 0 1
    outer loop
      vertex -42.3304 1.22881 3.39999
      vertex -41.4402 1.13014 3.39999
      vertex -41.161 1.34035 3.39999
    endloop
  endfacet
  facet normal 0 0 1
    outer loop
      vertex -41.6425 0.841476 3.39999
      vertex -42.1761 1.049 3.39999
      vertex -42.0835 0.825546 3.39999
    endloop
  endfacet
  facet normal -0 0 1
    outer loop
      vertex -42.5418 1.36047 3.39999
      vertex -41.161 1.34035 3.39999
      vertex -40.8091 1.46648 3.39999
    endloop
  endfacet
  facet normal 0 0 1
    outer loop
      vertex -41.4402 1.13014 3.39999
      vertex -42.3304 1.22881 3.39999
      vertex -42.1761 1.049 3.39999
    endloop
  endfacet
  facet normal 0 0 1
    outer loop
      vertex -41.161 1.34035 3.39999
      vertex -42.5418 1.36047 3.39999
      vertex -42.3304 1.22881 3.39999
    endloop
  endfacet
  facet normal 0 0 1
    outer loop
      vertex -43.1228 1.46581 3.39999
      vertex -40.8091 1.46648 3.39999
      vertex -40.3844 1.50853 3.39999
    endloop
  endfacet
  facet normal 0 0 1
    outer loop
      vertex -40.8091 1.46648 3.39999
      vertex -42.806 1.43947 3.39999
      vertex -42.5418 1.36047 3.39999
    endloop
  endfacet
  facet normal 0 0 1
    outer loop
      vertex -40.0688 1.48604 3.39999
      vertex -71.605 9.09999 3.39999
      vertex -40.3844 1.50853 3.39999
    endloop
  endfacet
  facet normal 0 -0 1
    outer loop
      vertex -43.1228 1.46581 3.39999
      vertex -40.3844 1.50853 3.39999
      vertex -71.605 9.09999 3.39999
    endloop
  endfacet
  facet normal 0 0 1
    outer loop
      vertex -40.8091 1.46648 3.39999
      vertex -43.1228 1.46581 3.39999
      vertex -42.806 1.43947 3.39999
    endloop
  endfacet
  facet normal 0 0 1
    outer loop
      vertex -44.7823 1.00198 3.39999
      vertex -44.4105 1.46581 3.39999
      vertex -44.7823 1.46581 3.39999
    endloop
  endfacet
  facet normal 0 0 1
    outer loop
      vertex -43.1228 1.46581 3.39999
      vertex -71.605 9.09999 3.39999
      vertex -44.4105 1.46581 3.39999
    endloop
  endfacet
  facet normal 0 0 1
    outer loop
      vertex -44.4105 1.46581 3.39999
      vertex -71.605 9.09999 3.39999
      vertex -44.7823 1.46581 3.39999
    endloop
  endfacet
  facet normal 0 0 1
    outer loop
      vertex -46.896 1.46581 3.39999
      vertex -48.5157 1.46581 3.39999
      vertex -46.896 -1.40062 3.39999
    endloop
  endfacet
  facet normal 0 0 1
    outer loop
      vertex -44.7823 1.46581 3.39999
      vertex -71.605 9.09999 3.39999
      vertex -46.896 1.46581 3.39999
    endloop
  endfacet
  facet normal 0 0 1
    outer loop
      vertex -46.896 1.46581 3.39999
      vertex -71.605 9.09999 3.39999
      vertex -48.5157 1.46581 3.39999
    endloop
  endfacet
  facet normal 0 0 1
    outer loop
      vertex -49.1158 1.46581 3.39999
      vertex -50.3649 1.46581 3.39999
      vertex -49.1158 0.324524 3.39999
    endloop
  endfacet
  facet normal 0 0 1
    outer loop
      vertex -48.5157 1.46581 3.39999
      vertex -71.605 9.09999 3.39999
      vertex -49.1158 1.46581 3.39999
    endloop
  endfacet
  facet normal 0 0 1
    outer loop
      vertex -49.1158 1.46581 3.39999
      vertex -71.605 9.09999 3.39999
      vertex -50.3649 1.46581 3.39999
    endloop
  endfacet
  facet normal -0 0 1
    outer loop
      vertex -51.3476 -0.459946 3.39999
      vertex -50.965 -1.40062 3.39999
      vertex -50.965 1.46581 3.39999
    endloop
  endfacet
  facet normal 0 0 1
    outer loop
      vertex -50.965 -1.40062 3.39999
      vertex -51.3476 -0.459946 3.39999
      vertex -51.3415 -0.574661 3.39999
    endloop
  endfacet
  facet normal 0 0 1
    outer loop
      vertex -50.965 1.46581 3.39999
      vertex -51.366 -0.354507 3.39999
      vertex -51.3476 -0.459946 3.39999
    endloop
  endfacet
  facet normal 0 0 1
    outer loop
      vertex -50.965 1.46581 3.39999
      vertex -51.3965 -0.258331 3.39999
      vertex -51.366 -0.354507 3.39999
    endloop
  endfacet
  facet normal 0 0 1
    outer loop
      vertex -50.965 1.46581 3.39999
      vertex -51.4168 0.79039 3.39999
      vertex -51.3965 -0.258331 3.39999
    endloop
  endfacet
  facet normal 0 0 1
    outer loop
      vertex -50.965 1.46581 3.39999
      vertex -51.4895 1.02254 3.39999
      vertex -51.4168 0.79039 3.39999
    endloop
  endfacet
  facet normal 0 0 1
    outer loop
      vertex -50.965 1.46581 3.39999
      vertex -51.6044 1.20631 3.39999
      vertex -51.4895 1.02254 3.39999
    endloop
  endfacet
  facet normal 0 0 1
    outer loop
      vertex -50.965 1.46581 3.39999
      vertex -51.7617 1.34169 3.39999
      vertex -51.6044 1.20631 3.39999
    endloop
  endfacet
  facet normal 0 0 1
    outer loop
      vertex -50.965 1.46581 3.39999
      vertex -51.9695 1.43439 3.39999
      vertex -51.7617 1.34169 3.39999
    endloop
  endfacet
  facet normal 0 0 1
    outer loop
      vertex -50.3649 1.46581 3.39999
      vertex -71.605 9.09999 3.39999
      vertex -50.965 1.46581 3.39999
    endloop
  endfacet
  facet normal -0 -0 1
    outer loop
      vertex -52.5622 1.50853 3.39999
      vertex -50.965 1.46581 3.39999
      vertex -71.605 9.09999 3.39999
    endloop
  endfacet
  facet normal 0 0 1
    outer loop
      vertex -50.965 1.46581 3.39999
      vertex -52.2363 1.48999 3.39999
      vertex -51.9695 1.43439 3.39999
    endloop
  endfacet
  facet normal 0 0 1
    outer loop
      vertex -54.6104 -1.40062 3.39999
      vertex -53.7034 0.706985 3.39999
      vertex -53.8699 1.46581 3.39999
    endloop
  endfacet
  facet normal 0 0 1
    outer loop
      vertex -53.671 0.945801 3.39999
      vertex -53.8699 1.46581 3.39999
      vertex -53.7034 0.706985 3.39999
    endloop
  endfacet
  facet normal 0 0 1
    outer loop
      vertex -53.5737 1.14415 3.39999
      vertex -53.8699 1.46581 3.39999
      vertex -53.671 0.945801 3.39999
    endloop
  endfacet
  facet normal 0 0 1
    outer loop
      vertex -53.4115 1.30203 3.39999
      vertex -53.8699 1.46581 3.39999
      vertex -53.5737 1.14415 3.39999
    endloop
  endfacet
  facet normal 0 0 1
    outer loop
      vertex -53.1874 1.41675 3.39999
      vertex -53.8699 1.46581 3.39999
      vertex -53.4115 1.30203 3.39999
    endloop
  endfacet
  facet normal 0 0 1
    outer loop
      vertex -52.9043 1.48558 3.39999
      vertex -53.8699 1.46581 3.39999
      vertex -53.1874 1.41675 3.39999
    endloop
  endfacet
  facet normal 0 0 1
    outer loop
      vertex -52.5622 1.50853 3.39999
      vertex -53.8699 1.46581 3.39999
      vertex -52.9043 1.48558 3.39999
    endloop
  endfacet
  facet normal 0 0 1
    outer loop
      vertex -50.965 1.46581 3.39999
      vertex -52.5622 1.50853 3.39999
      vertex -52.2363 1.48999 3.39999
    endloop
  endfacet
  facet normal 0 0 1
    outer loop
      vertex -52.5622 1.50853 3.39999
      vertex -71.605 9.09999 3.39999
      vertex -53.8699 1.46581 3.39999
    endloop
  endfacet
  facet normal -0 0 1
    outer loop
      vertex -55.1271 -0.0599823 3.39999
      vertex -54.824 -0.12912 3.39999
      vertex -54.4782 1.46581 3.39999
    endloop
  endfacet
  facet normal 0 0 1
    outer loop
      vertex -54.9318 -0.597031 3.39999
      vertex -55.0439 -0.479492 3.39999
      vertex -54.9827 -0.833023 3.39999
    endloop
  endfacet
  facet normal 0 -0 1
    outer loop
      vertex -55.0439 -0.479492 3.39999
      vertex -54.824 -0.12912 3.39999
      vertex -55.0921 -0.221817 3.39999
    endloop
  endfacet
  facet normal 0 0 1
    outer loop
      vertex -54.824 -0.12912 3.39999
      vertex -55.0439 -0.479492 3.39999
      vertex -54.9318 -0.597031 3.39999
    endloop
  endfacet
  facet normal 0 0 1
    outer loop
      vertex -54.824 -0.12912 3.39999
      vertex -55.1271 -0.0599823 3.39999
      vertex -55.0921 -0.221817 3.39999
    endloop
  endfacet
  facet normal 0 0 1
    outer loop
      vertex -54.4782 1.46581 3.39999
      vertex -55.4893 1.46581 3.39999
      vertex -55.1271 -0.0599823 3.39999
    endloop
  endfacet
  facet normal 0 0 1
    outer loop
      vertex -53.8699 1.46581 3.39999
      vertex -71.605 9.09999 3.39999
      vertex -54.4782 1.46581 3.39999
    endloop
  endfacet
  facet normal 0 0 1
    outer loop
      vertex -54.4782 1.46581 3.39999
      vertex -71.605 9.09999 3.39999
      vertex -55.4893 1.46581 3.39999
    endloop
  endfacet
  facet normal 0 0 1
    outer loop
      vertex -56.6397 -0.647324 3.39999
      vertex -56.7709 -0.385483 3.39999
      vertex -56.6773 -0.833023 3.39999
    endloop
  endfacet
  facet normal 0 0 1
    outer loop
      vertex -56.6028 -0.467285 3.39999
      vertex -56.7709 -0.385483 3.39999
      vertex -56.6397 -0.647324 3.39999
    endloop
  endfacet
  facet normal 0 0 1
    outer loop
      vertex -56.5665 -0.292892 3.39999
      vertex -56.7709 -0.385483 3.39999
      vertex -56.6028 -0.467285 3.39999
    endloop
  endfacet
  facet normal 0 0 1
    outer loop
      vertex -56.4974 0.0168762 3.39999
      vertex -56.7709 -0.385483 3.39999
      vertex -56.5665 -0.292892 3.39999
    endloop
  endfacet
  facet normal 0 0 1
    outer loop
      vertex -57.1859 1.46581 3.39999
      vertex -56.4974 0.0168762 3.39999
      vertex -56.3621 0.603119 3.39999
    endloop
  endfacet
  facet normal -0 0 1
    outer loop
      vertex -57.1859 1.46581 3.39999
      vertex -56.3621 0.603119 3.39999
      vertex -56.1606 1.46581 3.39999
    endloop
  endfacet
  facet normal 0 0 1
    outer loop
      vertex -56.4974 0.0168762 3.39999
      vertex -57.1859 1.46581 3.39999
      vertex -56.7709 -0.385483 3.39999
    endloop
  endfacet
  facet normal 0 0 1
    outer loop
      vertex -55.4893 1.46581 3.39999
      vertex -71.605 9.09999 3.39999
      vertex -56.1606 1.46581 3.39999
    endloop
  endfacet
  facet normal 0 0 1
    outer loop
      vertex -56.1606 1.46581 3.39999
      vertex -71.605 9.09999 3.39999
      vertex -57.1859 1.46581 3.39999
    endloop
  endfacet
  facet normal 0 0 1
    outer loop
      vertex -57.0557 -1.40062 3.39999
      vertex -57.9401 0.467834 3.39999
      vertex -57.8975 0.0458221 3.39999
    endloop
  endfacet
  facet normal 0 0 1
    outer loop
      vertex -57.7942 1.46581 3.39999
      vertex -58.0679 0.825211 3.39999
      vertex -57.9401 0.467834 3.39999
    endloop
  endfacet
  facet normal 0 0 1
    outer loop
      vertex -57.7942 1.46581 3.39999
      vertex -58.281 1.11792 3.39999
      vertex -58.0679 0.825211 3.39999
    endloop
  endfacet
  facet normal 0 0 1
    outer loop
      vertex -57.7942 1.46581 3.39999
      vertex -58.5697 1.33493 3.39999
      vertex -58.281 1.11792 3.39999
    endloop
  endfacet
  facet normal 0 0 1
    outer loop
      vertex -57.7942 1.46581 3.39999
      vertex -58.9247 1.46513 3.39999
      vertex -58.5697 1.33493 3.39999
    endloop
  endfacet
  facet normal 0 0 1
    outer loop
      vertex -57.1859 1.46581 3.39999
      vertex -71.605 9.09999 3.39999
      vertex -57.7942 1.46581 3.39999
    endloop
  endfacet
  facet normal -0 -0 1
    outer loop
      vertex -59.3459 1.50853 3.39999
      vertex -57.7942 1.46581 3.39999
      vertex -71.605 9.09999 3.39999
    endloop
  endfacet
  facet normal 0 0 1
    outer loop
      vertex -60.7499 0.471893 3.39999
      vertex -71.605 9.09999 3.39999
      vertex -60.7924 0.0458221 3.39999
    endloop
  endfacet
  facet normal 0 0 1
    outer loop
      vertex -60.6224 0.830612 3.39999
      vertex -71.605 9.09999 3.39999
      vertex -60.7499 0.471893 3.39999
    endloop
  endfacet
  facet normal 0 0 1
    outer loop
      vertex -60.4099 1.12198 3.39999
      vertex -71.605 9.09999 3.39999
      vertex -60.6224 0.830612 3.39999
    endloop
  endfacet
  facet normal 0 0 1
    outer loop
      vertex -60.1217 1.33673 3.39999
      vertex -71.605 9.09999 3.39999
      vertex -60.4099 1.12198 3.39999
    endloop
  endfacet
  facet normal 0 0 1
    outer loop
      vertex -59.7671 1.46558 3.39999
      vertex -71.605 9.09999 3.39999
      vertex -60.1217 1.33673 3.39999
    endloop
  endfacet
  facet normal 0 0 1
    outer loop
      vertex -59.3459 1.50853 3.39999
      vertex -71.605 9.09999 3.39999
      vertex -59.7671 1.46558 3.39999
    endloop
  endfacet
  facet normal 0 0 1
    outer loop
      vertex -57.7942 1.46581 3.39999
      vertex -59.3459 1.50853 3.39999
      vertex -58.9247 1.46513 3.39999
    endloop
  endfacet
  facet normal -0 0 1
    outer loop
      vertex -39.2104 -0.874512 3.39999
      vertex 71.605 -9.09999 3.39999
      vertex -39.0803 -0.62146 3.39999
    endloop
  endfacet
  facet normal -0 0 1
    outer loop
      vertex -39.3755 -1.08032 3.39999
      vertex 71.605 -9.09999 3.39999
      vertex -39.2104 -0.874512 3.39999
    endloop
  endfacet
  facet normal -0 0 1
    outer loop
      vertex -39.5757 -1.23889 3.39999
      vertex 71.605 -9.09999 3.39999
      vertex -39.3755 -1.08032 3.39999
    endloop
  endfacet
  facet normal -0 0 1
    outer loop
      vertex -39.8077 -1.35133 3.39999
      vertex 71.605 -9.09999 3.39999
      vertex -39.5757 -1.23889 3.39999
    endloop
  endfacet
  facet normal -0 0 1
    outer loop
      vertex -40.0685 -1.41881 3.39999
      vertex 71.605 -9.09999 3.39999
      vertex -39.8077 -1.35133 3.39999
    endloop
  endfacet
  facet normal 0 0 1
    outer loop
      vertex -71.605 -9.09999 3.39999
      vertex -40.0685 -1.41881 3.39999
      vertex -40.3579 -1.4413 3.39999
    endloop
  endfacet
  facet normal 0 0 1
    outer loop
      vertex -41.7639 0.480042 3.39999
      vertex -42.0667 0.380569 3.39999
      vertex -41.8044 0.0458221 3.39999
    endloop
  endfacet
  facet normal -0 0 1
    outer loop
      vertex -42.1087 0.21579 3.39999
      vertex -41.8044 0.0458221 3.39999
      vertex -42.0667 0.380569 3.39999
    endloop
  endfacet
  facet normal -0 0 1
    outer loop
      vertex -42.1788 0.0641174 3.39999
      vertex -41.8044 0.0458221 3.39999
      vertex -42.1087 0.21579 3.39999
    endloop
  endfacet
  facet normal 0 0 1
    outer loop
      vertex -42.275 -0.0700226 3.39999
      vertex -41.8044 0.0458221 3.39999
      vertex -42.1788 0.0641174 3.39999
    endloop
  endfacet
  facet normal 0 0 1
    outer loop
      vertex -41.8044 0.0458221 3.39999
      vertex -42.275 -0.0700226 3.39999
      vertex -41.7624 -0.388733 3.39999
    endloop
  endfacet
  facet normal -0 0 1
    outer loop
      vertex -42.3954 -0.182251 3.39999
      vertex -41.7624 -0.388733 3.39999
      vertex -42.275 -0.0700226 3.39999
    endloop
  endfacet
  facet normal -0 0 1
    outer loop
      vertex -42.5399 -0.272552 3.39999
      vertex -41.7624 -0.388733 3.39999
      vertex -42.3954 -0.182251 3.39999
    endloop
  endfacet
  facet normal 0 0 1
    outer loop
      vertex -41.7624 -0.388733 3.39999
      vertex -42.5399 -0.272552 3.39999
      vertex -41.6366 -0.753906 3.39999
    endloop
  endfacet
  facet normal -0 0 1
    outer loop
      vertex -42.7064 -0.338669 3.39999
      vertex -41.6366 -0.753906 3.39999
      vertex -42.5399 -0.272552 3.39999
    endloop
  endfacet
  facet normal -0 0 1
    outer loop
      vertex -42.8925 -0.378342 3.39999
      vertex -41.6366 -0.753906 3.39999
      vertex -42.7064 -0.338669 3.39999
    endloop
  endfacet
  facet normal 0 0 1
    outer loop
      vertex -43.8104 -1.40062 3.39999
      vertex -41.6366 -0.753906 3.39999
      vertex -42.8925 -0.378342 3.39999
    endloop
  endfacet
  facet normal 0 0 1
    outer loop
      vertex -41.6366 -0.753906 3.39999
      vertex -43.8104 -1.40062 3.39999
      vertex -41.427 -1.04968 3.39999
    endloop
  endfacet
  facet normal 0 0 1
    outer loop
      vertex -43.8104 -1.40062 3.39999
      vertex -42.8925 -0.378342 3.39999
      vertex -43.0984 -0.391571 3.39999
    endloop
  endfacet
  facet normal 0 0 1
    outer loop
      vertex -43.8104 -1.40062 3.39999
      vertex -43.0984 -0.391571 3.39999
      vertex -43.8104 -0.391571 3.39999
    endloop
  endfacet
  facet normal 0 0 1
    outer loop
      vertex -41.427 -1.04968 3.39999
      vertex -43.8104 -1.40062 3.39999
      vertex -41.1405 -1.26724 3.39999
    endloop
  endfacet
  facet normal 0 0 1
    outer loop
      vertex -41.1405 -1.26724 3.39999
      vertex -43.8104 -1.40062 3.39999
      vertex -40.7841 -1.39778 3.39999
    endloop
  endfacet
  facet normal -0 0 1
    outer loop
      vertex -43.8104 -1.40062 3.39999
      vertex -40.3579 -1.4413 3.39999
      vertex -40.7841 -1.39778 3.39999
    endloop
  endfacet
  facet normal 0 0 1
    outer loop
      vertex -71.605 -9.09999 3.39999
      vertex -40.3579 -1.4413 3.39999
      vertex -43.8104 -1.40062 3.39999
    endloop
  endfacet
  facet normal 0 0 1
    outer loop
      vertex -71.605 -9.09999 3.39999
      vertex -43.8104 -1.40062 3.39999
      vertex -44.4105 -1.40062 3.39999
    endloop
  endfacet
  facet normal 0 0 1
    outer loop
      vertex -44.8291 0.114975 3.39999
      vertex -44.4105 1.46581 3.39999
      vertex -44.7823 1.00198 3.39999
    endloop
  endfacet
  facet normal 0 0 1
    outer loop
      vertex -44.4105 1.46581 3.39999
      vertex -44.8291 0.114975 3.39999
      vertex -44.4105 -1.40062 3.39999
    endloop
  endfacet
  facet normal -0 0 1
    outer loop
      vertex -44.8291 -0.348846 3.39999
      vertex -44.4105 -1.40062 3.39999
      vertex -44.8291 0.114975 3.39999
    endloop
  endfacet
  facet normal 0 0 1
    outer loop
      vertex -46.2959 -1.40062 3.39999
      vertex -44.8291 -0.348846 3.39999
      vertex -46.2959 -0.348846 3.39999
    endloop
  endfacet
  facet normal 0 0 1
    outer loop
      vertex -44.8291 -0.348846 3.39999
      vertex -46.2959 -1.40062 3.39999
      vertex -44.4105 -1.40062 3.39999
    endloop
  endfacet
  facet normal 0 0 1
    outer loop
      vertex -71.605 -9.09999 3.39999
      vertex -44.4105 -1.40062 3.39999
      vertex -46.2959 -1.40062 3.39999
    endloop
  endfacet
  facet normal 0 0 1
    outer loop
      vertex -71.605 -9.09999 3.39999
      vertex -46.2959 -1.40062 3.39999
      vertex -46.896 -1.40062 3.39999
    endloop
  endfacet
  facet normal 0 0 1
    outer loop
      vertex -48.5157 -1.40062 3.39999
      vertex -46.896 -1.40062 3.39999
      vertex -48.5157 1.46581 3.39999
    endloop
  endfacet
  facet normal 0 0 1
    outer loop
      vertex -71.605 -9.09999 3.39999
      vertex -46.896 -1.40062 3.39999
      vertex -48.5157 -1.40062 3.39999
    endloop
  endfacet
  facet normal 0 0 1
    outer loop
      vertex -71.605 -9.09999 3.39999
      vertex -48.5157 -1.40062 3.39999
      vertex -49.1158 -1.40062 3.39999
    endloop
  endfacet
  facet normal 0 0 1
    outer loop
      vertex -50.3649 -1.40062 3.39999
      vertex -49.1158 -1.40062 3.39999
      vertex -50.3649 -0.171844 3.39999
    endloop
  endfacet
  facet normal 0 0 1
    outer loop
      vertex -71.605 -9.09999 3.39999
      vertex -49.1158 -1.40062 3.39999
      vertex -50.3649 -1.40062 3.39999
    endloop
  endfacet
  facet normal 0 0 1
    outer loop
      vertex -71.605 -9.09999 3.39999
      vertex -50.3649 -1.40062 3.39999
      vertex -50.965 -1.40062 3.39999
    endloop
  endfacet
  facet normal -0 0 1
    outer loop
      vertex -51.3762 -0.833359 3.39999
      vertex -50.965 -1.40062 3.39999
      vertex -51.3415 -0.574661 3.39999
    endloop
  endfacet
  facet normal -0 0 1
    outer loop
      vertex -51.4803 -1.04799 3.39999
      vertex -50.965 -1.40062 3.39999
      vertex -51.3762 -0.833359 3.39999
    endloop
  endfacet
  facet normal -0 0 1
    outer loop
      vertex -51.6538 -1.21855 3.39999
      vertex -50.965 -1.40062 3.39999
      vertex -51.4803 -1.04799 3.39999
    endloop
  endfacet
  facet normal -0 0 1
    outer loop
      vertex -51.8945 -1.3423 3.39999
      vertex -50.965 -1.40062 3.39999
      vertex -51.6538 -1.21855 3.39999
    endloop
  endfacet
  facet normal 0 0 1
    outer loop
      vertex -52.2 -1.41655 3.39999
      vertex -50.965 -1.40062 3.39999
      vertex -51.8945 -1.3423 3.39999
    endloop
  endfacet
  facet normal 0 0 1
    outer loop
      vertex -52.5703 -1.4413 3.39999
      vertex -50.965 -1.40062 3.39999
      vertex -52.2 -1.41655 3.39999
    endloop
  endfacet
  facet normal 0 0 1
    outer loop
      vertex -50.965 -1.40062 3.39999
      vertex -52.5703 -1.4413 3.39999
      vertex -71.605 -9.09999 3.39999
    endloop
  endfacet
  facet normal 0 0 1
    outer loop
      vertex -53.6858 0.518921 3.39999
      vertex -54.6104 -1.40062 3.39999
      vertex -53.8377 -0.654007 3.39999
    endloop
  endfacet
  facet normal 0 0 1
    outer loop
      vertex -54.6104 -1.40062 3.39999
      vertex -53.7532 -0.896088 3.39999
      vertex -53.8377 -0.654007 3.39999
    endloop
  endfacet
  facet normal 0 0 1
    outer loop
      vertex -54.6104 -1.40062 3.39999
      vertex -53.6189 -1.09341 3.39999
      vertex -53.7532 -0.896088 3.39999
    endloop
  endfacet
  facet normal 0 0 1
    outer loop
      vertex -54.6104 -1.40062 3.39999
      vertex -53.4349 -1.246 3.39999
      vertex -53.6189 -1.09341 3.39999
    endloop
  endfacet
  facet normal 0 0 1
    outer loop
      vertex -54.6104 -1.40062 3.39999
      vertex -53.1996 -1.35449 3.39999
      vertex -53.4349 -1.246 3.39999
    endloop
  endfacet
  facet normal -0 0 1
    outer loop
      vertex -54.6104 -1.40062 3.39999
      vertex -52.9114 -1.4196 3.39999
      vertex -53.1996 -1.35449 3.39999
    endloop
  endfacet
  facet normal 0 0 1
    outer loop
      vertex -54.6104 -1.40062 3.39999
      vertex -52.5703 -1.4413 3.39999
      vertex -52.9114 -1.4196 3.39999
    endloop
  endfacet
  facet normal 0 0 1
    outer loop
      vertex -71.605 -9.09999 3.39999
      vertex -52.5703 -1.4413 3.39999
      vertex -54.6104 -1.40062 3.39999
    endloop
  endfacet
  facet normal 0 0 1
    outer loop
      vertex -71.605 -9.09999 3.39999
      vertex -54.6104 -1.40062 3.39999
      vertex -55.3224 -1.40062 3.39999
    endloop
  endfacet
  facet normal -0 0 1
    outer loop
      vertex -55.8616 0.706192 3.39999
      vertex -55.796 0.659744 3.39999
      vertex -55.831 0.869736 3.39999
    endloop
  endfacet
  facet normal 0 0 1
    outer loop
      vertex -55.888 0.570892 3.39999
      vertex -55.796 0.659744 3.39999
      vertex -55.8616 0.706192 3.39999
    endloop
  endfacet
  facet normal 0 0 1
    outer loop
      vertex -55.796 0.659744 3.39999
      vertex -55.888 0.570892 3.39999
      vertex -55.756 0.455612 3.39999
    endloop
  endfacet
  facet normal -0 0 1
    outer loop
      vertex -55.9104 0.463867 3.39999
      vertex -55.756 0.455612 3.39999
      vertex -55.888 0.570892 3.39999
    endloop
  endfacet
  facet normal 0 0 1
    outer loop
      vertex -55.756 0.455612 3.39999
      vertex -55.9104 0.463867 3.39999
      vertex -55.711 0.25737 3.39999
    endloop
  endfacet
  facet normal 0 0 1
    outer loop
      vertex -55.9721 0.194763 3.39999
      vertex -55.711 0.25737 3.39999
      vertex -55.9104 0.463867 3.39999
    endloop
  endfacet
  facet normal 0 0 1
    outer loop
      vertex -56.1165 -0.426712 3.39999
      vertex -55.711 0.25737 3.39999
      vertex -55.9721 0.194763 3.39999
    endloop
  endfacet
  facet normal 0 0 1
    outer loop
      vertex -55.711 0.25737 3.39999
      vertex -56.1165 -0.426712 3.39999
      vertex -55.3224 -1.40062 3.39999
    endloop
  endfacet
  facet normal 0 0 1
    outer loop
      vertex -56.3437 -1.40062 3.39999
      vertex -55.3224 -1.40062 3.39999
      vertex -56.1165 -0.426712 3.39999
    endloop
  endfacet
  facet normal 0 0 1
    outer loop
      vertex -71.605 -9.09999 3.39999
      vertex -55.3224 -1.40062 3.39999
      vertex -56.3437 -1.40062 3.39999
    endloop
  endfacet
  facet normal 0 0 1
    outer loop
      vertex -71.605 -9.09999 3.39999
      vertex -56.3437 -1.40062 3.39999
      vertex -57.0557 -1.40062 3.39999
    endloop
  endfacet
  facet normal -0 0 1
    outer loop
      vertex -57.9401 0.467834 3.39999
      vertex -57.0557 -1.40062 3.39999
      vertex -57.7942 1.46581 3.39999
    endloop
  endfacet
  facet normal -0 0 1
    outer loop
      vertex -57.9172 -0.24057 3.39999
      vertex -57.0557 -1.40062 3.39999
      vertex -57.8975 0.0458221 3.39999
    endloop
  endfacet
  facet normal -0 0 1
    outer loop
      vertex -57.9762 -0.503006 3.39999
      vertex -57.0557 -1.40062 3.39999
      vertex -57.9172 -0.24057 3.39999
    endloop
  endfacet
  facet normal -0 0 1
    outer loop
      vertex -58.0745 -0.741486 3.39999
      vertex -57.0557 -1.40062 3.39999
      vertex -57.9762 -0.503006 3.39999
    endloop
  endfacet
  facet normal -0 0 1
    outer loop
      vertex -58.2094 -0.950226 3.39999
      vertex -57.0557 -1.40062 3.39999
      vertex -58.0745 -0.741486 3.39999
    endloop
  endfacet
  facet normal -0 0 1
    outer loop
      vertex -58.3783 -1.12349 3.39999
      vertex -57.0557 -1.40062 3.39999
      vertex -58.2094 -0.950226 3.39999
    endloop
  endfacet
  facet normal -0 0 1
    outer loop
      vertex -58.581 -1.26126 3.39999
      vertex -57.0557 -1.40062 3.39999
      vertex -58.3783 -1.12349 3.39999
    endloop
  endfacet
  facet normal -0 0 1
    outer loop
      vertex -58.8129 -1.36128 3.39999
      vertex -57.0557 -1.40062 3.39999
      vertex -58.581 -1.26126 3.39999
    endloop
  endfacet
  facet normal 0 0 1
    outer loop
      vertex -59.0693 -1.4213 3.39999
      vertex -57.0557 -1.40062 3.39999
      vertex -58.8129 -1.36128 3.39999
    endloop
  endfacet
  facet normal 0 0 1
    outer loop
      vertex -57.0557 -1.40062 3.39999
      vertex -59.0693 -1.4213 3.39999
      vertex -71.605 -9.09999 3.39999
    endloop
  endfacet
  facet normal 0 0 1
    outer loop
      vertex -71.605 -9.09999 3.39999
      vertex -59.0693 -1.4213 3.39999
      vertex -59.35 -1.4413 3.39999
    endloop
  endfacet
  facet normal 0 0 1
    outer loop
      vertex -71.605 -9.09999 3.39999
      vertex -60.7924 0.0458221 3.39999
      vertex -71.605 9.09999 3.39999
    endloop
  endfacet
  facet normal 0 0 1
    outer loop
      vertex -60.7924 0.0458221 3.39999
      vertex -71.605 -9.09999 3.39999
      vertex -60.7498 -0.382645 3.39999
    endloop
  endfacet
  facet normal 0 0 1
    outer loop
      vertex -60.7498 -0.382645 3.39999
      vertex -71.605 -9.09999 3.39999
      vertex -60.622 -0.745773 3.39999
    endloop
  endfacet
  facet normal 0 0 1
    outer loop
      vertex -40.0685 -1.41881 3.39999
      vertex -71.605 -9.09999 3.39999
      vertex 71.605 -9.09999 3.39999
    endloop
  endfacet
  facet normal 0 0 1
    outer loop
      vertex -59.7679 -1.39711 3.39999
      vertex -71.605 -9.09999 3.39999
      vertex -59.35 -1.4413 3.39999
    endloop
  endfacet
  facet normal 0 0 1
    outer loop
      vertex -60.1208 -1.26454 3.39999
      vertex -71.605 -9.09999 3.39999
      vertex -59.7679 -1.39711 3.39999
    endloop
  endfacet
  facet normal 0 0 1
    outer loop
      vertex -60.4089 -1.04359 3.39999
      vertex -71.605 -9.09999 3.39999
      vertex -60.1208 -1.26454 3.39999
    endloop
  endfacet
  facet normal 0 0 1
    outer loop
      vertex -60.622 -0.745773 3.39999
      vertex -71.605 -9.09999 3.39999
      vertex -60.4089 -1.04359 3.39999
    endloop
  endfacet
  facet normal 0 0 1
    outer loop
      vertex -39.1169 0.711044 3.39999
      vertex -39.6032 -0.424118 3.39999
      vertex -39.0803 -0.62146 3.39999
    endloop
  endfacet
  facet normal -0 0 1
    outer loop
      vertex -39.6459 0.56662 3.39999
      vertex -39.6032 -0.424118 3.39999
      vertex -39.1169 0.711044 3.39999
    endloop
  endfacet
  facet normal 0 0 1
    outer loop
      vertex -39.9093 0.909393 3.39999
      vertex -39.6459 0.56662 3.39999
      vertex -39.705 0.700546 3.39999
    endloop
  endfacet
  facet normal 0 0 1
    outer loop
      vertex -39.6459 0.56662 3.39999
      vertex -41.2001 0.0458221 3.39999
      vertex -39.6032 -0.424118 3.39999
    endloop
  endfacet
  facet normal 0 0 1
    outer loop
      vertex -39.9093 0.909393 3.39999
      vertex -39.705 0.700546 3.39999
      vertex -39.7928 0.814804 3.39999
    endloop
  endfacet
  facet normal 0 0 1
    outer loop
      vertex -39.6459 0.56662 3.39999
      vertex -39.9093 0.909393 3.39999
      vertex -40.048 0.980026 3.39999
    endloop
  endfacet
  facet normal -0 -0 1
    outer loop
      vertex -41.176 -0.257751 3.39999
      vertex -39.6032 -0.424118 3.39999
      vertex -41.2001 0.0458221 3.39999
    endloop
  endfacet
  facet normal 0 0 1
    outer loop
      vertex -39.6459 0.56662 3.39999
      vertex -40.048 0.980026 3.39999
      vertex -40.2023 1.02242 3.39999
    endloop
  endfacet
  facet normal 0 0 1
    outer loop
      vertex -39.6459 0.56662 3.39999
      vertex -40.2023 1.02242 3.39999
      vertex -40.3721 1.03654 3.39999
    endloop
  endfacet
  facet normal 0 -0 1
    outer loop
      vertex -40.3579 -0.96933 3.39999
      vertex -39.6032 -0.424118 3.39999
      vertex -41.176 -0.257751 3.39999
    endloop
  endfacet
  facet normal 0 0 1
    outer loop
      vertex -39.6459 0.56662 3.39999
      vertex -40.3721 1.03654 3.39999
      vertex -41.1767 0.343964 3.39999
    endloop
  endfacet
  facet normal 0 0 1
    outer loop
      vertex -39.6032 -0.424118 3.39999
      vertex -40.3579 -0.96933 3.39999
      vertex -39.7811 -0.72702 3.39999
    endloop
  endfacet
  facet normal 0 0 1
    outer loop
      vertex -41.1065 0.590103 3.39999
      vertex -40.3721 1.03654 3.39999
      vertex -40.6216 1.00851 3.39999
    endloop
  endfacet
  facet normal 0 0 1
    outer loop
      vertex -39.7811 -0.72702 3.39999
      vertex -40.3579 -0.96933 3.39999
      vertex -40.0326 -0.908752 3.39999
    endloop
  endfacet
  facet normal 0 0 1
    outer loop
      vertex -41.1065 0.590103 3.39999
      vertex -40.6216 1.00851 3.39999
      vertex -40.8274 0.924423 3.39999
    endloop
  endfacet
  facet normal -0 -0 1
    outer loop
      vertex -41.1038 -0.509338 3.39999
      vertex -40.3579 -0.96933 3.39999
      vertex -41.176 -0.257751 3.39999
    endloop
  endfacet
  facet normal 0 0 1
    outer loop
      vertex -41.1065 0.590103 3.39999
      vertex -40.8274 0.924423 3.39999
      vertex -40.9896 0.784271 3.39999
    endloop
  endfacet
  facet normal 0 0 1
    outer loop
      vertex -40.3579 -0.96933 3.39999
      vertex -41.1038 -0.509338 3.39999
      vertex -40.6091 -0.940399 3.39999
    endloop
  endfacet
  facet normal 0 0 1
    outer loop
      vertex -40.3721 1.03654 3.39999
      vertex -41.1065 0.590103 3.39999
      vertex -41.1767 0.343964 3.39999
    endloop
  endfacet
  facet normal -0 -0 1
    outer loop
      vertex -40.9835 -0.708939 3.39999
      vertex -40.6091 -0.940399 3.39999
      vertex -41.1038 -0.509338 3.39999
    endloop
  endfacet
  facet normal 0 0 1
    outer loop
      vertex -39.6459 0.56662 3.39999
      vertex -41.1767 0.343964 3.39999
      vertex -41.2001 0.0458221 3.39999
    endloop
  endfacet
  facet normal 0 0 1
    outer loop
      vertex -40.6091 -0.940399 3.39999
      vertex -40.9835 -0.708939 3.39999
      vertex -40.8177 -0.853607 3.39999
    endloop
  endfacet
  facet normal 0 0 1
    outer loop
      vertex -60.1882 0.0458221 3.39999
      vertex -58.5098 0.0458221 3.39999
      vertex -58.5342 0.332764 3.39999
    endloop
  endfacet
  facet normal 0 0 1
    outer loop
      vertex -58.5098 0.0458221 3.39999
      vertex -60.1882 0.0458221 3.39999
      vertex -58.5341 -0.253677 3.39999
    endloop
  endfacet
  facet normal -0 0 1
    outer loop
      vertex -60.1638 0.334808 3.39999
      vertex -58.5342 0.332764 3.39999
      vertex -58.6075 0.575195 3.39999
    endloop
  endfacet
  facet normal -0 -0 1
    outer loop
      vertex -60.1632 -0.246567 3.39999
      vertex -58.5341 -0.253677 3.39999
      vertex -60.1882 0.0458221 3.39999
    endloop
  endfacet
  facet normal 0 0 1
    outer loop
      vertex -59.1012 1.00726 3.39999
      vertex -58.6075 0.575195 3.39999
      vertex -58.7295 0.773071 3.39999
    endloop
  endfacet
  facet normal 0 -0 1
    outer loop
      vertex -60.0883 -0.494415 3.39999
      vertex -58.5341 -0.253677 3.39999
      vertex -60.1632 -0.246567 3.39999
    endloop
  endfacet
  facet normal 0 0 1
    outer loop
      vertex -59.1012 1.00726 3.39999
      vertex -58.7295 0.773071 3.39999
      vertex -58.8957 0.919449 3.39999
    endloop
  endfacet
  facet normal 0 0 1
    outer loop
      vertex -58.6075 0.575195 3.39999
      vertex -59.1012 1.00726 3.39999
      vertex -59.3459 1.03654 3.39999
    endloop
  endfacet
  facet normal 0 0 1
    outer loop
      vertex -58.5341 -0.253677 3.39999
      vertex -60.0883 -0.494415 3.39999
      vertex -58.607 -0.503906 3.39999
    endloop
  endfacet
  facet normal 0 0 1
    outer loop
      vertex -58.6075 0.575195 3.39999
      vertex -59.3459 1.03654 3.39999
      vertex -60.1638 0.334808 3.39999
    endloop
  endfacet
  facet normal 0 -0 1
    outer loop
      vertex -59.1019 -0.939957 3.39999
      vertex -58.607 -0.503906 3.39999
      vertex -59.35 -0.96933 3.39999
    endloop
  endfacet
  facet normal 0 0 1
    outer loop
      vertex -58.7285 -0.704865 3.39999
      vertex -59.1019 -0.939957 3.39999
      vertex -58.8948 -0.851791 3.39999
    endloop
  endfacet
  facet normal 0 0 1
    outer loop
      vertex -60.0905 0.577911 3.39999
      vertex -59.3459 1.03654 3.39999
      vertex -59.5941 1.00749 3.39999
    endloop
  endfacet
  facet normal 0 0 1
    outer loop
      vertex -58.607 -0.503906 3.39999
      vertex -59.1019 -0.939957 3.39999
      vertex -58.7285 -0.704865 3.39999
    endloop
  endfacet
  facet normal 0 0 1
    outer loop
      vertex -59.9685 0.775116 3.39999
      vertex -59.5941 1.00749 3.39999
      vertex -59.8017 0.920349 3.39999
    endloop
  endfacet
  facet normal 0 0 1
    outer loop
      vertex -58.607 -0.503906 3.39999
      vertex -60.0883 -0.494415 3.39999
      vertex -59.35 -0.96933 3.39999
    endloop
  endfacet
  facet normal 0 0 1
    outer loop
      vertex -59.5941 1.00749 3.39999
      vertex -59.9685 0.775116 3.39999
      vertex -60.0905 0.577911 3.39999
    endloop
  endfacet
  facet normal 0 0 1
    outer loop
      vertex -59.35 -0.96933 3.39999
      vertex -60.0883 -0.494415 3.39999
      vertex -59.5909 -0.939163 3.39999
    endloop
  endfacet
  facet normal 0 0 1
    outer loop
      vertex -59.3459 1.03654 3.39999
      vertex -60.0905 0.577911 3.39999
      vertex -60.1638 0.334808 3.39999
    endloop
  endfacet
  facet normal -0 -0 1
    outer loop
      vertex -59.9634 -0.697754 3.39999
      vertex -59.5909 -0.939163 3.39999
      vertex -60.0883 -0.494415 3.39999
    endloop
  endfacet
  facet normal 0 0 1
    outer loop
      vertex -58.5342 0.332764 3.39999
      vertex -60.1638 0.334808 3.39999
      vertex -60.1882 0.0458221 3.39999
    endloop
  endfacet
  facet normal 0 0 1
    outer loop
      vertex -59.5909 -0.939163 3.39999
      vertex -59.9634 -0.697754 3.39999
      vertex -59.7953 -0.848633 3.39999
    endloop
  endfacet
  facet normal 0 0 1
    outer loop
      vertex -42.8938 0.949753 3.39999
      vertex -42.6569 0.548294 3.39999
      vertex -42.7161 0.79921 3.39999
    endloop
  endfacet
  facet normal 0 0 1
    outer loop
      vertex -43.1899 0.999939 3.39999
      vertex -42.6569 0.548294 3.39999
      vertex -42.8938 0.949753 3.39999
    endloop
  endfacet
  facet normal 0 0 1
    outer loop
      vertex -42.6569 0.548294 3.39999
      vertex -43.0208 0.0838776 3.39999
      vertex -42.6718 0.405777 3.39999
    endloop
  endfacet
  facet normal 0 0 1
    outer loop
      vertex -42.7166 0.287445 3.39999
      vertex -42.8933 0.124908 3.39999
      vertex -42.7912 0.193298 3.39999
    endloop
  endfacet
  facet normal 0 -0 1
    outer loop
      vertex -42.8933 0.124908 3.39999
      vertex -42.6718 0.405777 3.39999
      vertex -43.0208 0.0838776 3.39999
    endloop
  endfacet
  facet normal 0 0 1
    outer loop
      vertex -42.6718 0.405777 3.39999
      vertex -42.8933 0.124908 3.39999
      vertex -42.7166 0.287445 3.39999
    endloop
  endfacet
  facet normal 0 0 1
    outer loop
      vertex -42.6569 0.548294 3.39999
      vertex -43.1899 0.999939 3.39999
      vertex -43.0208 0.0838776 3.39999
    endloop
  endfacet
  facet normal 0 0 1
    outer loop
      vertex -43.0208 0.0838776 3.39999
      vertex -43.1899 0.999939 3.39999
      vertex -43.1736 0.0702057 3.39999
    endloop
  endfacet
  facet normal 0 0 1
    outer loop
      vertex -43.8104 0.0702057 3.39999
      vertex -43.1899 0.999939 3.39999
      vertex -43.8104 0.999939 3.39999
    endloop
  endfacet
  facet normal 0 0 1
    outer loop
      vertex -43.1899 0.999939 3.39999
      vertex -43.8104 0.0702057 3.39999
      vertex -43.1736 0.0702057 3.39999
    endloop
  endfacet
  facet normal 0 0.195091 0.980785
    outer loop
      vertex 71.7192 9.67401 3.28581
      vertex -71.605 9.09999 3.39999
      vertex 71.605 9.09999 3.39999
    endloop
  endfacet
  facet normal 0 0.195091 0.980785
    outer loop
      vertex -71.605 9.09999 3.39999
      vertex 71.7192 9.67401 3.28581
      vertex -71.7192 9.67401 3.28581
    endloop
  endfacet
  facet normal 1 -0 0
    outer loop
      vertex 75 9 0.00499916
      vertex 75 16.6 0
      vertex 75 16.6 0.00499916
    endloop
  endfacet
  facet normal 1 0 0
    outer loop
      vertex 75 16.6 0
      vertex 75 9 0.00499916
      vertex 75 9 0
    endloop
  endfacet
  facet normal 1 -0 0
    outer loop
      vertex 75 -16.6 0.00499916
      vertex 75 -9 0
      vertex 75 -9 0.00499916
    endloop
  endfacet
  facet normal 1 0 0
    outer loop
      vertex 75 -9 0
      vertex 75 -16.6 0.00499916
      vertex 75 -16.6 0
    endloop
  endfacet
  facet normal 0 -0.831519 0.555496
    outer loop
      vertex -72.531 -10.4858 2.47401
      vertex 72.0443 -10.1607 2.96065
      vertex -72.0443 -10.1607 2.96065
    endloop
  endfacet
  facet normal 0 -0.831519 0.555496
    outer loop
      vertex 72.0443 -10.1607 2.96065
      vertex -72.531 -10.4858 2.47401
      vertex 72.531 -10.4858 2.47401
    endloop
  endfacet
  facet normal 0 -0.980779 0.195124
    outer loop
      vertex -73.105 -10.6 1.89999
      vertex 72.531 -10.4858 2.47401
      vertex -72.531 -10.4858 2.47401
    endloop
  endfacet
  facet normal 0 -0.980779 0.195124
    outer loop
      vertex 72.531 -10.4858 2.47401
      vertex -73.105 -10.6 1.89999
      vertex 73.105 -10.6 1.89999
    endloop
  endfacet
  facet normal 0 -1 0
    outer loop
      vertex -74.005 -10.6 1
      vertex 73.105 -10.6 1.89999
      vertex -73.105 -10.6 1.89999
    endloop
  endfacet
  facet normal 0 -1 -0
    outer loop
      vertex 73.105 -10.6 1.89999
      vertex -74.005 -10.6 1
      vertex 74.005 -10.6 1
    endloop
  endfacet
  facet normal 0 -0.555528 0.831498
    outer loop
      vertex -71.7192 -9.67401 3.28581
      vertex 72.0443 -10.1607 2.96065
      vertex 71.7192 -9.67401 3.28581
    endloop
  endfacet
  facet normal 0 -0.555528 0.831498
    outer loop
      vertex 72.0443 -10.1607 2.96065
      vertex -71.7192 -9.67401 3.28581
      vertex -72.0443 -10.1607 2.96065
    endloop
  endfacet
  facet normal 0 -0.195091 0.980785
    outer loop
      vertex -71.605 -9.09999 3.39999
      vertex 71.7192 -9.67401 3.28581
      vertex 71.605 -9.09999 3.39999
    endloop
  endfacet
  facet normal 0 -0.195091 0.980785
    outer loop
      vertex 71.7192 -9.67401 3.28581
      vertex -71.605 -9.09999 3.39999
      vertex -71.7192 -9.67401 3.28581
    endloop
  endfacet
  facet normal 0 0 1
    outer loop
      vertex 74.005 -10.6 1
      vertex 61 -10.6 1
      vertex 74.005 -16.6 1
    endloop
  endfacet
  facet normal 0 0 0
    outer loop
      vertex 74.005 -10.6 1
      vertex 59 -10.6 1
      vertex 61 -10.6 1
    endloop
  endfacet
  facet normal 0 0 1
    outer loop
      vertex 59 -10.6 1
      vertex 46 -10.6 1
      vertex 59 -16.6 1
    endloop
  endfacet
  facet normal 0 0 0
    outer loop
      vertex 74.005 -10.6 1
      vertex 46 -10.6 1
      vertex 59 -10.6 1
    endloop
  endfacet
  facet normal 0 0 0
    outer loop
      vertex 74.005 -10.6 1
      vertex 44 -10.6 1
      vertex 46 -10.6 1
    endloop
  endfacet
  facet normal 0 0 1
    outer loop
      vertex 44 -10.6 1
      vertex 31 -10.6 1
      vertex 44 -16.6 1
    endloop
  endfacet
  facet normal 0 0 0
    outer loop
      vertex 74.005 -10.6 1
      vertex 31 -10.6 1
      vertex 44 -10.6 1
    endloop
  endfacet
  facet normal 0 0 0
    outer loop
      vertex 74.005 -10.6 1
      vertex 29 -10.6 1
      vertex 31 -10.6 1
    endloop
  endfacet
  facet normal 0 0 1
    outer loop
      vertex 29 -10.6 1
      vertex 16 -10.6 1
      vertex 29 -16.6 1
    endloop
  endfacet
  facet normal 0 0 0
    outer loop
      vertex 74.005 -10.6 1
      vertex 16 -10.6 1
      vertex 29 -10.6 1
    endloop
  endfacet
  facet normal 0 0 0
    outer loop
      vertex 74.005 -10.6 1
      vertex 14 -10.6 1
      vertex 16 -10.6 1
    endloop
  endfacet
  facet normal 0 0 1
    outer loop
      vertex 14 -10.6 1
      vertex 1 -10.6 1
      vertex 14 -16.6 1
    endloop
  endfacet
  facet normal 0 0 0
    outer loop
      vertex 74.005 -10.6 1
      vertex 1 -10.6 1
      vertex 14 -10.6 1
    endloop
  endfacet
  facet normal 0 0 0
    outer loop
      vertex 74.005 -10.6 1
      vertex -1 -10.6 1
      vertex 1 -10.6 1
    endloop
  endfacet
  facet normal 0 0 1
    outer loop
      vertex -1 -10.6 1
      vertex -14 -10.6 1
      vertex -1 -16.6 1
    endloop
  endfacet
  facet normal 0 0 0
    outer loop
      vertex 74.005 -10.6 1
      vertex -14 -10.6 1
      vertex -1 -10.6 1
    endloop
  endfacet
  facet normal 0 0 0
    outer loop
      vertex 74.005 -10.6 1
      vertex -16 -10.6 1
      vertex -14 -10.6 1
    endloop
  endfacet
  facet normal 0 0 1
    outer loop
      vertex -16 -10.6 1
      vertex -29 -10.6 1
      vertex -16 -16.6 1
    endloop
  endfacet
  facet normal 0 0 0
    outer loop
      vertex 74.005 -10.6 1
      vertex -29 -10.6 1
      vertex -16 -10.6 1
    endloop
  endfacet
  facet normal 0 0 0
    outer loop
      vertex 74.005 -10.6 1
      vertex -31 -10.6 1
      vertex -29 -10.6 1
    endloop
  endfacet
  facet normal 0 0 1
    outer loop
      vertex -31 -10.6 1
      vertex -44 -10.6 1
      vertex -31 -16.6 1
    endloop
  endfacet
  facet normal 0 0 0
    outer loop
      vertex 74.005 -10.6 1
      vertex -44 -10.6 1
      vertex -31 -10.6 1
    endloop
  endfacet
  facet normal 0 0 0
    outer loop
      vertex 74.005 -10.6 1
      vertex -46 -10.6 1
      vertex -44 -10.6 1
    endloop
  endfacet
  facet normal 0 0 1
    outer loop
      vertex -46 -10.6 1
      vertex -59 -10.6 1
      vertex -46 -16.6 1
    endloop
  endfacet
  facet normal 0 0 0
    outer loop
      vertex 74.005 -10.6 1
      vertex -59 -10.6 1
      vertex -46 -10.6 1
    endloop
  endfacet
  facet normal 0 0 0
    outer loop
      vertex 74.005 -10.6 1
      vertex -61 -10.6 1
      vertex -59 -10.6 1
    endloop
  endfacet
  facet normal 0 0 0
    outer loop
      vertex -74.005 -10.6 1
      vertex -61 -10.6 1
      vertex 74.005 -10.6 1
    endloop
  endfacet
  facet normal -0 0 1
    outer loop
      vertex -74.005 -10.6 1
      vertex -61 -16.6 1
      vertex -61 -10.6 1
    endloop
  endfacet
  facet normal 0 0 1
    outer loop
      vertex -61 -16.6 1
      vertex -74.005 -10.6 1
      vertex -74.005 -16.6 1
    endloop
  endfacet
  facet normal 0 0 1
    outer loop
      vertex 74.005 -16.6 1
      vertex 61 -10.6 1
      vertex 61 -16.6 1
    endloop
  endfacet
  facet normal 0 0 1
    outer loop
      vertex 59 -16.6 1
      vertex 46 -10.6 1
      vertex 46 -16.6 1
    endloop
  endfacet
  facet normal 0 0 1
    outer loop
      vertex 44 -16.6 1
      vertex 31 -10.6 1
      vertex 31 -16.6 1
    endloop
  endfacet
  facet normal 0 0 1
    outer loop
      vertex 29 -16.6 1
      vertex 16 -10.6 1
      vertex 16 -16.6 1
    endloop
  endfacet
  facet normal 0 0 1
    outer loop
      vertex 14 -16.6 1
      vertex 1 -10.6 1
      vertex 1 -16.6 1
    endloop
  endfacet
  facet normal 0 0 1
    outer loop
      vertex -1 -16.6 1
      vertex -14 -10.6 1
      vertex -14 -16.6 1
    endloop
  endfacet
  facet normal 0 0 1
    outer loop
      vertex -16 -16.6 1
      vertex -29 -10.6 1
      vertex -29 -16.6 1
    endloop
  endfacet
  facet normal 0 0 1
    outer loop
      vertex -31 -16.6 1
      vertex -44 -10.6 1
      vertex -44 -16.6 1
    endloop
  endfacet
  facet normal 0 0 1
    outer loop
      vertex -46 -16.6 1
      vertex -59 -10.6 1
      vertex -59 -16.6 1
    endloop
  endfacet
  facet normal 0 0 1
    outer loop
      vertex -61 16.6 1
      vertex -74.005 16.6 1
      vertex -61 10.6 1
    endloop
  endfacet
  facet normal 0 0 1
    outer loop
      vertex -46 16.6 1
      vertex -59 16.6 1
      vertex -46 10.6 1
    endloop
  endfacet
  facet normal 0 0 1
    outer loop
      vertex -31 16.6 1
      vertex -44 16.6 1
      vertex -31 10.6 1
    endloop
  endfacet
  facet normal 0 0 1
    outer loop
      vertex -16 16.6 1
      vertex -29 16.6 1
      vertex -16 10.6 1
    endloop
  endfacet
  facet normal 0 0 1
    outer loop
      vertex -1 16.6 1
      vertex -14 16.6 1
      vertex -1 10.6 1
    endloop
  endfacet
  facet normal 0 0 1
    outer loop
      vertex 14 16.6 1
      vertex 1 16.6 1
      vertex 14 10.6 1
    endloop
  endfacet
  facet normal 0 0 1
    outer loop
      vertex 29 16.6 1
      vertex 16 16.6 1
      vertex 29 10.6 1
    endloop
  endfacet
  facet normal 0 0 1
    outer loop
      vertex 44 16.6 1
      vertex 31 16.6 1
      vertex 44 10.6 1
    endloop
  endfacet
  facet normal 0 0 1
    outer loop
      vertex 59 16.6 1
      vertex 46 16.6 1
      vertex 59 10.6 1
    endloop
  endfacet
  facet normal -0 0 1
    outer loop
      vertex 61 16.6 1
      vertex 74.005 10.6 1
      vertex 74.005 16.6 1
    endloop
  endfacet
  facet normal 0 0 1
    outer loop
      vertex 61 10.6 1
      vertex 74.005 10.6 1
      vertex 61 16.6 1
    endloop
  endfacet
  facet normal 0 0 0
    outer loop
      vertex 59 10.6 1
      vertex 74.005 10.6 1
      vertex 61 10.6 1
    endloop
  endfacet
  facet normal 0 0 1
    outer loop
      vertex 46 10.6 1
      vertex 59 10.6 1
      vertex 46 16.6 1
    endloop
  endfacet
  facet normal 0 0 0
    outer loop
      vertex 46 10.6 1
      vertex 74.005 10.6 1
      vertex 59 10.6 1
    endloop
  endfacet
  facet normal 0 0 0
    outer loop
      vertex 44 10.6 1
      vertex 74.005 10.6 1
      vertex 46 10.6 1
    endloop
  endfacet
  facet normal 0 0 1
    outer loop
      vertex 31 10.6 1
      vertex 44 10.6 1
      vertex 31 16.6 1
    endloop
  endfacet
  facet normal 0 0 0
    outer loop
      vertex 31 10.6 1
      vertex 74.005 10.6 1
      vertex 44 10.6 1
    endloop
  endfacet
  facet normal 0 0 0
    outer loop
      vertex 29 10.6 1
      vertex 74.005 10.6 1
      vertex 31 10.6 1
    endloop
  endfacet
  facet normal 0 0 1
    outer loop
      vertex 16 10.6 1
      vertex 29 10.6 1
      vertex 16 16.6 1
    endloop
  endfacet
  facet normal 0 0 0
    outer loop
      vertex 16 10.6 1
      vertex 74.005 10.6 1
      vertex 29 10.6 1
    endloop
  endfacet
  facet normal 0 0 0
    outer loop
      vertex 14 10.6 1
      vertex 74.005 10.6 1
      vertex 16 10.6 1
    endloop
  endfacet
  facet normal 0 0 1
    outer loop
      vertex 1 10.6 1
      vertex 14 10.6 1
      vertex 1 16.6 1
    endloop
  endfacet
  facet normal 0 0 0
    outer loop
      vertex 1 10.6 1
      vertex 74.005 10.6 1
      vertex 14 10.6 1
    endloop
  endfacet
  facet normal 0 0 0
    outer loop
      vertex -1 10.6 1
      vertex 74.005 10.6 1
      vertex 1 10.6 1
    endloop
  endfacet
  facet normal 0 0 1
    outer loop
      vertex -14 10.6 1
      vertex -1 10.6 1
      vertex -14 16.6 1
    endloop
  endfacet
  facet normal 0 0 0
    outer loop
      vertex -14 10.6 1
      vertex 74.005 10.6 1
      vertex -1 10.6 1
    endloop
  endfacet
  facet normal 0 0 0
    outer loop
      vertex -16 10.6 1
      vertex 74.005 10.6 1
      vertex -14 10.6 1
    endloop
  endfacet
  facet normal 0 0 1
    outer loop
      vertex -29 10.6 1
      vertex -16 10.6 1
      vertex -29 16.6 1
    endloop
  endfacet
  facet normal 0 0 0
    outer loop
      vertex -29 10.6 1
      vertex 74.005 10.6 1
      vertex -16 10.6 1
    endloop
  endfacet
  facet normal 0 0 0
    outer loop
      vertex -31 10.6 1
      vertex 74.005 10.6 1
      vertex -29 10.6 1
    endloop
  endfacet
  facet normal 0 0 1
    outer loop
      vertex -44 10.6 1
      vertex -31 10.6 1
      vertex -44 16.6 1
    endloop
  endfacet
  facet normal 0 0 0
    outer loop
      vertex -44 10.6 1
      vertex 74.005 10.6 1
      vertex -31 10.6 1
    endloop
  endfacet
  facet normal 0 0 0
    outer loop
      vertex -46 10.6 1
      vertex 74.005 10.6 1
      vertex -44 10.6 1
    endloop
  endfacet
  facet normal 0 0 1
    outer loop
      vertex -59 10.6 1
      vertex -46 10.6 1
      vertex -59 16.6 1
    endloop
  endfacet
  facet normal 0 0 0
    outer loop
      vertex -59 10.6 1
      vertex 74.005 10.6 1
      vertex -46 10.6 1
    endloop
  endfacet
  facet normal 0 0 0
    outer loop
      vertex -61 10.6 1
      vertex 74.005 10.6 1
      vertex -59 10.6 1
    endloop
  endfacet
  facet normal 0 0 -0
    outer loop
      vertex -61 10.6 1
      vertex -74.005 10.6 1
      vertex 74.005 10.6 1
    endloop
  endfacet
  facet normal 0 0 1
    outer loop
      vertex -74.005 10.6 1
      vertex -61 10.6 1
      vertex -74.005 16.6 1
    endloop
  endfacet
  facet normal 0 -1 0
    outer loop
      vertex -75 -16.6 0
      vertex -74.005 -16.6 1
      vertex -75 -16.6 0.00499916
    endloop
  endfacet
  facet normal 0 -1 -0
    outer loop
      vertex -74.005 -16.6 1
      vertex -75 -16.6 0
      vertex -61 -16.6 0
    endloop
  endfacet
  facet normal 0 -1 0
    outer loop
      vertex -74.005 -16.6 1
      vertex -61 -16.6 0
      vertex -61 -16.6 1
    endloop
  endfacet
  facet normal 0 -1 0
    outer loop
      vertex 61 -16.6 0
      vertex 74.005 -16.6 1
      vertex 61 -16.6 1
    endloop
  endfacet
  facet normal 0 -1 0
    outer loop
      vertex 75 -16.6 0
      vertex 74.005 -16.6 1
      vertex 61 -16.6 0
    endloop
  endfacet
  facet normal 0 -1 0
    outer loop
      vertex 74.005 -16.6 1
      vertex 75 -16.6 0
      vertex 75 -16.6 0.00499916
    endloop
  endfacet
  facet normal 0 -1 0
    outer loop
      vertex -59 -16.6 0
      vertex -46 -16.6 1
      vertex -59 -16.6 1
    endloop
  endfacet
  facet normal 0 -1 -0
    outer loop
      vertex -46 -16.6 1
      vertex -59 -16.6 0
      vertex -46 -16.6 0
    endloop
  endfacet
  facet normal 0 -1 0
    outer loop
      vertex -44 -16.6 0
      vertex -31 -16.6 1
      vertex -44 -16.6 1
    endloop
  endfacet
  facet normal 0 -1 -0
    outer loop
      vertex -31 -16.6 1
      vertex -44 -16.6 0
      vertex -31 -16.6 0
    endloop
  endfacet
  facet normal 0 -1 0
    outer loop
      vertex -29 -16.6 0
      vertex -16 -16.6 1
      vertex -29 -16.6 1
    endloop
  endfacet
  facet normal 0 -1 -0
    outer loop
      vertex -16 -16.6 1
      vertex -29 -16.6 0
      vertex -16 -16.6 0
    endloop
  endfacet
  facet normal 0 -1 0
    outer loop
      vertex -14 -16.6 0
      vertex -1 -16.6 1
      vertex -14 -16.6 1
    endloop
  endfacet
  facet normal 0 -1 -0
    outer loop
      vertex -1 -16.6 1
      vertex -14 -16.6 0
      vertex -1 -16.6 0
    endloop
  endfacet
  facet normal 0 -1 0
    outer loop
      vertex 1 -16.6 0
      vertex 14 -16.6 1
      vertex 1 -16.6 1
    endloop
  endfacet
  facet normal 0 -1 -0
    outer loop
      vertex 14 -16.6 1
      vertex 1 -16.6 0
      vertex 14 -16.6 0
    endloop
  endfacet
  facet normal 0 -1 0
    outer loop
      vertex 16 -16.6 0
      vertex 29 -16.6 1
      vertex 16 -16.6 1
    endloop
  endfacet
  facet normal 0 -1 -0
    outer loop
      vertex 29 -16.6 1
      vertex 16 -16.6 0
      vertex 29 -16.6 0
    endloop
  endfacet
  facet normal 0 -1 0
    outer loop
      vertex 31 -16.6 0
      vertex 44 -16.6 1
      vertex 31 -16.6 1
    endloop
  endfacet
  facet normal 0 -1 -0
    outer loop
      vertex 44 -16.6 1
      vertex 31 -16.6 0
      vertex 44 -16.6 0
    endloop
  endfacet
  facet normal 0 -1 0
    outer loop
      vertex 46 -16.6 0
      vertex 59 -16.6 1
      vertex 46 -16.6 1
    endloop
  endfacet
  facet normal 0 -1 -0
    outer loop
      vertex 59 -16.6 1
      vertex 46 -16.6 0
      vertex 59 -16.6 0
    endloop
  endfacet
  facet normal 0 1 -0
    outer loop
      vertex 75 16.6 0
      vertex 74.005 16.6 1
      vertex 75 16.6 0.00499916
    endloop
  endfacet
  facet normal 0 1 0
    outer loop
      vertex 74.005 16.6 1
      vertex 75 16.6 0
      vertex 61 16.6 0
    endloop
  endfacet
  facet normal 0 1 0
    outer loop
      vertex 74.005 16.6 1
      vertex 61 16.6 0
      vertex 61 16.6 1
    endloop
  endfacet
  facet normal 0 1 -0
    outer loop
      vertex -61 16.6 0
      vertex -74.005 16.6 1
      vertex -61 16.6 1
    endloop
  endfacet
  facet normal 0 1 0
    outer loop
      vertex -75 16.6 0
      vertex -74.005 16.6 1
      vertex -61 16.6 0
    endloop
  endfacet
  facet normal 0 1 0
    outer loop
      vertex -74.005 16.6 1
      vertex -75 16.6 0
      vertex -75 16.6 0.00499916
    endloop
  endfacet
  facet normal 0 1 -0
    outer loop
      vertex -46 16.6 0
      vertex -59 16.6 1
      vertex -46 16.6 1
    endloop
  endfacet
  facet normal 0 1 0
    outer loop
      vertex -59 16.6 1
      vertex -46 16.6 0
      vertex -59 16.6 0
    endloop
  endfacet
  facet normal 0 1 -0
    outer loop
      vertex -31 16.6 0
      vertex -44 16.6 1
      vertex -31 16.6 1
    endloop
  endfacet
  facet normal 0 1 0
    outer loop
      vertex -44 16.6 1
      vertex -31 16.6 0
      vertex -44 16.6 0
    endloop
  endfacet
  facet normal 0 1 -0
    outer loop
      vertex -16 16.6 0
      vertex -29 16.6 1
      vertex -16 16.6 1
    endloop
  endfacet
  facet normal 0 1 0
    outer loop
      vertex -29 16.6 1
      vertex -16 16.6 0
      vertex -29 16.6 0
    endloop
  endfacet
  facet normal 0 1 -0
    outer loop
      vertex -1 16.6 0
      vertex -14 16.6 1
      vertex -1 16.6 1
    endloop
  endfacet
  facet normal 0 1 0
    outer loop
      vertex -14 16.6 1
      vertex -1 16.6 0
      vertex -14 16.6 0
    endloop
  endfacet
  facet normal 0 1 -0
    outer loop
      vertex 14 16.6 0
      vertex 1 16.6 1
      vertex 14 16.6 1
    endloop
  endfacet
  facet normal 0 1 0
    outer loop
      vertex 1 16.6 1
      vertex 14 16.6 0
      vertex 1 16.6 0
    endloop
  endfacet
  facet normal 0 1 -0
    outer loop
      vertex 29 16.6 0
      vertex 16 16.6 1
      vertex 29 16.6 1
    endloop
  endfacet
  facet normal 0 1 0
    outer loop
      vertex 16 16.6 1
      vertex 29 16.6 0
      vertex 16 16.6 0
    endloop
  endfacet
  facet normal 0 1 -0
    outer loop
      vertex 44 16.6 0
      vertex 31 16.6 1
      vertex 44 16.6 1
    endloop
  endfacet
  facet normal 0 1 0
    outer loop
      vertex 31 16.6 1
      vertex 44 16.6 0
      vertex 31 16.6 0
    endloop
  endfacet
  facet normal 0 1 -0
    outer loop
      vertex 59 16.6 0
      vertex 46 16.6 1
      vertex 59 16.6 1
    endloop
  endfacet
  facet normal 0 1 0
    outer loop
      vertex 46 16.6 1
      vertex 59 16.6 0
      vertex 46 16.6 0
    endloop
  endfacet
  facet normal 0.707107 -0 0.707106
    outer loop
      vertex 74.005 10.6 1
      vertex 75 16.6 0.00499916
      vertex 74.005 16.6 1
    endloop
  endfacet
  facet normal 0.707107 0 0.707106
    outer loop
      vertex 75 16.6 0.00499916
      vertex 74.005 10.6 1
      vertex 75 9 0.00499916
    endloop
  endfacet
  facet normal 0.707103 5.84348e-06 0.707111
    outer loop
      vertex 72.815 9 2.19
      vertex 74.005 10.6 1
      vertex 73.105 10.6 1.89999
    endloop
  endfacet
  facet normal 0.707107 -2.02181e-07 0.707107
    outer loop
      vertex 74.005 10.6 1
      vertex 72.815 9 2.19
      vertex 75 9 0.00499916
    endloop
  endfacet
  facet normal 0.70707 -1.8997e-05 0.707144
    outer loop
      vertex 72.0443 10.1607 2.96065
      vertex 72.815 9 2.19
      vertex 72.531 10.4858 2.47401
    endloop
  endfacet
  facet normal 0.707119 -4.79233e-08 0.707094
    outer loop
      vertex 72.531 10.4858 2.47401
      vertex 72.815 9 2.19
      vertex 73.105 10.6 1.89999
    endloop
  endfacet
  facet normal 0.707107 0 0.707106
    outer loop
      vertex 75 -9 0.00499916
      vertex 74.005 -10.6 1
      vertex 75 -16.6 0.00499916
    endloop
  endfacet
  facet normal 0.707107 2.02181e-07 0.707107
    outer loop
      vertex 72.815 -9 2.19
      vertex 74.005 -10.6 1
      vertex 75 -9 0.00499916
    endloop
  endfacet
  facet normal 0.707103 -5.84348e-06 0.707111
    outer loop
      vertex 74.005 -10.6 1
      vertex 72.815 -9 2.19
      vertex 73.105 -10.6 1.89999
    endloop
  endfacet
  facet normal 0.707119 4.79233e-08 0.707094
    outer loop
      vertex 72.815 -9 2.19
      vertex 72.531 -10.4858 2.47401
      vertex 73.105 -10.6 1.89999
    endloop
  endfacet
  facet normal 0.707104 0 0.70711
    outer loop
      vertex 72.815 9 2.19
      vertex 71.605 9.09999 3.39999
      vertex 72.815 -9 2.19
    endloop
  endfacet
  facet normal 0.707128 5.87302e-05 0.707085
    outer loop
      vertex 71.7192 9.67401 3.28581
      vertex 72.815 9 2.19
      vertex 72.0443 10.1607 2.96065
    endloop
  endfacet
  facet normal 0.707104 -0 0.70711
    outer loop
      vertex 71.605 -9.09999 3.39999
      vertex 72.815 -9 2.19
      vertex 71.605 9.09999 3.39999
    endloop
  endfacet
  facet normal 0.707103 -2.30948e-05 0.707111
    outer loop
      vertex 72.815 9 2.19
      vertex 71.7192 9.67401 3.28581
      vertex 71.605 9.09999 3.39999
    endloop
  endfacet
  facet normal 0.707103 2.30948e-05 0.707111
    outer loop
      vertex 71.7192 -9.67401 3.28581
      vertex 72.815 -9 2.19
      vertex 71.605 -9.09999 3.39999
    endloop
  endfacet
  facet normal 0.70707 1.8997e-05 0.707144
    outer loop
      vertex 72.815 -9 2.19
      vertex 72.0443 -10.1607 2.96065
      vertex 72.531 -10.4858 2.47401
    endloop
  endfacet
  facet normal 0.707128 -5.87302e-05 0.707085
    outer loop
      vertex 72.815 -9 2.19
      vertex 71.7192 -9.67401 3.28581
      vertex 72.0443 -10.1607 2.96065
    endloop
  endfacet
  facet normal 0.707107 0 0.707106
    outer loop
      vertex 75 -16.6 0.00499916
      vertex 74.005 -10.6 1
      vertex 74.005 -16.6 1
    endloop
  endfacet
  facet normal -0.707107 0 0.707106
    outer loop
      vertex -74.005 16.6 1
      vertex -75 16.6 0.00499916
      vertex -74.005 10.6 1
    endloop
  endfacet
  facet normal -0.707103 -2.30948e-05 0.707111
    outer loop
      vertex -72.815 9 2.19
      vertex -71.605 9.09999 3.39999
      vertex -71.7192 9.67401 3.28581
    endloop
  endfacet
  facet normal -0.707104 0 0.70711
    outer loop
      vertex -71.605 9.09999 3.39999
      vertex -72.815 9 2.19
      vertex -71.605 -9.09999 3.39999
    endloop
  endfacet
  facet normal -0.707128 5.87302e-05 0.707085
    outer loop
      vertex -72.815 9 2.19
      vertex -71.7192 9.67401 3.28581
      vertex -72.0443 10.1607 2.96065
    endloop
  endfacet
  facet normal -0.707104 0 0.70711
    outer loop
      vertex -72.815 -9 2.19
      vertex -71.605 -9.09999 3.39999
      vertex -72.815 9 2.19
    endloop
  endfacet
  facet normal -0.70707 -1.8997e-05 0.707144
    outer loop
      vertex -72.815 9 2.19
      vertex -72.0443 10.1607 2.96065
      vertex -72.531 10.4858 2.47401
    endloop
  endfacet
  facet normal -0.707103 2.30948e-05 0.707111
    outer loop
      vertex -71.605 -9.09999 3.39999
      vertex -72.815 -9 2.19
      vertex -71.7192 -9.67401 3.28581
    endloop
  endfacet
  facet normal -0.707128 -5.87302e-05 0.707085
    outer loop
      vertex -71.7192 -9.67401 3.28581
      vertex -72.815 -9 2.19
      vertex -72.0443 -10.1607 2.96065
    endloop
  endfacet
  facet normal -0.707119 -4.79233e-08 0.707094
    outer loop
      vertex -73.105 10.6 1.89999
      vertex -72.815 9 2.19
      vertex -72.531 10.4858 2.47401
    endloop
  endfacet
  facet normal -0.707103 5.84348e-06 0.707111
    outer loop
      vertex -74.005 10.6 1
      vertex -72.815 9 2.19
      vertex -73.105 10.6 1.89999
    endloop
  endfacet
  facet normal -0.707107 -2.02181e-07 0.707107
    outer loop
      vertex -74.005 10.6 1
      vertex -75 9 0.00499916
      vertex -72.815 9 2.19
    endloop
  endfacet
  facet normal -0.707107 0 0.707106
    outer loop
      vertex -75 9 0.00499916
      vertex -74.005 10.6 1
      vertex -75 16.6 0.00499916
    endloop
  endfacet
  facet normal -0.70707 1.8997e-05 0.707144
    outer loop
      vertex -72.0443 -10.1607 2.96065
      vertex -72.815 -9 2.19
      vertex -72.531 -10.4858 2.47401
    endloop
  endfacet
  facet normal -0.707119 4.79233e-08 0.707094
    outer loop
      vertex -72.815 -9 2.19
      vertex -73.105 -10.6 1.89999
      vertex -72.531 -10.4858 2.47401
    endloop
  endfacet
  facet normal -0.707103 -5.84348e-06 0.707111
    outer loop
      vertex -72.815 -9 2.19
      vertex -74.005 -10.6 1
      vertex -73.105 -10.6 1.89999
    endloop
  endfacet
  facet normal -0.707107 2.02181e-07 0.707107
    outer loop
      vertex -75 -9 0.00499916
      vertex -74.005 -10.6 1
      vertex -72.815 -9 2.19
    endloop
  endfacet
  facet normal -0.707107 0 0.707106
    outer loop
      vertex -75 -16.6 0.00499916
      vertex -74.005 -10.6 1
      vertex -75 -9 0.00499916
    endloop
  endfacet
  facet normal -0.707107 0 0.707106
    outer loop
      vertex -74.005 -10.6 1
      vertex -75 -16.6 0.00499916
      vertex -74.005 -16.6 1
    endloop
  endfacet
  facet normal 1 -0 0
    outer loop
      vertex -61 -16.6 1
      vertex -61 -10.6 0
      vertex -61 -10.6 1
    endloop
  endfacet
  facet normal 1 0 0
    outer loop
      vertex -61 -10.6 0
      vertex -61 -16.6 1
      vertex -61 -16.6 0
    endloop
  endfacet
  facet normal -1 0 0
    outer loop
      vertex -59 -16.6 0
      vertex -59 -10.6 1
      vertex -59 -10.6 0
    endloop
  endfacet
  facet normal -1 -0 0
    outer loop
      vertex -59 -10.6 1
      vertex -59 -16.6 0
      vertex -59 -16.6 1
    endloop
  endfacet
  facet normal 0 -1 0
    outer loop
      vertex -61 -10.6 0
      vertex -59 -10.6 1
      vertex -61 -10.6 1
    endloop
  endfacet
  facet normal 0 -1 -0
    outer loop
      vertex -59 -10.6 1
      vertex -61 -10.6 0
      vertex -59 -10.6 0
    endloop
  endfacet
  facet normal 1 -0 0
    outer loop
      vertex -61 10.6 1
      vertex -61 16.6 0
      vertex -61 16.6 1
    endloop
  endfacet
  facet normal 1 0 0
    outer loop
      vertex -61 16.6 0
      vertex -61 10.6 1
      vertex -61 10.6 0
    endloop
  endfacet
  facet normal -1 0 0
    outer loop
      vertex -59 10.6 0
      vertex -59 16.6 1
      vertex -59 16.6 0
    endloop
  endfacet
  facet normal -1 -0 0
    outer loop
      vertex -59 16.6 1
      vertex -59 10.6 0
      vertex -59 10.6 1
    endloop
  endfacet
  facet normal 0 1 -0
    outer loop
      vertex -59 10.6 0
      vertex -61 10.6 1
      vertex -59 10.6 1
    endloop
  endfacet
  facet normal 0 1 0
    outer loop
      vertex -61 10.6 1
      vertex -59 10.6 0
      vertex -61 10.6 0
    endloop
  endfacet
  facet normal 1 -0 0
    outer loop
      vertex -46 -16.6 1
      vertex -46 -10.6 0
      vertex -46 -10.6 1
    endloop
  endfacet
  facet normal 1 0 0
    outer loop
      vertex -46 -10.6 0
      vertex -46 -16.6 1
      vertex -46 -16.6 0
    endloop
  endfacet
  facet normal -1 0 0
    outer loop
      vertex -44 -16.6 0
      vertex -44 -10.6 1
      vertex -44 -10.6 0
    endloop
  endfacet
  facet normal -1 -0 0
    outer loop
      vertex -44 -10.6 1
      vertex -44 -16.6 0
      vertex -44 -16.6 1
    endloop
  endfacet
  facet normal 0 -1 0
    outer loop
      vertex -46 -10.6 0
      vertex -44 -10.6 1
      vertex -46 -10.6 1
    endloop
  endfacet
  facet normal 0 -1 -0
    outer loop
      vertex -44 -10.6 1
      vertex -46 -10.6 0
      vertex -44 -10.6 0
    endloop
  endfacet
  facet normal 1 -0 0
    outer loop
      vertex -46 10.6 1
      vertex -46 16.6 0
      vertex -46 16.6 1
    endloop
  endfacet
  facet normal 1 0 0
    outer loop
      vertex -46 16.6 0
      vertex -46 10.6 1
      vertex -46 10.6 0
    endloop
  endfacet
  facet normal -1 0 0
    outer loop
      vertex -44 10.6 0
      vertex -44 16.6 1
      vertex -44 16.6 0
    endloop
  endfacet
  facet normal -1 -0 0
    outer loop
      vertex -44 16.6 1
      vertex -44 10.6 0
      vertex -44 10.6 1
    endloop
  endfacet
  facet normal 0 1 -0
    outer loop
      vertex -44 10.6 0
      vertex -46 10.6 1
      vertex -44 10.6 1
    endloop
  endfacet
  facet normal 0 1 0
    outer loop
      vertex -46 10.6 1
      vertex -44 10.6 0
      vertex -46 10.6 0
    endloop
  endfacet
  facet normal 1 -0 0
    outer loop
      vertex -31 -16.6 1
      vertex -31 -10.6 0
      vertex -31 -10.6 1
    endloop
  endfacet
  facet normal 1 0 0
    outer loop
      vertex -31 -10.6 0
      vertex -31 -16.6 1
      vertex -31 -16.6 0
    endloop
  endfacet
  facet normal -1 0 0
    outer loop
      vertex -29 -16.6 0
      vertex -29 -10.6 1
      vertex -29 -10.6 0
    endloop
  endfacet
  facet normal -1 -0 0
    outer loop
      vertex -29 -10.6 1
      vertex -29 -16.6 0
      vertex -29 -16.6 1
    endloop
  endfacet
  facet normal 0 -1 0
    outer loop
      vertex -31 -10.6 0
      vertex -29 -10.6 1
      vertex -31 -10.6 1
    endloop
  endfacet
  facet normal 0 -1 -0
    outer loop
      vertex -29 -10.6 1
      vertex -31 -10.6 0
      vertex -29 -10.6 0
    endloop
  endfacet
  facet normal 1 -0 0
    outer loop
      vertex -31 10.6 1
      vertex -31 16.6 0
      vertex -31 16.6 1
    endloop
  endfacet
  facet normal 1 0 0
    outer loop
      vertex -31 16.6 0
      vertex -31 10.6 1
      vertex -31 10.6 0
    endloop
  endfacet
  facet normal -1 0 0
    outer loop
      vertex -29 10.6 0
      vertex -29 16.6 1
      vertex -29 16.6 0
    endloop
  endfacet
  facet normal -1 -0 0
    outer loop
      vertex -29 16.6 1
      vertex -29 10.6 0
      vertex -29 10.6 1
    endloop
  endfacet
  facet normal 0 1 -0
    outer loop
      vertex -29 10.6 0
      vertex -31 10.6 1
      vertex -29 10.6 1
    endloop
  endfacet
  facet normal 0 1 0
    outer loop
      vertex -31 10.6 1
      vertex -29 10.6 0
      vertex -31 10.6 0
    endloop
  endfacet
  facet normal 1 -0 0
    outer loop
      vertex -16 -16.6 1
      vertex -16 -10.6 0
      vertex -16 -10.6 1
    endloop
  endfacet
  facet normal 1 0 0
    outer loop
      vertex -16 -10.6 0
      vertex -16 -16.6 1
      vertex -16 -16.6 0
    endloop
  endfacet
  facet normal -1 0 0
    outer loop
      vertex -14 -16.6 0
      vertex -14 -10.6 1
      vertex -14 -10.6 0
    endloop
  endfacet
  facet normal -1 -0 0
    outer loop
      vertex -14 -10.6 1
      vertex -14 -16.6 0
      vertex -14 -16.6 1
    endloop
  endfacet
  facet normal 0 -1 0
    outer loop
      vertex -16 -10.6 0
      vertex -14 -10.6 1
      vertex -16 -10.6 1
    endloop
  endfacet
  facet normal 0 -1 -0
    outer loop
      vertex -14 -10.6 1
      vertex -16 -10.6 0
      vertex -14 -10.6 0
    endloop
  endfacet
  facet normal 1 -0 0
    outer loop
      vertex -16 10.6 1
      vertex -16 16.6 0
      vertex -16 16.6 1
    endloop
  endfacet
  facet normal 1 0 0
    outer loop
      vertex -16 16.6 0
      vertex -16 10.6 1
      vertex -16 10.6 0
    endloop
  endfacet
  facet normal -1 0 0
    outer loop
      vertex -14 10.6 0
      vertex -14 16.6 1
      vertex -14 16.6 0
    endloop
  endfacet
  facet normal -1 -0 0
    outer loop
      vertex -14 16.6 1
      vertex -14 10.6 0
      vertex -14 10.6 1
    endloop
  endfacet
  facet normal 0 1 -0
    outer loop
      vertex -14 10.6 0
      vertex -16 10.6 1
      vertex -14 10.6 1
    endloop
  endfacet
  facet normal 0 1 0
    outer loop
      vertex -16 10.6 1
      vertex -14 10.6 0
      vertex -16 10.6 0
    endloop
  endfacet
  facet normal 1 -0 0
    outer loop
      vertex -1 -16.6 1
      vertex -1 -10.6 0
      vertex -1 -10.6 1
    endloop
  endfacet
  facet normal 1 0 0
    outer loop
      vertex -1 -10.6 0
      vertex -1 -16.6 1
      vertex -1 -16.6 0
    endloop
  endfacet
  facet normal -1 0 0
    outer loop
      vertex 1 -16.6 0
      vertex 1 -10.6 1
      vertex 1 -10.6 0
    endloop
  endfacet
  facet normal -1 -0 0
    outer loop
      vertex 1 -10.6 1
      vertex 1 -16.6 0
      vertex 1 -16.6 1
    endloop
  endfacet
  facet normal 0 -1 0
    outer loop
      vertex -1 -10.6 0
      vertex 1 -10.6 1
      vertex -1 -10.6 1
    endloop
  endfacet
  facet normal 0 -1 -0
    outer loop
      vertex 1 -10.6 1
      vertex -1 -10.6 0
      vertex 1 -10.6 0
    endloop
  endfacet
  facet normal 1 -0 0
    outer loop
      vertex -1 10.6 1
      vertex -1 16.6 0
      vertex -1 16.6 1
    endloop
  endfacet
  facet normal 1 0 0
    outer loop
      vertex -1 16.6 0
      vertex -1 10.6 1
      vertex -1 10.6 0
    endloop
  endfacet
  facet normal -1 0 0
    outer loop
      vertex 1 10.6 0
      vertex 1 16.6 1
      vertex 1 16.6 0
    endloop
  endfacet
  facet normal -1 -0 0
    outer loop
      vertex 1 16.6 1
      vertex 1 10.6 0
      vertex 1 10.6 1
    endloop
  endfacet
  facet normal 0 1 -0
    outer loop
      vertex 1 10.6 0
      vertex -1 10.6 1
      vertex 1 10.6 1
    endloop
  endfacet
  facet normal 0 1 0
    outer loop
      vertex -1 10.6 1
      vertex 1 10.6 0
      vertex -1 10.6 0
    endloop
  endfacet
  facet normal 1 -0 0
    outer loop
      vertex 14 -16.6 1
      vertex 14 -10.6 0
      vertex 14 -10.6 1
    endloop
  endfacet
  facet normal 1 0 0
    outer loop
      vertex 14 -10.6 0
      vertex 14 -16.6 1
      vertex 14 -16.6 0
    endloop
  endfacet
  facet normal -1 0 0
    outer loop
      vertex 16 -16.6 0
      vertex 16 -10.6 1
      vertex 16 -10.6 0
    endloop
  endfacet
  facet normal -1 -0 0
    outer loop
      vertex 16 -10.6 1
      vertex 16 -16.6 0
      vertex 16 -16.6 1
    endloop
  endfacet
  facet normal 0 -1 0
    outer loop
      vertex 14 -10.6 0
      vertex 16 -10.6 1
      vertex 14 -10.6 1
    endloop
  endfacet
  facet normal 0 -1 -0
    outer loop
      vertex 16 -10.6 1
      vertex 14 -10.6 0
      vertex 16 -10.6 0
    endloop
  endfacet
  facet normal 1 -0 0
    outer loop
      vertex 14 10.6 1
      vertex 14 16.6 0
      vertex 14 16.6 1
    endloop
  endfacet
  facet normal 1 0 0
    outer loop
      vertex 14 16.6 0
      vertex 14 10.6 1
      vertex 14 10.6 0
    endloop
  endfacet
  facet normal -1 0 0
    outer loop
      vertex 16 10.6 0
      vertex 16 16.6 1
      vertex 16 16.6 0
    endloop
  endfacet
  facet normal -1 -0 0
    outer loop
      vertex 16 16.6 1
      vertex 16 10.6 0
      vertex 16 10.6 1
    endloop
  endfacet
  facet normal 0 1 -0
    outer loop
      vertex 16 10.6 0
      vertex 14 10.6 1
      vertex 16 10.6 1
    endloop
  endfacet
  facet normal 0 1 0
    outer loop
      vertex 14 10.6 1
      vertex 16 10.6 0
      vertex 14 10.6 0
    endloop
  endfacet
  facet normal 1 -0 0
    outer loop
      vertex 29 -16.6 1
      vertex 29 -10.6 0
      vertex 29 -10.6 1
    endloop
  endfacet
  facet normal 1 0 0
    outer loop
      vertex 29 -10.6 0
      vertex 29 -16.6 1
      vertex 29 -16.6 0
    endloop
  endfacet
  facet normal -1 0 0
    outer loop
      vertex 31 -16.6 0
      vertex 31 -10.6 1
      vertex 31 -10.6 0
    endloop
  endfacet
  facet normal -1 -0 0
    outer loop
      vertex 31 -10.6 1
      vertex 31 -16.6 0
      vertex 31 -16.6 1
    endloop
  endfacet
  facet normal 0 -1 0
    outer loop
      vertex 29 -10.6 0
      vertex 31 -10.6 1
      vertex 29 -10.6 1
    endloop
  endfacet
  facet normal 0 -1 -0
    outer loop
      vertex 31 -10.6 1
      vertex 29 -10.6 0
      vertex 31 -10.6 0
    endloop
  endfacet
  facet normal 1 -0 0
    outer loop
      vertex 29 10.6 1
      vertex 29 16.6 0
      vertex 29 16.6 1
    endloop
  endfacet
  facet normal 1 0 0
    outer loop
      vertex 29 16.6 0
      vertex 29 10.6 1
      vertex 29 10.6 0
    endloop
  endfacet
  facet normal -1 0 0
    outer loop
      vertex 31 10.6 0
      vertex 31 16.6 1
      vertex 31 16.6 0
    endloop
  endfacet
  facet normal -1 -0 0
    outer loop
      vertex 31 16.6 1
      vertex 31 10.6 0
      vertex 31 10.6 1
    endloop
  endfacet
  facet normal 0 1 -0
    outer loop
      vertex 31 10.6 0
      vertex 29 10.6 1
      vertex 31 10.6 1
    endloop
  endfacet
  facet normal 0 1 0
    outer loop
      vertex 29 10.6 1
      vertex 31 10.6 0
      vertex 29 10.6 0
    endloop
  endfacet
  facet normal 1 -0 0
    outer loop
      vertex 44 -16.6 1
      vertex 44 -10.6 0
      vertex 44 -10.6 1
    endloop
  endfacet
  facet normal 1 0 0
    outer loop
      vertex 44 -10.6 0
      vertex 44 -16.6 1
      vertex 44 -16.6 0
    endloop
  endfacet
  facet normal -1 0 0
    outer loop
      vertex 46 -16.6 0
      vertex 46 -10.6 1
      vertex 46 -10.6 0
    endloop
  endfacet
  facet normal -1 -0 0
    outer loop
      vertex 46 -10.6 1
      vertex 46 -16.6 0
      vertex 46 -16.6 1
    endloop
  endfacet
  facet normal 0 -1 0
    outer loop
      vertex 44 -10.6 0
      vertex 46 -10.6 1
      vertex 44 -10.6 1
    endloop
  endfacet
  facet normal 0 -1 -0
    outer loop
      vertex 46 -10.6 1
      vertex 44 -10.6 0
      vertex 46 -10.6 0
    endloop
  endfacet
  facet normal 1 -0 0
    outer loop
      vertex 44 10.6 1
      vertex 44 16.6 0
      vertex 44 16.6 1
    endloop
  endfacet
  facet normal 1 0 0
    outer loop
      vertex 44 16.6 0
      vertex 44 10.6 1
      vertex 44 10.6 0
    endloop
  endfacet
  facet normal -1 0 0
    outer loop
      vertex 46 10.6 0
      vertex 46 16.6 1
      vertex 46 16.6 0
    endloop
  endfacet
  facet normal -1 -0 0
    outer loop
      vertex 46 16.6 1
      vertex 46 10.6 0
      vertex 46 10.6 1
    endloop
  endfacet
  facet normal 0 1 -0
    outer loop
      vertex 46 10.6 0
      vertex 44 10.6 1
      vertex 46 10.6 1
    endloop
  endfacet
  facet normal 0 1 0
    outer loop
      vertex 44 10.6 1
      vertex 46 10.6 0
      vertex 44 10.6 0
    endloop
  endfacet
  facet normal 1 -0 0
    outer loop
      vertex 59 -16.6 1
      vertex 59 -10.6 0
      vertex 59 -10.6 1
    endloop
  endfacet
  facet normal 1 0 0
    outer loop
      vertex 59 -10.6 0
      vertex 59 -16.6 1
      vertex 59 -16.6 0
    endloop
  endfacet
  facet normal -1 0 0
    outer loop
      vertex 61 -16.6 0
      vertex 61 -10.6 1
      vertex 61 -10.6 0
    endloop
  endfacet
  facet normal -1 -0 0
    outer loop
      vertex 61 -10.6 1
      vertex 61 -16.6 0
      vertex 61 -16.6 1
    endloop
  endfacet
  facet normal 0 -1 0
    outer loop
      vertex 59 -10.6 0
      vertex 61 -10.6 1
      vertex 59 -10.6 1
    endloop
  endfacet
  facet normal 0 -1 -0
    outer loop
      vertex 61 -10.6 1
      vertex 59 -10.6 0
      vertex 61 -10.6 0
    endloop
  endfacet
  facet normal 1 -0 0
    outer loop
      vertex 59 10.6 1
      vertex 59 16.6 0
      vertex 59 16.6 1
    endloop
  endfacet
  facet normal 1 0 0
    outer loop
      vertex 59 16.6 0
      vertex 59 10.6 1
      vertex 59 10.6 0
    endloop
  endfacet
  facet normal -1 0 0
    outer loop
      vertex 61 10.6 0
      vertex 61 16.6 1
      vertex 61 16.6 0
    endloop
  endfacet
  facet normal -1 -0 0
    outer loop
      vertex 61 16.6 1
      vertex 61 10.6 0
      vertex 61 10.6 1
    endloop
  endfacet
  facet normal 0 1 -0
    outer loop
      vertex 61 10.6 0
      vertex 59 10.6 1
      vertex 61 10.6 1
    endloop
  endfacet
  facet normal 0 1 0
    outer loop
      vertex 59 10.6 1
      vertex 61 10.6 0
      vertex 59 10.6 0
    endloop
  endfacet
  facet normal 0 -1 0
    outer loop
      vertex -75 9 0
      vertex -72.815 9 2.19
      vertex -75 9 0.00499916
    endloop
  endfacet
  facet normal 0 -1 -0
    outer loop
      vertex -72.815 9 2.19
      vertex -75 9 0
      vertex 72.815 9 2.19
    endloop
  endfacet
  facet normal 0 -1 0
    outer loop
      vertex 75 9 0
      vertex 72.815 9 2.19
      vertex -75 9 0
    endloop
  endfacet
  facet normal 0 -1 0
    outer loop
      vertex 72.815 9 2.19
      vertex 75 9 0
      vertex 75 9 0.00499916
    endloop
  endfacet
  facet normal 0 1 -0
    outer loop
      vertex 75 -9 0
      vertex 72.815 -9 2.19
      vertex 75 -9 0.00499916
    endloop
  endfacet
  facet normal 0 1 0
    outer loop
      vertex 72.815 -9 2.19
      vertex 75 -9 0
      vertex -72.815 -9 2.19
    endloop
  endfacet
  facet normal 0 1 0
    outer loop
      vertex -75 -9 0
      vertex -72.815 -9 2.19
      vertex 75 -9 0
    endloop
  endfacet
  facet normal 0 1 0
    outer loop
      vertex -72.815 -9 2.19
      vertex -75 -9 0
      vertex -75 -9 0.00499916
    endloop
  endfacet
  facet normal 0 0 -1
    outer loop
      vertex -72.815 -9 2.19
      vertex 72.815 9 2.19
      vertex 72.815 -9 2.19
    endloop
  endfacet
  facet normal -0 0 -1
    outer loop
      vertex 72.815 9 2.19
      vertex -72.815 -9 2.19
      vertex -72.815 9 2.19
    endloop
  endfacet
  facet normal -0 0 1
    outer loop
      vertex -58.5342 0.332764 2.8
      vertex -57.8975 0.0458221 2.8
      vertex -57.9401 0.467834 2.8
    endloop
  endfacet
  facet normal 0 0 1
    outer loop
      vertex -57.8975 0.0458221 2.8
      vertex -58.5098 0.0458221 2.8
      vertex -57.9172 -0.24057 2.8
    endloop
  endfacet
  facet normal -0 0 1
    outer loop
      vertex -58.6075 0.575195 2.8
      vertex -57.9401 0.467834 2.8
      vertex -58.0679 0.825211 2.8
    endloop
  endfacet
  facet normal 0 0 1
    outer loop
      vertex -58.5341 -0.253677 2.8
      vertex -57.9172 -0.24057 2.8
      vertex -58.5098 0.0458221 2.8
    endloop
  endfacet
  facet normal 0 0 1
    outer loop
      vertex -57.9172 -0.24057 2.8
      vertex -58.5341 -0.253677 2.8
      vertex -57.9762 -0.503006 2.8
    endloop
  endfacet
  facet normal 0 0 1
    outer loop
      vertex -58.6075 0.575195 2.8
      vertex -58.0679 0.825211 2.8
      vertex -58.281 1.11792 2.8
    endloop
  endfacet
  facet normal 0 0 1
    outer loop
      vertex -58.607 -0.503906 2.8
      vertex -57.9762 -0.503006 2.8
      vertex -58.5341 -0.253677 2.8
    endloop
  endfacet
  facet normal 0 0 1
    outer loop
      vertex -57.9762 -0.503006 2.8
      vertex -58.607 -0.503906 2.8
      vertex -58.0745 -0.741486 2.8
    endloop
  endfacet
  facet normal 0 0 1
    outer loop
      vertex -57.8975 0.0458221 2.8
      vertex -58.5342 0.332764 2.8
      vertex -58.5098 0.0458221 2.8
    endloop
  endfacet
  facet normal 0 0 1
    outer loop
      vertex -58.7295 0.773071 2.8
      vertex -58.281 1.11792 2.8
      vertex -58.5697 1.33493 2.8
    endloop
  endfacet
  facet normal 0 0 1
    outer loop
      vertex -57.9401 0.467834 2.8
      vertex -58.6075 0.575195 2.8
      vertex -58.5342 0.332764 2.8
    endloop
  endfacet
  facet normal 0 0 1
    outer loop
      vertex -58.281 1.11792 2.8
      vertex -58.7295 0.773071 2.8
      vertex -58.6075 0.575195 2.8
    endloop
  endfacet
  facet normal 0 0 1
    outer loop
      vertex -58.5697 1.33493 2.8
      vertex -58.8957 0.919449 2.8
      vertex -58.7295 0.773071 2.8
    endloop
  endfacet
  facet normal 0 0 1
    outer loop
      vertex -58.9247 1.46513 2.8
      vertex -58.8957 0.919449 2.8
      vertex -58.5697 1.33493 2.8
    endloop
  endfacet
  facet normal 0 0 1
    outer loop
      vertex -58.9247 1.46513 2.8
      vertex -59.1012 1.00726 2.8
      vertex -58.8957 0.919449 2.8
    endloop
  endfacet
  facet normal 0 0 1
    outer loop
      vertex -59.3459 1.50853 2.8
      vertex -59.1012 1.00726 2.8
      vertex -58.9247 1.46513 2.8
    endloop
  endfacet
  facet normal 0 0 1
    outer loop
      vertex -59.3459 1.50853 2.8
      vertex -59.3459 1.03654 2.8
      vertex -59.1012 1.00726 2.8
    endloop
  endfacet
  facet normal 0 0 1
    outer loop
      vertex -59.3459 1.50853 2.8
      vertex -59.5941 1.00749 2.8
      vertex -59.3459 1.03654 2.8
    endloop
  endfacet
  facet normal -0 0 1
    outer loop
      vertex -59.7671 1.46558 2.8
      vertex -59.5941 1.00749 2.8
      vertex -59.3459 1.50853 2.8
    endloop
  endfacet
  facet normal 0 0 1
    outer loop
      vertex -59.7671 1.46558 2.8
      vertex -59.8017 0.920349 2.8
      vertex -59.5941 1.00749 2.8
    endloop
  endfacet
  facet normal -0 0 1
    outer loop
      vertex -60.1217 1.33673 2.8
      vertex -59.8017 0.920349 2.8
      vertex -59.7671 1.46558 2.8
    endloop
  endfacet
  facet normal 0 0 1
    outer loop
      vertex -59.8017 0.920349 2.8
      vertex -60.1217 1.33673 2.8
      vertex -59.9685 0.775116 2.8
    endloop
  endfacet
  facet normal -0 0 1
    outer loop
      vertex -60.4099 1.12198 2.8
      vertex -59.9685 0.775116 2.8
      vertex -60.1217 1.33673 2.8
    endloop
  endfacet
  facet normal 0 0 1
    outer loop
      vertex -59.9685 0.775116 2.8
      vertex -60.4099 1.12198 2.8
      vertex -60.0905 0.577911 2.8
    endloop
  endfacet
  facet normal -0 0 1
    outer loop
      vertex -60.6224 0.830612 2.8
      vertex -60.0905 0.577911 2.8
      vertex -60.4099 1.12198 2.8
    endloop
  endfacet
  facet normal 0 0 1
    outer loop
      vertex -60.7499 0.471893 2.8
      vertex -60.0905 0.577911 2.8
      vertex -60.6224 0.830612 2.8
    endloop
  endfacet
  facet normal 0 0 1
    outer loop
      vertex -60.0905 0.577911 2.8
      vertex -60.7499 0.471893 2.8
      vertex -60.1638 0.334808 2.8
    endloop
  endfacet
  facet normal 0 -0 1
    outer loop
      vertex -60.7498 -0.382645 2.8
      vertex -60.1882 0.0458221 2.8
      vertex -60.7924 0.0458221 2.8
    endloop
  endfacet
  facet normal 0 0 1
    outer loop
      vertex -60.7924 0.0458221 2.8
      vertex -60.1638 0.334808 2.8
      vertex -60.7499 0.471893 2.8
    endloop
  endfacet
  facet normal 0 -0 1
    outer loop
      vertex -60.622 -0.745773 2.8
      vertex -60.1882 0.0458221 2.8
      vertex -60.7498 -0.382645 2.8
    endloop
  endfacet
  facet normal 0 0 1
    outer loop
      vertex -60.1638 0.334808 2.8
      vertex -60.7924 0.0458221 2.8
      vertex -60.1882 0.0458221 2.8
    endloop
  endfacet
  facet normal 0 0 1
    outer loop
      vertex -60.1882 0.0458221 2.8
      vertex -60.622 -0.745773 2.8
      vertex -60.4089 -1.04359 2.8
    endloop
  endfacet
  facet normal 0 0 1
    outer loop
      vertex -58.0745 -0.741486 2.8
      vertex -58.607 -0.503906 2.8
      vertex -58.2094 -0.950226 2.8
    endloop
  endfacet
  facet normal -0 0 1
    outer loop
      vertex -58.7285 -0.704865 2.8
      vertex -58.2094 -0.950226 2.8
      vertex -58.607 -0.503906 2.8
    endloop
  endfacet
  facet normal 0 0 1
    outer loop
      vertex -58.2094 -0.950226 2.8
      vertex -58.7285 -0.704865 2.8
      vertex -58.3783 -1.12349 2.8
    endloop
  endfacet
  facet normal 0 0 1
    outer loop
      vertex -58.3783 -1.12349 2.8
      vertex -58.7285 -0.704865 2.8
      vertex -58.581 -1.26126 2.8
    endloop
  endfacet
  facet normal -0 0 1
    outer loop
      vertex -58.8948 -0.851791 2.8
      vertex -58.581 -1.26126 2.8
      vertex -58.7285 -0.704865 2.8
    endloop
  endfacet
  facet normal 0 0 1
    outer loop
      vertex -58.581 -1.26126 2.8
      vertex -58.8948 -0.851791 2.8
      vertex -58.8129 -1.36128 2.8
    endloop
  endfacet
  facet normal -0 0 1
    outer loop
      vertex -59.1019 -0.939957 2.8
      vertex -58.8129 -1.36128 2.8
      vertex -58.8948 -0.851791 2.8
    endloop
  endfacet
  facet normal 0 0 1
    outer loop
      vertex -58.8129 -1.36128 2.8
      vertex -59.1019 -0.939957 2.8
      vertex -59.0693 -1.4213 2.8
    endloop
  endfacet
  facet normal -0 0 1
    outer loop
      vertex -59.35 -0.96933 2.8
      vertex -59.0693 -1.4213 2.8
      vertex -59.1019 -0.939957 2.8
    endloop
  endfacet
  facet normal 0 0 1
    outer loop
      vertex -59.35 -0.96933 2.8
      vertex -59.35 -1.4413 2.8
      vertex -59.0693 -1.4213 2.8
    endloop
  endfacet
  facet normal 0 0 1
    outer loop
      vertex -59.5909 -0.939163 2.8
      vertex -59.35 -1.4413 2.8
      vertex -59.35 -0.96933 2.8
    endloop
  endfacet
  facet normal 0 0 1
    outer loop
      vertex -59.5909 -0.939163 2.8
      vertex -59.7679 -1.39711 2.8
      vertex -59.35 -1.4413 2.8
    endloop
  endfacet
  facet normal 0 0 1
    outer loop
      vertex -59.7953 -0.848633 2.8
      vertex -59.7679 -1.39711 2.8
      vertex -59.5909 -0.939163 2.8
    endloop
  endfacet
  facet normal 0 0 1
    outer loop
      vertex -60.1208 -1.26454 2.8
      vertex -59.7953 -0.848633 2.8
      vertex -59.9634 -0.697754 2.8
    endloop
  endfacet
  facet normal 0 0 1
    outer loop
      vertex -60.4089 -1.04359 2.8
      vertex -59.9634 -0.697754 2.8
      vertex -60.0883 -0.494415 2.8
    endloop
  endfacet
  facet normal 0 0 1
    outer loop
      vertex -59.7953 -0.848633 2.8
      vertex -60.1208 -1.26454 2.8
      vertex -59.7679 -1.39711 2.8
    endloop
  endfacet
  facet normal 0 0 1
    outer loop
      vertex -60.4089 -1.04359 2.8
      vertex -60.0883 -0.494415 2.8
      vertex -60.1632 -0.246567 2.8
    endloop
  endfacet
  facet normal 0 0 1
    outer loop
      vertex -60.4089 -1.04359 2.8
      vertex -60.1632 -0.246567 2.8
      vertex -60.1882 0.0458221 2.8
    endloop
  endfacet
  facet normal 0 0 1
    outer loop
      vertex -59.9634 -0.697754 2.8
      vertex -60.4089 -1.04359 2.8
      vertex -60.1208 -1.26454 2.8
    endloop
  endfacet
  facet normal 0 0 1
    outer loop
      vertex -39.705 0.700546 2.8
      vertex -39.2234 0.95166 2.8
      vertex -39.3719 1.15001 2.8
    endloop
  endfacet
  facet normal 0 0 1
    outer loop
      vertex -39.7928 0.814804 2.8
      vertex -39.3719 1.15001 2.8
      vertex -39.5625 1.30609 2.8
    endloop
  endfacet
  facet normal 0 -0 1
    outer loop
      vertex -39.6459 0.56662 2.8
      vertex -39.2234 0.95166 2.8
      vertex -39.705 0.700546 2.8
    endloop
  endfacet
  facet normal 0 0 1
    outer loop
      vertex -39.2234 0.95166 2.8
      vertex -39.6459 0.56662 2.8
      vertex -39.1169 0.711044 2.8
    endloop
  endfacet
  facet normal 0 0 1
    outer loop
      vertex -39.3719 1.15001 2.8
      vertex -39.7928 0.814804 2.8
      vertex -39.705 0.700546 2.8
    endloop
  endfacet
  facet normal 0 0 1
    outer loop
      vertex -39.9093 0.909393 2.8
      vertex -39.5625 1.30609 2.8
      vertex -39.7948 1.41855 2.8
    endloop
  endfacet
  facet normal 0 0 1
    outer loop
      vertex -39.5625 1.30609 2.8
      vertex -39.9093 0.909393 2.8
      vertex -39.7928 0.814804 2.8
    endloop
  endfacet
  facet normal 0 0 1
    outer loop
      vertex -39.7948 1.41855 2.8
      vertex -40.048 0.980026 2.8
      vertex -39.9093 0.909393 2.8
    endloop
  endfacet
  facet normal 0 0 1
    outer loop
      vertex -40.0688 1.48604 2.8
      vertex -40.048 0.980026 2.8
      vertex -39.7948 1.41855 2.8
    endloop
  endfacet
  facet normal 0 0 1
    outer loop
      vertex -40.0688 1.48604 2.8
      vertex -40.2023 1.02242 2.8
      vertex -40.048 0.980026 2.8
    endloop
  endfacet
  facet normal 0 0 1
    outer loop
      vertex -40.3844 1.50853 2.8
      vertex -40.2023 1.02242 2.8
      vertex -40.0688 1.48604 2.8
    endloop
  endfacet
  facet normal 0 0 1
    outer loop
      vertex -40.2023 1.02242 2.8
      vertex -40.3844 1.50853 2.8
      vertex -40.3721 1.03654 2.8
    endloop
  endfacet
  facet normal 0 0 1
    outer loop
      vertex -40.3844 1.50853 2.8
      vertex -40.6216 1.00851 2.8
      vertex -40.3721 1.03654 2.8
    endloop
  endfacet
  facet normal -0 0 1
    outer loop
      vertex -40.8091 1.46648 2.8
      vertex -40.6216 1.00851 2.8
      vertex -40.3844 1.50853 2.8
    endloop
  endfacet
  facet normal 0 0 1
    outer loop
      vertex -40.8091 1.46648 2.8
      vertex -40.8274 0.924423 2.8
      vertex -40.6216 1.00851 2.8
    endloop
  endfacet
  facet normal -0 0 1
    outer loop
      vertex -41.161 1.34035 2.8
      vertex -40.8274 0.924423 2.8
      vertex -40.8091 1.46648 2.8
    endloop
  endfacet
  facet normal 0 0 1
    outer loop
      vertex -40.8274 0.924423 2.8
      vertex -41.161 1.34035 2.8
      vertex -40.9896 0.784271 2.8
    endloop
  endfacet
  facet normal -0 0 1
    outer loop
      vertex -41.4402 1.13014 2.8
      vertex -40.9896 0.784271 2.8
      vertex -41.161 1.34035 2.8
    endloop
  endfacet
  facet normal 0 0 1
    outer loop
      vertex -40.9896 0.784271 2.8
      vertex -41.4402 1.13014 2.8
      vertex -41.1065 0.590103 2.8
    endloop
  endfacet
  facet normal -0 0 1
    outer loop
      vertex -41.6425 0.841476 2.8
      vertex -41.1065 0.590103 2.8
      vertex -41.4402 1.13014 2.8
    endloop
  endfacet
  facet normal 0 0 1
    outer loop
      vertex -41.7639 0.480042 2.8
      vertex -41.1065 0.590103 2.8
      vertex -41.6425 0.841476 2.8
    endloop
  endfacet
  facet normal 0 0 1
    outer loop
      vertex -41.1065 0.590103 2.8
      vertex -41.7639 0.480042 2.8
      vertex -41.1767 0.343964 2.8
    endloop
  endfacet
  facet normal 0 -0 1
    outer loop
      vertex -41.7624 -0.388733 2.8
      vertex -41.2001 0.0458221 2.8
      vertex -41.8044 0.0458221 2.8
    endloop
  endfacet
  facet normal 0 0 1
    outer loop
      vertex -41.8044 0.0458221 2.8
      vertex -41.1767 0.343964 2.8
      vertex -41.7639 0.480042 2.8
    endloop
  endfacet
  facet normal 0 -0 1
    outer loop
      vertex -41.6366 -0.753906 2.8
      vertex -41.2001 0.0458221 2.8
      vertex -41.7624 -0.388733 2.8
    endloop
  endfacet
  facet normal 0 0 1
    outer loop
      vertex -41.1767 0.343964 2.8
      vertex -41.8044 0.0458221 2.8
      vertex -41.2001 0.0458221 2.8
    endloop
  endfacet
  facet normal 0 0 1
    outer loop
      vertex -41.2001 0.0458221 2.8
      vertex -41.6366 -0.753906 2.8
      vertex -41.427 -1.04968 2.8
    endloop
  endfacet
  facet normal 0 0 1
    outer loop
      vertex -39.6032 -0.424118 2.8
      vertex -39.2104 -0.874512 2.8
      vertex -39.0803 -0.62146 2.8
    endloop
  endfacet
  facet normal -0 0 1
    outer loop
      vertex -39.7811 -0.72702 2.8
      vertex -39.2104 -0.874512 2.8
      vertex -39.6032 -0.424118 2.8
    endloop
  endfacet
  facet normal 0 0 1
    outer loop
      vertex -39.2104 -0.874512 2.8
      vertex -39.7811 -0.72702 2.8
      vertex -39.3755 -1.08032 2.8
    endloop
  endfacet
  facet normal 0 0 1
    outer loop
      vertex -39.3755 -1.08032 2.8
      vertex -39.7811 -0.72702 2.8
      vertex -39.5757 -1.23889 2.8
    endloop
  endfacet
  facet normal -0 0 1
    outer loop
      vertex -40.0326 -0.908752 2.8
      vertex -39.5757 -1.23889 2.8
      vertex -39.7811 -0.72702 2.8
    endloop
  endfacet
  facet normal 0 0 1
    outer loop
      vertex -39.5757 -1.23889 2.8
      vertex -40.0326 -0.908752 2.8
      vertex -39.8077 -1.35133 2.8
    endloop
  endfacet
  facet normal 0 0 1
    outer loop
      vertex -40.0326 -0.908752 2.8
      vertex -40.0685 -1.41881 2.8
      vertex -39.8077 -1.35133 2.8
    endloop
  endfacet
  facet normal -0 0 1
    outer loop
      vertex -40.3579 -0.96933 2.8
      vertex -40.0685 -1.41881 2.8
      vertex -40.0326 -0.908752 2.8
    endloop
  endfacet
  facet normal 0 0 1
    outer loop
      vertex -40.3579 -0.96933 2.8
      vertex -40.3579 -1.4413 2.8
      vertex -40.0685 -1.41881 2.8
    endloop
  endfacet
  facet normal 0 0 1
    outer loop
      vertex -40.6091 -0.940399 2.8
      vertex -40.3579 -1.4413 2.8
      vertex -40.3579 -0.96933 2.8
    endloop
  endfacet
  facet normal 0 0 1
    outer loop
      vertex -40.6091 -0.940399 2.8
      vertex -40.7841 -1.39778 2.8
      vertex -40.3579 -1.4413 2.8
    endloop
  endfacet
  facet normal 0 0 1
    outer loop
      vertex -40.8177 -0.853607 2.8
      vertex -40.7841 -1.39778 2.8
      vertex -40.6091 -0.940399 2.8
    endloop
  endfacet
  facet normal 0 0 1
    outer loop
      vertex -41.1405 -1.26724 2.8
      vertex -40.8177 -0.853607 2.8
      vertex -40.9835 -0.708939 2.8
    endloop
  endfacet
  facet normal 0 0 1
    outer loop
      vertex -41.427 -1.04968 2.8
      vertex -40.9835 -0.708939 2.8
      vertex -41.1038 -0.509338 2.8
    endloop
  endfacet
  facet normal 0 0 1
    outer loop
      vertex -40.8177 -0.853607 2.8
      vertex -41.1405 -1.26724 2.8
      vertex -40.7841 -1.39778 2.8
    endloop
  endfacet
  facet normal 0 0 1
    outer loop
      vertex -41.427 -1.04968 2.8
      vertex -41.1038 -0.509338 2.8
      vertex -41.176 -0.257751 2.8
    endloop
  endfacet
  facet normal 0 0 1
    outer loop
      vertex -41.427 -1.04968 2.8
      vertex -41.176 -0.257751 2.8
      vertex -41.2001 0.0458221 2.8
    endloop
  endfacet
  facet normal 0 0 1
    outer loop
      vertex -40.9835 -0.708939 2.8
      vertex -41.427 -1.04968 2.8
      vertex -41.1405 -1.26724 2.8
    endloop
  endfacet
  facet normal 0 0 1
    outer loop
      vertex -52.0388 0.82428 2.8
      vertex -51.4895 1.02254 2.8
      vertex -51.6044 1.20631 2.8
    endloop
  endfacet
  facet normal 0 0 1
    outer loop
      vertex -52.0995 0.917191 2.8
      vertex -51.6044 1.20631 2.8
      vertex -51.7617 1.34169 2.8
    endloop
  endfacet
  facet normal 0 0 1
    outer loop
      vertex -52.1807 0.989731 2.8
      vertex -51.7617 1.34169 2.8
      vertex -51.9695 1.43439 2.8
    endloop
  endfacet
  facet normal 0 -0 1
    outer loop
      vertex -51.9987 0.711044 2.8
      vertex -51.4895 1.02254 2.8
      vertex -52.0388 0.82428 2.8
    endloop
  endfacet
  facet normal 0 0 1
    outer loop
      vertex -51.4895 1.02254 2.8
      vertex -51.9987 0.711044 2.8
      vertex -51.4168 0.79039 2.8
    endloop
  endfacet
  facet normal 0 0 1
    outer loop
      vertex -51.6044 1.20631 2.8
      vertex -52.0995 0.917191 2.8
      vertex -52.0388 0.82428 2.8
    endloop
  endfacet
  facet normal 0 0 1
    outer loop
      vertex -51.7617 1.34169 2.8
      vertex -52.1807 0.989731 2.8
      vertex -52.0995 0.917191 2.8
    endloop
  endfacet
  facet normal 0 0 1
    outer loop
      vertex -52.2855 1.04173 2.8
      vertex -51.9695 1.43439 2.8
      vertex -52.2363 1.48999 2.8
    endloop
  endfacet
  facet normal 0 0 1
    outer loop
      vertex -51.9695 1.43439 2.8
      vertex -52.2855 1.04173 2.8
      vertex -52.1807 0.989731 2.8
    endloop
  endfacet
  facet normal 0 0 1
    outer loop
      vertex -52.2363 1.48999 2.8
      vertex -52.4167 1.07294 2.8
      vertex -52.2855 1.04173 2.8
    endloop
  endfacet
  facet normal 0 0 1
    outer loop
      vertex -52.5622 1.50853 2.8
      vertex -52.4167 1.07294 2.8
      vertex -52.2363 1.48999 2.8
    endloop
  endfacet
  facet normal 0 0 1
    outer loop
      vertex -52.5622 1.50853 2.8
      vertex -52.5744 1.08334 2.8
      vertex -52.4167 1.07294 2.8
    endloop
  endfacet
  facet normal -0 0 1
    outer loop
      vertex -52.9043 1.48558 2.8
      vertex -52.5744 1.08334 2.8
      vertex -52.5622 1.50853 2.8
    endloop
  endfacet
  facet normal 0 0 1
    outer loop
      vertex -52.5744 1.08334 2.8
      vertex -52.9043 1.48558 2.8
      vertex -52.8773 1.04536 2.8
    endloop
  endfacet
  facet normal -0 0 1
    outer loop
      vertex -53.1874 1.41675 2.8
      vertex -52.8773 1.04536 2.8
      vertex -52.9043 1.48558 2.8
    endloop
  endfacet
  facet normal 0 0 1
    outer loop
      vertex -52.8773 1.04536 2.8
      vertex -53.1874 1.41675 2.8
      vertex -53.059 0.931442 2.8
    endloop
  endfacet
  facet normal -0 0 1
    outer loop
      vertex -53.4115 1.30203 2.8
      vertex -53.059 0.931442 2.8
      vertex -53.1874 1.41675 2.8
    endloop
  endfacet
  facet normal -0 0 1
    outer loop
      vertex -53.5737 1.14415 2.8
      vertex -53.059 0.931442 2.8
      vertex -53.4115 1.30203 2.8
    endloop
  endfacet
  facet normal 0 0 1
    outer loop
      vertex -53.1196 0.741577 2.8
      vertex -53.2335 0.00590515 2.8
      vertex -53.1522 -0.026413 2.8
    endloop
  endfacet
  facet normal 0 0 1
    outer loop
      vertex -53.1196 0.741577 2.8
      vertex -53.3095 0.0418396 2.8
      vertex -53.2335 0.00590515 2.8
    endloop
  endfacet
  facet normal 0 -0 1
    outer loop
      vertex -53.699 0.609116 2.8
      vertex -53.1196 0.741577 2.8
      vertex -53.7034 0.706985 2.8
    endloop
  endfacet
  facet normal 0 0 1
    outer loop
      vertex -53.059 0.931442 2.8
      vertex -53.5737 1.14415 2.8
      vertex -53.1196 0.741577 2.8
    endloop
  endfacet
  facet normal 0 -0 1
    outer loop
      vertex -53.6858 0.518921 2.8
      vertex -53.1196 0.741577 2.8
      vertex -53.699 0.609116 2.8
    endloop
  endfacet
  facet normal 0 0 1
    outer loop
      vertex -53.1196 0.741577 2.8
      vertex -53.38 0.0813904 2.8
      vertex -53.3095 0.0418396 2.8
    endloop
  endfacet
  facet normal 0 -0 1
    outer loop
      vertex -53.6638 0.436417 2.8
      vertex -53.1196 0.741577 2.8
      vertex -53.6858 0.518921 2.8
    endloop
  endfacet
  facet normal 0 0 1
    outer loop
      vertex -53.1196 0.741577 2.8
      vertex -53.5737 1.14415 2.8
      vertex -53.671 0.945801 2.8
    endloop
  endfacet
  facet normal 0 0 1
    outer loop
      vertex -53.1196 0.741577 2.8
      vertex -53.4444 0.125595 2.8
      vertex -53.38 0.0813904 2.8
    endloop
  endfacet
  facet normal 0 0 1
    outer loop
      vertex -53.1196 0.741577 2.8
      vertex -53.5529 0.230942 2.8
      vertex -53.5021 0.175446 2.8
    endloop
  endfacet
  facet normal 0 0 1
    outer loop
      vertex -53.1196 0.741577 2.8
      vertex -53.5969 0.292664 2.8
      vertex -53.5529 0.230942 2.8
    endloop
  endfacet
  facet normal 0 0 1
    outer loop
      vertex -53.1196 0.741577 2.8
      vertex -53.671 0.945801 2.8
      vertex -53.7034 0.706985 2.8
    endloop
  endfacet
  facet normal 0 -0 1
    outer loop
      vertex -53.5969 0.292664 2.8
      vertex -53.1196 0.741577 2.8
      vertex -53.6338 0.361145 2.8
    endloop
  endfacet
  facet normal 0 0 1
    outer loop
      vertex -53.1196 0.741577 2.8
      vertex -53.5021 0.175446 2.8
      vertex -53.4444 0.125595 2.8
    endloop
  endfacet
  facet normal 0 -0 1
    outer loop
      vertex -53.6338 0.361145 2.8
      vertex -53.1196 0.741577 2.8
      vertex -53.6638 0.436417 2.8
    endloop
  endfacet
  facet normal 0 0 1
    outer loop
      vertex -51.9334 -0.532623 2.8
      vertex -51.3476 -0.459946 2.8
      vertex -51.366 -0.354507 2.8
    endloop
  endfacet
  facet normal 0 0 1
    outer loop
      vertex -51.3476 -0.459946 2.8
      vertex -51.9334 -0.532623 2.8
      vertex -51.3415 -0.574661 2.8
    endloop
  endfacet
  facet normal 0 0 1
    outer loop
      vertex -51.9334 -0.532623 2.8
      vertex -51.366 -0.354507 2.8
      vertex -51.3965 -0.258331 2.8
    endloop
  endfacet
  facet normal 0 0 1
    outer loop
      vertex -51.9575 -0.465485 2.8
      vertex -51.3965 -0.258331 2.8
      vertex -51.4385 -0.171082 2.8
    endloop
  endfacet
  facet normal 0 0 1
    outer loop
      vertex -51.3415 -0.574661 2.8
      vertex -51.9334 -0.532623 2.8
      vertex -51.9254 -0.609253 2.8
    endloop
  endfacet
  facet normal 0 0 1
    outer loop
      vertex -51.9575 -0.465485 2.8
      vertex -51.4385 -0.171082 2.8
      vertex -51.4914 -0.0924072 2.8
    endloop
  endfacet
  facet normal 0 0 1
    outer loop
      vertex -51.9976 -0.407852 2.8
      vertex -51.4914 -0.0924072 2.8
      vertex -51.5552 -0.0223236 2.8
    endloop
  endfacet
  facet normal 0 0 1
    outer loop
      vertex -51.9976 -0.407852 2.8
      vertex -51.5552 -0.0223236 2.8
      vertex -51.6326 0.0407257 2.8
    endloop
  endfacet
  facet normal 0 0 1
    outer loop
      vertex -51.3415 -0.574661 2.8
      vertex -51.9254 -0.609253 2.8
      vertex -51.3762 -0.833359 2.8
    endloop
  endfacet
  facet normal 0 0 1
    outer loop
      vertex -51.9976 -0.407852 2.8
      vertex -51.6326 0.0407257 2.8
      vertex -51.7265 0.0983582 2.8
    endloop
  endfacet
  facet normal 0 0 1
    outer loop
      vertex -52.0523 -0.357895 2.8
      vertex -51.7265 0.0983582 2.8
      vertex -51.8369 0.150574 2.8
    endloop
  endfacet
  facet normal -0 0 1
    outer loop
      vertex -51.9953 -0.821732 2.8
      vertex -51.3762 -0.833359 2.8
      vertex -51.9254 -0.609253 2.8
    endloop
  endfacet
  facet normal 0 0 1
    outer loop
      vertex -51.4803 -1.04799 2.8
      vertex -51.9953 -0.821732 2.8
      vertex -51.6538 -1.21855 2.8
    endloop
  endfacet
  facet normal 0 0 1
    outer loop
      vertex -51.3762 -0.833359 2.8
      vertex -51.9953 -0.821732 2.8
      vertex -51.4803 -1.04799 2.8
    endloop
  endfacet
  facet normal 0 0 1
    outer loop
      vertex -51.3965 -0.258331 2.8
      vertex -51.9575 -0.465485 2.8
      vertex -51.9334 -0.532623 2.8
    endloop
  endfacet
  facet normal 0 0 1
    outer loop
      vertex -52.1201 -0.313812 2.8
      vertex -51.8369 0.150574 2.8
      vertex -51.9817 0.201553 2.8
    endloop
  endfacet
  facet normal 0 0 1
    outer loop
      vertex -51.4914 -0.0924072 2.8
      vertex -51.9976 -0.407852 2.8
      vertex -51.9575 -0.465485 2.8
    endloop
  endfacet
  facet normal 0 0 1
    outer loop
      vertex -51.7265 0.0983582 2.8
      vertex -52.0523 -0.357895 2.8
      vertex -51.9976 -0.407852 2.8
    endloop
  endfacet
  facet normal 0 0 1
    outer loop
      vertex -51.8369 0.150574 2.8
      vertex -52.1201 -0.313812 2.8
      vertex -52.0523 -0.357895 2.8
    endloop
  endfacet
  facet normal 0 0 1
    outer loop
      vertex -52.2011 -0.27562 2.8
      vertex -51.9817 0.201553 2.8
      vertex -52.1787 0.255463 2.8
    endloop
  endfacet
  facet normal 0 0 1
    outer loop
      vertex -51.9817 0.201553 2.8
      vertex -52.2011 -0.27562 2.8
      vertex -52.1201 -0.313812 2.8
    endloop
  endfacet
  facet normal 0 0 1
    outer loop
      vertex -52.1787 0.255463 2.8
      vertex -52.3153 -0.237869 2.8
      vertex -52.2011 -0.27562 2.8
    endloop
  endfacet
  facet normal 0 0 1
    outer loop
      vertex -52.4832 -0.195145 2.8
      vertex -52.1787 0.255463 2.8
      vertex -52.4279 0.312302 2.8
    endloop
  endfacet
  facet normal 0 0 1
    outer loop
      vertex -52.1787 0.255463 2.8
      vertex -52.4832 -0.195145 2.8
      vertex -52.3153 -0.237869 2.8
    endloop
  endfacet
  facet normal 0 0 1
    outer loop
      vertex -52.7046 -0.14743 2.8
      vertex -52.4279 0.312302 2.8
      vertex -52.6338 0.359665 2.8
    endloop
  endfacet
  facet normal 0 0 1
    outer loop
      vertex -52.4279 0.312302 2.8
      vertex -52.7046 -0.14743 2.8
      vertex -52.4832 -0.195145 2.8
    endloop
  endfacet
  facet normal 0 0 1
    outer loop
      vertex -52.8972 -0.100525 2.8
      vertex -52.6338 0.359665 2.8
      vertex -52.7878 0.401367 2.8
    endloop
  endfacet
  facet normal 0 0 1
    outer loop
      vertex -53.0464 -0.0601807 2.8
      vertex -52.7878 0.401367 2.8
      vertex -52.8897 0.437408 2.8
    endloop
  endfacet
  facet normal 0 0 1
    outer loop
      vertex -52.6338 0.359665 2.8
      vertex -52.8972 -0.100525 2.8
      vertex -52.7046 -0.14743 2.8
    endloop
  endfacet
  facet normal 0 0 1
    outer loop
      vertex -53.1522 -0.026413 2.8
      vertex -52.8897 0.437408 2.8
      vertex -52.9594 0.473022 2.8
    endloop
  endfacet
  facet normal 0 0 1
    outer loop
      vertex -53.1522 -0.026413 2.8
      vertex -52.9594 0.473022 2.8
      vertex -53.0168 0.513367 2.8
    endloop
  endfacet
  facet normal 0 0 1
    outer loop
      vertex -52.7878 0.401367 2.8
      vertex -53.0464 -0.0601807 2.8
      vertex -52.8972 -0.100525 2.8
    endloop
  endfacet
  facet normal 0 0 1
    outer loop
      vertex -53.1522 -0.026413 2.8
      vertex -53.0168 0.513367 2.8
      vertex -53.0616 0.558456 2.8
    endloop
  endfacet
  facet normal 0 0 1
    outer loop
      vertex -53.1522 -0.026413 2.8
      vertex -53.0616 0.558456 2.8
      vertex -53.0938 0.610458 2.8
    endloop
  endfacet
  facet normal 0 0 1
    outer loop
      vertex -53.1522 -0.026413 2.8
      vertex -53.0938 0.610458 2.8
      vertex -53.1131 0.671494 2.8
    endloop
  endfacet
  facet normal 0 0 1
    outer loop
      vertex -53.1522 -0.026413 2.8
      vertex -53.1131 0.671494 2.8
      vertex -53.1196 0.741577 2.8
    endloop
  endfacet
  facet normal 0 0 1
    outer loop
      vertex -52.8897 0.437408 2.8
      vertex -53.1522 -0.026413 2.8
      vertex -53.0464 -0.0601807 2.8
    endloop
  endfacet
  facet normal 0 0 1
    outer loop
      vertex -51.6538 -1.21855 2.8
      vertex -51.9953 -0.821732 2.8
      vertex -51.8945 -1.3423 2.8
    endloop
  endfacet
  facet normal -0 0 1
    outer loop
      vertex -52.2048 -0.949219 2.8
      vertex -51.8945 -1.3423 2.8
      vertex -51.9953 -0.821732 2.8
    endloop
  endfacet
  facet normal 0 0 1
    outer loop
      vertex -51.8945 -1.3423 2.8
      vertex -52.2048 -0.949219 2.8
      vertex -52.2 -1.41655 2.8
    endloop
  endfacet
  facet normal -0 0 1
    outer loop
      vertex -52.554 -0.991714 2.8
      vertex -52.2 -1.41655 2.8
      vertex -52.2048 -0.949219 2.8
    endloop
  endfacet
  facet normal 0 0 1
    outer loop
      vertex -52.554 -0.991714 2.8
      vertex -52.5703 -1.4413 2.8
      vertex -52.2 -1.41655 2.8
    endloop
  endfacet
  facet normal 0 0 1
    outer loop
      vertex -52.7414 -0.980301 2.8
      vertex -52.5703 -1.4413 2.8
      vertex -52.554 -0.991714 2.8
    endloop
  endfacet
  facet normal 0 0 1
    outer loop
      vertex -52.9114 -1.4196 2.8
      vertex -52.7414 -0.980301 2.8
      vertex -52.8994 -0.94606 2.8
    endloop
  endfacet
  facet normal 0 0 1
    outer loop
      vertex -52.7414 -0.980301 2.8
      vertex -52.9114 -1.4196 2.8
      vertex -52.5703 -1.4413 2.8
    endloop
  endfacet
  facet normal 0 0 1
    outer loop
      vertex -53.1996 -1.35449 2.8
      vertex -52.8994 -0.94606 2.8
      vertex -53.028 -0.888992 2.8
    endloop
  endfacet
  facet normal 0 0 1
    outer loop
      vertex -53.4349 -1.246 2.8
      vertex -53.028 -0.888992 2.8
      vertex -53.1295 -0.806595 2.8
    endloop
  endfacet
  facet normal 0 0 1
    outer loop
      vertex -52.8994 -0.94606 2.8
      vertex -53.1996 -1.35449 2.8
      vertex -52.9114 -1.4196 2.8
    endloop
  endfacet
  facet normal 0 0 1
    outer loop
      vertex -53.6189 -1.09341 2.8
      vertex -53.1295 -0.806595 2.8
      vertex -53.2062 -0.696396 2.8
    endloop
  endfacet
  facet normal 0 0 1
    outer loop
      vertex -53.7532 -0.896088 2.8
      vertex -53.2062 -0.696396 2.8
      vertex -53.2579 -0.558395 2.8
    endloop
  endfacet
  facet normal 0 0 1
    outer loop
      vertex -53.028 -0.888992 2.8
      vertex -53.4349 -1.246 2.8
      vertex -53.1996 -1.35449 2.8
    endloop
  endfacet
  facet normal 0 0 1
    outer loop
      vertex -53.1295 -0.806595 2.8
      vertex -53.6189 -1.09341 2.8
      vertex -53.4349 -1.246 2.8
    endloop
  endfacet
  facet normal 0 0 1
    outer loop
      vertex -53.2062 -0.696396 2.8
      vertex -53.7532 -0.896088 2.8
      vertex -53.6189 -1.09341 2.8
    endloop
  endfacet
  facet normal 0 -0 1
    outer loop
      vertex -53.7532 -0.896088 2.8
      vertex -53.2579 -0.558395 2.8
      vertex -53.8377 -0.654007 2.8
    endloop
  endfacet
  facet normal 0 0 1
    outer loop
      vertex -54.824 -0.12912 2.8
      vertex -53.8699 1.46581 2.8
      vertex -54.4782 1.46581 2.8
    endloop
  endfacet
  facet normal 0 0 1
    outer loop
      vertex -53.8699 1.46581 2.8
      vertex -54.824 -0.12912 2.8
      vertex -54.6104 -1.40062 2.8
    endloop
  endfacet
  facet normal -0 0 1
    outer loop
      vertex -54.9318 -0.597031 2.8
      vertex -54.6104 -1.40062 2.8
      vertex -54.824 -0.12912 2.8
    endloop
  endfacet
  facet normal -0 0 1
    outer loop
      vertex -54.9827 -0.833023 2.8
      vertex -54.6104 -1.40062 2.8
      vertex -54.9318 -0.597031 2.8
    endloop
  endfacet
  facet normal 0 0 1
    outer loop
      vertex -55.711 0.25737 2.8
      vertex -55.0439 -0.479492 2.8
      vertex -55.0921 -0.221817 2.8
    endloop
  endfacet
  facet normal 0 0 1
    outer loop
      vertex -55.711 0.25737 2.8
      vertex -55.0921 -0.221817 2.8
      vertex -55.1271 -0.0599823 2.8
    endloop
  endfacet
  facet normal 0 0 1
    outer loop
      vertex -54.9827 -0.833023 2.8
      vertex -55.3224 -1.40062 2.8
      vertex -54.6104 -1.40062 2.8
    endloop
  endfacet
  facet normal 0 0 1
    outer loop
      vertex -55.0439 -0.479492 2.8
      vertex -55.711 0.25737 2.8
      vertex -55.3224 -1.40062 2.8
    endloop
  endfacet
  facet normal -0 0 1
    outer loop
      vertex -55.796 0.659744 2.8
      vertex -55.1271 -0.0599823 2.8
      vertex -55.4893 1.46581 2.8
    endloop
  endfacet
  facet normal 0 0 1
    outer loop
      vertex -55.0439 -0.479492 2.8
      vertex -55.3224 -1.40062 2.8
      vertex -54.9827 -0.833023 2.8
    endloop
  endfacet
  facet normal 0 0 1
    outer loop
      vertex -55.1271 -0.0599823 2.8
      vertex -55.756 0.455612 2.8
      vertex -55.711 0.25737 2.8
    endloop
  endfacet
  facet normal 0 0 1
    outer loop
      vertex -55.1271 -0.0599823 2.8
      vertex -55.796 0.659744 2.8
      vertex -55.756 0.455612 2.8
    endloop
  endfacet
  facet normal 0 0 1
    outer loop
      vertex -55.4893 1.46581 2.8
      vertex -55.831 0.869736 2.8
      vertex -55.796 0.659744 2.8
    endloop
  endfacet
  facet normal 0 0 1
    outer loop
      vertex -56.3621 0.603119 2.8
      vertex -55.8616 0.706192 2.8
      vertex -55.831 0.869736 2.8
    endloop
  endfacet
  facet normal 0 0 1
    outer loop
      vertex -55.8616 0.706192 2.8
      vertex -56.3621 0.603119 2.8
      vertex -55.888 0.570892 2.8
    endloop
  endfacet
  facet normal 0 0 1
    outer loop
      vertex -55.888 0.570892 2.8
      vertex -56.3621 0.603119 2.8
      vertex -55.9104 0.463867 2.8
    endloop
  endfacet
  facet normal 0 0 1
    outer loop
      vertex -55.9104 0.463867 2.8
      vertex -56.3621 0.603119 2.8
      vertex -55.9721 0.194763 2.8
    endloop
  endfacet
  facet normal -0 0 1
    outer loop
      vertex -56.1606 1.46581 2.8
      vertex -55.831 0.869736 2.8
      vertex -55.4893 1.46581 2.8
    endloop
  endfacet
  facet normal 0 0 1
    outer loop
      vertex -56.3621 0.603119 2.8
      vertex -55.831 0.869736 2.8
      vertex -56.1606 1.46581 2.8
    endloop
  endfacet
  facet normal 0 0 1
    outer loop
      vertex -56.4974 0.0168762 2.8
      vertex -55.9721 0.194763 2.8
      vertex -56.3621 0.603119 2.8
    endloop
  endfacet
  facet normal 0 0 1
    outer loop
      vertex -55.9721 0.194763 2.8
      vertex -56.4974 0.0168762 2.8
      vertex -56.1165 -0.426712 2.8
    endloop
  endfacet
  facet normal -0 0 1
    outer loop
      vertex -56.5665 -0.292892 2.8
      vertex -56.1165 -0.426712 2.8
      vertex -56.4974 0.0168762 2.8
    endloop
  endfacet
  facet normal 0 0 1
    outer loop
      vertex -56.6028 -0.467285 2.8
      vertex -56.1165 -0.426712 2.8
      vertex -56.5665 -0.292892 2.8
    endloop
  endfacet
  facet normal 0 0 1
    outer loop
      vertex -56.6397 -0.647324 2.8
      vertex -56.1165 -0.426712 2.8
      vertex -56.6028 -0.467285 2.8
    endloop
  endfacet
  facet normal 0 0 1
    outer loop
      vertex -56.6773 -0.833023 2.8
      vertex -56.1165 -0.426712 2.8
      vertex -56.6397 -0.647324 2.8
    endloop
  endfacet
  facet normal 0 0 1
    outer loop
      vertex -56.1165 -0.426712 2.8
      vertex -56.6773 -0.833023 2.8
      vertex -56.3437 -1.40062 2.8
    endloop
  endfacet
  facet normal 0 0 1
    outer loop
      vertex -56.6773 -0.833023 2.8
      vertex -57.0557 -1.40062 2.8
      vertex -56.3437 -1.40062 2.8
    endloop
  endfacet
  facet normal 0 0 1
    outer loop
      vertex -56.7709 -0.385483 2.8
      vertex -57.0557 -1.40062 2.8
      vertex -56.6773 -0.833023 2.8
    endloop
  endfacet
  facet normal -0 0 1
    outer loop
      vertex -57.7942 1.46581 2.8
      vertex -56.7709 -0.385483 2.8
      vertex -57.1859 1.46581 2.8
    endloop
  endfacet
  facet normal 0 0 1
    outer loop
      vertex -56.7709 -0.385483 2.8
      vertex -57.7942 1.46581 2.8
      vertex -57.0557 -1.40062 2.8
    endloop
  endfacet
  facet normal 0 0 1
    outer loop
      vertex -42.0835 0.825546 2.8
      vertex -42.7161 0.79921 2.8
      vertex -42.6569 0.548294 2.8
    endloop
  endfacet
  facet normal 0 0 1
    outer loop
      vertex -42.8938 0.949753 2.8
      vertex -42.5418 1.36047 2.8
      vertex -42.806 1.43947 2.8
    endloop
  endfacet
  facet normal 0 0 1
    outer loop
      vertex -42.5418 1.36047 2.8
      vertex -42.8938 0.949753 2.8
      vertex -42.7161 0.79921 2.8
    endloop
  endfacet
  facet normal 0 0 1
    outer loop
      vertex -43.1228 1.46581 2.8
      vertex -42.8938 0.949753 2.8
      vertex -42.806 1.43947 2.8
    endloop
  endfacet
  facet normal 0 0 1
    outer loop
      vertex -43.1228 1.46581 2.8
      vertex -43.1899 0.999939 2.8
      vertex -42.8938 0.949753 2.8
    endloop
  endfacet
  facet normal 0 0 1
    outer loop
      vertex -43.1228 1.46581 2.8
      vertex -43.8104 0.999939 2.8
      vertex -43.1899 0.999939 2.8
    endloop
  endfacet
  facet normal 0 0 1
    outer loop
      vertex -44.4105 1.46581 2.8
      vertex -43.8104 0.0702057 2.8
      vertex -43.8104 0.999939 2.8
    endloop
  endfacet
  facet normal 0 0 1
    outer loop
      vertex -44.4105 -1.40062 2.8
      vertex -43.8104 0.0702057 2.8
      vertex -44.4105 1.46581 2.8
    endloop
  endfacet
  facet normal -0 0 1
    outer loop
      vertex -44.4105 1.46581 2.8
      vertex -43.8104 0.999939 2.8
      vertex -43.1228 1.46581 2.8
    endloop
  endfacet
  facet normal 0 0 1
    outer loop
      vertex -43.8104 0.0702057 2.8
      vertex -44.4105 -1.40062 2.8
      vertex -43.8104 -0.391571 2.8
    endloop
  endfacet
  facet normal 0 0 1
    outer loop
      vertex -43.8104 -0.391571 2.8
      vertex -44.4105 -1.40062 2.8
      vertex -43.8104 -1.40062 2.8
    endloop
  endfacet
  facet normal 0 0 1
    outer loop
      vertex -42.6569 0.548294 2.8
      vertex -42.0527 0.558456 2.8
      vertex -42.0835 0.825546 2.8
    endloop
  endfacet
  facet normal 0 0 1
    outer loop
      vertex -42.0527 0.558456 2.8
      vertex -42.6569 0.548294 2.8
      vertex -42.0667 0.380569 2.8
    endloop
  endfacet
  facet normal 0 0 1
    outer loop
      vertex -42.7161 0.79921 2.8
      vertex -42.0835 0.825546 2.8
      vertex -42.1761 1.049 2.8
    endloop
  endfacet
  facet normal -0 0 1
    outer loop
      vertex -42.6718 0.405777 2.8
      vertex -42.0667 0.380569 2.8
      vertex -42.6569 0.548294 2.8
    endloop
  endfacet
  facet normal 0 0 1
    outer loop
      vertex -42.0667 0.380569 2.8
      vertex -42.6718 0.405777 2.8
      vertex -42.1087 0.21579 2.8
    endloop
  endfacet
  facet normal 0 0 1
    outer loop
      vertex -42.7161 0.79921 2.8
      vertex -42.1761 1.049 2.8
      vertex -42.3304 1.22881 2.8
    endloop
  endfacet
  facet normal 0 0 1
    outer loop
      vertex -42.1087 0.21579 2.8
      vertex -42.6718 0.405777 2.8
      vertex -42.1788 0.0641174 2.8
    endloop
  endfacet
  facet normal -0 0 1
    outer loop
      vertex -42.7166 0.287445 2.8
      vertex -42.1788 0.0641174 2.8
      vertex -42.6718 0.405777 2.8
    endloop
  endfacet
  facet normal 0 0 1
    outer loop
      vertex -42.7161 0.79921 2.8
      vertex -42.3304 1.22881 2.8
      vertex -42.5418 1.36047 2.8
    endloop
  endfacet
  facet normal 0 0 1
    outer loop
      vertex -42.1788 0.0641174 2.8
      vertex -42.7166 0.287445 2.8
      vertex -42.275 -0.0700226 2.8
    endloop
  endfacet
  facet normal 0 0 1
    outer loop
      vertex -42.275 -0.0700226 2.8
      vertex -42.7166 0.287445 2.8
      vertex -42.3954 -0.182251 2.8
    endloop
  endfacet
  facet normal -0 0 1
    outer loop
      vertex -42.7912 0.193298 2.8
      vertex -42.3954 -0.182251 2.8
      vertex -42.7166 0.287445 2.8
    endloop
  endfacet
  facet normal 0 0 1
    outer loop
      vertex -42.3954 -0.182251 2.8
      vertex -42.7912 0.193298 2.8
      vertex -42.5399 -0.272552 2.8
    endloop
  endfacet
  facet normal -0 0 1
    outer loop
      vertex -42.8933 0.124908 2.8
      vertex -42.5399 -0.272552 2.8
      vertex -42.7912 0.193298 2.8
    endloop
  endfacet
  facet normal 0 0 1
    outer loop
      vertex -42.5399 -0.272552 2.8
      vertex -42.8933 0.124908 2.8
      vertex -42.7064 -0.338669 2.8
    endloop
  endfacet
  facet normal 0 0 1
    outer loop
      vertex -42.7064 -0.338669 2.8
      vertex -42.8933 0.124908 2.8
      vertex -42.8925 -0.378342 2.8
    endloop
  endfacet
  facet normal -0 0 1
    outer loop
      vertex -43.0208 0.0838776 2.8
      vertex -42.8925 -0.378342 2.8
      vertex -42.8933 0.124908 2.8
    endloop
  endfacet
  facet normal 0 0 1
    outer loop
      vertex -43.0208 0.0838776 2.8
      vertex -43.0984 -0.391571 2.8
      vertex -42.8925 -0.378342 2.8
    endloop
  endfacet
  facet normal -0 0 1
    outer loop
      vertex -43.1736 0.0702057 2.8
      vertex -43.0984 -0.391571 2.8
      vertex -43.0208 0.0838776 2.8
    endloop
  endfacet
  facet normal 0 0 1
    outer loop
      vertex -43.8104 -0.391571 2.8
      vertex -43.1736 0.0702057 2.8
      vertex -43.8104 0.0702057 2.8
    endloop
  endfacet
  facet normal 0 0 1
    outer loop
      vertex -43.1736 0.0702057 2.8
      vertex -43.8104 -0.391571 2.8
      vertex -43.0984 -0.391571 2.8
    endloop
  endfacet
  facet normal -0 0 1
    outer loop
      vertex -50.965 1.46581 2.8
      vertex -50.3649 0.324524 2.8
      vertex -50.3649 1.46581 2.8
    endloop
  endfacet
  facet normal 0 0 1
    outer loop
      vertex -50.3649 0.324524 2.8
      vertex -50.965 1.46581 2.8
      vertex -50.3649 -0.171844 2.8
    endloop
  endfacet
  facet normal 0 0 1
    outer loop
      vertex -50.965 -1.40062 2.8
      vertex -50.3649 -0.171844 2.8
      vertex -50.965 1.46581 2.8
    endloop
  endfacet
  facet normal 0 0 1
    outer loop
      vertex -50.3649 -0.171844 2.8
      vertex -50.965 -1.40062 2.8
      vertex -50.3649 -1.40062 2.8
    endloop
  endfacet
  facet normal -0 0 1
    outer loop
      vertex -50.3649 0.324524 2.8
      vertex -49.1158 -0.171844 2.8
      vertex -49.1158 0.324524 2.8
    endloop
  endfacet
  facet normal 0 0 1
    outer loop
      vertex -49.1158 -0.171844 2.8
      vertex -50.3649 0.324524 2.8
      vertex -50.3649 -0.171844 2.8
    endloop
  endfacet
  facet normal 0 0 1
    outer loop
      vertex -49.1158 0.324524 2.8
      vertex -48.5157 1.46581 2.8
      vertex -49.1158 1.46581 2.8
    endloop
  endfacet
  facet normal 0 0 1
    outer loop
      vertex -49.1158 -0.171844 2.8
      vertex -48.5157 1.46581 2.8
      vertex -49.1158 0.324524 2.8
    endloop
  endfacet
  facet normal 0 0 1
    outer loop
      vertex -48.5157 1.46581 2.8
      vertex -49.1158 -0.171844 2.8
      vertex -48.5157 -1.40062 2.8
    endloop
  endfacet
  facet normal 0 0 1
    outer loop
      vertex -48.5157 -1.40062 2.8
      vertex -49.1158 -0.171844 2.8
      vertex -49.1158 -1.40062 2.8
    endloop
  endfacet
  facet normal 0 0 1
    outer loop
      vertex -44.7823 1.46581 2.8
      vertex -46.2959 1.00198 2.8
      vertex -44.7823 1.00198 2.8
    endloop
  endfacet
  facet normal 0 0 1
    outer loop
      vertex -46.896 1.46581 2.8
      vertex -46.2959 0.114975 2.8
      vertex -46.2959 1.00198 2.8
    endloop
  endfacet
  facet normal 0 0 1
    outer loop
      vertex -46.896 -1.40062 2.8
      vertex -46.2959 0.114975 2.8
      vertex -46.896 1.46581 2.8
    endloop
  endfacet
  facet normal -0 0 1
    outer loop
      vertex -46.896 1.46581 2.8
      vertex -46.2959 1.00198 2.8
      vertex -44.7823 1.46581 2.8
    endloop
  endfacet
  facet normal 0 0 1
    outer loop
      vertex -46.2959 0.114975 2.8
      vertex -46.896 -1.40062 2.8
      vertex -46.2959 -0.348846 2.8
    endloop
  endfacet
  facet normal 0 0 1
    outer loop
      vertex -46.2959 -0.348846 2.8
      vertex -46.896 -1.40062 2.8
      vertex -46.2959 -1.40062 2.8
    endloop
  endfacet
  facet normal -0 0 1
    outer loop
      vertex -46.2959 0.114975 2.8
      vertex -44.8291 -0.348846 2.8
      vertex -44.8291 0.114975 2.8
    endloop
  endfacet
  facet normal 0 0 1
    outer loop
      vertex -44.8291 -0.348846 2.8
      vertex -46.2959 0.114975 2.8
      vertex -46.2959 -0.348846 2.8
    endloop
  endfacet
  facet normal -0.227926 0.973678 0
    outer loop
      vertex -58.8129 -1.36128 2.8
      vertex -59.0693 -1.4213 3.39999
      vertex -58.8129 -1.36128 3.39999
    endloop
  endfacet
  facet normal -0.227926 0.973678 0
    outer loop
      vertex -59.0693 -1.4213 3.39999
      vertex -58.8129 -1.36128 2.8
      vertex -59.0693 -1.4213 2.8
    endloop
  endfacet
  facet normal -0.39604 0.918233 0
    outer loop
      vertex -58.581 -1.26126 2.8
      vertex -58.8129 -1.36128 3.39999
      vertex -58.581 -1.26126 3.39999
    endloop
  endfacet
  facet normal -0.39604 0.918233 0
    outer loop
      vertex -58.8129 -1.36128 3.39999
      vertex -58.581 -1.26126 2.8
      vertex -58.8129 -1.36128 2.8
    endloop
  endfacet
  facet normal -0.562126 0.827052 0
    outer loop
      vertex -58.3783 -1.12349 2.8
      vertex -58.581 -1.26126 3.39999
      vertex -58.3783 -1.12349 3.39999
    endloop
  endfacet
  facet normal -0.562126 0.827052 0
    outer loop
      vertex -58.581 -1.26126 3.39999
      vertex -58.3783 -1.12349 2.8
      vertex -58.581 -1.26126 2.8
    endloop
  endfacet
  facet normal -0.716067 0.698031 0
    outer loop
      vertex -58.3783 -1.12349 2.8
      vertex -58.2094 -0.950226 3.39999
      vertex -58.2094 -0.950226 2.8
    endloop
  endfacet
  facet normal -0.716067 0.698031 0
    outer loop
      vertex -58.2094 -0.950226 3.39999
      vertex -58.3783 -1.12349 2.8
      vertex -58.3783 -1.12349 3.39999
    endloop
  endfacet
  facet normal -0.839877 0.542777 0
    outer loop
      vertex -58.2094 -0.950226 2.8
      vertex -58.0745 -0.741486 3.39999
      vertex -58.0745 -0.741486 2.8
    endloop
  endfacet
  facet normal -0.839877 0.542777 0
    outer loop
      vertex -58.0745 -0.741486 3.39999
      vertex -58.2094 -0.950226 2.8
      vertex -58.2094 -0.950226 3.39999
    endloop
  endfacet
  facet normal -0.924538 0.381089 0
    outer loop
      vertex -58.0745 -0.741486 2.8
      vertex -57.9762 -0.503006 3.39999
      vertex -57.9762 -0.503006 2.8
    endloop
  endfacet
  facet normal -0.924538 0.381089 0
    outer loop
      vertex -57.9762 -0.503006 3.39999
      vertex -58.0745 -0.741486 2.8
      vertex -58.0745 -0.741486 3.39999
    endloop
  endfacet
  facet normal -0.975648 0.219342 0
    outer loop
      vertex -57.9762 -0.503006 2.8
      vertex -57.9172 -0.24057 3.39999
      vertex -57.9172 -0.24057 2.8
    endloop
  endfacet
  facet normal -0.975648 0.219342 0
    outer loop
      vertex -57.9172 -0.24057 3.39999
      vertex -57.9762 -0.503006 2.8
      vertex -57.9762 -0.503006 3.39999
    endloop
  endfacet
  facet normal -0.997643 0.0686247 0
    outer loop
      vertex -57.9172 -0.24057 2.8
      vertex -57.8975 0.0458221 3.39999
      vertex -57.8975 0.0458221 2.8
    endloop
  endfacet
  facet normal -0.997643 0.0686247 0
    outer loop
      vertex -57.8975 0.0458221 3.39999
      vertex -57.9172 -0.24057 2.8
      vertex -57.9172 -0.24057 3.39999
    endloop
  endfacet
  facet normal -0.994944 -0.100435 0
    outer loop
      vertex -57.8975 0.0458221 2.8
      vertex -57.9401 0.467834 3.39999
      vertex -57.9401 0.467834 2.8
    endloop
  endfacet
  facet normal -0.994944 -0.100435 0
    outer loop
      vertex -57.9401 0.467834 3.39999
      vertex -57.8975 0.0458221 2.8
      vertex -57.8975 0.0458221 3.39999
    endloop
  endfacet
  facet normal -0.941604 -0.336723 0
    outer loop
      vertex -57.9401 0.467834 2.8
      vertex -58.0679 0.825211 3.39999
      vertex -58.0679 0.825211 2.8
    endloop
  endfacet
  facet normal -0.941604 -0.336723 0
    outer loop
      vertex -58.0679 0.825211 3.39999
      vertex -57.9401 0.467834 2.8
      vertex -57.9401 0.467834 3.39999
    endloop
  endfacet
  facet normal -0.808446 -0.58857 0
    outer loop
      vertex -58.0679 0.825211 2.8
      vertex -58.281 1.11792 3.39999
      vertex -58.281 1.11792 2.8
    endloop
  endfacet
  facet normal -0.808446 -0.58857 0
    outer loop
      vertex -58.281 1.11792 3.39999
      vertex -58.0679 0.825211 2.8
      vertex -58.0679 0.825211 3.39999
    endloop
  endfacet
  facet normal -0.600859 -0.799355 0
    outer loop
      vertex -58.5697 1.33493 2.8
      vertex -58.281 1.11792 3.39999
      vertex -58.5697 1.33493 3.39999
    endloop
  endfacet
  facet normal -0.600859 -0.799355 -0
    outer loop
      vertex -58.281 1.11792 3.39999
      vertex -58.5697 1.33493 2.8
      vertex -58.281 1.11792 2.8
    endloop
  endfacet
  facet normal -0.344332 -0.938848 0
    outer loop
      vertex -58.9247 1.46513 2.8
      vertex -58.5697 1.33493 3.39999
      vertex -58.9247 1.46513 3.39999
    endloop
  endfacet
  facet normal -0.344332 -0.938848 -0
    outer loop
      vertex -58.5697 1.33493 3.39999
      vertex -58.9247 1.46513 2.8
      vertex -58.5697 1.33493 2.8
    endloop
  endfacet
  facet normal -0.102496 -0.994733 0
    outer loop
      vertex -59.3459 1.50853 2.8
      vertex -58.9247 1.46513 3.39999
      vertex -59.3459 1.50853 3.39999
    endloop
  endfacet
  facet normal -0.102496 -0.994733 -0
    outer loop
      vertex -58.9247 1.46513 3.39999
      vertex -59.3459 1.50853 2.8
      vertex -58.9247 1.46513 2.8
    endloop
  endfacet
  facet normal 0.101445 -0.994841 0
    outer loop
      vertex -59.7671 1.46558 2.8
      vertex -59.3459 1.50853 3.39999
      vertex -59.7671 1.46558 3.39999
    endloop
  endfacet
  facet normal 0.101445 -0.994841 0
    outer loop
      vertex -59.3459 1.50853 3.39999
      vertex -59.7671 1.46558 2.8
      vertex -59.3459 1.50853 2.8
    endloop
  endfacet
  facet normal 0.34152 -0.939875 0
    outer loop
      vertex -60.1217 1.33673 2.8
      vertex -59.7671 1.46558 3.39999
      vertex -60.1217 1.33673 3.39999
    endloop
  endfacet
  facet normal 0.34152 -0.939875 0
    outer loop
      vertex -59.7671 1.46558 3.39999
      vertex -60.1217 1.33673 2.8
      vertex -59.7671 1.46558 2.8
    endloop
  endfacet
  facet normal 0.597504 -0.801866 0
    outer loop
      vertex -60.4099 1.12198 2.8
      vertex -60.1217 1.33673 3.39999
      vertex -60.4099 1.12198 3.39999
    endloop
  endfacet
  facet normal 0.597504 -0.801866 0
    outer loop
      vertex -60.1217 1.33673 3.39999
      vertex -60.4099 1.12198 2.8
      vertex -60.1217 1.33673 2.8
    endloop
  endfacet
  facet normal 0.807949 -0.589252 0
    outer loop
      vertex -60.6224 0.830612 3.39999
      vertex -60.4099 1.12198 2.8
      vertex -60.4099 1.12198 3.39999
    endloop
  endfacet
  facet normal 0.807949 -0.589252 0
    outer loop
      vertex -60.4099 1.12198 2.8
      vertex -60.6224 0.830612 3.39999
      vertex -60.6224 0.830612 2.8
    endloop
  endfacet
  facet normal 0.942252 -0.334906 0
    outer loop
      vertex -60.7499 0.471893 3.39999
      vertex -60.6224 0.830612 2.8
      vertex -60.6224 0.830612 3.39999
    endloop
  endfacet
  facet normal 0.942252 -0.334906 0
    outer loop
      vertex -60.6224 0.830612 2.8
      vertex -60.7499 0.471893 3.39999
      vertex -60.7499 0.471893 2.8
    endloop
  endfacet
  facet normal 0.995062 -0.0992561 0
    outer loop
      vertex -60.7924 0.0458221 3.39999
      vertex -60.7499 0.471893 2.8
      vertex -60.7499 0.471893 3.39999
    endloop
  endfacet
  facet normal 0.995062 -0.0992561 0
    outer loop
      vertex -60.7499 0.471893 2.8
      vertex -60.7924 0.0458221 3.39999
      vertex -60.7924 0.0458221 2.8
    endloop
  endfacet
  facet normal 0.995094 0.0989364 0
    outer loop
      vertex -60.7498 -0.382645 3.39999
      vertex -60.7924 0.0458221 2.8
      vertex -60.7924 0.0458221 3.39999
    endloop
  endfacet
  facet normal 0.995094 0.0989364 0
    outer loop
      vertex -60.7924 0.0458221 2.8
      vertex -60.7498 -0.382645 3.39999
      vertex -60.7498 -0.382645 2.8
    endloop
  endfacet
  facet normal 0.943286 0.331982 0
    outer loop
      vertex -60.622 -0.745773 3.39999
      vertex -60.7498 -0.382645 2.8
      vertex -60.7498 -0.382645 3.39999
    endloop
  endfacet
  facet normal 0.943286 0.331982 0
    outer loop
      vertex -60.7498 -0.382645 2.8
      vertex -60.622 -0.745773 3.39999
      vertex -60.622 -0.745773 2.8
    endloop
  endfacet
  facet normal 0.813251 0.581913 0
    outer loop
      vertex -60.4089 -1.04359 3.39999
      vertex -60.622 -0.745773 2.8
      vertex -60.622 -0.745773 3.39999
    endloop
  endfacet
  facet normal 0.813251 0.581913 0
    outer loop
      vertex -60.622 -0.745773 2.8
      vertex -60.4089 -1.04359 3.39999
      vertex -60.4089 -1.04359 2.8
    endloop
  endfacet
  facet normal 0.608559 0.793509 -0
    outer loop
      vertex -60.1208 -1.26454 2.8
      vertex -60.4089 -1.04359 3.39999
      vertex -60.1208 -1.26454 3.39999
    endloop
  endfacet
  facet normal 0.608559 0.793509 0
    outer loop
      vertex -60.4089 -1.04359 3.39999
      vertex -60.1208 -1.26454 2.8
      vertex -60.4089 -1.04359 2.8
    endloop
  endfacet
  facet normal 0.351664 0.936126 -0
    outer loop
      vertex -59.7679 -1.39711 2.8
      vertex -60.1208 -1.26454 3.39999
      vertex -59.7679 -1.39711 3.39999
    endloop
  endfacet
  facet normal 0.351664 0.936126 0
    outer loop
      vertex -60.1208 -1.26454 3.39999
      vertex -59.7679 -1.39711 2.8
      vertex -60.1208 -1.26454 2.8
    endloop
  endfacet
  facet normal 0.105157 0.994456 -0
    outer loop
      vertex -59.35 -1.4413 2.8
      vertex -59.7679 -1.39711 3.39999
      vertex -59.35 -1.4413 3.39999
    endloop
  endfacet
  facet normal 0.105157 0.994456 0
    outer loop
      vertex -59.7679 -1.39711 3.39999
      vertex -59.35 -1.4413 2.8
      vertex -59.7679 -1.39711 2.8
    endloop
  endfacet
  facet normal -0.0710703 0.997471 0
    outer loop
      vertex -59.0693 -1.4213 2.8
      vertex -59.35 -1.4413 3.39999
      vertex -59.0693 -1.4213 3.39999
    endloop
  endfacet
  facet normal -0.0710703 0.997471 0
    outer loop
      vertex -59.35 -1.4413 3.39999
      vertex -59.0693 -1.4213 2.8
      vertex -59.35 -1.4413 2.8
    endloop
  endfacet
  facet normal -0.404964 -0.914333 0
    outer loop
      vertex -59.7953 -0.848633 2.8
      vertex -59.5909 -0.939163 3.39999
      vertex -59.7953 -0.848633 3.39999
    endloop
  endfacet
  facet normal -0.404964 -0.914333 -0
    outer loop
      vertex -59.5909 -0.939163 3.39999
      vertex -59.7953 -0.848633 2.8
      vertex -59.5909 -0.939163 2.8
    endloop
  endfacet
  facet normal -0.667959 -0.744198 0
    outer loop
      vertex -59.9634 -0.697754 2.8
      vertex -59.7953 -0.848633 3.39999
      vertex -59.9634 -0.697754 3.39999
    endloop
  endfacet
  facet normal -0.667959 -0.744198 -0
    outer loop
      vertex -59.7953 -0.848633 3.39999
      vertex -59.9634 -0.697754 2.8
      vertex -59.7953 -0.848633 2.8
    endloop
  endfacet
  facet normal -0.852091 -0.523393 0
    outer loop
      vertex -59.9634 -0.697754 2.8
      vertex -60.0883 -0.494415 3.39999
      vertex -60.0883 -0.494415 2.8
    endloop
  endfacet
  facet normal -0.852091 -0.523393 0
    outer loop
      vertex -60.0883 -0.494415 3.39999
      vertex -59.9634 -0.697754 2.8
      vertex -59.9634 -0.697754 3.39999
    endloop
  endfacet
  facet normal -0.957244 -0.289281 0
    outer loop
      vertex -60.0883 -0.494415 2.8
      vertex -60.1632 -0.246567 3.39999
      vertex -60.1632 -0.246567 2.8
    endloop
  endfacet
  facet normal -0.957244 -0.289281 0
    outer loop
      vertex -60.1632 -0.246567 3.39999
      vertex -60.0883 -0.494415 2.8
      vertex -60.0883 -0.494415 3.39999
    endloop
  endfacet
  facet normal -0.996365 -0.0851917 0
    outer loop
      vertex -60.1632 -0.246567 2.8
      vertex -60.1882 0.0458221 3.39999
      vertex -60.1882 0.0458221 2.8
    endloop
  endfacet
  facet normal -0.996365 -0.0851917 0
    outer loop
      vertex -60.1882 0.0458221 3.39999
      vertex -60.1632 -0.246567 2.8
      vertex -60.1632 -0.246567 3.39999
    endloop
  endfacet
  facet normal -0.996454 0.0841338 0
    outer loop
      vertex -60.1882 0.0458221 2.8
      vertex -60.1638 0.334808 3.39999
      vertex -60.1638 0.334808 2.8
    endloop
  endfacet
  facet normal -0.996454 0.0841338 0
    outer loop
      vertex -60.1638 0.334808 3.39999
      vertex -60.1882 0.0458221 2.8
      vertex -60.1882 0.0458221 3.39999
    endloop
  endfacet
  facet normal -0.957425 0.288681 0
    outer loop
      vertex -60.1638 0.334808 2.8
      vertex -60.0905 0.577911 3.39999
      vertex -60.0905 0.577911 2.8
    endloop
  endfacet
  facet normal -0.957425 0.288681 0
    outer loop
      vertex -60.0905 0.577911 3.39999
      vertex -60.1638 0.334808 2.8
      vertex -60.1638 0.334808 3.39999
    endloop
  endfacet
  facet normal -0.850418 0.526107 0
    outer loop
      vertex -60.0905 0.577911 2.8
      vertex -59.9685 0.775116 3.39999
      vertex -59.9685 0.775116 2.8
    endloop
  endfacet
  facet normal -0.850418 0.526107 0
    outer loop
      vertex -59.9685 0.775116 3.39999
      vertex -60.0905 0.577911 2.8
      vertex -60.0905 0.577911 3.39999
    endloop
  endfacet
  facet normal -0.656667 0.754181 0
    outer loop
      vertex -59.8017 0.920349 2.8
      vertex -59.9685 0.775116 3.39999
      vertex -59.8017 0.920349 3.39999
    endloop
  endfacet
  facet normal -0.656667 0.754181 0
    outer loop
      vertex -59.9685 0.775116 3.39999
      vertex -59.8017 0.920349 2.8
      vertex -59.9685 0.775116 2.8
    endloop
  endfacet
  facet normal -0.38704 0.922063 0
    outer loop
      vertex -59.5941 1.00749 2.8
      vertex -59.8017 0.920349 3.39999
      vertex -59.5941 1.00749 3.39999
    endloop
  endfacet
  facet normal -0.38704 0.922063 0
    outer loop
      vertex -59.8017 0.920349 3.39999
      vertex -59.5941 1.00749 2.8
      vertex -59.8017 0.920349 2.8
    endloop
  endfacet
  facet normal -0.116249 0.99322 0
    outer loop
      vertex -59.3459 1.03654 2.8
      vertex -59.5941 1.00749 3.39999
      vertex -59.3459 1.03654 3.39999
    endloop
  endfacet
  facet normal -0.116249 0.99322 0
    outer loop
      vertex -59.5941 1.00749 3.39999
      vertex -59.3459 1.03654 2.8
      vertex -59.5941 1.00749 2.8
    endloop
  endfacet
  facet normal 0.118809 0.992917 -0
    outer loop
      vertex -59.1012 1.00726 2.8
      vertex -59.3459 1.03654 3.39999
      vertex -59.1012 1.00726 3.39999
    endloop
  endfacet
  facet normal 0.118809 0.992917 0
    outer loop
      vertex -59.3459 1.03654 3.39999
      vertex -59.1012 1.00726 2.8
      vertex -59.3459 1.03654 2.8
    endloop
  endfacet
  facet normal 0.392935 0.919566 -0
    outer loop
      vertex -58.8957 0.919449 2.8
      vertex -59.1012 1.00726 3.39999
      vertex -58.8957 0.919449 3.39999
    endloop
  endfacet
  facet normal 0.392935 0.919566 0
    outer loop
      vertex -59.1012 1.00726 3.39999
      vertex -58.8957 0.919449 2.8
      vertex -59.1012 1.00726 2.8
    endloop
  endfacet
  facet normal 0.660938 0.75044 -0
    outer loop
      vertex -58.7295 0.773071 2.8
      vertex -58.8957 0.919449 3.39999
      vertex -58.7295 0.773071 3.39999
    endloop
  endfacet
  facet normal 0.660938 0.75044 0
    outer loop
      vertex -58.8957 0.919449 3.39999
      vertex -58.7295 0.773071 2.8
      vertex -58.8957 0.919449 2.8
    endloop
  endfacet
  facet normal 0.851216 0.524815 0
    outer loop
      vertex -58.6075 0.575195 3.39999
      vertex -58.7295 0.773071 2.8
      vertex -58.7295 0.773071 3.39999
    endloop
  endfacet
  facet normal 0.851216 0.524815 0
    outer loop
      vertex -58.7295 0.773071 2.8
      vertex -58.6075 0.575195 3.39999
      vertex -58.6075 0.575195 2.8
    endloop
  endfacet
  facet normal 0.957204 0.289414 0
    outer loop
      vertex -58.5342 0.332764 3.39999
      vertex -58.6075 0.575195 2.8
      vertex -58.6075 0.575195 3.39999
    endloop
  endfacet
  facet normal 0.957204 0.289414 0
    outer loop
      vertex -58.6075 0.575195 2.8
      vertex -58.5342 0.332764 3.39999
      vertex -58.5342 0.332764 2.8
    endloop
  endfacet
  facet normal 0.996404 0.0847289 0
    outer loop
      vertex -58.5098 0.0458221 3.39999
      vertex -58.5342 0.332764 2.8
      vertex -58.5342 0.332764 3.39999
    endloop
  endfacet
  facet normal 0.996404 0.0847289 0
    outer loop
      vertex -58.5342 0.332764 2.8
      vertex -58.5098 0.0458221 3.39999
      vertex -58.5098 0.0458221 2.8
    endloop
  endfacet
  facet normal 0.996725 -0.0808697 0
    outer loop
      vertex -58.5341 -0.253677 3.39999
      vertex -58.5098 0.0458221 2.8
      vertex -58.5098 0.0458221 3.39999
    endloop
  endfacet
  facet normal 0.996725 -0.0808697 0
    outer loop
      vertex -58.5098 0.0458221 2.8
      vertex -58.5341 -0.253677 3.39999
      vertex -58.5341 -0.253677 2.8
    endloop
  endfacet
  facet normal 0.960086 -0.279705 0
    outer loop
      vertex -58.607 -0.503906 3.39999
      vertex -58.5341 -0.253677 2.8
      vertex -58.5341 -0.253677 3.39999
    endloop
  endfacet
  facet normal 0.960086 -0.279705 0
    outer loop
      vertex -58.5341 -0.253677 2.8
      vertex -58.607 -0.503906 3.39999
      vertex -58.607 -0.503906 2.8
    endloop
  endfacet
  facet normal 0.855751 -0.517388 0
    outer loop
      vertex -58.7285 -0.704865 3.39999
      vertex -58.607 -0.503906 2.8
      vertex -58.607 -0.503906 3.39999
    endloop
  endfacet
  facet normal 0.855751 -0.517388 0
    outer loop
      vertex -58.607 -0.503906 2.8
      vertex -58.7285 -0.704865 3.39999
      vertex -58.7285 -0.704865 2.8
    endloop
  endfacet
  facet normal 0.662105 -0.749411 0
    outer loop
      vertex -58.8948 -0.851791 2.8
      vertex -58.7285 -0.704865 3.39999
      vertex -58.8948 -0.851791 3.39999
    endloop
  endfacet
  facet normal 0.662105 -0.749411 0
    outer loop
      vertex -58.7285 -0.704865 3.39999
      vertex -58.8948 -0.851791 2.8
      vertex -58.7285 -0.704865 2.8
    endloop
  endfacet
  facet normal 0.391699 -0.920093 0
    outer loop
      vertex -59.1019 -0.939957 2.8
      vertex -58.8948 -0.851791 3.39999
      vertex -59.1019 -0.939957 3.39999
    endloop
  endfacet
  facet normal 0.391699 -0.920093 0
    outer loop
      vertex -58.8948 -0.851791 3.39999
      vertex -59.1019 -0.939957 2.8
      vertex -58.8948 -0.851791 2.8
    endloop
  endfacet
  facet normal 0.117571 -0.993065 0
    outer loop
      vertex -59.35 -0.96933 2.8
      vertex -59.1019 -0.939957 3.39999
      vertex -59.35 -0.96933 3.39999
    endloop
  endfacet
  facet normal 0.117571 -0.993065 0
    outer loop
      vertex -59.1019 -0.939957 3.39999
      vertex -59.35 -0.96933 2.8
      vertex -59.1019 -0.939957 2.8
    endloop
  endfacet
  facet normal -0.124256 -0.99225 0
    outer loop
      vertex -59.5909 -0.939163 2.8
      vertex -59.35 -0.96933 3.39999
      vertex -59.5909 -0.939163 3.39999
    endloop
  endfacet
  facet normal -0.124256 -0.99225 -0
    outer loop
      vertex -59.35 -0.96933 3.39999
      vertex -59.5909 -0.939163 2.8
      vertex -59.35 -0.96933 2.8
    endloop
  endfacet
  facet normal -0.250493 0.968118 0
    outer loop
      vertex -39.8077 -1.35133 2.8
      vertex -40.0685 -1.41881 3.39999
      vertex -39.8077 -1.35133 3.39999
    endloop
  endfacet
  facet normal -0.250493 0.968118 0
    outer loop
      vertex -40.0685 -1.41881 3.39999
      vertex -39.8077 -1.35133 2.8
      vertex -40.0685 -1.41881 2.8
    endloop
  endfacet
  facet normal -0.436133 0.899882 0
    outer loop
      vertex -39.5757 -1.23889 2.8
      vertex -39.8077 -1.35133 3.39999
      vertex -39.5757 -1.23889 3.39999
    endloop
  endfacet
  facet normal -0.436133 0.899882 0
    outer loop
      vertex -39.8077 -1.35133 3.39999
      vertex -39.5757 -1.23889 2.8
      vertex -39.8077 -1.35133 2.8
    endloop
  endfacet
  facet normal -0.620891 0.783897 0
    outer loop
      vertex -39.3755 -1.08032 2.8
      vertex -39.5757 -1.23889 3.39999
      vertex -39.3755 -1.08032 3.39999
    endloop
  endfacet
  facet normal -0.620891 0.783897 0
    outer loop
      vertex -39.5757 -1.23889 3.39999
      vertex -39.3755 -1.08032 2.8
      vertex -39.5757 -1.23889 2.8
    endloop
  endfacet
  facet normal -0.780029 0.625743 0
    outer loop
      vertex -39.3755 -1.08032 2.8
      vertex -39.2104 -0.874512 3.39999
      vertex -39.2104 -0.874512 2.8
    endloop
  endfacet
  facet normal -0.780029 0.625743 0
    outer loop
      vertex -39.2104 -0.874512 3.39999
      vertex -39.3755 -1.08032 2.8
      vertex -39.3755 -1.08032 3.39999
    endloop
  endfacet
  facet normal -0.889346 0.457234 0
    outer loop
      vertex -39.2104 -0.874512 2.8
      vertex -39.0803 -0.62146 3.39999
      vertex -39.0803 -0.62146 2.8
    endloop
  endfacet
  facet normal -0.889346 0.457234 0
    outer loop
      vertex -39.0803 -0.62146 3.39999
      vertex -39.2104 -0.874512 2.8
      vertex -39.2104 -0.874512 3.39999
    endloop
  endfacet
  facet normal -0.353091 -0.935589 0
    outer loop
      vertex -39.6032 -0.424118 2.8
      vertex -39.0803 -0.62146 3.39999
      vertex -39.6032 -0.424118 3.39999
    endloop
  endfacet
  facet normal -0.353091 -0.935589 -0
    outer loop
      vertex -39.0803 -0.62146 3.39999
      vertex -39.6032 -0.424118 2.8
      vertex -39.0803 -0.62146 2.8
    endloop
  endfacet
  facet normal 0.862279 -0.506433 0
    outer loop
      vertex -39.7811 -0.72702 3.39999
      vertex -39.6032 -0.424118 2.8
      vertex -39.6032 -0.424118 3.39999
    endloop
  endfacet
  facet normal 0.862279 -0.506433 0
    outer loop
      vertex -39.6032 -0.424118 2.8
      vertex -39.7811 -0.72702 3.39999
      vertex -39.7811 -0.72702 2.8
    endloop
  endfacet
  facet normal 0.585688 -0.810537 0
    outer loop
      vertex -40.0326 -0.908752 2.8
      vertex -39.7811 -0.72702 3.39999
      vertex -40.0326 -0.908752 3.39999
    endloop
  endfacet
  facet normal 0.585688 -0.810537 0
    outer loop
      vertex -39.7811 -0.72702 3.39999
      vertex -40.0326 -0.908752 2.8
      vertex -39.7811 -0.72702 2.8
    endloop
  endfacet
  facet normal 0.183075 -0.983099 0
    outer loop
      vertex -40.3579 -0.96933 2.8
      vertex -40.0326 -0.908752 3.39999
      vertex -40.3579 -0.96933 3.39999
    endloop
  endfacet
  facet normal 0.183075 -0.983099 0
    outer loop
      vertex -40.0326 -0.908752 3.39999
      vertex -40.3579 -0.96933 2.8
      vertex -40.0326 -0.908752 2.8
    endloop
  endfacet
  facet normal -0.114415 -0.993433 0
    outer loop
      vertex -40.6091 -0.940399 2.8
      vertex -40.3579 -0.96933 3.39999
      vertex -40.6091 -0.940399 3.39999
    endloop
  endfacet
  facet normal -0.114415 -0.993433 -0
    outer loop
      vertex -40.3579 -0.96933 3.39999
      vertex -40.6091 -0.940399 2.8
      vertex -40.3579 -0.96933 2.8
    endloop
  endfacet
  facet normal -0.384145 -0.923273 0
    outer loop
      vertex -40.8177 -0.853607 2.8
      vertex -40.6091 -0.940399 3.39999
      vertex -40.8177 -0.853607 3.39999
    endloop
  endfacet
  facet normal -0.384145 -0.923273 -0
    outer loop
      vertex -40.6091 -0.940399 3.39999
      vertex -40.8177 -0.853607 2.8
      vertex -40.6091 -0.940399 2.8
    endloop
  endfacet
  facet normal -0.657456 -0.753493 0
    outer loop
      vertex -40.9835 -0.708939 2.8
      vertex -40.8177 -0.853607 3.39999
      vertex -40.9835 -0.708939 3.39999
    endloop
  endfacet
  facet normal -0.657456 -0.753493 -0
    outer loop
      vertex -40.8177 -0.853607 3.39999
      vertex -40.9835 -0.708939 2.8
      vertex -40.8177 -0.853607 2.8
    endloop
  endfacet
  facet normal -0.85647 -0.516197 0
    outer loop
      vertex -40.9835 -0.708939 2.8
      vertex -41.1038 -0.509338 3.39999
      vertex -41.1038 -0.509338 2.8
    endloop
  endfacet
  facet normal -0.85647 -0.516197 0
    outer loop
      vertex -41.1038 -0.509338 3.39999
      vertex -40.9835 -0.708939 2.8
      vertex -40.9835 -0.708939 3.39999
    endloop
  endfacet
  facet normal -0.961202 -0.275844 0
    outer loop
      vertex -41.1038 -0.509338 2.8
      vertex -41.176 -0.257751 3.39999
      vertex -41.176 -0.257751 2.8
    endloop
  endfacet
  facet normal -0.961202 -0.275844 0
    outer loop
      vertex -41.176 -0.257751 3.39999
      vertex -41.1038 -0.509338 2.8
      vertex -41.1038 -0.509338 3.39999
    endloop
  endfacet
  facet normal -0.996864 -0.0791388 0
    outer loop
      vertex -41.176 -0.257751 2.8
      vertex -41.2001 0.0458221 3.39999
      vertex -41.2001 0.0458221 2.8
    endloop
  endfacet
  facet normal -0.996864 -0.0791388 0
    outer loop
      vertex -41.2001 0.0458221 3.39999
      vertex -41.176 -0.257751 2.8
      vertex -41.176 -0.257751 3.39999
    endloop
  endfacet
  facet normal -0.996934 0.0782455 0
    outer loop
      vertex -41.2001 0.0458221 2.8
      vertex -41.1767 0.343964 3.39999
      vertex -41.1767 0.343964 2.8
    endloop
  endfacet
  facet normal -0.996934 0.0782455 0
    outer loop
      vertex -41.1767 0.343964 3.39999
      vertex -41.2001 0.0458221 2.8
      vertex -41.2001 0.0458221 3.39999
    endloop
  endfacet
  facet normal -0.961653 0.274268 0
    outer loop
      vertex -41.1767 0.343964 2.8
      vertex -41.1065 0.590103 3.39999
      vertex -41.1065 0.590103 2.8
    endloop
  endfacet
  facet normal -0.961653 0.274268 0
    outer loop
      vertex -41.1065 0.590103 3.39999
      vertex -41.1767 0.343964 2.8
      vertex -41.1767 0.343964 3.39999
    endloop
  endfacet
  facet normal -0.856715 0.51579 0
    outer loop
      vertex -41.1065 0.590103 2.8
      vertex -40.9896 0.784271 3.39999
      vertex -40.9896 0.784271 2.8
    endloop
  endfacet
  facet normal -0.856715 0.51579 0
    outer loop
      vertex -40.9896 0.784271 3.39999
      vertex -41.1065 0.590103 2.8
      vertex -41.1065 0.590103 3.39999
    endloop
  endfacet
  facet normal -0.653807 0.756661 0
    outer loop
      vertex -40.8274 0.924423 2.8
      vertex -40.9896 0.784271 3.39999
      vertex -40.8274 0.924423 3.39999
    endloop
  endfacet
  facet normal -0.653807 0.756661 0
    outer loop
      vertex -40.9896 0.784271 3.39999
      vertex -40.8274 0.924423 2.8
      vertex -40.9896 0.784271 2.8
    endloop
  endfacet
  facet normal -0.378232 0.925711 0
    outer loop
      vertex -40.6216 1.00851 2.8
      vertex -40.8274 0.924423 3.39999
      vertex -40.6216 1.00851 3.39999
    endloop
  endfacet
  facet normal -0.378232 0.925711 0
    outer loop
      vertex -40.8274 0.924423 3.39999
      vertex -40.6216 1.00851 2.8
      vertex -40.8274 0.924423 2.8
    endloop
  endfacet
  facet normal -0.111642 0.993748 0
    outer loop
      vertex -40.3721 1.03654 2.8
      vertex -40.6216 1.00851 3.39999
      vertex -40.3721 1.03654 3.39999
    endloop
  endfacet
  facet normal -0.111642 0.993748 0
    outer loop
      vertex -40.6216 1.00851 3.39999
      vertex -40.3721 1.03654 2.8
      vertex -40.6216 1.00851 2.8
    endloop
  endfacet
  facet normal 0.0828706 0.99656 -0
    outer loop
      vertex -40.2023 1.02242 2.8
      vertex -40.3721 1.03654 3.39999
      vertex -40.2023 1.02242 3.39999
    endloop
  endfacet
  facet normal 0.0828706 0.99656 0
    outer loop
      vertex -40.3721 1.03654 3.39999
      vertex -40.2023 1.02242 2.8
      vertex -40.3721 1.03654 2.8
    endloop
  endfacet
  facet normal 0.264933 0.964267 -0
    outer loop
      vertex -40.048 0.980026 2.8
      vertex -40.2023 1.02242 3.39999
      vertex -40.048 0.980026 3.39999
    endloop
  endfacet
  facet normal 0.264933 0.964267 0
    outer loop
      vertex -40.2023 1.02242 3.39999
      vertex -40.048 0.980026 2.8
      vertex -40.2023 1.02242 2.8
    endloop
  endfacet
  facet normal 0.453796 0.891106 -0
    outer loop
      vertex -39.9093 0.909393 2.8
      vertex -40.048 0.980026 3.39999
      vertex -39.9093 0.909393 3.39999
    endloop
  endfacet
  facet normal 0.453796 0.891106 0
    outer loop
      vertex -40.048 0.980026 3.39999
      vertex -39.9093 0.909393 2.8
      vertex -40.048 0.980026 2.8
    endloop
  endfacet
  facet normal 0.630323 0.776333 -0
    outer loop
      vertex -39.7928 0.814804 2.8
      vertex -39.9093 0.909393 3.39999
      vertex -39.7928 0.814804 3.39999
    endloop
  endfacet
  facet normal 0.630323 0.776333 0
    outer loop
      vertex -39.9093 0.909393 3.39999
      vertex -39.7928 0.814804 2.8
      vertex -39.9093 0.909393 2.8
    endloop
  endfacet
  facet normal 0.792928 0.609315 0
    outer loop
      vertex -39.705 0.700546 3.39999
      vertex -39.7928 0.814804 2.8
      vertex -39.7928 0.814804 3.39999
    endloop
  endfacet
  facet normal 0.792928 0.609315 0
    outer loop
      vertex -39.7928 0.814804 2.8
      vertex -39.705 0.700546 3.39999
      vertex -39.705 0.700546 2.8
    endloop
  endfacet
  facet normal 0.91488 0.403726 0
    outer loop
      vertex -39.6459 0.56662 3.39999
      vertex -39.705 0.700546 2.8
      vertex -39.705 0.700546 3.39999
    endloop
  endfacet
  facet normal 0.91488 0.403726 0
    outer loop
      vertex -39.705 0.700546 2.8
      vertex -39.6459 0.56662 3.39999
      vertex -39.6459 0.56662 2.8
    endloop
  endfacet
  facet normal -0.263374 0.964694 0
    outer loop
      vertex -39.1169 0.711044 2.8
      vertex -39.6459 0.56662 3.39999
      vertex -39.1169 0.711044 3.39999
    endloop
  endfacet
  facet normal -0.263374 0.964694 0
    outer loop
      vertex -39.6459 0.56662 3.39999
      vertex -39.1169 0.711044 2.8
      vertex -39.6459 0.56662 2.8
    endloop
  endfacet
  facet normal -0.914432 -0.40474 0
    outer loop
      vertex -39.1169 0.711044 2.8
      vertex -39.2234 0.95166 3.39999
      vertex -39.2234 0.95166 2.8
    endloop
  endfacet
  facet normal -0.914432 -0.40474 0
    outer loop
      vertex -39.2234 0.95166 3.39999
      vertex -39.1169 0.711044 2.8
      vertex -39.1169 0.711044 3.39999
    endloop
  endfacet
  facet normal -0.800508 -0.599322 0
    outer loop
      vertex -39.2234 0.95166 2.8
      vertex -39.3719 1.15001 3.39999
      vertex -39.3719 1.15001 2.8
    endloop
  endfacet
  facet normal -0.800508 -0.599322 0
    outer loop
      vertex -39.3719 1.15001 3.39999
      vertex -39.2234 0.95166 2.8
      vertex -39.2234 0.95166 3.39999
    endloop
  endfacet
  facet normal -0.633565 -0.77369 0
    outer loop
      vertex -39.5625 1.30609 2.8
      vertex -39.3719 1.15001 3.39999
      vertex -39.5625 1.30609 3.39999
    endloop
  endfacet
  facet normal -0.633565 -0.77369 -0
    outer loop
      vertex -39.3719 1.15001 3.39999
      vertex -39.5625 1.30609 2.8
      vertex -39.3719 1.15001 2.8
    endloop
  endfacet
  facet normal -0.435739 -0.900073 0
    outer loop
      vertex -39.7948 1.41855 2.8
      vertex -39.5625 1.30609 3.39999
      vertex -39.7948 1.41855 3.39999
    endloop
  endfacet
  facet normal -0.435739 -0.900073 -0
    outer loop
      vertex -39.5625 1.30609 3.39999
      vertex -39.7948 1.41855 2.8
      vertex -39.5625 1.30609 2.8
    endloop
  endfacet
  facet normal -0.239166 -0.970979 0
    outer loop
      vertex -40.0688 1.48604 2.8
      vertex -39.7948 1.41855 3.39999
      vertex -40.0688 1.48604 3.39999
    endloop
  endfacet
  facet normal -0.239166 -0.970979 -0
    outer loop
      vertex -39.7948 1.41855 3.39999
      vertex -40.0688 1.48604 2.8
      vertex -39.7948 1.41855 2.8
    endloop
  endfacet
  facet normal -0.0710808 -0.997471 0
    outer loop
      vertex -40.3844 1.50853 2.8
      vertex -40.0688 1.48604 3.39999
      vertex -40.3844 1.50853 3.39999
    endloop
  endfacet
  facet normal -0.0710808 -0.997471 -0
    outer loop
      vertex -40.0688 1.48604 3.39999
      vertex -40.3844 1.50853 2.8
      vertex -40.0688 1.48604 2.8
    endloop
  endfacet
  facet normal 0.0985293 -0.995134 0
    outer loop
      vertex -40.8091 1.46648 2.8
      vertex -40.3844 1.50853 3.39999
      vertex -40.8091 1.46648 3.39999
    endloop
  endfacet
  facet normal 0.0985293 -0.995134 0
    outer loop
      vertex -40.3844 1.50853 3.39999
      vertex -40.8091 1.46648 2.8
      vertex -40.3844 1.50853 2.8
    endloop
  endfacet
  facet normal 0.337407 -0.941359 0
    outer loop
      vertex -41.161 1.34035 2.8
      vertex -40.8091 1.46648 3.39999
      vertex -41.161 1.34035 3.39999
    endloop
  endfacet
  facet normal 0.337407 -0.941359 0
    outer loop
      vertex -40.8091 1.46648 3.39999
      vertex -41.161 1.34035 2.8
      vertex -40.8091 1.46648 2.8
    endloop
  endfacet
  facet normal 0.601482 -0.798886 0
    outer loop
      vertex -41.4402 1.13014 2.8
      vertex -41.161 1.34035 3.39999
      vertex -41.4402 1.13014 3.39999
    endloop
  endfacet
  facet normal 0.601482 -0.798886 0
    outer loop
      vertex -41.161 1.34035 3.39999
      vertex -41.4402 1.13014 2.8
      vertex -41.161 1.34035 2.8
    endloop
  endfacet
  facet normal 0.818918 -0.57391 0
    outer loop
      vertex -41.6425 0.841476 3.39999
      vertex -41.4402 1.13014 2.8
      vertex -41.4402 1.13014 3.39999
    endloop
  endfacet
  facet normal 0.818918 -0.57391 0
    outer loop
      vertex -41.4402 1.13014 2.8
      vertex -41.6425 0.841476 3.39999
      vertex -41.6425 0.841476 2.8
    endloop
  endfacet
  facet normal 0.947955 -0.318403 0
    outer loop
      vertex -41.7639 0.480042 3.39999
      vertex -41.6425 0.841476 2.8
      vertex -41.6425 0.841476 3.39999
    endloop
  endfacet
  facet normal 0.947955 -0.318403 0
    outer loop
      vertex -41.6425 0.841476 2.8
      vertex -41.7639 0.480042 3.39999
      vertex -41.7639 0.480042 2.8
    endloop
  endfacet
  facet normal 0.995678 -0.0928676 0
    outer loop
      vertex -41.8044 0.0458221 3.39999
      vertex -41.7639 0.480042 2.8
      vertex -41.7639 0.480042 3.39999
    endloop
  endfacet
  facet normal 0.995678 -0.0928676 0
    outer loop
      vertex -41.7639 0.480042 2.8
      vertex -41.8044 0.0458221 3.39999
      vertex -41.8044 0.0458221 2.8
    endloop
  endfacet
  facet normal 0.995362 0.0962023 0
    outer loop
      vertex -41.7624 -0.388733 3.39999
      vertex -41.8044 0.0458221 2.8
      vertex -41.8044 0.0458221 3.39999
    endloop
  endfacet
  facet normal 0.995362 0.0962023 0
    outer loop
      vertex -41.8044 0.0458221 2.8
      vertex -41.7624 -0.388733 3.39999
      vertex -41.7624 -0.388733 2.8
    endloop
  endfacet
  facet normal 0.94547 0.325709 0
    outer loop
      vertex -41.6366 -0.753906 3.39999
      vertex -41.7624 -0.388733 2.8
      vertex -41.7624 -0.388733 3.39999
    endloop
  endfacet
  facet normal 0.94547 0.325709 0
    outer loop
      vertex -41.7624 -0.388733 2.8
      vertex -41.6366 -0.753906 3.39999
      vertex -41.6366 -0.753906 2.8
    endloop
  endfacet
  facet normal 0.815903 0.578189 0
    outer loop
      vertex -41.427 -1.04968 3.39999
      vertex -41.6366 -0.753906 2.8
      vertex -41.6366 -0.753906 3.39999
    endloop
  endfacet
  facet normal 0.815903 0.578189 0
    outer loop
      vertex -41.6366 -0.753906 2.8
      vertex -41.427 -1.04968 3.39999
      vertex -41.427 -1.04968 2.8
    endloop
  endfacet
  facet normal 0.604766 0.796403 -0
    outer loop
      vertex -41.1405 -1.26724 2.8
      vertex -41.427 -1.04968 3.39999
      vertex -41.1405 -1.26724 3.39999
    endloop
  endfacet
  facet normal 0.604766 0.796403 0
    outer loop
      vertex -41.427 -1.04968 3.39999
      vertex -41.1405 -1.26724 2.8
      vertex -41.427 -1.04968 2.8
    endloop
  endfacet
  facet normal 0.343929 0.938995 -0
    outer loop
      vertex -40.7841 -1.39778 2.8
      vertex -41.1405 -1.26724 3.39999
      vertex -40.7841 -1.39778 3.39999
    endloop
  endfacet
  facet normal 0.343929 0.938995 0
    outer loop
      vertex -41.1405 -1.26724 3.39999
      vertex -40.7841 -1.39778 2.8
      vertex -41.1405 -1.26724 2.8
    endloop
  endfacet
  facet normal 0.101583 0.994827 -0
    outer loop
      vertex -40.3579 -1.4413 2.8
      vertex -40.7841 -1.39778 3.39999
      vertex -40.3579 -1.4413 3.39999
    endloop
  endfacet
  facet normal 0.101583 0.994827 0
    outer loop
      vertex -40.7841 -1.39778 3.39999
      vertex -40.3579 -1.4413 2.8
      vertex -40.7841 -1.39778 2.8
    endloop
  endfacet
  facet normal -0.0774789 0.996994 0
    outer loop
      vertex -40.0685 -1.41881 2.8
      vertex -40.3579 -1.4413 3.39999
      vertex -40.0685 -1.41881 3.39999
    endloop
  endfacet
  facet normal -0.0774789 0.996994 0
    outer loop
      vertex -40.3579 -1.4413 3.39999
      vertex -40.0685 -1.41881 2.8
      vertex -40.3579 -1.4413 2.8
    endloop
  endfacet
  facet normal -0.236169 0.971712 0
    outer loop
      vertex -51.8945 -1.3423 2.8
      vertex -52.2 -1.41655 3.39999
      vertex -51.8945 -1.3423 3.39999
    endloop
  endfacet
  facet normal -0.236169 0.971712 0
    outer loop
      vertex -52.2 -1.41655 3.39999
      vertex -51.8945 -1.3423 2.8
      vertex -52.2 -1.41655 2.8
    endloop
  endfacet
  facet normal -0.457235 0.889346 0
    outer loop
      vertex -51.6538 -1.21855 2.8
      vertex -51.8945 -1.3423 3.39999
      vertex -51.6538 -1.21855 3.39999
    endloop
  endfacet
  facet normal -0.457235 0.889346 0
    outer loop
      vertex -51.8945 -1.3423 3.39999
      vertex -51.6538 -1.21855 2.8
      vertex -51.8945 -1.3423 2.8
    endloop
  endfacet
  facet normal -0.701039 0.713123 0
    outer loop
      vertex -51.4803 -1.04799 2.8
      vertex -51.6538 -1.21855 3.39999
      vertex -51.4803 -1.04799 3.39999
    endloop
  endfacet
  facet normal -0.701039 0.713123 0
    outer loop
      vertex -51.6538 -1.21855 3.39999
      vertex -51.4803 -1.04799 2.8
      vertex -51.6538 -1.21855 2.8
    endloop
  endfacet
  facet normal -0.899754 0.436397 0
    outer loop
      vertex -51.4803 -1.04799 2.8
      vertex -51.3762 -0.833359 3.39999
      vertex -51.3762 -0.833359 2.8
    endloop
  endfacet
  facet normal -0.899754 0.436397 0
    outer loop
      vertex -51.3762 -0.833359 3.39999
      vertex -51.4803 -1.04799 2.8
      vertex -51.4803 -1.04799 3.39999
    endloop
  endfacet
  facet normal -0.991124 0.132943 0
    outer loop
      vertex -51.3762 -0.833359 2.8
      vertex -51.3415 -0.574661 3.39999
      vertex -51.3415 -0.574661 2.8
    endloop
  endfacet
  facet normal -0.991124 0.132943 0
    outer loop
      vertex -51.3415 -0.574661 3.39999
      vertex -51.3762 -0.833359 2.8
      vertex -51.3762 -0.833359 3.39999
    endloop
  endfacet
  facet normal -0.998589 -0.0531002 0
    outer loop
      vertex -51.3415 -0.574661 2.8
      vertex -51.3476 -0.459946 3.39999
      vertex -51.3476 -0.459946 2.8
    endloop
  endfacet
  facet normal -0.998589 -0.0531002 0
    outer loop
      vertex -51.3476 -0.459946 3.39999
      vertex -51.3415 -0.574661 2.8
      vertex -51.3415 -0.574661 3.39999
    endloop
  endfacet
  facet normal -0.985113 -0.171911 0
    outer loop
      vertex -51.3476 -0.459946 2.8
      vertex -51.366 -0.354507 3.39999
      vertex -51.366 -0.354507 2.8
    endloop
  endfacet
  facet normal -0.985113 -0.171911 0
    outer loop
      vertex -51.366 -0.354507 3.39999
      vertex -51.3476 -0.459946 2.8
      vertex -51.3476 -0.459946 3.39999
    endloop
  endfacet
  facet normal -0.953216 -0.30229 0
    outer loop
      vertex -51.366 -0.354507 2.8
      vertex -51.3965 -0.258331 3.39999
      vertex -51.3965 -0.258331 2.8
    endloop
  endfacet
  facet normal -0.953216 -0.30229 0
    outer loop
      vertex -51.3965 -0.258331 3.39999
      vertex -51.366 -0.354507 2.8
      vertex -51.366 -0.354507 3.39999
    endloop
  endfacet
  facet normal -0.901037 -0.433742 0
    outer loop
      vertex -51.3965 -0.258331 2.8
      vertex -51.4385 -0.171082 3.39999
      vertex -51.4385 -0.171082 2.8
    endloop
  endfacet
  facet normal -0.901037 -0.433742 0
    outer loop
      vertex -51.4385 -0.171082 3.39999
      vertex -51.3965 -0.258331 2.8
      vertex -51.3965 -0.258331 3.39999
    endloop
  endfacet
  facet normal -0.829852 -0.557983 0
    outer loop
      vertex -51.4385 -0.171082 2.8
      vertex -51.4914 -0.0924072 3.39999
      vertex -51.4914 -0.0924072 2.8
    endloop
  endfacet
  facet normal -0.829852 -0.557983 0
    outer loop
      vertex -51.4914 -0.0924072 3.39999
      vertex -51.4385 -0.171082 2.8
      vertex -51.4385 -0.171082 3.39999
    endloop
  endfacet
  facet normal -0.73948 -0.673179 0
    outer loop
      vertex -51.4914 -0.0924072 2.8
      vertex -51.5552 -0.0223236 3.39999
      vertex -51.5552 -0.0223236 2.8
    endloop
  endfacet
  facet normal -0.73948 -0.673179 0
    outer loop
      vertex -51.5552 -0.0223236 3.39999
      vertex -51.4914 -0.0924072 2.8
      vertex -51.4914 -0.0924072 3.39999
    endloop
  endfacet
  facet normal -0.631568 -0.77532 0
    outer loop
      vertex -51.6326 0.0407257 2.8
      vertex -51.5552 -0.0223236 3.39999
      vertex -51.6326 0.0407257 3.39999
    endloop
  endfacet
  facet normal -0.631568 -0.77532 -0
    outer loop
      vertex -51.5552 -0.0223236 3.39999
      vertex -51.6326 0.0407257 2.8
      vertex -51.5552 -0.0223236 2.8
    endloop
  endfacet
  facet normal -0.523096 -0.852274 0
    outer loop
      vertex -51.7265 0.0983582 2.8
      vertex -51.6326 0.0407257 3.39999
      vertex -51.7265 0.0983582 3.39999
    endloop
  endfacet
  facet normal -0.523096 -0.852274 -0
    outer loop
      vertex -51.6326 0.0407257 3.39999
      vertex -51.7265 0.0983582 2.8
      vertex -51.6326 0.0407257 2.8
    endloop
  endfacet
  facet normal -0.427558 -0.903988 0
    outer loop
      vertex -51.8369 0.150574 2.8
      vertex -51.7265 0.0983582 3.39999
      vertex -51.8369 0.150574 3.39999
    endloop
  endfacet
  facet normal -0.427558 -0.903988 -0
    outer loop
      vertex -51.7265 0.0983582 3.39999
      vertex -51.8369 0.150574 2.8
      vertex -51.7265 0.0983582 2.8
    endloop
  endfacet
  facet normal -0.332085 -0.943249 0
    outer loop
      vertex -51.9817 0.201553 2.8
      vertex -51.8369 0.150574 3.39999
      vertex -51.9817 0.201553 3.39999
    endloop
  endfacet
  facet normal -0.332085 -0.943249 -0
    outer loop
      vertex -51.8369 0.150574 3.39999
      vertex -51.9817 0.201553 2.8
      vertex -51.8369 0.150574 2.8
    endloop
  endfacet
  facet normal -0.26395 -0.964536 0
    outer loop
      vertex -52.1787 0.255463 2.8
      vertex -51.9817 0.201553 3.39999
      vertex -52.1787 0.255463 3.39999
    endloop
  endfacet
  facet normal -0.26395 -0.964536 -0
    outer loop
      vertex -51.9817 0.201553 3.39999
      vertex -52.1787 0.255463 2.8
      vertex -51.9817 0.201553 2.8
    endloop
  endfacet
  facet normal -0.222375 -0.974961 0
    outer loop
      vertex -52.4279 0.312302 2.8
      vertex -52.1787 0.255463 3.39999
      vertex -52.4279 0.312302 3.39999
    endloop
  endfacet
  facet normal -0.222375 -0.974961 -0
    outer loop
      vertex -52.1787 0.255463 3.39999
      vertex -52.4279 0.312302 2.8
      vertex -52.1787 0.255463 2.8
    endloop
  endfacet
  facet normal -0.224175 -0.974549 0
    outer loop
      vertex -52.6338 0.359665 2.8
      vertex -52.4279 0.312302 3.39999
      vertex -52.6338 0.359665 3.39999
    endloop
  endfacet
  facet normal -0.224175 -0.974549 -0
    outer loop
      vertex -52.4279 0.312302 3.39999
      vertex -52.6338 0.359665 2.8
      vertex -52.4279 0.312302 2.8
    endloop
  endfacet
  facet normal -0.261378 -0.965236 0
    outer loop
      vertex -52.7878 0.401367 2.8
      vertex -52.6338 0.359665 3.39999
      vertex -52.7878 0.401367 3.39999
    endloop
  endfacet
  facet normal -0.261378 -0.965236 -0
    outer loop
      vertex -52.6338 0.359665 3.39999
      vertex -52.7878 0.401367 2.8
      vertex -52.6338 0.359665 2.8
    endloop
  endfacet
  facet normal -0.333448 -0.942769 0
    outer loop
      vertex -52.8897 0.437408 2.8
      vertex -52.7878 0.401367 3.39999
      vertex -52.8897 0.437408 3.39999
    endloop
  endfacet
  facet normal -0.333448 -0.942769 -0
    outer loop
      vertex -52.7878 0.401367 3.39999
      vertex -52.8897 0.437408 2.8
      vertex -52.7878 0.401367 2.8
    endloop
  endfacet
  facet normal -0.455005 -0.890489 0
    outer loop
      vertex -52.9594 0.473022 2.8
      vertex -52.8897 0.437408 3.39999
      vertex -52.9594 0.473022 3.39999
    endloop
  endfacet
  facet normal -0.455005 -0.890489 -0
    outer loop
      vertex -52.8897 0.437408 3.39999
      vertex -52.9594 0.473022 2.8
      vertex -52.8897 0.437408 2.8
    endloop
  endfacet
  facet normal -0.57504 -0.818126 0
    outer loop
      vertex -53.0168 0.513367 2.8
      vertex -52.9594 0.473022 3.39999
      vertex -53.0168 0.513367 3.39999
    endloop
  endfacet
  facet normal -0.57504 -0.818126 -0
    outer loop
      vertex -52.9594 0.473022 3.39999
      vertex -53.0168 0.513367 2.8
      vertex -52.9594 0.473022 2.8
    endloop
  endfacet
  facet normal -0.709377 -0.70483 0
    outer loop
      vertex -53.0168 0.513367 2.8
      vertex -53.0616 0.558456 3.39999
      vertex -53.0616 0.558456 2.8
    endloop
  endfacet
  facet normal -0.709377 -0.70483 0
    outer loop
      vertex -53.0616 0.558456 3.39999
      vertex -53.0168 0.513367 2.8
      vertex -53.0168 0.513367 3.39999
    endloop
  endfacet
  facet normal -0.850205 -0.526453 0
    outer loop
      vertex -53.0616 0.558456 2.8
      vertex -53.0938 0.610458 3.39999
      vertex -53.0938 0.610458 2.8
    endloop
  endfacet
  facet normal -0.850205 -0.526453 0
    outer loop
      vertex -53.0938 0.610458 3.39999
      vertex -53.0616 0.558456 2.8
      vertex -53.0616 0.558456 3.39999
    endloop
  endfacet
  facet normal -0.953468 -0.301493 0
    outer loop
      vertex -53.0938 0.610458 2.8
      vertex -53.1131 0.671494 3.39999
      vertex -53.1131 0.671494 2.8
    endloop
  endfacet
  facet normal -0.953468 -0.301493 0
    outer loop
      vertex -53.1131 0.671494 3.39999
      vertex -53.0938 0.610458 2.8
      vertex -53.0938 0.610458 3.39999
    endloop
  endfacet
  facet normal -0.995727 -0.0923508 0
    outer loop
      vertex -53.1131 0.671494 2.8
      vertex -53.1196 0.741577 3.39999
      vertex -53.1196 0.741577 2.8
    endloop
  endfacet
  facet normal -0.995727 -0.0923508 0
    outer loop
      vertex -53.1196 0.741577 3.39999
      vertex -53.1131 0.671494 2.8
      vertex -53.1131 0.671494 3.39999
    endloop
  endfacet
  facet normal -0.952652 0.304062 0
    outer loop
      vertex -53.1196 0.741577 2.8
      vertex -53.059 0.931442 3.39999
      vertex -53.059 0.931442 2.8
    endloop
  endfacet
  facet normal -0.952652 0.304062 0
    outer loop
      vertex -53.059 0.931442 3.39999
      vertex -53.1196 0.741577 2.8
      vertex -53.1196 0.741577 3.39999
    endloop
  endfacet
  facet normal -0.53119 0.847252 0
    outer loop
      vertex -52.8773 1.04536 2.8
      vertex -53.059 0.931442 3.39999
      vertex -52.8773 1.04536 3.39999
    endloop
  endfacet
  facet normal -0.53119 0.847252 0
    outer loop
      vertex -53.059 0.931442 3.39999
      vertex -52.8773 1.04536 2.8
      vertex -53.059 0.931442 2.8
    endloop
  endfacet
  facet normal -0.124414 0.99223 0
    outer loop
      vertex -52.5744 1.08334 2.8
      vertex -52.8773 1.04536 3.39999
      vertex -52.5744 1.08334 3.39999
    endloop
  endfacet
  facet normal -0.124414 0.99223 0
    outer loop
      vertex -52.8773 1.04536 3.39999
      vertex -52.5744 1.08334 2.8
      vertex -52.8773 1.04536 2.8
    endloop
  endfacet
  facet normal 0.0658051 0.997832 -0
    outer loop
      vertex -52.4167 1.07294 2.8
      vertex -52.5744 1.08334 3.39999
      vertex -52.4167 1.07294 3.39999
    endloop
  endfacet
  facet normal 0.0658051 0.997832 0
    outer loop
      vertex -52.5744 1.08334 3.39999
      vertex -52.4167 1.07294 2.8
      vertex -52.5744 1.08334 2.8
    endloop
  endfacet
  facet normal 0.231423 0.972853 -0
    outer loop
      vertex -52.2855 1.04173 2.8
      vertex -52.4167 1.07294 3.39999
      vertex -52.2855 1.04173 3.39999
    endloop
  endfacet
  facet normal 0.231423 0.972853 0
    outer loop
      vertex -52.4167 1.07294 3.39999
      vertex -52.2855 1.04173 2.8
      vertex -52.4167 1.07294 2.8
    endloop
  endfacet
  facet normal 0.444469 0.895794 -0
    outer loop
      vertex -52.1807 0.989731 2.8
      vertex -52.2855 1.04173 3.39999
      vertex -52.1807 0.989731 3.39999
    endloop
  endfacet
  facet normal 0.444469 0.895794 0
    outer loop
      vertex -52.2855 1.04173 3.39999
      vertex -52.1807 0.989731 2.8
      vertex -52.2855 1.04173 2.8
    endloop
  endfacet
  facet normal 0.66622 0.745755 -0
    outer loop
      vertex -52.0995 0.917191 2.8
      vertex -52.1807 0.989731 3.39999
      vertex -52.0995 0.917191 3.39999
    endloop
  endfacet
  facet normal 0.66622 0.745755 0
    outer loop
      vertex -52.1807 0.989731 3.39999
      vertex -52.0995 0.917191 2.8
      vertex -52.1807 0.989731 2.8
    endloop
  endfacet
  facet normal 0.837174 0.546937 0
    outer loop
      vertex -52.0388 0.82428 3.39999
      vertex -52.0995 0.917191 2.8
      vertex -52.0995 0.917191 3.39999
    endloop
  endfacet
  facet normal 0.837174 0.546937 0
    outer loop
      vertex -52.0995 0.917191 2.8
      vertex -52.0388 0.82428 3.39999
      vertex -52.0388 0.82428 2.8
    endloop
  endfacet
  facet normal 0.942639 0.333814 0
    outer loop
      vertex -51.9987 0.711044 3.39999
      vertex -52.0388 0.82428 2.8
      vertex -52.0388 0.82428 3.39999
    endloop
  endfacet
  facet normal 0.942639 0.333814 0
    outer loop
      vertex -52.0388 0.82428 2.8
      vertex -51.9987 0.711044 3.39999
      vertex -51.9987 0.711044 2.8
    endloop
  endfacet
  facet normal -0.135107 0.990831 0
    outer loop
      vertex -51.4168 0.79039 2.8
      vertex -51.9987 0.711044 3.39999
      vertex -51.4168 0.79039 3.39999
    endloop
  endfacet
  facet normal -0.135107 0.990831 0
    outer loop
      vertex -51.9987 0.711044 3.39999
      vertex -51.4168 0.79039 2.8
      vertex -51.9987 0.711044 2.8
    endloop
  endfacet
  facet normal -0.954301 -0.298848 0
    outer loop
      vertex -51.4168 0.79039 2.8
      vertex -51.4895 1.02254 3.39999
      vertex -51.4895 1.02254 2.8
    endloop
  endfacet
  facet normal -0.954301 -0.298848 0
    outer loop
      vertex -51.4895 1.02254 3.39999
      vertex -51.4168 0.79039 2.8
      vertex -51.4168 0.79039 3.39999
    endloop
  endfacet
  facet normal -0.847908 -0.530144 0
    outer loop
      vertex -51.4895 1.02254 2.8
      vertex -51.6044 1.20631 3.39999
      vertex -51.6044 1.20631 2.8
    endloop
  endfacet
  facet normal -0.847908 -0.530144 0
    outer loop
      vertex -51.6044 1.20631 3.39999
      vertex -51.4895 1.02254 2.8
      vertex -51.4895 1.02254 3.39999
    endloop
  endfacet
  facet normal -0.652322 -0.757942 0
    outer loop
      vertex -51.7617 1.34169 2.8
      vertex -51.6044 1.20631 3.39999
      vertex -51.7617 1.34169 3.39999
    endloop
  endfacet
  facet normal -0.652322 -0.757942 -0
    outer loop
      vertex -51.6044 1.20631 3.39999
      vertex -51.7617 1.34169 2.8
      vertex -51.6044 1.20631 2.8
    endloop
  endfacet
  facet normal -0.407402 -0.913249 0
    outer loop
      vertex -51.9695 1.43439 2.8
      vertex -51.7617 1.34169 3.39999
      vertex -51.9695 1.43439 3.39999
    endloop
  endfacet
  facet normal -0.407402 -0.913249 -0
    outer loop
      vertex -51.7617 1.34169 3.39999
      vertex -51.9695 1.43439 2.8
      vertex -51.7617 1.34169 2.8
    endloop
  endfacet
  facet normal -0.204013 -0.978968 0
    outer loop
      vertex -52.2363 1.48999 2.8
      vertex -51.9695 1.43439 3.39999
      vertex -52.2363 1.48999 3.39999
    endloop
  endfacet
  facet normal -0.204013 -0.978968 -0
    outer loop
      vertex -51.9695 1.43439 3.39999
      vertex -52.2363 1.48999 2.8
      vertex -51.9695 1.43439 2.8
    endloop
  endfacet
  facet normal -0.0567968 -0.998386 0
    outer loop
      vertex -52.5622 1.50853 2.8
      vertex -52.2363 1.48999 3.39999
      vertex -52.5622 1.50853 3.39999
    endloop
  endfacet
  facet normal -0.0567968 -0.998386 -0
    outer loop
      vertex -52.2363 1.48999 3.39999
      vertex -52.5622 1.50853 2.8
      vertex -52.2363 1.48999 2.8
    endloop
  endfacet
  facet normal 0.0669352 -0.997757 0
    outer loop
      vertex -52.9043 1.48558 2.8
      vertex -52.5622 1.50853 3.39999
      vertex -52.9043 1.48558 3.39999
    endloop
  endfacet
  facet normal 0.0669352 -0.997757 0
    outer loop
      vertex -52.5622 1.50853 3.39999
      vertex -52.9043 1.48558 2.8
      vertex -52.5622 1.50853 2.8
    endloop
  endfacet
  facet normal 0.236247 -0.971693 0
    outer loop
      vertex -53.1874 1.41675 2.8
      vertex -52.9043 1.48558 3.39999
      vertex -53.1874 1.41675 3.39999
    endloop
  endfacet
  facet normal 0.236247 -0.971693 0
    outer loop
      vertex -52.9043 1.48558 3.39999
      vertex -53.1874 1.41675 2.8
      vertex -52.9043 1.48558 2.8
    endloop
  endfacet
  facet normal 0.455678 -0.890145 0
    outer loop
      vertex -53.4115 1.30203 2.8
      vertex -53.1874 1.41675 3.39999
      vertex -53.4115 1.30203 3.39999
    endloop
  endfacet
  facet normal 0.455678 -0.890145 0
    outer loop
      vertex -53.1874 1.41675 3.39999
      vertex -53.4115 1.30203 2.8
      vertex -53.1874 1.41675 2.8
    endloop
  endfacet
  facet normal 0.6975 -0.716585 0
    outer loop
      vertex -53.5737 1.14415 2.8
      vertex -53.4115 1.30203 3.39999
      vertex -53.5737 1.14415 3.39999
    endloop
  endfacet
  facet normal 0.6975 -0.716585 0
    outer loop
      vertex -53.4115 1.30203 3.39999
      vertex -53.5737 1.14415 2.8
      vertex -53.4115 1.30203 2.8
    endloop
  endfacet
  facet normal 0.897795 -0.440413 0
    outer loop
      vertex -53.671 0.945801 3.39999
      vertex -53.5737 1.14415 2.8
      vertex -53.5737 1.14415 3.39999
    endloop
  endfacet
  facet normal 0.897795 -0.440413 0
    outer loop
      vertex -53.5737 1.14415 2.8
      vertex -53.671 0.945801 3.39999
      vertex -53.671 0.945801 2.8
    endloop
  endfacet
  facet normal 0.990922 -0.134438 0
    outer loop
      vertex -53.7034 0.706985 3.39999
      vertex -53.671 0.945801 2.8
      vertex -53.671 0.945801 3.39999
    endloop
  endfacet
  facet normal 0.990922 -0.134438 0
    outer loop
      vertex -53.671 0.945801 2.8
      vertex -53.7034 0.706985 3.39999
      vertex -53.7034 0.706985 2.8
    endloop
  endfacet
  facet normal 0.998991 0.0449127 0
    outer loop
      vertex -53.699 0.609116 3.39999
      vertex -53.7034 0.706985 2.8
      vertex -53.7034 0.706985 3.39999
    endloop
  endfacet
  facet normal 0.998991 0.0449127 0
    outer loop
      vertex -53.7034 0.706985 2.8
      vertex -53.699 0.609116 3.39999
      vertex -53.699 0.609116 2.8
    endloop
  endfacet
  facet normal 0.98946 0.144807 0
    outer loop
      vertex -53.6858 0.518921 3.39999
      vertex -53.699 0.609116 2.8
      vertex -53.699 0.609116 3.39999
    endloop
  endfacet
  facet normal 0.98946 0.144807 0
    outer loop
      vertex -53.699 0.609116 2.8
      vertex -53.6858 0.518921 3.39999
      vertex -53.6858 0.518921 2.8
    endloop
  endfacet
  facet normal 0.966238 0.257651 0
    outer loop
      vertex -53.6638 0.436417 3.39999
      vertex -53.6858 0.518921 2.8
      vertex -53.6858 0.518921 3.39999
    endloop
  endfacet
  facet normal 0.966238 0.257651 0
    outer loop
      vertex -53.6858 0.518921 2.8
      vertex -53.6638 0.436417 3.39999
      vertex -53.6638 0.436417 2.8
    endloop
  endfacet
  facet normal 0.928939 0.370233 0
    outer loop
      vertex -53.6338 0.361145 3.39999
      vertex -53.6638 0.436417 2.8
      vertex -53.6638 0.436417 3.39999
    endloop
  endfacet
  facet normal 0.928939 0.370233 0
    outer loop
      vertex -53.6638 0.436417 2.8
      vertex -53.6338 0.361145 3.39999
      vertex -53.6338 0.361145 2.8
    endloop
  endfacet
  facet normal 0.880334 0.474355 0
    outer loop
      vertex -53.5969 0.292664 3.39999
      vertex -53.6338 0.361145 2.8
      vertex -53.6338 0.361145 3.39999
    endloop
  endfacet
  facet normal 0.880334 0.474355 0
    outer loop
      vertex -53.6338 0.361145 2.8
      vertex -53.5969 0.292664 3.39999
      vertex -53.5969 0.292664 2.8
    endloop
  endfacet
  facet normal 0.814277 0.580477 0
    outer loop
      vertex -53.5529 0.230942 3.39999
      vertex -53.5969 0.292664 2.8
      vertex -53.5969 0.292664 3.39999
    endloop
  endfacet
  facet normal 0.814277 0.580477 0
    outer loop
      vertex -53.5969 0.292664 2.8
      vertex -53.5529 0.230942 3.39999
      vertex -53.5529 0.230942 2.8
    endloop
  endfacet
  facet normal 0.737626 0.675209 0
    outer loop
      vertex -53.5021 0.175446 3.39999
      vertex -53.5529 0.230942 2.8
      vertex -53.5529 0.230942 3.39999
    endloop
  endfacet
  facet normal 0.737626 0.675209 0
    outer loop
      vertex -53.5529 0.230942 2.8
      vertex -53.5021 0.175446 3.39999
      vertex -53.5021 0.175446 2.8
    endloop
  endfacet
  facet normal 0.653764 0.756699 -0
    outer loop
      vertex -53.4444 0.125595 2.8
      vertex -53.5021 0.175446 3.39999
      vertex -53.4444 0.125595 3.39999
    endloop
  endfacet
  facet normal 0.653764 0.756699 0
    outer loop
      vertex -53.5021 0.175446 3.39999
      vertex -53.4444 0.125595 2.8
      vertex -53.5021 0.175446 2.8
    endloop
  endfacet
  facet normal 0.565917 0.824462 -0
    outer loop
      vertex -53.38 0.0813904 2.8
      vertex -53.4444 0.125595 3.39999
      vertex -53.38 0.0813904 3.39999
    endloop
  endfacet
  facet normal 0.565917 0.824462 0
    outer loop
      vertex -53.4444 0.125595 3.39999
      vertex -53.38 0.0813904 2.8
      vertex -53.4444 0.125595 2.8
    endloop
  endfacet
  facet normal 0.48927 0.872132 -0
    outer loop
      vertex -53.3095 0.0418396 2.8
      vertex -53.38 0.0813904 3.39999
      vertex -53.3095 0.0418396 3.39999
    endloop
  endfacet
  facet normal 0.48927 0.872132 0
    outer loop
      vertex -53.38 0.0813904 3.39999
      vertex -53.3095 0.0418396 2.8
      vertex -53.38 0.0813904 2.8
    endloop
  endfacet
  facet normal 0.427449 0.904039 -0
    outer loop
      vertex -53.2335 0.00590515 2.8
      vertex -53.3095 0.0418396 3.39999
      vertex -53.2335 0.00590515 3.39999
    endloop
  endfacet
  facet normal 0.427449 0.904039 0
    outer loop
      vertex -53.3095 0.0418396 3.39999
      vertex -53.2335 0.00590515 2.8
      vertex -53.3095 0.0418396 2.8
    endloop
  endfacet
  facet normal 0.369401 0.92927 -0
    outer loop
      vertex -53.1522 -0.026413 2.8
      vertex -53.2335 0.00590515 3.39999
      vertex -53.1522 -0.026413 3.39999
    endloop
  endfacet
  facet normal 0.369401 0.92927 0
    outer loop
      vertex -53.2335 0.00590515 3.39999
      vertex -53.1522 -0.026413 2.8
      vertex -53.2335 0.00590515 2.8
    endloop
  endfacet
  facet normal 0.304054 0.952655 -0
    outer loop
      vertex -53.0464 -0.0601807 2.8
      vertex -53.1522 -0.026413 3.39999
      vertex -53.0464 -0.0601807 3.39999
    endloop
  endfacet
  facet normal 0.304054 0.952655 0
    outer loop
      vertex -53.1522 -0.026413 3.39999
      vertex -53.0464 -0.0601807 2.8
      vertex -53.1522 -0.026413 2.8
    endloop
  endfacet
  facet normal 0.261029 0.965331 -0
    outer loop
      vertex -52.8972 -0.100525 2.8
      vertex -53.0464 -0.0601807 3.39999
      vertex -52.8972 -0.100525 3.39999
    endloop
  endfacet
  facet normal 0.261029 0.965331 0
    outer loop
      vertex -53.0464 -0.0601807 3.39999
      vertex -52.8972 -0.100525 2.8
      vertex -53.0464 -0.0601807 2.8
    endloop
  endfacet
  facet normal 0.23662 0.971602 -0
    outer loop
      vertex -52.7046 -0.14743 2.8
      vertex -52.8972 -0.100525 3.39999
      vertex -52.7046 -0.14743 3.39999
    endloop
  endfacet
  facet normal 0.23662 0.971602 0
    outer loop
      vertex -52.8972 -0.100525 3.39999
      vertex -52.7046 -0.14743 2.8
      vertex -52.8972 -0.100525 2.8
    endloop
  endfacet
  facet normal 0.210678 0.977556 -0
    outer loop
      vertex -52.4832 -0.195145 2.8
      vertex -52.7046 -0.14743 3.39999
      vertex -52.4832 -0.195145 3.39999
    endloop
  endfacet
  facet normal 0.210678 0.977556 0
    outer loop
      vertex -52.7046 -0.14743 3.39999
      vertex -52.4832 -0.195145 2.8
      vertex -52.7046 -0.14743 2.8
    endloop
  endfacet
  facet normal 0.246602 0.969117 -0
    outer loop
      vertex -52.3153 -0.237869 2.8
      vertex -52.4832 -0.195145 3.39999
      vertex -52.3153 -0.237869 3.39999
    endloop
  endfacet
  facet normal 0.246602 0.969117 0
    outer loop
      vertex -52.4832 -0.195145 3.39999
      vertex -52.3153 -0.237869 2.8
      vertex -52.4832 -0.195145 2.8
    endloop
  endfacet
  facet normal 0.313865 0.949468 -0
    outer loop
      vertex -52.2011 -0.27562 2.8
      vertex -52.3153 -0.237869 3.39999
      vertex -52.2011 -0.27562 3.39999
    endloop
  endfacet
  facet normal 0.313865 0.949468 0
    outer loop
      vertex -52.3153 -0.237869 3.39999
      vertex -52.2011 -0.27562 2.8
      vertex -52.3153 -0.237869 2.8
    endloop
  endfacet
  facet normal 0.426477 0.904499 -0
    outer loop
      vertex -52.1201 -0.313812 2.8
      vertex -52.2011 -0.27562 3.39999
      vertex -52.1201 -0.313812 3.39999
    endloop
  endfacet
  facet normal 0.426477 0.904499 0
    outer loop
      vertex -52.2011 -0.27562 3.39999
      vertex -52.1201 -0.313812 2.8
      vertex -52.2011 -0.27562 2.8
    endloop
  endfacet
  facet normal 0.545101 0.83837 -0
    outer loop
      vertex -52.0523 -0.357895 2.8
      vertex -52.1201 -0.313812 3.39999
      vertex -52.0523 -0.357895 3.39999
    endloop
  endfacet
  facet normal 0.545101 0.83837 0
    outer loop
      vertex -52.1201 -0.313812 3.39999
      vertex -52.0523 -0.357895 2.8
      vertex -52.1201 -0.313812 2.8
    endloop
  endfacet
  facet normal 0.674369 0.738395 -0
    outer loop
      vertex -51.9976 -0.407852 2.8
      vertex -52.0523 -0.357895 3.39999
      vertex -51.9976 -0.407852 3.39999
    endloop
  endfacet
  facet normal 0.674369 0.738395 0
    outer loop
      vertex -52.0523 -0.357895 3.39999
      vertex -51.9976 -0.407852 2.8
      vertex -52.0523 -0.357895 2.8
    endloop
  endfacet
  facet normal 0.820855 0.571136 0
    outer loop
      vertex -51.9575 -0.465485 3.39999
      vertex -51.9976 -0.407852 2.8
      vertex -51.9976 -0.407852 3.39999
    endloop
  endfacet
  facet normal 0.820855 0.571136 0
    outer loop
      vertex -51.9976 -0.407852 2.8
      vertex -51.9575 -0.465485 3.39999
      vertex -51.9575 -0.465485 2.8
    endloop
  endfacet
  facet normal 0.941198 0.337855 0
    outer loop
      vertex -51.9334 -0.532623 3.39999
      vertex -51.9575 -0.465485 2.8
      vertex -51.9575 -0.465485 3.39999
    endloop
  endfacet
  facet normal 0.941198 0.337855 0
    outer loop
      vertex -51.9575 -0.465485 2.8
      vertex -51.9334 -0.532623 3.39999
      vertex -51.9334 -0.532623 2.8
    endloop
  endfacet
  facet normal 0.994595 0.103833 0
    outer loop
      vertex -51.9254 -0.609253 3.39999
      vertex -51.9334 -0.532623 2.8
      vertex -51.9334 -0.532623 3.39999
    endloop
  endfacet
  facet normal 0.994595 0.103833 0
    outer loop
      vertex -51.9334 -0.532623 2.8
      vertex -51.9254 -0.609253 3.39999
      vertex -51.9254 -0.609253 2.8
    endloop
  endfacet
  facet normal 0.949918 -0.312498 0
    outer loop
      vertex -51.9953 -0.821732 3.39999
      vertex -51.9254 -0.609253 2.8
      vertex -51.9254 -0.609253 3.39999
    endloop
  endfacet
  facet normal 0.949918 -0.312498 0
    outer loop
      vertex -51.9254 -0.609253 2.8
      vertex -51.9953 -0.821732 3.39999
      vertex -51.9953 -0.821732 2.8
    endloop
  endfacet
  facet normal 0.519844 -0.854261 0
    outer loop
      vertex -52.2048 -0.949219 2.8
      vertex -51.9953 -0.821732 3.39999
      vertex -52.2048 -0.949219 3.39999
    endloop
  endfacet
  facet normal 0.519844 -0.854261 0
    outer loop
      vertex -51.9953 -0.821732 3.39999
      vertex -52.2048 -0.949219 2.8
      vertex -51.9953 -0.821732 2.8
    endloop
  endfacet
  facet normal 0.120801 -0.992677 0
    outer loop
      vertex -52.554 -0.991714 2.8
      vertex -52.2048 -0.949219 3.39999
      vertex -52.554 -0.991714 3.39999
    endloop
  endfacet
  facet normal 0.120801 -0.992677 0
    outer loop
      vertex -52.2048 -0.949219 3.39999
      vertex -52.554 -0.991714 2.8
      vertex -52.2048 -0.949219 2.8
    endloop
  endfacet
  facet normal -0.0607892 -0.998151 0
    outer loop
      vertex -52.7414 -0.980301 2.8
      vertex -52.554 -0.991714 3.39999
      vertex -52.7414 -0.980301 3.39999
    endloop
  endfacet
  facet normal -0.0607892 -0.998151 -0
    outer loop
      vertex -52.554 -0.991714 3.39999
      vertex -52.7414 -0.980301 2.8
      vertex -52.554 -0.991714 2.8
    endloop
  endfacet
  facet normal -0.211799 -0.977313 0
    outer loop
      vertex -52.8994 -0.94606 2.8
      vertex -52.7414 -0.980301 3.39999
      vertex -52.8994 -0.94606 3.39999
    endloop
  endfacet
  facet normal -0.211799 -0.977313 -0
    outer loop
      vertex -52.7414 -0.980301 3.39999
      vertex -52.8994 -0.94606 2.8
      vertex -52.7414 -0.980301 2.8
    endloop
  endfacet
  facet normal -0.405619 -0.914042 0
    outer loop
      vertex -53.028 -0.888992 2.8
      vertex -52.8994 -0.94606 3.39999
      vertex -53.028 -0.888992 3.39999
    endloop
  endfacet
  facet normal -0.405619 -0.914042 -0
    outer loop
      vertex -52.8994 -0.94606 3.39999
      vertex -53.028 -0.888992 2.8
      vertex -52.8994 -0.94606 2.8
    endloop
  endfacet
  facet normal -0.630262 -0.776383 0
    outer loop
      vertex -53.1295 -0.806595 2.8
      vertex -53.028 -0.888992 3.39999
      vertex -53.1295 -0.806595 3.39999
    endloop
  endfacet
  facet normal -0.630262 -0.776383 -0
    outer loop
      vertex -53.028 -0.888992 3.39999
      vertex -53.1295 -0.806595 2.8
      vertex -53.028 -0.888992 2.8
    endloop
  endfacet
  facet normal -0.820766 -0.571264 0
    outer loop
      vertex -53.1295 -0.806595 2.8
      vertex -53.2062 -0.696396 3.39999
      vertex -53.2062 -0.696396 2.8
    endloop
  endfacet
  facet normal -0.820766 -0.571264 0
    outer loop
      vertex -53.2062 -0.696396 3.39999
      vertex -53.1295 -0.806595 2.8
      vertex -53.1295 -0.806595 3.39999
    endloop
  endfacet
  facet normal -0.936442 -0.350824 0
    outer loop
      vertex -53.2062 -0.696396 2.8
      vertex -53.2579 -0.558395 3.39999
      vertex -53.2579 -0.558395 2.8
    endloop
  endfacet
  facet normal -0.936442 -0.350824 0
    outer loop
      vertex -53.2579 -0.558395 3.39999
      vertex -53.2062 -0.696396 2.8
      vertex -53.2062 -0.696396 3.39999
    endloop
  endfacet
  facet normal 0.162708 -0.986674 0
    outer loop
      vertex -53.8377 -0.654007 2.8
      vertex -53.2579 -0.558395 3.39999
      vertex -53.8377 -0.654007 3.39999
    endloop
  endfacet
  facet normal 0.162708 -0.986674 0
    outer loop
      vertex -53.2579 -0.558395 3.39999
      vertex -53.8377 -0.654007 2.8
      vertex -53.2579 -0.558395 2.8
    endloop
  endfacet
  facet normal 0.944136 0.329557 0
    outer loop
      vertex -53.7532 -0.896088 3.39999
      vertex -53.8377 -0.654007 2.8
      vertex -53.8377 -0.654007 3.39999
    endloop
  endfacet
  facet normal 0.944136 0.329557 0
    outer loop
      vertex -53.8377 -0.654007 2.8
      vertex -53.7532 -0.896088 3.39999
      vertex -53.7532 -0.896088 2.8
    endloop
  endfacet
  facet normal 0.826691 0.562657 0
    outer loop
      vertex -53.6189 -1.09341 3.39999
      vertex -53.7532 -0.896088 2.8
      vertex -53.7532 -0.896088 3.39999
    endloop
  endfacet
  facet normal 0.826691 0.562657 0
    outer loop
      vertex -53.7532 -0.896088 2.8
      vertex -53.6189 -1.09341 3.39999
      vertex -53.6189 -1.09341 2.8
    endloop
  endfacet
  facet normal 0.638347 0.769748 -0
    outer loop
      vertex -53.4349 -1.246 2.8
      vertex -53.6189 -1.09341 3.39999
      vertex -53.4349 -1.246 3.39999
    endloop
  endfacet
  facet normal 0.638347 0.769748 0
    outer loop
      vertex -53.6189 -1.09341 3.39999
      vertex -53.4349 -1.246 2.8
      vertex -53.6189 -1.09341 2.8
    endloop
  endfacet
  facet normal 0.418708 0.908121 -0
    outer loop
      vertex -53.1996 -1.35449 2.8
      vertex -53.4349 -1.246 3.39999
      vertex -53.1996 -1.35449 3.39999
    endloop
  endfacet
  facet normal 0.418708 0.908121 0
    outer loop
      vertex -53.4349 -1.246 3.39999
      vertex -53.1996 -1.35449 2.8
      vertex -53.4349 -1.246 2.8
    endloop
  endfacet
  facet normal 0.220366 0.975417 -0
    outer loop
      vertex -52.9114 -1.4196 2.8
      vertex -53.1996 -1.35449 3.39999
      vertex -52.9114 -1.4196 3.39999
    endloop
  endfacet
  facet normal 0.220366 0.975417 0
    outer loop
      vertex -53.1996 -1.35449 3.39999
      vertex -52.9114 -1.4196 2.8
      vertex -53.1996 -1.35449 2.8
    endloop
  endfacet
  facet normal 0.0634894 0.997983 -0
    outer loop
      vertex -52.5703 -1.4413 2.8
      vertex -52.9114 -1.4196 3.39999
      vertex -52.5703 -1.4413 3.39999
    endloop
  endfacet
  facet normal 0.0634894 0.997983 0
    outer loop
      vertex -52.9114 -1.4196 3.39999
      vertex -52.5703 -1.4413 2.8
      vertex -52.9114 -1.4196 2.8
    endloop
  endfacet
  facet normal -0.0666889 0.997774 0
    outer loop
      vertex -52.2 -1.41655 2.8
      vertex -52.5703 -1.4413 3.39999
      vertex -52.2 -1.41655 3.39999
    endloop
  endfacet
  facet normal -0.0666889 0.997774 0
    outer loop
      vertex -52.5703 -1.4413 3.39999
      vertex -52.2 -1.41655 2.8
      vertex -52.5703 -1.4413 2.8
    endloop
  endfacet
  facet normal -0.974053 0.226322 0
    outer loop
      vertex -56.1165 -0.426712 2.8
      vertex -55.9721 0.194763 3.39999
      vertex -55.9721 0.194763 2.8
    endloop
  endfacet
  facet normal -0.974053 0.226322 0
    outer loop
      vertex -55.9721 0.194763 3.39999
      vertex -56.1165 -0.426712 2.8
      vertex -56.1165 -0.426712 3.39999
    endloop
  endfacet
  facet normal -0.974708 0.223481 0
    outer loop
      vertex -55.9721 0.194763 2.8
      vertex -55.9104 0.463867 3.39999
      vertex -55.9104 0.463867 2.8
    endloop
  endfacet
  facet normal -0.974708 0.223481 0
    outer loop
      vertex -55.9104 0.463867 3.39999
      vertex -55.9721 0.194763 2.8
      vertex -55.9721 0.194763 3.39999
    endloop
  endfacet
  facet normal -0.978792 0.204858 0
    outer loop
      vertex -55.9104 0.463867 2.8
      vertex -55.888 0.570892 3.39999
      vertex -55.888 0.570892 2.8
    endloop
  endfacet
  facet normal -0.978792 0.204858 0
    outer loop
      vertex -55.888 0.570892 3.39999
      vertex -55.9104 0.463867 2.8
      vertex -55.9104 0.463867 3.39999
    endloop
  endfacet
  facet normal -0.981491 0.19151 0
    outer loop
      vertex -55.888 0.570892 2.8
      vertex -55.8616 0.706192 3.39999
      vertex -55.8616 0.706192 2.8
    endloop
  endfacet
  facet normal -0.981491 0.19151 0
    outer loop
      vertex -55.8616 0.706192 3.39999
      vertex -55.888 0.570892 2.8
      vertex -55.888 0.570892 3.39999
    endloop
  endfacet
  facet normal -0.982942 0.183914 0
    outer loop
      vertex -55.8616 0.706192 2.8
      vertex -55.831 0.869736 3.39999
      vertex -55.831 0.869736 2.8
    endloop
  endfacet
  facet normal -0.982942 0.183914 0
    outer loop
      vertex -55.831 0.869736 3.39999
      vertex -55.8616 0.706192 2.8
      vertex -55.8616 0.706192 3.39999
    endloop
  endfacet
  facet normal 0.986393 0.164405 0
    outer loop
      vertex -55.796 0.659744 3.39999
      vertex -55.831 0.869736 2.8
      vertex -55.831 0.869736 3.39999
    endloop
  endfacet
  facet normal 0.986393 0.164405 0
    outer loop
      vertex -55.831 0.869736 2.8
      vertex -55.796 0.659744 3.39999
      vertex -55.796 0.659744 2.8
    endloop
  endfacet
  facet normal 0.981337 0.192295 0
    outer loop
      vertex -55.756 0.455612 3.39999
      vertex -55.796 0.659744 2.8
      vertex -55.796 0.659744 3.39999
    endloop
  endfacet
  facet normal 0.981337 0.192295 0
    outer loop
      vertex -55.796 0.659744 2.8
      vertex -55.756 0.455612 3.39999
      vertex -55.756 0.455612 2.8
    endloop
  endfacet
  facet normal 0.975191 0.221364 0
    outer loop
      vertex -55.711 0.25737 3.39999
      vertex -55.756 0.455612 2.8
      vertex -55.756 0.455612 3.39999
    endloop
  endfacet
  facet normal 0.975191 0.221364 0
    outer loop
      vertex -55.756 0.455612 2.8
      vertex -55.711 0.25737 3.39999
      vertex -55.711 0.25737 2.8
    endloop
  endfacet
  facet normal 0.973615 0.228196 0
    outer loop
      vertex -55.3224 -1.40062 3.39999
      vertex -55.711 0.25737 2.8
      vertex -55.711 0.25737 3.39999
    endloop
  endfacet
  facet normal 0.973615 0.228196 0
    outer loop
      vertex -55.711 0.25737 2.8
      vertex -55.3224 -1.40062 3.39999
      vertex -55.3224 -1.40062 2.8
    endloop
  endfacet
  facet normal 0 1 -0
    outer loop
      vertex -54.6104 -1.40062 2.8
      vertex -55.3224 -1.40062 3.39999
      vertex -54.6104 -1.40062 3.39999
    endloop
  endfacet
  facet normal 0 1 0
    outer loop
      vertex -55.3224 -1.40062 3.39999
      vertex -54.6104 -1.40062 2.8
      vertex -55.3224 -1.40062 2.8
    endloop
  endfacet
  facet normal -0.968214 0.250124 0
    outer loop
      vertex -54.6104 -1.40062 2.8
      vertex -53.8699 1.46581 3.39999
      vertex -53.8699 1.46581 2.8
    endloop
  endfacet
  facet normal -0.968214 0.250124 0
    outer loop
      vertex -53.8699 1.46581 3.39999
      vertex -54.6104 -1.40062 2.8
      vertex -54.6104 -1.40062 3.39999
    endloop
  endfacet
  facet normal 0 -1 0
    outer loop
      vertex -54.4782 1.46581 2.8
      vertex -53.8699 1.46581 3.39999
      vertex -54.4782 1.46581 3.39999
    endloop
  endfacet
  facet normal 0 -1 -0
    outer loop
      vertex -53.8699 1.46581 3.39999
      vertex -54.4782 1.46581 2.8
      vertex -53.8699 1.46581 2.8
    endloop
  endfacet
  facet normal 0.977294 -0.211889 0
    outer loop
      vertex -54.824 -0.12912 3.39999
      vertex -54.4782 1.46581 2.8
      vertex -54.4782 1.46581 3.39999
    endloop
  endfacet
  facet normal 0.977294 -0.211889 0
    outer loop
      vertex -54.4782 1.46581 2.8
      vertex -54.824 -0.12912 3.39999
      vertex -54.824 -0.12912 2.8
    endloop
  endfacet
  facet normal 0.974473 -0.224505 0
    outer loop
      vertex -54.9318 -0.597031 3.39999
      vertex -54.824 -0.12912 2.8
      vertex -54.824 -0.12912 3.39999
    endloop
  endfacet
  facet normal 0.974473 -0.224505 0
    outer loop
      vertex -54.824 -0.12912 2.8
      vertex -54.9318 -0.597031 3.39999
      vertex -54.9318 -0.597031 2.8
    endloop
  endfacet
  facet normal 0.977521 -0.210837 0
    outer loop
      vertex -54.9827 -0.833023 3.39999
      vertex -54.9318 -0.597031 2.8
      vertex -54.9318 -0.597031 3.39999
    endloop
  endfacet
  facet normal 0.977521 -0.210837 0
    outer loop
      vertex -54.9318 -0.597031 2.8
      vertex -54.9827 -0.833023 3.39999
      vertex -54.9827 -0.833023 2.8
    endloop
  endfacet
  facet normal -0.985345 -0.170574 0
    outer loop
      vertex -54.9827 -0.833023 2.8
      vertex -55.0439 -0.479492 3.39999
      vertex -55.0439 -0.479492 2.8
    endloop
  endfacet
  facet normal -0.985345 -0.170574 0
    outer loop
      vertex -55.0439 -0.479492 3.39999
      vertex -54.9827 -0.833023 2.8
      vertex -54.9827 -0.833023 3.39999
    endloop
  endfacet
  facet normal -0.982951 -0.183868 0
    outer loop
      vertex -55.0439 -0.479492 2.8
      vertex -55.0921 -0.221817 3.39999
      vertex -55.0921 -0.221817 2.8
    endloop
  endfacet
  facet normal -0.982951 -0.183868 0
    outer loop
      vertex -55.0921 -0.221817 3.39999
      vertex -55.0439 -0.479492 2.8
      vertex -55.0439 -0.479492 3.39999
    endloop
  endfacet
  facet normal -0.977403 -0.211383 0
    outer loop
      vertex -55.0921 -0.221817 2.8
      vertex -55.1271 -0.0599823 3.39999
      vertex -55.1271 -0.0599823 2.8
    endloop
  endfacet
  facet normal -0.977403 -0.211383 0
    outer loop
      vertex -55.1271 -0.0599823 3.39999
      vertex -55.0921 -0.221817 2.8
      vertex -55.0921 -0.221817 3.39999
    endloop
  endfacet
  facet normal -0.972962 -0.230966 0
    outer loop
      vertex -55.1271 -0.0599823 2.8
      vertex -55.4893 1.46581 3.39999
      vertex -55.4893 1.46581 2.8
    endloop
  endfacet
  facet normal -0.972962 -0.230966 0
    outer loop
      vertex -55.4893 1.46581 3.39999
      vertex -55.1271 -0.0599823 2.8
      vertex -55.1271 -0.0599823 3.39999
    endloop
  endfacet
  facet normal 0 -1 0
    outer loop
      vertex -56.1606 1.46581 2.8
      vertex -55.4893 1.46581 3.39999
      vertex -56.1606 1.46581 3.39999
    endloop
  endfacet
  facet normal 0 -1 -0
    outer loop
      vertex -55.4893 1.46581 3.39999
      vertex -56.1606 1.46581 2.8
      vertex -55.4893 1.46581 2.8
    endloop
  endfacet
  facet normal 0.97379 -0.22745 0
    outer loop
      vertex -56.3621 0.603119 3.39999
      vertex -56.1606 1.46581 2.8
      vertex -56.1606 1.46581 3.39999
    endloop
  endfacet
  facet normal 0.97379 -0.22745 0
    outer loop
      vertex -56.1606 1.46581 2.8
      vertex -56.3621 0.603119 3.39999
      vertex -56.3621 0.603119 2.8
    endloop
  endfacet
  facet normal 0.974386 -0.22488 0
    outer loop
      vertex -56.4974 0.0168762 3.39999
      vertex -56.3621 0.603119 2.8
      vertex -56.3621 0.603119 3.39999
    endloop
  endfacet
  facet normal 0.974386 -0.22488 0
    outer loop
      vertex -56.3621 0.603119 2.8
      vertex -56.4974 0.0168762 3.39999
      vertex -56.4974 0.0168762 2.8
    endloop
  endfacet
  facet normal 0.976012 -0.217719 0
    outer loop
      vertex -56.5665 -0.292892 3.39999
      vertex -56.4974 0.0168762 2.8
      vertex -56.4974 0.0168762 3.39999
    endloop
  endfacet
  facet normal 0.976012 -0.217719 0
    outer loop
      vertex -56.4974 0.0168762 2.8
      vertex -56.5665 -0.292892 3.39999
      vertex -56.5665 -0.292892 2.8
    endloop
  endfacet
  facet normal 0.979016 -0.203783 0
    outer loop
      vertex -56.6028 -0.467285 3.39999
      vertex -56.5665 -0.292892 2.8
      vertex -56.5665 -0.292892 3.39999
    endloop
  endfacet
  facet normal 0.979016 -0.203783 0
    outer loop
      vertex -56.5665 -0.292892 2.8
      vertex -56.6028 -0.467285 3.39999
      vertex -56.6028 -0.467285 2.8
    endloop
  endfacet
  facet normal 0.979636 -0.200782 0
    outer loop
      vertex -56.6397 -0.647324 3.39999
      vertex -56.6028 -0.467285 2.8
      vertex -56.6028 -0.467285 3.39999
    endloop
  endfacet
  facet normal 0.979636 -0.200782 0
    outer loop
      vertex -56.6028 -0.467285 2.8
      vertex -56.6397 -0.647324 3.39999
      vertex -56.6397 -0.647324 2.8
    endloop
  endfacet
  facet normal 0.980111 -0.198451 0
    outer loop
      vertex -56.6773 -0.833023 3.39999
      vertex -56.6397 -0.647324 2.8
      vertex -56.6397 -0.647324 3.39999
    endloop
  endfacet
  facet normal 0.980111 -0.198451 0
    outer loop
      vertex -56.6397 -0.647324 2.8
      vertex -56.6773 -0.833023 3.39999
      vertex -56.6773 -0.833023 2.8
    endloop
  endfacet
  facet normal -0.978822 -0.204714 0
    outer loop
      vertex -56.6773 -0.833023 2.8
      vertex -56.7709 -0.385483 3.39999
      vertex -56.7709 -0.385483 2.8
    endloop
  endfacet
  facet normal -0.978822 -0.204714 0
    outer loop
      vertex -56.7709 -0.385483 3.39999
      vertex -56.6773 -0.833023 2.8
      vertex -56.6773 -0.833023 3.39999
    endloop
  endfacet
  facet normal -0.975783 -0.218739 0
    outer loop
      vertex -56.7709 -0.385483 2.8
      vertex -57.1859 1.46581 3.39999
      vertex -57.1859 1.46581 2.8
    endloop
  endfacet
  facet normal -0.975783 -0.218739 0
    outer loop
      vertex -57.1859 1.46581 3.39999
      vertex -56.7709 -0.385483 2.8
      vertex -56.7709 -0.385483 3.39999
    endloop
  endfacet
  facet normal 0 -1 0
    outer loop
      vertex -57.7942 1.46581 2.8
      vertex -57.1859 1.46581 3.39999
      vertex -57.7942 1.46581 3.39999
    endloop
  endfacet
  facet normal 0 -1 -0
    outer loop
      vertex -57.1859 1.46581 3.39999
      vertex -57.7942 1.46581 2.8
      vertex -57.1859 1.46581 2.8
    endloop
  endfacet
  facet normal 0.968377 0.24949 0
    outer loop
      vertex -57.0557 -1.40062 3.39999
      vertex -57.7942 1.46581 2.8
      vertex -57.7942 1.46581 3.39999
    endloop
  endfacet
  facet normal 0.968377 0.24949 0
    outer loop
      vertex -57.7942 1.46581 2.8
      vertex -57.0557 -1.40062 3.39999
      vertex -57.0557 -1.40062 2.8
    endloop
  endfacet
  facet normal 0 1 -0
    outer loop
      vertex -56.3437 -1.40062 2.8
      vertex -57.0557 -1.40062 3.39999
      vertex -56.3437 -1.40062 3.39999
    endloop
  endfacet
  facet normal 0 1 0
    outer loop
      vertex -57.0557 -1.40062 3.39999
      vertex -56.3437 -1.40062 2.8
      vertex -57.0557 -1.40062 2.8
    endloop
  endfacet
  facet normal -0.973851 0.227187 0
    outer loop
      vertex -56.3437 -1.40062 2.8
      vertex -56.1165 -0.426712 3.39999
      vertex -56.1165 -0.426712 2.8
    endloop
  endfacet
  facet normal -0.973851 0.227187 0
    outer loop
      vertex -56.1165 -0.426712 3.39999
      vertex -56.3437 -1.40062 2.8
      vertex -56.3437 -1.40062 3.39999
    endloop
  endfacet
  facet normal 0 1 -0
    outer loop
      vertex -43.0984 -0.391571 2.8
      vertex -43.8104 -0.391571 3.39999
      vertex -43.0984 -0.391571 3.39999
    endloop
  endfacet
  facet normal 0 1 0
    outer loop
      vertex -43.8104 -0.391571 3.39999
      vertex -43.0984 -0.391571 2.8
      vertex -43.8104 -0.391571 2.8
    endloop
  endfacet
  facet normal -0.0641174 0.997942 0
    outer loop
      vertex -42.8925 -0.378342 2.8
      vertex -43.0984 -0.391571 3.39999
      vertex -42.8925 -0.378342 3.39999
    endloop
  endfacet
  facet normal -0.0641174 0.997942 0
    outer loop
      vertex -43.0984 -0.391571 3.39999
      vertex -42.8925 -0.378342 2.8
      vertex -43.0984 -0.391571 2.8
    endloop
  endfacet
  facet normal -0.208496 0.978023 0
    outer loop
      vertex -42.7064 -0.338669 2.8
      vertex -42.8925 -0.378342 3.39999
      vertex -42.7064 -0.338669 3.39999
    endloop
  endfacet
  facet normal -0.208496 0.978023 0
    outer loop
      vertex -42.8925 -0.378342 3.39999
      vertex -42.7064 -0.338669 2.8
      vertex -42.8925 -0.378342 2.8
    endloop
  endfacet
  facet normal -0.369065 0.929403 0
    outer loop
      vertex -42.5399 -0.272552 2.8
      vertex -42.7064 -0.338669 3.39999
      vertex -42.5399 -0.272552 3.39999
    endloop
  endfacet
  facet normal -0.369065 0.929403 0
    outer loop
      vertex -42.7064 -0.338669 3.39999
      vertex -42.5399 -0.272552 2.8
      vertex -42.7064 -0.338669 2.8
    endloop
  endfacet
  facet normal -0.52995 0.848029 0
    outer loop
      vertex -42.3954 -0.182251 2.8
      vertex -42.5399 -0.272552 3.39999
      vertex -42.3954 -0.182251 3.39999
    endloop
  endfacet
  facet normal -0.52995 0.848029 0
    outer loop
      vertex -42.5399 -0.272552 3.39999
      vertex -42.3954 -0.182251 2.8
      vertex -42.5399 -0.272552 2.8
    endloop
  endfacet
  facet normal -0.681848 0.731494 0
    outer loop
      vertex -42.275 -0.0700226 2.8
      vertex -42.3954 -0.182251 3.39999
      vertex -42.275 -0.0700226 3.39999
    endloop
  endfacet
  facet normal -0.681848 0.731494 0
    outer loop
      vertex -42.3954 -0.182251 3.39999
      vertex -42.275 -0.0700226 2.8
      vertex -42.3954 -0.182251 2.8
    endloop
  endfacet
  facet normal -0.812627 0.582784 0
    outer loop
      vertex -42.275 -0.0700226 2.8
      vertex -42.1788 0.0641174 3.39999
      vertex -42.1788 0.0641174 2.8
    endloop
  endfacet
  facet normal -0.812627 0.582784 0
    outer loop
      vertex -42.1788 0.0641174 3.39999
      vertex -42.275 -0.0700226 2.8
      vertex -42.275 -0.0700226 3.39999
    endloop
  endfacet
  facet normal -0.907738 0.419538 0
    outer loop
      vertex -42.1788 0.0641174 2.8
      vertex -42.1087 0.21579 3.39999
      vertex -42.1087 0.21579 2.8
    endloop
  endfacet
  facet normal -0.907738 0.419538 0
    outer loop
      vertex -42.1087 0.21579 3.39999
      vertex -42.1788 0.0641174 2.8
      vertex -42.1788 0.0641174 3.39999
    endloop
  endfacet
  facet normal -0.969018 0.24699 0
    outer loop
      vertex -42.1087 0.21579 2.8
      vertex -42.0667 0.380569 3.39999
      vertex -42.0667 0.380569 2.8
    endloop
  endfacet
  facet normal -0.969018 0.24699 0
    outer loop
      vertex -42.0667 0.380569 3.39999
      vertex -42.1087 0.21579 2.8
      vertex -42.1087 0.21579 3.39999
    endloop
  endfacet
  facet normal -0.996917 0.078459 0
    outer loop
      vertex -42.0667 0.380569 2.8
      vertex -42.0527 0.558456 3.39999
      vertex -42.0527 0.558456 2.8
    endloop
  endfacet
  facet normal -0.996917 0.078459 0
    outer loop
      vertex -42.0527 0.558456 3.39999
      vertex -42.0667 0.380569 2.8
      vertex -42.0667 0.380569 3.39999
    endloop
  endfacet
  facet normal -0.993417 -0.114558 0
    outer loop
      vertex -42.0527 0.558456 2.8
      vertex -42.0835 0.825546 3.39999
      vertex -42.0835 0.825546 2.8
    endloop
  endfacet
  facet normal -0.993417 -0.114558 0
    outer loop
      vertex -42.0835 0.825546 3.39999
      vertex -42.0527 0.558456 2.8
      vertex -42.0527 0.558456 3.39999
    endloop
  endfacet
  facet normal -0.923818 -0.382833 0
    outer loop
      vertex -42.0835 0.825546 2.8
      vertex -42.1761 1.049 3.39999
      vertex -42.1761 1.049 2.8
    endloop
  endfacet
  facet normal -0.923818 -0.382833 0
    outer loop
      vertex -42.1761 1.049 3.39999
      vertex -42.0835 0.825546 2.8
      vertex -42.0835 0.825546 3.39999
    endloop
  endfacet
  facet normal -0.758887 -0.651222 0
    outer loop
      vertex -42.1761 1.049 2.8
      vertex -42.3304 1.22881 3.39999
      vertex -42.3304 1.22881 2.8
    endloop
  endfacet
  facet normal -0.758887 -0.651222 0
    outer loop
      vertex -42.3304 1.22881 3.39999
      vertex -42.1761 1.049 2.8
      vertex -42.1761 1.049 3.39999
    endloop
  endfacet
  facet normal -0.528656 -0.848836 0
    outer loop
      vertex -42.5418 1.36047 2.8
      vertex -42.3304 1.22881 3.39999
      vertex -42.5418 1.36047 3.39999
    endloop
  endfacet
  facet normal -0.528656 -0.848836 -0
    outer loop
      vertex -42.3304 1.22881 3.39999
      vertex -42.5418 1.36047 2.8
      vertex -42.3304 1.22881 2.8
    endloop
  endfacet
  facet normal -0.286483 -0.958085 0
    outer loop
      vertex -42.806 1.43947 2.8
      vertex -42.5418 1.36047 3.39999
      vertex -42.806 1.43947 3.39999
    endloop
  endfacet
  facet normal -0.286483 -0.958085 -0
    outer loop
      vertex -42.5418 1.36047 3.39999
      vertex -42.806 1.43947 2.8
      vertex -42.5418 1.36047 2.8
    endloop
  endfacet
  facet normal -0.082858 -0.996561 0
    outer loop
      vertex -43.1228 1.46581 2.8
      vertex -42.806 1.43947 3.39999
      vertex -43.1228 1.46581 3.39999
    endloop
  endfacet
  facet normal -0.082858 -0.996561 -0
    outer loop
      vertex -42.806 1.43947 3.39999
      vertex -43.1228 1.46581 2.8
      vertex -42.806 1.43947 2.8
    endloop
  endfacet
  facet normal 0 -1 0
    outer loop
      vertex -44.4105 1.46581 2.8
      vertex -43.1228 1.46581 3.39999
      vertex -44.4105 1.46581 3.39999
    endloop
  endfacet
  facet normal 0 -1 -0
    outer loop
      vertex -43.1228 1.46581 3.39999
      vertex -44.4105 1.46581 2.8
      vertex -43.1228 1.46581 2.8
    endloop
  endfacet
  facet normal 1 -0 0
    outer loop
      vertex -44.4105 -1.40062 3.39999
      vertex -44.4105 1.46581 2.8
      vertex -44.4105 1.46581 3.39999
    endloop
  endfacet
  facet normal 1 0 0
    outer loop
      vertex -44.4105 1.46581 2.8
      vertex -44.4105 -1.40062 3.39999
      vertex -44.4105 -1.40062 2.8
    endloop
  endfacet
  facet normal 0 1 -0
    outer loop
      vertex -43.8104 -1.40062 2.8
      vertex -44.4105 -1.40062 3.39999
      vertex -43.8104 -1.40062 3.39999
    endloop
  endfacet
  facet normal 0 1 0
    outer loop
      vertex -44.4105 -1.40062 3.39999
      vertex -43.8104 -1.40062 2.8
      vertex -44.4105 -1.40062 2.8
    endloop
  endfacet
  facet normal -1 0 0
    outer loop
      vertex -43.8104 -1.40062 2.8
      vertex -43.8104 -0.391571 3.39999
      vertex -43.8104 -0.391571 2.8
    endloop
  endfacet
  facet normal -1 -0 0
    outer loop
      vertex -43.8104 -0.391571 3.39999
      vertex -43.8104 -1.40062 2.8
      vertex -43.8104 -1.40062 3.39999
    endloop
  endfacet
  facet normal -1 0 0
    outer loop
      vertex -43.8104 0.0702057 2.8
      vertex -43.8104 0.999939 3.39999
      vertex -43.8104 0.999939 2.8
    endloop
  endfacet
  facet normal -1 -0 0
    outer loop
      vertex -43.8104 0.999939 3.39999
      vertex -43.8104 0.0702057 2.8
      vertex -43.8104 0.0702057 3.39999
    endloop
  endfacet
  facet normal 0 1 -0
    outer loop
      vertex -43.1899 0.999939 2.8
      vertex -43.8104 0.999939 3.39999
      vertex -43.1899 0.999939 3.39999
    endloop
  endfacet
  facet normal 0 1 0
    outer loop
      vertex -43.8104 0.999939 3.39999
      vertex -43.1899 0.999939 2.8
      vertex -43.8104 0.999939 2.8
    endloop
  endfacet
  facet normal 0.167107 0.985939 -0
    outer loop
      vertex -42.8938 0.949753 2.8
      vertex -43.1899 0.999939 3.39999
      vertex -42.8938 0.949753 3.39999
    endloop
  endfacet
  facet normal 0.167107 0.985939 0
    outer loop
      vertex -43.1899 0.999939 3.39999
      vertex -42.8938 0.949753 2.8
      vertex -43.1899 0.999939 2.8
    endloop
  endfacet
  facet normal 0.646396 0.763002 -0
    outer loop
      vertex -42.7161 0.79921 2.8
      vertex -42.8938 0.949753 3.39999
      vertex -42.7161 0.79921 3.39999
    endloop
  endfacet
  facet normal 0.646396 0.763002 0
    outer loop
      vertex -42.8938 0.949753 3.39999
      vertex -42.7161 0.79921 2.8
      vertex -42.8938 0.949753 2.8
    endloop
  endfacet
  facet normal 0.973278 0.229631 0
    outer loop
      vertex -42.6569 0.548294 3.39999
      vertex -42.7161 0.79921 2.8
      vertex -42.7161 0.79921 3.39999
    endloop
  endfacet
  facet normal 0.973278 0.229631 0
    outer loop
      vertex -42.7161 0.79921 2.8
      vertex -42.6569 0.548294 3.39999
      vertex -42.6569 0.548294 2.8
    endloop
  endfacet
  facet normal 0.994579 -0.103982 0
    outer loop
      vertex -42.6718 0.405777 3.39999
      vertex -42.6569 0.548294 2.8
      vertex -42.6569 0.548294 3.39999
    endloop
  endfacet
  facet normal 0.994579 -0.103982 0
    outer loop
      vertex -42.6569 0.548294 2.8
      vertex -42.6718 0.405777 3.39999
      vertex -42.6718 0.405777 2.8
    endloop
  endfacet
  facet normal 0.935219 -0.35407 0
    outer loop
      vertex -42.7166 0.287445 3.39999
      vertex -42.6718 0.405777 2.8
      vertex -42.6718 0.405777 3.39999
    endloop
  endfacet
  facet normal 0.935219 -0.35407 0
    outer loop
      vertex -42.6718 0.405777 2.8
      vertex -42.7166 0.287445 3.39999
      vertex -42.7166 0.287445 2.8
    endloop
  endfacet
  facet normal 0.783774 -0.621046 0
    outer loop
      vertex -42.7912 0.193298 3.39999
      vertex -42.7166 0.287445 2.8
      vertex -42.7166 0.287445 3.39999
    endloop
  endfacet
  facet normal 0.783774 -0.621046 0
    outer loop
      vertex -42.7166 0.287445 2.8
      vertex -42.7912 0.193298 3.39999
      vertex -42.7912 0.193298 2.8
    endloop
  endfacet
  facet normal 0.55652 -0.830834 0
    outer loop
      vertex -42.8933 0.124908 2.8
      vertex -42.7912 0.193298 3.39999
      vertex -42.8933 0.124908 3.39999
    endloop
  endfacet
  facet normal 0.55652 -0.830834 0
    outer loop
      vertex -42.7912 0.193298 3.39999
      vertex -42.8933 0.124908 2.8
      vertex -42.7912 0.193298 2.8
    endloop
  endfacet
  facet normal 0.306336 -0.951924 0
    outer loop
      vertex -43.0208 0.0838776 2.8
      vertex -42.8933 0.124908 3.39999
      vertex -43.0208 0.0838776 3.39999
    endloop
  endfacet
  facet normal 0.306336 -0.951924 0
    outer loop
      vertex -42.8933 0.124908 3.39999
      vertex -43.0208 0.0838776 2.8
      vertex -42.8933 0.124908 2.8
    endloop
  endfacet
  facet normal 0.0891198 -0.996021 0
    outer loop
      vertex -43.1736 0.0702057 2.8
      vertex -43.0208 0.0838776 3.39999
      vertex -43.1736 0.0702057 3.39999
    endloop
  endfacet
  facet normal 0.0891198 -0.996021 0
    outer loop
      vertex -43.0208 0.0838776 3.39999
      vertex -43.1736 0.0702057 2.8
      vertex -43.0208 0.0838776 2.8
    endloop
  endfacet
  facet normal 0 -1 0
    outer loop
      vertex -43.8104 0.0702057 2.8
      vertex -43.1736 0.0702057 3.39999
      vertex -43.8104 0.0702057 3.39999
    endloop
  endfacet
  facet normal 0 -1 -0
    outer loop
      vertex -43.1736 0.0702057 3.39999
      vertex -43.8104 0.0702057 2.8
      vertex -43.1736 0.0702057 2.8
    endloop
  endfacet
  facet normal 0 1 -0
    outer loop
      vertex -49.1158 -0.171844 2.8
      vertex -50.3649 -0.171844 3.39999
      vertex -49.1158 -0.171844 3.39999
    endloop
  endfacet
  facet normal 0 1 0
    outer loop
      vertex -50.3649 -0.171844 3.39999
      vertex -49.1158 -0.171844 2.8
      vertex -50.3649 -0.171844 2.8
    endloop
  endfacet
  facet normal 1 -0 0
    outer loop
      vertex -49.1158 -1.40062 3.39999
      vertex -49.1158 -0.171844 2.8
      vertex -49.1158 -0.171844 3.39999
    endloop
  endfacet
  facet normal 1 0 0
    outer loop
      vertex -49.1158 -0.171844 2.8
      vertex -49.1158 -1.40062 3.39999
      vertex -49.1158 -1.40062 2.8
    endloop
  endfacet
  facet normal 0 1 -0
    outer loop
      vertex -48.5157 -1.40062 2.8
      vertex -49.1158 -1.40062 3.39999
      vertex -48.5157 -1.40062 3.39999
    endloop
  endfacet
  facet normal 0 1 0
    outer loop
      vertex -49.1158 -1.40062 3.39999
      vertex -48.5157 -1.40062 2.8
      vertex -49.1158 -1.40062 2.8
    endloop
  endfacet
  facet normal -1 0 0
    outer loop
      vertex -48.5157 -1.40062 2.8
      vertex -48.5157 1.46581 3.39999
      vertex -48.5157 1.46581 2.8
    endloop
  endfacet
  facet normal -1 -0 0
    outer loop
      vertex -48.5157 1.46581 3.39999
      vertex -48.5157 -1.40062 2.8
      vertex -48.5157 -1.40062 3.39999
    endloop
  endfacet
  facet normal 0 -1 0
    outer loop
      vertex -49.1158 1.46581 2.8
      vertex -48.5157 1.46581 3.39999
      vertex -49.1158 1.46581 3.39999
    endloop
  endfacet
  facet normal 0 -1 -0
    outer loop
      vertex -48.5157 1.46581 3.39999
      vertex -49.1158 1.46581 2.8
      vertex -48.5157 1.46581 2.8
    endloop
  endfacet
  facet normal 1 -0 0
    outer loop
      vertex -49.1158 0.324524 3.39999
      vertex -49.1158 1.46581 2.8
      vertex -49.1158 1.46581 3.39999
    endloop
  endfacet
  facet normal 1 0 0
    outer loop
      vertex -49.1158 1.46581 2.8
      vertex -49.1158 0.324524 3.39999
      vertex -49.1158 0.324524 2.8
    endloop
  endfacet
  facet normal 0 -1 0
    outer loop
      vertex -50.3649 0.324524 2.8
      vertex -49.1158 0.324524 3.39999
      vertex -50.3649 0.324524 3.39999
    endloop
  endfacet
  facet normal 0 -1 -0
    outer loop
      vertex -49.1158 0.324524 3.39999
      vertex -50.3649 0.324524 2.8
      vertex -49.1158 0.324524 2.8
    endloop
  endfacet
  facet normal -1 0 0
    outer loop
      vertex -50.3649 0.324524 2.8
      vertex -50.3649 1.46581 3.39999
      vertex -50.3649 1.46581 2.8
    endloop
  endfacet
  facet normal -1 -0 0
    outer loop
      vertex -50.3649 1.46581 3.39999
      vertex -50.3649 0.324524 2.8
      vertex -50.3649 0.324524 3.39999
    endloop
  endfacet
  facet normal 0 -1 0
    outer loop
      vertex -50.965 1.46581 2.8
      vertex -50.3649 1.46581 3.39999
      vertex -50.965 1.46581 3.39999
    endloop
  endfacet
  facet normal 0 -1 -0
    outer loop
      vertex -50.3649 1.46581 3.39999
      vertex -50.965 1.46581 2.8
      vertex -50.3649 1.46581 2.8
    endloop
  endfacet
  facet normal 1 -0 0
    outer loop
      vertex -50.965 -1.40062 3.39999
      vertex -50.965 1.46581 2.8
      vertex -50.965 1.46581 3.39999
    endloop
  endfacet
  facet normal 1 0 0
    outer loop
      vertex -50.965 1.46581 2.8
      vertex -50.965 -1.40062 3.39999
      vertex -50.965 -1.40062 2.8
    endloop
  endfacet
  facet normal 0 1 -0
    outer loop
      vertex -50.3649 -1.40062 2.8
      vertex -50.965 -1.40062 3.39999
      vertex -50.3649 -1.40062 3.39999
    endloop
  endfacet
  facet normal 0 1 0
    outer loop
      vertex -50.965 -1.40062 3.39999
      vertex -50.3649 -1.40062 2.8
      vertex -50.965 -1.40062 2.8
    endloop
  endfacet
  facet normal -1 0 0
    outer loop
      vertex -50.3649 -1.40062 2.8
      vertex -50.3649 -0.171844 3.39999
      vertex -50.3649 -0.171844 2.8
    endloop
  endfacet
  facet normal -1 -0 0
    outer loop
      vertex -50.3649 -0.171844 3.39999
      vertex -50.3649 -1.40062 2.8
      vertex -50.3649 -1.40062 3.39999
    endloop
  endfacet
  facet normal 0 1 -0
    outer loop
      vertex -44.8291 -0.348846 2.8
      vertex -46.2959 -0.348846 3.39999
      vertex -44.8291 -0.348846 3.39999
    endloop
  endfacet
  facet normal 0 1 0
    outer loop
      vertex -46.2959 -0.348846 3.39999
      vertex -44.8291 -0.348846 2.8
      vertex -46.2959 -0.348846 2.8
    endloop
  endfacet
  facet normal -1 0 0
    outer loop
      vertex -44.8291 -0.348846 2.8
      vertex -44.8291 0.114975 3.39999
      vertex -44.8291 0.114975 2.8
    endloop
  endfacet
  facet normal -1 -0 0
    outer loop
      vertex -44.8291 0.114975 3.39999
      vertex -44.8291 -0.348846 2.8
      vertex -44.8291 -0.348846 3.39999
    endloop
  endfacet
  facet normal 0 -1 0
    outer loop
      vertex -46.2959 0.114975 2.8
      vertex -44.8291 0.114975 3.39999
      vertex -46.2959 0.114975 3.39999
    endloop
  endfacet
  facet normal 0 -1 -0
    outer loop
      vertex -44.8291 0.114975 3.39999
      vertex -46.2959 0.114975 2.8
      vertex -44.8291 0.114975 2.8
    endloop
  endfacet
  facet normal -1 0 0
    outer loop
      vertex -46.2959 0.114975 2.8
      vertex -46.2959 1.00198 3.39999
      vertex -46.2959 1.00198 2.8
    endloop
  endfacet
  facet normal -1 -0 0
    outer loop
      vertex -46.2959 1.00198 3.39999
      vertex -46.2959 0.114975 2.8
      vertex -46.2959 0.114975 3.39999
    endloop
  endfacet
  facet normal 0 1 -0
    outer loop
      vertex -44.7823 1.00198 2.8
      vertex -46.2959 1.00198 3.39999
      vertex -44.7823 1.00198 3.39999
    endloop
  endfacet
  facet normal 0 1 0
    outer loop
      vertex -46.2959 1.00198 3.39999
      vertex -44.7823 1.00198 2.8
      vertex -46.2959 1.00198 2.8
    endloop
  endfacet
  facet normal -1 0 0
    outer loop
      vertex -44.7823 1.00198 2.8
      vertex -44.7823 1.46581 3.39999
      vertex -44.7823 1.46581 2.8
    endloop
  endfacet
  facet normal -1 -0 0
    outer loop
      vertex -44.7823 1.46581 3.39999
      vertex -44.7823 1.00198 2.8
      vertex -44.7823 1.00198 3.39999
    endloop
  endfacet
  facet normal 0 -1 0
    outer loop
      vertex -46.896 1.46581 2.8
      vertex -44.7823 1.46581 3.39999
      vertex -46.896 1.46581 3.39999
    endloop
  endfacet
  facet normal 0 -1 -0
    outer loop
      vertex -44.7823 1.46581 3.39999
      vertex -46.896 1.46581 2.8
      vertex -44.7823 1.46581 2.8
    endloop
  endfacet
  facet normal 1 -0 0
    outer loop
      vertex -46.896 -1.40062 3.39999
      vertex -46.896 1.46581 2.8
      vertex -46.896 1.46581 3.39999
    endloop
  endfacet
  facet normal 1 0 0
    outer loop
      vertex -46.896 1.46581 2.8
      vertex -46.896 -1.40062 3.39999
      vertex -46.896 -1.40062 2.8
    endloop
  endfacet
  facet normal 0 1 -0
    outer loop
      vertex -46.2959 -1.40062 2.8
      vertex -46.896 -1.40062 3.39999
      vertex -46.2959 -1.40062 3.39999
    endloop
  endfacet
  facet normal 0 1 0
    outer loop
      vertex -46.896 -1.40062 3.39999
      vertex -46.2959 -1.40062 2.8
      vertex -46.896 -1.40062 2.8
    endloop
  endfacet
  facet normal -1 0 0
    outer loop
      vertex -46.2959 -1.40062 2.8
      vertex -46.2959 -0.348846 3.39999
      vertex -46.2959 -0.348846 2.8
    endloop
  endfacet
  facet normal -1 -0 0
    outer loop
      vertex -46.2959 -0.348846 3.39999
      vertex -46.2959 -1.40062 2.8
      vertex -46.2959 -1.40062 3.39999
    endloop
  endfacet
endsolid OpenSCAD_Model
