solid OpenSCAD_Model
  facet normal -0.487242 -0 -0.873267
    outer loop
      vertex -53.794 -16.8441 14.051
      vertex -53.4325 -26.4076 13.8493
      vertex -53.794 -24.7248 14.051
    endloop
  endfacet
  facet normal -0.487242 0 -0.873267
    outer loop
      vertex -53.4325 -26.4076 13.8493
      vertex -53.794 -16.8441 14.051
      vertex -53.4325 -14.9283 13.8493
    endloop
  endfacet
  facet normal -0.972586 -0.193357 -0.129185
    outer loop
      vertex -53.794 -26.8462 14.9297
      vertex -53.784 -27.3116 15.551
      vertex -53.794 -27.2613 15.551
    endloop
  endfacet
  facet normal -0.972584 -0.193366 -0.129191
    outer loop
      vertex -53.794 -26.8462 14.9297
      vertex -53.6654 -27.8639 15.4848
      vertex -53.784 -27.3116 15.551
    endloop
  endfacet
  facet normal -0.972559 -0.19342 -0.129297
    outer loop
      vertex -53.6654 -27.8639 15.4848
      vertex -53.794 -26.8462 14.9297
      vertex -53.4325 -28.529 14.7279
    endloop
  endfacet
  facet normal -0.972555 -0.193473 -0.12925
    outer loop
      vertex -53.4325 -28.9478 15.3548
      vertex -53.6654 -27.8639 15.4848
      vertex -53.4325 -28.529 14.7279
    endloop
  endfacet
  facet normal -0.959552 0.156404 -0.234089
    outer loop
      vertex -53.4325 -13.7803 14.0776
      vertex -53.794 -15.6961 14.2794
      vertex -53.4325 -12.807 14.7279
    endloop
  endfacet
  facet normal -1 0 0
    outer loop
      vertex -53.794 -15.6961 14.2794
      vertex -53.794 -14.3076 15.551
      vertex -53.794 -14.7228 14.9297
    endloop
  endfacet
  facet normal -1 0 0
    outer loop
      vertex -53.794 -16.8441 14.051
      vertex -53.794 -14.3076 15.551
      vertex -53.794 -15.6961 14.2794
    endloop
  endfacet
  facet normal -1 0 0
    outer loop
      vertex -53.794 -24.7248 14.051
      vertex -53.794 -14.3076 15.551
      vertex -53.794 -16.8441 14.051
    endloop
  endfacet
  facet normal -1 0 0
    outer loop
      vertex -53.794 -27.2613 15.551
      vertex -53.794 -24.7248 14.051
      vertex -53.794 -25.8729 14.2794
    endloop
  endfacet
  facet normal -1 0 0
    outer loop
      vertex -53.794 -27.2613 15.551
      vertex -53.794 -25.8729 14.2794
      vertex -53.794 -26.8462 14.9297
    endloop
  endfacet
  facet normal -1 0 0
    outer loop
      vertex -53.794 -24.7248 14.051
      vertex -53.794 -27.2613 15.551
      vertex -53.794 -14.3076 15.551
    endloop
  endfacet
  facet normal -0.845161 0.104256 -0.524246
    outer loop
      vertex -53.4325 -14.9283 13.8493
      vertex -53.794 -15.6961 14.2794
      vertex -53.4325 -13.7803 14.0776
    endloop
  endfacet
  facet normal -0.845185 0.104292 -0.524201
    outer loop
      vertex -53.794 -15.6961 14.2794
      vertex -53.4325 -14.9283 13.8493
      vertex -53.794 -16.8441 14.051
    endloop
  endfacet
  facet normal -0.978238 0.172517 -0.115278
    outer loop
      vertex -53.4325 -12.807 14.7279
      vertex -53.5612 -13.0699 15.4266
      vertex -53.4325 -12.3881 15.3548
    endloop
  endfacet
  facet normal -0.978247 0.172444 -0.115307
    outer loop
      vertex -53.5612 -13.0699 15.4266
      vertex -53.4325 -12.807 14.7279
      vertex -53.794 -14.7228 14.9297
    endloop
  endfacet
  facet normal -0.978263 0.172417 -0.115212
    outer loop
      vertex -53.794 -14.7228 14.9297
      vertex -53.784 -14.2509 15.551
      vertex -53.5612 -13.0699 15.4266
    endloop
  endfacet
  facet normal -0.978234 0.172528 -0.115296
    outer loop
      vertex -53.784 -14.2509 15.551
      vertex -53.794 -14.7228 14.9297
      vertex -53.794 -14.3076 15.551
    endloop
  endfacet
  facet normal -0.959552 0.156404 -0.234089
    outer loop
      vertex -53.794 -15.6961 14.2794
      vertex -53.794 -14.7228 14.9297
      vertex -53.4325 -12.807 14.7279
    endloop
  endfacet
  facet normal -0.824214 -0.110489 -0.555394
    outer loop
      vertex -53.4325 -26.4076 13.8493
      vertex -53.794 -25.8729 14.2794
      vertex -53.794 -24.7248 14.051
    endloop
  endfacet
  facet normal -0.824196 -0.110447 -0.55543
    outer loop
      vertex -53.794 -25.8729 14.2794
      vertex -53.4325 -26.4076 13.8493
      vertex -53.4325 -27.5557 14.0776
    endloop
  endfacet
  facet normal -0.950237 -0.173068 -0.25903
    outer loop
      vertex -53.4325 -28.529 14.7279
      vertex -53.794 -25.8729 14.2794
      vertex -53.4325 -27.5557 14.0776
    endloop
  endfacet
  facet normal -0.950237 -0.173068 -0.25903
    outer loop
      vertex -53.794 -26.8462 14.9297
      vertex -53.794 -25.8729 14.2794
      vertex -53.4325 -28.529 14.7279
    endloop
  endfacet
  facet normal -0.801656 -0.49704 -0.332114
    outer loop
      vertex -52.0384 -30.2686 13.9663
      vertex -52.5347 -30.0681 14.8642
      vertex -53.4325 -28.529 14.7279
    endloop
  endfacet
  facet normal -0.80165 -0.497052 -0.332108
    outer loop
      vertex -52.5347 -30.0681 14.8642
      vertex -52.0384 -30.2686 13.9663
      vertex -52.0384 -30.6874 14.5931
    endloop
  endfacet
  facet normal -0.479474 -0 -0.877556
    outer loop
      vertex -53.4325 -14.9283 13.8493
      vertex -52.0384 -28.1472 13.0876
      vertex -53.4325 -26.4076 13.8493
    endloop
  endfacet
  facet normal -0.479474 0 -0.877556
    outer loop
      vertex -52.0384 -28.1472 13.0876
      vertex -53.4325 -14.9283 13.8493
      vertex -52.0384 -12.3093 13.0876
    endloop
  endfacet
  facet normal -0.800705 -0.498129 -0.332774
    outer loop
      vertex -53.4325 -28.529 14.7279
      vertex -53.4225 -28.9602 15.3493
      vertex -53.4325 -28.9478 15.3548
    endloop
  endfacet
  facet normal -0.801691 -0.497051 -0.332011
    outer loop
      vertex -53.4225 -28.9602 15.3493
      vertex -53.4325 -28.529 14.7279
      vertex -52.5347 -30.0681 14.8642
    endloop
  endfacet
  facet normal -0.614675 -0.153902 -0.773621
    outer loop
      vertex -53.4325 -27.5557 14.0776
      vertex -52.0384 -28.1472 13.0876
      vertex -52.0384 -29.2953 13.316
    endloop
  endfacet
  facet normal -0.614663 -0.153839 -0.773643
    outer loop
      vertex -52.0384 -28.1472 13.0876
      vertex -53.4325 -27.5557 14.0776
      vertex -53.4325 -26.4076 13.8493
    endloop
  endfacet
  facet normal -0.75389 -0.364995 -0.546286
    outer loop
      vertex -52.0384 -29.2953 13.316
      vertex -53.4325 -28.529 14.7279
      vertex -53.4325 -27.5557 14.0776
    endloop
  endfacet
  facet normal -0.75389 -0.364995 -0.546286
    outer loop
      vertex -53.4325 -28.529 14.7279
      vertex -52.0384 -29.2953 13.316
      vertex -52.0384 -30.2686 13.9663
    endloop
  endfacet
  facet normal -0.881361 0.392823 -0.262476
    outer loop
      vertex -53.4325 -12.807 14.7279
      vertex -52.9362 -11.4558 15.0836
      vertex -52.0384 -10.188 13.9663
    endloop
  endfacet
  facet normal -0.881372 0.392819 -0.262446
    outer loop
      vertex -52.9362 -11.4558 15.0836
      vertex -53.4325 -12.807 14.7279
      vertex -53.4225 -12.3694 15.3493
    endloop
  endfacet
  facet normal -0.880817 0.393659 -0.263046
    outer loop
      vertex -53.4225 -12.3694 15.3493
      vertex -53.4325 -12.807 14.7279
      vertex -53.4325 -12.3881 15.3548
    endloop
  endfacet
  facet normal -0.881362 0.392811 -0.26249
    outer loop
      vertex -52.0384 -10.188 13.9663
      vertex -52.9362 -11.4558 15.0836
      vertex -52.0384 -9.76915 14.5931
    endloop
  endfacet
  facet normal -0.831703 0.308473 -0.461642
    outer loop
      vertex -52.0384 -11.1612 13.316
      vertex -53.4325 -12.807 14.7279
      vertex -52.0384 -10.188 13.9663
    endloop
  endfacet
  facet normal -0.8317 0.308454 -0.461661
    outer loop
      vertex -53.4325 -12.807 14.7279
      vertex -52.0384 -11.1612 13.316
      vertex -53.4325 -13.7803 14.0776
    endloop
  endfacet
  facet normal -0.669909 0.144812 -0.728184
    outer loop
      vertex -53.4325 -13.7803 14.0776
      vertex -52.0384 -12.3093 13.0876
      vertex -53.4325 -14.9283 13.8493
    endloop
  endfacet
  facet normal -0.669934 0.144857 -0.728152
    outer loop
      vertex -52.0384 -12.3093 13.0876
      vertex -53.4325 -13.7803 14.0776
      vertex -52.0384 -11.1612 13.316
    endloop
  endfacet
  facet normal -0.690856 0.401666 -0.601152
    outer loop
      vertex -49.8501 -9.10894 12.1724
      vertex -52.0384 -11.1612 13.316
      vertex -49.8501 -8.13567 12.8227
    endloop
  endfacet
  facet normal -0.571004 0.160184 -0.805168
    outer loop
      vertex -49.8501 -10.257 11.944
      vertex -52.0384 -11.1612 13.316
      vertex -49.8501 -9.10894 12.1724
    endloop
  endfacet
  facet normal -0.571003 0.160178 -0.80517
    outer loop
      vertex -52.0384 -12.3093 13.0876
      vertex -52.0384 -11.1612 13.316
      vertex -49.8501 -10.257 11.944
    endloop
  endfacet
  facet normal -0.730622 0.567687 -0.379372
    outer loop
      vertex -52.0384 -10.188 13.9663
      vertex -52.0284 -9.75993 14.5876
      vertex -51.1 -8.90455 14.0796
    endloop
  endfacet
  facet normal -0.731293 0.5671 -0.378957
    outer loop
      vertex -52.0284 -9.75993 14.5876
      vertex -52.0384 -10.188 13.9663
      vertex -52.0384 -9.76915 14.5931
    endloop
  endfacet
  facet normal -0.730596 0.567675 -0.37944
    outer loop
      vertex -52.0384 -10.188 13.9663
      vertex -51.1 -8.90455 14.0796
      vertex -50.6414 -8.46272 13.8576
    endloop
  endfacet
  facet normal -0.730624 0.567726 -0.37931
    outer loop
      vertex -51.1 -8.88925 14.1025
      vertex -51.1 -8.90455 14.0796
      vertex -52.0284 -9.75993 14.5876
    endloop
  endfacet
  facet normal -0.73064 0.567714 -0.379297
    outer loop
      vertex -49.8501 -8.13567 12.8227
      vertex -50.5051 -8.33131 13.7916
      vertex -49.8501 -7.71703 13.4493
    endloop
  endfacet
  facet normal -0.730794 0.567404 -0.379464
    outer loop
      vertex -49.8501 -8.13567 12.8227
      vertex -50.6414 -8.46272 13.8576
      vertex -50.5051 -8.33131 13.7916
    endloop
  endfacet
  facet normal -0.730651 0.567731 -0.379252
    outer loop
      vertex -50.6414 -8.46272 13.8576
      vertex -49.8501 -8.13567 12.8227
      vertex -52.0384 -10.188 13.9663
    endloop
  endfacet
  facet normal -0.690868 0.401679 -0.601128
    outer loop
      vertex -52.0384 -11.1612 13.316
      vertex -52.0384 -10.188 13.9663
      vertex -49.8501 -8.13567 12.8227
    endloop
  endfacet
  facet normal -0.463164 0 -0.886273
    outer loop
      vertex -52.0384 -28.1472 13.0876
      vertex -49.8501 -13.9075 11.944
      vertex -49.8501 -28.879 11.944
    endloop
  endfacet
  facet normal -0.46353 7.1623e-05 -0.886081
    outer loop
      vertex -49.8501 -13.9075 11.944
      vertex -52.0384 -28.1472 13.0876
      vertex -50.0485 -13.7552 12.0478
    endloop
  endfacet
  facet normal -0.463123 -0 -0.886294
    outer loop
      vertex -52.0384 -12.3093 13.0876
      vertex -50.0485 -13.7552 12.0478
      vertex -52.0384 -28.1472 13.0876
    endloop
  endfacet
  facet normal -0.463345 -0.000388164 -0.886178
    outer loop
      vertex -50.0485 -13.7552 12.0478
      vertex -52.0384 -12.3093 13.0876
      vertex -50.2392 -13.5067 12.1474
    endloop
  endfacet
  facet normal -0.463044 0.000187603 -0.886335
    outer loop
      vertex -50.2392 -13.5067 12.1474
      vertex -52.0384 -12.3093 13.0876
      vertex -50.3591 -13.2172 12.2101
    endloop
  endfacet
  facet normal -0.463573 0 -0.886059
    outer loop
      vertex -50.0485 -12.0581 12.0478
      vertex -49.8501 -10.257 11.944
      vertex -49.8501 -11.9058 11.944
    endloop
  endfacet
  facet normal -0.463142 0.000190077 -0.886284
    outer loop
      vertex -52.0384 -12.3093 13.0876
      vertex -50.0485 -12.0581 12.0478
      vertex -50.2392 -12.3067 12.1474
    endloop
  endfacet
  facet normal -0.463141 -0.000136014 -0.886284
    outer loop
      vertex -52.0384 -12.3093 13.0876
      vertex -50.2392 -12.3067 12.1474
      vertex -50.3591 -12.5961 12.2101
    endloop
  endfacet
  facet normal -0.463117 -6.4024e-05 -0.886297
    outer loop
      vertex -50.0485 -12.0581 12.0478
      vertex -52.0384 -12.3093 13.0876
      vertex -49.8501 -10.257 11.944
    endloop
  endfacet
  facet normal -0.463096 0.000200521 -0.886308
    outer loop
      vertex -50.4 -12.9067 12.2314
      vertex -52.0384 -12.3093 13.0876
      vertex -50.3591 -12.5961 12.2101
    endloop
  endfacet
  facet normal -0.463217 -0.000220807 -0.886245
    outer loop
      vertex -50.3591 -13.2172 12.2101
      vertex -52.0384 -12.3093 13.0876
      vertex -50.4 -12.9067 12.2314
    endloop
  endfacet
  facet normal -0.500294 -0.168941 -0.849215
    outer loop
      vertex -52.0384 -29.2953 13.316
      vertex -52.0384 -28.1472 13.0876
      vertex -49.8501 -28.879 11.944
    endloop
  endfacet
  facet normal -0.527118 -0.4721 -0.706589
    outer loop
      vertex -52.0384 -30.2686 13.9663
      vertex -52.0384 -29.2953 13.316
      vertex -49.8501 -31.0003 12.8227
    endloop
  endfacet
  facet normal -0.500294 -0.168941 -0.849215
    outer loop
      vertex -49.8501 -30.0271 12.1724
      vertex -52.0384 -29.2953 13.316
      vertex -49.8501 -28.879 11.944
    endloop
  endfacet
  facet normal -0.527133 -0.472128 -0.706559
    outer loop
      vertex -49.8501 -31.0003 12.8227
      vertex -52.0384 -29.2953 13.316
      vertex -49.8501 -30.0271 12.1724
    endloop
  endfacet
  facet normal -0.494161 -0.722845 -0.483012
    outer loop
      vertex -49.8501 -31.419 13.4493
      vertex -51.2588 -30.9479 14.1855
      vertex -49.8501 -31.0003 12.8227
    endloop
  endfacet
  facet normal -0.49627 -0.721863 -0.482317
    outer loop
      vertex -52.0384 -30.2686 13.9663
      vertex -52.0284 -30.6906 14.5876
      vertex -52.0384 -30.6874 14.5931
    endloop
  endfacet
  facet normal -0.494065 -0.722887 -0.483048
    outer loop
      vertex -52.0384 -30.2686 13.9663
      vertex -51.2588 -30.9479 14.1855
      vertex -52.0284 -30.6906 14.5876
    endloop
  endfacet
  facet normal -0.494113 -0.722913 -0.482959
    outer loop
      vertex -51.2588 -30.9479 14.1855
      vertex -52.0384 -30.2686 13.9663
      vertex -49.8501 -31.0003 12.8227
    endloop
  endfacet
  facet normal -0.183217 -0.817383 -0.546183
    outer loop
      vertex -49.8501 -31.0003 12.8227
      vertex -49.8401 -31.4177 13.444
      vertex -49.8501 -31.419 13.4493
    endloop
  endfacet
  facet normal -0.180844 -0.81773 -0.546455
    outer loop
      vertex -49.8501 -31.0003 12.8227
      vertex -47.8 -31.1936 12.4335
      vertex -49.8401 -31.4177 13.444
    endloop
  endfacet
  facet normal -0.18084 -0.817749 -0.546428
    outer loop
      vertex -47.8 -31.1936 12.4335
      vertex -49.8501 -31.0003 12.8227
      vertex -47.8 -30.7751 11.8072
    endloop
  endfacet
  facet normal -0.552939 0.692819 -0.462882
    outer loop
      vertex -49.8401 -7.71259 13.444
      vertex -49.8501 -8.13567 12.8227
      vertex -49.8501 -7.71703 13.4493
    endloop
  endfacet
  facet normal -0.550519 0.694125 -0.46381
    outer loop
      vertex -49.8501 -8.13567 12.8227
      vertex -49.8401 -7.71259 13.444
      vertex -48.5309 -7.10757 12.7955
    endloop
  endfacet
  facet normal -0.443985 0 -0.896034
    outer loop
      vertex -47.8 -28.6538 10.9285
      vertex -48 -12.9067 11.0276
      vertex -47.8 -9.30958 10.9285
    endloop
  endfacet
  facet normal -0.442926 1.67464e-05 -0.896558
    outer loop
      vertex -47.8 -28.6538 10.9285
      vertex -48.0409 -13.2172 11.0478
      vertex -48 -12.9067 11.0276
    endloop
  endfacet
  facet normal -0.443917 -2.51475e-06 -0.896068
    outer loop
      vertex -47.8 -28.6538 10.9285
      vertex -48.1608 -13.5067 11.1072
      vertex -48.0409 -13.2172 11.0478
    endloop
  endfacet
  facet normal -0.44401 -5.26804e-06 -0.896022
    outer loop
      vertex -47.8 -28.6538 10.9285
      vertex -48.3515 -13.7552 11.2017
      vertex -48.1608 -13.5067 11.1072
    endloop
  endfacet
  facet normal -0.443893 1.29441e-07 -0.89608
    outer loop
      vertex -47.8 -28.6538 10.9285
      vertex -48.6 -13.9459 11.3248
      vertex -48.3515 -13.7552 11.2017
    endloop
  endfacet
  facet normal -0.443989 -6.33673e-06 -0.896032
    outer loop
      vertex -47.8 -28.6538 10.9285
      vertex -48.8894 -14.0658 11.4682
      vertex -48.6 -13.9459 11.3248
    endloop
  endfacet
  facet normal -0.44375 1.58838e-05 -0.896151
    outer loop
      vertex -47.8 -28.6538 10.9285
      vertex -49.2 -14.1067 11.622
      vertex -48.8894 -14.0658 11.4682
    endloop
  endfacet
  facet normal -0.443871 1.31864e-06 -0.896091
    outer loop
      vertex -49.8501 -28.879 11.944
      vertex -49.2 -14.1067 11.622
      vertex -47.8 -28.6538 10.9285
    endloop
  endfacet
  facet normal -0.443979 7.22093e-06 -0.896037
    outer loop
      vertex -49.2 -14.1067 11.622
      vertex -49.8501 -28.879 11.944
      vertex -49.5106 -14.0658 11.7759
    endloop
  endfacet
  facet normal -0.443742 4.57639e-07 -0.896155
    outer loop
      vertex -49.5106 -14.0658 11.7759
      vertex -49.8501 -28.879 11.944
      vertex -49.8 -13.9459 11.9192
    endloop
  endfacet
  facet normal -0.443632 0 -0.896209
    outer loop
      vertex -49.8 -13.9459 11.9192
      vertex -49.8501 -28.879 11.944
      vertex -49.8501 -13.9075 11.944
    endloop
  endfacet
  facet normal -0.443169 -5.65088e-05 -0.896438
    outer loop
      vertex -48.0409 -12.5961 11.0478
      vertex -47.8 -9.30958 10.9285
      vertex -48 -12.9067 11.0276
    endloop
  endfacet
  facet normal -0.443902 1.04143e-05 -0.896075
    outer loop
      vertex -48.1608 -12.3067 11.1072
      vertex -47.8 -9.30958 10.9285
      vertex -48.0409 -12.5961 11.0478
    endloop
  endfacet
  facet normal -0.443991 2.37272e-05 -0.896031
    outer loop
      vertex -48.3515 -12.0581 11.2017
      vertex -47.8 -9.30958 10.9285
      vertex -48.1608 -12.3067 11.1072
    endloop
  endfacet
  facet normal -0.443893 -6.25295e-07 -0.89608
    outer loop
      vertex -48.6 -11.8674 11.3248
      vertex -47.8 -9.30958 10.9285
      vertex -48.3515 -12.0581 11.2017
    endloop
  endfacet
  facet normal -0.44398 3.29844e-05 -0.896037
    outer loop
      vertex -48.8894 -11.7475 11.4682
      vertex -47.8 -9.30958 10.9285
      vertex -48.6 -11.8674 11.3248
    endloop
  endfacet
  facet normal -0.443742 5.88339e-05 -0.896155
    outer loop
      vertex -49.8501 -10.257 11.944
      vertex -48.8894 -11.7475 11.4682
      vertex -49.2 -11.7067 11.622
    endloop
  endfacet
  facet normal -0.443972 -6.98903e-05 -0.896041
    outer loop
      vertex -49.8501 -10.257 11.944
      vertex -49.2 -11.7067 11.622
      vertex -49.5106 -11.7475 11.7759
    endloop
  endfacet
  facet normal -0.443741 -4.19548e-06 -0.896155
    outer loop
      vertex -49.8501 -10.257 11.944
      vertex -49.5106 -11.7475 11.7759
      vertex -49.8 -11.8674 11.9192
    endloop
  endfacet
  facet normal -0.443632 -0 -0.896209
    outer loop
      vertex -49.8501 -10.257 11.944
      vertex -49.8 -11.8674 11.9192
      vertex -49.8501 -11.9058 11.944
    endloop
  endfacet
  facet normal -0.443858 -3.46318e-05 -0.896097
    outer loop
      vertex -48.8894 -11.7475 11.4682
      vertex -49.8501 -10.257 11.944
      vertex -47.8 -9.30958 10.9285
    endloop
  endfacet
  facet normal -0.331022 -0.524265 -0.784583
    outer loop
      vertex -49.8501 -31.0003 12.8227
      vertex -49.8501 -30.0271 12.1724
      vertex -47.8 -29.8018 11.1569
    endloop
  endfacet
  facet normal -0.555815 0.46184 -0.691212
    outer loop
      vertex -47.8 -8.16153 11.1569
      vertex -49.8501 -8.13567 12.8227
      vertex -47.8 -7.18826 11.8072
    endloop
  endfacet
  facet normal -0.331059 -0.52422 -0.784597
    outer loop
      vertex -47.8 -30.7751 11.8072
      vertex -49.8501 -31.0003 12.8227
      vertex -47.8 -29.8018 11.1569
    endloop
  endfacet
  facet normal -0.550504 0.694143 -0.4638
    outer loop
      vertex -47.8 -7.18826 11.8072
      vertex -48.5309 -7.10757 12.7955
      vertex -47.8 -6.76979 12.4335
    endloop
  endfacet
  facet normal -0.550519 0.694124 -0.46381
    outer loop
      vertex -48.5309 -7.10757 12.7955
      vertex -47.8 -7.18826 11.8072
      vertex -49.8501 -8.13567 12.8227
    endloop
  endfacet
  facet normal -0.555815 0.46184 -0.691212
    outer loop
      vertex -49.8501 -9.10894 12.1724
      vertex -49.8501 -8.13567 12.8227
      vertex -47.8 -8.16153 11.1569
    endloop
  endfacet
  facet normal -0.499117 0.169079 -0.849879
    outer loop
      vertex -49.8501 -9.10894 12.1724
      vertex -47.8 -9.30958 10.9285
      vertex -49.8501 -10.257 11.944
    endloop
  endfacet
  facet normal -0.499117 0.16908 -0.849879
    outer loop
      vertex -47.8 -9.30958 10.9285
      vertex -49.8501 -9.10894 12.1724
      vertex -47.8 -8.16153 11.1569
    endloop
  endfacet
  facet normal -0.421181 -0.176964 -0.889545
    outer loop
      vertex -49.8501 -28.879 11.944
      vertex -47.8 -29.8018 11.1569
      vertex -49.8501 -30.0271 12.1724
    endloop
  endfacet
  facet normal -0.421186 -0.176978 -0.88954
    outer loop
      vertex -47.8 -29.8018 11.1569
      vertex -49.8501 -28.879 11.944
      vertex -47.8 -28.6538 10.9285
    endloop
  endfacet
  facet normal -0.438574 0.175326 -0.881427
    outer loop
      vertex -41.825 -7.76993 8.26176
      vertex -47.8 -9.30958 10.9285
      vertex -41.825 -6.62188 8.49012
    endloop
  endfacet
  facet normal -0.0366469 -0.830899 -0.555215
    outer loop
      vertex -47.8 -30.7751 11.8072
      vertex -47.79 -31.1907 12.4285
      vertex -47.8 -31.1936 12.4335
    endloop
  endfacet
  facet normal -0.0336763 -0.830964 -0.555306
    outer loop
      vertex -47.8 -30.7751 11.8072
      vertex -45.6667 -30.6435 11.4809
      vertex -47.79 -31.1907 12.4285
    endloop
  endfacet
  facet normal -0.0336471 -0.831065 -0.555157
    outer loop
      vertex -44.8 -30.0021 10.4682
      vertex -45.6667 -30.6435 11.4809
      vertex -47.8 -30.7751 11.8072
    endloop
  endfacet
  facet normal -0.0338129 -0.830994 -0.555253
    outer loop
      vertex -45.6667 -30.6435 11.4809
      vertex -44.8 -30.0021 10.4682
      vertex -44.8 -30.3259 10.9528
    endloop
  endfacet
  facet normal -0.407563 0 -0.913177
    outer loop
      vertex -44.8 -27.8807 9.58956
      vertex -47.8 -28.6538 10.9285
      vertex -44.8 -26.5821 9.58956
    endloop
  endfacet
  facet normal -0.40756 -0 -0.913179
    outer loop
      vertex -43.1863 -26.4649 8.86932
      vertex -41.825 -27.1141 8.26176
      vertex -43.1863 -27.4649 8.86932
    endloop
  endfacet
  facet normal -0.40756 0 -0.913179
    outer loop
      vertex -41.825 -27.1141 8.26176
      vertex -43.1863 -26.4649 8.86932
      vertex -41.825 -7.76993 8.26176
    endloop
  endfacet
  facet normal -0.407574 -2.34639e-06 -0.913172
    outer loop
      vertex -47.8 -9.30958 10.9285
      vertex -43.1863 -26.4649 8.86932
      vertex -44.8 -26.5821 9.58956
    endloop
  endfacet
  facet normal -0.407563 -0 -0.913177
    outer loop
      vertex -47.8 -9.30958 10.9285
      vertex -44.8 -26.5821 9.58956
      vertex -47.8 -28.6538 10.9285
    endloop
  endfacet
  facet normal -0.407565 5.17897e-07 -0.913176
    outer loop
      vertex -43.1863 -26.4649 8.86932
      vertex -47.8 -9.30958 10.9285
      vertex -41.825 -7.76993 8.26176
    endloop
  endfacet
  facet normal -0.361293 -0.181896 -0.914539
    outer loop
      vertex -41.825 -27.3401 8.30671
      vertex -43.1863 -27.4649 8.86932
      vertex -41.825 -27.1141 8.26176
    endloop
  endfacet
  facet normal -0.361297 -0.181892 -0.914538
    outer loop
      vertex -44.8 -28.4572 9.70422
      vertex -47.8 -28.6538 10.9285
      vertex -44.8 -27.8807 9.58956
    endloop
  endfacet
  facet normal -0.22227 -0.541651 -0.810685
    outer loop
      vertex -47.8 -29.8018 11.1569
      vertex -44.8 -30.0021 10.4682
      vertex -47.8 -30.7751 11.8072
    endloop
  endfacet
  facet normal -0.222271 -0.541639 -0.810693
    outer loop
      vertex -44.8 -30.0021 10.4682
      vertex -47.8 -29.8018 11.1569
      vertex -44.8 -29.0288 9.81792
    endloop
  endfacet
  facet normal -0.420921 0.754229 -0.503948
    outer loop
      vertex -47.79 -6.76755 12.4285
      vertex -47.8 -7.18826 11.8072
      vertex -47.8 -6.76979 12.4335
    endloop
  endfacet
  facet normal -0.419573 0.754737 -0.504313
    outer loop
      vertex -46.5028 -6.43585 11.854
      vertex -47.8 -7.18826 11.8072
      vertex -47.79 -6.76755 12.4285
    endloop
  endfacet
  facet normal -0.419571 0.754735 -0.504317
    outer loop
      vertex -45.4142 -6.18282 11.327
      vertex -47.8 -7.18826 11.8072
      vertex -46.5028 -6.43585 11.854
    endloop
  endfacet
  facet normal -0.419571 0.754729 -0.504326
    outer loop
      vertex -47.8 -7.18826 11.8072
      vertex -45.4142 -6.18282 11.327
      vertex -41.825 -5.64861 9.14044
    endloop
  endfacet
  facet normal -0.361296 -0.181949 -0.914527
    outer loop
      vertex -47.8 -28.6538 10.9285
      vertex -44.8 -29.0288 9.81792
      vertex -47.8 -29.8018 11.1569
    endloop
  endfacet
  facet normal -0.361294 -0.181915 -0.914535
    outer loop
      vertex -44.8 -29.0288 9.81792
      vertex -47.8 -28.6538 10.9285
      vertex -44.8 -28.4572 9.70422
    endloop
  endfacet
  facet normal -0.41958 0.754736 -0.504307
    outer loop
      vertex -41.825 -5.64861 9.14044
      vertex -42.9546 -5.52156 10.2704
      vertex -41.825 -5.23047 9.76622
    endloop
  endfacet
  facet normal -0.419531 0.754807 -0.504242
    outer loop
      vertex -44.7125 -6.01974 10.9873
      vertex -41.825 -5.64861 9.14044
      vertex -45.4142 -6.18282 11.327
    endloop
  endfacet
  facet normal -0.419552 0.754768 -0.504283
    outer loop
      vertex -42.9546 -5.52156 10.2704
      vertex -41.825 -5.64861 9.14044
      vertex -44.7125 -6.01974 10.9873
    endloop
  endfacet
  facet normal -0.457333 0.494056 -0.739428
    outer loop
      vertex -47.8 -7.18826 11.8072
      vertex -41.825 -6.62188 8.49012
      vertex -47.8 -8.16153 11.1569
    endloop
  endfacet
  facet normal -0.457331 0.494068 -0.739422
    outer loop
      vertex -41.825 -6.62188 8.49012
      vertex -47.8 -7.18826 11.8072
      vertex -41.825 -5.64861 9.14044
    endloop
  endfacet
  facet normal -0.438582 0.175354 -0.881417
    outer loop
      vertex -47.8 -9.30958 10.9285
      vertex -47.8 -8.16153 11.1569
      vertex -41.825 -6.62188 8.49012
    endloop
  endfacet
  facet normal -0.0336497 -0.831126 -0.555065
    outer loop
      vertex -44.8 -30.4202 11.094
      vertex -45.6667 -30.6435 11.4809
      vertex -44.8 -30.3259 10.9528
    endloop
  endfacet
  facet normal -0.398915 0.509452 -0.762447
    outer loop
      vertex -35.85 -5.31944 6.23424
      vertex -41.825 -6.62188 8.49012
      vertex -35.85 -4.34617 6.88456
    endloop
  endfacet
  facet normal -0.381587 0.180327 -0.906572
    outer loop
      vertex -41.825 -7.76993 8.26176
      vertex -41.825 -6.62188 8.49012
      vertex -35.85 -6.46749 6.00588
    endloop
  endfacet
  facet normal -0.311471 -0.185389 -0.931996
    outer loop
      vertex -36.4766 -26.0687 6.26641
      vertex -37.372 -26.1435 6.58053
      vertex -35.85 -25.8117 6.00588
    endloop
  endfacet
  facet normal -0.31149 -0.185368 -0.931994
    outer loop
      vertex -41.825 -27.3401 8.30671
      vertex -41.825 -27.1141 8.26176
      vertex -40.5677 -26.8401 7.78705
    endloop
  endfacet
  facet normal -0.381587 0.180327 -0.906572
    outer loop
      vertex -35.85 -6.46749 6.00588
      vertex -41.825 -6.62188 8.49012
      vertex -35.85 -5.31944 6.23424
    endloop
  endfacet
  facet normal -0.353225 0 -0.935538
    outer loop
      vertex -40.5677 -26.8401 7.78705
      vertex -41.825 -27.1141 8.26176
      vertex -40.5677 -25.8401 7.78705
    endloop
  endfacet
  facet normal -0.353224 -0 -0.935539
    outer loop
      vertex -37.372 -25.1435 6.58053
      vertex -35.85 -25.8117 6.00588
      vertex -37.372 -26.1435 6.58053
    endloop
  endfacet
  facet normal -0.353224 0 -0.935539
    outer loop
      vertex -35.85 -25.8117 6.00588
      vertex -37.372 -25.1435 6.58053
      vertex -35.85 -6.46749 6.00588
    endloop
  endfacet
  facet normal -0.353196 5.37172e-06 -0.935549
    outer loop
      vertex -41.825 -7.76993 8.26176
      vertex -37.372 -25.1435 6.58053
      vertex -38.476 -25.2186 6.99732
    endloop
  endfacet
  facet normal -0.35323 -2.05266e-06 -0.935537
    outer loop
      vertex -41.825 -7.76993 8.26176
      vertex -38.476 -25.2186 6.99732
      vertex -39.2 -25.2679 7.27068
    endloop
  endfacet
  facet normal -0.353206 1.94982e-06 -0.935545
    outer loop
      vertex -41.825 -7.76993 8.26176
      vertex -39.2 -25.2679 7.27068
      vertex -39.8389 -25.5352 7.51189
    endloop
  endfacet
  facet normal -0.353216 6.88909e-07 -0.935542
    outer loop
      vertex -41.825 -7.76993 8.26176
      vertex -39.8389 -25.5352 7.51189
      vertex -40.5677 -25.8401 7.78705
    endloop
  endfacet
  facet normal -0.353225 -0 -0.935538
    outer loop
      vertex -41.825 -7.76993 8.26176
      vertex -40.5677 -25.8401 7.78705
      vertex -41.825 -27.1141 8.26176
    endloop
  endfacet
  facet normal -0.353217 -7.20305e-07 -0.935542
    outer loop
      vertex -37.372 -25.1435 6.58053
      vertex -41.825 -7.76993 8.26176
      vertex -35.85 -6.46749 6.00588
    endloop
  endfacet
  facet normal -0.398915 0.509452 -0.762447
    outer loop
      vertex -41.825 -6.62188 8.49012
      vertex -41.825 -5.64861 9.14044
      vertex -35.85 -4.34617 6.88456
    endloop
  endfacet
  facet normal -0.364156 0.775022 -0.516461
    outer loop
      vertex -38.325 -4.50928 8.38232
      vertex -41.825 -5.64861 9.14044
      vertex -38.3602 -4.51625 8.39668
    endloop
  endfacet
  facet normal -0.364154 0.774383 -0.51742
    outer loop
      vertex -35.85 -4.34617 6.88456
      vertex -38.325 -4.50928 8.38232
      vertex -36.7939 -4.13425 7.86603
    endloop
  endfacet
  facet normal -0.364157 0.77438 -0.517422
    outer loop
      vertex -35.85 -4.34617 6.88456
      vertex -36.7939 -4.13425 7.86603
      vertex -35.85 -3.9285 7.50965
    endloop
  endfacet
  facet normal -0.364155 0.77438 -0.517423
    outer loop
      vertex -38.325 -4.50928 8.38232
      vertex -35.85 -4.34617 6.88456
      vertex -41.825 -5.64861 9.14044
    endloop
  endfacet
  facet normal -0.363991 0.774429 -0.517466
    outer loop
      vertex -41.815 -5.22875 9.76176
      vertex -41.825 -5.64861 9.14044
      vertex -41.825 -5.23047 9.76622
    endloop
  endfacet
  facet normal -0.364152 0.774378 -0.517429
    outer loop
      vertex -40.3659 -4.91288 9.21465
      vertex -41.825 -5.64861 9.14044
      vertex -41.815 -5.22875 9.76176
    endloop
  endfacet
  facet normal -0.364153 0.774379 -0.517427
    outer loop
      vertex -41.825 -5.64861 9.14044
      vertex -40.3659 -4.91288 9.21465
      vertex -38.3602 -4.51625 8.39668
    endloop
  endfacet
  facet normal -0.311487 -0.185352 -0.931998
    outer loop
      vertex -35.85 -26.0164 6.04659
      vertex -36.4766 -26.0687 6.26641
      vertex -35.85 -25.8117 6.00588
    endloop
  endfacet
  facet normal -0.308391 0.790945 -0.52849
    outer loop
      vertex -35.84 -3.92712 7.50588
      vertex -35.85 -4.34617 6.88456
      vertex -35.85 -3.9285 7.50965
    endloop
  endfacet
  facet normal -0.308515 0.790912 -0.528466
    outer loop
      vertex -34.2372 -3.63731 7.00391
      vertex -35.85 -4.34617 6.88456
      vertex -35.84 -3.92712 7.50588
    endloop
  endfacet
  facet normal -0.308519 0.790919 -0.528453
    outer loop
      vertex -35.85 -4.34617 6.88456
      vertex -34.2372 -3.63731 7.00391
      vertex -32.3018 -3.31841 6.35128
    endloop
  endfacet
  facet normal -0.298882 0 -0.95429
    outer loop
      vertex -34.768 -25.6161 5.667
      vertex -35.85 -25.8117 6.00588
      vertex -34.768 -24.6161 5.667
    endloop
  endfacet
  facet normal -0.29887 -0 -0.954294
    outer loop
      vertex -31.5474 -24.0337 4.65836
      vertex -29.875 -24.7313 4.13459
      vertex -31.5474 -25.0337 4.65836
    endloop
  endfacet
  facet normal -0.29887 0 -0.954294
    outer loop
      vertex -29.875 -24.7313 4.13459
      vertex -31.5474 -24.0337 4.65836
      vertex -29.875 -5.38711 4.13459
    endloop
  endfacet
  facet normal -0.298873 -1.78843e-07 -0.954293
    outer loop
      vertex -35.85 -6.46749 6.00588
      vertex -31.5474 -24.0337 4.65836
      vertex -33.6 -24.1586 5.30121
    endloop
  endfacet
  facet normal -0.298863 1.19042e-06 -0.954296
    outer loop
      vertex -35.85 -6.46749 6.00588
      vertex -33.6 -24.1586 5.30121
      vertex -34.768 -24.6161 5.667
    endloop
  endfacet
  facet normal -0.298882 -0 -0.95429
    outer loop
      vertex -35.85 -6.46749 6.00588
      vertex -34.768 -24.6161 5.667
      vertex -35.85 -25.8117 6.00588
    endloop
  endfacet
  facet normal -0.298872 1.71049e-07 -0.954293
    outer loop
      vertex -31.5474 -24.0337 4.65836
      vertex -35.85 -6.46749 6.00588
      vertex -29.875 -5.38711 4.13459
    endloop
  endfacet
  facet normal -0.339437 0.522581 -0.782107
    outer loop
      vertex -29.875 -4.23906 4.36296
      vertex -35.85 -4.34617 6.88456
      vertex -29.875 -3.26579 5.01327
    endloop
  endfacet
  facet normal -0.262393 -0.188222 -0.946426
    outer loop
      vertex -35.85 -26.0164 6.04659
      vertex -35.85 -25.8117 6.00588
      vertex -34.768 -25.6161 5.667
    endloop
  endfacet
  facet normal -0.262371 -0.188234 -0.94643
    outer loop
      vertex -29.875 -24.9113 4.17039
      vertex -31.5474 -25.0337 4.65836
      vertex -29.875 -24.7313 4.13459
    endloop
  endfacet
  facet normal -0.308527 0.790896 -0.528484
    outer loop
      vertex -29.875 -3.26579 5.01327
      vertex -32.3018 -3.31841 6.35128
      vertex -31.9375 -3.25838 6.22844
    endloop
  endfacet
  facet normal -0.308518 0.790909 -0.528469
    outer loop
      vertex -29.875 -3.26579 5.01327
      vertex -31.9375 -3.25838 6.22844
      vertex -30.6331 -2.98562 5.87515
    endloop
  endfacet
  facet normal -0.308524 0.790904 -0.528473
    outer loop
      vertex -29.875 -3.26579 5.01327
      vertex -30.6331 -2.98562 5.87515
      vertex -29.875 -2.84854 5.63772
    endloop
  endfacet
  facet normal -0.308519 0.790909 -0.528468
    outer loop
      vertex -32.3018 -3.31841 6.35128
      vertex -29.875 -3.26579 5.01327
      vertex -35.85 -4.34617 6.88456
    endloop
  endfacet
  facet normal -0.339436 0.522587 -0.782104
    outer loop
      vertex -35.85 -5.31944 6.23424
      vertex -35.85 -4.34617 6.88456
      vertex -29.875 -4.23906 4.36296
    endloop
  endfacet
  facet normal -0.323975 0.184567 -0.927888
    outer loop
      vertex -35.85 -5.31944 6.23424
      vertex -29.875 -5.38711 4.13459
      vertex -35.85 -6.46749 6.00588
    endloop
  endfacet
  facet normal -0.323974 0.184575 -0.927886
    outer loop
      vertex -29.875 -5.38711 4.13459
      vertex -35.85 -5.31944 6.23424
      vertex -29.875 -4.23906 4.36296
    endloop
  endfacet
  facet normal -0.265821 0.18807 -0.945499
    outer loop
      vertex -23.9 -4.51716 2.6278
      vertex -29.875 -5.38711 4.13459
      vertex -23.9 -3.36911 2.85616
    endloop
  endfacet
  facet normal -0.244523 0 -0.969643
    outer loop
      vertex -28.9708 -24.5997 3.90657
      vertex -29.875 -24.7313 4.13459
      vertex -28.9708 -23.5997 3.90657
    endloop
  endfacet
  facet normal -0.244522 -0 -0.969644
    outer loop
      vertex -25.705 -23.1242 3.08298
      vertex -23.9 -23.8614 2.6278
      vertex -25.705 -24.1242 3.08298
    endloop
  endfacet
  facet normal -0.244522 0 -0.969644
    outer loop
      vertex -23.9 -23.8614 2.6278
      vertex -25.705 -23.1242 3.08298
      vertex -23.9 -4.51716 2.6278
    endloop
  endfacet
  facet normal -0.244531 -6.10709e-07 -0.969641
    outer loop
      vertex -29.875 -5.38711 4.13459
      vertex -25.705 -23.1242 3.08298
      vertex -28 -23.2429 3.66175
    endloop
  endfacet
  facet normal -0.244528 -2.38487e-07 -0.969642
    outer loop
      vertex -29.875 -5.38711 4.13459
      vertex -28 -23.2429 3.66175
      vertex -28.9708 -23.5997 3.90657
    endloop
  endfacet
  facet normal -0.244523 -0 -0.969643
    outer loop
      vertex -29.875 -5.38711 4.13459
      vertex -28.9708 -23.5997 3.90657
      vertex -29.875 -24.7313 4.13459
    endloop
  endfacet
  facet normal -0.244527 4.90541e-07 -0.969643
    outer loop
      vertex -25.705 -23.1242 3.08298
      vertex -29.875 -5.38711 4.13459
      vertex -23.9 -4.51716 2.6278
    endloop
  endfacet
  facet normal -0.213868 -0.190548 -0.958098
    outer loop
      vertex -23.9 -24.0134 2.65803
      vertex -25.705 -24.1242 3.08298
      vertex -23.9 -23.8614 2.6278
    endloop
  endfacet
  facet normal -0.213852 -0.190688 -0.958074
    outer loop
      vertex -29.4149 -24.7527 4.03615
      vertex -29.875 -24.7313 4.13459
      vertex -28.9708 -24.5997 3.90657
    endloop
  endfacet
  facet normal -0.252716 0.804543 -0.537443
    outer loop
      vertex -29.875 -3.26579 5.01327
      vertex -28.1221 -2.59374 5.19507
      vertex -27.6791 -2.53475 5.07507
    endloop
  endfacet
  facet normal -0.25272 0.804476 -0.537541
    outer loop
      vertex -29.865 -2.84749 5.63459
      vertex -29.875 -3.26579 5.01327
      vertex -29.875 -2.84854 5.63772
    endloop
  endfacet
  facet normal -0.252683 0.804484 -0.537547
    outer loop
      vertex -28.1221 -2.59374 5.19507
      vertex -29.875 -3.26579 5.01327
      vertex -29.865 -2.84749 5.63459
    endloop
  endfacet
  facet normal -0.252692 0.804479 -0.537551
    outer loop
      vertex -29.875 -3.26579 5.01327
      vertex -27.6791 -2.53475 5.07507
      vertex -23.9 -2.39584 3.50648
    endloop
  endfacet
  facet normal -0.213852 -0.190555 -0.9581
    outer loop
      vertex -29.875 -24.9113 4.17039
      vertex -29.875 -24.7313 4.13459
      vertex -29.4149 -24.7527 4.03615
    endloop
  endfacet
  facet normal -0.252701 0.804482 -0.537542
    outer loop
      vertex -23.9 -2.39584 3.50648
      vertex -24.4718 -2.06226 4.27452
      vertex -23.9 -1.979 4.13032
    endloop
  endfacet
  facet normal -0.252687 0.804488 -0.537539
    outer loop
      vertex -25.55 -2.25131 4.49842
      vertex -23.9 -2.39584 3.50648
      vertex -27.6791 -2.53475 5.07507
    endloop
  endfacet
  facet normal -0.252683 0.804493 -0.537533
    outer loop
      vertex -24.4718 -2.06226 4.27452
      vertex -23.9 -2.39584 3.50648
      vertex -25.55 -2.25131 4.49842
    endloop
  endfacet
  facet normal -0.279033 0.533499 -0.798448
    outer loop
      vertex -29.875 -3.26579 5.01327
      vertex -23.9 -3.36911 2.85616
      vertex -29.875 -4.23906 4.36296
    endloop
  endfacet
  facet normal -0.279031 0.533505 -0.798445
    outer loop
      vertex -23.9 -3.36911 2.85616
      vertex -29.875 -3.26579 5.01327
      vertex -23.9 -2.39584 3.50648
    endloop
  endfacet
  facet normal -0.265823 0.188078 -0.945497
    outer loop
      vertex -29.875 -5.38711 4.13459
      vertex -29.875 -4.23906 4.36296
      vertex -23.9 -3.36911 2.85616
    endloop
  endfacet
  facet normal -0.217851 0.542228 -0.811499
    outer loop
      vertex -17.925 -2.70083 1.69867
      vertex -23.9 -3.36911 2.85616
      vertex -17.925 -1.72756 2.34899
    endloop
  endfacet
  facet normal -0.207222 0.190855 -0.959496
    outer loop
      vertex -17.925 -3.84888 1.47031
      vertex -23.9 -3.36911 2.85616
      vertex -17.925 -2.70083 1.69867
    endloop
  endfacet
  facet normal -0.207222 0.190855 -0.959496
    outer loop
      vertex -23.9 -4.51716 2.6278
      vertex -23.9 -3.36911 2.85616
      vertex -17.925 -3.84888 1.47031
    endloop
  endfacet
  facet normal -0.190199 0 -0.981746
    outer loop
      vertex -23.1753 -23.7803 2.4874
      vertex -23.9 -23.8614 2.6278
      vertex -23.1753 -22.7803 2.4874
    endloop
  endfacet
  facet normal -0.190184 -0 -0.981748
    outer loop
      vertex -19.8294 -22.4061 1.83923
      vertex -17.925 -23.1931 1.47031
      vertex -19.8294 -23.4061 1.83923
    endloop
  endfacet
  facet normal -0.190184 0 -0.981748
    outer loop
      vertex -17.925 -23.1931 1.47031
      vertex -19.8294 -22.4061 1.83923
      vertex -17.925 -3.84888 1.47031
    endloop
  endfacet
  facet normal -0.190186 4.36835e-07 -0.981748
    outer loop
      vertex -23.9 -4.51716 2.6278
      vertex -19.8294 -22.4061 1.83923
      vertex -22.4 -22.5124 2.33721
    endloop
  endfacet
  facet normal -0.190183 6.44784e-07 -0.981749
    outer loop
      vertex -23.9 -4.51716 2.6278
      vertex -22.4 -22.5124 2.33721
      vertex -23.1753 -22.7803 2.4874
    endloop
  endfacet
  facet normal -0.190199 -0 -0.981746
    outer loop
      vertex -23.9 -4.51716 2.6278
      vertex -23.1753 -22.7803 2.4874
      vertex -23.9 -23.8614 2.6278
    endloop
  endfacet
  facet normal -0.190186 2.41445e-07 -0.981748
    outer loop
      vertex -19.8294 -22.4061 1.83923
      vertex -23.9 -4.51716 2.6278
      vertex -17.925 -3.84888 1.47031
    endloop
  endfacet
  facet normal -0.196778 0.815211 -0.544711
    outer loop
      vertex -23.89 -1.97827 4.1278
      vertex -23.9 -2.39584 3.50648
      vertex -23.9 -1.979 4.13032
    endloop
  endfacet
  facet normal -0.196705 0.815222 -0.54472
    outer loop
      vertex -22.0325 -1.77052 3.76795
      vertex -23.9 -2.39584 3.50648
      vertex -23.89 -1.97827 4.1278
    endloop
  endfacet
  facet normal -0.196701 0.815215 -0.544733
    outer loop
      vertex -23.9 -2.39584 3.50648
      vertex -22.0325 -1.77052 3.76795
      vertex -20.2282 -1.58553 3.39327
    endloop
  endfacet
  facet normal -0.165825 -0.192397 -0.967205
    outer loop
      vertex -17.925 -23.3135 1.49426
      vertex -18.3966 -23.3365 1.57969
      vertex -17.925 -23.1931 1.47031
    endloop
  endfacet
  facet normal -0.196708 0.815219 -0.544723
    outer loop
      vertex -17.925 -1.72756 2.34899
      vertex -20.2282 -1.58553 3.39327
      vertex -19.1625 -1.47626 3.17196
    endloop
  endfacet
  facet normal -0.196687 0.815241 -0.544699
    outer loop
      vertex -17.925 -1.72756 2.34899
      vertex -19.1625 -1.47626 3.17196
      vertex -18.3098 -1.35416 3.0468
    endloop
  endfacet
  facet normal -0.196749 0.815213 -0.544718
    outer loop
      vertex -17.925 -1.72756 2.34899
      vertex -18.3098 -1.35416 3.0468
      vertex -17.925 -1.31111 2.97224
    endloop
  endfacet
  facet normal -0.196703 0.815227 -0.544713
    outer loop
      vertex -20.2282 -1.58553 3.39327
      vertex -17.925 -1.72756 2.34899
      vertex -23.9 -2.39584 3.50648
    endloop
  endfacet
  facet normal -0.217851 0.542228 -0.811499
    outer loop
      vertex -23.9 -3.36911 2.85616
      vertex -23.9 -2.39584 3.50648
      vertex -17.925 -1.72756 2.34899
    endloop
  endfacet
  facet normal -0.165856 -0.19236 -0.967207
    outer loop
      vertex -23.9 -24.0134 2.65803
      vertex -23.9 -23.8614 2.6278
      vertex -23.1753 -23.7803 2.4874
    endloop
  endfacet
  facet normal -0.165864 -0.192282 -0.967221
    outer loop
      vertex -18.3966 -23.3365 1.57969
      vertex -19.8294 -23.4061 1.83923
      vertex -17.925 -23.1931 1.47031
    endloop
  endfacet
  facet normal -0.148271 0.192933 -0.969945
    outer loop
      vertex -17.925 -2.70083 1.69867
      vertex -11.95 -3.37587 0.651029
      vertex -17.925 -3.84888 1.47031
    endloop
  endfacet
  facet normal -0.14827 0.192934 -0.969944
    outer loop
      vertex -11.95 -3.37587 0.651029
      vertex -17.925 -2.70083 1.69867
      vertex -11.95 -2.22782 0.879391
    endloop
  endfacet
  facet normal -0.139926 0.823285 -0.550111
    outer loop
      vertex -17.915 -1.3107 2.97031
      vertex -17.925 -1.72756 2.34899
      vertex -17.925 -1.31111 2.97224
    endloop
  endfacet
  facet normal -0.140592 0.823212 -0.550052
    outer loop
      vertex -15.999 -1.15902 2.70759
      vertex -17.925 -1.72756 2.34899
      vertex -17.915 -1.3107 2.97031
    endloop
  endfacet
  facet normal -0.140591 0.823211 -0.550052
    outer loop
      vertex -11.95 -1.25455 1.52971
      vertex -15.999 -1.15902 2.70759
      vertex -12.775 -0.924628 2.23434
    endloop
  endfacet
  facet normal -0.140589 0.823213 -0.55005
    outer loop
      vertex -11.95 -1.25455 1.52971
      vertex -12.775 -0.924628 2.23434
      vertex -12.1469 -0.85407 2.1794
    endloop
  endfacet
  facet normal -0.140597 0.823211 -0.550052
    outer loop
      vertex -11.95 -1.25455 1.52971
      vertex -12.1469 -0.85407 2.1794
      vertex -11.95 -0.838482 2.1524
    endloop
  endfacet
  facet normal -0.140592 0.823211 -0.550053
    outer loop
      vertex -15.999 -1.15902 2.70759
      vertex -11.95 -1.25455 1.52971
      vertex -17.925 -1.72756 2.34899
    endloop
  endfacet
  facet normal -0.118198 -0.19373 -0.973909
    outer loop
      vertex -17.925 -23.3135 1.49426
      vertex -17.925 -23.1931 1.47031
      vertex -17.3808 -23.15 1.39569
    endloop
  endfacet
  facet normal -0.118207 -0.193727 -0.973908
    outer loop
      vertex -11.95 -22.8051 0.667937
      vertex -13.8805 -22.8729 0.915736
      vertex -11.95 -22.7201 0.651029
    endloop
  endfacet
  facet normal -0.135848 0 -0.99073
    outer loop
      vertex -17.3808 -23.15 1.39569
      vertex -17.925 -23.1931 1.47031
      vertex -17.3808 -22.15 1.39569
    endloop
  endfacet
  facet normal -0.135846 0 -0.99073
    outer loop
      vertex -11.95 -22.7201 0.651029
      vertex -13.1 -16.0817 0.808714
      vertex -11.95 -3.37587 0.651029
    endloop
  endfacet
  facet normal -0.135835 1.9958e-06 -0.990731
    outer loop
      vertex -11.95 -22.7201 0.651029
      vertex -13.1409 -16.3923 0.814321
      vertex -13.1 -16.0817 0.808714
    endloop
  endfacet
  facet normal -0.135827 3.49071e-06 -0.990733
    outer loop
      vertex -11.95 -22.7201 0.651029
      vertex -13.2608 -16.6817 0.830758
      vertex -13.1409 -16.3923 0.814321
    endloop
  endfacet
  facet normal -0.135848 -1.19973e-06 -0.99073
    outer loop
      vertex -11.95 -22.7201 0.651029
      vertex -13.4515 -16.9302 0.856907
      vertex -13.2608 -16.6817 0.830758
    endloop
  endfacet
  facet normal -0.13586 -4.26929e-06 -0.990728
    outer loop
      vertex -11.95 -22.7201 0.651029
      vertex -13.7 -17.1209 0.890985
      vertex -13.4515 -16.9302 0.856907
    endloop
  endfacet
  facet normal -0.135847 -0 -0.99073
    outer loop
      vertex -13.8805 -21.8729 0.915736
      vertex -11.95 -22.7201 0.651029
      vertex -13.8805 -22.8729 0.915736
    endloop
  endfacet
  facet normal -0.135847 -2.32847e-07 -0.99073
    outer loop
      vertex -11.95 -22.7201 0.651029
      vertex -13.8805 -21.8729 0.915736
      vertex -13.7 -17.1209 0.890985
    endloop
  endfacet
  facet normal -0.135854 1.65416e-08 -0.990729
    outer loop
      vertex -13.8805 -21.8729 0.915736
      vertex -13.9894 -17.2408 0.930669
      vertex -13.7 -17.1209 0.890985
    endloop
  endfacet
  facet normal -0.135838 3.9432e-07 -0.990731
    outer loop
      vertex -13.8805 -21.8729 0.915736
      vertex -14.3 -17.2817 0.973255
      vertex -13.9894 -17.2408 0.930669
    endloop
  endfacet
  facet normal -0.135835 6.98921e-07 -0.990732
    outer loop
      vertex -13.8805 -21.8729 0.915736
      vertex -14.6106 -17.2408 1.01584
      vertex -14.3 -17.2817 0.973255
    endloop
  endfacet
  facet normal -0.135846 -1.13644e-06 -0.99073
    outer loop
      vertex -16.2838 -21.9452 1.24527
      vertex -14.6106 -17.2408 1.01584
      vertex -13.8805 -21.8729 0.915736
    endloop
  endfacet
  facet normal -0.135871 7.77958e-06 -0.990727
    outer loop
      vertex -14.6106 -17.2408 1.01584
      vertex -16.2838 -21.9452 1.24527
      vertex -14.9 -17.1209 1.05553
    endloop
  endfacet
  facet normal -0.135846 6.32435e-07 -0.99073
    outer loop
      vertex -16.8 -21.9607 1.31605
      vertex -14.9 -17.1209 1.05553
      vertex -16.2838 -21.9452 1.24527
    endloop
  endfacet
  facet normal -0.135835 -3.93755e-06 -0.990731
    outer loop
      vertex -14.9 -17.1209 1.05553
      vertex -16.8 -21.9607 1.31605
      vertex -15.1485 -16.9302 1.0896
    endloop
  endfacet
  facet normal -0.135843 -6.69143e-07 -0.99073
    outer loop
      vertex -17.1015 -22.059 1.35739
      vertex -15.3392 -16.6817 1.11575
      vertex -16.8 -21.9607 1.31605
    endloop
  endfacet
  facet normal -0.135853 1.96017e-06 -0.990729
    outer loop
      vertex -15.1485 -16.9302 1.0896
      vertex -16.8 -21.9607 1.31605
      vertex -15.3392 -16.6817 1.11575
    endloop
  endfacet
  facet normal -0.135831 -1.43097e-06 -0.990732
    outer loop
      vertex -13.1409 -15.7711 0.814321
      vertex -11.95 -3.37587 0.651029
      vertex -13.1 -16.0817 0.808714
    endloop
  endfacet
  facet normal -0.135824 -2.10367e-06 -0.990733
    outer loop
      vertex -13.2608 -15.4817 0.830758
      vertex -11.95 -3.37587 0.651029
      vertex -13.1409 -15.7711 0.814321
    endloop
  endfacet
  facet normal -0.135849 6.7278e-07 -0.99073
    outer loop
      vertex -13.4515 -15.2332 0.856907
      vertex -11.95 -3.37587 0.651029
      vertex -13.2608 -15.4817 0.830758
    endloop
  endfacet
  facet normal -0.135862 2.27817e-06 -0.990728
    outer loop
      vertex -13.7 -15.0425 0.890985
      vertex -11.95 -3.37587 0.651029
      vertex -13.4515 -15.2332 0.856907
    endloop
  endfacet
  facet normal -0.135853 1.03146e-06 -0.990729
    outer loop
      vertex -13.9894 -14.9226 0.930669
      vertex -11.95 -3.37587 0.651029
      vertex -13.7 -15.0425 0.890985
    endloop
  endfacet
  facet normal -0.135838 -1.6996e-06 -0.990731
    outer loop
      vertex -14.3 -14.8817 0.973255
      vertex -11.95 -3.37587 0.651029
      vertex -13.9894 -14.9226 0.930669
    endloop
  endfacet
  facet normal -0.135835 4.06207e-06 -0.990731
    outer loop
      vertex -17.925 -3.84888 1.47031
      vertex -14.3 -14.8817 0.973255
      vertex -14.6106 -14.9226 1.01584
    endloop
  endfacet
  facet normal -0.135871 -6.85342e-06 -0.990727
    outer loop
      vertex -17.925 -3.84888 1.47031
      vertex -14.6106 -14.9226 1.01584
      vertex -14.9 -15.0425 1.05553
    endloop
  endfacet
  facet normal -0.135834 3.26853e-06 -0.990732
    outer loop
      vertex -17.925 -3.84888 1.47031
      vertex -14.9 -15.0425 1.05553
      vertex -15.1485 -15.2332 1.0896
    endloop
  endfacet
  facet normal -0.135853 -1.41219e-06 -0.990729
    outer loop
      vertex -17.925 -3.84888 1.47031
      vertex -15.1485 -15.2332 1.0896
      vertex -15.3392 -15.4817 1.11575
    endloop
  endfacet
  facet normal -0.135845 5.51046e-07 -0.99073
    outer loop
      vertex -17.925 -3.84888 1.47031
      vertex -15.3392 -15.4817 1.11575
      vertex -15.4591 -15.7711 1.13219
    endloop
  endfacet
  facet normal -0.135859 4.45917e-06 -0.990728
    outer loop
      vertex -17.3808 -22.15 1.39569
      vertex -15.3392 -16.6817 1.11575
      vertex -17.1015 -22.059 1.35739
    endloop
  endfacet
  facet normal -0.135845 -7.16925e-07 -0.99073
    outer loop
      vertex -15.3392 -16.6817 1.11575
      vertex -17.3808 -22.15 1.39569
      vertex -15.4591 -16.3923 1.13219
    endloop
  endfacet
  facet normal -0.13586 4.26943e-06 -0.990728
    outer loop
      vertex -15.4591 -16.3923 1.13219
      vertex -17.3808 -22.15 1.39569
      vertex -15.5 -16.0817 1.1378
    endloop
  endfacet
  facet normal -0.135813 -1.05772e-05 -0.990735
    outer loop
      vertex -15.5 -16.0817 1.1378
      vertex -17.3808 -22.15 1.39569
      vertex -15.4591 -15.7711 1.13219
    endloop
  endfacet
  facet normal -0.135847 1.42043e-08 -0.99073
    outer loop
      vertex -17.925 -3.84888 1.47031
      vertex -15.4591 -15.7711 1.13219
      vertex -17.3808 -22.15 1.39569
    endloop
  endfacet
  facet normal -0.135848 -0 -0.99073
    outer loop
      vertex -17.925 -3.84888 1.47031
      vertex -17.3808 -22.15 1.39569
      vertex -17.925 -23.1931 1.47031
    endloop
  endfacet
  facet normal -0.135847 1.4648e-07 -0.99073
    outer loop
      vertex -14.3 -14.8817 0.973255
      vertex -17.925 -3.84888 1.47031
      vertex -11.95 -3.37587 0.651029
    endloop
  endfacet
  facet normal -0.156055 0.548765 -0.821282
    outer loop
      vertex -17.925 -1.72756 2.34899
      vertex -11.95 -2.22782 0.879391
      vertex -17.925 -2.70083 1.69867
    endloop
  endfacet
  facet normal -0.156055 0.548764 -0.821282
    outer loop
      vertex -11.95 -2.22782 0.879391
      vertex -17.925 -1.72756 2.34899
      vertex -11.95 -1.25455 1.52971
    endloop
  endfacet
  facet normal -0.0890641 0.194316 -0.976887
    outer loop
      vertex -11.95 -2.22782 0.879391
      vertex -5.975 -3.09376 0.162396
      vertex -11.95 -3.37587 0.651029
    endloop
  endfacet
  facet normal -0.0890641 0.194316 -0.976887
    outer loop
      vertex -5.975 -3.09376 0.162396
      vertex -11.95 -2.22782 0.879391
      vertex -5.975 -1.94571 0.390758
    endloop
  endfacet
  facet normal -0.0843912 0.828501 -0.553593
    outer loop
      vertex -5.975 -0.972438 1.04108
      vertex -10.1355 -0.753178 2.00346
      vertex -6.3875 -0.590471 1.67561
    endloop
  endfacet
  facet normal -0.084401 0.8285 -0.553593
    outer loop
      vertex -5.975 -0.972438 1.04108
      vertex -5.98282 -0.557108 1.66385
      vertex -5.975 -0.556739 1.66321
    endloop
  endfacet
  facet normal -0.084293 0.828511 -0.553593
    outer loop
      vertex -11.94 -0.83838 2.15103
      vertex -11.95 -1.25455 1.52971
      vertex -11.95 -0.838482 2.1524
    endloop
  endfacet
  facet normal -0.0843907 0.828504 -0.553587
    outer loop
      vertex -10.1355 -0.753178 2.00346
      vertex -11.95 -1.25455 1.52971
      vertex -11.94 -0.83838 2.15103
    endloop
  endfacet
  facet normal -0.0843914 0.8285 -0.553593
    outer loop
      vertex -5.98282 -0.557108 1.66385
      vertex -5.975 -0.972438 1.04108
      vertex -6.3875 -0.590471 1.67561
    endloop
  endfacet
  facet normal -0.0843901 0.828503 -0.553589
    outer loop
      vertex -10.1355 -0.753178 2.00346
      vertex -5.975 -0.972438 1.04108
      vertex -11.95 -1.25455 1.52971
    endloop
  endfacet
  facet normal -0.070786 -0.194606 -0.978324
    outer loop
      vertex -11.95 -22.8051 0.667937
      vertex -11.95 -22.7201 0.651029
      vertex -11.587 -22.7029 0.621343
    endloop
  endfacet
  facet normal -0.0708157 -0.194622 -0.978319
    outer loop
      vertex -5.975 -22.4831 0.171368
      vertex -7.71141 -22.52 0.304399
      vertex -5.975 -22.438 0.162396
    endloop
  endfacet
  facet normal -0.0815075 0 -0.996673
    outer loop
      vertex -11.587 -22.7029 0.621343
      vertex -11.95 -22.7201 0.651029
      vertex -11.587 -21.7029 0.621343
    endloop
  endfacet
  facet normal -0.0815075 -0 -0.996673
    outer loop
      vertex -7.71141 -21.52 0.304399
      vertex -5.975 -22.438 0.162396
      vertex -7.71141 -22.52 0.304399
    endloop
  endfacet
  facet normal -0.0815075 0 -0.996673
    outer loop
      vertex -5.975 -22.438 0.162396
      vertex -7.71141 -21.52 0.304399
      vertex -5.975 -3.09376 0.162396
    endloop
  endfacet
  facet normal -0.0815074 2.22275e-08 -0.996673
    outer loop
      vertex -11.95 -3.37587 0.651029
      vertex -7.71141 -21.52 0.304399
      vertex -11.2 -21.5836 0.589694
    endloop
  endfacet
  facet normal -0.0815082 -1.46654e-08 -0.996673
    outer loop
      vertex -11.95 -3.37587 0.651029
      vertex -11.2 -21.5836 0.589694
      vertex -11.587 -21.7029 0.621343
    endloop
  endfacet
  facet normal -0.0815075 -0 -0.996673
    outer loop
      vertex -11.95 -3.37587 0.651029
      vertex -11.587 -21.7029 0.621343
      vertex -11.95 -22.7201 0.651029
    endloop
  endfacet
  facet normal -0.0815075 -6.3422e-09 -0.996673
    outer loop
      vertex -7.71141 -21.52 0.304399
      vertex -11.95 -3.37587 0.651029
      vertex -5.975 -3.09376 0.162396
    endloop
  endfacet
  facet normal -0.093813 0.553121 -0.827802
    outer loop
      vertex -11.95 -1.25455 1.52971
      vertex -5.975 -1.94571 0.390758
      vertex -11.95 -2.22782 0.879391
    endloop
  endfacet
  facet normal -0.0938127 0.553122 -0.827802
    outer loop
      vertex -5.975 -1.94571 0.390758
      vertex -11.95 -1.25455 1.52971
      vertex -5.975 -0.972438 1.04108
    endloop
  endfacet
  facet normal -0.0297052 0.195005 -0.980352
    outer loop
      vertex -5.975 -1.94571 0.390758
      vertex 0 -3 2.22831e-07
      vertex -5.975 -3.09376 0.162396
    endloop
  endfacet
  facet normal -0.0297053 0.195005 -0.980352
    outer loop
      vertex 0 -3 2.22831e-07
      vertex -5.975 -1.94571 0.390758
      vertex 0 -1.85195 0.228362
    endloop
  endfacet
  facet normal 0 0 -1
    outer loop
      vertex 0 -18.6122 2.22831e-07
      vertex 0.00999928 -3 2.22831e-07
      vertex 0.00999928 -18.6122 2.22831e-07
    endloop
  endfacet
  facet normal -0 0 -1
    outer loop
      vertex 0.00999928 -3 2.22831e-07
      vertex 0 -18.6122 2.22831e-07
      vertex 0 -3 2.22831e-07
    endloop
  endfacet
  facet normal -0.0234913 -0.195058 -0.98051
    outer loop
      vertex -5.975 -22.438 0.162396
      vertex -5.85184 -22.4505 0.161932
      vertex -5.975 -22.4831 0.171368
    endloop
  endfacet
  facet normal -0.0235057 -0.195201 -0.980482
    outer loop
      vertex -5.85184 -22.4505 0.161932
      vertex -5.975 -22.438 0.162396
      vertex -5.84461 -22.4359 0.158852
    endloop
  endfacet
  facet normal -0.02717 4.30692e-06 -0.999631
    outer loop
      vertex -5.975 -22.438 0.162396
      vertex -5.79349 -22.3326 0.157463
      vertex -5.84461 -22.4359 0.158852
    endloop
  endfacet
  facet normal -0.0271692 0 -0.999631
    outer loop
      vertex -2.09732 -18.6122 0.0570037
      vertex 0 -3 2.22831e-07
      vertex 0 -18.6122 2.22831e-07
    endloop
  endfacet
  facet normal -0.027169 5.40665e-08 -0.999631
    outer loop
      vertex -5.975 -3.09376 0.162396
      vertex -2.09732 -18.6122 0.0570037
      vertex -2.87378 -18.7144 0.0781071
    endloop
  endfacet
  facet normal -0.0271693 -2.53022e-09 -0.999631
    outer loop
      vertex -5.975 -3.09376 0.162396
      vertex -2.87378 -18.7144 0.0781071
      vertex -3.59732 -19.0141 0.0977724
    endloop
  endfacet
  facet normal -0.0271686 9.10374e-08 -0.999631
    outer loop
      vertex -5.975 -3.09376 0.162396
      vertex -3.59732 -19.0141 0.0977724
      vertex -4.21864 -19.4908 0.114659
    endloop
  endfacet
  facet normal -0.0271693 2.01119e-08 -0.999631
    outer loop
      vertex -5.975 -3.09376 0.162396
      vertex -4.21864 -19.4908 0.114659
      vertex -4.6954 -20.1122 0.127617
    endloop
  endfacet
  facet normal -0.0271722 1.60415e-06 -0.999631
    outer loop
      vertex -5.6 -21.3785 0.152204
      vertex -4.6954 -20.1122 0.127617
      vertex -5.32081 -21.3768 0.144615
    endloop
  endfacet
  facet normal -0.0271696 -2.43595e-07 -0.999631
    outer loop
      vertex -5.79349 -21.4351 0.157463
      vertex -4.6954 -20.1122 0.127617
      vertex -5.6 -21.3785 0.152204
    endloop
  endfacet
  facet normal -0.0271699 -2.30277e-08 -0.999631
    outer loop
      vertex -4.6954 -20.1122 0.127617
      vertex -5.79349 -21.4351 0.157463
      vertex -5.975 -3.09376 0.162396
    endloop
  endfacet
  facet normal -0.0271675 0 -0.999631
    outer loop
      vertex -5.79349 -22.3326 0.157463
      vertex -5.975 -22.438 0.162396
      vertex -5.79349 -21.4351 0.157463
    endloop
  endfacet
  facet normal -0.0271692 1.45282e-09 -0.999631
    outer loop
      vertex -2.09732 -18.6122 0.0570037
      vertex -5.975 -3.09376 0.162396
      vertex 0 -3 2.22831e-07
    endloop
  endfacet
  facet normal -0.0271675 -0 -0.999631
    outer loop
      vertex -5.975 -3.09376 0.162396
      vertex -5.79349 -21.4351 0.157463
      vertex -5.975 -22.438 0.162396
    endloop
  endfacet
  facet normal -0.0281366 0.83114 -0.55535
    outer loop
      vertex 0 -0.878679 0.87868
      vertex -5.465 -0.549101 1.64881
      vertex 0 -0.470208 1.49
    endloop
  endfacet
  facet normal -0.0276964 0.831148 -0.555362
    outer loop
      vertex -5.965 -0.556947 1.6624
      vertex -5.975 -0.972438 1.04108
      vertex -5.975 -0.556739 1.66321
    endloop
  endfacet
  facet normal -0.0281367 0.831141 -0.55535
    outer loop
      vertex -5.465 -0.549101 1.64881
      vertex -5.975 -0.972438 1.04108
      vertex -5.965 -0.556947 1.6624
    endloop
  endfacet
  facet normal -0.0281365 0.831141 -0.55535
    outer loop
      vertex -5.465 -0.549101 1.64881
      vertex 0 -0.878679 0.87868
      vertex -5.975 -0.972438 1.04108
    endloop
  endfacet
  facet normal -0.0313014 0.555299 -0.831061
    outer loop
      vertex -5.975 -0.972438 1.04108
      vertex 0 -1.85195 0.228362
      vertex -5.975 -1.94571 0.390758
    endloop
  endfacet
  facet normal -0.0313019 0.555297 -0.831063
    outer loop
      vertex 0 -1.85195 0.228362
      vertex -5.975 -0.972438 1.04108
      vertex 0 -0.878679 0.87868
    endloop
  endfacet
  facet normal 0 0.83147 -0.55557
    outer loop
      vertex 0.00999928 -0.878679 0.87868
      vertex 0 -0.470208 1.49
      vertex 0.00999928 -0.470208 1.49
    endloop
  endfacet
  facet normal 0 0.83147 -0.55557
    outer loop
      vertex 0 -0.470208 1.49
      vertex 0.00999928 -0.878679 0.87868
      vertex 0 -0.878679 0.87868
    endloop
  endfacet
  facet normal 0 0.55557 -0.83147
    outer loop
      vertex 0 -1.85195 0.228362
      vertex 0.00999928 -0.878679 0.87868
      vertex 0.00999928 -1.85195 0.228362
    endloop
  endfacet
  facet normal 0 0.55557 -0.83147
    outer loop
      vertex 0.00999928 -0.878679 0.87868
      vertex 0 -1.85195 0.228362
      vertex 0 -0.878679 0.87868
    endloop
  endfacet
  facet normal 0 0.195091 -0.980785
    outer loop
      vertex 0 -3 2.22831e-07
      vertex 0.00999928 -1.85195 0.228362
      vertex 0.00999928 -3 2.22831e-07
    endloop
  endfacet
  facet normal 0 0.195091 -0.980785
    outer loop
      vertex 0.00999928 -1.85195 0.228362
      vertex 0 -3 2.22831e-07
      vertex 0 -1.85195 0.228362
    endloop
  endfacet
  facet normal 0.0313014 0.555299 -0.831061
    outer loop
      vertex 0.00999928 -1.85195 0.228362
      vertex 5.985 -0.972438 1.04108
      vertex 5.985 -1.94571 0.390758
    endloop
  endfacet
  facet normal 0.0313019 0.555297 -0.831063
    outer loop
      vertex 5.985 -0.972438 1.04108
      vertex 0.00999928 -1.85195 0.228362
      vertex 0.00999928 -0.878679 0.87868
    endloop
  endfacet
  facet normal 0.0271702 5.76083e-06 -0.999631
    outer loop
      vertex 5.80349 -22.3528 0.157463
      vertex 5.985 -22.438 0.162396
      vertex 5.84453 -22.4358 0.158578
    endloop
  endfacet
  facet normal 0.0271675 0 -0.999631
    outer loop
      vertex 5.985 -22.438 0.162396
      vertex 5.80349 -22.3528 0.157463
      vertex 5.80349 -21.4351 0.157463
    endloop
  endfacet
  facet normal 0.0271675 0 -0.999631
    outer loop
      vertex 5.985 -22.438 0.162396
      vertex 5.80349 -21.4351 0.157463
      vertex 5.985 -3.09376 0.162396
    endloop
  endfacet
  facet normal 0.0271695 -4.47493e-07 -0.999631
    outer loop
      vertex 4.6954 -20.1122 0.127345
      vertex 5.80349 -21.4351 0.157463
      vertex 5.61 -21.3785 0.152204
    endloop
  endfacet
  facet normal 0.02717 -1.35389e-07 -0.999631
    outer loop
      vertex 4.6954 -20.1122 0.127345
      vertex 5.61 -21.3785 0.152204
      vertex 5.32078 -21.3767 0.144343
    endloop
  endfacet
  facet normal 0.02717 -2.48017e-08 -0.999631
    outer loop
      vertex 5.80349 -21.4351 0.157463
      vertex 4.6954 -20.1122 0.127345
      vertex 5.985 -3.09376 0.162396
    endloop
  endfacet
  facet normal 0.0271674 1.75768e-07 -0.999631
    outer loop
      vertex 4.21864 -19.4908 0.114388
      vertex 5.985 -3.09376 0.162396
      vertex 4.6954 -20.1122 0.127345
    endloop
  endfacet
  facet normal 0.0271698 -8.13224e-08 -0.999631
    outer loop
      vertex 3.59732 -19.0141 0.0975006
      vertex 5.985 -3.09376 0.162396
      vertex 4.21864 -19.4908 0.114388
    endloop
  endfacet
  facet normal 0.0271691 1.74016e-08 -0.999631
    outer loop
      vertex 2.87378 -18.7144 0.0778354
      vertex 5.985 -3.09376 0.162396
      vertex 3.59732 -19.0141 0.0975006
    endloop
  endfacet
  facet normal 0.0271691 2.34678e-08 -0.999631
    outer loop
      vertex 2.09732 -18.6122 0.0567319
      vertex 5.985 -3.09376 0.162396
      vertex 2.87378 -18.7144 0.0778354
    endloop
  endfacet
  facet normal 0.0271692 0 -0.999631
    outer loop
      vertex 0.00999928 -3 2.22831e-07
      vertex 2.09732 -18.6122 0.0567319
      vertex 0.00999928 -18.6122 2.22831e-07
    endloop
  endfacet
  facet normal 0.0271692 2.77695e-09 -0.999631
    outer loop
      vertex 2.09732 -18.6122 0.0567319
      vertex 0.00999928 -3 2.22831e-07
      vertex 5.985 -3.09376 0.162396
    endloop
  endfacet
  facet normal 0.0235527 -0.195058 -0.980509
    outer loop
      vertex 5.85033 -22.4475 0.161051
      vertex 5.985 -22.438 0.162396
      vertex 5.985 -22.4831 0.171368
    endloop
  endfacet
  facet normal 0.0235854 -0.195536 -0.980413
    outer loop
      vertex 5.985 -22.438 0.162396
      vertex 5.85033 -22.4475 0.161051
      vertex 5.84453 -22.4358 0.158578
    endloop
  endfacet
  facet normal 0.0297052 0.195005 -0.980352
    outer loop
      vertex 0.00999928 -3 2.22831e-07
      vertex 5.985 -1.94571 0.390758
      vertex 5.985 -3.09376 0.162396
    endloop
  endfacet
  facet normal 0.0297053 0.195005 -0.980352
    outer loop
      vertex 5.985 -1.94571 0.390758
      vertex 0.00999928 -3 2.22831e-07
      vertex 0.00999928 -1.85195 0.228362
    endloop
  endfacet
  facet normal 0.0281361 0.831141 -0.55535
    outer loop
      vertex 5.985 -0.972438 1.04108
      vertex 5.47499 -0.549101 1.64881
      vertex 5.975 -0.556947 1.6624
    endloop
  endfacet
  facet normal 0.0276964 0.831148 -0.555362
    outer loop
      vertex 5.985 -0.972438 1.04108
      vertex 5.975 -0.556947 1.6624
      vertex 5.985 -0.556739 1.66321
    endloop
  endfacet
  facet normal 0.0281365 0.831141 -0.55535
    outer loop
      vertex 0.00999928 -0.878679 0.87868
      vertex 5.47499 -0.549101 1.64881
      vertex 5.985 -0.972438 1.04108
    endloop
  endfacet
  facet normal 0.0281366 0.83114 -0.55535
    outer loop
      vertex 5.47499 -0.549101 1.64881
      vertex 0.00999928 -0.878679 0.87868
      vertex 0.00999928 -0.470208 1.49
    endloop
  endfacet
  facet normal 0.0815075 0 -0.996673
    outer loop
      vertex 7.72141 -22.52 0.304399
      vertex 5.985 -22.438 0.162396
      vertex 7.72141 -21.52 0.304399
    endloop
  endfacet
  facet normal 0.0815075 0 -0.996673
    outer loop
      vertex 11.597 -21.7029 0.621343
      vertex 11.96 -22.7201 0.651029
      vertex 11.597 -22.7029 0.621343
    endloop
  endfacet
  facet normal 0.0815075 0 -0.996673
    outer loop
      vertex 11.96 -22.7201 0.651029
      vertex 11.597 -21.7029 0.621343
      vertex 11.96 -3.37587 0.651029
    endloop
  endfacet
  facet normal 0.0815082 -1.46654e-08 -0.996673
    outer loop
      vertex 11.21 -21.5836 0.589694
      vertex 11.96 -3.37587 0.651029
      vertex 11.597 -21.7029 0.621343
    endloop
  endfacet
  facet normal 0.0815074 2.22275e-08 -0.996673
    outer loop
      vertex 7.72141 -21.52 0.304399
      vertex 11.96 -3.37587 0.651029
      vertex 11.21 -21.5836 0.589694
    endloop
  endfacet
  facet normal 0.0815075 0 -0.996673
    outer loop
      vertex 5.985 -3.09376 0.162396
      vertex 7.72141 -21.52 0.304399
      vertex 5.985 -22.438 0.162396
    endloop
  endfacet
  facet normal 0.0815075 -6.3422e-09 -0.996673
    outer loop
      vertex 7.72141 -21.52 0.304399
      vertex 5.985 -3.09376 0.162396
      vertex 11.96 -3.37587 0.651029
    endloop
  endfacet
  facet normal 0.0843907 0.828504 -0.553587
    outer loop
      vertex 11.96 -1.25455 1.52971
      vertex 10.1455 -0.753178 2.00346
      vertex 11.95 -0.83838 2.15103
    endloop
  endfacet
  facet normal 0.0843914 0.8285 -0.553593
    outer loop
      vertex 5.985 -0.972438 1.04108
      vertex 5.99282 -0.557108 1.66385
      vertex 6.3975 -0.590471 1.67561
    endloop
  endfacet
  facet normal 0.084293 0.828511 -0.553593
    outer loop
      vertex 11.96 -1.25455 1.52971
      vertex 11.95 -0.83838 2.15103
      vertex 11.96 -0.838482 2.1524
    endloop
  endfacet
  facet normal 0.0843901 0.828503 -0.553589
    outer loop
      vertex 5.985 -0.972438 1.04108
      vertex 10.1455 -0.753178 2.00346
      vertex 11.96 -1.25455 1.52971
    endloop
  endfacet
  facet normal 0.0843912 0.828501 -0.553593
    outer loop
      vertex 10.1455 -0.753178 2.00346
      vertex 5.985 -0.972438 1.04108
      vertex 6.3975 -0.590471 1.67561
    endloop
  endfacet
  facet normal 0.084401 0.8285 -0.553593
    outer loop
      vertex 5.99282 -0.557108 1.66385
      vertex 5.985 -0.972438 1.04108
      vertex 5.985 -0.556739 1.66321
    endloop
  endfacet
  facet normal 0.093813 0.553121 -0.827802
    outer loop
      vertex 5.985 -1.94571 0.390758
      vertex 11.96 -1.25455 1.52971
      vertex 11.96 -2.22782 0.879391
    endloop
  endfacet
  facet normal 0.0938127 0.553122 -0.827802
    outer loop
      vertex 11.96 -1.25455 1.52971
      vertex 5.985 -1.94571 0.390758
      vertex 5.985 -0.972438 1.04108
    endloop
  endfacet
  facet normal 0.070786 -0.194606 -0.978324
    outer loop
      vertex 11.96 -22.8051 0.667937
      vertex 11.597 -22.7029 0.621343
      vertex 11.96 -22.7201 0.651029
    endloop
  endfacet
  facet normal 0.0708157 -0.194622 -0.978319
    outer loop
      vertex 5.985 -22.4831 0.171368
      vertex 5.985 -22.438 0.162396
      vertex 7.72141 -22.52 0.304399
    endloop
  endfacet
  facet normal 0.0890641 0.194316 -0.976887
    outer loop
      vertex 5.985 -3.09376 0.162396
      vertex 11.96 -2.22782 0.879391
      vertex 11.96 -3.37587 0.651029
    endloop
  endfacet
  facet normal 0.0890641 0.194316 -0.976887
    outer loop
      vertex 11.96 -2.22782 0.879391
      vertex 5.985 -3.09376 0.162396
      vertex 5.985 -1.94571 0.390758
    endloop
  endfacet
  facet normal 0.148271 0.192933 -0.969945
    outer loop
      vertex 11.96 -3.37587 0.651029
      vertex 17.935 -2.70083 1.69867
      vertex 17.935 -3.84888 1.47031
    endloop
  endfacet
  facet normal 0.14827 0.192934 -0.969944
    outer loop
      vertex 17.935 -2.70083 1.69867
      vertex 11.96 -3.37587 0.651029
      vertex 11.96 -2.22782 0.879391
    endloop
  endfacet
  facet normal 0.135847 0 -0.99073
    outer loop
      vertex 11.96 -22.7201 0.651029
      vertex 13.8905 -21.8729 0.915736
      vertex 13.8905 -22.8729 0.915736
    endloop
  endfacet
  facet normal 0.135847 -1.95012e-07 -0.99073
    outer loop
      vertex 13.8905 -21.8729 0.915736
      vertex 11.96 -22.7201 0.651029
      vertex 13.7 -17.1209 0.889614
    endloop
  endfacet
  facet normal 0.13586 -4.22429e-06 -0.990728
    outer loop
      vertex 13.7 -17.1209 0.889614
      vertex 11.96 -22.7201 0.651029
      vertex 13.4515 -16.9302 0.855536
    endloop
  endfacet
  facet normal 0.135848 -1.17468e-06 -0.99073
    outer loop
      vertex 13.4515 -16.9302 0.855536
      vertex 11.96 -22.7201 0.651029
      vertex 13.2608 -16.6817 0.829387
    endloop
  endfacet
  facet normal 0.135827 3.48828e-06 -0.990733
    outer loop
      vertex 13.2608 -16.6817 0.829387
      vertex 11.96 -22.7201 0.651029
      vertex 13.1409 -16.3923 0.81295
    endloop
  endfacet
  facet normal 0.135835 1.99953e-06 -0.990731
    outer loop
      vertex 13.1409 -16.3923 0.81295
      vertex 11.96 -22.7201 0.651029
      vertex 13.1 -16.0817 0.807343
    endloop
  endfacet
  facet normal 0.135859 4.333e-06 -0.990728
    outer loop
      vertex 17.3908 -22.15 1.39569
      vertex 15.4591 -16.3923 1.13082
      vertex 15.5 -16.0817 1.13643
    endloop
  endfacet
  facet normal 0.135844 -2.62984e-07 -0.99073
    outer loop
      vertex 16.81 -21.9607 1.31605
      vertex 15.3392 -16.6817 1.11438
      vertex 15.4591 -16.3923 1.13082
    endloop
  endfacet
  facet normal 0.135852 2.13062e-06 -0.990729
    outer loop
      vertex 16.81 -21.9607 1.31605
      vertex 15.1485 -16.9302 1.08823
      vertex 15.3392 -16.6817 1.11438
    endloop
  endfacet
  facet normal 0.135866 6.73372e-06 -0.990727
    outer loop
      vertex 16.81 -21.9607 1.31605
      vertex 14.9 -17.1209 1.05415
      vertex 15.1485 -16.9302 1.08823
    endloop
  endfacet
  facet normal 0.135841 -2.62628e-06 -0.990731
    outer loop
      vertex 16.2938 -21.9452 1.24527
      vertex 14.6106 -17.2408 1.01447
      vertex 14.9 -17.1209 1.05415
    endloop
  endfacet
  facet normal 0.135846 -8.86807e-07 -0.99073
    outer loop
      vertex 13.8905 -21.8729 0.915736
      vertex 14.6106 -17.2408 1.01447
      vertex 16.2938 -21.9452 1.24527
    endloop
  endfacet
  facet normal 0.135838 4.23069e-07 -0.990731
    outer loop
      vertex 14.6106 -17.2408 1.01447
      vertex 13.8905 -21.8729 0.915736
      vertex 14.3 -17.2817 0.971884
    endloop
  endfacet
  facet normal 0.135838 4.13247e-07 -0.990731
    outer loop
      vertex 14.3 -17.2817 0.971884
      vertex 13.8905 -21.8729 0.915736
      vertex 13.9894 -17.2408 0.929298
    endloop
  endfacet
  facet normal 0.135854 6.97414e-08 -0.990729
    outer loop
      vertex 13.9894 -17.2408 0.929298
      vertex 13.8905 -21.8729 0.915736
      vertex 13.7 -17.1209 0.889614
    endloop
  endfacet
  facet normal 0.135848 0 -0.99073
    outer loop
      vertex 17.3908 -22.15 1.39569
      vertex 17.935 -23.1931 1.47031
      vertex 17.3908 -23.15 1.39569
    endloop
  endfacet
  facet normal 0.135848 0 -0.99073
    outer loop
      vertex 17.935 -23.1931 1.47031
      vertex 17.3908 -22.15 1.39569
      vertex 17.935 -3.84888 1.47031
    endloop
  endfacet
  facet normal 0.135858 4.09408e-06 -0.990728
    outer loop
      vertex 15.4591 -16.3923 1.13082
      vertex 17.3908 -22.15 1.39569
      vertex 17.1115 -22.059 1.35739
    endloop
  endfacet
  facet normal 0.135843 -4.09472e-07 -0.99073
    outer loop
      vertex 15.4591 -16.3923 1.13082
      vertex 17.1115 -22.059 1.35739
      vertex 16.81 -21.9607 1.31605
    endloop
  endfacet
  facet normal 0.135846 -1.19592e-06 -0.99073
    outer loop
      vertex 14.9 -17.1209 1.05415
      vertex 16.81 -21.9607 1.31605
      vertex 16.2938 -21.9452 1.24527
    endloop
  endfacet
  facet normal 0.135846 5.76046e-08 -0.99073
    outer loop
      vertex 17.3908 -22.15 1.39569
      vertex 15.5 -16.0817 1.13643
      vertex 17.935 -3.84888 1.47031
    endloop
  endfacet
  facet normal 0.135864 -3.67236e-06 -0.990727
    outer loop
      vertex 15.4591 -15.7711 1.13082
      vertex 17.935 -3.84888 1.47031
      vertex 15.5 -16.0817 1.13643
    endloop
  endfacet
  facet normal 0.135844 4.87055e-07 -0.99073
    outer loop
      vertex 15.3392 -15.4817 1.11438
      vertex 17.935 -3.84888 1.47031
      vertex 15.4591 -15.7711 1.13082
    endloop
  endfacet
  facet normal 0.135853 -1.49434e-06 -0.990729
    outer loop
      vertex 15.1485 -15.2332 1.08823
      vertex 17.935 -3.84888 1.47031
      vertex 15.3392 -15.4817 1.11438
    endloop
  endfacet
  facet normal 0.135867 -5.02382e-06 -0.990727
    outer loop
      vertex 14.9 -15.0425 1.05415
      vertex 17.935 -3.84888 1.47031
      vertex 15.1485 -15.2332 1.08823
    endloop
  endfacet
  facet normal 0.135841 2.17319e-06 -0.990731
    outer loop
      vertex 14.6106 -14.9226 1.01447
      vertex 17.935 -3.84888 1.47031
      vertex 14.9 -15.0425 1.05415
    endloop
  endfacet
  facet normal 0.135838 3.04956e-06 -0.990731
    outer loop
      vertex 14.3 -14.8817 0.971884
      vertex 17.935 -3.84888 1.47031
      vertex 14.6106 -14.9226 1.01447
    endloop
  endfacet
  facet normal 0.135838 -1.70719e-06 -0.990731
    outer loop
      vertex 11.96 -3.37587 0.651029
      vertex 14.3 -14.8817 0.971884
      vertex 13.9894 -14.9226 0.929298
    endloop
  endfacet
  facet normal 0.135853 1.01175e-06 -0.990729
    outer loop
      vertex 11.96 -3.37587 0.651029
      vertex 13.9894 -14.9226 0.929298
      vertex 13.7 -15.0425 0.889614
    endloop
  endfacet
  facet normal 0.135862 2.253e-06 -0.990728
    outer loop
      vertex 11.96 -3.37587 0.651029
      vertex 13.7 -15.0425 0.889614
      vertex 13.4515 -15.2332 0.855536
    endloop
  endfacet
  facet normal 0.135849 6.58245e-07 -0.99073
    outer loop
      vertex 11.96 -3.37587 0.651029
      vertex 13.4515 -15.2332 0.855536
      vertex 13.2608 -15.4817 0.829387
    endloop
  endfacet
  facet normal 0.135824 -2.10001e-06 -0.990733
    outer loop
      vertex 11.96 -3.37587 0.651029
      vertex 13.2608 -15.4817 0.829387
      vertex 13.1409 -15.7711 0.81295
    endloop
  endfacet
  facet normal 0.135846 0 -0.99073
    outer loop
      vertex 11.96 -3.37587 0.651029
      vertex 13.1 -16.0817 0.807343
      vertex 11.96 -22.7201 0.651029
    endloop
  endfacet
  facet normal 0.135847 1.30578e-07 -0.99073
    outer loop
      vertex 14.3 -14.8817 0.971884
      vertex 11.96 -3.37587 0.651029
      vertex 17.935 -3.84888 1.47031
    endloop
  endfacet
  facet normal 0.135831 -1.43164e-06 -0.990732
    outer loop
      vertex 13.1 -16.0817 0.807343
      vertex 11.96 -3.37587 0.651029
      vertex 13.1409 -15.7711 0.81295
    endloop
  endfacet
  facet normal 0.139926 0.823285 -0.550111
    outer loop
      vertex 17.935 -1.72756 2.34899
      vertex 17.925 -1.3107 2.97031
      vertex 17.935 -1.31111 2.97224
    endloop
  endfacet
  facet normal 0.140592 0.823212 -0.550052
    outer loop
      vertex 17.935 -1.72756 2.34899
      vertex 16.009 -1.15902 2.70759
      vertex 17.925 -1.3107 2.97031
    endloop
  endfacet
  facet normal 0.140592 0.823211 -0.550053
    outer loop
      vertex 11.96 -1.25455 1.52971
      vertex 16.009 -1.15902 2.70759
      vertex 17.935 -1.72756 2.34899
    endloop
  endfacet
  facet normal 0.140591 0.823211 -0.550052
    outer loop
      vertex 16.009 -1.15902 2.70759
      vertex 11.96 -1.25455 1.52971
      vertex 12.785 -0.924628 2.23434
    endloop
  endfacet
  facet normal 0.140589 0.823213 -0.55005
    outer loop
      vertex 12.785 -0.924628 2.23434
      vertex 11.96 -1.25455 1.52971
      vertex 12.1569 -0.85407 2.1794
    endloop
  endfacet
  facet normal 0.140597 0.823211 -0.550052
    outer loop
      vertex 12.1569 -0.85407 2.1794
      vertex 11.96 -1.25455 1.52971
      vertex 11.96 -0.838482 2.1524
    endloop
  endfacet
  facet normal 0.118198 -0.19373 -0.973909
    outer loop
      vertex 17.935 -23.3135 1.49426
      vertex 17.3908 -23.15 1.39569
      vertex 17.935 -23.1931 1.47031
    endloop
  endfacet
  facet normal 0.118207 -0.193727 -0.973908
    outer loop
      vertex 11.96 -22.8051 0.667937
      vertex 11.96 -22.7201 0.651029
      vertex 13.8905 -22.8729 0.915736
    endloop
  endfacet
  facet normal 0.156055 0.548765 -0.821282
    outer loop
      vertex 11.96 -2.22782 0.879391
      vertex 17.935 -1.72756 2.34899
      vertex 17.935 -2.70083 1.69867
    endloop
  endfacet
  facet normal 0.156055 0.548764 -0.821282
    outer loop
      vertex 17.935 -1.72756 2.34899
      vertex 11.96 -2.22782 0.879391
      vertex 11.96 -1.25455 1.52971
    endloop
  endfacet
  facet normal 0.196703 0.815227 -0.544713
    outer loop
      vertex 17.935 -1.72756 2.34899
      vertex 20.2382 -1.58553 3.39327
      vertex 23.91 -2.39584 3.50648
    endloop
  endfacet
  facet normal 0.196708 0.815219 -0.544723
    outer loop
      vertex 20.2382 -1.58553 3.39327
      vertex 17.935 -1.72756 2.34899
      vertex 19.1725 -1.47626 3.17196
    endloop
  endfacet
  facet normal 0.196687 0.815241 -0.544699
    outer loop
      vertex 19.1725 -1.47626 3.17196
      vertex 17.935 -1.72756 2.34899
      vertex 18.3198 -1.35416 3.0468
    endloop
  endfacet
  facet normal 0.196749 0.815213 -0.544718
    outer loop
      vertex 18.3198 -1.35416 3.0468
      vertex 17.935 -1.72756 2.34899
      vertex 17.935 -1.31111 2.97224
    endloop
  endfacet
  facet normal 0.190184 0 -0.981748
    outer loop
      vertex 19.8394 -23.4061 1.83923
      vertex 17.935 -23.1931 1.47031
      vertex 19.8394 -22.4061 1.83923
    endloop
  endfacet
  facet normal 0.190199 0 -0.981746
    outer loop
      vertex 23.1853 -22.7803 2.4874
      vertex 23.91 -23.8614 2.6278
      vertex 23.1853 -23.7803 2.4874
    endloop
  endfacet
  facet normal 0.190199 0 -0.981746
    outer loop
      vertex 23.91 -23.8614 2.6278
      vertex 23.1853 -22.7803 2.4874
      vertex 23.91 -4.51716 2.6278
    endloop
  endfacet
  facet normal 0.190183 6.44784e-07 -0.981749
    outer loop
      vertex 22.41 -22.5124 2.33721
      vertex 23.91 -4.51716 2.6278
      vertex 23.1853 -22.7803 2.4874
    endloop
  endfacet
  facet normal 0.190186 4.36835e-07 -0.981748
    outer loop
      vertex 19.8394 -22.4061 1.83923
      vertex 23.91 -4.51716 2.6278
      vertex 22.41 -22.5124 2.33721
    endloop
  endfacet
  facet normal 0.190184 0 -0.981748
    outer loop
      vertex 17.935 -3.84888 1.47031
      vertex 19.8394 -22.4061 1.83923
      vertex 17.935 -23.1931 1.47031
    endloop
  endfacet
  facet normal 0.190186 2.41445e-07 -0.981748
    outer loop
      vertex 19.8394 -22.4061 1.83923
      vertex 17.935 -3.84888 1.47031
      vertex 23.91 -4.51716 2.6278
    endloop
  endfacet
  facet normal 0.217851 0.542228 -0.811499
    outer loop
      vertex 23.91 -3.36911 2.85616
      vertex 17.935 -1.72756 2.34899
      vertex 23.91 -2.39584 3.50648
    endloop
  endfacet
  facet normal 0.196778 0.815211 -0.544711
    outer loop
      vertex 23.91 -2.39584 3.50648
      vertex 23.9 -1.97827 4.1278
      vertex 23.91 -1.979 4.13032
    endloop
  endfacet
  facet normal 0.196705 0.815222 -0.54472
    outer loop
      vertex 23.91 -2.39584 3.50648
      vertex 22.0425 -1.77052 3.76795
      vertex 23.9 -1.97827 4.1278
    endloop
  endfacet
  facet normal 0.196701 0.815215 -0.544733
    outer loop
      vertex 22.0425 -1.77052 3.76795
      vertex 23.91 -2.39584 3.50648
      vertex 20.2382 -1.58553 3.39327
    endloop
  endfacet
  facet normal 0.207222 0.190855 -0.959496
    outer loop
      vertex 23.91 -4.51716 2.6278
      vertex 17.935 -3.84888 1.47031
      vertex 23.91 -3.36911 2.85616
    endloop
  endfacet
  facet normal 0.165825 -0.192397 -0.967205
    outer loop
      vertex 17.935 -23.3135 1.49426
      vertex 17.935 -23.1931 1.47031
      vertex 18.4066 -23.3365 1.57969
    endloop
  endfacet
  facet normal 0.165864 -0.192282 -0.967221
    outer loop
      vertex 18.4066 -23.3365 1.57969
      vertex 17.935 -23.1931 1.47031
      vertex 19.8394 -23.4061 1.83923
    endloop
  endfacet
  facet normal 0.165856 -0.19236 -0.967207
    outer loop
      vertex 23.91 -24.0134 2.65803
      vertex 23.1853 -23.7803 2.4874
      vertex 23.91 -23.8614 2.6278
    endloop
  endfacet
  facet normal 0.217851 0.542228 -0.811499
    outer loop
      vertex 17.935 -2.70083 1.69867
      vertex 17.935 -1.72756 2.34899
      vertex 23.91 -3.36911 2.85616
    endloop
  endfacet
  facet normal 0.207222 0.190855 -0.959496
    outer loop
      vertex 17.935 -3.84888 1.47031
      vertex 17.935 -2.70083 1.69867
      vertex 23.91 -3.36911 2.85616
    endloop
  endfacet
  facet normal 0.244522 0 -0.969644
    outer loop
      vertex 25.715 -24.1242 3.08298
      vertex 23.91 -23.8614 2.6278
      vertex 25.715 -23.1242 3.08298
    endloop
  endfacet
  facet normal 0.244523 0 -0.969643
    outer loop
      vertex 28.9808 -23.5997 3.90657
      vertex 29.885 -24.7313 4.13459
      vertex 28.9808 -24.5997 3.90657
    endloop
  endfacet
  facet normal 0.244523 0 -0.969643
    outer loop
      vertex 29.885 -24.7313 4.13459
      vertex 28.9808 -23.5997 3.90657
      vertex 29.885 -5.38711 4.13459
    endloop
  endfacet
  facet normal 0.244528 -2.38487e-07 -0.969642
    outer loop
      vertex 28.01 -23.2429 3.66175
      vertex 29.885 -5.38711 4.13459
      vertex 28.9808 -23.5997 3.90657
    endloop
  endfacet
  facet normal 0.244531 -6.10709e-07 -0.969641
    outer loop
      vertex 25.715 -23.1242 3.08298
      vertex 29.885 -5.38711 4.13459
      vertex 28.01 -23.2429 3.66175
    endloop
  endfacet
  facet normal 0.244522 0 -0.969644
    outer loop
      vertex 23.91 -4.51716 2.6278
      vertex 25.715 -23.1242 3.08298
      vertex 23.91 -23.8614 2.6278
    endloop
  endfacet
  facet normal 0.244527 4.90541e-07 -0.969643
    outer loop
      vertex 25.715 -23.1242 3.08298
      vertex 23.91 -4.51716 2.6278
      vertex 29.885 -5.38711 4.13459
    endloop
  endfacet
  facet normal 0.265821 0.18807 -0.945499
    outer loop
      vertex 23.91 -4.51716 2.6278
      vertex 23.91 -3.36911 2.85616
      vertex 29.885 -5.38711 4.13459
    endloop
  endfacet
  facet normal 0.25268 0.804485 -0.537548
    outer loop
      vertex 29.885 -3.26579 5.01327
      vertex 28.1321 -2.59374 5.19508
      vertex 29.875 -2.84749 5.63459
    endloop
  endfacet
  facet normal 0.253222 0.804371 -0.537462
    outer loop
      vertex 29.885 -3.26579 5.01327
      vertex 29.875 -2.84749 5.63459
      vertex 29.885 -2.84854 5.63773
    endloop
  endfacet
  facet normal 0.252723 0.80456 -0.537414
    outer loop
      vertex 28.1321 -2.59374 5.19508
      vertex 29.885 -3.26579 5.01327
      vertex 27.6891 -2.53475 5.07507
    endloop
  endfacet
  facet normal 0.252692 0.804479 -0.537551
    outer loop
      vertex 27.6891 -2.53475 5.07507
      vertex 29.885 -3.26579 5.01327
      vertex 23.91 -2.39584 3.50648
    endloop
  endfacet
  facet normal 0.213852 -0.190555 -0.9581
    outer loop
      vertex 29.885 -24.9113 4.17039
      vertex 29.4249 -24.7527 4.03615
      vertex 29.885 -24.7313 4.13459
    endloop
  endfacet
  facet normal 0.213868 -0.190548 -0.958098
    outer loop
      vertex 23.91 -24.0134 2.65803
      vertex 23.91 -23.8614 2.6278
      vertex 25.715 -24.1242 3.08298
    endloop
  endfacet
  facet normal 0.213852 -0.190688 -0.958074
    outer loop
      vertex 29.4249 -24.7527 4.03615
      vertex 28.9808 -24.5997 3.90657
      vertex 29.885 -24.7313 4.13459
    endloop
  endfacet
  facet normal 0.279033 0.533499 -0.798448
    outer loop
      vertex 23.91 -3.36911 2.85616
      vertex 29.885 -3.26579 5.01327
      vertex 29.885 -4.23906 4.36296
    endloop
  endfacet
  facet normal 0.279031 0.533505 -0.798445
    outer loop
      vertex 29.885 -3.26579 5.01327
      vertex 23.91 -3.36911 2.85616
      vertex 23.91 -2.39584 3.50648
    endloop
  endfacet
  facet normal 0.252683 0.804493 -0.537533
    outer loop
      vertex 23.91 -2.39584 3.50648
      vertex 24.4818 -2.06226 4.27452
      vertex 25.56 -2.25131 4.49842
    endloop
  endfacet
  facet normal 0.252701 0.804482 -0.537542
    outer loop
      vertex 24.4818 -2.06226 4.27452
      vertex 23.91 -2.39584 3.50648
      vertex 23.91 -1.979 4.13032
    endloop
  endfacet
  facet normal 0.252687 0.804488 -0.537539
    outer loop
      vertex 23.91 -2.39584 3.50648
      vertex 25.56 -2.25131 4.49842
      vertex 27.6891 -2.53475 5.07507
    endloop
  endfacet
  facet normal 0.265823 0.188078 -0.945497
    outer loop
      vertex 29.885 -5.38711 4.13459
      vertex 23.91 -3.36911 2.85616
      vertex 29.885 -4.23906 4.36296
    endloop
  endfacet
  facet normal 0.308519 0.790909 -0.528468
    outer loop
      vertex 29.885 -3.26579 5.01327
      vertex 32.3118 -3.31841 6.35128
      vertex 35.86 -4.34617 6.88456
    endloop
  endfacet
  facet normal 0.308527 0.790896 -0.528484
    outer loop
      vertex 32.3118 -3.31841 6.35128
      vertex 29.885 -3.26579 5.01327
      vertex 31.9475 -3.25838 6.22844
    endloop
  endfacet
  facet normal 0.308518 0.790909 -0.528469
    outer loop
      vertex 31.9475 -3.25838 6.22844
      vertex 29.885 -3.26579 5.01327
      vertex 30.6431 -2.98562 5.87515
    endloop
  endfacet
  facet normal 0.308517 0.79091 -0.528468
    outer loop
      vertex 30.6431 -2.98562 5.87515
      vertex 29.885 -3.26579 5.01327
      vertex 29.885 -2.84854 5.63773
    endloop
  endfacet
  facet normal 0.29887 0 -0.954294
    outer loop
      vertex 31.5574 -25.0337 4.65836
      vertex 29.885 -24.7313 4.13459
      vertex 31.5574 -24.0337 4.65836
    endloop
  endfacet
  facet normal 0.298882 0 -0.95429
    outer loop
      vertex 34.778 -24.6161 5.667
      vertex 35.86 -25.8117 6.00588
      vertex 34.778 -25.6161 5.667
    endloop
  endfacet
  facet normal 0.298882 0 -0.95429
    outer loop
      vertex 35.86 -25.8117 6.00588
      vertex 34.778 -24.6161 5.667
      vertex 35.86 -6.46749 6.00588
    endloop
  endfacet
  facet normal 0.298863 1.19042e-06 -0.954296
    outer loop
      vertex 33.61 -24.1586 5.30121
      vertex 35.86 -6.46749 6.00588
      vertex 34.778 -24.6161 5.667
    endloop
  endfacet
  facet normal 0.298873 -1.78843e-07 -0.954293
    outer loop
      vertex 31.5574 -24.0337 4.65836
      vertex 35.86 -6.46749 6.00588
      vertex 33.61 -24.1586 5.30121
    endloop
  endfacet
  facet normal 0.29887 0 -0.954294
    outer loop
      vertex 29.885 -5.38711 4.13459
      vertex 31.5574 -24.0337 4.65836
      vertex 29.885 -24.7313 4.13459
    endloop
  endfacet
  facet normal 0.298872 1.71049e-07 -0.954293
    outer loop
      vertex 31.5574 -24.0337 4.65836
      vertex 29.885 -5.38711 4.13459
      vertex 35.86 -6.46749 6.00588
    endloop
  endfacet
  facet normal 0.308391 0.790945 -0.52849
    outer loop
      vertex 35.86 -4.34617 6.88456
      vertex 35.85 -3.92712 7.50588
      vertex 35.86 -3.9285 7.50965
    endloop
  endfacet
  facet normal 0.308515 0.790912 -0.528466
    outer loop
      vertex 35.86 -4.34617 6.88456
      vertex 34.2472 -3.63731 7.00391
      vertex 35.85 -3.92712 7.50588
    endloop
  endfacet
  facet normal 0.308519 0.790919 -0.528453
    outer loop
      vertex 34.2472 -3.63731 7.00391
      vertex 35.86 -4.34617 6.88456
      vertex 32.3118 -3.31841 6.35128
    endloop
  endfacet
  facet normal 0.339437 0.522581 -0.782107
    outer loop
      vertex 29.885 -4.23906 4.36296
      vertex 29.885 -3.26579 5.01327
      vertex 35.86 -4.34617 6.88456
    endloop
  endfacet
  facet normal 0.262393 -0.188222 -0.946426
    outer loop
      vertex 35.86 -26.0164 6.04659
      vertex 34.778 -25.6161 5.667
      vertex 35.86 -25.8117 6.00588
    endloop
  endfacet
  facet normal 0.262371 -0.188234 -0.94643
    outer loop
      vertex 29.885 -24.9113 4.17039
      vertex 29.885 -24.7313 4.13459
      vertex 31.5574 -25.0337 4.65836
    endloop
  endfacet
  facet normal 0.339436 0.522587 -0.782104
    outer loop
      vertex 35.86 -5.31944 6.23424
      vertex 29.885 -4.23906 4.36296
      vertex 35.86 -4.34617 6.88456
    endloop
  endfacet
  facet normal 0.323975 0.184567 -0.927888
    outer loop
      vertex 29.885 -5.38711 4.13459
      vertex 35.86 -5.31944 6.23424
      vertex 35.86 -6.46749 6.00588
    endloop
  endfacet
  facet normal 0.323974 0.184575 -0.927886
    outer loop
      vertex 35.86 -5.31944 6.23424
      vertex 29.885 -5.38711 4.13459
      vertex 29.885 -4.23906 4.36296
    endloop
  endfacet
  facet normal 0.364156 0.775022 -0.516461
    outer loop
      vertex 41.835 -5.64861 9.14044
      vertex 38.335 -4.50928 8.38232
      vertex 38.3702 -4.51625 8.39668
    endloop
  endfacet
  facet normal 0.364155 0.77438 -0.517423
    outer loop
      vertex 35.86 -4.34617 6.88456
      vertex 38.335 -4.50928 8.38232
      vertex 41.835 -5.64861 9.14044
    endloop
  endfacet
  facet normal 0.364143 0.774401 -0.5174
    outer loop
      vertex 38.335 -4.50928 8.38232
      vertex 35.86 -4.34617 6.88456
      vertex 36.8039 -4.13426 7.86604
    endloop
  endfacet
  facet normal 0.364169 0.774376 -0.517419
    outer loop
      vertex 36.8039 -4.13426 7.86604
      vertex 35.86 -4.34617 6.88456
      vertex 35.86 -3.9285 7.50965
    endloop
  endfacet
  facet normal 0.353224 0 -0.935539
    outer loop
      vertex 37.382 -26.1435 6.58053
      vertex 35.86 -25.8117 6.00588
      vertex 37.382 -25.1435 6.58053
    endloop
  endfacet
  facet normal 0.353225 0 -0.935538
    outer loop
      vertex 40.5777 -25.8401 7.78705
      vertex 41.835 -27.1141 8.26176
      vertex 40.5777 -26.8401 7.78705
    endloop
  endfacet
  facet normal 0.353225 0 -0.935538
    outer loop
      vertex 41.835 -27.1141 8.26176
      vertex 40.5777 -25.8401 7.78705
      vertex 41.835 -7.76993 8.26176
    endloop
  endfacet
  facet normal 0.353216 6.88909e-07 -0.935542
    outer loop
      vertex 39.8489 -25.5352 7.51189
      vertex 41.835 -7.76993 8.26176
      vertex 40.5777 -25.8401 7.78705
    endloop
  endfacet
  facet normal 0.353206 1.94982e-06 -0.935545
    outer loop
      vertex 39.21 -25.2679 7.27068
      vertex 41.835 -7.76993 8.26176
      vertex 39.8489 -25.5352 7.51189
    endloop
  endfacet
  facet normal 0.35323 -2.05266e-06 -0.935537
    outer loop
      vertex 38.486 -25.2186 6.99732
      vertex 41.835 -7.76993 8.26176
      vertex 39.21 -25.2679 7.27068
    endloop
  endfacet
  facet normal 0.353196 5.37172e-06 -0.935549
    outer loop
      vertex 37.382 -25.1435 6.58053
      vertex 41.835 -7.76993 8.26176
      vertex 38.486 -25.2186 6.99732
    endloop
  endfacet
  facet normal 0.353224 0 -0.935539
    outer loop
      vertex 35.86 -6.46749 6.00588
      vertex 37.382 -25.1435 6.58053
      vertex 35.86 -25.8117 6.00588
    endloop
  endfacet
  facet normal 0.353217 -7.20305e-07 -0.935542
    outer loop
      vertex 37.382 -25.1435 6.58053
      vertex 35.86 -6.46749 6.00588
      vertex 41.835 -7.76993 8.26176
    endloop
  endfacet
  facet normal 0.398915 0.509452 -0.762447
    outer loop
      vertex 41.835 -6.62188 8.49012
      vertex 35.86 -4.34617 6.88456
      vertex 41.835 -5.64861 9.14044
    endloop
  endfacet
  facet normal 0.363991 0.774429 -0.517466
    outer loop
      vertex 41.835 -5.64861 9.14044
      vertex 41.825 -5.22875 9.76176
      vertex 41.835 -5.23047 9.76622
    endloop
  endfacet
  facet normal 0.364152 0.774378 -0.517429
    outer loop
      vertex 41.835 -5.64861 9.14044
      vertex 40.3759 -4.91288 9.21465
      vertex 41.825 -5.22875 9.76176
    endloop
  endfacet
  facet normal 0.364153 0.774379 -0.517427
    outer loop
      vertex 40.3759 -4.91288 9.21465
      vertex 41.835 -5.64861 9.14044
      vertex 38.3702 -4.51625 8.39668
    endloop
  endfacet
  facet normal 0.381587 0.180327 -0.906572
    outer loop
      vertex 41.835 -7.76993 8.26176
      vertex 35.86 -6.46749 6.00588
      vertex 41.835 -6.62188 8.49012
    endloop
  endfacet
  facet normal 0.311487 -0.185352 -0.931998
    outer loop
      vertex 35.86 -26.0164 6.04659
      vertex 35.86 -25.8117 6.00588
      vertex 36.4866 -26.0687 6.26641
    endloop
  endfacet
  facet normal 0.311471 -0.185389 -0.931996
    outer loop
      vertex 36.4866 -26.0687 6.26641
      vertex 35.86 -25.8117 6.00588
      vertex 37.382 -26.1435 6.58053
    endloop
  endfacet
  facet normal 0.31149 -0.185368 -0.931994
    outer loop
      vertex 41.835 -27.3401 8.30671
      vertex 40.5777 -26.8401 7.78705
      vertex 41.835 -27.1141 8.26176
    endloop
  endfacet
  facet normal 0.398915 0.509452 -0.762447
    outer loop
      vertex 35.86 -5.31944 6.23424
      vertex 35.86 -4.34617 6.88456
      vertex 41.835 -6.62188 8.49012
    endloop
  endfacet
  facet normal 0.381587 0.180327 -0.906572
    outer loop
      vertex 35.86 -6.46749 6.00588
      vertex 35.86 -5.31944 6.23424
      vertex 41.835 -6.62188 8.49012
    endloop
  endfacet
  facet normal 0.420921 0.754229 -0.503948
    outer loop
      vertex 47.81 -7.18826 11.8072
      vertex 47.8 -6.76755 12.4285
      vertex 47.81 -6.76979 12.4335
    endloop
  endfacet
  facet normal 0.419573 0.754737 -0.504313
    outer loop
      vertex 47.81 -7.18826 11.8072
      vertex 46.5128 -6.43585 11.854
      vertex 47.8 -6.76755 12.4285
    endloop
  endfacet
  facet normal 0.419553 0.754707 -0.504372
    outer loop
      vertex 47.81 -7.18826 11.8072
      vertex 45.4241 -6.18282 11.327
      vertex 46.5128 -6.43585 11.854
    endloop
  endfacet
  facet normal 0.41956 0.754766 -0.50428
    outer loop
      vertex 45.4241 -6.18282 11.327
      vertex 47.81 -7.18826 11.8072
      vertex 41.835 -5.64861 9.14044
    endloop
  endfacet
  facet normal 0.40756 0 -0.913179
    outer loop
      vertex 43.1963 -27.4649 8.86932
      vertex 41.835 -27.1141 8.26176
      vertex 43.1963 -26.4649 8.86932
    endloop
  endfacet
  facet normal 0.407563 0 -0.913177
    outer loop
      vertex 44.81 -26.5821 9.58956
      vertex 47.81 -28.6538 10.9285
      vertex 44.81 -27.8807 9.58956
    endloop
  endfacet
  facet normal 0.407563 0 -0.913177
    outer loop
      vertex 47.81 -28.6538 10.9285
      vertex 44.81 -26.5821 9.58956
      vertex 47.81 -9.30958 10.9285
    endloop
  endfacet
  facet normal 0.407574 -2.34639e-06 -0.913172
    outer loop
      vertex 43.1963 -26.4649 8.86932
      vertex 47.81 -9.30958 10.9285
      vertex 44.81 -26.5821 9.58956
    endloop
  endfacet
  facet normal 0.40756 0 -0.913179
    outer loop
      vertex 41.835 -7.76993 8.26176
      vertex 43.1963 -26.4649 8.86932
      vertex 41.835 -27.1141 8.26176
    endloop
  endfacet
  facet normal 0.407565 5.17897e-07 -0.913176
    outer loop
      vertex 43.1963 -26.4649 8.86932
      vertex 41.835 -7.76993 8.26176
      vertex 47.81 -9.30958 10.9285
    endloop
  endfacet
  facet normal 0.361293 -0.181896 -0.914539
    outer loop
      vertex 41.835 -27.3401 8.30671
      vertex 41.835 -27.1141 8.26176
      vertex 43.1963 -27.4649 8.86932
    endloop
  endfacet
  facet normal 0.361297 -0.181892 -0.914538
    outer loop
      vertex 44.81 -28.4572 9.70422
      vertex 44.81 -27.8807 9.58956
      vertex 47.81 -28.6538 10.9285
    endloop
  endfacet
  facet normal 0.457333 0.494056 -0.739428
    outer loop
      vertex 41.835 -6.62188 8.49012
      vertex 47.81 -7.18826 11.8072
      vertex 47.81 -8.16153 11.1569
    endloop
  endfacet
  facet normal 0.457331 0.494068 -0.739422
    outer loop
      vertex 47.81 -7.18826 11.8072
      vertex 41.835 -6.62188 8.49012
      vertex 41.835 -5.64861 9.14044
    endloop
  endfacet
  facet normal 0.22227 -0.541651 -0.810685
    outer loop
      vertex 44.81 -30.0021 10.4682
      vertex 47.81 -29.8018 11.1569
      vertex 47.81 -30.7751 11.8072
    endloop
  endfacet
  facet normal 0.222271 -0.541639 -0.810693
    outer loop
      vertex 47.81 -29.8018 11.1569
      vertex 44.81 -30.0021 10.4682
      vertex 44.81 -29.0288 9.81792
    endloop
  endfacet
  facet normal 0.361296 -0.181949 -0.914527
    outer loop
      vertex 44.81 -29.0288 9.81792
      vertex 47.81 -28.6538 10.9285
      vertex 47.81 -29.8018 11.1569
    endloop
  endfacet
  facet normal 0.361294 -0.181915 -0.914535
    outer loop
      vertex 47.81 -28.6538 10.9285
      vertex 44.81 -29.0288 9.81792
      vertex 44.81 -28.4572 9.70422
    endloop
  endfacet
  facet normal 0.438574 0.175326 -0.881427
    outer loop
      vertex 41.835 -7.76993 8.26176
      vertex 41.835 -6.62188 8.49012
      vertex 47.81 -9.30958 10.9285
    endloop
  endfacet
  facet normal 0.419552 0.754768 -0.504283
    outer loop
      vertex 41.835 -5.64861 9.14044
      vertex 42.9646 -5.52156 10.2704
      vertex 44.7225 -6.01974 10.9873
    endloop
  endfacet
  facet normal 0.41958 0.754736 -0.504307
    outer loop
      vertex 42.9646 -5.52156 10.2704
      vertex 41.835 -5.64861 9.14044
      vertex 41.835 -5.23047 9.76622
    endloop
  endfacet
  facet normal 0.419652 0.754583 -0.504477
    outer loop
      vertex 41.835 -5.64861 9.14044
      vertex 44.7225 -6.01974 10.9873
      vertex 45.4241 -6.18282 11.327
    endloop
  endfacet
  facet normal 0.0336497 -0.831126 -0.555065
    outer loop
      vertex 44.81 -30.4202 11.094
      vertex 44.81 -30.3259 10.9528
      vertex 45.6767 -30.6435 11.4809
    endloop
  endfacet
  facet normal 0.0366469 -0.830899 -0.555215
    outer loop
      vertex 47.8 -31.1907 12.4285
      vertex 47.81 -30.7751 11.8072
      vertex 47.81 -31.1936 12.4335
    endloop
  endfacet
  facet normal 0.0336763 -0.830964 -0.555306
    outer loop
      vertex 45.6767 -30.6435 11.4809
      vertex 47.81 -30.7751 11.8072
      vertex 47.8 -31.1907 12.4285
    endloop
  endfacet
  facet normal 0.0338129 -0.830994 -0.555253
    outer loop
      vertex 44.81 -30.0021 10.4682
      vertex 45.6767 -30.6435 11.4809
      vertex 44.81 -30.3259 10.9528
    endloop
  endfacet
  facet normal 0.0336471 -0.831065 -0.555157
    outer loop
      vertex 45.6767 -30.6435 11.4809
      vertex 44.81 -30.0021 10.4682
      vertex 47.81 -30.7751 11.8072
    endloop
  endfacet
  facet normal 0.438582 0.175354 -0.881417
    outer loop
      vertex 47.81 -9.30958 10.9285
      vertex 41.835 -6.62188 8.49012
      vertex 47.81 -8.16153 11.1569
    endloop
  endfacet
  facet normal 0.550519 0.694124 -0.46381
    outer loop
      vertex 47.81 -7.18826 11.8072
      vertex 48.5409 -7.10757 12.7955
      vertex 49.8601 -8.13567 12.8227
    endloop
  endfacet
  facet normal 0.550504 0.694143 -0.4638
    outer loop
      vertex 48.5409 -7.10757 12.7955
      vertex 47.81 -7.18826 11.8072
      vertex 47.81 -6.76979 12.4335
    endloop
  endfacet
  facet normal 0.443032 0 -0.896506
    outer loop
      vertex 49.8601 -28.879 11.944
      vertex 49.8 -13.9459 11.9143
      vertex 49.8601 -13.8998 11.944
    endloop
  endfacet
  facet normal 0.443989 4.79391e-06 -0.896032
    outer loop
      vertex 49.8601 -28.879 11.944
      vertex 49.5106 -14.0658 11.7709
      vertex 49.8 -13.9459 11.9143
    endloop
  endfacet
  facet normal 0.443748 -2.28345e-06 -0.896152
    outer loop
      vertex 49.8601 -28.879 11.944
      vertex 49.2 -14.1067 11.6171
      vertex 49.5106 -14.0658 11.7709
    endloop
  endfacet
  facet normal 0.443871 4.575e-06 -0.89609
    outer loop
      vertex 47.81 -28.6538 10.9285
      vertex 49.2 -14.1067 11.6171
      vertex 49.8601 -28.879 11.944
    endloop
  endfacet
  facet normal 0.443979 -8.19426e-06 -0.896037
    outer loop
      vertex 49.2 -14.1067 11.6171
      vertex 47.81 -28.6538 10.9285
      vertex 48.8894 -14.0658 11.4632
    endloop
  endfacet
  facet normal 0.443988 -9.01554e-06 -0.896033
    outer loop
      vertex 48.8894 -14.0658 11.4632
      vertex 47.81 -28.6538 10.9285
      vertex 48.6 -13.9459 11.3198
    endloop
  endfacet
  facet normal 0.443891 -2.57835e-06 -0.896081
    outer loop
      vertex 48.6 -13.9459 11.3198
      vertex 47.81 -28.6538 10.9285
      vertex 48.3515 -13.7552 11.1967
    endloop
  endfacet
  facet normal 0.443647 8.47494e-06 -0.896202
    outer loop
      vertex 48.3515 -13.7552 11.1967
      vertex 47.81 -28.6538 10.9285
      vertex 48.1608 -13.5067 11.1023
    endloop
  endfacet
  facet normal 0.443923 5.13988e-07 -0.896065
    outer loop
      vertex 48.1608 -13.5067 11.1023
      vertex 47.81 -28.6538 10.9285
      vertex 48.0409 -13.2172 11.0429
    endloop
  endfacet
  facet normal 0.444519 -1.05879e-05 -0.895769
    outer loop
      vertex 48.0409 -13.2172 11.0429
      vertex 47.81 -28.6538 10.9285
      vertex 48 -12.9067 11.0226
    endloop
  endfacet
  facet normal 0.443032 0 -0.896506
    outer loop
      vertex 49.8 -11.8674 11.9143
      vertex 49.8601 -10.257 11.944
      vertex 49.8601 -11.9135 11.944
    endloop
  endfacet
  facet normal 0.443976 -4.385e-05 -0.896039
    outer loop
      vertex 49.5106 -11.7475 11.7709
      vertex 49.8601 -10.257 11.944
      vertex 49.8 -11.8674 11.9143
    endloop
  endfacet
  facet normal 0.44375 2.20841e-05 -0.89615
    outer loop
      vertex 49.2 -11.7067 11.6171
      vertex 49.8601 -10.257 11.944
      vertex 49.5106 -11.7475 11.7709
    endloop
  endfacet
  facet normal 0.443992 -0.000114823 -0.896031
    outer loop
      vertex 48.8894 -11.7475 11.4632
      vertex 49.8601 -10.257 11.944
      vertex 49.2 -11.7067 11.6171
    endloop
  endfacet
  facet normal 0.443975 4.69829e-05 -0.896039
    outer loop
      vertex 47.81 -9.30958 10.9285
      vertex 48.8894 -11.7475 11.4632
      vertex 48.6 -11.8674 11.3198
    endloop
  endfacet
  facet normal 0.443885 1.24793e-05 -0.896084
    outer loop
      vertex 47.81 -9.30958 10.9285
      vertex 48.6 -11.8674 11.3198
      vertex 48.3515 -12.0581 11.1967
    endloop
  endfacet
  facet normal 0.443866 -1.30221e-05 -0.896093
    outer loop
      vertex 48.8894 -11.7475 11.4632
      vertex 47.81 -9.30958 10.9285
      vertex 49.8601 -10.257 11.944
    endloop
  endfacet
  facet normal 0.443678 -3.82821e-05 -0.896186
    outer loop
      vertex 48.1608 -12.3067 11.1023
      vertex 47.81 -9.30958 10.9285
      vertex 48.3515 -12.0581 11.1967
    endloop
  endfacet
  facet normal 0.443926 -2.13869e-06 -0.896063
    outer loop
      vertex 48.0409 -12.5961 11.0429
      vertex 47.81 -9.30958 10.9285
      vertex 48.1608 -12.3067 11.1023
    endloop
  endfacet
  facet normal 0.444364 3.61144e-05 -0.895847
    outer loop
      vertex 48 -12.9067 11.0226
      vertex 47.81 -9.30958 10.9285
      vertex 48.0409 -12.5961 11.0429
    endloop
  endfacet
  facet normal 0.443815 0 -0.896119
    outer loop
      vertex 47.81 -9.30958 10.9285
      vertex 48 -12.9067 11.0226
      vertex 47.81 -28.6538 10.9285
    endloop
  endfacet
  facet normal 0.555815 0.46184 -0.691212
    outer loop
      vertex 49.8601 -9.10894 12.1724
      vertex 47.81 -8.16153 11.1569
      vertex 49.8601 -8.13567 12.8227
    endloop
  endfacet
  facet normal 0.499117 0.169079 -0.849879
    outer loop
      vertex 47.81 -9.30958 10.9285
      vertex 49.8601 -9.10894 12.1724
      vertex 49.8601 -10.257 11.944
    endloop
  endfacet
  facet normal 0.499117 0.16908 -0.849879
    outer loop
      vertex 49.8601 -9.10894 12.1724
      vertex 47.81 -9.30958 10.9285
      vertex 47.81 -8.16153 11.1569
    endloop
  endfacet
  facet normal 0.552939 0.692819 -0.462882
    outer loop
      vertex 49.8601 -8.13567 12.8227
      vertex 49.8501 -7.71259 13.444
      vertex 49.8601 -7.71703 13.4493
    endloop
  endfacet
  facet normal 0.550519 0.694125 -0.46381
    outer loop
      vertex 49.8501 -7.71259 13.444
      vertex 49.8601 -8.13567 12.8227
      vertex 48.5409 -7.10757 12.7955
    endloop
  endfacet
  facet normal 0.331059 -0.52422 -0.784597
    outer loop
      vertex 47.81 -30.7751 11.8072
      vertex 47.81 -29.8018 11.1569
      vertex 49.8601 -31.0003 12.8227
    endloop
  endfacet
  facet normal 0.183217 -0.817383 -0.546183
    outer loop
      vertex 49.8501 -31.4177 13.444
      vertex 49.8601 -31.0003 12.8227
      vertex 49.8601 -31.419 13.4493
    endloop
  endfacet
  facet normal 0.180844 -0.81773 -0.546455
    outer loop
      vertex 47.81 -31.1936 12.4335
      vertex 49.8601 -31.0003 12.8227
      vertex 49.8501 -31.4177 13.444
    endloop
  endfacet
  facet normal 0.18084 -0.817749 -0.546428
    outer loop
      vertex 49.8601 -31.0003 12.8227
      vertex 47.81 -31.1936 12.4335
      vertex 47.81 -30.7751 11.8072
    endloop
  endfacet
  facet normal 0.421181 -0.176964 -0.889545
    outer loop
      vertex 47.81 -29.8018 11.1569
      vertex 49.8601 -28.879 11.944
      vertex 49.8601 -30.0271 12.1724
    endloop
  endfacet
  facet normal 0.421186 -0.176978 -0.88954
    outer loop
      vertex 49.8601 -28.879 11.944
      vertex 47.81 -29.8018 11.1569
      vertex 47.81 -28.6538 10.9285
    endloop
  endfacet
  facet normal 0.331022 -0.524265 -0.784583
    outer loop
      vertex 49.8601 -31.0003 12.8227
      vertex 47.81 -29.8018 11.1569
      vertex 49.8601 -30.0271 12.1724
    endloop
  endfacet
  facet normal 0.555815 0.46184 -0.691212
    outer loop
      vertex 47.81 -8.16153 11.1569
      vertex 47.81 -7.18826 11.8072
      vertex 49.8601 -8.13567 12.8227
    endloop
  endfacet
  facet normal 0.690856 0.401666 -0.601152
    outer loop
      vertex 49.8601 -9.10894 12.1724
      vertex 49.8601 -8.13567 12.8227
      vertex 52.0484 -11.1612 13.316
    endloop
  endfacet
  facet normal 0.463149 0 -0.88628
    outer loop
      vertex 50.0485 -13.7552 12.0425
      vertex 52.0484 -12.3093 13.0876
      vertex 52.0484 -28.1472 13.0876
    endloop
  endfacet
  facet normal 0.46312 8.09204e-05 -0.886296
    outer loop
      vertex 52.0484 -12.3093 13.0876
      vertex 50.3591 -13.2172 12.2048
      vertex 50.4 -12.9067 12.2262
    endloop
  endfacet
  facet normal 0.46325 -0.000227364 -0.886228
    outer loop
      vertex 52.0484 -12.3093 13.0876
      vertex 50.2392 -13.5067 12.1422
      vertex 50.3591 -13.2172 12.2048
    endloop
  endfacet
  facet normal 0.462945 0.000358414 -0.886387
    outer loop
      vertex 52.0484 -12.3093 13.0876
      vertex 50.0485 -13.7552 12.0425
      vertex 50.2392 -13.5067 12.1422
    endloop
  endfacet
  facet normal 0.463164 0 -0.886273
    outer loop
      vertex 49.8601 -13.8998 11.944
      vertex 52.0484 -28.1472 13.0876
      vertex 49.8601 -28.879 11.944
    endloop
  endfacet
  facet normal 0.463305 2.75579e-05 -0.886199
    outer loop
      vertex 52.0484 -28.1472 13.0876
      vertex 49.8601 -13.8998 11.944
      vertex 50.0485 -13.7552 12.0425
    endloop
  endfacet
  facet normal 0.463164 -7.35219e-05 -0.886273
    outer loop
      vertex 50.3591 -12.5961 12.2048
      vertex 52.0484 -12.3093 13.0876
      vertex 50.4 -12.9067 12.2262
    endloop
  endfacet
  facet normal 0.463132 0.000165208 -0.886289
    outer loop
      vertex 50.2392 -12.3067 12.1422
      vertex 52.0484 -12.3093 13.0876
      vertex 50.3591 -12.5961 12.2048
    endloop
  endfacet
  facet normal 0.463132 -0.00017648 -0.88629
    outer loop
      vertex 50.0485 -12.0581 12.0425
      vertex 52.0484 -12.3093 13.0876
      vertex 50.2392 -12.3067 12.1422
    endloop
  endfacet
  facet normal 0.463321 0 -0.88619
    outer loop
      vertex 49.8601 -10.257 11.944
      vertex 50.0485 -12.0581 12.0425
      vertex 49.8601 -11.9135 11.944
    endloop
  endfacet
  facet normal 0.463147 -2.32647e-05 -0.886282
    outer loop
      vertex 50.0485 -12.0581 12.0425
      vertex 49.8601 -10.257 11.944
      vertex 52.0484 -12.3093 13.0876
    endloop
  endfacet
  facet normal 0.527118 -0.4721 -0.706589
    outer loop
      vertex 52.0484 -30.2686 13.9663
      vertex 49.8601 -31.0003 12.8227
      vertex 52.0484 -29.2953 13.316
    endloop
  endfacet
  facet normal 0.49627 -0.721863 -0.482317
    outer loop
      vertex 52.0384 -30.6906 14.5876
      vertex 52.0484 -30.2686 13.9663
      vertex 52.0484 -30.6874 14.5931
    endloop
  endfacet
  facet normal 0.494065 -0.722887 -0.483048
    outer loop
      vertex 51.2688 -30.9479 14.1855
      vertex 52.0484 -30.2686 13.9663
      vertex 52.0384 -30.6906 14.5876
    endloop
  endfacet
  facet normal 0.494113 -0.722913 -0.482959
    outer loop
      vertex 52.0484 -30.2686 13.9663
      vertex 51.2688 -30.9479 14.1855
      vertex 49.8601 -31.0003 12.8227
    endloop
  endfacet
  facet normal 0.690868 0.401679 -0.601128
    outer loop
      vertex 52.0484 -11.1612 13.316
      vertex 49.8601 -8.13567 12.8227
      vertex 52.0484 -10.188 13.9663
    endloop
  endfacet
  facet normal 0.527133 -0.472128 -0.706559
    outer loop
      vertex 49.8601 -31.0003 12.8227
      vertex 49.8601 -30.0271 12.1724
      vertex 52.0484 -29.2953 13.316
    endloop
  endfacet
  facet normal 0.494161 -0.722845 -0.483012
    outer loop
      vertex 49.8601 -31.419 13.4493
      vertex 49.8601 -31.0003 12.8227
      vertex 51.2688 -30.9479 14.1855
    endloop
  endfacet
  facet normal 0.500294 -0.168941 -0.849215
    outer loop
      vertex 49.8601 -30.0271 12.1724
      vertex 49.8601 -28.879 11.944
      vertex 52.0484 -29.2953 13.316
    endloop
  endfacet
  facet normal 0.73064 0.567714 -0.379297
    outer loop
      vertex 50.5151 -8.33131 13.7916
      vertex 49.8601 -8.13567 12.8227
      vertex 49.8601 -7.71703 13.4493
    endloop
  endfacet
  facet normal 0.730572 0.56785 -0.379224
    outer loop
      vertex 50.6515 -8.46272 13.8576
      vertex 49.8601 -8.13567 12.8227
      vertex 50.5151 -8.33131 13.7916
    endloop
  endfacet
  facet normal 0.730647 0.56768 -0.379335
    outer loop
      vertex 49.8601 -8.13567 12.8227
      vertex 50.6515 -8.46272 13.8576
      vertex 52.0484 -10.188 13.9663
    endloop
  endfacet
  facet normal 0.500294 -0.168941 -0.849215
    outer loop
      vertex 52.0484 -29.2953 13.316
      vertex 49.8601 -28.879 11.944
      vertex 52.0484 -28.1472 13.0876
    endloop
  endfacet
  facet normal 0.571003 0.160178 -0.80517
    outer loop
      vertex 52.0484 -12.3093 13.0876
      vertex 49.8601 -10.257 11.944
      vertex 52.0484 -11.1612 13.316
    endloop
  endfacet
  facet normal 0.571004 0.160184 -0.805168
    outer loop
      vertex 49.8601 -10.257 11.944
      vertex 49.8601 -9.10894 12.1724
      vertex 52.0484 -11.1612 13.316
    endloop
  endfacet
  facet normal 0.730624 0.567726 -0.37931
    outer loop
      vertex 51.11 -8.88925 14.1025
      vertex 52.0384 -9.75993 14.5876
      vertex 51.11 -8.90455 14.0796
    endloop
  endfacet
  facet normal 0.731293 0.5671 -0.378957
    outer loop
      vertex 52.0484 -10.188 13.9663
      vertex 52.0384 -9.75993 14.5876
      vertex 52.0484 -9.76915 14.5931
    endloop
  endfacet
  facet normal 0.730684 0.567718 -0.379206
    outer loop
      vertex 51.11 -8.90455 14.0796
      vertex 52.0484 -10.188 13.9663
      vertex 50.6515 -8.46272 13.8576
    endloop
  endfacet
  facet normal 0.730622 0.567687 -0.379372
    outer loop
      vertex 52.0384 -9.75993 14.5876
      vertex 52.0484 -10.188 13.9663
      vertex 51.11 -8.90455 14.0796
    endloop
  endfacet
  facet normal 0.881362 0.392811 -0.26249
    outer loop
      vertex 52.0484 -10.188 13.9663
      vertex 52.0484 -9.76915 14.5931
      vertex 52.9462 -11.4558 15.0836
    endloop
  endfacet
  facet normal 0.614675 -0.153902 -0.773621
    outer loop
      vertex 52.0484 -28.1472 13.0876
      vertex 53.4425 -27.5557 14.0776
      vertex 52.0484 -29.2953 13.316
    endloop
  endfacet
  facet normal 0.614663 -0.153839 -0.773643
    outer loop
      vertex 53.4425 -27.5557 14.0776
      vertex 52.0484 -28.1472 13.0876
      vertex 53.4425 -26.4076 13.8493
    endloop
  endfacet
  facet normal 0.479474 0 -0.877556
    outer loop
      vertex 52.0484 -28.1472 13.0876
      vertex 53.4425 -14.9283 13.8493
      vertex 53.4425 -26.4076 13.8493
    endloop
  endfacet
  facet normal 0.479474 0 -0.877556
    outer loop
      vertex 53.4425 -14.9283 13.8493
      vertex 52.0484 -28.1472 13.0876
      vertex 52.0484 -12.3093 13.0876
    endloop
  endfacet
  facet normal 0.801656 -0.49704 -0.332114
    outer loop
      vertex 52.5447 -30.0681 14.8642
      vertex 52.0484 -30.2686 13.9663
      vertex 53.4425 -28.529 14.7279
    endloop
  endfacet
  facet normal 0.80165 -0.497052 -0.332108
    outer loop
      vertex 52.0484 -30.2686 13.9663
      vertex 52.5447 -30.0681 14.8642
      vertex 52.0484 -30.6874 14.5931
    endloop
  endfacet
  facet normal 0.831703 0.308473 -0.461642
    outer loop
      vertex 53.4425 -12.807 14.7279
      vertex 52.0484 -11.1612 13.316
      vertex 52.0484 -10.188 13.9663
    endloop
  endfacet
  facet normal 0.8317 0.308454 -0.461661
    outer loop
      vertex 52.0484 -11.1612 13.316
      vertex 53.4425 -12.807 14.7279
      vertex 53.4425 -13.7803 14.0776
    endloop
  endfacet
  facet normal 0.75389 -0.364995 -0.546286
    outer loop
      vertex 53.4425 -28.529 14.7279
      vertex 52.0484 -29.2953 13.316
      vertex 53.4425 -27.5557 14.0776
    endloop
  endfacet
  facet normal 0.75389 -0.364995 -0.546286
    outer loop
      vertex 52.0484 -29.2953 13.316
      vertex 53.4425 -28.529 14.7279
      vertex 52.0484 -30.2686 13.9663
    endloop
  endfacet
  facet normal 0.800705 -0.498129 -0.332774
    outer loop
      vertex 53.4325 -28.9602 15.3493
      vertex 53.4425 -28.529 14.7279
      vertex 53.4425 -28.9478 15.3548
    endloop
  endfacet
  facet normal 0.801691 -0.497051 -0.332011
    outer loop
      vertex 53.4425 -28.529 14.7279
      vertex 53.4325 -28.9602 15.3493
      vertex 52.5447 -30.0681 14.8642
    endloop
  endfacet
  facet normal 0.669909 0.144812 -0.728184
    outer loop
      vertex 52.0484 -12.3093 13.0876
      vertex 53.4425 -13.7803 14.0776
      vertex 53.4425 -14.9283 13.8493
    endloop
  endfacet
  facet normal 0.669934 0.144857 -0.728152
    outer loop
      vertex 53.4425 -13.7803 14.0776
      vertex 52.0484 -12.3093 13.0876
      vertex 52.0484 -11.1612 13.316
    endloop
  endfacet
  facet normal 0.881372 0.392819 -0.262446
    outer loop
      vertex 53.4425 -12.807 14.7279
      vertex 52.9462 -11.4558 15.0836
      vertex 53.4325 -12.3694 15.3493
    endloop
  endfacet
  facet normal 0.880817 0.393659 -0.263046
    outer loop
      vertex 53.4425 -12.807 14.7279
      vertex 53.4325 -12.3694 15.3493
      vertex 53.4425 -12.3881 15.3548
    endloop
  endfacet
  facet normal 0.881361 0.392823 -0.262476
    outer loop
      vertex 52.9462 -11.4558 15.0836
      vertex 53.4425 -12.807 14.7279
      vertex 52.0484 -10.188 13.9663
    endloop
  endfacet
  facet normal 0.487242 0 -0.873267
    outer loop
      vertex 53.4425 -26.4076 13.8493
      vertex 53.804 -16.8441 14.051
      vertex 53.804 -24.7248 14.051
    endloop
  endfacet
  facet normal 0.487242 0 -0.873267
    outer loop
      vertex 53.804 -16.8441 14.051
      vertex 53.4425 -26.4076 13.8493
      vertex 53.4425 -14.9283 13.8493
    endloop
  endfacet
  facet normal 0.959552 0.156404 -0.234089
    outer loop
      vertex 53.4425 -13.7803 14.0776
      vertex 53.4425 -12.807 14.7279
      vertex 53.804 -15.6961 14.2794
    endloop
  endfacet
  facet normal 1 0 0
    outer loop
      vertex 53.804 -14.3076 15.551
      vertex 53.804 -15.6961 14.2794
      vertex 53.804 -14.7228 14.9297
    endloop
  endfacet
  facet normal 1 0 0
    outer loop
      vertex 53.804 -14.3076 15.551
      vertex 53.804 -16.8441 14.051
      vertex 53.804 -15.6961 14.2794
    endloop
  endfacet
  facet normal 1 0 0
    outer loop
      vertex 53.804 -14.3076 15.551
      vertex 53.804 -24.7248 14.051
      vertex 53.804 -16.8441 14.051
    endloop
  endfacet
  facet normal 1 -0 0
    outer loop
      vertex 53.804 -27.2613 15.551
      vertex 53.804 -24.7248 14.051
      vertex 53.804 -14.3076 15.551
    endloop
  endfacet
  facet normal 1 0 0
    outer loop
      vertex 53.804 -24.7248 14.051
      vertex 53.804 -27.2613 15.551
      vertex 53.804 -25.8729 14.2794
    endloop
  endfacet
  facet normal 1 0 0
    outer loop
      vertex 53.804 -25.8729 14.2794
      vertex 53.804 -27.2613 15.551
      vertex 53.804 -26.8462 14.9297
    endloop
  endfacet
  facet normal 0.972586 -0.193357 -0.129185
    outer loop
      vertex 53.794 -27.3116 15.551
      vertex 53.804 -26.8462 14.9297
      vertex 53.804 -27.2613 15.551
    endloop
  endfacet
  facet normal 0.972584 -0.193366 -0.129191
    outer loop
      vertex 53.6754 -27.8639 15.4848
      vertex 53.804 -26.8462 14.9297
      vertex 53.794 -27.3116 15.551
    endloop
  endfacet
  facet normal 0.972559 -0.19342 -0.129297
    outer loop
      vertex 53.804 -26.8462 14.9297
      vertex 53.6754 -27.8639 15.4848
      vertex 53.4425 -28.529 14.7279
    endloop
  endfacet
  facet normal 0.972555 -0.193473 -0.12925
    outer loop
      vertex 53.4425 -28.9478 15.3548
      vertex 53.4425 -28.529 14.7279
      vertex 53.6754 -27.8639 15.4848
    endloop
  endfacet
  facet normal 0.978238 0.172517 -0.115278
    outer loop
      vertex 53.5712 -13.0699 15.4266
      vertex 53.4425 -12.807 14.7279
      vertex 53.4425 -12.3881 15.3548
    endloop
  endfacet
  facet normal 0.978247 0.172444 -0.115307
    outer loop
      vertex 53.4425 -12.807 14.7279
      vertex 53.5712 -13.0699 15.4266
      vertex 53.804 -14.7228 14.9297
    endloop
  endfacet
  facet normal 0.824214 -0.110489 -0.555394
    outer loop
      vertex 53.804 -25.8729 14.2794
      vertex 53.4425 -26.4076 13.8493
      vertex 53.804 -24.7248 14.051
    endloop
  endfacet
  facet normal 0.824196 -0.110447 -0.55543
    outer loop
      vertex 53.4425 -26.4076 13.8493
      vertex 53.804 -25.8729 14.2794
      vertex 53.4425 -27.5557 14.0776
    endloop
  endfacet
  facet normal 0.978234 0.172528 -0.115296
    outer loop
      vertex 53.804 -14.7228 14.9297
      vertex 53.794 -14.2509 15.551
      vertex 53.804 -14.3076 15.551
    endloop
  endfacet
  facet normal 0.978263 0.172417 -0.115212
    outer loop
      vertex 53.794 -14.2509 15.551
      vertex 53.804 -14.7228 14.9297
      vertex 53.5712 -13.0699 15.4266
    endloop
  endfacet
  facet normal 0.845161 0.104256 -0.524246
    outer loop
      vertex 53.804 -15.6961 14.2794
      vertex 53.4425 -14.9283 13.8493
      vertex 53.4425 -13.7803 14.0776
    endloop
  endfacet
  facet normal 0.845185 0.104292 -0.524201
    outer loop
      vertex 53.4425 -14.9283 13.8493
      vertex 53.804 -15.6961 14.2794
      vertex 53.804 -16.8441 14.051
    endloop
  endfacet
  facet normal 0.959552 0.156404 -0.234089
    outer loop
      vertex 53.804 -15.6961 14.2794
      vertex 53.4425 -12.807 14.7279
      vertex 53.804 -14.7228 14.9297
    endloop
  endfacet
  facet normal 0.950237 -0.173068 -0.25903
    outer loop
      vertex 53.4425 -28.529 14.7279
      vertex 53.4425 -27.5557 14.0776
      vertex 53.804 -25.8729 14.2794
    endloop
  endfacet
  facet normal 0.950237 -0.173068 -0.25903
    outer loop
      vertex 53.804 -26.8462 14.9297
      vertex 53.4425 -28.529 14.7279
      vertex 53.804 -25.8729 14.2794
    endloop
  endfacet
  facet normal -1 0 0
    outer loop
      vertex -44.8 -26.85 9.53628
      vertex -44.8 -27.8807 9.58956
      vertex -44.8 -26.5821 9.58956
    endloop
  endfacet
  facet normal -1 0 0
    outer loop
      vertex -44.8 -32.85 9.53628
      vertex -44.8 -30.3259 10.9528
      vertex -44.8 -30.0021 10.4682
    endloop
  endfacet
  facet normal -1 0 0
    outer loop
      vertex -44.8 -32.85 9.53628
      vertex -44.8 -27.8807 9.58956
      vertex -44.8 -26.85 9.53628
    endloop
  endfacet
  facet normal -1 0 0
    outer loop
      vertex -44.8 -32.85 9.53628
      vertex -44.8 -28.4572 9.70422
      vertex -44.8 -27.8807 9.58956
    endloop
  endfacet
  facet normal -1 0 0
    outer loop
      vertex -44.8 -32.85 9.53628
      vertex -44.8 -29.0288 9.81792
      vertex -44.8 -28.4572 9.70422
    endloop
  endfacet
  facet normal -1 0 0
    outer loop
      vertex -44.8 -32.85 9.53628
      vertex -44.8 -30.0021 10.4682
      vertex -44.8 -29.0288 9.81792
    endloop
  endfacet
  facet normal -1 -0 0
    outer loop
      vertex -44.8 -30.3259 10.9528
      vertex -44.8 -32.85 9.53628
      vertex -44.8 -30.4202 11.094
    endloop
  endfacet
  facet normal -1 0 0
    outer loop
      vertex -44.8 -33.998 9.76464
      vertex -44.8 -30.4202 11.094
      vertex -44.8 -32.85 9.53628
    endloop
  endfacet
  facet normal -1 0 0
    outer loop
      vertex -44.8 -35.425 11.094
      vertex -44.8 -33.998 9.76464
      vertex -44.8 -34.9713 10.415
    endloop
  endfacet
  facet normal -1 0 0
    outer loop
      vertex -44.8 -33.998 9.76464
      vertex -44.8 -35.425 11.094
      vertex -44.8 -30.4202 11.094
    endloop
  endfacet
  facet normal -0.337723 -0.183635 -0.923158
    outer loop
      vertex -44.8 -33.998 9.76464
      vertex -44.8 -32.85 9.53628
      vertex -39.2 -31.5137 7.22179
    endloop
  endfacet
  facet normal -0.33773 -0.183619 -0.923159
    outer loop
      vertex -39.2 -32.6618 7.45015
      vertex -44.8 -33.998 9.76464
      vertex -39.2 -31.5137 7.22179
    endloop
  endfacet
  facet normal -0.41182 0.177751 -0.893761
    outer loop
      vertex -44.8 -26.85 9.53628
      vertex -44.8 -26.5821 9.58956
      vertex -43.1863 -26.4649 8.86932
    endloop
  endfacet
  facet normal -0.411807 0.17775 -0.893767
    outer loop
      vertex -39.2 -25.5137 7.22179
      vertex -40.5677 -25.8401 7.78705
      vertex -39.8389 -25.5352 7.51189
    endloop
  endfacet
  facet normal -0.381957 0 -0.92418
    outer loop
      vertex -39.2 -31.5137 7.22179
      vertex -40.5677 -26.8401 7.78705
      vertex -39.2 -25.5137 7.22179
    endloop
  endfacet
  facet normal -0.381972 -5.29487e-06 -0.924174
    outer loop
      vertex -39.2 -31.5137 7.22179
      vertex -41.825 -27.3401 8.30671
      vertex -40.5677 -26.8401 7.78705
    endloop
  endfacet
  facet normal -0.381954 7.74303e-06 -0.924181
    outer loop
      vertex -39.2 -31.5137 7.22179
      vertex -43.1863 -27.4649 8.86932
      vertex -41.825 -27.3401 8.30671
    endloop
  endfacet
  facet normal -0.381964 -2.75558e-06 -0.924177
    outer loop
      vertex -44.8 -32.85 9.53628
      vertex -43.1863 -27.4649 8.86932
      vertex -39.2 -31.5137 7.22179
    endloop
  endfacet
  facet normal -0.381971 -0 -0.924174
    outer loop
      vertex -44.8 -26.85 9.53628
      vertex -43.1863 -27.4649 8.86932
      vertex -44.8 -32.85 9.53628
    endloop
  endfacet
  facet normal -0.381971 0 -0.924174
    outer loop
      vertex -43.1863 -27.4649 8.86932
      vertex -44.8 -26.85 9.53628
      vertex -43.1863 -26.4649 8.86932
    endloop
  endfacet
  facet normal -0.381957 0 -0.92418
    outer loop
      vertex -39.2 -25.5137 7.22179
      vertex -40.5677 -26.8401 7.78705
      vertex -40.5677 -25.8401 7.78705
    endloop
  endfacet
  facet normal -0.0312065 -0.831061 -0.555305
    outer loop
      vertex -44.8 -34.9713 10.415
      vertex -41.815 -34.6469 9.76176
      vertex -44.8 -35.425 11.094
    endloop
  endfacet
  facet normal -0.031203 -0.831069 -0.555293
    outer loop
      vertex -41.815 -34.6469 9.76176
      vertex -44.8 -34.9713 10.415
      vertex -41.3679 -34.5509 9.59296
    endloop
  endfacet
  facet normal -0.206524 -0.543606 -0.813536
    outer loop
      vertex -44.8 -33.998 9.76464
      vertex -39.2 -33.635 8.10047
      vertex -44.8 -34.9713 10.415
    endloop
  endfacet
  facet normal -0.20652 -0.543622 -0.813526
    outer loop
      vertex -39.2 -33.635 8.10047
      vertex -44.8 -33.998 9.76464
      vertex -39.2 -32.6618 7.45015
    endloop
  endfacet
  facet normal -0.0312148 -0.831044 -0.55533
    outer loop
      vertex -39.2 -33.635 8.10047
      vertex -41.3679 -34.5509 9.59296
      vertex -44.8 -34.9713 10.415
    endloop
  endfacet
  facet normal -0.0312304 -0.831033 -0.555346
    outer loop
      vertex -41.3679 -34.5509 9.59296
      vertex -39.2 -33.635 8.10047
      vertex -39.2 -34.0854 8.77446
    endloop
  endfacet
  facet normal -0.411806 0.177771 -0.893764
    outer loop
      vertex -39.2 -25.5137 7.22179
      vertex -39.8389 -25.5352 7.51189
      vertex -39.2 -25.2679 7.27068
    endloop
  endfacet
  facet normal -0.33102 0 -0.943624
    outer loop
      vertex -33.6 -30.3795 5.25727
      vertex -34.768 -25.6161 5.667
      vertex -33.6 -24.3795 5.25727
    endloop
  endfacet
  facet normal -0.33104 -5.58293e-06 -0.943617
    outer loop
      vertex -33.6 -30.3795 5.25727
      vertex -35.85 -26.0164 6.04659
      vertex -34.768 -25.6161 5.667
    endloop
  endfacet
  facet normal -0.331034 -2.34548e-06 -0.943619
    outer loop
      vertex -33.6 -30.3795 5.25727
      vertex -36.4766 -26.0687 6.26641
      vertex -35.85 -26.0164 6.04659
    endloop
  endfacet
  facet normal -0.331035 -3.15754e-06 -0.943618
    outer loop
      vertex -33.6 -30.3795 5.25727
      vertex -37.372 -26.1435 6.58053
      vertex -36.4766 -26.0687 6.26641
    endloop
  endfacet
  facet normal -0.331029 2.91716e-06 -0.94362
    outer loop
      vertex -39.2 -31.5137 7.22179
      vertex -37.372 -26.1435 6.58053
      vertex -33.6 -30.3795 5.25727
    endloop
  endfacet
  facet normal -0.331022 -0 -0.943623
    outer loop
      vertex -39.2 -25.5137 7.22179
      vertex -37.372 -26.1435 6.58053
      vertex -39.2 -31.5137 7.22179
    endloop
  endfacet
  facet normal -0.331022 0 -0.943623
    outer loop
      vertex -37.372 -26.1435 6.58053
      vertex -39.2 -25.5137 7.22179
      vertex -37.372 -25.1435 6.58053
    endloop
  endfacet
  facet normal -0.33102 0 -0.943624
    outer loop
      vertex -33.6 -24.3795 5.25727
      vertex -34.768 -25.6161 5.667
      vertex -34.768 -24.6161 5.667
    endloop
  endfacet
  facet normal -0.358152 0.182139 -0.915725
    outer loop
      vertex -39.2 -25.5137 7.22179
      vertex -39.2 -25.2679 7.27068
      vertex -38.476 -25.2186 6.99732
    endloop
  endfacet
  facet normal -0.29134 -0.186634 -0.938237
    outer loop
      vertex -33.6 -31.5275 5.48563
      vertex -39.2 -31.5137 7.22179
      vertex -33.6 -30.3795 5.25727
    endloop
  endfacet
  facet normal -0.358133 0.182151 -0.91573
    outer loop
      vertex -33.6 -24.3795 5.25727
      vertex -34.768 -24.6161 5.667
      vertex -33.6 -24.1586 5.30121
    endloop
  endfacet
  facet normal -0.358109 0.181998 -0.91577
    outer loop
      vertex -37.372 -25.1435 6.58053
      vertex -39.2 -25.5137 7.22179
      vertex -38.476 -25.2186 6.99732
    endloop
  endfacet
  facet normal -0.291341 -0.186618 -0.93824
    outer loop
      vertex -39.2 -32.6618 7.45015
      vertex -39.2 -31.5137 7.22179
      vertex -33.6 -31.5275 5.48563
    endloop
  endfacet
  facet normal -0.0265027 -0.831147 -0.555421
    outer loop
      vertex -39.2 -33.635 8.10047
      vertex -35.84 -33.3448 7.50588
      vertex -39.2 -34.0854 8.77446
    endloop
  endfacet
  facet normal -0.0185921 -0.853092 -0.521429
    outer loop
      vertex -35.84 -33.3448 7.50588
      vertex -39.2 -33.635 8.10047
      vertex -35.8388 -33.3446 7.50551
    endloop
  endfacet
  facet normal -0.176333 -0.546893 -0.818422
    outer loop
      vertex -39.2 -33.635 8.10047
      vertex -39.2 -32.6618 7.45015
      vertex -33.6 -31.5275 5.48563
    endloop
  endfacet
  facet normal -0.0265013 -0.831157 -0.555406
    outer loop
      vertex -33.6 -32.5008 6.13595
      vertex -35.8388 -33.3446 7.50551
      vertex -39.2 -33.635 8.10047
    endloop
  endfacet
  facet normal -0.026472 -0.83118 -0.555372
    outer loop
      vertex -35.8388 -33.3446 7.50551
      vertex -33.6 -32.5008 6.13595
      vertex -33.6 -32.9474 6.80434
    endloop
  endfacet
  facet normal -0.176359 -0.546852 -0.818444
    outer loop
      vertex -33.6 -32.5008 6.13595
      vertex -39.2 -33.635 8.10047
      vertex -33.6 -31.5275 5.48563
    endloop
  endfacet
  facet normal -0.2801 0 -0.959971
    outer loop
      vertex -28 -29.4361 3.62331
      vertex -28.9708 -24.5997 3.90657
      vertex -28 -23.4361 3.62331
    endloop
  endfacet
  facet normal -0.280101 -2.08182e-07 -0.95997
    outer loop
      vertex -28 -29.4361 3.62331
      vertex -29.4149 -24.7527 4.03615
      vertex -28.9708 -24.5997 3.90657
    endloop
  endfacet
  facet normal -0.280086 4.64325e-06 -0.959975
    outer loop
      vertex -28 -29.4361 3.62331
      vertex -29.875 -24.9113 4.17039
      vertex -29.4149 -24.7527 4.03615
    endloop
  endfacet
  facet normal -0.280099 -8.81323e-07 -0.959971
    outer loop
      vertex -28 -29.4361 3.62331
      vertex -31.5474 -25.0337 4.65836
      vertex -29.875 -24.9113 4.17039
    endloop
  endfacet
  facet normal -0.280099 -1.01839e-06 -0.959971
    outer loop
      vertex -33.6 -30.3795 5.25727
      vertex -31.5474 -25.0337 4.65836
      vertex -28 -29.4361 3.62331
    endloop
  endfacet
  facet normal -0.280101 -0 -0.95997
    outer loop
      vertex -33.6 -24.3795 5.25727
      vertex -31.5474 -25.0337 4.65836
      vertex -33.6 -30.3795 5.25727
    endloop
  endfacet
  facet normal -0.280101 0 -0.95997
    outer loop
      vertex -31.5474 -25.0337 4.65836
      vertex -33.6 -24.3795 5.25727
      vertex -31.5474 -24.0337 4.65836
    endloop
  endfacet
  facet normal -0.2801 0 -0.959971
    outer loop
      vertex -28 -23.4361 3.62331
      vertex -28.9708 -24.5997 3.90657
      vertex -28.9708 -23.5997 3.90657
    endloop
  endfacet
  facet normal -0.0220379 -0.83128 -0.555417
    outer loop
      vertex -29.865 -32.2648 5.63459
      vertex -28 -31.5575 4.50199
      vertex -28 -32 5.16427
    endloop
  endfacet
  facet normal -0.0219896 -0.831318 -0.555361
    outer loop
      vertex -28 -31.5575 4.50199
      vertex -29.865 -32.2648 5.63459
      vertex -31.5994 -32.5818 6.17778
    endloop
  endfacet
  facet normal -0.30396 0.185907 -0.93437
    outer loop
      vertex -28 -23.4361 3.62331
      vertex -28.9708 -23.5997 3.90657
      vertex -28 -23.2429 3.66175
    endloop
  endfacet
  facet normal -0.303947 0.185861 -0.934383
    outer loop
      vertex -33.6 -24.3795 5.25727
      vertex -33.6 -24.1586 5.30121
      vertex -31.5474 -24.0337 4.65836
    endloop
  endfacet
  facet normal -0.245553 -0.189124 -0.950755
    outer loop
      vertex -33.6 -30.3795 5.25727
      vertex -28 -30.5842 3.85167
      vertex -33.6 -31.5275 5.48563
    endloop
  endfacet
  facet normal -0.245553 -0.189108 -0.950759
    outer loop
      vertex -28 -30.5842 3.85167
      vertex -33.6 -30.3795 5.25727
      vertex -28 -29.4361 3.62331
    endloop
  endfacet
  facet normal -0.147397 -0.549491 -0.822395
    outer loop
      vertex -33.6 -31.5275 5.48563
      vertex -28 -31.5575 4.50199
      vertex -33.6 -32.5008 6.13595
    endloop
  endfacet
  facet normal -0.147397 -0.549491 -0.822395
    outer loop
      vertex -28 -31.5575 4.50199
      vertex -33.6 -31.5275 5.48563
      vertex -28 -30.5842 3.85167
    endloop
  endfacet
  facet normal -0.022043 -0.83127 -0.555432
    outer loop
      vertex -33.6 -32.5008 6.13595
      vertex -31.5994 -32.5818 6.17778
      vertex -33.6 -32.9474 6.80434
    endloop
  endfacet
  facet normal -0.0220425 -0.831264 -0.555441
    outer loop
      vertex -31.5994 -32.5818 6.17778
      vertex -33.6 -32.5008 6.13595
      vertex -28 -31.5575 4.50199
    endloop
  endfacet
  facet normal -0.200253 -0.19113 -0.96092
    outer loop
      vertex -28 -29.4361 3.62331
      vertex -22.4 -29.823 2.53324
      vertex -28 -30.5842 3.85167
    endloop
  endfacet
  facet normal -0.200253 -0.19113 -0.96092
    outer loop
      vertex -22.4 -29.823 2.53324
      vertex -28 -29.4361 3.62331
      vertex -22.4 -28.6749 2.30488
    endloop
  endfacet
  facet normal -0.249293 0.188969 -0.949812
    outer loop
      vertex -22.4 -22.6749 2.30488
      vertex -23.1753 -22.7803 2.4874
      vertex -22.4 -22.5124 2.33721
    endloop
  endfacet
  facet normal -0.249304 0.188978 -0.949808
    outer loop
      vertex -28 -23.4361 3.62331
      vertex -28 -23.2429 3.66175
      vertex -25.705 -23.1242 3.08298
    endloop
  endfacet
  facet normal -0.119383 -0.551586 -0.82553
    outer loop
      vertex -28 -31.5575 4.50199
      vertex -28 -30.5842 3.85167
      vertex -22.4 -30.7963 3.18355
    endloop
  endfacet
  facet normal -0.229154 0 -0.97339
    outer loop
      vertex -22.4 -28.6749 2.30488
      vertex -23.1753 -23.7803 2.4874
      vertex -22.4 -22.6749 2.30488
    endloop
  endfacet
  facet normal -0.229181 -4.48982e-06 -0.973384
    outer loop
      vertex -22.4 -28.6749 2.30488
      vertex -23.9 -24.0134 2.65803
      vertex -23.1753 -23.7803 2.4874
    endloop
  endfacet
  facet normal -0.229164 1.21954e-06 -0.973388
    outer loop
      vertex -22.4 -28.6749 2.30488
      vertex -25.705 -24.1242 3.08298
      vertex -23.9 -24.0134 2.65803
    endloop
  endfacet
  facet normal -0.229168 -1.77819e-06 -0.973387
    outer loop
      vertex -28 -29.4361 3.62331
      vertex -25.705 -24.1242 3.08298
      vertex -22.4 -28.6749 2.30488
    endloop
  endfacet
  facet normal -0.229172 -0 -0.973386
    outer loop
      vertex -28 -23.4361 3.62331
      vertex -25.705 -24.1242 3.08298
      vertex -28 -29.4361 3.62331
    endloop
  endfacet
  facet normal -0.229172 0 -0.973386
    outer loop
      vertex -25.705 -24.1242 3.08298
      vertex -28 -23.4361 3.62331
      vertex -25.705 -23.1242 3.08298
    endloop
  endfacet
  facet normal -0.229154 0 -0.97339
    outer loop
      vertex -22.4 -22.6749 2.30488
      vertex -23.1753 -23.7803 2.4874
      vertex -23.1753 -22.7803 2.4874
    endloop
  endfacet
  facet normal -0.119383 -0.55158 -0.825534
    outer loop
      vertex -22.4 -30.7963 3.18355
      vertex -28 -30.5842 3.85167
      vertex -22.4 -29.823 2.53324
    endloop
  endfacet
  facet normal -0.0177625 -0.831351 -0.555464
    outer loop
      vertex -28 -31.5575 4.50199
      vertex -23.89 -31.3953 4.1278
      vertex -28 -32 5.16427
    endloop
  endfacet
  facet normal -0.0177573 -0.83138 -0.55542
    outer loop
      vertex -22.4 -30.7963 3.18355
      vertex -23.89 -31.3953 4.1278
      vertex -28 -31.5575 4.50199
    endloop
  endfacet
  facet normal -0.0177681 -0.831372 -0.555432
    outer loop
      vertex -23.89 -31.3953 4.1278
      vertex -22.4 -30.7963 3.18355
      vertex -22.4 -31.2343 3.83915
    endloop
  endfacet
  facet normal -0.0136751 -0.831426 -0.555468
    outer loop
      vertex -22.4 -31.2343 3.83915
      vertex -22.4 -30.7963 3.18355
      vertex -18.8824 -30.8369 3.15772
    endloop
  endfacet
  facet normal -0.092117 -0.553191 -0.827945
    outer loop
      vertex -22.4 -29.823 2.53324
      vertex -16.8 -30.2106 2.16916
      vertex -22.4 -30.7963 3.18355
    endloop
  endfacet
  facet normal -0.0921172 -0.553197 -0.827942
    outer loop
      vertex -16.8 -30.2106 2.16916
      vertex -22.4 -29.823 2.53324
      vertex -16.8 -29.2373 1.51884
    endloop
  endfacet
  facet normal -0.194292 0.191411 -0.962088
    outer loop
      vertex -22.4 -22.6749 2.30488
      vertex -22.4 -22.5124 2.33721
      vertex -19.8294 -22.4061 1.83923
    endloop
  endfacet
  facet normal -0.194281 0.191365 -0.962099
    outer loop
      vertex -16.8 -22.0893 1.29048
      vertex -17.3808 -22.15 1.39569
      vertex -17.1015 -22.059 1.35739
    endloop
  endfacet
  facet normal -0.178246 0 -0.983986
    outer loop
      vertex -16.8 -28.0893 1.29048
      vertex -17.3808 -23.15 1.39569
      vertex -16.8 -22.0893 1.29048
    endloop
  endfacet
  facet normal -0.178229 2.05996e-06 -0.983989
    outer loop
      vertex -16.8 -28.0893 1.29048
      vertex -17.925 -23.3135 1.49426
      vertex -17.3808 -23.15 1.39569
    endloop
  endfacet
  facet normal -0.178248 -2.6356e-06 -0.983986
    outer loop
      vertex -16.8 -28.0893 1.29048
      vertex -18.3966 -23.3365 1.57969
      vertex -17.925 -23.3135 1.49426
    endloop
  endfacet
  facet normal -0.178241 -2.09851e-07 -0.983987
    outer loop
      vertex -16.8 -28.0893 1.29048
      vertex -19.8294 -23.4061 1.83923
      vertex -18.3966 -23.3365 1.57969
    endloop
  endfacet
  facet normal -0.178242 -8.20928e-07 -0.983987
    outer loop
      vertex -22.4 -28.6749 2.30488
      vertex -19.8294 -23.4061 1.83923
      vertex -16.8 -28.0893 1.29048
    endloop
  endfacet
  facet normal -0.178244 -0 -0.983986
    outer loop
      vertex -22.4 -22.6749 2.30488
      vertex -19.8294 -23.4061 1.83923
      vertex -22.4 -28.6749 2.30488
    endloop
  endfacet
  facet normal -0.178244 0 -0.983986
    outer loop
      vertex -19.8294 -23.4061 1.83923
      vertex -22.4 -22.6749 2.30488
      vertex -19.8294 -22.4061 1.83923
    endloop
  endfacet
  facet normal -0.178246 0 -0.983986
    outer loop
      vertex -16.8 -22.0893 1.29048
      vertex -17.3808 -23.15 1.39569
      vertex -17.3808 -22.15 1.39569
    endloop
  endfacet
  facet normal -0.19429 0.1913 -0.96211
    outer loop
      vertex -16.8 -22.0893 1.29048
      vertex -17.1015 -22.059 1.35739
      vertex -16.8 -21.9607 1.31605
    endloop
  endfacet
  facet normal -0.155353 -0.192713 -0.968879
    outer loop
      vertex -22.4 -29.823 2.53324
      vertex -22.4 -28.6749 2.30488
      vertex -16.8 -28.0893 1.29048
    endloop
  endfacet
  facet normal -0.155348 -0.192729 -0.968877
    outer loop
      vertex -16.8 -29.2373 1.51884
      vertex -22.4 -29.823 2.53324
      vertex -16.8 -28.0893 1.29048
    endloop
  endfacet
  facet normal -0.0136751 -0.831385 -0.555529
    outer loop
      vertex -16.8 -30.2106 2.16916
      vertex -18.8824 -30.8369 3.15772
      vertex -22.4 -30.7963 3.18355
    endloop
  endfacet
  facet normal -0.0136956 -0.831364 -0.555559
    outer loop
      vertex -18.8824 -30.8369 3.15772
      vertex -16.8 -30.2106 2.16916
      vertex -17.915 -30.7276 2.97031
    endloop
  endfacet
  facet normal -0.0136049 -0.831424 -0.555471
    outer loop
      vertex -17.915 -30.7276 2.97031
      vertex -16.8 -30.2106 2.16916
      vertex -16.8 -30.6437 2.81742
    endloop
  endfacet
  facet normal -0.110749 -0.193898 -0.97475
    outer loop
      vertex -11.2 -28.8223 0.800029
      vertex -16.8 -28.0893 1.29048
      vertex -11.2 -27.6743 0.571668
    endloop
  endfacet
  facet normal -0.138979 0.193123 -0.971282
    outer loop
      vertex -16.8 -22.0893 1.29048
      vertex -16.8 -21.9607 1.31605
      vertex -16.2838 -21.9452 1.24527
    endloop
  endfacet
  facet normal -0.0654163 -0.554369 -0.829696
    outer loop
      vertex -16.8 -30.2106 2.16916
      vertex -16.8 -29.2373 1.51884
      vertex -11.2 -28.8223 0.800029
    endloop
  endfacet
  facet normal -0.138989 0.193165 -0.971272
    outer loop
      vertex -13.8805 -21.8729 0.915736
      vertex -16.8 -22.0893 1.29048
      vertex -16.2838 -21.9452 1.24527
    endloop
  endfacet
  facet normal -0.138942 0.19304 -0.971304
    outer loop
      vertex -11.2 -21.6743 0.571668
      vertex -11.587 -21.7029 0.621343
      vertex -11.2 -21.5836 0.589694
    endloop
  endfacet
  facet normal -0.00969439 -0.831462 -0.555497
    outer loop
      vertex -16.8 -30.6437 2.81742
      vertex -16.8 -30.2106 2.16916
      vertex -13.249 -30.3598 2.33051
    endloop
  endfacet
  facet normal -0.127315 0 -0.991862
    outer loop
      vertex -11.2 -27.6743 0.571668
      vertex -11.587 -22.7029 0.621343
      vertex -11.2 -21.6743 0.571668
    endloop
  endfacet
  facet normal -0.127314 7.9062e-08 -0.991863
    outer loop
      vertex -11.2 -27.6743 0.571668
      vertex -11.95 -22.8051 0.667937
      vertex -11.587 -22.7029 0.621343
    endloop
  endfacet
  facet normal -0.127315 -2.0418e-07 -0.991862
    outer loop
      vertex -11.2 -27.6743 0.571668
      vertex -13.8805 -22.8729 0.915736
      vertex -11.95 -22.8051 0.667937
    endloop
  endfacet
  facet normal -0.127315 1.85406e-07 -0.991862
    outer loop
      vertex -16.8 -28.0893 1.29048
      vertex -13.8805 -22.8729 0.915736
      vertex -11.2 -27.6743 0.571668
    endloop
  endfacet
  facet normal -0.127314 -0 -0.991862
    outer loop
      vertex -16.8 -22.0893 1.29048
      vertex -13.8805 -22.8729 0.915736
      vertex -16.8 -28.0893 1.29048
    endloop
  endfacet
  facet normal -0.127314 0 -0.991862
    outer loop
      vertex -13.8805 -22.8729 0.915736
      vertex -16.8 -22.0893 1.29048
      vertex -13.8805 -21.8729 0.915736
    endloop
  endfacet
  facet normal -0.127315 0 -0.991862
    outer loop
      vertex -11.2 -21.6743 0.571668
      vertex -11.587 -22.7029 0.621343
      vertex -11.587 -21.7029 0.621343
    endloop
  endfacet
  facet normal -0.110749 -0.193897 -0.97475
    outer loop
      vertex -16.8 -29.2373 1.51884
      vertex -16.8 -28.0893 1.29048
      vertex -11.2 -28.8223 0.800029
    endloop
  endfacet
  facet normal -0.00969184 -0.831439 -0.555531
    outer loop
      vertex -11.2 -29.7956 1.45035
      vertex -13.249 -30.3598 2.33051
      vertex -16.8 -30.2106 2.16916
    endloop
  endfacet
  facet normal -0.00965692 -0.831477 -0.555475
    outer loop
      vertex -13.249 -30.3598 2.33051
      vertex -11.2 -29.7956 1.45035
      vertex -11.94 -30.2551 2.15103
    endloop
  endfacet
  facet normal -0.00960884 -0.831501 -0.55544
    outer loop
      vertex -11.2 -29.876 1.57071
      vertex -11.94 -30.2551 2.15103
      vertex -11.2 -29.7956 1.45035
    endloop
  endfacet
  facet normal -0.0097122 -0.831439 -0.555531
    outer loop
      vertex -11.94 -30.2551 2.15103
      vertex -11.2 -29.876 1.57071
      vertex -11.4071 -30.2322 2.10744
    endloop
  endfacet
  facet normal -0.065416 -0.55437 -0.829695
    outer loop
      vertex -11.2 -29.7956 1.45035
      vertex -16.8 -30.2106 2.16916
      vertex -11.2 -28.8223 0.800029
    endloop
  endfacet
  facet normal -0.0390971 -0.555135 -0.830841
    outer loop
      vertex -11.2 -28.8223 0.800029
      vertex -9.44595 -29.718 1.31596
      vertex -11.2 -29.7956 1.45035
    endloop
  endfacet
  facet normal -0.0390891 -0.555124 -0.830849
    outer loop
      vertex -9.44595 -29.718 1.31596
      vertex -11.2 -28.8223 0.800029
      vertex -9.13529 -29.0898 0.881618
    endloop
  endfacet
  facet normal -0.0834243 0.194377 -0.977373
    outer loop
      vertex -5.6 -21.4266 0.142638
      vertex -5.79349 -21.4351 0.157463
      vertex -5.6 -21.3785 0.152204
    endloop
  endfacet
  facet normal -0.0834721 0.19425 -0.977394
    outer loop
      vertex -11.2 -21.6743 0.571668
      vertex -11.2 -21.5836 0.589694
      vertex -7.71141 -21.52 0.304399
    endloop
  endfacet
  facet normal -0.076395 -0 -0.997078
    outer loop
      vertex -5.79349 -21.4351 0.157463
      vertex -5.6 -21.9413 0.142638
      vertex -5.79349 -22.3326 0.157463
    endloop
  endfacet
  facet normal -0.076395 0 -0.997078
    outer loop
      vertex -5.6 -21.9413 0.142638
      vertex -5.79349 -21.4351 0.157463
      vertex -5.6 -21.4266 0.142638
    endloop
  endfacet
  facet normal -0.0763924 1.91957e-06 -0.997078
    outer loop
      vertex -8.37339 -27.5492 0.355114
      vertex -5.975 -22.4831 0.171368
      vertex -5.85184 -22.4505 0.161932
    endloop
  endfacet
  facet normal -0.0763888 2.09327e-07 -0.997078
    outer loop
      vertex -8.37339 -27.5492 0.355114
      vertex -7.71141 -22.52 0.304399
      vertex -5.975 -22.4831 0.171368
    endloop
  endfacet
  facet normal -0.0763888 2.03946e-07 -0.997078
    outer loop
      vertex -11.2 -27.6743 0.571668
      vertex -7.71141 -22.52 0.304399
      vertex -8.37339 -27.5492 0.355114
    endloop
  endfacet
  facet normal -0.0763885 0 -0.997078
    outer loop
      vertex -7.71141 -22.52 0.304399
      vertex -11.2 -27.6743 0.571668
      vertex -11.2 -21.6743 0.571668
    endloop
  endfacet
  facet normal -0.0763885 0 -0.997078
    outer loop
      vertex -7.71141 -22.52 0.304399
      vertex -11.2 -21.6743 0.571668
      vertex -7.71141 -21.52 0.304399
    endloop
  endfacet
  facet normal -0.0663685 -0.194668 -0.978621
    outer loop
      vertex -11.2 -27.6743 0.571668
      vertex -8.95385 -28.723 0.627946
      vertex -11.2 -28.8223 0.800029
    endloop
  endfacet
  facet normal -0.0663602 -0.194651 -0.978625
    outer loop
      vertex -8.95385 -28.723 0.627946
      vertex -11.2 -27.6743 0.571668
      vertex -8.37339 -27.5492 0.355114
    endloop
  endfacet
  facet normal -0.0391032 -0.555214 -0.830788
    outer loop
      vertex -9.13529 -29.0898 0.881618
      vertex -11.2 -28.8223 0.800029
      vertex -8.95385 -28.723 0.627946
    endloop
  endfacet
  facet normal -0.00550233 -0.831527 -0.555457
    outer loop
      vertex -11.2 -29.7956 1.45035
      vertex -11.1708 -29.826 1.49557
      vertex -11.2 -29.876 1.57071
    endloop
  endfacet
  facet normal -0.00575815 -0.831602 -0.555342
    outer loop
      vertex -9.44595 -29.718 1.31596
      vertex -11.1708 -29.826 1.49557
      vertex -11.2 -29.7956 1.45035
    endloop
  endfacet
  facet normal -0.00578342 -0.831486 -0.555515
    outer loop
      vertex -11.1708 -29.826 1.49557
      vertex -9.44595 -29.718 1.31596
      vertex -9.50223 -29.8318 1.48688
    endloop
  endfacet
  facet normal -0.0254607 0 -0.999676
    outer loop
      vertex -5.6 -21.9413 0.142638
      vertex -5.6 -21.4266 0.142638
      vertex -5.34357 -21.4228 0.136107
    endloop
  endfacet
  facet normal -0.0278594 0.194982 -0.980411
    outer loop
      vertex -5.6 -21.3785 0.152204
      vertex -5.34357 -21.4228 0.136107
      vertex -5.6 -21.4266 0.142638
    endloop
  endfacet
  facet normal -0.0278371 0.195102 -0.980388
    outer loop
      vertex -5.34357 -21.4228 0.136107
      vertex -5.6 -21.3785 0.152204
      vertex -5.32081 -21.3768 0.144615
    endloop
  endfacet
  facet normal 0.0278985 0.194981 -0.98041
    outer loop
      vertex 5.3435 -21.4226 0.13585
      vertex 5.61 -21.3785 0.152204
      vertex 5.61 -21.4266 0.142638
    endloop
  endfacet
  facet normal 0.0278612 0.195191 -0.980369
    outer loop
      vertex 5.61 -21.3785 0.152204
      vertex 5.3435 -21.4226 0.13585
      vertex 5.32078 -21.3767 0.144343
    endloop
  endfacet
  facet normal 0.0254627 0 -0.999676
    outer loop
      vertex 5.61 -21.9615 0.142638
      vertex 5.3435 -21.4226 0.13585
      vertex 5.61 -21.4266 0.142638
    endloop
  endfacet
  facet normal 0.076395 0 -0.997078
    outer loop
      vertex 5.61 -21.9615 0.142638
      vertex 5.80349 -21.4351 0.157463
      vertex 5.80349 -22.3528 0.157463
    endloop
  endfacet
  facet normal 0.076395 0 -0.997078
    outer loop
      vertex 5.80349 -21.4351 0.157463
      vertex 5.61 -21.9615 0.142638
      vertex 5.61 -21.4266 0.142638
    endloop
  endfacet
  facet normal 0.0763888 2.13023e-07 -0.997078
    outer loop
      vertex 8.37317 -27.5488 0.354331
      vertex 5.985 -22.4831 0.171368
      vertex 7.72141 -22.52 0.304399
    endloop
  endfacet
  facet normal 0.0763853 -1.46482e-06 -0.997078
    outer loop
      vertex 5.985 -22.4831 0.171368
      vertex 8.37317 -27.5488 0.354331
      vertex 5.85033 -22.4475 0.161051
    endloop
  endfacet
  facet normal 0.0763888 2.08607e-07 -0.997078
    outer loop
      vertex 7.72141 -22.52 0.304399
      vertex 11.21 -27.6743 0.571668
      vertex 8.37317 -27.5488 0.354331
    endloop
  endfacet
  facet normal 0.0763885 0 -0.997078
    outer loop
      vertex 11.21 -27.6743 0.571668
      vertex 7.72141 -22.52 0.304399
      vertex 11.21 -21.6743 0.571668
    endloop
  endfacet
  facet normal 0.0763885 0 -0.997078
    outer loop
      vertex 11.21 -21.6743 0.571668
      vertex 7.72141 -22.52 0.304399
      vertex 7.72141 -21.52 0.304399
    endloop
  endfacet
  facet normal 0.0391118 -0.555135 -0.83084
    outer loop
      vertex 9.44572 -29.7176 1.31518
      vertex 11.21 -28.8223 0.800029
      vertex 11.21 -29.7956 1.45035
    endloop
  endfacet
  facet normal 0.0391133 -0.555137 -0.830839
    outer loop
      vertex 11.21 -28.8223 0.800029
      vertex 9.44572 -29.7176 1.31518
      vertex 9.13589 -29.0911 0.881989
    endloop
  endfacet
  facet normal 0.0391042 -0.555079 -0.830878
    outer loop
      vertex 9.13589 -29.0911 0.881989
      vertex 8.95363 -28.7225 0.627163
      vertex 11.21 -28.8223 0.800029
    endloop
  endfacet
  facet normal 0.0834243 0.194377 -0.977373
    outer loop
      vertex 5.61 -21.4266 0.142638
      vertex 5.61 -21.3785 0.152204
      vertex 5.80349 -21.4351 0.157463
    endloop
  endfacet
  facet normal 0.0834721 0.19425 -0.977394
    outer loop
      vertex 11.21 -21.6743 0.571668
      vertex 7.72141 -21.52 0.304399
      vertex 11.21 -21.5836 0.589694
    endloop
  endfacet
  facet normal 0.0663643 -0.194668 -0.978622
    outer loop
      vertex 8.95363 -28.7225 0.627163
      vertex 11.21 -27.6743 0.571668
      vertex 11.21 -28.8223 0.800029
    endloop
  endfacet
  facet normal 0.0663629 -0.194665 -0.978622
    outer loop
      vertex 11.21 -27.6743 0.571668
      vertex 8.95363 -28.7225 0.627163
      vertex 8.37317 -27.5488 0.354331
    endloop
  endfacet
  facet normal 0.00451553 -0.83141 -0.555641
    outer loop
      vertex 11.1709 -29.826 1.49552
      vertex 11.21 -29.7956 1.45035
      vertex 11.21 -29.8931 1.59624
    endloop
  endfacet
  facet normal 0.00583314 -0.831447 -0.555573
    outer loop
      vertex 9.44572 -29.7176 1.31518
      vertex 11.1709 -29.826 1.49552
      vertex 9.50225 -29.8319 1.48683
    endloop
  endfacet
  facet normal 0.00573576 -0.831891 -0.554909
    outer loop
      vertex 11.1709 -29.826 1.49552
      vertex 9.44572 -29.7176 1.31518
      vertex 11.21 -29.7956 1.45035
    endloop
  endfacet
  facet normal 0.110749 -0.193898 -0.97475
    outer loop
      vertex 11.21 -28.8223 0.800029
      vertex 11.21 -27.6743 0.571668
      vertex 16.81 -28.0893 1.29048
    endloop
  endfacet
  facet normal 0.00969439 -0.831462 -0.555497
    outer loop
      vertex 16.81 -30.6437 2.81742
      vertex 13.259 -30.3598 2.33051
      vertex 16.81 -30.2106 2.16916
    endloop
  endfacet
  facet normal 0.138979 0.193123 -0.971282
    outer loop
      vertex 16.81 -22.0893 1.29048
      vertex 16.2938 -21.9452 1.24527
      vertex 16.81 -21.9607 1.31605
    endloop
  endfacet
  facet normal 0.138989 0.193165 -0.971272
    outer loop
      vertex 16.81 -22.0893 1.29048
      vertex 13.8905 -21.8729 0.915736
      vertex 16.2938 -21.9452 1.24527
    endloop
  endfacet
  facet normal 0.138942 0.19304 -0.971304
    outer loop
      vertex 11.21 -21.6743 0.571668
      vertex 11.21 -21.5836 0.589694
      vertex 11.597 -21.7029 0.621343
    endloop
  endfacet
  facet normal 0.127314 0 -0.991862
    outer loop
      vertex 16.81 -28.0893 1.29048
      vertex 13.8905 -22.8729 0.915736
      vertex 16.81 -22.0893 1.29048
    endloop
  endfacet
  facet normal 0.127315 1.85406e-07 -0.991862
    outer loop
      vertex 11.21 -27.6743 0.571668
      vertex 13.8905 -22.8729 0.915736
      vertex 16.81 -28.0893 1.29048
    endloop
  endfacet
  facet normal 0.127315 -2.0418e-07 -0.991862
    outer loop
      vertex 13.8905 -22.8729 0.915736
      vertex 11.21 -27.6743 0.571668
      vertex 11.96 -22.8051 0.667937
    endloop
  endfacet
  facet normal 0.127314 7.9062e-08 -0.991863
    outer loop
      vertex 11.96 -22.8051 0.667937
      vertex 11.21 -27.6743 0.571668
      vertex 11.597 -22.7029 0.621343
    endloop
  endfacet
  facet normal 0.127315 0 -0.991862
    outer loop
      vertex 11.21 -21.6743 0.571668
      vertex 11.597 -22.7029 0.621343
      vertex 11.21 -27.6743 0.571668
    endloop
  endfacet
  facet normal 0.127315 0 -0.991862
    outer loop
      vertex 11.597 -22.7029 0.621343
      vertex 11.21 -21.6743 0.571668
      vertex 11.597 -21.7029 0.621343
    endloop
  endfacet
  facet normal 0.127314 0 -0.991862
    outer loop
      vertex 16.81 -22.0893 1.29048
      vertex 13.8905 -22.8729 0.915736
      vertex 13.8905 -21.8729 0.915736
    endloop
  endfacet
  facet normal 0.0654163 -0.554369 -0.829696
    outer loop
      vertex 16.81 -30.2106 2.16916
      vertex 11.21 -28.8223 0.800029
      vertex 16.81 -29.2373 1.51884
    endloop
  endfacet
  facet normal 0.065416 -0.55437 -0.829695
    outer loop
      vertex 11.21 -29.7956 1.45035
      vertex 11.21 -28.8223 0.800029
      vertex 16.81 -30.2106 2.16916
    endloop
  endfacet
  facet normal 0.110749 -0.193897 -0.97475
    outer loop
      vertex 16.81 -29.2373 1.51884
      vertex 11.21 -28.8223 0.800029
      vertex 16.81 -28.0893 1.29048
    endloop
  endfacet
  facet normal 0.00965692 -0.831477 -0.555475
    outer loop
      vertex 11.21 -29.7956 1.45035
      vertex 13.259 -30.3598 2.33051
      vertex 11.95 -30.2551 2.15103
    endloop
  endfacet
  facet normal 0.00976722 -0.831434 -0.555538
    outer loop
      vertex 11.21 -29.8931 1.59624
      vertex 11.95 -30.2551 2.15103
      vertex 11.4069 -30.2318 2.10661
    endloop
  endfacet
  facet normal 0.00985596 -0.831378 -0.55562
    outer loop
      vertex 11.95 -30.2551 2.15103
      vertex 11.21 -29.8931 1.59624
      vertex 11.21 -29.7956 1.45035
    endloop
  endfacet
  facet normal 0.00969184 -0.831439 -0.555531
    outer loop
      vertex 13.259 -30.3598 2.33051
      vertex 11.21 -29.7956 1.45035
      vertex 16.81 -30.2106 2.16916
    endloop
  endfacet
  facet normal 0.092117 -0.553191 -0.827945
    outer loop
      vertex 16.81 -30.2106 2.16916
      vertex 22.41 -29.823 2.53324
      vertex 22.41 -30.7963 3.18355
    endloop
  endfacet
  facet normal 0.0921172 -0.553197 -0.827942
    outer loop
      vertex 22.41 -29.823 2.53324
      vertex 16.81 -30.2106 2.16916
      vertex 16.81 -29.2373 1.51884
    endloop
  endfacet
  facet normal 0.178244 0 -0.983986
    outer loop
      vertex 22.41 -28.6749 2.30488
      vertex 19.8394 -23.4061 1.83923
      vertex 22.41 -22.6749 2.30488
    endloop
  endfacet
  facet normal 0.178242 -8.20928e-07 -0.983987
    outer loop
      vertex 16.81 -28.0893 1.29048
      vertex 19.8394 -23.4061 1.83923
      vertex 22.41 -28.6749 2.30488
    endloop
  endfacet
  facet normal 0.178241 -2.09851e-07 -0.983987
    outer loop
      vertex 19.8394 -23.4061 1.83923
      vertex 16.81 -28.0893 1.29048
      vertex 18.4066 -23.3365 1.57969
    endloop
  endfacet
  facet normal 0.178248 -2.6356e-06 -0.983986
    outer loop
      vertex 18.4066 -23.3365 1.57969
      vertex 16.81 -28.0893 1.29048
      vertex 17.935 -23.3135 1.49426
    endloop
  endfacet
  facet normal 0.178229 2.05996e-06 -0.983989
    outer loop
      vertex 17.935 -23.3135 1.49426
      vertex 16.81 -28.0893 1.29048
      vertex 17.3908 -23.15 1.39569
    endloop
  endfacet
  facet normal 0.178246 0 -0.983986
    outer loop
      vertex 16.81 -22.0893 1.29048
      vertex 17.3908 -23.15 1.39569
      vertex 16.81 -28.0893 1.29048
    endloop
  endfacet
  facet normal 0.178246 0 -0.983986
    outer loop
      vertex 17.3908 -23.15 1.39569
      vertex 16.81 -22.0893 1.29048
      vertex 17.3908 -22.15 1.39569
    endloop
  endfacet
  facet normal 0.178244 0 -0.983986
    outer loop
      vertex 22.41 -22.6749 2.30488
      vertex 19.8394 -23.4061 1.83923
      vertex 19.8394 -22.4061 1.83923
    endloop
  endfacet
  facet normal 0.155353 -0.192713 -0.968879
    outer loop
      vertex 22.41 -29.823 2.53324
      vertex 16.81 -28.0893 1.29048
      vertex 22.41 -28.6749 2.30488
    endloop
  endfacet
  facet normal 0.0136751 -0.831426 -0.555468
    outer loop
      vertex 22.41 -31.2343 3.83915
      vertex 18.8924 -30.8369 3.15772
      vertex 22.41 -30.7963 3.18355
    endloop
  endfacet
  facet normal 0.194292 0.191411 -0.962088
    outer loop
      vertex 22.41 -22.6749 2.30488
      vertex 19.8394 -22.4061 1.83923
      vertex 22.41 -22.5124 2.33721
    endloop
  endfacet
  facet normal 0.194281 0.191365 -0.962099
    outer loop
      vertex 17.3908 -22.15 1.39569
      vertex 16.81 -22.0893 1.29048
      vertex 17.1115 -22.059 1.35739
    endloop
  endfacet
  facet normal 0.155348 -0.192729 -0.968877
    outer loop
      vertex 16.81 -29.2373 1.51884
      vertex 16.81 -28.0893 1.29048
      vertex 22.41 -29.823 2.53324
    endloop
  endfacet
  facet normal 0.0136956 -0.831364 -0.555559
    outer loop
      vertex 16.81 -30.2106 2.16916
      vertex 18.8924 -30.8369 3.15772
      vertex 17.925 -30.7276 2.97031
    endloop
  endfacet
  facet normal 0.0136049 -0.831424 -0.555471
    outer loop
      vertex 16.81 -30.2106 2.16916
      vertex 17.925 -30.7276 2.97031
      vertex 16.81 -30.6437 2.81742
    endloop
  endfacet
  facet normal 0.0136751 -0.831385 -0.555529
    outer loop
      vertex 18.8924 -30.8369 3.15772
      vertex 16.81 -30.2106 2.16916
      vertex 22.41 -30.7963 3.18355
    endloop
  endfacet
  facet normal 0.19429 0.1913 -0.96211
    outer loop
      vertex 16.81 -22.0893 1.29048
      vertex 16.81 -21.9607 1.31605
      vertex 17.1115 -22.059 1.35739
    endloop
  endfacet
  facet normal 0.119383 -0.551586 -0.82553
    outer loop
      vertex 28.01 -31.5575 4.50199
      vertex 22.41 -30.7963 3.18355
      vertex 28.01 -30.5842 3.85167
    endloop
  endfacet
  facet normal 0.200253 -0.19113 -0.96092
    outer loop
      vertex 22.41 -29.823 2.53324
      vertex 28.01 -29.4361 3.62331
      vertex 28.01 -30.5842 3.85167
    endloop
  endfacet
  facet normal 0.200253 -0.19113 -0.96092
    outer loop
      vertex 28.01 -29.4361 3.62331
      vertex 22.41 -29.823 2.53324
      vertex 22.41 -28.6749 2.30488
    endloop
  endfacet
  facet normal 0.249293 0.188969 -0.949812
    outer loop
      vertex 22.41 -22.6749 2.30488
      vertex 22.41 -22.5124 2.33721
      vertex 23.1853 -22.7803 2.4874
    endloop
  endfacet
  facet normal 0.249304 0.188978 -0.949808
    outer loop
      vertex 28.01 -23.4361 3.62331
      vertex 25.715 -23.1242 3.08298
      vertex 28.01 -23.2429 3.66175
    endloop
  endfacet
  facet normal 0.229172 0 -0.973386
    outer loop
      vertex 28.01 -29.4361 3.62331
      vertex 25.715 -24.1242 3.08298
      vertex 28.01 -23.4361 3.62331
    endloop
  endfacet
  facet normal 0.229168 -1.77819e-06 -0.973387
    outer loop
      vertex 22.41 -28.6749 2.30488
      vertex 25.715 -24.1242 3.08298
      vertex 28.01 -29.4361 3.62331
    endloop
  endfacet
  facet normal 0.229164 1.21954e-06 -0.973388
    outer loop
      vertex 25.715 -24.1242 3.08298
      vertex 22.41 -28.6749 2.30488
      vertex 23.91 -24.0134 2.65803
    endloop
  endfacet
  facet normal 0.229181 -4.48982e-06 -0.973384
    outer loop
      vertex 23.91 -24.0134 2.65803
      vertex 22.41 -28.6749 2.30488
      vertex 23.1853 -23.7803 2.4874
    endloop
  endfacet
  facet normal 0.229154 0 -0.97339
    outer loop
      vertex 22.41 -22.6749 2.30488
      vertex 23.1853 -23.7803 2.4874
      vertex 22.41 -28.6749 2.30488
    endloop
  endfacet
  facet normal 0.229154 0 -0.97339
    outer loop
      vertex 23.1853 -23.7803 2.4874
      vertex 22.41 -22.6749 2.30488
      vertex 23.1853 -22.7803 2.4874
    endloop
  endfacet
  facet normal 0.229172 0 -0.973386
    outer loop
      vertex 28.01 -23.4361 3.62331
      vertex 25.715 -24.1242 3.08298
      vertex 25.715 -23.1242 3.08298
    endloop
  endfacet
  facet normal 0.119383 -0.55158 -0.825534
    outer loop
      vertex 22.41 -30.7963 3.18355
      vertex 22.41 -29.823 2.53324
      vertex 28.01 -30.5842 3.85167
    endloop
  endfacet
  facet normal 0.0177625 -0.831351 -0.555464
    outer loop
      vertex 23.9 -31.3953 4.1278
      vertex 28.01 -31.5575 4.50199
      vertex 28.01 -32 5.16427
    endloop
  endfacet
  facet normal 0.0177681 -0.831372 -0.555432
    outer loop
      vertex 22.41 -30.7963 3.18355
      vertex 23.9 -31.3953 4.1278
      vertex 22.41 -31.2343 3.83915
    endloop
  endfacet
  facet normal 0.0177573 -0.83138 -0.55542
    outer loop
      vertex 23.9 -31.3953 4.1278
      vertex 22.41 -30.7963 3.18355
      vertex 28.01 -31.5575 4.50199
    endloop
  endfacet
  facet normal 0.30396 0.185907 -0.93437
    outer loop
      vertex 28.01 -23.4361 3.62331
      vertex 28.01 -23.2429 3.66175
      vertex 28.9808 -23.5997 3.90657
    endloop
  endfacet
  facet normal 0.303947 0.185861 -0.934383
    outer loop
      vertex 33.61 -24.3795 5.25727
      vertex 31.5574 -24.0337 4.65836
      vertex 33.61 -24.1586 5.30121
    endloop
  endfacet
  facet normal 0.245553 -0.189124 -0.950755
    outer loop
      vertex 28.01 -30.5842 3.85167
      vertex 33.61 -30.3795 5.25727
      vertex 33.61 -31.5275 5.48563
    endloop
  endfacet
  facet normal 0.245553 -0.189108 -0.950759
    outer loop
      vertex 33.61 -30.3795 5.25727
      vertex 28.01 -30.5842 3.85167
      vertex 28.01 -29.4361 3.62331
    endloop
  endfacet
  facet normal 0.280101 0 -0.95997
    outer loop
      vertex 33.61 -30.3795 5.25727
      vertex 31.5574 -25.0337 4.65836
      vertex 33.61 -24.3795 5.25727
    endloop
  endfacet
  facet normal 0.280099 -1.01839e-06 -0.959971
    outer loop
      vertex 28.01 -29.4361 3.62331
      vertex 31.5574 -25.0337 4.65836
      vertex 33.61 -30.3795 5.25727
    endloop
  endfacet
  facet normal 0.280099 -8.81323e-07 -0.959971
    outer loop
      vertex 31.5574 -25.0337 4.65836
      vertex 28.01 -29.4361 3.62331
      vertex 29.885 -24.9113 4.17039
    endloop
  endfacet
  facet normal 0.280086 4.64325e-06 -0.959975
    outer loop
      vertex 29.885 -24.9113 4.17039
      vertex 28.01 -29.4361 3.62331
      vertex 29.4249 -24.7527 4.03615
    endloop
  endfacet
  facet normal 0.280101 -2.08182e-07 -0.95997
    outer loop
      vertex 29.4249 -24.7527 4.03615
      vertex 28.01 -29.4361 3.62331
      vertex 28.9808 -24.5997 3.90657
    endloop
  endfacet
  facet normal 0.2801 0 -0.959971
    outer loop
      vertex 28.01 -23.4361 3.62331
      vertex 28.9808 -24.5997 3.90657
      vertex 28.01 -29.4361 3.62331
    endloop
  endfacet
  facet normal 0.2801 0 -0.959971
    outer loop
      vertex 28.9808 -24.5997 3.90657
      vertex 28.01 -23.4361 3.62331
      vertex 28.9808 -23.5997 3.90657
    endloop
  endfacet
  facet normal 0.280101 0 -0.95997
    outer loop
      vertex 33.61 -24.3795 5.25727
      vertex 31.5574 -25.0337 4.65836
      vertex 31.5574 -24.0337 4.65836
    endloop
  endfacet
  facet normal 0.0219896 -0.831318 -0.555361
    outer loop
      vertex 29.875 -32.2648 5.63459
      vertex 28.01 -31.5575 4.50199
      vertex 31.6094 -32.5818 6.17778
    endloop
  endfacet
  facet normal 0.0220379 -0.83128 -0.555417
    outer loop
      vertex 28.01 -31.5575 4.50199
      vertex 29.875 -32.2648 5.63459
      vertex 28.01 -32 5.16427
    endloop
  endfacet
  facet normal 0.022043 -0.83127 -0.555432
    outer loop
      vertex 31.6094 -32.5818 6.17778
      vertex 33.61 -32.5008 6.13595
      vertex 33.61 -32.9474 6.80434
    endloop
  endfacet
  facet normal 0.0220425 -0.831264 -0.555441
    outer loop
      vertex 33.61 -32.5008 6.13595
      vertex 31.6094 -32.5818 6.17778
      vertex 28.01 -31.5575 4.50199
    endloop
  endfacet
  facet normal 0.147397 -0.549491 -0.822395
    outer loop
      vertex 28.01 -31.5575 4.50199
      vertex 33.61 -31.5275 5.48563
      vertex 33.61 -32.5008 6.13595
    endloop
  endfacet
  facet normal 0.147397 -0.549491 -0.822395
    outer loop
      vertex 33.61 -31.5275 5.48563
      vertex 28.01 -31.5575 4.50199
      vertex 28.01 -30.5842 3.85167
    endloop
  endfacet
  facet normal 0.358152 0.182139 -0.915725
    outer loop
      vertex 39.21 -25.5137 7.22179
      vertex 38.486 -25.2186 6.99732
      vertex 39.21 -25.2679 7.27068
    endloop
  endfacet
  facet normal 0.331022 0 -0.943623
    outer loop
      vertex 39.21 -31.5137 7.22179
      vertex 37.382 -26.1435 6.58053
      vertex 39.21 -25.5137 7.22179
    endloop
  endfacet
  facet normal 0.331029 2.91716e-06 -0.94362
    outer loop
      vertex 33.61 -30.3795 5.25727
      vertex 37.382 -26.1435 6.58053
      vertex 39.21 -31.5137 7.22179
    endloop
  endfacet
  facet normal 0.331035 -3.15754e-06 -0.943618
    outer loop
      vertex 37.382 -26.1435 6.58053
      vertex 33.61 -30.3795 5.25727
      vertex 36.4866 -26.0687 6.26641
    endloop
  endfacet
  facet normal 0.331034 -2.34548e-06 -0.943619
    outer loop
      vertex 36.4866 -26.0687 6.26641
      vertex 33.61 -30.3795 5.25727
      vertex 35.86 -26.0164 6.04659
    endloop
  endfacet
  facet normal 0.33104 -5.58293e-06 -0.943617
    outer loop
      vertex 35.86 -26.0164 6.04659
      vertex 33.61 -30.3795 5.25727
      vertex 34.778 -25.6161 5.667
    endloop
  endfacet
  facet normal 0.33102 0 -0.943624
    outer loop
      vertex 33.61 -24.3795 5.25727
      vertex 34.778 -25.6161 5.667
      vertex 33.61 -30.3795 5.25727
    endloop
  endfacet
  facet normal 0.33102 0 -0.943624
    outer loop
      vertex 34.778 -25.6161 5.667
      vertex 33.61 -24.3795 5.25727
      vertex 34.778 -24.6161 5.667
    endloop
  endfacet
  facet normal 0.331022 0 -0.943623
    outer loop
      vertex 39.21 -25.5137 7.22179
      vertex 37.382 -26.1435 6.58053
      vertex 37.382 -25.1435 6.58053
    endloop
  endfacet
  facet normal 0.358133 0.182151 -0.91573
    outer loop
      vertex 33.61 -24.3795 5.25727
      vertex 33.61 -24.1586 5.30121
      vertex 34.778 -24.6161 5.667
    endloop
  endfacet
  facet normal 0.358109 0.181998 -0.91577
    outer loop
      vertex 39.21 -25.5137 7.22179
      vertex 37.382 -25.1435 6.58053
      vertex 38.486 -25.2186 6.99732
    endloop
  endfacet
  facet normal 0.291341 -0.186618 -0.93824
    outer loop
      vertex 39.21 -32.6618 7.45015
      vertex 33.61 -31.5275 5.48563
      vertex 39.21 -31.5137 7.22179
    endloop
  endfacet
  facet normal 0.176359 -0.546852 -0.818444
    outer loop
      vertex 33.61 -32.5008 6.13595
      vertex 33.61 -31.5275 5.48563
      vertex 39.21 -33.635 8.10047
    endloop
  endfacet
  facet normal 0.29134 -0.186634 -0.938237
    outer loop
      vertex 33.61 -31.5275 5.48563
      vertex 33.61 -30.3795 5.25727
      vertex 39.21 -31.5137 7.22179
    endloop
  endfacet
  facet normal 0.0265027 -0.831147 -0.555421
    outer loop
      vertex 35.85 -33.3448 7.50588
      vertex 39.21 -33.635 8.10047
      vertex 39.21 -34.0854 8.77446
    endloop
  endfacet
  facet normal 0.0185921 -0.853092 -0.521429
    outer loop
      vertex 39.21 -33.635 8.10047
      vertex 35.85 -33.3448 7.50588
      vertex 35.8488 -33.3446 7.50551
    endloop
  endfacet
  facet normal 0.026472 -0.83118 -0.555372
    outer loop
      vertex 33.61 -32.5008 6.13595
      vertex 35.8488 -33.3446 7.50551
      vertex 33.61 -32.9474 6.80434
    endloop
  endfacet
  facet normal 0.0265013 -0.831157 -0.555406
    outer loop
      vertex 35.8488 -33.3446 7.50551
      vertex 33.61 -32.5008 6.13595
      vertex 39.21 -33.635 8.10047
    endloop
  endfacet
  facet normal 0.176333 -0.546893 -0.818422
    outer loop
      vertex 39.21 -33.635 8.10047
      vertex 33.61 -31.5275 5.48563
      vertex 39.21 -32.6618 7.45015
    endloop
  endfacet
  facet normal 0.411807 0.17775 -0.893767
    outer loop
      vertex 40.5777 -25.8401 7.78705
      vertex 39.21 -25.5137 7.22179
      vertex 39.8489 -25.5352 7.51189
    endloop
  endfacet
  facet normal 0.41182 0.177751 -0.893761
    outer loop
      vertex 44.81 -26.85 9.53628
      vertex 43.1963 -26.4649 8.86932
      vertex 44.81 -26.5821 9.58956
    endloop
  endfacet
  facet normal 0.337723 -0.183635 -0.923158
    outer loop
      vertex 44.81 -33.998 9.76464
      vertex 39.21 -31.5137 7.22179
      vertex 44.81 -32.85 9.53628
    endloop
  endfacet
  facet normal 0.381971 0 -0.924174
    outer loop
      vertex 44.81 -32.85 9.53628
      vertex 43.1963 -27.4649 8.86932
      vertex 44.81 -26.85 9.53628
    endloop
  endfacet
  facet normal 0.381964 -2.75558e-06 -0.924177
    outer loop
      vertex 39.21 -31.5137 7.22179
      vertex 43.1963 -27.4649 8.86932
      vertex 44.81 -32.85 9.53628
    endloop
  endfacet
  facet normal 0.381954 7.74303e-06 -0.924181
    outer loop
      vertex 43.1963 -27.4649 8.86932
      vertex 39.21 -31.5137 7.22179
      vertex 41.835 -27.3401 8.30671
    endloop
  endfacet
  facet normal 0.381972 -5.29487e-06 -0.924174
    outer loop
      vertex 41.835 -27.3401 8.30671
      vertex 39.21 -31.5137 7.22179
      vertex 40.5777 -26.8401 7.78705
    endloop
  endfacet
  facet normal 0.381957 0 -0.92418
    outer loop
      vertex 39.21 -25.5137 7.22179
      vertex 40.5777 -26.8401 7.78705
      vertex 39.21 -31.5137 7.22179
    endloop
  endfacet
  facet normal 0.381957 0 -0.92418
    outer loop
      vertex 40.5777 -26.8401 7.78705
      vertex 39.21 -25.5137 7.22179
      vertex 40.5777 -25.8401 7.78705
    endloop
  endfacet
  facet normal 0.381971 0 -0.924174
    outer loop
      vertex 44.81 -26.85 9.53628
      vertex 43.1963 -27.4649 8.86932
      vertex 43.1963 -26.4649 8.86932
    endloop
  endfacet
  facet normal 1 -0 0
    outer loop
      vertex 44.81 -27.8807 9.58956
      vertex 44.81 -26.85 9.53628
      vertex 44.81 -26.5821 9.58956
    endloop
  endfacet
  facet normal 1 0 0
    outer loop
      vertex 44.81 -32.85 9.53628
      vertex 44.81 -30.3259 10.9528
      vertex 44.81 -30.4202 11.094
    endloop
  endfacet
  facet normal 1 0 0
    outer loop
      vertex 44.81 -27.8807 9.58956
      vertex 44.81 -32.85 9.53628
      vertex 44.81 -26.85 9.53628
    endloop
  endfacet
  facet normal 1 0 0
    outer loop
      vertex 44.81 -28.4572 9.70422
      vertex 44.81 -32.85 9.53628
      vertex 44.81 -27.8807 9.58956
    endloop
  endfacet
  facet normal 1 0 0
    outer loop
      vertex 44.81 -29.0288 9.81792
      vertex 44.81 -32.85 9.53628
      vertex 44.81 -28.4572 9.70422
    endloop
  endfacet
  facet normal 1 0 0
    outer loop
      vertex 44.81 -30.0021 10.4682
      vertex 44.81 -32.85 9.53628
      vertex 44.81 -29.0288 9.81792
    endloop
  endfacet
  facet normal 1 0 0
    outer loop
      vertex 44.81 -30.3259 10.9528
      vertex 44.81 -32.85 9.53628
      vertex 44.81 -30.0021 10.4682
    endloop
  endfacet
  facet normal 1 0 0
    outer loop
      vertex 44.81 -30.4202 11.094
      vertex 44.81 -33.998 9.76464
      vertex 44.81 -32.85 9.53628
    endloop
  endfacet
  facet normal 1 -0 0
    outer loop
      vertex 44.81 -35.425 11.094
      vertex 44.81 -33.998 9.76464
      vertex 44.81 -30.4202 11.094
    endloop
  endfacet
  facet normal 1 0 0
    outer loop
      vertex 44.81 -33.998 9.76464
      vertex 44.81 -35.425 11.094
      vertex 44.81 -34.9713 10.415
    endloop
  endfacet
  facet normal 0.0312065 -0.831061 -0.555305
    outer loop
      vertex 41.825 -34.6469 9.76176
      vertex 44.81 -34.9713 10.415
      vertex 44.81 -35.425 11.094
    endloop
  endfacet
  facet normal 0.031203 -0.831069 -0.555293
    outer loop
      vertex 44.81 -34.9713 10.415
      vertex 41.825 -34.6469 9.76176
      vertex 41.3779 -34.5509 9.59296
    endloop
  endfacet
  facet normal 0.411806 0.177771 -0.893764
    outer loop
      vertex 39.21 -25.5137 7.22179
      vertex 39.21 -25.2679 7.27068
      vertex 39.8489 -25.5352 7.51189
    endloop
  endfacet
  facet normal 0.0312304 -0.831033 -0.555346
    outer loop
      vertex 39.21 -33.635 8.10047
      vertex 41.3779 -34.5509 9.59296
      vertex 39.21 -34.0854 8.77446
    endloop
  endfacet
  facet normal 0.0312148 -0.831044 -0.55533
    outer loop
      vertex 41.3779 -34.5509 9.59296
      vertex 39.21 -33.635 8.10047
      vertex 44.81 -34.9713 10.415
    endloop
  endfacet
  facet normal 0.33773 -0.183619 -0.923159
    outer loop
      vertex 39.21 -32.6618 7.45015
      vertex 39.21 -31.5137 7.22179
      vertex 44.81 -33.998 9.76464
    endloop
  endfacet
  facet normal 0.206524 -0.543606 -0.813536
    outer loop
      vertex 39.21 -33.635 8.10047
      vertex 44.81 -33.998 9.76464
      vertex 44.81 -34.9713 10.415
    endloop
  endfacet
  facet normal 0.20652 -0.543622 -0.813526
    outer loop
      vertex 44.81 -33.998 9.76464
      vertex 39.21 -33.635 8.10047
      vertex 39.21 -32.6618 7.45015
    endloop
  endfacet
  facet normal -0 0 1
    outer loop
      vertex -53.794 -14.3076 15.551
      vertex -53.784 -27.3116 15.551
      vertex -53.784 -14.2509 15.551
    endloop
  endfacet
  facet normal 0 0 1
    outer loop
      vertex -53.784 -27.3116 15.551
      vertex -53.794 -14.3076 15.551
      vertex -53.794 -27.2613 15.551
    endloop
  endfacet
  facet normal 0.479015 0.00201974 0.877804
    outer loop
      vertex -53.5612 -13.0699 15.4266
      vertex -53.4225 -12.3694 15.3493
      vertex -53.4325 -12.3881 15.3548
    endloop
  endfacet
  facet normal 0.486819 0 0.873503
    outer loop
      vertex -53.4225 -12.3694 15.3493
      vertex -53.5612 -13.0699 15.4266
      vertex -53.4225 -28.9602 15.3493
    endloop
  endfacet
  facet normal 0.487475 7.50525e-06 0.873137
    outer loop
      vertex -53.784 -14.2509 15.551
      vertex -53.4225 -28.9602 15.3493
      vertex -53.5612 -13.0699 15.4266
    endloop
  endfacet
  facet normal 0.479915 -0.00210196 0.877312
    outer loop
      vertex -53.4225 -28.9602 15.3493
      vertex -53.6654 -27.8639 15.4848
      vertex -53.4325 -28.9478 15.3548
    endloop
  endfacet
  facet normal 0.487159 -2.66125e-06 0.873313
    outer loop
      vertex -53.4225 -28.9602 15.3493
      vertex -53.784 -14.2509 15.551
      vertex -53.6654 -27.8639 15.4848
    endloop
  endfacet
  facet normal 0.487392 0 0.873183
    outer loop
      vertex -53.6654 -27.8639 15.4848
      vertex -53.784 -14.2509 15.551
      vertex -53.784 -27.3116 15.551
    endloop
  endfacet
  facet normal 0.484287 -0.00335138 0.874903
    outer loop
      vertex -52.9362 -11.4558 15.0836
      vertex -52.0284 -9.75993 14.5876
      vertex -52.0384 -9.76915 14.5931
    endloop
  endfacet
  facet normal 0.479475 0 0.877555
    outer loop
      vertex -52.0284 -9.75993 14.5876
      vertex -52.9362 -11.4558 15.0836
      vertex -52.0284 -30.6906 14.5876
    endloop
  endfacet
  facet normal 0.479472 -2.01653e-07 0.877557
    outer loop
      vertex -53.4225 -12.3694 15.3493
      vertex -52.0284 -30.6906 14.5876
      vertex -52.9362 -11.4558 15.0836
    endloop
  endfacet
  facet normal 0.479431 -4.24272e-06 0.87758
    outer loop
      vertex -52.5347 -30.0681 14.8642
      vertex -52.0284 -30.6906 14.5876
      vertex -53.4225 -12.3694 15.3493
    endloop
  endfacet
  facet normal 0.482787 0.00354679 0.875731
    outer loop
      vertex -52.0284 -30.6906 14.5876
      vertex -52.5347 -30.0681 14.8642
      vertex -52.0384 -30.6874 14.5931
    endloop
  endfacet
  facet normal 0.479496 0 0.877544
    outer loop
      vertex -52.5347 -30.0681 14.8642
      vertex -53.4225 -12.3694 15.3493
      vertex -53.4225 -28.9602 15.3493
    endloop
  endfacet
  facet normal 0.472826 -0.0132107 0.881057
    outer loop
      vertex -50.5051 -8.33131 13.7916
      vertex -49.8401 -7.71259 13.444
      vertex -49.8501 -7.71703 13.4493
    endloop
  endfacet
  facet normal 0.46324 0 0.886233
    outer loop
      vertex -49.8401 -7.71259 13.444
      vertex -50.5051 -9.80231 13.7916
      vertex -49.8401 -11.8982 13.444
    endloop
  endfacet
  facet normal 0.462955 -0.000115298 0.886382
    outer loop
      vertex -50.6309 -9.84027 13.8573
      vertex -49.8401 -11.8982 13.444
      vertex -50.5051 -9.80231 13.7916
    endloop
  endfacet
  facet normal 0.463133 -2.8047e-05 0.886289
    outer loop
      vertex -51.09 -9.9686 14.0972
      vertex -49.8401 -11.8982 13.444
      vertex -50.6309 -9.84027 13.8573
    endloop
  endfacet
  facet normal 0.463367 0.000165195 0.886166
    outer loop
      vertex -49.8401 -11.8982 13.444
      vertex -51.09 -9.9686 14.0972
      vertex -50.0485 -12.0581 13.553
    endloop
  endfacet
  facet normal 0.46324 0 0.886233
    outer loop
      vertex -49.8401 -7.71259 13.444
      vertex -50.5051 -8.33131 13.7916
      vertex -50.5051 -9.80231 13.7916
    endloop
  endfacet
  facet normal 0.463208 0 0.886249
    outer loop
      vertex -51.2588 -30.9479 14.1855
      vertex -49.8401 -31.4177 13.444
      vertex -49.8401 -13.9151 13.444
    endloop
  endfacet
  facet normal 0.463439 -4.57266e-05 0.886129
    outer loop
      vertex -52.0284 -30.6906 14.5876
      vertex -49.8401 -13.9151 13.444
      vertex -50.0485 -13.7552 13.553
    endloop
  endfacet
  facet normal 0.462972 2.386e-05 0.886373
    outer loop
      vertex -52.0284 -30.6906 14.5876
      vertex -50.0485 -13.7552 13.553
      vertex -50.2392 -13.5067 13.6526
    endloop
  endfacet
  facet normal 0.46335 -2.62382e-05 0.886176
    outer loop
      vertex -52.0284 -30.6906 14.5876
      vertex -50.2392 -13.5067 13.6526
      vertex -50.3591 -13.2172 13.7153
    endloop
  endfacet
  facet normal 0.462958 -0.000108059 0.88638
    outer loop
      vertex -52.0284 -9.75993 14.5876
      vertex -50.3591 -13.2172 13.7153
      vertex -50.4 -12.9067 13.7367
    endloop
  endfacet
  facet normal 0.468291 0.0032962 0.883568
    outer loop
      vertex -51.1 -9.9686 14.1025
      vertex -50.0485 -12.0581 13.553
      vertex -51.09 -9.9686 14.0972
    endloop
  endfacet
  facet normal 0.46303 -8.09282e-05 0.886343
    outer loop
      vertex -50.0485 -12.0581 13.553
      vertex -51.1 -9.9686 14.1025
      vertex -50.2392 -12.3067 13.6526
    endloop
  endfacet
  facet normal 0.463095 -5.03367e-05 0.886308
    outer loop
      vertex -52.0284 -9.75993 14.5876
      vertex -50.2392 -12.3067 13.6526
      vertex -51.1 -9.9686 14.1025
    endloop
  endfacet
  facet normal 0.463244 8.219e-05 0.886231
    outer loop
      vertex -50.2392 -12.3067 13.6526
      vertex -52.0284 -9.75993 14.5876
      vertex -50.3591 -12.5961 13.7153
    endloop
  endfacet
  facet normal 0.46322 6.41827e-05 0.886244
    outer loop
      vertex -50.3591 -12.5961 13.7153
      vertex -52.0284 -9.75993 14.5876
      vertex -50.4 -12.9067 13.7367
    endloop
  endfacet
  facet normal 0.466819 0.0140712 0.884241
    outer loop
      vertex -49.8401 -31.4177 13.444
      vertex -51.2588 -30.9479 14.1855
      vertex -49.8501 -31.419 13.4493
    endloop
  endfacet
  facet normal 0.463104 0 0.886304
    outer loop
      vertex -52.0284 -9.75993 14.5876
      vertex -51.1 -9.9686 14.1025
      vertex -51.1 -8.88925 14.1025
    endloop
  endfacet
  facet normal 0.463134 0 0.886288
    outer loop
      vertex -50.3591 -13.2172 13.7153
      vertex -52.0284 -9.75993 14.5876
      vertex -52.0284 -30.6906 14.5876
    endloop
  endfacet
  facet normal 0.463085 1.30992e-05 0.886314
    outer loop
      vertex -49.8401 -13.9151 13.444
      vertex -52.0284 -30.6906 14.5876
      vertex -51.2588 -30.9479 14.1855
    endloop
  endfacet
  facet normal 0.450312 -0.0176941 0.892696
    outer loop
      vertex -48.5309 -7.10757 12.7955
      vertex -47.79 -6.76755 12.4285
      vertex -47.8 -6.76979 12.4335
    endloop
  endfacet
  facet normal 0.443797 0 0.896128
    outer loop
      vertex -47.79 -6.76755 12.4285
      vertex -48 -12.9067 12.5325
      vertex -47.79 -31.1907 12.4285
    endloop
  endfacet
  facet normal 0.44452 1.03567e-05 0.895769
    outer loop
      vertex -48.0409 -13.2172 12.5528
      vertex -47.79 -31.1907 12.4285
      vertex -48 -12.9067 12.5325
    endloop
  endfacet
  facet normal 0.444421 -2.6621e-05 0.895818
    outer loop
      vertex -47.79 -6.76755 12.4285
      vertex -48.0409 -12.5961 12.5528
      vertex -48 -12.9067 12.5325
    endloop
  endfacet
  facet normal 0.443923 1.27768e-07 0.896065
    outer loop
      vertex -47.79 -6.76755 12.4285
      vertex -48.1608 -12.3067 12.6122
      vertex -48.0409 -12.5961 12.5528
    endloop
  endfacet
  facet normal 0.443661 2.19036e-05 0.896195
    outer loop
      vertex -47.79 -6.76755 12.4285
      vertex -48.3515 -12.0581 12.7066
      vertex -48.1608 -12.3067 12.6122
    endloop
  endfacet
  facet normal 0.443867 1.3601e-05 0.896093
    outer loop
      vertex -47.79 -6.76755 12.4285
      vertex -48.5309 -7.10757 12.7955
      vertex -48.6 -11.8674 12.8298
    endloop
  endfacet
  facet normal 0.444156 -4.34496e-05 0.89595
    outer loop
      vertex -47.79 -6.76755 12.4285
      vertex -48.6 -11.8674 12.8298
      vertex -48.3515 -12.0581 12.7066
    endloop
  endfacet
  facet normal 0.443747 1.57725e-05 0.896152
    outer loop
      vertex -48.5309 -7.10757 12.7955
      vertex -48.8894 -11.7475 12.9731
      vertex -48.6 -11.8674 12.8298
    endloop
  endfacet
  facet normal 0.443869 4.07989e-06 0.896092
    outer loop
      vertex -49.8401 -7.71259 13.444
      vertex -48.8894 -11.7475 12.9731
      vertex -48.5309 -7.10757 12.7955
    endloop
  endfacet
  facet normal 0.443984 3.77684e-05 0.896035
    outer loop
      vertex -48.8894 -11.7475 12.9731
      vertex -49.8401 -7.71259 13.444
      vertex -49.2 -11.7067 13.127
    endloop
  endfacet
  facet normal 0.443749 -9.06985e-06 0.896151
    outer loop
      vertex -49.2 -11.7067 13.127
      vertex -49.8401 -7.71259 13.444
      vertex -49.5106 -11.7475 13.2808
    endloop
  endfacet
  facet normal 0.443986 1.5008e-05 0.896034
    outer loop
      vertex -49.5106 -11.7475 13.2808
      vertex -49.8401 -7.71259 13.444
      vertex -49.8 -11.8674 13.4242
    endloop
  endfacet
  facet normal 0.442736 0 0.896652
    outer loop
      vertex -49.8 -11.8674 13.4242
      vertex -49.8401 -7.71259 13.444
      vertex -49.8401 -11.8982 13.444
    endloop
  endfacet
  facet normal 0.443922 -4.4247e-08 0.896065
    outer loop
      vertex -48.1608 -13.5067 12.6122
      vertex -47.79 -31.1907 12.4285
      vertex -48.0409 -13.2172 12.5528
    endloop
  endfacet
  facet normal 0.443646 -7.26123e-06 0.896202
    outer loop
      vertex -48.3515 -13.7552 12.7066
      vertex -47.79 -31.1907 12.4285
      vertex -48.1608 -13.5067 12.6122
    endloop
  endfacet
  facet normal 0.444174 1.39139e-05 0.895941
    outer loop
      vertex -48.6 -13.9459 12.8298
      vertex -47.79 -31.1907 12.4285
      vertex -48.3515 -13.7552 12.7066
    endloop
  endfacet
  facet normal 0.443746 -1.11355e-05 0.896153
    outer loop
      vertex -48.8894 -14.0658 12.9731
      vertex -47.79 -31.1907 12.4285
      vertex -48.6 -13.9459 12.8298
    endloop
  endfacet
  facet normal 0.443979 7.50044e-06 0.896037
    outer loop
      vertex -49.2 -14.1067 13.127
      vertex -47.79 -31.1907 12.4285
      vertex -48.8894 -14.0658 12.9731
    endloop
  endfacet
  facet normal 0.443871 -3.54567e-06 0.896091
    outer loop
      vertex -49.8401 -31.4177 13.444
      vertex -47.79 -31.1907 12.4285
      vertex -49.2 -14.1067 13.127
    endloop
  endfacet
  facet normal 0.443748 2.12636e-06 0.896152
    outer loop
      vertex -49.8401 -31.4177 13.444
      vertex -49.2 -14.1067 13.127
      vertex -49.5106 -14.0658 13.2808
    endloop
  endfacet
  facet normal 0.443989 -3.57977e-06 0.896032
    outer loop
      vertex -49.8401 -31.4177 13.444
      vertex -49.5106 -14.0658 13.2808
      vertex -49.8 -13.9459 13.4242
    endloop
  endfacet
  facet normal 0.442736 -0 0.896652
    outer loop
      vertex -49.8401 -31.4177 13.444
      vertex -49.8 -13.9459 13.4242
      vertex -49.8401 -13.9151 13.444
    endloop
  endfacet
  facet normal 0.441677 0.0233046 0.896871
    outer loop
      vertex -47.79 -31.1907 12.4285
      vertex -49.8401 -31.4177 13.444
      vertex -47.8 -31.1936 12.4335
    endloop
  endfacet
  facet normal 0.407566 0 0.913176
    outer loop
      vertex -46.5028 -6.43585 11.854
      vertex -47.79 -6.76755 12.4285
      vertex -46.5028 -8.68366 11.854
    endloop
  endfacet
  facet normal 0.407552 -5.79052e-07 0.913182
    outer loop
      vertex -46.3747 -8.65065 11.7968
      vertex -44.8 -30.4202 11.094
      vertex -44.7025 -8.18327 11.0505
    endloop
  endfacet
  facet normal 0.407722 1.41949e-05 0.913106
    outer loop
      vertex -46.5028 -8.68366 11.854
      vertex -44.8 -30.4202 11.094
      vertex -46.3747 -8.65065 11.7968
    endloop
  endfacet
  facet normal 0.407632 5.76415e-06 0.913146
    outer loop
      vertex -44.8 -30.4202 11.094
      vertex -46.5028 -8.68366 11.854
      vertex -45.6667 -30.6435 11.4809
    endloop
  endfacet
  facet normal 0.407566 -0 0.913176
    outer loop
      vertex -47.79 -31.1907 12.4285
      vertex -46.5028 -8.68366 11.854
      vertex -47.79 -6.76755 12.4285
    endloop
  endfacet
  facet normal 0.407542 1.65105e-06 0.913186
    outer loop
      vertex -46.5028 -8.68366 11.854
      vertex -47.79 -31.1907 12.4285
      vertex -45.6667 -30.6435 11.4809
    endloop
  endfacet
  facet normal 0.407303 0.000147398 0.913293
    outer loop
      vertex -42.9546 -7.76936 10.2704
      vertex -41.815 -5.22875 9.76176
      vertex -41.825 -5.23047 9.76622
    endloop
  endfacet
  facet normal 0.40758 -0 0.91317
    outer loop
      vertex -42.9546 -7.76936 10.2704
      vertex -41.825 -5.23047 9.76622
      vertex -42.9546 -5.52156 10.2704
    endloop
  endfacet
  facet normal 0.407577 0 0.913171
    outer loop
      vertex -41.815 -5.22875 9.76176
      vertex -42.9546 -7.76936 10.2704
      vertex -41.815 -34.6469 9.76176
    endloop
  endfacet
  facet normal 0.407496 5.5089e-06 0.913207
    outer loop
      vertex -44.8 -30.4202 11.094
      vertex -42.9546 -7.76936 10.2704
      vertex -43.0606 -7.79666 10.3177
    endloop
  endfacet
  facet normal 0.407562 -6.34688e-07 0.913177
    outer loop
      vertex -44.8 -30.4202 11.094
      vertex -43.0606 -7.79666 10.3177
      vertex -44.7025 -8.18327 11.0505
    endloop
  endfacet
  facet normal 0.407561 -8.43954e-07 0.913178
    outer loop
      vertex -42.9546 -7.76936 10.2704
      vertex -44.8 -30.4202 11.094
      vertex -41.815 -34.6469 9.76176
    endloop
  endfacet
  facet normal 0.407562 0 0.913178
    outer loop
      vertex -41.815 -34.6469 9.76176
      vertex -44.8 -30.4202 11.094
      vertex -44.8 -35.425 11.094
    endloop
  endfacet
  facet normal 0.353215 0 0.935542
    outer loop
      vertex -41.815 -5.22875 9.76176
      vertex -40.3659 -7.15983 9.21465
      vertex -40.3659 -4.91288 9.21465
    endloop
  endfacet
  facet normal 0.353215 -0 0.935542
    outer loop
      vertex -41.815 -34.6469 9.76176
      vertex -40.3659 -7.15983 9.21465
      vertex -41.815 -5.22875 9.76176
    endloop
  endfacet
  facet normal 0.353209 3.69664e-07 0.935544
    outer loop
      vertex -40.3659 -7.15983 9.21465
      vertex -41.815 -34.6469 9.76176
      vertex -41.3679 -34.5509 9.59296
    endloop
  endfacet
  facet normal 0.352738 0.000213418 0.935722
    outer loop
      vertex -36.7939 -6.3812 7.86603
      vertex -35.84 -3.92712 7.50588
      vertex -35.85 -3.9285 7.50965
    endloop
  endfacet
  facet normal 0.353223 -0 0.935539
    outer loop
      vertex -36.7939 -6.3812 7.86603
      vertex -35.85 -3.9285 7.50965
      vertex -36.7939 -4.13425 7.86603
    endloop
  endfacet
  facet normal 0.353218 0 0.935541
    outer loop
      vertex -35.84 -3.92712 7.50588
      vertex -36.7939 -6.3812 7.86603
      vertex -35.84 -33.3448 7.50588
    endloop
  endfacet
  facet normal 0.353086 -5.35232e-06 0.935591
    outer loop
      vertex -36.8775 -6.39942 7.89758
      vertex -35.84 -33.3448 7.50588
      vertex -36.7939 -6.3812 7.86603
    endloop
  endfacet
  facet normal 0.353221 5.75358e-07 0.93554
    outer loop
      vertex -38.315 -6.67928 8.44032
      vertex -35.84 -33.3448 7.50588
      vertex -36.8775 -6.39942 7.89758
    endloop
  endfacet
  facet normal 0.353214 -1.86846e-07 0.935543
    outer loop
      vertex -40.2312 -7.13046 9.16378
      vertex -35.84 -33.3448 7.50588
      vertex -38.315 -6.67928 8.44032
    endloop
  endfacet
  facet normal 0.353296 1.56464e-05 0.935511
    outer loop
      vertex -40.3659 -7.15983 9.21465
      vertex -35.84 -33.3448 7.50588
      vertex -40.2312 -7.13046 9.16378
    endloop
  endfacet
  facet normal 0.353217 -1.00178e-08 0.935541
    outer loop
      vertex -35.84 -33.3448 7.50588
      vertex -40.3659 -7.15983 9.21465
      vertex -39.2 -34.0854 8.77446
    endloop
  endfacet
  facet normal 0.353218 1.98336e-08 0.935541
    outer loop
      vertex -39.2 -34.0854 8.77446
      vertex -40.3659 -7.15983 9.21465
      vertex -41.3679 -34.5509 9.59296
    endloop
  endfacet
  facet normal 0.298869 0 0.954294
    outer loop
      vertex -35.84 -3.92712 7.50588
      vertex -34.2372 -5.88346 7.00391
      vertex -34.2372 -3.63731 7.00391
    endloop
  endfacet
  facet normal 0.298869 -0 0.954294
    outer loop
      vertex -35.84 -33.3448 7.50588
      vertex -34.2372 -5.88346 7.00391
      vertex -35.84 -3.92712 7.50588
    endloop
  endfacet
  facet normal 0.294604 0.000273159 0.955619
    outer loop
      vertex -34.2372 -5.88346 7.00391
      vertex -35.84 -33.3448 7.50588
      vertex -35.8388 -33.3446 7.50551
    endloop
  endfacet
  facet normal 0.298704 5.99462e-05 0.954346
    outer loop
      vertex -30.6331 -5.23177 5.87515
      vertex -29.865 -2.84749 5.63459
      vertex -29.875 -2.84854 5.63772
    endloop
  endfacet
  facet normal 0.298876 -0 0.954292
    outer loop
      vertex -30.6331 -5.23177 5.87515
      vertex -29.875 -2.84854 5.63772
      vertex -30.6331 -2.98562 5.87515
    endloop
  endfacet
  facet normal 0.298873 0 0.954293
    outer loop
      vertex -29.865 -2.84749 5.63459
      vertex -30.6331 -5.23177 5.87515
      vertex -29.865 -32.2648 5.63459
    endloop
  endfacet
  facet normal 0.298819 -1.70997e-06 0.95431
    outer loop
      vertex -30.6971 -5.24333 5.89519
      vertex -29.865 -32.2648 5.63459
      vertex -30.6331 -5.23177 5.87515
    endloop
  endfacet
  facet normal 0.298876 2.14097e-07 0.954292
    outer loop
      vertex -31.9275 -5.43574 6.28054
      vertex -29.865 -32.2648 5.63459
      vertex -30.6971 -5.24333 5.89519
    endloop
  endfacet
  facet normal 0.298874 5.11303e-08 0.954293
    outer loop
      vertex -34.0968 -5.85807 6.95994
      vertex -29.865 -32.2648 5.63459
      vertex -31.9275 -5.43574 6.28054
    endloop
  endfacet
  facet normal 0.298863 -1.72451e-06 0.954296
    outer loop
      vertex -34.2372 -5.88346 7.00391
      vertex -29.865 -32.2648 5.63459
      vertex -34.0968 -5.85807 6.95994
    endloop
  endfacet
  facet normal 0.298871 -2.6903e-07 0.954293
    outer loop
      vertex -29.865 -32.2648 5.63459
      vertex -34.2372 -5.88346 7.00391
      vertex -31.5994 -32.5818 6.17778
    endloop
  endfacet
  facet normal 0.298871 -2.75703e-07 0.954293
    outer loop
      vertex -31.5994 -32.5818 6.17778
      vertex -34.2372 -5.88346 7.00391
      vertex -33.6 -32.9474 6.80434
    endloop
  endfacet
  facet normal 0.298875 -1.84949e-07 0.954292
    outer loop
      vertex -33.6 -32.9474 6.80434
      vertex -34.2372 -5.88346 7.00391
      vertex -35.8388 -33.3446 7.50551
    endloop
  endfacet
  facet normal 0.244522 0 0.969644
    outer loop
      vertex -28.1221 -2.59374 5.19507
      vertex -29.865 -2.84749 5.63459
      vertex -28.1221 -4.83912 5.19507
    endloop
  endfacet
  facet normal 0.244357 4.51155e-05 0.969685
    outer loop
      vertex -24.4718 -4.30764 4.27452
      vertex -23.89 -1.97827 4.1278
      vertex -23.9 -1.979 4.13032
    endloop
  endfacet
  facet normal 0.24453 -0 0.969642
    outer loop
      vertex -24.4718 -4.30764 4.27452
      vertex -23.9 -1.979 4.13032
      vertex -24.4718 -2.06226 4.27452
    endloop
  endfacet
  facet normal 0.244527 0 0.969642
    outer loop
      vertex -23.89 -1.97827 4.1278
      vertex -24.4718 -4.30764 4.27452
      vertex -23.89 -31.3953 4.1278
    endloop
  endfacet
  facet normal 0.244198 -7.53191e-06 0.969726
    outer loop
      vertex -24.5185 -4.31444 4.28628
      vertex -23.89 -31.3953 4.1278
      vertex -24.4718 -4.30764 4.27452
    endloop
  endfacet
  facet normal 0.244541 9.38527e-07 0.969639
    outer loop
      vertex -25.54 -4.43691 4.5439
      vertex -23.89 -31.3953 4.1278
      vertex -24.5185 -4.31444 4.28628
    endloop
  endfacet
  facet normal 0.244527 7.01724e-08 0.969642
    outer loop
      vertex -27.977 -4.81799 5.15847
      vertex -23.89 -31.3953 4.1278
      vertex -25.54 -4.43691 4.5439
    endloop
  endfacet
  facet normal 0.244578 8.3574e-06 0.96963
    outer loop
      vertex -28.1221 -4.83912 5.19507
      vertex -23.89 -31.3953 4.1278
      vertex -27.977 -4.81799 5.15847
    endloop
  endfacet
  facet normal 0.244527 -3.03926e-07 0.969643
    outer loop
      vertex -23.89 -31.3953 4.1278
      vertex -28.1221 -4.83912 5.19507
      vertex -28 -32 5.16427
    endloop
  endfacet
  facet normal 0.244522 -0 0.969644
    outer loop
      vertex -29.865 -32.2648 5.63459
      vertex -28.1221 -4.83912 5.19507
      vertex -29.865 -2.84749 5.63459
    endloop
  endfacet
  facet normal 0.244527 -3.047e-07 0.969643
    outer loop
      vertex -28.1221 -4.83912 5.19507
      vertex -29.865 -32.2648 5.63459
      vertex -28 -32 5.16427
    endloop
  endfacet
  facet normal 0.190192 0 0.981747
    outer loop
      vertex -23.89 -1.97827 4.1278
      vertex -22.0325 -4.01517 3.76795
      vertex -22.0325 -1.77052 3.76795
    endloop
  endfacet
  facet normal 0.190192 -0 0.981747
    outer loop
      vertex -23.89 -31.3953 4.1278
      vertex -22.0325 -4.01517 3.76795
      vertex -23.89 -1.97827 4.1278
    endloop
  endfacet
  facet normal 0.190189 2.21211e-07 0.981748
    outer loop
      vertex -22.0325 -4.01517 3.76795
      vertex -23.89 -31.3953 4.1278
      vertex -22.4 -31.2343 3.83915
    endloop
  endfacet
  facet normal 0.189498 0.000126888 0.981881
    outer loop
      vertex -18.3098 -3.59882 3.0468
      vertex -17.915 -1.3107 2.97031
      vertex -17.925 -1.31111 2.97224
    endloop
  endfacet
  facet normal 0.190225 -0 0.981741
    outer loop
      vertex -18.3098 -3.59882 3.0468
      vertex -17.925 -1.31111 2.97224
      vertex -18.3098 -1.35416 3.0468
    endloop
  endfacet
  facet normal 0.190207 0 0.981744
    outer loop
      vertex -17.915 -1.3107 2.97031
      vertex -18.3098 -3.59882 3.0468
      vertex -17.915 -30.7276 2.97031
    endloop
  endfacet
  facet normal 0.189779 -6.46117e-06 0.981827
    outer loop
      vertex -18.3411 -3.60231 3.05285
      vertex -17.915 -30.7276 2.97031
      vertex -18.3098 -3.59882 3.0468
    endloop
  endfacet
  facet normal 0.190191 2.54048e-07 0.981747
    outer loop
      vertex -19.1525 -3.67108 3.21004
      vertex -17.915 -30.7276 2.97031
      vertex -18.3411 -3.60231 3.05285
    endloop
  endfacet
  facet normal 0.190188 1.20511e-07 0.981748
    outer loop
      vertex -21.8835 -3.99852 3.7391
      vertex -17.915 -30.7276 2.97031
      vertex -19.1525 -3.67108 3.21004
    endloop
  endfacet
  facet normal 0.190189 3.41259e-07 0.981747
    outer loop
      vertex -17.915 -30.7276 2.97031
      vertex -21.8835 -3.99852 3.7391
      vertex -18.8824 -30.8369 3.15772
    endloop
  endfacet
  facet normal 0.190095 -1.06411e-05 0.981766
    outer loop
      vertex -22.0325 -4.01517 3.76795
      vertex -18.8824 -30.8369 3.15772
      vertex -21.8835 -3.99852 3.7391
    endloop
  endfacet
  facet normal 0.190184 2.83382e-07 0.981748
    outer loop
      vertex -18.8824 -30.8369 3.15772
      vertex -22.0325 -4.01517 3.76795
      vertex -22.4 -31.2343 3.83915
    endloop
  endfacet
  facet normal 0.135848 0 0.99073
    outer loop
      vertex -17.915 -1.3107 2.97031
      vertex -15.999 -3.40298 2.70759
      vertex -15.999 -1.15902 2.70759
    endloop
  endfacet
  facet normal 0.135848 -0 0.99073
    outer loop
      vertex -17.915 -30.7276 2.97031
      vertex -15.999 -3.40298 2.70759
      vertex -17.915 -1.3107 2.97031
    endloop
  endfacet
  facet normal 0.13585 -1.45146e-07 0.990729
    outer loop
      vertex -15.999 -3.40298 2.70759
      vertex -17.915 -30.7276 2.97031
      vertex -16.8 -30.6437 2.81742
    endloop
  endfacet
  facet normal 0.135724 9.41674e-06 0.990747
    outer loop
      vertex -12.1469 -3.09802 2.1794
      vertex -13.1409 -15.7711 2.31569
      vertex -13.1 -16.0817 2.31009
    endloop
  endfacet
  facet normal 0.135842 -5.51474e-07 0.990731
    outer loop
      vertex -12.1645 -3.09942 2.18182
      vertex -13.2608 -15.4817 2.33213
      vertex -13.1409 -15.7711 2.31569
    endloop
  endfacet
  facet normal 0.135853 -1.55283e-06 0.990729
    outer loop
      vertex -12.1645 -3.09942 2.18182
      vertex -13.4515 -15.2332 2.35828
      vertex -13.2608 -15.4817 2.33213
    endloop
  endfacet
  facet normal 0.135869 -3.23591e-06 0.990727
    outer loop
      vertex -12.1645 -3.09942 2.18182
      vertex -13.7 -15.0425 2.39236
      vertex -13.4515 -15.2332 2.35828
    endloop
  endfacet
  facet normal 0.135841 4.45231e-07 0.990731
    outer loop
      vertex -12.1645 -3.09942 2.18182
      vertex -13.9894 -14.9226 2.43204
      vertex -13.7 -15.0425 2.39236
    endloop
  endfacet
  facet normal 0.13585 -1.49959e-07 0.990729
    outer loop
      vertex -12.765 -3.12974 2.26415
      vertex -14.3 -14.8817 2.47463
      vertex -13.9894 -14.9226 2.43204
    endloop
  endfacet
  facet normal 0.135844 7.0398e-07 0.99073
    outer loop
      vertex -15.8473 -3.39096 2.68678
      vertex -14.3 -14.8817 2.47463
      vertex -12.765 -3.12974 2.26415
    endloop
  endfacet
  facet normal 0.13582 -2.66101e-06 0.990734
    outer loop
      vertex -14.3 -14.8817 2.47463
      vertex -15.8473 -3.39096 2.68678
      vertex -14.6106 -14.9226 2.51721
    endloop
  endfacet
  facet normal 0.135905 6.7152e-06 0.990722
    outer loop
      vertex -15.999 -3.40298 2.70759
      vertex -14.6106 -14.9226 2.51721
      vertex -15.8473 -3.39096 2.68678
    endloop
  endfacet
  facet normal 0.135873 2.72402e-06 0.990726
    outer loop
      vertex -14.6106 -14.9226 2.51721
      vertex -15.999 -3.40298 2.70759
      vertex -14.9 -15.0425 2.5569
    endloop
  endfacet
  facet normal 0.135833 -1.12903e-06 0.990732
    outer loop
      vertex -14.9 -15.0425 2.5569
      vertex -15.999 -3.40298 2.70759
      vertex -15.1485 -15.2332 2.59097
    endloop
  endfacet
  facet normal 0.135844 -1.45661e-07 0.99073
    outer loop
      vertex -15.3392 -15.4817 2.61712
      vertex -15.999 -3.40298 2.70759
      vertex -15.4591 -15.7711 2.63356
    endloop
  endfacet
  facet normal 0.135854 4.58148e-07 0.990729
    outer loop
      vertex -15.1485 -15.2332 2.59097
      vertex -15.999 -3.40298 2.70759
      vertex -15.3392 -15.4817 2.61712
    endloop
  endfacet
  facet normal 0.135732 1.08399e-05 0.990746
    outer loop
      vertex -12.1469 -3.09802 2.1794
      vertex -11.94 -0.83838 2.15103
      vertex -11.95 -0.838482 2.1524
    endloop
  endfacet
  facet normal 0.135854 -0 0.990729
    outer loop
      vertex -12.1469 -3.09802 2.1794
      vertex -11.95 -0.838482 2.1524
      vertex -12.1469 -0.85407 2.1794
    endloop
  endfacet
  facet normal 0.135848 0 0.99073
    outer loop
      vertex -11.94 -0.83838 2.15103
      vertex -12.1469 -3.09802 2.1794
      vertex -11.94 -30.2551 2.15103
    endloop
  endfacet
  facet normal 0.136221 -3.02851e-05 0.990679
    outer loop
      vertex -13.1409 -15.7711 2.31569
      vertex -12.1469 -3.09802 2.1794
      vertex -12.1645 -3.09942 2.18182
    endloop
  endfacet
  facet normal 0.135832 1.84139e-06 0.990732
    outer loop
      vertex -13.9894 -14.9226 2.43204
      vertex -12.1645 -3.09942 2.18182
      vertex -12.765 -3.12974 2.26415
    endloop
  endfacet
  facet normal 0.13585 1.08888e-08 0.990729
    outer loop
      vertex -12.1469 -3.09802 2.1794
      vertex -13.1 -16.0817 2.31009
      vertex -11.94 -30.2551 2.15103
    endloop
  endfacet
  facet normal 0.135729 -1.00699e-05 0.990746
    outer loop
      vertex -13.1409 -16.3923 2.31569
      vertex -11.94 -30.2551 2.15103
      vertex -13.1 -16.0817 2.31009
    endloop
  endfacet
  facet normal 0.135843 3.05646e-08 0.99073
    outer loop
      vertex -13.2608 -16.6817 2.33213
      vertex -11.94 -30.2551 2.15103
      vertex -13.1409 -16.3923 2.31569
    endloop
  endfacet
  facet normal 0.135854 1.06999e-06 0.990729
    outer loop
      vertex -13.4515 -16.9302 2.35828
      vertex -11.94 -30.2551 2.15103
      vertex -13.2608 -16.6817 2.33213
    endloop
  endfacet
  facet normal 0.135869 2.83361e-06 0.990727
    outer loop
      vertex -13.7 -17.1209 2.39236
      vertex -11.94 -30.2551 2.15103
      vertex -13.4515 -16.9302 2.35828
    endloop
  endfacet
  facet normal 0.135841 -1.01294e-06 0.990731
    outer loop
      vertex -13.9894 -17.2408 2.43204
      vertex -11.94 -30.2551 2.15103
      vertex -13.7 -17.1209 2.39236
    endloop
  endfacet
  facet normal 0.135841 -9.06173e-07 0.990731
    outer loop
      vertex -11.94 -30.2551 2.15103
      vertex -13.9894 -17.2408 2.43204
      vertex -13.249 -30.3598 2.33051
    endloop
  endfacet
  facet normal 0.135851 -3.81807e-07 0.990729
    outer loop
      vertex -14.3 -17.2817 2.47463
      vertex -13.249 -30.3598 2.33051
      vertex -13.9894 -17.2408 2.43204
    endloop
  endfacet
  facet normal 0.135819 -2.98078e-06 0.990734
    outer loop
      vertex -14.6106 -17.2408 2.51721
      vertex -13.249 -30.3598 2.33051
      vertex -14.3 -17.2817 2.47463
    endloop
  endfacet
  facet normal 0.135872 -3.95017e-06 0.990726
    outer loop
      vertex -16.8 -30.6437 2.81742
      vertex -14.6106 -17.2408 2.51721
      vertex -14.9 -17.1209 2.5569
    endloop
  endfacet
  facet normal 0.135833 1.65532e-06 0.990732
    outer loop
      vertex -16.8 -30.6437 2.81742
      vertex -14.9 -17.1209 2.5569
      vertex -15.1485 -16.9302 2.59097
    endloop
  endfacet
  facet normal 0.135854 -8.87397e-07 0.990729
    outer loop
      vertex -16.8 -30.6437 2.81742
      vertex -15.1485 -16.9302 2.59097
      vertex -15.3392 -16.6817 2.61712
    endloop
  endfacet
  facet normal 0.135844 1.97504e-07 0.99073
    outer loop
      vertex -16.8 -30.6437 2.81742
      vertex -15.3392 -16.6817 2.61712
      vertex -15.4591 -16.3923 2.63356
    endloop
  endfacet
  facet normal 0.13588 1.48855e-06 0.990725
    outer loop
      vertex -15.4591 -15.7711 2.63356
      vertex -15.999 -3.40298 2.70759
      vertex -15.5 -16.0817 2.63917
    endloop
  endfacet
  facet normal 0.135848 1.04531e-07 0.99073
    outer loop
      vertex -14.6106 -17.2408 2.51721
      vertex -16.8 -30.6437 2.81742
      vertex -13.249 -30.3598 2.33051
    endloop
  endfacet
  facet normal 0.135872 -2.55274e-06 0.990726
    outer loop
      vertex -15.5 -16.0817 2.63917
      vertex -16.8 -30.6437 2.81742
      vertex -15.4591 -16.3923 2.63356
    endloop
  endfacet
  facet normal 0.135844 3.12878e-08 0.99073
    outer loop
      vertex -16.8 -30.6437 2.81742
      vertex -15.5 -16.0817 2.63917
      vertex -15.999 -3.40298 2.70759
    endloop
  endfacet
  facet normal 0.0815068 0 0.996673
    outer loop
      vertex -11.94 -0.83838 2.15103
      vertex -10.1355 -2.99644 2.00346
      vertex -10.1355 -0.753178 2.00346
    endloop
  endfacet
  facet normal 0.0815068 -0 0.996673
    outer loop
      vertex -11.94 -30.2551 2.15103
      vertex -10.1355 -2.99644 2.00346
      vertex -11.94 -0.83838 2.15103
    endloop
  endfacet
  facet normal 0.0815086 -1.23513e-07 0.996673
    outer loop
      vertex -10.1355 -2.99644 2.00346
      vertex -11.94 -30.2551 2.15103
      vertex -10.4608 -29.4689 2.03006
    endloop
  endfacet
  facet normal 0.0815269 -3.47198e-05 0.996671
    outer loop
      vertex -10.4608 -29.4689 2.03006
      vertex -11.94 -30.2551 2.15103
      vertex -11.4071 -30.2322 2.10744
    endloop
  endfacet
  facet normal 0.0809843 0.0123348 0.996639
    outer loop
      vertex -5.98282 -0.557108 1.66385
      vertex -5.965 -0.556947 1.6624
      vertex -5.975 -0.556739 1.66321
    endloop
  endfacet
  facet normal 0.0811012 0 0.996706
    outer loop
      vertex -5.965 -0.556947 1.6624
      vertex -5.98282 -0.557108 1.66385
      vertex -5.98282 -2.80037 1.66385
    endloop
  endfacet
  facet normal 0.0811012 0 0.996706
    outer loop
      vertex -5.965 -0.556947 1.6624
      vertex -5.98282 -2.80037 1.66385
      vertex -5.965 -22.6794 1.6624
    endloop
  endfacet
  facet normal 0.0812522 1.36239e-07 0.996694
    outer loop
      vertex -5.98834 -2.80063 1.6643
      vertex -5.965 -22.6794 1.6624
      vertex -5.98282 -2.80037 1.66385
    endloop
  endfacet
  facet normal 0.0815193 4.51971e-07 0.996672
    outer loop
      vertex -6.3775 -2.80716 1.69613
      vertex -5.965 -22.6794 1.6624
      vertex -5.98834 -2.80063 1.6643
    endloop
  endfacet
  facet normal 0.0815075 2.05537e-07 0.996673
    outer loop
      vertex -9.98182 -2.98919 1.99089
      vertex -5.965 -22.6794 1.6624
      vertex -6.3775 -2.80716 1.69613
    endloop
  endfacet
  facet normal 0.081521 2.96354e-06 0.996672
    outer loop
      vertex -10.1355 -2.99644 2.00346
      vertex -5.965 -22.6794 1.6624
      vertex -9.98182 -2.98919 1.99089
    endloop
  endfacet
  facet normal 0.0815066 -9.82796e-08 0.996673
    outer loop
      vertex -5.965 -22.6794 1.6624
      vertex -10.1355 -2.99644 2.00346
      vertex -10.4608 -29.4689 2.03006
    endloop
  endfacet
  facet normal 0.0815075 -6.83976e-07 0.996673
    outer loop
      vertex -5.965 -22.6794 1.6624
      vertex -10.4608 -29.4689 2.03006
      vertex -9.3527 -29.5295 1.93944
    endloop
  endfacet
  facet normal 0.02717 0 0.999631
    outer loop
      vertex -5.465 -0.549101 1.64881
      vertex -5.965 -0.556947 1.6624
      vertex -5.465 -2.79169 1.64881
    endloop
  endfacet
  facet normal 0.0271695 0 0.999631
    outer loop
      vertex 0.00499964 -2.70008 1.50014
      vertex -2.09732 -18.6122 1.55728
      vertex 0.00499964 -18.6122 1.50014
    endloop
  endfacet
  facet normal 0.0271677 2.40087e-07 0.999631
    outer loop
      vertex -5.31039 -2.78926 1.6446
      vertex -2.09732 -18.6122 1.55728
      vertex 0.00499964 -2.70008 1.50014
    endloop
  endfacet
  facet normal 0.0271646 -3.73265e-07 0.999631
    outer loop
      vertex -2.09732 -18.6122 1.55728
      vertex -5.31039 -2.78926 1.6446
      vertex -2.87378 -18.7144 1.57838
    endloop
  endfacet
  facet normal 0.0272196 8.0412e-06 0.999629
    outer loop
      vertex -5.465 -2.79169 1.64881
      vertex -2.87378 -18.7144 1.57838
      vertex -5.31039 -2.78926 1.6446
    endloop
  endfacet
  facet normal 0.0271625 -1.26298e-06 0.999631
    outer loop
      vertex -2.87378 -18.7144 1.57838
      vertex -5.465 -2.79169 1.64881
      vertex -3.59732 -19.0141 1.59804
    endloop
  endfacet
  facet normal 0.027174 6.36796e-08 0.999631
    outer loop
      vertex -3.59732 -19.0141 1.59804
      vertex -5.465 -2.79169 1.64881
      vertex -4.21864 -19.4908 1.61493
    endloop
  endfacet
  facet normal 0.0271734 2.25193e-08 0.999631
    outer loop
      vertex -4.21864 -19.4908 1.61493
      vertex -5.465 -2.79169 1.64881
      vertex -4.6954 -20.1122 1.62789
    endloop
  endfacet
  facet normal 0.02717 -0 0.999631
    outer loop
      vertex -5.965 -22.6794 1.6624
      vertex -5.465 -2.79169 1.64881
      vertex -5.965 -0.556947 1.6624
    endloop
  endfacet
  facet normal 0.0271718 -4.73833e-08 0.999631
    outer loop
      vertex -5.465 -2.79169 1.64881
      vertex -5.965 -22.6794 1.6624
      vertex -4.6954 -20.1122 1.62789
    endloop
  endfacet
  facet normal -0.0271694 0 0.999631
    outer loop
      vertex 5.47499 -2.79169 1.64881
      vertex 5.975 -0.556947 1.6624
      vertex 5.47499 -0.549101 1.64881
    endloop
  endfacet
  facet normal -0.0271694 0 0.999631
    outer loop
      vertex 5.975 -0.556947 1.6624
      vertex 5.47499 -2.79169 1.64881
      vertex 5.975 -22.6996 1.6624
    endloop
  endfacet
  facet normal -0.0272213 8.45486e-06 0.999629
    outer loop
      vertex 2.87378 -18.7144 1.57811
      vertex 5.47499 -2.79169 1.64881
      vertex 5.32039 -2.78926 1.6446
    endloop
  endfacet
  facet normal -0.0271704 -2.41346e-08 0.999631
    outer loop
      vertex 5.47499 -2.79169 1.64881
      vertex 4.6954 -20.1122 1.62762
      vertex 5.975 -22.6996 1.6624
    endloop
  endfacet
  facet normal -0.0271733 1.07714e-07 0.999631
    outer loop
      vertex 5.47499 -2.79169 1.64881
      vertex 4.21864 -19.4908 1.61466
      vertex 4.6954 -20.1122 1.62762
    endloop
  endfacet
  facet normal -0.0271739 1.52435e-07 0.999631
    outer loop
      vertex 5.47499 -2.79169 1.64881
      vertex 3.59732 -19.0141 1.59777
      vertex 4.21864 -19.4908 1.61466
    endloop
  endfacet
  facet normal -0.0271624 -1.17754e-06 0.999631
    outer loop
      vertex 5.47499 -2.79169 1.64881
      vertex 2.87378 -18.7144 1.57811
      vertex 3.59732 -19.0141 1.59777
    endloop
  endfacet
  facet normal -0.0271772 1.67288e-06 0.999631
    outer loop
      vertex 5.32039 -2.78926 1.6446
      vertex 2.09732 -18.6122 1.557
      vertex 2.87378 -18.7144 1.57811
    endloop
  endfacet
  facet normal -0.0271677 -2.78397e-07 0.999631
    outer loop
      vertex 0.00499964 -2.70008 1.50014
      vertex 2.09732 -18.6122 1.557
      vertex 5.32039 -2.78926 1.6446
    endloop
  endfacet
  facet normal -0.0271655 0 0.999631
    outer loop
      vertex 2.09732 -18.6122 1.557
      vertex 0.00499964 -2.70008 1.50014
      vertex 0.00499964 -18.6122 1.50014
    endloop
  endfacet
  facet normal -0.0809843 0.0123348 0.996639
    outer loop
      vertex 5.975 -0.556947 1.6624
      vertex 5.99282 -0.557108 1.66385
      vertex 5.985 -0.556739 1.66321
    endloop
  endfacet
  facet normal -0.0815068 0 0.996673
    outer loop
      vertex 10.1455 -2.99644 2.00346
      vertex 11.95 -30.2551 2.15103
      vertex 11.95 -0.83838 2.15103
    endloop
  endfacet
  facet normal -0.081507 -1.39246e-08 0.996673
    outer loop
      vertex 5.975 -22.6996 1.6624
      vertex 11.95 -30.2551 2.15103
      vertex 10.1455 -2.99644 2.00346
    endloop
  endfacet
  facet normal -0.0815068 0 0.996673
    outer loop
      vertex 10.1455 -2.99644 2.00346
      vertex 11.95 -0.83838 2.15103
      vertex 10.1455 -0.753178 2.00346
    endloop
  endfacet
  facet normal -0.0815143 -5.79541e-06 0.996672
    outer loop
      vertex 10.4618 -29.4694 2.02932
      vertex 11.95 -30.2551 2.15103
      vertex 5.975 -22.6996 1.6624
    endloop
  endfacet
  facet normal -0.081521 2.96054e-06 0.996672
    outer loop
      vertex 5.975 -22.6996 1.6624
      vertex 10.1455 -2.99644 2.00346
      vertex 9.99182 -2.98919 1.99089
    endloop
  endfacet
  facet normal -0.0815181 -1.30749e-05 0.996672
    outer loop
      vertex 11.95 -30.2551 2.15103
      vertex 10.4618 -29.4694 2.02932
      vertex 11.4069 -30.2318 2.10661
    endloop
  endfacet
  facet normal -0.0815075 2.05328e-07 0.996673
    outer loop
      vertex 5.975 -22.6996 1.6624
      vertex 9.99182 -2.98919 1.99089
      vertex 6.3875 -2.80716 1.69613
    endloop
  endfacet
  facet normal -0.0815193 4.51512e-07 0.996672
    outer loop
      vertex 5.975 -22.6996 1.6624
      vertex 6.3875 -2.80716 1.69613
      vertex 5.99834 -2.80063 1.6643
    endloop
  endfacet
  facet normal -0.0812522 1.361e-07 0.996694
    outer loop
      vertex 5.975 -22.6996 1.6624
      vertex 5.99834 -2.80063 1.6643
      vertex 5.99282 -2.80037 1.66385
    endloop
  endfacet
  facet normal -0.0811012 0 0.996706
    outer loop
      vertex 5.99282 -0.557108 1.66385
      vertex 5.975 -0.556947 1.6624
      vertex 5.99282 -2.80037 1.66385
    endloop
  endfacet
  facet normal -0.081507 -9.54732e-07 0.996673
    outer loop
      vertex 10.4618 -29.4694 2.02932
      vertex 5.975 -22.6996 1.6624
      vertex 9.35296 -29.53 1.93864
    endloop
  endfacet
  facet normal -0.0811012 0 0.996706
    outer loop
      vertex 5.975 -22.6996 1.6624
      vertex 5.99282 -2.80037 1.66385
      vertex 5.975 -0.556947 1.6624
    endloop
  endfacet
  facet normal -0.135854 0 0.990729
    outer loop
      vertex 12.1569 -0.85407 2.1794
      vertex 11.96 -0.838482 2.1524
      vertex 12.1569 -3.09802 2.1794
    endloop
  endfacet
  facet normal -0.135866 3.35099e-06 0.990727
    outer loop
      vertex 17.925 -1.3107 2.97031
      vertex 15.4591 -15.7711 2.63219
      vertex 15.5 -16.0817 2.6378
    endloop
  endfacet
  facet normal -0.135843 -6.27473e-08 0.99073
    outer loop
      vertex 16.009 -3.40298 2.70759
      vertex 15.3392 -15.4817 2.61575
      vertex 15.4591 -15.7711 2.63219
    endloop
  endfacet
  facet normal -0.135854 5.54359e-07 0.990729
    outer loop
      vertex 16.009 -3.40298 2.70759
      vertex 15.1485 -15.2332 2.5896
      vertex 15.3392 -15.4817 2.61575
    endloop
  endfacet
  facet normal -0.135833 -1.04694e-06 0.990732
    outer loop
      vertex 16.009 -3.40298 2.70759
      vertex 14.9 -15.0425 2.55553
      vertex 15.1485 -15.2332 2.5896
    endloop
  endfacet
  facet normal -0.135873 2.84249e-06 0.990726
    outer loop
      vertex 16.009 -3.40298 2.70759
      vertex 14.6106 -14.9226 2.51584
      vertex 14.9 -15.0425 2.55553
    endloop
  endfacet
  facet normal -0.13582 -2.58489e-06 0.990734
    outer loop
      vertex 15.8573 -3.39096 2.68678
      vertex 14.3 -14.8817 2.47326
      vertex 14.6106 -14.9226 2.51584
    endloop
  endfacet
  facet normal -0.135844 8.02076e-07 0.99073
    outer loop
      vertex 12.775 -3.12974 2.26415
      vertex 14.3 -14.8817 2.47326
      vertex 15.8573 -3.39096 2.68678
    endloop
  endfacet
  facet normal -0.13585 -4.91024e-08 0.990729
    outer loop
      vertex 14.3 -14.8817 2.47326
      vertex 12.775 -3.12974 2.26415
      vertex 13.9894 -14.9226 2.43067
    endloop
  endfacet
  facet normal -0.135832 1.9278e-06 0.990732
    outer loop
      vertex 12.1745 -3.09942 2.18182
      vertex 13.9894 -14.9226 2.43067
      vertex 12.775 -3.12974 2.26415
    endloop
  endfacet
  facet normal -0.136223 -5.92728e-05 0.990678
    outer loop
      vertex 12.1569 -3.09802 2.1794
      vertex 13.9894 -14.9226 2.43067
      vertex 12.1745 -3.09942 2.18182
    endloop
  endfacet
  facet normal -0.135872 -3.91394e-06 0.990726
    outer loop
      vertex 13.9894 -14.9226 2.43067
      vertex 12.1569 -3.09802 2.1794
      vertex 13.7 -15.0425 2.39098
    endloop
  endfacet
  facet normal -0.135854 -9.89644e-07 0.990729
    outer loop
      vertex 13.4515 -15.2332 2.35691
      vertex 12.1569 -3.09802 2.1794
      vertex 13.2608 -15.4817 2.33076
    endloop
  endfacet
  facet normal -0.135833 1.27938e-06 0.990732
    outer loop
      vertex 13.7 -15.0425 2.39098
      vertex 12.1569 -3.09802 2.1794
      vertex 13.4515 -15.2332 2.35691
    endloop
  endfacet
  facet normal -0.135846 0 0.99073
    outer loop
      vertex 15.5 -16.0817 2.6378
      vertex 17.925 -30.7276 2.97031
      vertex 17.925 -1.3107 2.97031
    endloop
  endfacet
  facet normal -0.135848 0 0.99073
    outer loop
      vertex 16.009 -3.40298 2.70759
      vertex 17.925 -1.3107 2.97031
      vertex 16.009 -1.15902 2.70759
    endloop
  endfacet
  facet normal -0.135848 1.46236e-07 0.99073
    outer loop
      vertex 15.4591 -15.7711 2.63219
      vertex 17.925 -1.3107 2.97031
      vertex 16.009 -3.40298 2.70759
    endloop
  endfacet
  facet normal -0.135905 6.86691e-06 0.990722
    outer loop
      vertex 14.6106 -14.9226 2.51584
      vertex 16.009 -3.40298 2.70759
      vertex 15.8573 -3.39096 2.68678
    endloop
  endfacet
  facet normal -0.135866 -3.36367e-06 0.990727
    outer loop
      vertex 15.4591 -16.3923 2.63219
      vertex 17.925 -30.7276 2.97031
      vertex 15.5 -16.0817 2.6378
    endloop
  endfacet
  facet normal -0.135844 4.85502e-07 0.99073
    outer loop
      vertex 15.3392 -16.6817 2.61575
      vertex 17.925 -30.7276 2.97031
      vertex 15.4591 -16.3923 2.63219
    endloop
  endfacet
  facet normal -0.135853 -1.21651e-06 0.990729
    outer loop
      vertex 15.1485 -16.9302 2.5896
      vertex 17.925 -30.7276 2.97031
      vertex 15.3392 -16.6817 2.61575
    endloop
  endfacet
  facet normal -0.135834 2.77335e-06 0.990732
    outer loop
      vertex 14.9 -17.1209 2.55553
      vertex 17.925 -30.7276 2.97031
      vertex 15.1485 -16.9302 2.5896
    endloop
  endfacet
  facet normal -0.13585 -8.33485e-07 0.990729
    outer loop
      vertex 17.925 -30.7276 2.97031
      vertex 14.9 -17.1209 2.55553
      vertex 16.81 -30.6437 2.81742
    endloop
  endfacet
  facet normal -0.135872 -4.04995e-06 0.990726
    outer loop
      vertex 14.6106 -17.2408 2.51584
      vertex 16.81 -30.6437 2.81742
      vertex 14.9 -17.1209 2.55553
    endloop
  endfacet
  facet normal -0.135819 -3.04899e-06 0.990734
    outer loop
      vertex 13.259 -30.3598 2.33051
      vertex 14.6106 -17.2408 2.51584
      vertex 14.3 -17.2817 2.47326
    endloop
  endfacet
  facet normal -0.135851 -4.73082e-07 0.990729
    outer loop
      vertex 13.259 -30.3598 2.33051
      vertex 14.3 -17.2817 2.47326
      vertex 13.9894 -17.2408 2.43067
    endloop
  endfacet
  facet normal -0.135872 3.94476e-06 0.990726
    outer loop
      vertex 11.95 -30.2551 2.15103
      vertex 13.9894 -17.2408 2.43067
      vertex 13.7 -17.1209 2.39098
    endloop
  endfacet
  facet normal -0.135833 -1.3976e-06 0.990732
    outer loop
      vertex 11.95 -30.2551 2.15103
      vertex 13.7 -17.1209 2.39098
      vertex 13.4515 -16.9302 2.35691
    endloop
  endfacet
  facet normal -0.135854 9.88967e-07 0.990729
    outer loop
      vertex 11.95 -30.2551 2.15103
      vertex 13.4515 -16.9302 2.35691
      vertex 13.2608 -16.6817 2.33076
    endloop
  endfacet
  facet normal -0.135848 1.53136e-08 0.99073
    outer loop
      vertex 14.6106 -17.2408 2.51584
      vertex 13.259 -30.3598 2.33051
      vertex 16.81 -30.6437 2.81742
    endloop
  endfacet
  facet normal -0.135843 -3.70266e-08 0.99073
    outer loop
      vertex 11.95 -30.2551 2.15103
      vertex 13.2608 -16.6817 2.33076
      vertex 13.1409 -16.3923 2.31432
    endloop
  endfacet
  facet normal -0.135873 2.52524e-06 0.990726
    outer loop
      vertex 11.95 -30.2551 2.15103
      vertex 13.1409 -16.3923 2.31432
      vertex 13.1 -16.0817 2.30871
    endloop
  endfacet
  facet normal -0.135843 -2.85533e-08 0.99073
    outer loop
      vertex 13.2608 -15.4817 2.33076
      vertex 12.1569 -3.09802 2.1794
      vertex 13.1409 -15.7711 2.31432
    endloop
  endfacet
  facet normal -0.135873 -2.41922e-06 0.990726
    outer loop
      vertex 13.1409 -15.7711 2.31432
      vertex 12.1569 -3.09802 2.1794
      vertex 13.1 -16.0817 2.30871
    endloop
  endfacet
  facet normal -0.135841 -5.27957e-08 0.990731
    outer loop
      vertex 13.1 -16.0817 2.30871
      vertex 12.1569 -3.09802 2.1794
      vertex 11.95 -30.2551 2.15103
    endloop
  endfacet
  facet normal -0.135732 1.08399e-05 0.990746
    outer loop
      vertex 11.95 -0.83838 2.15103
      vertex 12.1569 -3.09802 2.1794
      vertex 11.96 -0.838482 2.1524
    endloop
  endfacet
  facet normal -0.135848 0 0.99073
    outer loop
      vertex 12.1569 -3.09802 2.1794
      vertex 11.95 -0.83838 2.15103
      vertex 11.95 -30.2551 2.15103
    endloop
  endfacet
  facet normal -0.135841 -9.90659e-07 0.990731
    outer loop
      vertex 13.9894 -17.2408 2.43067
      vertex 11.95 -30.2551 2.15103
      vertex 13.259 -30.3598 2.33051
    endloop
  endfacet
  facet normal -0.190225 0 0.981741
    outer loop
      vertex 18.3198 -1.35416 3.0468
      vertex 17.935 -1.31111 2.97224
      vertex 18.3198 -3.59882 3.0468
    endloop
  endfacet
  facet normal -0.190192 0 0.981747
    outer loop
      vertex 22.0425 -4.01518 3.76795
      vertex 23.9 -31.3953 4.1278
      vertex 23.9 -1.97827 4.1278
    endloop
  endfacet
  facet normal -0.190192 0 0.981747
    outer loop
      vertex 22.0425 -4.01518 3.76795
      vertex 23.9 -1.97827 4.1278
      vertex 22.0425 -1.77052 3.76795
    endloop
  endfacet
  facet normal -0.190189 2.21211e-07 0.981748
    outer loop
      vertex 23.9 -31.3953 4.1278
      vertex 22.0425 -4.01518 3.76795
      vertex 22.41 -31.2343 3.83915
    endloop
  endfacet
  facet normal -0.190095 -1.06411e-05 0.981766
    outer loop
      vertex 18.8924 -30.8369 3.15772
      vertex 22.0425 -4.01518 3.76795
      vertex 21.8935 -3.99852 3.7391
    endloop
  endfacet
  facet normal -0.190188 1.20511e-07 0.981748
    outer loop
      vertex 17.925 -30.7276 2.97031
      vertex 21.8935 -3.99852 3.7391
      vertex 19.1625 -3.67108 3.21004
    endloop
  endfacet
  facet normal -0.190184 2.83382e-07 0.981748
    outer loop
      vertex 22.0425 -4.01518 3.76795
      vertex 18.8924 -30.8369 3.15772
      vertex 22.41 -31.2343 3.83915
    endloop
  endfacet
  facet normal -0.190191 2.54048e-07 0.981747
    outer loop
      vertex 17.925 -30.7276 2.97031
      vertex 19.1625 -3.67108 3.21004
      vertex 18.3511 -3.60231 3.05285
    endloop
  endfacet
  facet normal -0.189779 -6.46117e-06 0.981827
    outer loop
      vertex 17.925 -30.7276 2.97031
      vertex 18.3511 -3.60231 3.05285
      vertex 18.3198 -3.59882 3.0468
    endloop
  endfacet
  facet normal -0.189498 0.000126888 0.981881
    outer loop
      vertex 17.925 -1.3107 2.97031
      vertex 18.3198 -3.59882 3.0468
      vertex 17.935 -1.31111 2.97224
    endloop
  endfacet
  facet normal -0.190207 0 0.981744
    outer loop
      vertex 18.3198 -3.59882 3.0468
      vertex 17.925 -1.3107 2.97031
      vertex 17.925 -30.7276 2.97031
    endloop
  endfacet
  facet normal -0.190189 3.41259e-07 0.981747
    outer loop
      vertex 21.8935 -3.99852 3.7391
      vertex 17.925 -30.7276 2.97031
      vertex 18.8924 -30.8369 3.15772
    endloop
  endfacet
  facet normal -0.24453 0 0.969642
    outer loop
      vertex 24.4818 -2.06226 4.27452
      vertex 23.91 -1.979 4.13032
      vertex 24.4818 -4.30764 4.27452
    endloop
  endfacet
  facet normal -0.244517 0 0.969645
    outer loop
      vertex 28.1321 -4.83913 5.19508
      vertex 29.875 -2.84749 5.63459
      vertex 28.1321 -2.59374 5.19508
    endloop
  endfacet
  facet normal -0.244517 0 0.969645
    outer loop
      vertex 29.875 -2.84749 5.63459
      vertex 28.1321 -4.83913 5.19508
      vertex 29.875 -32.2648 5.63459
    endloop
  endfacet
  facet normal -0.244527 -6.61473e-07 0.969643
    outer loop
      vertex 28.1321 -4.83913 5.19508
      vertex 28.01 -32 5.16427
      vertex 29.875 -32.2648 5.63459
    endloop
  endfacet
  facet normal -0.244639 1.8408e-05 0.969614
    outer loop
      vertex 23.9 -31.3953 4.1278
      vertex 28.1321 -4.83913 5.19508
      vertex 27.987 -4.81799 5.15847
    endloop
  endfacet
  facet normal -0.244527 7.01724e-08 0.969642
    outer loop
      vertex 23.9 -31.3953 4.1278
      vertex 27.987 -4.81799 5.15847
      vertex 25.55 -4.43691 4.5439
    endloop
  endfacet
  facet normal -0.244532 3.61779e-07 0.969641
    outer loop
      vertex 23.9 -31.3953 4.1278
      vertex 25.55 -4.43691 4.5439
      vertex 24.5285 -4.31444 4.28629
    endloop
  endfacet
  facet normal -0.244392 -3.08566e-06 0.969676
    outer loop
      vertex 23.9 -31.3953 4.1278
      vertex 24.5285 -4.31444 4.28629
      vertex 24.4818 -4.30764 4.27452
    endloop
  endfacet
  facet normal -0.244357 4.51155e-05 0.969685
    outer loop
      vertex 23.9 -1.97827 4.1278
      vertex 24.4818 -4.30764 4.27452
      vertex 23.91 -1.979 4.13032
    endloop
  endfacet
  facet normal -0.244527 0 0.969642
    outer loop
      vertex 24.4818 -4.30764 4.27452
      vertex 23.9 -1.97827 4.1278
      vertex 23.9 -31.3953 4.1278
    endloop
  endfacet
  facet normal -0.244527 -6.6069e-07 0.969642
    outer loop
      vertex 28.1321 -4.83913 5.19508
      vertex 23.9 -31.3953 4.1278
      vertex 28.01 -32 5.16427
    endloop
  endfacet
  facet normal -0.298864 0 0.954296
    outer loop
      vertex 30.6431 -2.98562 5.87515
      vertex 29.885 -2.84854 5.63773
      vertex 30.6431 -5.23177 5.87515
    endloop
  endfacet
  facet normal -0.298869 0 0.954294
    outer loop
      vertex 34.2472 -5.88345 7.00391
      vertex 35.85 -33.3448 7.50588
      vertex 35.85 -3.92712 7.50588
    endloop
  endfacet
  facet normal -0.298869 0 0.954294
    outer loop
      vertex 34.2472 -5.88345 7.00391
      vertex 35.85 -3.92712 7.50588
      vertex 34.2472 -3.63731 7.00391
    endloop
  endfacet
  facet normal -0.294604 0.000273159 0.955619
    outer loop
      vertex 35.85 -33.3448 7.50588
      vertex 34.2472 -5.88345 7.00391
      vertex 35.8488 -33.3446 7.50551
    endloop
  endfacet
  facet normal -0.298924 9.21231e-06 0.954277
    outer loop
      vertex 29.875 -32.2648 5.63459
      vertex 34.2472 -5.88345 7.00391
      vertex 34.1068 -5.85807 6.95993
    endloop
  endfacet
  facet normal -0.298875 -1.84949e-07 0.954292
    outer loop
      vertex 34.2472 -5.88345 7.00391
      vertex 33.61 -32.9474 6.80434
      vertex 35.8488 -33.3446 7.50551
    endloop
  endfacet
  facet normal -0.29887 -2.82065e-07 0.954294
    outer loop
      vertex 29.875 -32.2648 5.63459
      vertex 34.1068 -5.85807 6.95993
      vertex 31.9375 -5.43574 6.28054
    endloop
  endfacet
  facet normal -0.298871 -2.75703e-07 0.954293
    outer loop
      vertex 34.2472 -5.88345 7.00391
      vertex 31.6094 -32.5818 6.17778
      vertex 33.61 -32.9474 6.80434
    endloop
  endfacet
  facet normal -0.298876 2.14097e-07 0.954292
    outer loop
      vertex 29.875 -32.2648 5.63459
      vertex 31.9375 -5.43574 6.28054
      vertex 30.7071 -5.24333 5.89519
    endloop
  endfacet
  facet normal -0.298819 -1.70997e-06 0.95431
    outer loop
      vertex 29.875 -32.2648 5.63459
      vertex 30.7071 -5.24333 5.89519
      vertex 30.6431 -5.23177 5.87515
    endloop
  endfacet
  facet normal -0.299603 -0.000258185 0.954064
    outer loop
      vertex 29.875 -2.84749 5.63459
      vertex 30.6431 -5.23177 5.87515
      vertex 29.885 -2.84854 5.63773
    endloop
  endfacet
  facet normal -0.298873 0 0.954293
    outer loop
      vertex 30.6431 -5.23177 5.87515
      vertex 29.875 -2.84749 5.63459
      vertex 29.875 -32.2648 5.63459
    endloop
  endfacet
  facet normal -0.298871 -2.6903e-07 0.954293
    outer loop
      vertex 34.2472 -5.88345 7.00391
      vertex 29.875 -32.2648 5.63459
      vertex 31.6094 -32.5818 6.17778
    endloop
  endfacet
  facet normal -0.353232 0 0.935536
    outer loop
      vertex 36.8039 -4.13426 7.86604
      vertex 35.86 -3.9285 7.50965
      vertex 36.8039 -6.38121 7.86604
    endloop
  endfacet
  facet normal -0.353215 0 0.935542
    outer loop
      vertex 40.3759 -7.15983 9.21465
      vertex 41.825 -34.6469 9.76176
      vertex 41.825 -5.22875 9.76176
    endloop
  endfacet
  facet normal -0.353215 0 0.935542
    outer loop
      vertex 40.3759 -7.15983 9.21465
      vertex 41.825 -5.22875 9.76176
      vertex 40.3759 -4.91288 9.21465
    endloop
  endfacet
  facet normal -0.353209 3.69664e-07 0.935544
    outer loop
      vertex 41.825 -34.6469 9.76176
      vertex 40.3759 -7.15983 9.21465
      vertex 41.3779 -34.5509 9.59296
    endloop
  endfacet
  facet normal -0.353296 1.56464e-05 0.935511
    outer loop
      vertex 35.85 -33.3448 7.50588
      vertex 40.3759 -7.15983 9.21465
      vertex 40.2412 -7.13046 9.16378
    endloop
  endfacet
  facet normal -0.353218 1.98336e-08 0.935541
    outer loop
      vertex 40.3759 -7.15983 9.21465
      vertex 39.21 -34.0854 8.77446
      vertex 41.3779 -34.5509 9.59296
    endloop
  endfacet
  facet normal -0.353214 -1.86846e-07 0.935543
    outer loop
      vertex 35.85 -33.3448 7.50588
      vertex 40.2412 -7.13046 9.16378
      vertex 38.325 -6.67928 8.44032
    endloop
  endfacet
  facet normal -0.353215 -1.798e-08 0.935542
    outer loop
      vertex 35.85 -33.3448 7.50588
      vertex 38.325 -6.67928 8.44032
      vertex 36.8875 -6.39942 7.89759
    endloop
  endfacet
  facet normal -0.353086 -5.69668e-06 0.935591
    outer loop
      vertex 35.85 -33.3448 7.50588
      vertex 36.8875 -6.39942 7.89759
      vertex 36.8039 -6.38121 7.86604
    endloop
  endfacet
  facet normal -0.352737 0.000217447 0.935722
    outer loop
      vertex 35.85 -3.92712 7.50588
      vertex 36.8039 -6.38121 7.86604
      vertex 35.86 -3.9285 7.50965
    endloop
  endfacet
  facet normal -0.353227 0 0.935538
    outer loop
      vertex 36.8039 -6.38121 7.86604
      vertex 35.85 -3.92712 7.50588
      vertex 35.85 -33.3448 7.50588
    endloop
  endfacet
  facet normal -0.353217 -1.00178e-08 0.935541
    outer loop
      vertex 40.3759 -7.15983 9.21465
      vertex 35.85 -33.3448 7.50588
      vertex 39.21 -34.0854 8.77446
    endloop
  endfacet
  facet normal -0.40758 0 0.91317
    outer loop
      vertex 42.9646 -5.52156 10.2704
      vertex 41.835 -5.23047 9.76622
      vertex 42.9646 -7.76936 10.2704
    endloop
  endfacet
  facet normal -0.407566 0 0.913176
    outer loop
      vertex 46.5128 -8.68366 11.854
      vertex 47.8 -6.76755 12.4285
      vertex 46.5128 -6.43585 11.854
    endloop
  endfacet
  facet normal -0.407566 0 0.913176
    outer loop
      vertex 47.8 -6.76755 12.4285
      vertex 46.5128 -8.68366 11.854
      vertex 47.8 -31.1907 12.4285
    endloop
  endfacet
  facet normal -0.407722 1.41949e-05 0.913106
    outer loop
      vertex 44.81 -30.4202 11.094
      vertex 46.5128 -8.68366 11.854
      vertex 46.3847 -8.65065 11.7968
    endloop
  endfacet
  facet normal -0.407542 1.65105e-06 0.913186
    outer loop
      vertex 46.5128 -8.68366 11.854
      vertex 45.6767 -30.6435 11.4809
      vertex 47.8 -31.1907 12.4285
    endloop
  endfacet
  facet normal -0.407632 5.76415e-06 0.913146
    outer loop
      vertex 46.5128 -8.68366 11.854
      vertex 44.81 -30.4202 11.094
      vertex 45.6767 -30.6435 11.4809
    endloop
  endfacet
  facet normal -0.407552 -5.79052e-07 0.913182
    outer loop
      vertex 44.7125 -8.18327 11.0505
      vertex 44.81 -30.4202 11.094
      vertex 46.3847 -8.65065 11.7968
    endloop
  endfacet
  facet normal -0.407562 -6.34688e-07 0.913177
    outer loop
      vertex 43.0706 -7.79666 10.3177
      vertex 44.81 -30.4202 11.094
      vertex 44.7125 -8.18327 11.0505
    endloop
  endfacet
  facet normal -0.407496 5.5089e-06 0.913207
    outer loop
      vertex 42.9646 -7.76936 10.2704
      vertex 44.81 -30.4202 11.094
      vertex 43.0706 -7.79666 10.3177
    endloop
  endfacet
  facet normal -0.407561 -8.43954e-07 0.913178
    outer loop
      vertex 44.81 -30.4202 11.094
      vertex 42.9646 -7.76936 10.2704
      vertex 41.825 -34.6469 9.76176
    endloop
  endfacet
  facet normal -0.407303 0.000147398 0.913293
    outer loop
      vertex 41.825 -5.22875 9.76176
      vertex 42.9646 -7.76936 10.2704
      vertex 41.835 -5.23047 9.76622
    endloop
  endfacet
  facet normal -0.407577 0 0.913171
    outer loop
      vertex 42.9646 -7.76936 10.2704
      vertex 41.825 -5.22875 9.76176
      vertex 41.825 -34.6469 9.76176
    endloop
  endfacet
  facet normal -0.407562 0 0.913178
    outer loop
      vertex 44.81 -30.4202 11.094
      vertex 41.825 -34.6469 9.76176
      vertex 44.81 -35.425 11.094
    endloop
  endfacet
  facet normal -0.443632 0 0.896209
    outer loop
      vertex 49.8501 -7.71259 13.444
      vertex 49.8 -11.8674 13.4192
      vertex 49.8501 -11.9058 13.444
    endloop
  endfacet
  facet normal -0.443742 1.63893e-06 0.896155
    outer loop
      vertex 49.8501 -7.71259 13.444
      vertex 49.5106 -11.7475 13.2759
      vertex 49.8 -11.8674 13.4192
    endloop
  endfacet
  facet normal -0.443977 2.62993e-05 0.896038
    outer loop
      vertex 49.8501 -7.71259 13.444
      vertex 49.2 -11.7067 13.122
      vertex 49.5106 -11.7475 13.2759
    endloop
  endfacet
  facet normal -0.443746 -2.05354e-05 0.896153
    outer loop
      vertex 49.8501 -7.71259 13.444
      vertex 48.8894 -11.7475 12.9682
      vertex 49.2 -11.7067 13.122
    endloop
  endfacet
  facet normal -0.443865 1.47608e-05 0.896094
    outer loop
      vertex 48.5409 -7.10757 12.7955
      vertex 48.8894 -11.7475 12.9682
      vertex 49.8501 -7.71259 13.444
    endloop
  endfacet
  facet normal -0.443992 2.89923e-06 0.896031
    outer loop
      vertex 48.8894 -11.7475 12.9682
      vertex 48.5409 -7.10757 12.7955
      vertex 48.6 -11.8674 12.8248
    endloop
  endfacet
  facet normal -0.443871 4.77119e-06 0.896091
    outer loop
      vertex 47.8 -6.76755 12.4285
      vertex 48.6 -11.8674 12.8248
      vertex 48.5409 -7.10757 12.7955
    endloop
  endfacet
  facet normal -0.443893 3.47104e-07 0.89608
    outer loop
      vertex 48.6 -11.8674 12.8248
      vertex 47.8 -6.76755 12.4285
      vertex 48.3515 -12.0581 12.7017
    endloop
  endfacet
  facet normal -0.444001 -1.36905e-05 0.896026
    outer loop
      vertex 48.3515 -12.0581 12.7017
      vertex 47.8 -6.76755 12.4285
      vertex 48.1608 -12.3067 12.6072
    endloop
  endfacet
  facet normal -0.44391 -6.28425e-06 0.896071
    outer loop
      vertex 48.1608 -12.3067 12.6072
      vertex 47.8 -6.76755 12.4285
      vertex 48.0409 -12.5961 12.5478
    endloop
  endfacet
  facet normal -0.450312 -0.0176941 0.892696
    outer loop
      vertex 47.8 -6.76755 12.4285
      vertex 48.5409 -7.10757 12.7955
      vertex 47.81 -6.76979 12.4335
    endloop
  endfacet
  facet normal -0.443632 0 0.896209
    outer loop
      vertex 49.8 -13.9459 13.4192
      vertex 49.8501 -31.4177 13.444
      vertex 49.8501 -13.9075 13.444
    endloop
  endfacet
  facet normal -0.443742 -3.91222e-07 0.896155
    outer loop
      vertex 49.5106 -14.0658 13.2759
      vertex 49.8501 -31.4177 13.444
      vertex 49.8 -13.9459 13.4192
    endloop
  endfacet
  facet normal -0.443979 -6.16717e-06 0.896037
    outer loop
      vertex 49.2 -14.1067 13.122
      vertex 49.8501 -31.4177 13.444
      vertex 49.5106 -14.0658 13.2759
    endloop
  endfacet
  facet normal -0.443749 -1.35503e-05 0.896151
    outer loop
      vertex 47.8 -31.1907 12.4285
      vertex 49.2 -14.1067 13.122
      vertex 48.8894 -14.0658 12.9682
    endloop
  endfacet
  facet normal -0.443989 5.4221e-06 0.896032
    outer loop
      vertex 47.8 -31.1907 12.4285
      vertex 48.8894 -14.0658 12.9682
      vertex 48.6 -13.9459 12.8248
    endloop
  endfacet
  facet normal -0.443893 -1.11054e-07 0.89608
    outer loop
      vertex 47.8 -31.1907 12.4285
      vertex 48.6 -13.9459 12.8248
      vertex 48.3515 -13.7552 12.7017
    endloop
  endfacet
  facet normal -0.444011 4.53187e-06 0.896021
    outer loop
      vertex 47.8 -31.1907 12.4285
      vertex 48.3515 -13.7552 12.7017
      vertex 48.1608 -13.5067 12.6072
    endloop
  endfacet
  facet normal -0.443918 2.17093e-06 0.896067
    outer loop
      vertex 47.8 -31.1907 12.4285
      vertex 48.1608 -13.5067 12.6072
      vertex 48.0409 -13.2172 12.5478
    endloop
  endfacet
  facet normal -0.442913 -1.46011e-05 0.896565
    outer loop
      vertex 47.8 -31.1907 12.4285
      vertex 48.0409 -13.2172 12.5478
      vertex 48 -12.9067 12.5276
    endloop
  endfacet
  facet normal -0.443871 -1.1245e-06 0.896091
    outer loop
      vertex 49.2 -14.1067 13.122
      vertex 47.8 -31.1907 12.4285
      vertex 49.8501 -31.4177 13.444
    endloop
  endfacet
  facet normal -0.443054 3.77533e-05 0.896495
    outer loop
      vertex 48.0409 -12.5961 12.5478
      vertex 47.8 -6.76755 12.4285
      vertex 48 -12.9067 12.5276
    endloop
  endfacet
  facet normal -0.443985 0 0.896034
    outer loop
      vertex 48 -12.9067 12.5276
      vertex 47.8 -6.76755 12.4285
      vertex 47.8 -31.1907 12.4285
    endloop
  endfacet
  facet normal -0.441677 0.0233046 0.896871
    outer loop
      vertex 49.8501 -31.4177 13.444
      vertex 47.8 -31.1907 12.4285
      vertex 47.81 -31.1936 12.4335
    endloop
  endfacet
  facet normal -0.46324 0 0.886233
    outer loop
      vertex 49.8501 -7.71259 13.444
      vertex 50.5151 -9.80231 13.7916
      vertex 50.5151 -8.33131 13.7916
    endloop
  endfacet
  facet normal -0.462242 -5.74931e-05 0.886754
    outer loop
      vertex 50.5151 -9.80231 13.7916
      vertex 50.3591 -12.5961 13.7101
      vertex 50.4 -12.9067 13.7314
    endloop
  endfacet
  facet normal -0.463358 2.17975e-05 0.886171
    outer loop
      vertex 50.5151 -9.80231 13.7916
      vertex 50.2392 -12.3067 13.6474
      vertex 50.3591 -12.5961 13.7101
    endloop
  endfacet
  facet normal -0.462979 -3.13213e-05 0.886369
    outer loop
      vertex 50.5151 -9.80231 13.7916
      vertex 50.0485 -12.0581 13.5478
      vertex 50.2392 -12.3067 13.6474
    endloop
  endfacet
  facet normal -0.472826 -0.0132107 0.881057
    outer loop
      vertex 49.8501 -7.71259 13.444
      vertex 50.5151 -8.33131 13.7916
      vertex 49.8601 -7.71703 13.4493
    endloop
  endfacet
  facet normal -0.46324 0 0.886233
    outer loop
      vertex 50.5151 -9.80231 13.7916
      vertex 49.8501 -7.71259 13.444
      vertex 49.8501 -11.9058 13.444
    endloop
  endfacet
  facet normal -0.463508 0.000107914 0.886093
    outer loop
      vertex 50.5151 -9.80231 13.7916
      vertex 49.8501 -11.9058 13.444
      vertex 50.0485 -12.0581 13.5478
    endloop
  endfacet
  facet normal -0.463123 0 0.886294
    outer loop
      vertex 50.3591 -13.2172 13.7101
      vertex 52.0384 -30.6906 14.5876
      vertex 52.0384 -9.75993 14.5876
    endloop
  endfacet
  facet normal -0.463104 0 0.886304
    outer loop
      vertex 51.11 -9.9686 14.1025
      vertex 52.0384 -9.75993 14.5876
      vertex 51.11 -8.88925 14.1025
    endloop
  endfacet
  facet normal -0.463098 -3.71898e-05 0.886307
    outer loop
      vertex 50.4 -12.9067 13.7314
      vertex 52.0384 -9.75993 14.5876
      vertex 51.11 -9.9686 14.1025
    endloop
  endfacet
  facet normal -0.468293 0.00156379 0.883572
    outer loop
      vertex 50.4 -12.9067 13.7314
      vertex 51.11 -9.9686 14.1025
      vertex 51.1 -9.9686 14.0972
    endloop
  endfacet
  facet normal -0.463128 -5.40875e-06 0.886291
    outer loop
      vertex 50.4 -12.9067 13.7314
      vertex 51.1 -9.9686 14.0972
      vertex 50.6409 -9.84027 13.8573
    endloop
  endfacet
  facet normal -0.462933 -2.48925e-05 0.886393
    outer loop
      vertex 50.4 -12.9067 13.7314
      vertex 50.6409 -9.84027 13.8573
      vertex 50.5151 -9.80231 13.7916
    endloop
  endfacet
  facet normal -0.463578 0.000281331 0.886056
    outer loop
      vertex 52.0384 -9.75993 14.5876
      vertex 50.4 -12.9067 13.7314
      vertex 50.3591 -13.2172 13.7101
    endloop
  endfacet
  facet normal -0.463347 -2.74173e-05 0.886177
    outer loop
      vertex 50.2392 -13.5067 13.6474
      vertex 52.0384 -30.6906 14.5876
      vertex 50.3591 -13.2172 13.7101
    endloop
  endfacet
  facet normal -0.462971 2.28063e-05 0.886374
    outer loop
      vertex 50.0485 -13.7552 13.5478
      vertex 52.0384 -30.6906 14.5876
      vertex 50.2392 -13.5067 13.6474
    endloop
  endfacet
  facet normal -0.463536 -6.17562e-05 0.886078
    outer loop
      vertex 49.8501 -13.9075 13.444
      vertex 52.0384 -30.6906 14.5876
      vertex 50.0485 -13.7552 13.5478
    endloop
  endfacet
  facet normal -0.463085 1.30935e-05 0.886314
    outer loop
      vertex 52.0384 -30.6906 14.5876
      vertex 49.8501 -13.9075 13.444
      vertex 51.2688 -30.9479 14.1855
    endloop
  endfacet
  facet normal -0.463208 0 0.886249
    outer loop
      vertex 49.8501 -31.4177 13.444
      vertex 51.2688 -30.9479 14.1855
      vertex 49.8501 -13.9075 13.444
    endloop
  endfacet
  facet normal -0.466819 0.0140712 0.884241
    outer loop
      vertex 51.2688 -30.9479 14.1855
      vertex 49.8501 -31.4177 13.444
      vertex 49.8601 -31.419 13.4493
    endloop
  endfacet
  facet normal -0.479472 -2.01653e-07 0.877557
    outer loop
      vertex 52.0384 -30.6906 14.5876
      vertex 53.4325 -12.3694 15.3493
      vertex 52.9462 -11.4558 15.0836
    endloop
  endfacet
  facet normal -0.479496 0 0.877544
    outer loop
      vertex 53.4325 -12.3694 15.3493
      vertex 52.5447 -30.0681 14.8642
      vertex 53.4325 -28.9602 15.3493
    endloop
  endfacet
  facet normal -0.484287 -0.00335138 0.874903
    outer loop
      vertex 52.0384 -9.75993 14.5876
      vertex 52.9462 -11.4558 15.0836
      vertex 52.0484 -9.76915 14.5931
    endloop
  endfacet
  facet normal -0.479475 0 0.877555
    outer loop
      vertex 52.0384 -30.6906 14.5876
      vertex 52.9462 -11.4558 15.0836
      vertex 52.0384 -9.75993 14.5876
    endloop
  endfacet
  facet normal -0.479431 -4.24272e-06 0.87758
    outer loop
      vertex 53.4325 -12.3694 15.3493
      vertex 52.0384 -30.6906 14.5876
      vertex 52.5447 -30.0681 14.8642
    endloop
  endfacet
  facet normal -0.482787 0.00354679 0.875731
    outer loop
      vertex 52.5447 -30.0681 14.8642
      vertex 52.0384 -30.6906 14.5876
      vertex 52.0484 -30.6874 14.5931
    endloop
  endfacet
  facet normal -0.487392 0 0.873183
    outer loop
      vertex 53.794 -14.2509 15.551
      vertex 53.6754 -27.8639 15.4848
      vertex 53.794 -27.3116 15.551
    endloop
  endfacet
  facet normal -0.487475 7.50525e-06 0.873137
    outer loop
      vertex 53.4325 -28.9602 15.3493
      vertex 53.794 -14.2509 15.551
      vertex 53.5712 -13.0699 15.4266
    endloop
  endfacet
  facet normal -0.479015 0.00201974 0.877804
    outer loop
      vertex 53.4325 -12.3694 15.3493
      vertex 53.5712 -13.0699 15.4266
      vertex 53.4425 -12.3881 15.3548
    endloop
  endfacet
  facet normal -0.486819 0 0.873503
    outer loop
      vertex 53.4325 -28.9602 15.3493
      vertex 53.5712 -13.0699 15.4266
      vertex 53.4325 -12.3694 15.3493
    endloop
  endfacet
  facet normal -0.487159 -2.66125e-06 0.873313
    outer loop
      vertex 53.794 -14.2509 15.551
      vertex 53.4325 -28.9602 15.3493
      vertex 53.6754 -27.8639 15.4848
    endloop
  endfacet
  facet normal -0.479915 -0.00210196 0.877312
    outer loop
      vertex 53.6754 -27.8639 15.4848
      vertex 53.4325 -28.9602 15.3493
      vertex 53.4425 -28.9478 15.3548
    endloop
  endfacet
  facet normal 0 0 1
    outer loop
      vertex 53.794 -27.3116 15.551
      vertex 53.804 -14.3076 15.551
      vertex 53.794 -14.2509 15.551
    endloop
  endfacet
  facet normal 0 0 1
    outer loop
      vertex 53.804 -14.3076 15.551
      vertex 53.794 -27.3116 15.551
      vertex 53.804 -27.2613 15.551
    endloop
  endfacet
  facet normal -1 0 0
    outer loop
      vertex -51.1 -7.5686 14.0796
      vertex -51.1 -8.88925 14.1025
      vertex -51.1 -7.5686 42.9347
    endloop
  endfacet
  facet normal -1 0 -0
    outer loop
      vertex -51.1 -8.88925 14.1025
      vertex -51.1 -7.5686 14.0796
      vertex -51.1 -8.90455 14.0796
    endloop
  endfacet
  facet normal -1 0 0
    outer loop
      vertex -51.1 -9.9686 42.9347
      vertex -51.1 -8.88925 14.1025
      vertex -51.1 -9.9686 14.1025
    endloop
  endfacet
  facet normal -1 0 0
    outer loop
      vertex -51.1 -8.88925 14.1025
      vertex -51.1 -9.9686 42.9347
      vertex -51.1 -7.5686 42.9347
    endloop
  endfacet
  facet normal -0 0 1
    outer loop
      vertex -51.1 -7.5686 42.9347
      vertex -51.09 -9.9686 42.9347
      vertex -51.09 -7.5686 42.9347
    endloop
  endfacet
  facet normal 0 0 1
    outer loop
      vertex -51.09 -9.9686 42.9347
      vertex -51.1 -7.5686 42.9347
      vertex -51.1 -9.9686 42.9347
    endloop
  endfacet
  facet normal -0.269187 0.963088 0
    outer loop
      vertex -44.7125 -5.78327 39.8425
      vertex -51.1 -7.5686 14.0796
      vertex -51.1 -7.5686 42.9347
    endloop
  endfacet
  facet normal -0.269187 0.963088 0
    outer loop
      vertex -51.1 -7.5686 14.0796
      vertex -44.7125 -5.78327 39.8425
      vertex -44.7125 -5.78327 10.9873
    endloop
  endfacet
  facet normal 0 -1 0
    outer loop
      vertex -51.1 -9.9686 14.1025
      vertex -51.09 -9.9686 42.9347
      vertex -51.1 -9.9686 42.9347
    endloop
  endfacet
  facet normal 0 -1 -0
    outer loop
      vertex -51.09 -9.9686 42.9347
      vertex -51.1 -9.9686 14.1025
      vertex -51.09 -9.9686 14.0972
    endloop
  endfacet
  facet normal -0.435744 -0 -0.900071
    outer loop
      vertex -50.5051 -8.33131 13.7916
      vertex -46.5028 -8.68366 11.854
      vertex -50.5051 -9.80231 13.7916
    endloop
  endfacet
  facet normal -0.435735 0 -0.900075
    outer loop
      vertex -45.4142 -6.18282 11.327
      vertex -44.7125 -5.78327 10.9873
      vertex -44.7125 -6.01974 10.9873
    endloop
  endfacet
  facet normal -0.435733 -5.31516e-06 -0.900076
    outer loop
      vertex -46.5028 -6.43585 11.854
      vertex -44.7125 -5.78327 10.9873
      vertex -45.4142 -6.18282 11.327
    endloop
  endfacet
  facet normal -0.435744 0 -0.900071
    outer loop
      vertex -46.5028 -8.68366 11.854
      vertex -50.5051 -8.33131 13.7916
      vertex -46.5028 -6.43585 11.854
    endloop
  endfacet
  facet normal -0.435715 -0 -0.900085
    outer loop
      vertex -51.1 -7.5686 14.0796
      vertex -50.6414 -8.46272 13.8576
      vertex -51.1 -8.90455 14.0796
    endloop
  endfacet
  facet normal -0.435761 9.11471e-05 -0.900062
    outer loop
      vertex -46.5028 -6.43585 11.854
      vertex -51.1 -7.5686 14.0796
      vertex -44.7125 -5.78327 10.9873
    endloop
  endfacet
  facet normal -0.435742 -3.41063e-06 -0.900071
    outer loop
      vertex -50.5051 -8.33131 13.7916
      vertex -51.1 -7.5686 14.0796
      vertex -46.5028 -6.43585 11.854
    endloop
  endfacet
  facet normal -0.435785 -4.44755e-05 -0.900051
    outer loop
      vertex -50.6414 -8.46272 13.8576
      vertex -51.1 -7.5686 14.0796
      vertex -50.5051 -8.33131 13.7916
    endloop
  endfacet
  facet normal -0 0.86602 0.50001
    outer loop
      vertex -44.7125 -5.78327 39.8425
      vertex -51.09 -7.5686 42.9347
      vertex -44.7025 -5.78327 39.8425
    endloop
  endfacet
  facet normal 0 0.86602 0.50001
    outer loop
      vertex -51.09 -7.5686 42.9347
      vertex -44.7125 -5.78327 39.8425
      vertex -51.1 -7.5686 42.9347
    endloop
  endfacet
  facet normal -0.00251878 -0.863766 -0.503887
    outer loop
      vertex -46.5028 -8.68366 11.854
      vertex -50.6309 -9.84027 13.8573
      vertex -50.5051 -9.80231 13.7916
    endloop
  endfacet
  facet normal -0.00123053 -0.864924 -0.501902
    outer loop
      vertex -50.6309 -9.84027 13.8573
      vertex -46.5028 -8.68366 11.854
      vertex -46.3747 -8.65065 11.7968
    endloop
  endfacet
  facet normal 0.435729 0 0.900078
    outer loop
      vertex -51.09 -7.5686 42.9347
      vertex -44.7025 -8.18327 39.8425
      vertex -44.7025 -5.78327 39.8425
    endloop
  endfacet
  facet normal 0.435729 0 0.900078
    outer loop
      vertex -44.7025 -8.18327 39.8425
      vertex -51.09 -7.5686 42.9347
      vertex -51.09 -9.9686 42.9347
    endloop
  endfacet
  facet normal 0.269187 -0.963088 0
    outer loop
      vertex -51.09 -9.9686 14.0972
      vertex -44.7025 -8.18327 39.8425
      vertex -51.09 -9.9686 42.9347
    endloop
  endfacet
  facet normal 0.269204 -0.963083 -4.53496e-06
    outer loop
      vertex -50.6309 -9.84027 13.8573
      vertex -44.7025 -8.18327 39.8425
      vertex -51.09 -9.9686 14.0972
    endloop
  endfacet
  facet normal 0.269186 -0.963088 -1.55332e-07
    outer loop
      vertex -46.3747 -8.65065 11.7968
      vertex -44.7025 -8.18327 39.8425
      vertex -50.6309 -9.84027 13.8573
    endloop
  endfacet
  facet normal 0.269183 -0.963089 0
    outer loop
      vertex -44.7025 -8.18327 39.8425
      vertex -46.3747 -8.65065 11.7968
      vertex -44.7025 -8.18327 11.0505
    endloop
  endfacet
  facet normal 0.00072348 -0.866795 -0.498664
    outer loop
      vertex -40.3659 -7.15983 9.21465
      vertex -43.0606 -7.79666 10.3177
      vertex -42.9546 -7.76936 10.2704
    endloop
  endfacet
  facet normal 7.80458e-05 -0.866113 -0.499847
    outer loop
      vertex -43.0606 -7.79666 10.3177
      vertex -40.3659 -7.15983 9.21465
      vertex -40.2312 -7.13046 9.16378
    endloop
  endfacet
  facet normal -0 0.866031 0.499991
    outer loop
      vertex -39.2199 -4.48998 37.6024
      vertex -44.7025 -5.78327 39.8425
      vertex -39.2099 -4.48998 37.6024
    endloop
  endfacet
  facet normal 0 0.866031 0.499991
    outer loop
      vertex -44.7025 -5.78327 39.8425
      vertex -39.2199 -4.48998 37.6024
      vertex -44.7125 -5.78327 39.8425
    endloop
  endfacet
  facet normal 0.37764 0 0.925952
    outer loop
      vertex -44.7025 -5.78327 39.8425
      vertex -39.2099 -6.88999 37.6024
      vertex -39.2099 -4.48998 37.6024
    endloop
  endfacet
  facet normal 0.37764 0 0.925952
    outer loop
      vertex -39.2099 -6.88999 37.6024
      vertex -44.7025 -5.78327 39.8425
      vertex -44.7025 -8.18327 39.8425
    endloop
  endfacet
  facet normal 0.229191 -0.973381 0
    outer loop
      vertex -44.7025 -8.18327 39.8425
      vertex -40.6 -7.2173 32.1024
      vertex -40.6 -7.2173 37.6024
    endloop
  endfacet
  facet normal 0.229183 -0.973383 -4.62106e-06
    outer loop
      vertex -44.7025 -8.18327 39.8425
      vertex -40.4467 -7.1812 30.9378
      vertex -40.6 -7.2173 32.1024
    endloop
  endfacet
  facet normal 0.229192 -0.973381 0
    outer loop
      vertex -44.7025 -8.18327 11.0505
      vertex -40.4467 -7.1812 30.9378
      vertex -44.7025 -8.18327 39.8425
    endloop
  endfacet
  facet normal 0.229175 -0.973385 3.89352e-06
    outer loop
      vertex -40.4467 -7.1812 30.9378
      vertex -44.7025 -8.18327 11.0505
      vertex -39.9971 -7.07535 29.8524
    endloop
  endfacet
  facet normal 0.229204 -0.973378 -3.7512e-06
    outer loop
      vertex -44.7025 -8.18327 11.0505
      vertex -39.282 -6.90696 28.9205
      vertex -39.9971 -7.07535 29.8524
    endloop
  endfacet
  facet normal 0.229185 -0.973383 2.19978e-06
    outer loop
      vertex -44.7025 -8.18327 11.0505
      vertex -38.35 -6.68752 28.2053
      vertex -39.282 -6.90696 28.9205
    endloop
  endfacet
  facet normal 0.229167 -0.973387 9.34693e-06
    outer loop
      vertex -44.7025 -8.18327 11.0505
      vertex -38.315 -6.67928 28.1908
      vertex -38.35 -6.68752 28.2053
    endloop
  endfacet
  facet normal 0.229196 -0.97338 -2.08161e-06
    outer loop
      vertex -43.0606 -7.79666 10.3177
      vertex -38.315 -6.67928 28.1908
      vertex -44.7025 -8.18327 11.0505
    endloop
  endfacet
  facet normal 0.229189 -0.973382 -6.50934e-08
    outer loop
      vertex -40.2312 -7.13046 9.16378
      vertex -38.315 -6.67928 28.1908
      vertex -43.0606 -7.79666 10.3177
    endloop
  endfacet
  facet normal 0.229188 -0.973382 0
    outer loop
      vertex -38.315 -6.67928 28.1908
      vertex -40.2312 -7.13046 9.16378
      vertex -38.315 -6.67928 8.44032
    endloop
  endfacet
  facet normal 0.22919 -0.973382 -1.75736e-06
    outer loop
      vertex -44.7025 -8.18327 39.8425
      vertex -40.6 -7.2173 37.6024
      vertex -39.2099 -6.88999 37.6024
    endloop
  endfacet
  facet normal -0.2292 0.973379 -1.91092e-05
    outer loop
      vertex -40.6 -4.81495 37.6024
      vertex -44.7125 -5.78327 39.8425
      vertex -39.2199 -4.48998 37.6024
    endloop
  endfacet
  facet normal -0.22919 0.973382 0
    outer loop
      vertex -40.6 -4.81495 32.1024
      vertex -44.7125 -5.78327 39.8425
      vertex -40.6 -4.81495 37.6024
    endloop
  endfacet
  facet normal -0.229162 0.973388 1.59182e-05
    outer loop
      vertex -40.4467 -4.77884 30.9378
      vertex -44.7125 -5.78327 39.8425
      vertex -40.6 -4.81495 32.1024
    endloop
  endfacet
  facet normal -0.229175 0.973385 -4.06522e-06
    outer loop
      vertex -44.7125 -5.78327 10.9873
      vertex -40.4467 -4.77884 30.9378
      vertex -39.9971 -4.67299 29.8524
    endloop
  endfacet
  facet normal -0.229193 0.973381 0
    outer loop
      vertex -40.4467 -4.77884 30.9378
      vertex -44.7125 -5.78327 10.9873
      vertex -44.7125 -5.78327 39.8425
    endloop
  endfacet
  facet normal -0.229194 0.973381 9.70076e-07
    outer loop
      vertex -39.282 -4.50461 28.9205
      vertex -44.7125 -5.78327 10.9873
      vertex -39.9971 -4.67299 29.8524
    endloop
  endfacet
  facet normal -0.229185 0.973383 -1.99425e-06
    outer loop
      vertex -38.35 -4.28517 28.2053
      vertex -44.7125 -5.78327 10.9873
      vertex -39.282 -4.50461 28.9205
    endloop
  endfacet
  facet normal -0.229304 0.973355 4.4401e-05
    outer loop
      vertex -38.325 -4.27928 28.195
      vertex -44.7125 -5.78327 10.9873
      vertex -38.35 -4.28517 28.2053
    endloop
  endfacet
  facet normal -0.229191 0.973382 0
    outer loop
      vertex -44.7125 -5.78327 10.9873
      vertex -38.325 -4.27928 28.195
      vertex -38.325 -4.27928 8.38232
    endloop
  endfacet
  facet normal -0.377633 -0 -0.925956
    outer loop
      vertex -42.9546 -5.52156 10.2704
      vertex -40.3659 -7.15983 9.21465
      vertex -42.9546 -7.76936 10.2704
    endloop
  endfacet
  facet normal -0.377731 0 -0.925915
    outer loop
      vertex -38.3602 -4.51625 8.39668
      vertex -38.325 -4.27928 8.38232
      vertex -38.325 -4.50928 8.38232
    endloop
  endfacet
  facet normal -0.377624 -1.86826e-05 -0.925959
    outer loop
      vertex -40.3659 -4.91288 9.21465
      vertex -38.325 -4.27928 8.38232
      vertex -38.3602 -4.51625 8.39668
    endloop
  endfacet
  facet normal -0.377633 0 -0.925956
    outer loop
      vertex -40.3659 -7.15983 9.21465
      vertex -42.9546 -5.52156 10.2704
      vertex -40.3659 -4.91288 9.21465
    endloop
  endfacet
  facet normal -0.377602 -0.000150734 -0.925968
    outer loop
      vertex -44.7125 -5.78327 10.9873
      vertex -40.3659 -4.91288 9.21465
      vertex -42.9546 -5.52156 10.2704
    endloop
  endfacet
  facet normal -0.377627 -3.97139e-06 -0.925958
    outer loop
      vertex -40.3659 -4.91288 9.21465
      vertex -44.7125 -5.78327 10.9873
      vertex -38.325 -4.27928 8.38232
    endloop
  endfacet
  facet normal -0.377621 -0 -0.92596
    outer loop
      vertex -44.7125 -5.78327 10.9873
      vertex -42.9546 -5.52156 10.2704
      vertex -44.7125 -6.01974 10.9873
    endloop
  endfacet
  facet normal -0.191096 0.981571 3.83409e-08
    outer loop
      vertex -31.9375 -3.03574 27.6024
      vertex -38.325 -4.27928 8.38232
      vertex -36.1 -3.84611 27.6024
    endloop
  endfacet
  facet normal -0.191096 0.981571 0
    outer loop
      vertex -38.325 -4.27928 8.38232
      vertex -31.9375 -3.03574 27.6024
      vertex -31.9375 -3.03574 6.22844
    endloop
  endfacet
  facet normal -0.191102 0.98157 0
    outer loop
      vertex -37.2647 -4.07285 27.7558
      vertex -38.325 -4.27928 8.38232
      vertex -38.325 -4.27928 28.195
    endloop
  endfacet
  facet normal -0.191089 0.981573 -7.16908e-07
    outer loop
      vertex -38.325 -4.27928 8.38232
      vertex -37.2647 -4.07285 27.7558
      vertex -36.1 -3.84611 27.6024
    endloop
  endfacet
  facet normal -0.319524 -0 -0.947578
    outer loop
      vertex -36.7939 -4.13425 7.86603
      vertex -34.2372 -5.88346 7.00391
      vertex -36.7939 -6.3812 7.86603
    endloop
  endfacet
  facet normal -0.319519 0 -0.94758
    outer loop
      vertex -32.3018 -3.31841 6.35128
      vertex -31.9375 -3.03574 6.22844
      vertex -31.9375 -3.25838 6.22844
    endloop
  endfacet
  facet normal -0.319532 1.88524e-05 -0.947575
    outer loop
      vertex -34.2372 -3.63731 7.00391
      vertex -31.9375 -3.03574 6.22844
      vertex -32.3018 -3.31841 6.35128
    endloop
  endfacet
  facet normal -0.319524 0 -0.947578
    outer loop
      vertex -34.2372 -5.88346 7.00391
      vertex -36.7939 -4.13425 7.86603
      vertex -34.2372 -3.63731 7.00391
    endloop
  endfacet
  facet normal -0.319527 1.63028e-05 -0.947577
    outer loop
      vertex -38.325 -4.27928 8.38232
      vertex -34.2372 -3.63731 7.00391
      vertex -36.7939 -4.13425 7.86603
    endloop
  endfacet
  facet normal -0.319519 -3.54721e-05 -0.94758
    outer loop
      vertex -34.2372 -3.63731 7.00391
      vertex -38.325 -4.27928 8.38232
      vertex -31.9375 -3.03574 6.22844
    endloop
  endfacet
  facet normal -0.319525 -0 -0.947578
    outer loop
      vertex -38.325 -4.27928 8.38232
      vertex -36.7939 -4.13425 7.86603
      vertex -38.325 -4.50928 8.38232
    endloop
  endfacet
  facet normal -0.00041603 -0.865493 -0.500921
    outer loop
      vertex -34.2372 -5.88346 7.00391
      vertex -36.8775 -6.39942 7.89758
      vertex -36.7939 -6.3812 7.86603
    endloop
  endfacet
  facet normal 0.00032525 -0.866441 -0.499279
    outer loop
      vertex -36.8775 -6.39942 7.89758
      vertex -34.2372 -5.88346 7.00391
      vertex -34.0968 -5.85807 6.95994
    endloop
  endfacet
  facet normal 0.191099 -0.981571 0
    outer loop
      vertex -38.315 -6.67928 8.44032
      vertex -37.2647 -6.4748 27.7558
      vertex -38.315 -6.67928 28.1908
    endloop
  endfacet
  facet normal 0.191089 -0.981573 5.55988e-07
    outer loop
      vertex -38.315 -6.67928 8.44032
      vertex -36.1 -6.24806 27.6024
      vertex -37.2647 -6.4748 27.7558
    endloop
  endfacet
  facet normal 0.191096 -0.981571 -2.86662e-07
    outer loop
      vertex -38.315 -6.67928 8.44032
      vertex -31.9275 -5.43574 27.6024
      vertex -36.1 -6.24806 27.6024
    endloop
  endfacet
  facet normal 0.191097 -0.981571 -5.38068e-07
    outer loop
      vertex -36.8775 -6.39942 7.89758
      vertex -31.9275 -5.43574 27.6024
      vertex -38.315 -6.67928 8.44032
    endloop
  endfacet
  facet normal 0.191094 -0.981572 3.71195e-07
    outer loop
      vertex -34.0968 -5.85807 6.95994
      vertex -31.9275 -5.43574 27.6024
      vertex -36.8775 -6.39942 7.89758
    endloop
  endfacet
  facet normal 0.191097 -0.981571 0
    outer loop
      vertex -31.9275 -5.43574 27.6024
      vertex -34.0968 -5.85807 6.95994
      vertex -31.9275 -5.43574 6.28054
    endloop
  endfacet
  facet normal -0 0.866022 0.500006
    outer loop
      vertex -25.55 -2.03691 33.3536
      vertex -26.6 -2.20267 33.6407
      vertex -25.54 -2.03691 33.3536
    endloop
  endfacet
  facet normal 0.000974249 0.864474 0.502676
    outer loop
      vertex -26.6 -2.20267 33.6407
      vertex -25.55 -2.03691 33.3536
      vertex -26.6 -2.2011 33.638
    endloop
  endfacet
  facet normal -0.154494 0.987994 0
    outer loop
      vertex -25.55 -2.03691 33.3536
      vertex -26.6 -2.2011 32.1024
      vertex -26.6 -2.2011 33.638
    endloop
  endfacet
  facet normal -0.154484 0.987995 -8.31106e-06
    outer loop
      vertex -25.55 -2.03691 33.3536
      vertex -26.7533 -2.22508 30.9378
      vertex -26.6 -2.2011 32.1024
    endloop
  endfacet
  facet normal -0.154582 0.98798 4.15196e-05
    outer loop
      vertex -25.55 -2.03691 33.3536
      vertex -27.2029 -2.29538 29.8524
      vertex -26.7533 -2.22508 30.9378
    endloop
  endfacet
  facet normal -0.154493 0.987994 0
    outer loop
      vertex -31.1 -2.90478 27.6024
      vertex -31.9375 -3.03574 6.22844
      vertex -31.9375 -3.03574 27.6024
    endloop
  endfacet
  facet normal -0.154489 0.987994 -1.44095e-07
    outer loop
      vertex -29.9353 -2.72266 27.7558
      vertex -31.9375 -3.03574 6.22844
      vertex -31.1 -2.90478 27.6024
    endloop
  endfacet
  facet normal -0.154503 0.987992 -1.03986e-06
    outer loop
      vertex -25.55 -2.03691 4.49842
      vertex -29.9353 -2.72266 27.7558
      vertex -28.85 -2.55294 28.2053
    endloop
  endfacet
  facet normal -0.154486 0.987995 1.2508e-06
    outer loop
      vertex -25.55 -2.03691 4.49842
      vertex -28.85 -2.55294 28.2053
      vertex -27.918 -2.40721 28.9205
    endloop
  endfacet
  facet normal -0.154505 0.987992 -5.9819e-07
    outer loop
      vertex -25.55 -2.03691 4.49842
      vertex -27.918 -2.40721 28.9205
      vertex -27.2029 -2.29538 29.8524
    endloop
  endfacet
  facet normal -0.154496 0.987993 0
    outer loop
      vertex -25.55 -2.03691 4.49842
      vertex -27.2029 -2.29538 29.8524
      vertex -25.55 -2.03691 33.3536
    endloop
  endfacet
  facet normal -0.154495 0.987994 4.12986e-07
    outer loop
      vertex -29.9353 -2.72266 27.7558
      vertex -25.55 -2.03691 4.49842
      vertex -31.9375 -3.03574 6.22844
    endloop
  endfacet
  facet normal -0.261422 -0 -0.965225
    outer loop
      vertex -30.6331 -2.98562 5.87515
      vertex -28.1221 -4.83912 5.19507
      vertex -30.6331 -5.23177 5.87515
    endloop
  endfacet
  facet normal -0.261423 0 -0.965224
    outer loop
      vertex -27.6791 -2.53475 5.07507
      vertex -25.55 -2.03691 4.49842
      vertex -25.55 -2.25131 4.49842
    endloop
  endfacet
  facet normal -0.261503 0.000366471 -0.965203
    outer loop
      vertex -28.1221 -2.59374 5.19507
      vertex -25.55 -2.03691 4.49842
      vertex -27.6791 -2.53475 5.07507
    endloop
  endfacet
  facet normal -0.261422 0 -0.965225
    outer loop
      vertex -28.1221 -4.83912 5.19507
      vertex -30.6331 -2.98562 5.87515
      vertex -28.1221 -2.59374 5.19507
    endloop
  endfacet
  facet normal -0.261427 3.71694e-05 -0.965223
    outer loop
      vertex -31.9375 -3.03574 6.22844
      vertex -28.1221 -2.59374 5.19507
      vertex -30.6331 -2.98562 5.87515
    endloop
  endfacet
  facet normal -0.261416 -6.59013e-05 -0.965226
    outer loop
      vertex -28.1221 -2.59374 5.19507
      vertex -31.9375 -3.03574 6.22844
      vertex -25.55 -2.03691 4.49842
    endloop
  endfacet
  facet normal -0.261426 -0 -0.965224
    outer loop
      vertex -31.9375 -3.03574 6.22844
      vertex -30.6331 -2.98562 5.87515
      vertex -31.9375 -3.25838 6.22844
    endloop
  endfacet
  facet normal 0.000891171 -0.867443 -0.497535
    outer loop
      vertex -28.1221 -4.83912 5.19507
      vertex -30.6971 -5.24333 5.89519
      vertex -30.6331 -5.23177 5.87515
    endloop
  endfacet
  facet normal -6.49112e-05 -0.865924 -0.500175
    outer loop
      vertex -30.6971 -5.24333 5.89519
      vertex -28.1221 -4.83912 5.19507
      vertex -27.977 -4.81799 5.15847
    endloop
  endfacet
  facet normal 0.26143 0 0.965223
    outer loop
      vertex -26.6 -2.20267 33.6407
      vertex -25.54 -4.43691 33.3536
      vertex -25.54 -2.03691 33.3536
    endloop
  endfacet
  facet normal 0.26143 0 0.965223
    outer loop
      vertex -25.54 -4.43691 33.3536
      vertex -26.6 -2.20267 33.6407
      vertex -26.6 -4.60267 33.6407
    endloop
  endfacet
  facet normal 0.1545 -0.987993 0
    outer loop
      vertex -26.6 -4.60267 32.1024
      vertex -25.54 -4.43691 33.3536
      vertex -26.6 -4.60267 33.6407
    endloop
  endfacet
  facet normal 0.154491 -0.987994 7.38342e-06
    outer loop
      vertex -26.7533 -4.62665 30.9378
      vertex -25.54 -4.43691 33.3536
      vertex -26.6 -4.60267 32.1024
    endloop
  endfacet
  facet normal 0.154707 -0.98796 -0.000103804
    outer loop
      vertex -27.2029 -4.69694 29.8524
      vertex -25.54 -4.43691 33.3536
      vertex -26.7533 -4.62665 30.9378
    endloop
  endfacet
  facet normal 0.154489 -0.987994 3.15114e-07
    outer loop
      vertex -31.9275 -5.43574 6.28054
      vertex -29.9353 -5.12422 27.7558
      vertex -31.1 -5.30634 27.6024
    endloop
  endfacet
  facet normal 0.154502 -0.987992 -9.08169e-07
    outer loop
      vertex -30.6971 -5.24333 5.89519
      vertex -29.9353 -5.12422 27.7558
      vertex -31.9275 -5.43574 6.28054
    endloop
  endfacet
  facet normal 0.154492 -0.987994 -5.41547e-07
    outer loop
      vertex -27.977 -4.81799 5.15847
      vertex -29.9353 -5.12422 27.7558
      vertex -30.6971 -5.24333 5.89519
    endloop
  endfacet
  facet normal 0.154503 -0.987992 4.37779e-07
    outer loop
      vertex -29.9353 -5.12422 27.7558
      vertex -27.977 -4.81799 5.15847
      vertex -28.85 -4.9545 28.2053
    endloop
  endfacet
  facet normal 0.154495 -0.987994 1.41551e-07
    outer loop
      vertex -25.54 -4.43691 4.5439
      vertex -28.85 -4.9545 28.2053
      vertex -27.977 -4.81799 5.15847
    endloop
  endfacet
  facet normal 0.154486 -0.987995 -1.11586e-06
    outer loop
      vertex -28.85 -4.9545 28.2053
      vertex -25.54 -4.43691 4.5439
      vertex -27.918 -4.80877 28.9205
    endloop
  endfacet
  facet normal 0.154505 -0.987992 7.36879e-07
    outer loop
      vertex -27.918 -4.80877 28.9205
      vertex -25.54 -4.43691 4.5439
      vertex -27.2029 -4.69694 29.8524
    endloop
  endfacet
  facet normal 0.154494 -0.987994 0
    outer loop
      vertex -27.2029 -4.69694 29.8524
      vertex -25.54 -4.43691 4.5439
      vertex -25.54 -4.43691 33.3536
    endloop
  endfacet
  facet normal 0.154497 -0.987993 0
    outer loop
      vertex -31.9275 -5.43574 27.6024
      vertex -31.9275 -5.43574 6.28054
      vertex -31.1 -5.30634 27.6024
    endloop
  endfacet
  facet normal -0.000898414 -0.864144 -0.503243
    outer loop
      vertex -22.0325 -4.01517 3.76795
      vertex -24.5185 -4.31444 4.28628
      vertex -24.4718 -4.30764 4.27452
    endloop
  endfacet
  facet normal -0.000587769 -0.864793 -0.502128
    outer loop
      vertex -24.5185 -4.31444 4.28628
      vertex -22.0325 -4.01517 3.76795
      vertex -21.8835 -3.99852 3.7391
    endloop
  endfacet
  facet normal -0 0.866033 0.499988
    outer loop
      vertex -19.1625 -1.27108 32.0271
      vertex -25.54 -2.03691 33.3536
      vertex -19.1525 -1.27108 32.0271
    endloop
  endfacet
  facet normal 0 0.866033 0.499988
    outer loop
      vertex -25.54 -2.03691 33.3536
      vertex -19.1625 -1.27108 32.0271
      vertex -25.55 -2.03691 33.3536
    endloop
  endfacet
  facet normal 0.203333 0 0.97911
    outer loop
      vertex -25.54 -2.03691 33.3536
      vertex -19.1525 -3.67108 32.0271
      vertex -19.1525 -1.27108 32.0271
    endloop
  endfacet
  facet normal 0.203333 0 0.97911
    outer loop
      vertex -19.1525 -3.67108 32.0271
      vertex -25.54 -2.03691 33.3536
      vertex -25.54 -4.43691 33.3536
    endloop
  endfacet
  facet normal 0.119043 -0.992889 0
    outer loop
      vertex -25.54 -4.43691 4.5439
      vertex -19.1525 -3.67108 32.0271
      vertex -25.54 -4.43691 33.3536
    endloop
  endfacet
  facet normal 0.11904 -0.992889 6.08703e-07
    outer loop
      vertex -24.5185 -4.31444 4.28628
      vertex -19.1525 -3.67108 32.0271
      vertex -25.54 -4.43691 4.5439
    endloop
  endfacet
  facet normal 0.119041 -0.992889 3.51016e-07
    outer loop
      vertex -21.8835 -3.99852 3.7391
      vertex -19.1525 -3.67108 32.0271
      vertex -24.5185 -4.31444 4.28628
    endloop
  endfacet
  facet normal 0.119045 -0.992889 0
    outer loop
      vertex -19.1525 -3.67108 32.0271
      vertex -21.8835 -3.99852 3.7391
      vertex -19.1525 -3.67108 3.21004
    endloop
  endfacet
  facet normal -0.119043 0.992889 0
    outer loop
      vertex -19.1625 -1.27108 32.0271
      vertex -25.55 -2.03691 4.49842
      vertex -25.55 -2.03691 33.3536
    endloop
  endfacet
  facet normal -0.119043 0.992889 0
    outer loop
      vertex -25.55 -2.03691 4.49842
      vertex -19.1625 -1.27108 32.0271
      vertex -19.1625 -1.27108 3.17196
    endloop
  endfacet
  facet normal -0.203332 -0 -0.97911
    outer loop
      vertex -24.4718 -2.06226 4.27452
      vertex -22.0325 -4.01517 3.76795
      vertex -24.4718 -4.30764 4.27452
    endloop
  endfacet
  facet normal -0.203328 0 -0.979111
    outer loop
      vertex -20.2282 -1.58553 3.39327
      vertex -19.1625 -1.27108 3.17196
      vertex -19.1625 -1.47626 3.17196
    endloop
  endfacet
  facet normal -0.203318 -3.47962e-05 -0.979113
    outer loop
      vertex -22.0325 -1.77052 3.76795
      vertex -19.1625 -1.27108 3.17196
      vertex -20.2282 -1.58553 3.39327
    endloop
  endfacet
  facet normal -0.203332 0 -0.97911
    outer loop
      vertex -22.0325 -4.01517 3.76795
      vertex -24.4718 -2.06226 4.27452
      vertex -22.0325 -1.77052 3.76795
    endloop
  endfacet
  facet normal -0.203325 -6.37427e-05 -0.979111
    outer loop
      vertex -25.55 -2.03691 4.49842
      vertex -22.0325 -1.77052 3.76795
      vertex -24.4718 -2.06226 4.27452
    endloop
  endfacet
  facet normal -0.203333 5.33594e-05 -0.97911
    outer loop
      vertex -22.0325 -1.77052 3.76795
      vertex -25.55 -2.03691 4.49842
      vertex -19.1625 -1.27108 3.17196
    endloop
  endfacet
  facet normal -0.203323 -0 -0.979112
    outer loop
      vertex -25.55 -2.03691 4.49842
      vertex -24.4718 -2.06226 4.27452
      vertex -25.55 -2.25131 4.49842
    endloop
  endfacet
  facet normal 0.000254926 -0.86678 -0.498691
    outer loop
      vertex -15.999 -3.40298 2.70759
      vertex -18.3411 -3.60231 3.05285
      vertex -18.3098 -3.59882 3.0468
    endloop
  endfacet
  facet normal 0.000469355 -0.867407 -0.497599
    outer loop
      vertex -18.3411 -3.60231 3.05285
      vertex -15.999 -3.40298 2.70759
      vertex -15.8473 -3.39096 2.68678
    endloop
  endfacet
  facet normal -0 0.86602 0.500009
    outer loop
      vertex -12.775 -0.729744 31.0895
      vertex -19.1525 -1.27108 32.0271
      vertex -12.765 -0.729744 31.0895
    endloop
  endfacet
  facet normal 0 0.86602 0.500009
    outer loop
      vertex -19.1525 -1.27108 32.0271
      vertex -12.775 -0.729744 31.0895
      vertex -19.1625 -1.27108 32.0271
    endloop
  endfacet
  facet normal 0.14523 0 0.989398
    outer loop
      vertex -19.1525 -1.27108 32.0271
      vertex -12.765 -3.12974 31.0895
      vertex -12.765 -0.729744 31.0895
    endloop
  endfacet
  facet normal 0.14523 0 0.989398
    outer loop
      vertex -12.765 -3.12974 31.0895
      vertex -19.1525 -1.27108 32.0271
      vertex -19.1525 -3.67108 32.0271
    endloop
  endfacet
  facet normal 0.0844472 -0.996428 0
    outer loop
      vertex -19.1525 -3.67108 3.21004
      vertex -12.765 -3.12974 31.0895
      vertex -19.1525 -3.67108 32.0271
    endloop
  endfacet
  facet normal 0.0844518 -0.996428 -1.05858e-06
    outer loop
      vertex -18.3411 -3.60231 3.05285
      vertex -12.765 -3.12974 31.0895
      vertex -19.1525 -3.67108 3.21004
    endloop
  endfacet
  facet normal 0.0844474 -0.996428 -1.89277e-07
    outer loop
      vertex -15.8473 -3.39096 2.68678
      vertex -12.765 -3.12974 31.0895
      vertex -18.3411 -3.60231 3.05285
    endloop
  endfacet
  facet normal 0.0844457 -0.996428 0
    outer loop
      vertex -12.765 -3.12974 31.0895
      vertex -15.8473 -3.39096 2.68678
      vertex -12.765 -3.12974 2.26415
    endloop
  endfacet
  facet normal -0.0844466 0.996428 0
    outer loop
      vertex -12.775 -0.729744 31.0895
      vertex -19.1625 -1.27108 3.17196
      vertex -19.1625 -1.27108 32.0271
    endloop
  endfacet
  facet normal -0.0844466 0.996428 0
    outer loop
      vertex -19.1625 -1.27108 3.17196
      vertex -12.775 -0.729744 31.0895
      vertex -12.775 -0.729744 2.23434
    endloop
  endfacet
  facet normal -0.145237 -0 -0.989397
    outer loop
      vertex -18.3098 -1.35416 3.0468
      vertex -15.999 -3.40298 2.70759
      vertex -18.3098 -3.59882 3.0468
    endloop
  endfacet
  facet normal -0.145233 0 -0.989397
    outer loop
      vertex -15.999 -1.15902 2.70759
      vertex -12.775 -0.729744 2.23434
      vertex -12.775 -0.924628 2.23434
    endloop
  endfacet
  facet normal -0.145237 0 -0.989397
    outer loop
      vertex -15.999 -3.40298 2.70759
      vertex -18.3098 -1.35416 3.0468
      vertex -15.999 -1.15902 2.70759
    endloop
  endfacet
  facet normal -0.145231 -6.80227e-05 -0.989398
    outer loop
      vertex -19.1625 -1.27108 3.17196
      vertex -15.999 -1.15902 2.70759
      vertex -18.3098 -1.35416 3.0468
    endloop
  endfacet
  facet normal -0.145234 2.48656e-06 -0.989397
    outer loop
      vertex -15.999 -1.15902 2.70759
      vertex -19.1625 -1.27108 3.17196
      vertex -12.775 -0.729744 2.23434
    endloop
  endfacet
  facet normal -0.145225 -0 -0.989399
    outer loop
      vertex -19.1625 -1.27108 3.17196
      vertex -18.3098 -1.35416 3.0468
      vertex -19.1625 -1.47626 3.17196
    endloop
  endfacet
  facet normal -0.000240447 -0.864831 -0.502064
    outer loop
      vertex -10.1355 -2.99644 2.00346
      vertex -12.1645 -3.09942 2.18182
      vertex -12.1469 -3.09802 2.1794
    endloop
  endfacet
  facet normal -0.000610668 -0.862993 -0.505215
    outer loop
      vertex -12.1645 -3.09942 2.18182
      vertex -10.1355 -2.99644 2.00346
      vertex -9.98182 -2.98919 1.99089
    endloop
  endfacet
  facet normal -0.00124296 0.872092 0.48934
    outer loop
      vertex -9 -0.539099 30.7593
      vertex -12.765 -0.729744 31.0895
      vertex -9 -0.539604 30.7602
    endloop
  endfacet
  facet normal 0 0.866021 0.500008
    outer loop
      vertex -12.765 -0.729744 31.0895
      vertex -9 -0.539099 30.7593
      vertex -12.775 -0.729744 31.0895
    endloop
  endfacet
  facet normal 0.0871308 0 0.996197
    outer loop
      vertex -12.765 -0.729744 31.0895
      vertex -9 -2.9396 30.7602
      vertex -9 -0.539604 30.7602
    endloop
  endfacet
  facet normal 0.0871308 0 0.996197
    outer loop
      vertex -9 -2.9396 30.7602
      vertex -12.765 -0.729744 31.0895
      vertex -12.765 -3.12974 31.0895
    endloop
  endfacet
  facet normal 0.0504377 -0.998727 0
    outer loop
      vertex -12.765 -3.12974 31.0895
      vertex -9 -2.9396 28.8452
      vertex -9 -2.9396 30.7602
    endloop
  endfacet
  facet normal 0.05044 -0.998727 3.79297e-06
    outer loop
      vertex -12.765 -3.12974 31.0895
      vertex -8.91481 -2.9353 28.1981
      vertex -9 -2.9396 28.8452
    endloop
  endfacet
  facet normal 0.0504429 -0.998727 7.76842e-06
    outer loop
      vertex -12.765 -3.12974 31.0895
      vertex -8.66505 -2.92269 27.5952
      vertex -8.91481 -2.9353 28.1981
    endloop
  endfacet
  facet normal 0.050405 -0.998729 -3.68415e-05
    outer loop
      vertex -12.765 -3.12974 31.0895
      vertex -8.26776 -2.90262 27.0774
      vertex -8.66505 -2.92269 27.5952
    endloop
  endfacet
  facet normal 0.0504378 -0.998727 0
    outer loop
      vertex -12.765 -3.12974 2.26415
      vertex -8.26776 -2.90262 27.0774
      vertex -12.765 -3.12974 31.0895
    endloop
  endfacet
  facet normal 0.0504244 -0.998728 2.44307e-06
    outer loop
      vertex -12.765 -3.12974 2.26415
      vertex -7.75 -2.87648 26.6801
      vertex -8.26776 -2.90262 27.0774
    endloop
  endfacet
  facet normal 0.0504358 -0.998727 8.95422e-08
    outer loop
      vertex -12.765 -3.12974 2.26415
      vertex -7.14703 -2.84603 26.4304
      vertex -7.75 -2.87648 26.6801
    endloop
  endfacet
  facet normal 0.0504273 -0.998728 2.06788e-06
    outer loop
      vertex -12.1645 -3.09942 2.18182
      vertex -7.14703 -2.84603 26.4304
      vertex -12.765 -3.12974 2.26415
    endloop
  endfacet
  facet normal 0.0504378 -0.998727 -1.1923e-07
    outer loop
      vertex -9.98182 -2.98919 1.99089
      vertex -7.14703 -2.84603 26.4304
      vertex -12.1645 -3.09942 2.18182
    endloop
  endfacet
  facet normal 0.0504433 -0.998727 -7.54111e-07
    outer loop
      vertex -7.14703 -2.84603 26.4304
      vertex -9.98182 -2.98919 1.99089
      vertex -6.5 -2.81335 26.3452
    endloop
  endfacet
  facet normal 0.050439 -0.998727 -1.35692e-07
    outer loop
      vertex -6.3775 -2.80716 1.69613
      vertex -6.5 -2.81335 26.3452
      vertex -9.98182 -2.98919 1.99089
    endloop
  endfacet
  facet normal 0.0504662 -0.998726 0
    outer loop
      vertex -6.5 -2.81335 26.3452
      vertex -6.3775 -2.80716 1.69613
      vertex -6.3775 -2.80716 26.3452
    endloop
  endfacet
  facet normal -0.0504335 0.998727 0
    outer loop
      vertex -6.3875 -0.407163 26.3452
      vertex -6.3875 -0.407163 19.5563
      vertex -6.5 -0.412844 26.3452
    endloop
  endfacet
  facet normal -0.0504377 0.998727 0
    outer loop
      vertex -9 -0.539099 28.8452
      vertex -12.775 -0.729744 31.0895
      vertex -9 -0.539099 30.7593
    endloop
  endfacet
  facet normal -0.050438 0.998727 -4.42475e-07
    outer loop
      vertex -8.91481 -0.534797 28.1981
      vertex -12.775 -0.729744 31.0895
      vertex -9 -0.539099 28.8452
    endloop
  endfacet
  facet normal -0.0504383 0.998727 -8.62526e-07
    outer loop
      vertex -8.66505 -0.522184 27.5952
      vertex -12.775 -0.729744 31.0895
      vertex -8.91481 -0.534797 28.1981
    endloop
  endfacet
  facet normal -0.0504378 0.998727 3.81866e-08
    outer loop
      vertex -7.9836 -0.487769 18.6395
      vertex -8.66505 -0.522184 27.5952
      vertex -8.26776 -0.50212 27.0774
    endloop
  endfacet
  facet normal -0.0504376 0.998727 -6.76035e-08
    outer loop
      vertex -6.84479 -0.430257 19.508
      vertex -6.5 -0.412844 26.3452
      vertex -6.3875 -0.407163 19.5563
    endloop
  endfacet
  facet normal -0.0504388 0.998727 -6.85367e-09
    outer loop
      vertex -6.5 -0.412844 26.3452
      vertex -6.84479 -0.430257 19.508
      vertex -7.14703 -0.445521 26.4304
    endloop
  endfacet
  facet normal -0.0504362 0.998727 1.07136e-07
    outer loop
      vertex -7.3154 -0.454023 19.3312
      vertex -7.14703 -0.445521 26.4304
      vertex -6.84479 -0.430257 19.508
    endloop
  endfacet
  facet normal -0.0504374 0.998727 1.34914e-07
    outer loop
      vertex -7.14703 -0.445521 26.4304
      vertex -7.3154 -0.454023 19.3312
      vertex -7.75 -0.475972 26.6801
    endloop
  endfacet
  facet normal -0.0504382 0.998727 8.27441e-08
    outer loop
      vertex -7.69952 -0.473422 19.0366
      vertex -7.75 -0.475972 26.6801
      vertex -7.3154 -0.454023 19.3312
    endloop
  endfacet
  facet normal -0.0504378 0.998727 8.54695e-08
    outer loop
      vertex -7.75 -0.475972 26.6801
      vertex -7.69952 -0.473422 19.0366
      vertex -8.26776 -0.50212 27.0774
    endloop
  endfacet
  facet normal -0.0504391 0.998727 -4.55219e-09
    outer loop
      vertex -7.9836 -0.487769 18.6395
      vertex -8.26776 -0.50212 27.0774
      vertex -7.69952 -0.473422 19.0366
    endloop
  endfacet
  facet normal -0.0504375 0.998727 6.28732e-08
    outer loop
      vertex -8.66505 -0.522184 27.5952
      vertex -7.9836 -0.487769 18.6395
      vertex -12.775 -0.729744 31.0895
    endloop
  endfacet
  facet normal -0.0504361 0.998727 5.93458e-07
    outer loop
      vertex -8.15404 -0.496376 18.1554
      vertex -12.775 -0.729744 31.0895
      vertex -7.9836 -0.487769 18.6395
    endloop
  endfacet
  facet normal -0.0504377 0.998727 3.01387e-08
    outer loop
      vertex -8.21085 -0.499245 17.5841
      vertex -12.775 -0.729744 31.0895
      vertex -8.15404 -0.496376 18.1554
    endloop
  endfacet
  facet normal -0.0504358 0.998727 -6.01621e-07
    outer loop
      vertex -12.775 -0.729744 2.23434
      vertex -8.21085 -0.499245 17.5841
      vertex -8.15417 -0.496383 17.016
    endloop
  endfacet
  facet normal -0.0504378 0.998727 0
    outer loop
      vertex -8.21085 -0.499245 17.5841
      vertex -12.775 -0.729744 2.23434
      vertex -12.775 -0.729744 31.0895
    endloop
  endfacet
  facet normal -0.0504367 0.998727 -3.16798e-07
    outer loop
      vertex -7.98419 -0.487799 16.5377
      vertex -12.775 -0.729744 2.23434
      vertex -8.15417 -0.496383 17.016
    endloop
  endfacet
  facet normal -0.0504384 0.998727 2.48525e-07
    outer loop
      vertex -7.70088 -0.473491 16.1492
      vertex -12.775 -0.729744 2.23434
      vertex -7.98419 -0.487799 16.5377
    endloop
  endfacet
  facet normal -0.0504379 0.998727 7.98991e-08
    outer loop
      vertex -7.3166 -0.454084 15.8629
      vertex -12.775 -0.729744 2.23434
      vertex -7.70088 -0.473491 16.1492
    endloop
  endfacet
  facet normal -0.0504379 0.998727 9.55396e-08
    outer loop
      vertex -6.84373 -0.430203 15.6911
      vertex -12.775 -0.729744 2.23434
      vertex -7.3166 -0.454084 15.8629
    endloop
  endfacet
  facet normal -0.0504366 0.998727 0
    outer loop
      vertex -6.3875 -0.407163 1.67561
      vertex -6.84373 -0.430203 15.6911
      vertex -6.3875 -0.407163 15.6445
    endloop
  endfacet
  facet normal -0.0504376 0.998727 -3.50138e-08
    outer loop
      vertex -6.84373 -0.430203 15.6911
      vertex -6.3875 -0.407163 1.67561
      vertex -12.775 -0.729744 2.23434
    endloop
  endfacet
  facet normal -0.0504337 0.998727 -1.0277e-05
    outer loop
      vertex -6.3875 -0.407163 18.9251
      vertex -6.88141 -0.432106 18.7767
      vertex -6.60881 -0.418339 18.8974
    endloop
  endfacet
  facet normal -0.0504363 0.998727 -1.62445e-06
    outer loop
      vertex -6.3875 -0.407163 18.9251
      vertex -7.10548 -0.443422 18.5755
      vertex -6.88141 -0.432106 18.7767
    endloop
  endfacet
  facet normal -0.0504371 0.998727 -5.65859e-08
    outer loop
      vertex -6.3875 -0.407163 18.9251
      vertex -7.27199 -0.451831 18.3044
      vertex -7.10548 -0.443422 18.5755
    endloop
  endfacet
  facet normal -0.0504361 0.998727 -1.54664e-06
    outer loop
      vertex -6.3875 -0.407163 18.9251
      vertex -7.3719 -0.456877 17.9739
      vertex -7.27199 -0.451831 18.3044
    endloop
  endfacet
  facet normal -0.0504395 0.998727 1.98529e-06
    outer loop
      vertex -6.3875 -0.407163 18.9251
      vertex -7.4052 -0.458558 17.5841
      vertex -7.3719 -0.456877 17.9739
    endloop
  endfacet
  facet normal -0.0504369 0.998727 0
    outer loop
      vertex -6.3875 -0.407163 16.2754
      vertex -7.4052 -0.458558 17.5841
      vertex -6.3875 -0.407163 18.9251
    endloop
  endfacet
  facet normal -0.0504399 0.998727 -2.36065e-06
    outer loop
      vertex -7.4052 -0.458558 17.5841
      vertex -6.3875 -0.407163 16.2754
      vertex -7.37265 -0.456915 17.1988
    endloop
  endfacet
  facet normal -0.0504357 0.998727 2.12128e-06
    outer loop
      vertex -7.37265 -0.456915 17.1988
      vertex -6.3875 -0.407163 16.2754
      vertex -7.27502 -0.451984 16.8746
    endloop
  endfacet
  facet normal -0.0504375 0.998727 -6.02746e-07
    outer loop
      vertex -7.27502 -0.451984 16.8746
      vertex -6.3875 -0.407163 16.2754
      vertex -7.11229 -0.443766 16.6117
    endloop
  endfacet
  facet normal -0.050435 0.998727 4.86593e-06
    outer loop
      vertex -7.11229 -0.443766 16.6117
      vertex -6.3875 -0.407163 16.2754
      vertex -6.88985 -0.432532 16.418
    endloop
  endfacet
  facet normal -0.0504403 0.998727 -1.37637e-05
    outer loop
      vertex -6.88985 -0.432532 16.418
      vertex -6.3875 -0.407163 16.2754
      vertex -6.61317 -0.41856 16.3018
    endloop
  endfacet
  facet normal -0.0871387 -0 -0.996196
    outer loop
      vertex -12.1469 -0.85407 2.1794
      vertex -10.1355 -2.99644 2.00346
      vertex -12.1469 -3.09802 2.1794
    endloop
  endfacet
  facet normal -0.0871406 0 -0.996196
    outer loop
      vertex -10.1355 -0.753178 2.00346
      vertex -6.3875 -0.407163 1.67561
      vertex -6.3875 -0.590471 1.67561
    endloop
  endfacet
  facet normal -0.0871387 0 -0.996196
    outer loop
      vertex -10.1355 -2.99644 2.00346
      vertex -12.1469 -0.85407 2.1794
      vertex -10.1355 -0.753178 2.00346
    endloop
  endfacet
  facet normal -0.0871384 -5.07888e-06 -0.996196
    outer loop
      vertex -12.775 -0.729744 2.23434
      vertex -10.1355 -0.753178 2.00346
      vertex -12.1469 -0.85407 2.1794
    endloop
  endfacet
  facet normal -0.0871386 -2.17272e-05 -0.996196
    outer loop
      vertex -10.1355 -0.753178 2.00346
      vertex -12.775 -0.729744 2.23434
      vertex -6.3875 -0.407163 1.67561
    endloop
  endfacet
  facet normal -0.0871374 -0 -0.996196
    outer loop
      vertex -12.775 -0.729744 2.23434
      vertex -12.1469 -0.85407 2.1794
      vertex -12.775 -0.924628 2.23434
    endloop
  endfacet
  facet normal 0 1 0
    outer loop
      vertex 0 -0.299999 1.49
      vertex 0.00999928 -0.299999 16.6044
      vertex 0.00999928 -0.299999 1.49
    endloop
  endfacet
  facet normal 0 1 0
    outer loop
      vertex 0.00999928 -0.299999 16.6044
      vertex 0 -0.299999 1.49
      vertex 0 -0.299999 16.6505
    endloop
  endfacet
  facet normal 0 1 -0
    outer loop
      vertex 0.00999928 -0.299999 19.5127
      vertex 0 -0.299999 26.3452
      vertex 0.00999928 -0.299999 26.3452
    endloop
  endfacet
  facet normal 0 1 0
    outer loop
      vertex 0 -0.299999 26.3452
      vertex 0.00999928 -0.299999 19.5127
      vertex 0 -0.299999 19.5127
    endloop
  endfacet
  facet normal -0.0167729 0.999859 -1.68781e-06
    outer loop
      vertex -0.396759 -0.306656 18.4412
      vertex -0.546249 -0.309164 18.2845
      vertex -0.464569 -0.307793 18.7559
    endloop
  endfacet
  facet normal -0.016775 0.999859 3.22565e-07
    outer loop
      vertex -0.253006 -0.304244 17.8173
      vertex -0.546249 -0.309164 18.2845
      vertex -0.396759 -0.306656 18.4412
    endloop
  endfacet
  facet normal -0.0167754 0.999859 8.9999e-08
    outer loop
      vertex -0.546249 -0.309164 18.2845
      vertex -0.253006 -0.304244 17.8173
      vertex -0.610443 -0.310241 17.9409
    endloop
  endfacet
  facet normal -0.0167756 0.999859 -3.95277e-07
    outer loop
      vertex -0.253006 -0.304244 17.8173
      vertex -0.657166 -0.311025 17.7251
      vertex -0.610443 -0.310241 17.9409
    endloop
  endfacet
  facet normal -0.0167757 0.999859 5.15465e-08
    outer loop
      vertex 0 -0.299999 16.6505
      vertex -0.657166 -0.311025 17.7251
      vertex -0.253006 -0.304244 17.8173
    endloop
  endfacet
  facet normal -0.0167751 0.999859 3.68043e-07
    outer loop
      vertex 0 -0.299999 16.6505
      vertex -1.14 -0.319125 15.6908
      vertex -0.657166 -0.311025 17.7251
    endloop
  endfacet
  facet normal -0.0167751 0.999859 -2.07357e-08
    outer loop
      vertex 0 -0.299999 1.49
      vertex -2.03513 -0.334143 15.6908
      vertex -1.14 -0.319125 15.6908
    endloop
  endfacet
  facet normal -0.0167743 0.999859 9.64635e-08
    outer loop
      vertex -2.03513 -0.334143 15.6908
      vertex 0 -0.299999 1.49
      vertex -3.40221 -0.357078 15.6908
    endloop
  endfacet
  facet normal -0.0167748 0.999859 -2.57517e-08
    outer loop
      vertex -6.3875 -0.407163 1.67561
      vertex -3.40221 -0.357078 15.6908
      vertex 0 -0.299999 1.49
    endloop
  endfacet
  facet normal -0.0167748 0.999859 -2.38524e-09
    outer loop
      vertex -4.21324 -0.370685 15.6908
      vertex -6.3875 -0.407163 1.67561
      vertex -6.28224 -0.405397 15.6338
    endloop
  endfacet
  facet normal -0.0167748 0.999859 0
    outer loop
      vertex 0 -0.299999 1.49
      vertex -1.14 -0.319125 15.6908
      vertex 0 -0.299999 16.6505
    endloop
  endfacet
  facet normal -0.0167751 0.999859 3.54916e-08
    outer loop
      vertex -3.40221 -0.357078 15.6908
      vertex -6.3875 -0.407163 1.67561
      vertex -4.21324 -0.370685 15.6908
    endloop
  endfacet
  facet normal -0.0167694 0.999859 -1.76818e-06
    outer loop
      vertex -2.67392 -0.34486 18.5083
      vertex -2.84888 -0.347795 18.1591
      vertex -2.72409 -0.345701 18.7559
    endloop
  endfacet
  facet normal -0.0167757 0.999859 1.42634e-06
    outer loop
      vertex -2.62465 -0.344033 18.2682
      vertex -2.84888 -0.347795 18.1591
      vertex -2.67392 -0.34486 18.5083
    endloop
  endfacet
  facet normal -0.0167741 0.999859 -2.0448e-06
    outer loop
      vertex -2.57628 -0.343222 18.0357
      vertex -2.84888 -0.347795 18.1591
      vertex -2.62465 -0.344033 18.2682
    endloop
  endfacet
  facet normal -0.016773 0.999859 3.89493e-07
    outer loop
      vertex -2.48419 -0.341677 17.6227
      vertex -2.84888 -0.347795 18.1591
      vertex -2.57628 -0.343222 18.0357
    endloop
  endfacet
  facet normal -0.0167753 0.999859 6.19126e-07
    outer loop
      vertex -3.40221 -0.357078 15.6908
      vertex -2.48419 -0.341677 17.6227
      vertex -2.3038 -0.33865 16.841
    endloop
  endfacet
  facet normal -0.0167743 0.999859 -3.28677e-07
    outer loop
      vertex -3.40221 -0.357078 15.6908
      vertex -2.3038 -0.33865 16.841
      vertex -2.03513 -0.334143 15.6908
    endloop
  endfacet
  facet normal -0.0167737 0.999859 -1.20562e-07
    outer loop
      vertex -2.48419 -0.341677 17.6227
      vertex -3.40221 -0.357078 15.6908
      vertex -2.84888 -0.347795 18.1591
    endloop
  endfacet
  facet normal -0.0167745 0.999859 -5.58859e-07
    outer loop
      vertex -0.917557 -0.315393 19.5127
      vertex -1.97635 -0.333157 18.2141
      vertex -2.27925 -0.338238 19.5127
    endloop
  endfacet
  facet normal -0.0167754 0.999859 1.1849e-07
    outer loop
      vertex -1.43564 -0.324085 17.302
      vertex -1.97635 -0.333157 18.2141
      vertex -0.917557 -0.315393 19.5127
    endloop
  endfacet
  facet normal -0.0167737 0.999859 1.12893e-06
    outer loop
      vertex -1.97635 -0.333157 18.2141
      vertex -1.43564 -0.324085 17.302
      vertex -1.78375 -0.329925 17.3855
    endloop
  endfacet
  facet normal -0.0167727 0.999859 -1.8768e-06
    outer loop
      vertex -1.70148 -0.328545 17.0267
      vertex -1.43564 -0.324085 17.302
      vertex -1.49564 -0.325092 17.0377
    endloop
  endfacet
  facet normal -0.0167741 0.999859 -5.50619e-07
    outer loop
      vertex -1.43564 -0.324085 17.302
      vertex -1.70148 -0.328545 17.0267
      vertex -1.78375 -0.329925 17.3855
    endloop
  endfacet
  facet normal -0.0167727 0.999859 -2.79374e-06
    outer loop
      vertex -1.49564 -0.325092 17.0377
      vertex -1.67165 -0.328045 16.884
      vertex -1.70148 -0.328545 17.0267
    endloop
  endfacet
  facet normal -0.0167747 0.999859 -4.01086e-07
    outer loop
      vertex -1.54898 -0.325987 16.7655
      vertex -1.67165 -0.328045 16.884
      vertex -1.49564 -0.325092 17.0377
    endloop
  endfacet
  facet normal -0.0167725 0.999859 1.94845e-06
    outer loop
      vertex -1.54898 -0.325987 16.7655
      vertex -1.63638 -0.327453 16.7036
      vertex -1.67165 -0.328045 16.884
    endloop
  endfacet
  facet normal -0.0167725 0.999859 1.97649e-06
    outer loop
      vertex -1.63638 -0.327453 16.7036
      vertex -1.54898 -0.325987 16.7655
      vertex -1.59569 -0.32677 16.4855
    endloop
  endfacet
  facet normal -0.0167748 0.999859 -2.17752e-08
    outer loop
      vertex -3.22861 -0.354166 19.5127
      vertex -6.3875 -0.407163 26.3452
      vertex 0 -0.299999 26.3452
    endloop
  endfacet
  facet normal -0.0167738 0.999859 8.39027e-08
    outer loop
      vertex -6.3875 -0.407163 26.3452
      vertex -5.91335 -0.399208 19.5402
      vertex -6.28769 -0.405488 19.5669
    endloop
  endfacet
  facet normal -0.0167748 0.999859 0
    outer loop
      vertex -0.917557 -0.315393 19.5127
      vertex 0 -0.299999 26.3452
      vertex 0 -0.299999 19.5127
    endloop
  endfacet
  facet normal -0.0167745 0.999859 -3.35706e-08
    outer loop
      vertex -2.27925 -0.338238 19.5127
      vertex 0 -0.299999 26.3452
      vertex -0.917557 -0.315393 19.5127
    endloop
  endfacet
  facet normal -0.0167753 0.999859 2.03002e-07
    outer loop
      vertex -3.22861 -0.354166 19.5127
      vertex 0 -0.299999 26.3452
      vertex -2.27925 -0.338238 19.5127
    endloop
  endfacet
  facet normal -0.0167746 0.999859 4.53109e-08
    outer loop
      vertex -6.3875 -0.407163 26.3452
      vertex -3.22861 -0.354166 19.5127
      vertex -5.57158 -0.393474 19.4602
    endloop
  endfacet
  facet normal -0.016775 0.999859 1.85741e-09
    outer loop
      vertex -6.3875 -0.407163 26.3452
      vertex -5.57158 -0.393474 19.4602
      vertex -5.91335 -0.399208 19.5402
    endloop
  endfacet
  facet normal -0.0167747 0.999859 1.54779e-06
    outer loop
      vertex -3.22861 -0.354166 19.5127
      vertex -5.26236 -0.388286 19.3269
      vertex -5.57158 -0.393474 19.4602
    endloop
  endfacet
  facet normal -0.0167743 0.999859 -2.2283e-06
    outer loop
      vertex -3.22861 -0.354166 19.5127
      vertex -4.99202 -0.383751 19.1432
      vertex -5.26236 -0.388286 19.3269
    endloop
  endfacet
  facet normal -0.0167754 0.999859 2.8446e-06
    outer loop
      vertex -3.22861 -0.354166 19.5127
      vertex -4.76688 -0.379973 18.9121
      vertex -4.99202 -0.383751 19.1432
    endloop
  endfacet
  facet normal -0.0167738 0.999859 -1.29902e-06
    outer loop
      vertex -3.22861 -0.354166 19.5127
      vertex -4.58696 -0.376955 18.6338
      vertex -4.76688 -0.379973 18.9121
    endloop
  endfacet
  facet normal -0.0167755 0.999859 1.3381e-06
    outer loop
      vertex -3.22861 -0.354166 19.5127
      vertex -4.45586 -0.374755 18.3159
      vertex -4.58696 -0.376955 18.6338
    endloop
  endfacet
  facet normal -0.0167742 0.999859 5.24652e-08
    outer loop
      vertex -3.22861 -0.354166 19.5127
      vertex -4.37718 -0.373435 17.9659
      vertex -4.45586 -0.374755 18.3159
    endloop
  endfacet
  facet normal -0.0167719 0.999859 -1.70779e-06
    outer loop
      vertex -3.22861 -0.354166 19.5127
      vertex -4.35097 -0.372996 17.5841
      vertex -4.37718 -0.373435 17.9659
    endloop
  endfacet
  facet normal -0.0167752 0.999859 2.36026e-07
    outer loop
      vertex -3.22861 -0.354166 19.5127
      vertex -4.40778 -0.373949 17.0214
      vertex -4.35097 -0.372996 17.5841
    endloop
  endfacet
  facet normal -0.0167749 0.999859 1.10061e-07
    outer loop
      vertex -4.21324 -0.370685 15.6908
      vertex -4.40778 -0.373949 17.0214
      vertex -3.22861 -0.354166 19.5127
    endloop
  endfacet
  facet normal -0.016773 0.999859 3.95267e-07
    outer loop
      vertex -4.40778 -0.373949 17.0214
      vertex -4.21324 -0.370685 15.6908
      vertex -4.57822 -0.376808 16.5449
    endloop
  endfacet
  facet normal -0.0167747 0.999859 -3.48116e-07
    outer loop
      vertex -4.21324 -0.370685 15.6908
      vertex -4.86229 -0.381574 16.1546
      vertex -4.57822 -0.376808 16.5449
    endloop
  endfacet
  facet normal -0.0167742 0.999859 4.3653e-07
    outer loop
      vertex -4.21324 -0.370685 15.6908
      vertex -5.2473 -0.388033 15.8653
      vertex -4.86229 -0.381574 16.1546
    endloop
  endfacet
  facet normal -0.0167745 0.999859 -1.8638e-06
    outer loop
      vertex -4.21324 -0.370685 15.6908
      vertex -5.72061 -0.395974 15.6917
      vertex -5.2473 -0.388033 15.8653
    endloop
  endfacet
  facet normal -0.0167745 0.999859 -1.00968e-05
    outer loop
      vertex -5.72061 -0.395974 15.6917
      vertex -4.21324 -0.370685 15.6908
      vertex -6.28224 -0.405397 15.6338
    endloop
  endfacet
  facet normal -0.0167795 0.999859 0
    outer loop
      vertex -6.3875 -0.407163 26.3452
      vertex -6.28769 -0.405488 19.5669
      vertex -6.3875 -0.407163 19.5563
    endloop
  endfacet
  facet normal -0.0167751 0.999859 0
    outer loop
      vertex -6.3875 -0.407163 15.6445
      vertex -6.28224 -0.405397 15.6338
      vertex -6.3875 -0.407163 1.67561
    endloop
  endfacet
  facet normal -0.0167762 0.999859 -2.61927e-05
    outer loop
      vertex -5.95691 -0.399939 18.8984
      vertex -6.3875 -0.407163 18.9251
      vertex -6.28769 -0.405488 18.9376
    endloop
  endfacet
  facet normal -0.01678 0.999859 -6.67723e-06
    outer loop
      vertex -5.459 -0.391585 18.585
      vertex -5.95691 -0.399939 18.8984
      vertex -5.68068 -0.395304 18.7809
    endloop
  endfacet
  facet normal -0.016776 0.999859 -3.46151e-07
    outer loop
      vertex -5.297 -0.388867 18.317
      vertex -5.95691 -0.399939 18.8984
      vertex -5.459 -0.391585 18.585
    endloop
  endfacet
  facet normal -0.0167745 0.999859 1.30023e-06
    outer loop
      vertex -5.95691 -0.399939 18.8984
      vertex -5.297 -0.388867 18.317
      vertex -6.3875 -0.407163 18.9251
    endloop
  endfacet
  facet normal -0.0167768 0.999859 -2.80973e-06
    outer loop
      vertex -5.1998 -0.387237 17.9834
      vertex -6.3875 -0.407163 18.9251
      vertex -5.297 -0.388867 18.317
    endloop
  endfacet
  facet normal -0.0167737 0.999859 1.14105e-06
    outer loop
      vertex -5.1674 -0.386693 17.5841
      vertex -6.3875 -0.407163 18.9251
      vertex -5.1998 -0.387237 17.9834
    endloop
  endfacet
  facet normal -0.0167753 0.999859 2.9203e-07
    outer loop
      vertex -6.3875 -0.407163 16.2754
      vertex -5.1674 -0.386693 17.5841
      vertex -5.19995 -0.387239 17.2015
    endloop
  endfacet
  facet normal -0.0167766 0.999859 1.94506e-06
    outer loop
      vertex -6.3875 -0.407163 16.2754
      vertex -5.19995 -0.387239 17.2015
      vertex -5.29761 -0.388877 16.8782
    endloop
  endfacet
  facet normal -0.0167736 0.999859 -2.69276e-06
    outer loop
      vertex -5.95584 -0.399921 16.3021
      vertex -5.29761 -0.388877 16.8782
      vertex -5.46036 -0.391608 16.6144
    endloop
  endfacet
  facet normal -0.0167707 0.999859 -7.38539e-06
    outer loop
      vertex -5.95584 -0.399921 16.3021
      vertex -5.46036 -0.391608 16.6144
      vertex -5.68188 -0.395325 16.4192
    endloop
  endfacet
  facet normal -0.0167746 0.999859 -1.52022e-06
    outer loop
      vertex -5.29761 -0.388877 16.8782
      vertex -5.95584 -0.399921 16.3021
      vertex -6.3875 -0.407163 16.2754
    endloop
  endfacet
  facet normal -0.016775 0.999859 0
    outer loop
      vertex -5.1674 -0.386693 17.5841
      vertex -6.3875 -0.407163 16.2754
      vertex -6.3875 -0.407163 18.9251
    endloop
  endfacet
  facet normal -0.0167749 0.999859 2.29528e-06
    outer loop
      vertex -6.3875 -0.407163 16.2754
      vertex -5.95584 -0.399921 16.3021
      vertex -6.28224 -0.405397 16.2631
    endloop
  endfacet
  facet normal -0.0290326 -0 -0.999578
    outer loop
      vertex -5.98282 -0.557108 1.66385
      vertex -5.465 -2.79169 1.64881
      vertex -5.98282 -2.80037 1.66385
    endloop
  endfacet
  facet normal -0.0290472 0 -0.999578
    outer loop
      vertex -5.465 -0.549101 1.64881
      vertex 0 -0.299999 1.49
      vertex 0 -0.470208 1.49
    endloop
  endfacet
  facet normal -0.0290326 0 -0.999578
    outer loop
      vertex -5.465 -2.79169 1.64881
      vertex -5.98282 -0.557108 1.66385
      vertex -5.465 -0.549101 1.64881
    endloop
  endfacet
  facet normal -0.0290332 3.92492e-05 -0.999578
    outer loop
      vertex -6.3875 -0.407163 1.67561
      vertex -5.465 -0.549101 1.64881
      vertex -5.98282 -0.557108 1.66385
    endloop
  endfacet
  facet normal -0.0290454 -3.99886e-05 -0.999578
    outer loop
      vertex -5.465 -0.549101 1.64881
      vertex -6.3875 -0.407163 1.67561
      vertex 0 -0.299999 1.49
    endloop
  endfacet
  facet normal -0.0290477 -0 -0.999578
    outer loop
      vertex -6.3875 -0.407163 1.67561
      vertex -5.98282 -0.557108 1.66385
      vertex -6.3875 -0.590471 1.67561
    endloop
  endfacet
  facet normal 0.0167719 -0.999859 0
    outer loop
      vertex -5.31039 -2.78926 1.6446
      vertex -6.3775 -2.80716 26.3452
      vertex -6.3775 -2.80716 1.69613
    endloop
  endfacet
  facet normal 0.0167641 -0.999859 -0.000162728
    outer loop
      vertex -5.31039 -2.78926 1.6446
      vertex -6.3775 -2.80716 1.69613
      vertex -5.98834 -2.80063 1.6643
    endloop
  endfacet
  facet normal 0.0167748 -0.999859 1.23009e-07
    outer loop
      vertex -6.3775 -2.80716 26.3452
      vertex -5.31039 -2.78926 1.6446
      vertex 0.00499964 -2.70008 26.3452
    endloop
  endfacet
  facet normal 0.0167753 -0.999859 0
    outer loop
      vertex 0.00499964 -2.70008 26.3452
      vertex -5.31039 -2.78926 1.6446
      vertex 0.00499964 -2.70008 1.50014
    endloop
  endfacet
  facet normal 0 0 -1
    outer loop
      vertex 0 -0.470208 1.49
      vertex 0.00999928 -0.299999 1.49
      vertex 0.00999928 -0.470208 1.49
    endloop
  endfacet
  facet normal -0 0 -1
    outer loop
      vertex 0.00999928 -0.299999 1.49
      vertex 0 -0.470208 1.49
      vertex 0 -0.299999 1.49
    endloop
  endfacet
  facet normal -2.53951e-05 -0.86573 -0.500511
    outer loop
      vertex -5.465 -2.79169 1.64881
      vertex -5.98834 -2.80063 1.6643
      vertex -5.98282 -2.80037 1.66385
    endloop
  endfacet
  facet normal 1.49173e-05 -0.86632 -0.49949
    outer loop
      vertex -5.98834 -2.80063 1.6643
      vertex -5.465 -2.79169 1.64881
      vertex -5.31039 -2.78926 1.6446
    endloop
  endfacet
  facet normal 2.53943e-05 -0.86573 -0.500511
    outer loop
      vertex 5.99834 -2.80063 1.6643
      vertex 5.47499 -2.79169 1.64881
      vertex 5.99282 -2.80037 1.66385
    endloop
  endfacet
  facet normal -1.49326e-05 -0.86632 -0.499489
    outer loop
      vertex 5.47499 -2.79169 1.64881
      vertex 5.99834 -2.80063 1.6643
      vertex 5.32039 -2.78926 1.6446
    endloop
  endfacet
  facet normal 0.0167756 0.999859 0
    outer loop
      vertex 6.3975 -0.407163 17.2125
      vertex 5.69247 -0.395334 15.6908
      vertex 5.69247 -0.395334 17.2125
    endloop
  endfacet
  facet normal 0.0167747 0.999859 -4.79694e-08
    outer loop
      vertex 6.3975 -0.407163 1.67561
      vertex 4.89227 -0.381909 15.6908
      vertex 5.69247 -0.395334 15.6908
    endloop
  endfacet
  facet normal 0.0167747 0.999859 -4.46044e-08
    outer loop
      vertex 4.89227 -0.381909 15.6908
      vertex 6.3975 -0.407163 1.67561
      vertex 3.19722 -0.353471 15.6585
    endloop
  endfacet
  facet normal 0.0167729 0.999859 -4.62853e-07
    outer loop
      vertex 3.19722 -0.353471 15.6585
      vertex 6.3975 -0.407163 1.67561
      vertex 2.76277 -0.346183 15.6338
    endloop
  endfacet
  facet normal 0.0167756 0.999859 -0
    outer loop
      vertex 6.3975 -0.407163 1.67561
      vertex 5.69247 -0.395334 15.6908
      vertex 6.3975 -0.407163 17.2125
    endloop
  endfacet
  facet normal 0.0167738 0.999859 -1.14964e-06
    outer loop
      vertex 2.15668 -0.336014 16.9607
      vertex 2.01956 -0.333714 16.6564
      vertex 2.02815 -0.333858 16.7498
    endloop
  endfacet
  facet normal 0.0167737 0.999859 -5.25977e-07
    outer loop
      vertex 2.9418 -0.349186 17.2288
      vertex 2.95673 -0.349437 16.2146
      vertex 2.66724 -0.34458 17.1656
    endloop
  endfacet
  facet normal 0.0167721 0.999859 -8.83298e-07
    outer loop
      vertex 3.13168 -0.352372 16.2562
      vertex 2.9418 -0.349186 17.2288
      vertex 3.27136 -0.354715 16.3255
    endloop
  endfacet
  facet normal 0.0167753 0.999859 -9.16504e-08
    outer loop
      vertex 2.34265 -0.339134 16.2514
      vertex 2.46198 -0.341136 17.11
      vertex 2.74652 -0.34591 16.2007
    endloop
  endfacet
  facet normal 0.016774 0.999859 -5.21674e-07
    outer loop
      vertex 2.95673 -0.349437 16.2146
      vertex 2.9418 -0.349186 17.2288
      vertex 3.13168 -0.352372 16.2562
    endloop
  endfacet
  facet normal 0.0167761 0.999859 2.02292e-07
    outer loop
      vertex 2.74652 -0.34591 16.2007
      vertex 2.66724 -0.34458 17.1656
      vertex 2.95673 -0.349437 16.2146
    endloop
  endfacet
  facet normal 0.0167734 0.999859 1.76745e-07
    outer loop
      vertex 2.46198 -0.341136 17.11
      vertex 2.34265 -0.339134 16.2514
      vertex 2.01956 -0.333714 16.6564
    endloop
  endfacet
  facet normal 0.0167763 0.999859 2.19861e-07
    outer loop
      vertex 2.66724 -0.34458 17.1656
      vertex 2.74652 -0.34591 16.2007
      vertex 2.46198 -0.341136 17.11
    endloop
  endfacet
  facet normal 0.0167742 0.999859 8.27946e-07
    outer loop
      vertex 2.01956 -0.333714 16.6564
      vertex 2.34265 -0.339134 16.2514
      vertex 2.10034 -0.335069 16.4032
    endloop
  endfacet
  facet normal 0.0167746 0.999859 -7.54926e-08
    outer loop
      vertex 0.00999928 -0.299999 26.3452
      vertex 1.91287 -0.331924 19.4512
      vertex 0.0317841 -0.300365 19.5127
    endloop
  endfacet
  facet normal 0.0167747 0.999859 1.37182e-06
    outer loop
      vertex 1.59912 -0.32666 19.3065
      vertex 0.0317841 -0.300365 19.5127
      vertex 1.91287 -0.331924 19.4512
    endloop
  endfacet
  facet normal 0.0167746 0.999859 5.47361e-07
    outer loop
      vertex 1.35379 -0.322544 19.1031
      vertex 0.0317841 -0.300365 19.5127
      vertex 1.59912 -0.32666 19.3065
    endloop
  endfacet
  facet normal 0.016774 0.999859 -1.18912e-06
    outer loop
      vertex 1.17477 -0.319541 18.84
      vertex 0.0317841 -0.300365 19.5127
      vertex 1.35379 -0.322544 19.1031
    endloop
  endfacet
  facet normal 0.0167758 0.999859 1.84071e-06
    outer loop
      vertex 1.06204 -0.317649 18.5172
      vertex 0.0317841 -0.300365 19.5127
      vertex 1.17477 -0.319541 18.84
    endloop
  endfacet
  facet normal 0.0167736 0.999859 2.32525e-07
    outer loop
      vertex 3.09189 -0.351704 17.9623
      vertex 3.23929 -0.354177 18.9108
      vertex 3.24425 -0.35426 18.0127
    endloop
  endfacet
  facet normal 0.0167768 0.999859 1.90354e-06
    outer loop
      vertex 3.44255 -0.357587 18.1224
      vertex 3.569 -0.359709 18.2658
      vertex 3.51549 -0.358811 18.189
    endloop
  endfacet
  facet normal 0.0167479 0.99986 2.74524e-05
    outer loop
      vertex 3.569 -0.359709 18.2658
      vertex 3.44255 -0.357587 18.1224
      vertex 3.35214 -0.356071 18.0636
    endloop
  endfacet
  facet normal 0.016775 0.999859 -3.69483e-08
    outer loop
      vertex 2.77365 -0.346365 18.9675
      vertex 2.86812 -0.34795 17.9054
      vertex 2.52379 -0.342173 18.9522
    endloop
  endfacet
  facet normal 0.0167746 0.999859 8.64734e-08
    outer loop
      vertex 3.23929 -0.354177 18.9108
      vertex 3.09189 -0.351704 17.9623
      vertex 2.77365 -0.346365 18.9675
    endloop
  endfacet
  facet normal 0.0167738 0.999859 -1.44276e-07
    outer loop
      vertex 2.86812 -0.34795 17.9054
      vertex 2.77365 -0.346365 18.9675
      vertex 3.09189 -0.351704 17.9623
    endloop
  endfacet
  facet normal 0.0167729 0.999859 -7.49979e-07
    outer loop
      vertex 2.57292 -0.342998 17.8417
      vertex 2.52379 -0.342173 18.9522
      vertex 2.86812 -0.34795 17.9054
    endloop
  endfacet
  facet normal 0.0167743 0.999859 -6.88463e-07
    outer loop
      vertex 2.52379 -0.342173 18.9522
      vertex 2.57292 -0.342998 17.8417
      vertex 1.83513 -0.33062 18.3897
    endloop
  endfacet
  facet normal 0.0167771 0.999859 3.16008e-06
    outer loop
      vertex 2.31613 -0.338689 17.7792
      vertex 1.83513 -0.33062 18.3897
      vertex 2.57292 -0.342998 17.8417
    endloop
  endfacet
  facet normal 0.0167718 0.999859 -1.01702e-06
    outer loop
      vertex 2.11719 -0.335352 17.7254
      vertex 1.83513 -0.33062 18.3897
      vertex 2.31613 -0.338689 17.7792
    endloop
  endfacet
  facet normal 0.0167763 0.999859 8.71825e-07
    outer loop
      vertex 1.97612 -0.332985 17.6804
      vertex 1.83513 -0.33062 18.3897
      vertex 2.11719 -0.335352 17.7254
    endloop
  endfacet
  facet normal 0.0167733 0.999859 2.76372e-07
    outer loop
      vertex 1.86763 -0.331165 17.6373
      vertex 1.83513 -0.33062 18.3897
      vertex 1.97612 -0.332985 17.6804
    endloop
  endfacet
  facet normal 0.0167744 0.999859 3.2599e-07
    outer loop
      vertex 1.76636 -0.329466 17.5894
      vertex 1.83513 -0.33062 18.3897
      vertex 1.86763 -0.331165 17.6373
    endloop
  endfacet
  facet normal 0.0167777 0.999859 4.32724e-08
    outer loop
      vertex 1.67232 -0.327888 17.5366
      vertex 1.83513 -0.33062 18.3897
      vertex 1.76636 -0.329466 17.5894
    endloop
  endfacet
  facet normal 0.0167758 0.999859 4.01792e-07
    outer loop
      vertex 1.83513 -0.33062 18.3897
      vertex 1.67232 -0.327888 17.5366
      vertex 1.06204 -0.317649 18.5172
    endloop
  endfacet
  facet normal 0.0167764 0.999859 7.33589e-07
    outer loop
      vertex 1.58644 -0.326447 17.4777
      vertex 1.06204 -0.317649 18.5172
      vertex 1.67232 -0.327888 17.5366
    endloop
  endfacet
  facet normal 0.0167704 0.999859 -2.28846e-06
    outer loop
      vertex 1.50958 -0.325158 17.4112
      vertex 1.06204 -0.317649 18.5172
      vertex 1.58644 -0.326447 17.4777
    endloop
  endfacet
  facet normal 0.0167769 0.999859 3.71178e-07
    outer loop
      vertex 1.44176 -0.32402 17.3372
      vertex 1.06204 -0.317649 18.5172
      vertex 1.50958 -0.325158 17.4112
    endloop
  endfacet
  facet normal 0.0167715 0.999859 -1.39012e-06
    outer loop
      vertex 1.38315 -0.323037 17.255
      vertex 1.06204 -0.317649 18.5172
      vertex 1.44176 -0.32402 17.3372
    endloop
  endfacet
  facet normal 0.0167832 0.999859 1.58502e-06
    outer loop
      vertex 1.33389 -0.32221 17.1636
      vertex 1.06204 -0.317649 18.5172
      vertex 1.38315 -0.323037 17.255
    endloop
  endfacet
  facet normal 0.0167764 0.999859 2.30796e-07
    outer loop
      vertex 1.29396 -0.32154 17.0633
      vertex 1.06204 -0.317649 18.5172
      vertex 1.33389 -0.32221 17.1636
    endloop
  endfacet
  facet normal 0.016759 0.99986 -2.55094e-06
    outer loop
      vertex 1.26459 -0.321048 16.9533
      vertex 1.06204 -0.317649 18.5172
      vertex 1.29396 -0.32154 17.0633
    endloop
  endfacet
  facet normal 0.0167734 0.999859 -6.84934e-07
    outer loop
      vertex 1.06204 -0.317649 18.5172
      vertex 1.26459 -0.321048 16.9533
      vertex 0.0317841 -0.300365 19.5127
    endloop
  endfacet
  facet normal 0.0167777 0.999859 1.39182e-06
    outer loop
      vertex 1.24696 -0.320752 16.833
      vertex 0.0317841 -0.300365 19.5127
      vertex 1.26459 -0.321048 16.9533
    endloop
  endfacet
  facet normal 0.0167826 0.999859 3.61789e-06
    outer loop
      vertex 1.24109 -0.320653 16.7025
      vertex 0.0317841 -0.300365 19.5127
      vertex 1.24696 -0.320752 16.833
    endloop
  endfacet
  facet normal 0.0167773 0.999859 -1.40203e-06
    outer loop
      vertex 1.01913 -0.31693 15.6908
      vertex 1.24109 -0.320653 16.7025
      vertex 1.28433 -0.321379 16.3841
    endloop
  endfacet
  facet normal 0.0167731 0.999859 -4.75578e-07
    outer loop
      vertex 1.24109 -0.320653 16.7025
      vertex 1.01913 -0.31693 15.6908
      vertex 0.0317841 -0.300365 19.5127
    endloop
  endfacet
  facet normal 0.016775 0.999859 -5.16164e-07
    outer loop
      vertex 1.41408 -0.323556 16.1196
      vertex 1.01913 -0.31693 15.6908
      vertex 1.28433 -0.321379 16.3841
    endloop
  endfacet
  facet normal 0.0167745 0.999859 -3.46808e-08
    outer loop
      vertex 1.63033 -0.327184 15.9091
      vertex 1.01913 -0.31693 15.6908
      vertex 1.41408 -0.323556 16.1196
    endloop
  endfacet
  facet normal 0.0167741 0.999859 9.74625e-07
    outer loop
      vertex 1.92915 -0.332197 15.7562
      vertex 1.01913 -0.31693 15.6908
      vertex 1.63033 -0.327184 15.9091
    endloop
  endfacet
  facet normal 0.0167743 0.999859 7.85763e-08
    outer loop
      vertex 0.00999928 -0.299999 1.49
      vertex 1.01913 -0.31693 15.6908
      vertex 2.30663 -0.33853 15.6644
    endloop
  endfacet
  facet normal 0.0167743 0.999859 -1.56593e-06
    outer loop
      vertex 2.30663 -0.33853 15.6644
      vertex 1.01913 -0.31693 15.6908
      vertex 1.92915 -0.332197 15.7562
    endloop
  endfacet
  facet normal 0.0167748 0.999859 -6.04142e-08
    outer loop
      vertex 6.3975 -0.407163 26.3452
      vertex 2.75192 -0.346001 19.5669
      vertex 0.00999928 -0.299999 26.3452
    endloop
  endfacet
  facet normal 0.016773 0.999859 8.74877e-07
    outer loop
      vertex 6.3975 -0.407163 26.3452
      vertex 3.24574 -0.354285 19.5339
      vertex 2.75192 -0.346001 19.5669
    endloop
  endfacet
  facet normal 0.0167747 0.999859 9.83973e-08
    outer loop
      vertex 4.89227 -0.381909 19.5127
      vertex 6.3975 -0.407163 26.3452
      vertex 5.69247 -0.395334 19.5127
    endloop
  endfacet
  facet normal 0.0167756 0.999859 -0
    outer loop
      vertex 6.3975 -0.407163 17.8743
      vertex 5.69247 -0.395334 19.5127
      vertex 6.3975 -0.407163 26.3452
    endloop
  endfacet
  facet normal 0.0167756 0.999859 0
    outer loop
      vertex 5.69247 -0.395334 19.5127
      vertex 6.3975 -0.407163 17.8743
      vertex 5.69247 -0.395334 17.8743
    endloop
  endfacet
  facet normal 0.0167746 0.999859 -1.24743e-07
    outer loop
      vertex 2.29713 -0.338371 19.538
      vertex 0.00999928 -0.299999 26.3452
      vertex 2.75192 -0.346001 19.5669
    endloop
  endfacet
  facet normal 0.0167753 0.999859 1.09083e-07
    outer loop
      vertex 1.91287 -0.331924 19.4512
      vertex 0.00999928 -0.299999 26.3452
      vertex 2.29713 -0.338371 19.538
    endloop
  endfacet
  facet normal 0.0167983 0.999859 0
    outer loop
      vertex 0.00999928 -0.299999 26.3452
      vertex 0.0317841 -0.300365 19.5127
      vertex 0.00999928 -0.299999 19.5127
    endloop
  endfacet
  facet normal 0.0167747 0.999859 8.81914e-08
    outer loop
      vertex 6.3975 -0.407163 26.3452
      vertex 4.89227 -0.381909 19.5127
      vertex 3.24574 -0.354285 19.5339
    endloop
  endfacet
  facet normal 0.0167747 0.999859 -3.74589e-06
    outer loop
      vertex 4.89227 -0.381909 19.5127
      vertex 3.65306 -0.361119 19.4349
      vertex 3.24574 -0.354285 19.5339
    endloop
  endfacet
  facet normal 0.0167743 0.999859 1.82854e-06
    outer loop
      vertex 4.89227 -0.381909 19.5127
      vertex 3.97388 -0.366501 19.2699
      vertex 3.65306 -0.361119 19.4349
    endloop
  endfacet
  facet normal 0.0167755 0.999859 -2.65333e-06
    outer loop
      vertex 4.89227 -0.381909 19.5127
      vertex 4.20522 -0.370383 19.0425
      vertex 3.97388 -0.366501 19.2699
    endloop
  endfacet
  facet normal 0.0167728 0.999859 1.36065e-06
    outer loop
      vertex 4.89227 -0.381909 19.5127
      vertex 4.34402 -0.372711 18.7563
      vertex 4.20522 -0.370383 19.0425
    endloop
  endfacet
  facet normal 0.0167771 0.999859 -1.77935e-06
    outer loop
      vertex 4.89227 -0.381909 19.5127
      vertex 4.39029 -0.373488 18.4114
      vertex 4.34402 -0.372711 18.7563
    endloop
  endfacet
  facet normal 0.0167687 0.999859 2.0654e-06
    outer loop
      vertex 4.89227 -0.381909 19.5127
      vertex 4.38214 -0.373351 18.2584
      vertex 4.39029 -0.373488 18.4114
    endloop
  endfacet
  facet normal 0.0167586 0.99986 6.14979e-06
    outer loop
      vertex 4.89227 -0.381909 19.5127
      vertex 4.35773 -0.372941 18.1179
      vertex 4.38214 -0.373351 18.2584
    endloop
  endfacet
  facet normal 0.0167747 0.999859 -0
    outer loop
      vertex 4.89227 -0.381909 15.6908
      vertex 4.35773 -0.372941 18.1179
      vertex 4.89227 -0.381909 19.5127
    endloop
  endfacet
  facet normal 0.0167755 0.999859 8.50528e-07
    outer loop
      vertex 3.51413 -0.358788 16.6971
      vertex 2.9418 -0.349186 17.2288
      vertex 3.27408 -0.354761 17.3046
    endloop
  endfacet
  facet normal 0.0167736 0.999859 -1.17477e-06
    outer loop
      vertex 3.46065 -0.357891 16.5461
      vertex 2.9418 -0.349186 17.2288
      vertex 3.51413 -0.358788 16.6971
    endloop
  endfacet
  facet normal 0.0167772 0.999859 1.58752e-06
    outer loop
      vertex 3.37973 -0.356533 16.4223
      vertex 2.9418 -0.349186 17.2288
      vertex 3.46065 -0.357891 16.5461
    endloop
  endfacet
  facet normal 0.0167738 0.999859 -2.90039e-07
    outer loop
      vertex 3.27136 -0.354715 16.3255
      vertex 2.9418 -0.349186 17.2288
      vertex 3.37973 -0.356533 16.4223
    endloop
  endfacet
  facet normal 0.0167757 0.999859 9.53082e-07
    outer loop
      vertex 3.51413 -0.358788 16.6971
      vertex 3.27408 -0.354761 17.3046
      vertex 3.53674 -0.359168 17.3764
    endloop
  endfacet
  facet normal 0.0167696 0.999859 3.83057e-06
    outer loop
      vertex 2.01956 -0.333714 16.6564
      vertex 2.32605 -0.338856 17.062
      vertex 2.46198 -0.341136 17.11
    endloop
  endfacet
  facet normal 0.0167788 0.999859 -3.13817e-06
    outer loop
      vertex 2.01956 -0.333714 16.6564
      vertex 2.23308 -0.337296 17.0145
      vertex 2.32605 -0.338856 17.062
    endloop
  endfacet
  facet normal 0.0167808 0.999859 -4.27374e-06
    outer loop
      vertex 2.01956 -0.333714 16.6564
      vertex 2.15668 -0.336014 16.9607
      vertex 2.23308 -0.337296 17.0145
    endloop
  endfacet
  facet normal 0.0167719 0.999859 1.08189e-06
    outer loop
      vertex 3.51413 -0.358788 16.6971
      vertex 3.53674 -0.359168 17.3764
      vertex 3.72977 -0.362406 17.4444
    endloop
  endfacet
  facet normal 0.0167889 0.999859 -1.0347e-05
    outer loop
      vertex 2.15668 -0.336014 16.9607
      vertex 2.02815 -0.333858 16.7498
      vertex 2.09685 -0.33501 16.9006
    endloop
  endfacet
  facet normal 0.0167625 0.999859 1.68637e-06
    outer loop
      vertex 2.09685 -0.33501 16.9006
      vertex 2.02815 -0.333858 16.7498
      vertex 2.05391 -0.33429 16.8312
    endloop
  endfacet
  facet normal 0.0167744 0.999859 -5.89509e-07
    outer loop
      vertex 4.28992 -0.371804 16.5913
      vertex 3.72977 -0.362406 17.4444
      vertex 3.877 -0.364876 17.514
    endloop
  endfacet
  facet normal 0.016775 0.999859 -3.29342e-07
    outer loop
      vertex 4.28992 -0.371804 16.5913
      vertex 3.877 -0.364876 17.514
      vertex 4.00223 -0.366977 17.5909
    endloop
  endfacet
  facet normal 0.0167784 0.999859 6.62805e-07
    outer loop
      vertex 4.28992 -0.371804 16.5913
      vertex 4.00223 -0.366977 17.5909
      vertex 4.10544 -0.368709 17.6749
    endloop
  endfacet
  facet normal 0.0167742 0.999859 -5.9614e-08
    outer loop
      vertex 4.28992 -0.371804 16.5913
      vertex 4.10544 -0.368709 17.6749
      vertex 4.19044 -0.370135 17.7684
    endloop
  endfacet
  facet normal 0.0167669 0.999859 -6.75024e-07
    outer loop
      vertex 4.28992 -0.371804 16.5913
      vertex 4.19044 -0.370135 17.7684
      vertex 4.26099 -0.371318 17.8733
    endloop
  endfacet
  facet normal 0.0167754 0.999859 6.30219e-08
    outer loop
      vertex 3.72977 -0.362406 17.4444
      vertex 4.28992 -0.371804 16.5913
      vertex 3.51413 -0.358788 16.6971
    endloop
  endfacet
  facet normal 0.0167838 0.999859 -2.92781e-07
    outer loop
      vertex 4.31705 -0.372259 17.9896
      vertex 4.28992 -0.371804 16.5913
      vertex 4.26099 -0.371318 17.8733
    endloop
  endfacet
  facet normal 0.0167676 0.999859 -1.56544e-06
    outer loop
      vertex 4.35773 -0.372941 18.1179
      vertex 4.89227 -0.381909 15.6908
      vertex 4.31705 -0.372259 17.9896
    endloop
  endfacet
  facet normal 0.0167735 0.999859 -9.15993e-08
    outer loop
      vertex 4.31705 -0.372259 17.9896
      vertex 4.89227 -0.381909 15.6908
      vertex 4.28992 -0.371804 16.5913
    endloop
  endfacet
  facet normal 0.0167749 0.999859 9.00907e-07
    outer loop
      vertex 4.89227 -0.381909 15.6908
      vertex 4.19302 -0.370178 16.2818
      vertex 4.28992 -0.371804 16.5913
    endloop
  endfacet
  facet normal 0.0167734 0.999859 -9.10987e-07
    outer loop
      vertex 4.89227 -0.381909 15.6908
      vertex 4.03975 -0.367607 16.0368
      vertex 4.19302 -0.370178 16.2818
    endloop
  endfacet
  facet normal 0.0167741 0.999859 8.14819e-07
    outer loop
      vertex 4.89227 -0.381909 15.6908
      vertex 3.83012 -0.36409 15.8562
      vertex 4.03975 -0.367607 16.0368
    endloop
  endfacet
  facet normal 0.0167741 0.999859 6.34114e-07
    outer loop
      vertex 4.89227 -0.381909 15.6908
      vertex 3.55301 -0.359441 15.7327
      vertex 3.83012 -0.36409 15.8562
    endloop
  endfacet
  facet normal 0.0167745 0.999859 1.30579e-05
    outer loop
      vertex 3.55301 -0.359441 15.7327
      vertex 4.89227 -0.381909 15.6908
      vertex 3.19722 -0.353471 15.6585
    endloop
  endfacet
  facet normal 0.0167754 0.999859 -8.94273e-08
    outer loop
      vertex 0.00999928 -0.299999 1.49
      vertex 2.30663 -0.33853 15.6644
      vertex 2.76277 -0.346183 15.6338
    endloop
  endfacet
  facet normal 0.0167748 0.999859 2.68441e-08
    outer loop
      vertex 0.00999928 -0.299999 1.49
      vertex 2.76277 -0.346183 15.6338
      vertex 6.3975 -0.407163 1.67561
    endloop
  endfacet
  facet normal 0.0167771 0.999859 0
    outer loop
      vertex 0.208099 -0.303323 15.6908
      vertex 0.00999928 -0.299999 1.49
      vertex 0.00999928 -0.299999 16.6044
    endloop
  endfacet
  facet normal 0.016775 0.999859 2.8141e-08
    outer loop
      vertex 1.01913 -0.31693 15.6908
      vertex 0.00999928 -0.299999 1.49
      vertex 0.208099 -0.303323 15.6908
    endloop
  endfacet
  facet normal 0.0167735 0.999859 -2.79444e-08
    outer loop
      vertex 3.35214 -0.356071 18.0636
      vertex 3.6118 -0.360427 18.4575
      vertex 3.569 -0.359709 18.2658
    endloop
  endfacet
  facet normal 0.0167747 0.999859 -8.37288e-07
    outer loop
      vertex 3.6118 -0.360427 18.4575
      vertex 3.35214 -0.356071 18.0636
      vertex 3.23929 -0.354177 18.9108
    endloop
  endfacet
  facet normal 0.0167831 0.999859 2.84987e-07
    outer loop
      vertex 3.24425 -0.35426 18.0127
      vertex 3.23929 -0.354177 18.9108
      vertex 3.35214 -0.356071 18.0636
    endloop
  endfacet
  facet normal 0.0167784 0.999859 2.20086e-06
    outer loop
      vertex 3.6118 -0.360427 18.4575
      vertex 3.23929 -0.354177 18.9108
      vertex 3.51868 -0.358865 18.7408
    endloop
  endfacet
  facet normal 0.0167712 0.999859 3.00286e-06
    outer loop
      vertex 2.52379 -0.342173 18.9522
      vertex 1.83513 -0.33062 18.3897
      vertex 2.31311 -0.338639 18.9066
    endloop
  endfacet
  facet normal 0.0167804 0.999859 -5.51047e-06
    outer loop
      vertex 1.90413 -0.331777 18.5737
      vertex 2.31311 -0.338639 18.9066
      vertex 1.83513 -0.33062 18.3897
    endloop
  endfacet
  facet normal 0.0167321 0.99986 9.21105e-06
    outer loop
      vertex 3.569 -0.359709 18.2658
      vertex 3.6118 -0.360427 18.4575
      vertex 3.6011 -0.360247 18.3553
    endloop
  endfacet
  facet normal 0.0167804 0.999859 -5.49816e-06
    outer loop
      vertex 2.31311 -0.338639 18.9066
      vertex 1.90413 -0.331777 18.5737
      vertex 2.1416 -0.335761 18.8305
    endloop
  endfacet
  facet normal 0.0167722 0.999859 2.0969e-06
    outer loop
      vertex 2.1416 -0.335761 18.8305
      vertex 1.90413 -0.331777 18.5737
      vertex 2.00629 -0.333491 18.7206
    endloop
  endfacet
  facet normal -0.0167748 -0.999859 1.22927e-07
    outer loop
      vertex 5.32039 -2.78926 1.6446
      vertex 6.3875 -2.80716 26.3452
      vertex 0.00499964 -2.70008 26.3452
    endloop
  endfacet
  facet normal -0.0167719 -0.999859 -0
    outer loop
      vertex 6.3875 -2.80716 26.3452
      vertex 5.32039 -2.78926 1.6446
      vertex 6.3875 -2.80716 1.69613
    endloop
  endfacet
  facet normal -0.0167641 -0.999859 -0.000162728
    outer loop
      vertex 6.3875 -2.80716 1.69613
      vertex 5.32039 -2.78926 1.6446
      vertex 5.99834 -2.80063 1.6643
    endloop
  endfacet
  facet normal -0.0167753 -0.999859 0
    outer loop
      vertex 5.32039 -2.78926 1.6446
      vertex 0.00499964 -2.70008 26.3452
      vertex 0.00499964 -2.70008 1.50014
    endloop
  endfacet
  facet normal 0.029032 0 -0.999578
    outer loop
      vertex 5.99282 -2.80037 1.66385
      vertex 5.47499 -2.79169 1.64881
      vertex 5.99282 -0.557108 1.66385
    endloop
  endfacet
  facet normal 0.0290477 0 -0.999578
    outer loop
      vertex 5.99282 -0.557108 1.66385
      vertex 6.3975 -0.407163 1.67561
      vertex 6.3975 -0.590471 1.67561
    endloop
  endfacet
  facet normal 0.029032 0 -0.999578
    outer loop
      vertex 5.47499 -0.549101 1.64881
      vertex 5.99282 -0.557108 1.66385
      vertex 5.47499 -2.79169 1.64881
    endloop
  endfacet
  facet normal 0.0290327 4.07017e-05 -0.999578
    outer loop
      vertex 5.47499 -0.549101 1.64881
      vertex 6.3975 -0.407163 1.67561
      vertex 5.99282 -0.557108 1.66385
    endloop
  endfacet
  facet normal 0.0290473 0 -0.999578
    outer loop
      vertex 0.00999928 -0.299999 1.49
      vertex 5.47499 -0.549101 1.64881
      vertex 0.00999928 -0.470208 1.49
    endloop
  endfacet
  facet normal 0.0290454 -4.18145e-05 -0.999578
    outer loop
      vertex 5.47499 -0.549101 1.64881
      vertex 0.00999928 -0.299999 1.49
      vertex 6.3975 -0.407163 1.67561
    endloop
  endfacet
  facet normal -0.0504247 -0.998728 0
    outer loop
      vertex 6.3875 -2.80716 1.69613
      vertex 6.5 -2.81284 26.3452
      vertex 6.3875 -2.80716 26.3452
    endloop
  endfacet
  facet normal -0.0504274 -0.998728 2.69732e-06
    outer loop
      vertex 6.5 -2.81284 26.3452
      vertex 12.1745 -3.09942 2.18182
      vertex 12.775 -3.12974 2.26415
    endloop
  endfacet
  facet normal -0.0504379 -0.998727 2.28219e-07
    outer loop
      vertex 6.5 -2.81284 26.3452
      vertex 9.99182 -2.98919 1.99089
      vertex 12.1745 -3.09942 2.18182
    endloop
  endfacet
  facet normal -0.050439 -0.998727 6.56454e-08
    outer loop
      vertex 6.5 -2.81284 26.3452
      vertex 6.3875 -2.80716 1.69613
      vertex 9.99182 -2.98919 1.99089
    endloop
  endfacet
  facet normal -0.0504364 -0.998727 0
    outer loop
      vertex 9 -2.9391 28.8452
      vertex 12.775 -3.12974 31.0895
      vertex 9 -2.9391 30.7593
    endloop
  endfacet
  facet normal -0.0504385 -0.998727 3.60243e-06
    outer loop
      vertex 8.91481 -2.9348 28.1981
      vertex 12.775 -3.12974 31.0895
      vertex 9 -2.9391 28.8452
    endloop
  endfacet
  facet normal -0.0504231 -0.998728 -1.7038e-05
    outer loop
      vertex 8.66505 -2.92218 27.5952
      vertex 12.775 -3.12974 31.0895
      vertex 8.91481 -2.9348 28.1981
    endloop
  endfacet
  facet normal -0.0504558 -0.998726 2.14833e-05
    outer loop
      vertex 8.26776 -2.90212 27.0774
      vertex 12.775 -3.12974 31.0895
      vertex 8.66505 -2.92218 27.5952
    endloop
  endfacet
  facet normal -0.0504367 -0.998727 0
    outer loop
      vertex 8.26776 -2.90212 27.0774
      vertex 12.775 -3.12974 2.26415
      vertex 12.775 -3.12974 31.0895
    endloop
  endfacet
  facet normal -0.0504411 -0.998727 -8.04738e-07
    outer loop
      vertex 7.75 -2.87597 26.6801
      vertex 12.775 -3.12974 2.26415
      vertex 8.26776 -2.90212 27.0774
    endloop
  endfacet
  facet normal -0.0504359 -0.998727 2.7798e-07
    outer loop
      vertex 7.14703 -2.84552 26.4304
      vertex 12.775 -3.12974 2.26415
      vertex 7.75 -2.87597 26.6801
    endloop
  endfacet
  facet normal -0.0504432 -0.998727 -1.43732e-06
    outer loop
      vertex 12.775 -3.12974 2.26415
      vertex 7.14703 -2.84552 26.4304
      vertex 6.5 -2.81284 26.3452
    endloop
  endfacet
  facet normal 0.000240447 -0.864831 -0.502064
    outer loop
      vertex 12.1745 -3.09942 2.18182
      vertex 10.1455 -2.99644 2.00346
      vertex 12.1569 -3.09802 2.1794
    endloop
  endfacet
  facet normal 0.000610668 -0.862993 -0.505215
    outer loop
      vertex 10.1455 -2.99644 2.00346
      vertex 12.1745 -3.09942 2.18182
      vertex 9.99182 -2.98919 1.99089
    endloop
  endfacet
  facet normal 0.0871387 0 -0.996196
    outer loop
      vertex 12.1569 -3.09802 2.1794
      vertex 10.1455 -2.99644 2.00346
      vertex 12.1569 -0.85407 2.1794
    endloop
  endfacet
  facet normal 0.0871374 0 -0.996196
    outer loop
      vertex 12.1569 -0.85407 2.1794
      vertex 12.785 -0.729744 2.23434
      vertex 12.785 -0.924628 2.23434
    endloop
  endfacet
  facet normal 0.0871387 0 -0.996196
    outer loop
      vertex 10.1455 -0.753178 2.00346
      vertex 12.1569 -0.85407 2.1794
      vertex 10.1455 -2.99644 2.00346
    endloop
  endfacet
  facet normal 0.0871384 -5.07888e-06 -0.996196
    outer loop
      vertex 10.1455 -0.753178 2.00346
      vertex 12.785 -0.729744 2.23434
      vertex 12.1569 -0.85407 2.1794
    endloop
  endfacet
  facet normal 0.0871406 0 -0.996196
    outer loop
      vertex 6.3975 -0.407163 1.67561
      vertex 10.1455 -0.753178 2.00346
      vertex 6.3975 -0.590471 1.67561
    endloop
  endfacet
  facet normal 0.0871386 -2.17272e-05 -0.996196
    outer loop
      vertex 10.1455 -0.753178 2.00346
      vertex 6.3975 -0.407163 1.67561
      vertex 12.785 -0.729744 2.23434
    endloop
  endfacet
  facet normal -0.0871375 0 0.996196
    outer loop
      vertex 9 -2.9391 30.7593
      vertex 12.775 -0.729744 31.0895
      vertex 9 -0.539099 30.7593
    endloop
  endfacet
  facet normal -0.0871375 0 0.996196
    outer loop
      vertex 12.775 -0.729744 31.0895
      vertex 9 -2.9391 30.7593
      vertex 12.775 -3.12974 31.0895
    endloop
  endfacet
  facet normal 0.0504377 0.998727 0
    outer loop
      vertex 12.785 -0.729744 31.0895
      vertex 9 -0.538594 28.8452
      vertex 9 -0.538594 30.7584
    endloop
  endfacet
  facet normal 0.050438 0.998727 -4.41627e-07
    outer loop
      vertex 12.785 -0.729744 31.0895
      vertex 8.91481 -0.534292 28.1981
      vertex 9 -0.538594 28.8452
    endloop
  endfacet
  facet normal 0.0504383 0.998727 -8.58554e-07
    outer loop
      vertex 12.785 -0.729744 31.0895
      vertex 8.66505 -0.521679 27.5952
      vertex 8.91481 -0.534292 28.1981
    endloop
  endfacet
  facet normal 0.0504374 0.998727 1.47367e-07
    outer loop
      vertex 8.15816 -0.496079 19.5127
      vertex 8.66505 -0.521679 27.5952
      vertex 12.785 -0.729744 31.0895
    endloop
  endfacet
  facet normal 0.0504388 0.998727 8.80178e-08
    outer loop
      vertex 7.14703 -0.445016 26.4304
      vertex 7.35796 -0.455668 19.5127
      vertex 6.5 -0.412339 26.3452
    endloop
  endfacet
  facet normal 0.0504368 0.998727 2.91975e-08
    outer loop
      vertex 7.35796 -0.455668 19.5127
      vertex 7.14703 -0.445016 26.4304
      vertex 8.15816 -0.496079 19.5127
    endloop
  endfacet
  facet normal 0.0504374 0.998727 1.04423e-07
    outer loop
      vertex 7.75 -0.475467 26.6801
      vertex 8.15816 -0.496079 19.5127
      vertex 7.14703 -0.445016 26.4304
    endloop
  endfacet
  facet normal 0.0504378 0.998727 1.28558e-07
    outer loop
      vertex 8.26776 -0.501615 27.0774
      vertex 8.15816 -0.496079 19.5127
      vertex 7.75 -0.475467 26.6801
    endloop
  endfacet
  facet normal 0.0504377 0.998727 1.29739e-07
    outer loop
      vertex 8.66505 -0.521679 27.5952
      vertex 8.15816 -0.496079 19.5127
      vertex 8.26776 -0.501615 27.0774
    endloop
  endfacet
  facet normal 0.0504378 0.998727 0
    outer loop
      vertex 12.785 -0.729744 31.0895
      vertex 8.15816 -0.496079 15.6908
      vertex 8.15816 -0.496079 19.5127
    endloop
  endfacet
  facet normal 0.0504376 0.998727 -5.09126e-08
    outer loop
      vertex 6.3975 -0.407163 1.67561
      vertex 8.15816 -0.496079 15.6908
      vertex 12.785 -0.729744 2.23434
    endloop
  endfacet
  facet normal 0.0504378 0.998727 -0
    outer loop
      vertex 12.785 -0.729744 2.23434
      vertex 8.15816 -0.496079 15.6908
      vertex 12.785 -0.729744 31.0895
    endloop
  endfacet
  facet normal 0.0504333 0.998727 -6.01149e-07
    outer loop
      vertex 6.5 -0.412339 26.3452
      vertex 7.35796 -0.455668 19.5127
      vertex 6.3975 -0.407163 26.3452
    endloop
  endfacet
  facet normal 0.0504376 0.998727 0
    outer loop
      vertex 6.3975 -0.407163 17.8743
      vertex 7.35796 -0.455668 19.5127
      vertex 7.35796 -0.455668 17.8743
    endloop
  endfacet
  facet normal 0.0504376 0.998727 0
    outer loop
      vertex 7.35796 -0.455668 19.5127
      vertex 6.3975 -0.407163 17.8743
      vertex 6.3975 -0.407163 26.3452
    endloop
  endfacet
  facet normal 0.0504376 0.998727 -0
    outer loop
      vertex 7.35796 -0.455668 15.6908
      vertex 6.3975 -0.407163 17.2125
      vertex 7.35796 -0.455668 17.2125
    endloop
  endfacet
  facet normal 0.0504368 0.998727 4.9152e-08
    outer loop
      vertex 8.15816 -0.496079 15.6908
      vertex 6.3975 -0.407163 1.67561
      vertex 7.35796 -0.455668 15.6908
    endloop
  endfacet
  facet normal 0.0504376 0.998727 0
    outer loop
      vertex 7.35796 -0.455668 15.6908
      vertex 6.3975 -0.407163 1.67561
      vertex 6.3975 -0.407163 17.2125
    endloop
  endfacet
  facet normal 0 0.866037 0.499979
    outer loop
      vertex 9 -0.538594 30.7584
      vertex 12.775 -0.729744 31.0895
      vertex 12.785 -0.729744 31.0895
    endloop
  endfacet
  facet normal 0.00123967 0.872092 0.48934
    outer loop
      vertex 12.775 -0.729744 31.0895
      vertex 9 -0.538594 30.7584
      vertex 9 -0.539099 30.7593
    endloop
  endfacet
  facet normal -0.0844472 -0.996428 0
    outer loop
      vertex 12.775 -3.12974 31.0895
      vertex 19.1625 -3.67108 3.21004
      vertex 19.1625 -3.67108 32.0271
    endloop
  endfacet
  facet normal -0.0844518 -0.996428 -1.05858e-06
    outer loop
      vertex 12.775 -3.12974 31.0895
      vertex 18.3511 -3.60231 3.05285
      vertex 19.1625 -3.67108 3.21004
    endloop
  endfacet
  facet normal -0.0844474 -0.996428 -1.89277e-07
    outer loop
      vertex 12.775 -3.12974 31.0895
      vertex 15.8573 -3.39096 2.68678
      vertex 18.3511 -3.60231 3.05285
    endloop
  endfacet
  facet normal -0.0844457 -0.996428 0
    outer loop
      vertex 15.8573 -3.39096 2.68678
      vertex 12.775 -3.12974 31.0895
      vertex 12.775 -3.12974 2.26415
    endloop
  endfacet
  facet normal 0.145237 0 -0.989397
    outer loop
      vertex 18.3198 -3.59882 3.0468
      vertex 16.009 -3.40298 2.70759
      vertex 18.3198 -1.35416 3.0468
    endloop
  endfacet
  facet normal 0.145225 0 -0.989399
    outer loop
      vertex 18.3198 -1.35416 3.0468
      vertex 19.1725 -1.27108 3.17196
      vertex 19.1725 -1.47626 3.17196
    endloop
  endfacet
  facet normal 0.145237 0 -0.989397
    outer loop
      vertex 16.009 -1.15902 2.70759
      vertex 18.3198 -1.35416 3.0468
      vertex 16.009 -3.40298 2.70759
    endloop
  endfacet
  facet normal 0.145231 -6.80227e-05 -0.989398
    outer loop
      vertex 16.009 -1.15902 2.70759
      vertex 19.1725 -1.27108 3.17196
      vertex 18.3198 -1.35416 3.0468
    endloop
  endfacet
  facet normal 0.145233 0 -0.989397
    outer loop
      vertex 12.785 -0.729744 2.23434
      vertex 16.009 -1.15902 2.70759
      vertex 12.785 -0.924628 2.23434
    endloop
  endfacet
  facet normal 0.145234 2.48656e-06 -0.989397
    outer loop
      vertex 16.009 -1.15902 2.70759
      vertex 12.785 -0.729744 2.23434
      vertex 19.1725 -1.27108 3.17196
    endloop
  endfacet
  facet normal -0.000254926 -0.86678 -0.498691
    outer loop
      vertex 18.3511 -3.60231 3.05285
      vertex 16.009 -3.40298 2.70759
      vertex 18.3198 -3.59882 3.0468
    endloop
  endfacet
  facet normal -0.000469355 -0.867407 -0.497599
    outer loop
      vertex 16.009 -3.40298 2.70759
      vertex 18.3511 -3.60231 3.05285
      vertex 15.8573 -3.39096 2.68678
    endloop
  endfacet
  facet normal -0.14523 0 0.989398
    outer loop
      vertex 12.775 -3.12974 31.0895
      vertex 19.1625 -1.27108 32.0271
      vertex 12.775 -0.729744 31.0895
    endloop
  endfacet
  facet normal -0.14523 0 0.989398
    outer loop
      vertex 19.1625 -1.27108 32.0271
      vertex 12.775 -3.12974 31.0895
      vertex 19.1625 -3.67108 32.0271
    endloop
  endfacet
  facet normal 0.0844466 0.996428 -0
    outer loop
      vertex 19.1725 -1.27108 3.17196
      vertex 12.785 -0.729744 31.0895
      vertex 19.1725 -1.27108 32.0271
    endloop
  endfacet
  facet normal 0.0844466 0.996428 0
    outer loop
      vertex 12.785 -0.729744 31.0895
      vertex 19.1725 -1.27108 3.17196
      vertex 12.785 -0.729744 2.23434
    endloop
  endfacet
  facet normal 0 0.86602 0.500009
    outer loop
      vertex 12.785 -0.729744 31.0895
      vertex 19.1625 -1.27108 32.0271
      vertex 19.1725 -1.27108 32.0271
    endloop
  endfacet
  facet normal 0 0.86602 0.500009
    outer loop
      vertex 19.1625 -1.27108 32.0271
      vertex 12.785 -0.729744 31.0895
      vertex 12.775 -0.729744 31.0895
    endloop
  endfacet
  facet normal -0.203333 0 0.97911
    outer loop
      vertex 19.1625 -3.67108 32.0271
      vertex 25.55 -2.03691 33.3536
      vertex 19.1625 -1.27108 32.0271
    endloop
  endfacet
  facet normal -0.203333 0 0.97911
    outer loop
      vertex 25.55 -2.03691 33.3536
      vertex 19.1625 -3.67108 32.0271
      vertex 25.55 -4.43691 33.3536
    endloop
  endfacet
  facet normal 0 0.866033 0.499988
    outer loop
      vertex 19.1725 -1.27108 32.0271
      vertex 25.55 -2.03691 33.3536
      vertex 25.56 -2.03691 33.3536
    endloop
  endfacet
  facet normal 0 0.866033 0.499988
    outer loop
      vertex 25.55 -2.03691 33.3536
      vertex 19.1725 -1.27108 32.0271
      vertex 19.1625 -1.27108 32.0271
    endloop
  endfacet
  facet normal -0.119043 -0.992889 0
    outer loop
      vertex 19.1625 -3.67108 32.0271
      vertex 25.55 -4.43691 4.5439
      vertex 25.55 -4.43691 33.3536
    endloop
  endfacet
  facet normal -0.11904 -0.992889 6.08705e-07
    outer loop
      vertex 19.1625 -3.67108 32.0271
      vertex 24.5285 -4.31444 4.28629
      vertex 25.55 -4.43691 4.5439
    endloop
  endfacet
  facet normal -0.119041 -0.992889 3.51016e-07
    outer loop
      vertex 19.1625 -3.67108 32.0271
      vertex 21.8935 -3.99852 3.7391
      vertex 24.5285 -4.31444 4.28629
    endloop
  endfacet
  facet normal -0.119045 -0.992889 0
    outer loop
      vertex 21.8935 -3.99852 3.7391
      vertex 19.1625 -3.67108 32.0271
      vertex 19.1625 -3.67108 3.21004
    endloop
  endfacet
  facet normal 0.203332 0 -0.97911
    outer loop
      vertex 24.4818 -4.30764 4.27452
      vertex 22.0425 -4.01518 3.76795
      vertex 24.4818 -2.06226 4.27452
    endloop
  endfacet
  facet normal 0.203323 0 -0.979112
    outer loop
      vertex 24.4818 -2.06226 4.27452
      vertex 25.56 -2.03691 4.49842
      vertex 25.56 -2.25131 4.49842
    endloop
  endfacet
  facet normal 0.203332 0 -0.97911
    outer loop
      vertex 22.0425 -1.77052 3.76795
      vertex 24.4818 -2.06226 4.27452
      vertex 22.0425 -4.01518 3.76795
    endloop
  endfacet
  facet normal 0.203325 -6.37427e-05 -0.979111
    outer loop
      vertex 22.0425 -1.77052 3.76795
      vertex 25.56 -2.03691 4.49842
      vertex 24.4818 -2.06226 4.27452
    endloop
  endfacet
  facet normal 0.203318 -3.47962e-05 -0.979113
    outer loop
      vertex 19.1725 -1.27108 3.17196
      vertex 22.0425 -1.77052 3.76795
      vertex 20.2382 -1.58553 3.39327
    endloop
  endfacet
  facet normal 0.203328 0 -0.979111
    outer loop
      vertex 19.1725 -1.27108 3.17196
      vertex 20.2382 -1.58553 3.39327
      vertex 19.1725 -1.47626 3.17196
    endloop
  endfacet
  facet normal 0.203333 5.33594e-05 -0.97911
    outer loop
      vertex 22.0425 -1.77052 3.76795
      vertex 19.1725 -1.27108 3.17196
      vertex 25.56 -2.03691 4.49842
    endloop
  endfacet
  facet normal 0.119043 0.992889 -0
    outer loop
      vertex 25.56 -2.03691 4.49842
      vertex 19.1725 -1.27108 32.0271
      vertex 25.56 -2.03691 33.3536
    endloop
  endfacet
  facet normal 0.119043 0.992889 0
    outer loop
      vertex 19.1725 -1.27108 32.0271
      vertex 25.56 -2.03691 4.49842
      vertex 19.1725 -1.27108 3.17196
    endloop
  endfacet
  facet normal 0.000414595 -0.865166 -0.501486
    outer loop
      vertex 24.5285 -4.31444 4.28629
      vertex 22.0425 -4.01518 3.76795
      vertex 24.4818 -4.30764 4.27452
    endloop
  endfacet
  facet normal -0.000297721 -0.866646 -0.498924
    outer loop
      vertex 22.0425 -4.01518 3.76795
      vertex 24.5285 -4.31444 4.28629
      vertex 21.8935 -3.99852 3.7391
    endloop
  endfacet
  facet normal 0.1545 0.987993 0
    outer loop
      vertex 31.9475 -3.03574 27.6024
      vertex 31.9475 -3.03574 6.22844
      vertex 31.1 -2.90321 27.6024
    endloop
  endfacet
  facet normal 0.154497 0.987993 -0
    outer loop
      vertex 26.6 -2.19954 32.1024
      vertex 25.56 -2.03691 33.3536
      vertex 26.6 -2.19954 33.6353
    endloop
  endfacet
  facet normal 0.154488 0.987995 -7.77408e-06
    outer loop
      vertex 26.7533 -2.22352 30.9378
      vertex 25.56 -2.03691 33.3536
      vertex 26.6 -2.19954 32.1024
    endloop
  endfacet
  facet normal 0.154605 0.987976 5.13496e-05
    outer loop
      vertex 27.2029 -2.29382 29.8524
      vertex 25.56 -2.03691 33.3536
      vertex 26.7533 -2.22352 30.9378
    endloop
  endfacet
  facet normal 0.154489 0.987994 -4.38497e-07
    outer loop
      vertex 31.9475 -3.03574 6.22844
      vertex 29.9353 -2.72109 27.7558
      vertex 31.1 -2.90321 27.6024
    endloop
  endfacet
  facet normal 0.154495 0.987994 1.32102e-07
    outer loop
      vertex 25.56 -2.03691 4.49842
      vertex 29.9353 -2.72109 27.7558
      vertex 31.9475 -3.03574 6.22844
    endloop
  endfacet
  facet normal 0.154494 0.987994 3.047e-07
    outer loop
      vertex 29.9353 -2.72109 27.7558
      vertex 25.56 -2.03691 4.49842
      vertex 28.85 -2.55138 28.2053
    endloop
  endfacet
  facet normal 0.154496 0.987993 5.81938e-08
    outer loop
      vertex 28.85 -2.55138 28.2053
      vertex 25.56 -2.03691 4.49842
      vertex 27.918 -2.40564 28.9205
    endloop
  endfacet
  facet normal 0.154493 0.987994 3.64964e-07
    outer loop
      vertex 27.918 -2.40564 28.9205
      vertex 25.56 -2.03691 4.49842
      vertex 27.2029 -2.29382 29.8524
    endloop
  endfacet
  facet normal 0.154498 0.987993 0
    outer loop
      vertex 27.2029 -2.29382 29.8524
      vertex 25.56 -2.03691 4.49842
      vertex 25.56 -2.03691 33.3536
    endloop
  endfacet
  facet normal -0.261437 0 0.965221
    outer loop
      vertex 25.55 -4.43691 33.3536
      vertex 26.6 -2.2011 33.638
      vertex 25.55 -2.03691 33.3536
    endloop
  endfacet
  facet normal -0.261437 0 0.965221
    outer loop
      vertex 26.6 -2.2011 33.638
      vertex 25.55 -4.43691 33.3536
      vertex 26.6 -4.6011 33.638
    endloop
  endfacet
  facet normal -0.154494 -0.987994 0
    outer loop
      vertex 25.55 -4.43691 33.3536
      vertex 26.6 -4.6011 32.1024
      vertex 26.6 -4.6011 33.638
    endloop
  endfacet
  facet normal -0.154484 -0.987995 8.31106e-06
    outer loop
      vertex 25.55 -4.43691 33.3536
      vertex 26.7533 -4.62508 30.9378
      vertex 26.6 -4.6011 32.1024
    endloop
  endfacet
  facet normal -0.154582 -0.98798 -4.15196e-05
    outer loop
      vertex 25.55 -4.43691 33.3536
      vertex 27.2029 -4.69538 29.8524
      vertex 26.7533 -4.62508 30.9378
    endloop
  endfacet
  facet normal -0.154493 -0.987994 0
    outer loop
      vertex 31.1 -5.30478 27.6024
      vertex 31.9375 -5.43574 6.28054
      vertex 31.9375 -5.43574 27.6024
    endloop
  endfacet
  facet normal -0.154489 -0.987994 1.44449e-07
    outer loop
      vertex 29.9353 -5.12266 27.7558
      vertex 31.9375 -5.43574 6.28054
      vertex 31.1 -5.30478 27.6024
    endloop
  endfacet
  facet normal -0.154503 -0.987992 2.77137e-07
    outer loop
      vertex 27.987 -4.81799 5.15847
      vertex 29.9353 -5.12266 27.7558
      vertex 28.85 -4.95294 28.2053
    endloop
  endfacet
  facet normal -0.154486 -0.987995 -1.25297e-06
    outer loop
      vertex 25.55 -4.43691 4.5439
      vertex 28.85 -4.95294 28.2053
      vertex 27.918 -4.80721 28.9205
    endloop
  endfacet
  facet normal -0.154505 -0.987992 5.99181e-07
    outer loop
      vertex 25.55 -4.43691 4.5439
      vertex 27.918 -4.80721 28.9205
      vertex 27.2029 -4.69538 29.8524
    endloop
  endfacet
  facet normal -0.154496 -0.987993 0
    outer loop
      vertex 25.55 -4.43691 4.5439
      vertex 27.2029 -4.69538 29.8524
      vertex 25.55 -4.43691 33.3536
    endloop
  endfacet
  facet normal -0.154502 -0.987992 -1.07792e-06
    outer loop
      vertex 29.9353 -5.12266 27.7558
      vertex 30.7071 -5.24333 5.89519
      vertex 31.9375 -5.43574 6.28054
    endloop
  endfacet
  facet normal -0.154492 -0.987994 -7.06784e-07
    outer loop
      vertex 29.9353 -5.12266 27.7558
      vertex 27.987 -4.81799 5.15847
      vertex 30.7071 -5.24333 5.89519
    endloop
  endfacet
  facet normal -0.154495 -0.987994 -1.9712e-08
    outer loop
      vertex 28.85 -4.95294 28.2053
      vertex 25.55 -4.43691 4.5439
      vertex 27.987 -4.81799 5.15847
    endloop
  endfacet
  facet normal -0.000108233 0.865865 0.500278
    outer loop
      vertex 25.56 -2.03691 33.3536
      vertex 26.6 -2.2011 33.638
      vertex 26.6 -2.19954 33.6353
    endloop
  endfacet
  facet normal 0 0.866037 0.499981
    outer loop
      vertex 26.6 -2.2011 33.638
      vertex 25.56 -2.03691 33.3536
      vertex 25.55 -2.03691 33.3536
    endloop
  endfacet
  facet normal -0.000880248 -0.867428 -0.497562
    outer loop
      vertex 30.7071 -5.24333 5.89519
      vertex 28.1321 -4.83913 5.19508
      vertex 30.6431 -5.23177 5.87515
    endloop
  endfacet
  facet normal -0.000303644 -0.866513 -0.499154
    outer loop
      vertex 28.1321 -4.83913 5.19508
      vertex 30.7071 -5.24333 5.89519
      vertex 27.987 -4.81799 5.15847
    endloop
  endfacet
  facet normal 0.261418 0 -0.965226
    outer loop
      vertex 30.6431 -5.23177 5.87515
      vertex 28.1321 -4.83913 5.19508
      vertex 30.6431 -2.98562 5.87515
    endloop
  endfacet
  facet normal 0.261426 0 -0.965224
    outer loop
      vertex 30.6431 -2.98562 5.87515
      vertex 31.9475 -3.03574 6.22844
      vertex 31.9475 -3.25838 6.22844
    endloop
  endfacet
  facet normal 0.261418 0 -0.965226
    outer loop
      vertex 28.1321 -2.59374 5.19508
      vertex 30.6431 -2.98562 5.87515
      vertex 28.1321 -4.83913 5.19508
    endloop
  endfacet
  facet normal 0.261428 6.98447e-05 -0.965223
    outer loop
      vertex 28.1321 -2.59374 5.19508
      vertex 31.9475 -3.03574 6.22844
      vertex 30.6431 -2.98562 5.87515
    endloop
  endfacet
  facet normal 0.26155 0.0005829 -0.96519
    outer loop
      vertex 25.56 -2.03691 4.49842
      vertex 28.1321 -2.59374 5.19508
      vertex 27.6891 -2.53475 5.07507
    endloop
  endfacet
  facet normal 0.261423 0 -0.965224
    outer loop
      vertex 25.56 -2.03691 4.49842
      vertex 27.6891 -2.53475 5.07507
      vertex 25.56 -2.25131 4.49842
    endloop
  endfacet
  facet normal 0.261407 -0.000128326 -0.965229
    outer loop
      vertex 28.1321 -2.59374 5.19508
      vertex 25.56 -2.03691 4.49842
      vertex 31.9475 -3.03574 6.22844
    endloop
  endfacet
  facet normal 0.191096 0.981571 -0
    outer loop
      vertex 38.335 -4.27928 8.38232
      vertex 37.2647 -4.07091 27.7558
      vertex 38.335 -4.27928 28.1991
    endloop
  endfacet
  facet normal 0.191097 0.981571 8.57691e-08
    outer loop
      vertex 38.335 -4.27928 8.38232
      vertex 36.1 -3.84416 27.6024
      vertex 37.2647 -4.07091 27.7558
    endloop
  endfacet
  facet normal 0.191095 0.981572 -2.10307e-07
    outer loop
      vertex 38.335 -4.27928 8.38232
      vertex 31.9475 -3.03574 27.6024
      vertex 36.1 -3.84416 27.6024
    endloop
  endfacet
  facet normal 0.191096 0.981571 0
    outer loop
      vertex 31.9475 -3.03574 27.6024
      vertex 38.335 -4.27928 8.38232
      vertex 31.9475 -3.03574 6.22844
    endloop
  endfacet
  facet normal -0.191096 -0.981571 -3.8457e-08
    outer loop
      vertex 31.9375 -5.43574 27.6024
      vertex 38.325 -6.67928 8.44032
      vertex 36.1 -6.24611 27.6024
    endloop
  endfacet
  facet normal -0.191097 -0.981571 -5.3807e-07
    outer loop
      vertex 31.9375 -5.43574 27.6024
      vertex 36.8875 -6.39942 7.89759
      vertex 38.325 -6.67928 8.44032
    endloop
  endfacet
  facet normal -0.191094 -0.981572 3.71195e-07
    outer loop
      vertex 31.9375 -5.43574 27.6024
      vertex 34.1068 -5.85807 6.95993
      vertex 36.8875 -6.39942 7.89759
    endloop
  endfacet
  facet normal -0.191097 -0.981571 0
    outer loop
      vertex 34.1068 -5.85807 6.95993
      vertex 31.9375 -5.43574 27.6024
      vertex 31.9375 -5.43574 6.28054
    endloop
  endfacet
  facet normal -0.191102 -0.98157 0
    outer loop
      vertex 37.2647 -6.47285 27.7558
      vertex 38.325 -6.67928 8.44032
      vertex 38.325 -6.67928 28.195
    endloop
  endfacet
  facet normal -0.191089 -0.981573 7.19045e-07
    outer loop
      vertex 38.325 -6.67928 8.44032
      vertex 37.2647 -6.47285 27.7558
      vertex 36.1 -6.24611 27.6024
    endloop
  endfacet
  facet normal 0.319527 0 -0.947577
    outer loop
      vertex 36.8039 -6.38121 7.86604
      vertex 34.2472 -5.88345 7.00391
      vertex 36.8039 -4.13426 7.86604
    endloop
  endfacet
  facet normal 0.31952 0 -0.94758
    outer loop
      vertex 36.8039 -4.13426 7.86604
      vertex 38.335 -4.27928 8.38232
      vertex 38.335 -4.50928 8.38232
    endloop
  endfacet
  facet normal 0.319527 0 -0.947577
    outer loop
      vertex 34.2472 -3.63731 7.00391
      vertex 36.8039 -4.13426 7.86604
      vertex 34.2472 -5.88345 7.00391
    endloop
  endfacet
  facet normal 0.319513 -8.29926e-05 -0.947582
    outer loop
      vertex 34.2472 -3.63731 7.00391
      vertex 38.335 -4.27928 8.38232
      vertex 36.8039 -4.13426 7.86604
    endloop
  endfacet
  facet normal 0.319532 1.88524e-05 -0.947575
    outer loop
      vertex 31.9475 -3.03574 6.22844
      vertex 34.2472 -3.63731 7.00391
      vertex 32.3118 -3.31841 6.35128
    endloop
  endfacet
  facet normal 0.319519 0 -0.94758
    outer loop
      vertex 31.9475 -3.03574 6.22844
      vertex 32.3118 -3.31841 6.35128
      vertex 31.9475 -3.25838 6.22844
    endloop
  endfacet
  facet normal 0.319519 -3.54721e-05 -0.94758
    outer loop
      vertex 34.2472 -3.63731 7.00391
      vertex 31.9475 -3.03574 6.22844
      vertex 38.335 -4.27928 8.38232
    endloop
  endfacet
  facet normal -0.000498487 -0.866661 -0.498898
    outer loop
      vertex 36.8875 -6.39942 7.89759
      vertex 34.2472 -5.88345 7.00391
      vertex 36.8039 -6.38121 7.86604
    endloop
  endfacet
  facet normal 0.000995114 -0.864748 -0.502206
    outer loop
      vertex 34.2472 -5.88345 7.00391
      vertex 36.8875 -6.39942 7.89759
      vertex 34.1068 -5.85807 6.95993
    endloop
  endfacet
  facet normal 0.229191 0.973381 0
    outer loop
      vertex 44.7225 -5.78327 39.8425
      vertex 40.6 -4.81259 32.1024
      vertex 40.6 -4.81259 37.6024
    endloop
  endfacet
  facet normal 0.229183 0.973383 4.5797e-06
    outer loop
      vertex 44.7225 -5.78327 39.8425
      vertex 40.4467 -4.77649 30.9378
      vertex 40.6 -4.81259 32.1024
    endloop
  endfacet
  facet normal 0.229192 0.973381 -0
    outer loop
      vertex 44.7225 -5.78327 10.9873
      vertex 40.4467 -4.77649 30.9378
      vertex 44.7225 -5.78327 39.8425
    endloop
  endfacet
  facet normal 0.229175 0.973385 -3.92323e-06
    outer loop
      vertex 40.4467 -4.77649 30.9378
      vertex 44.7225 -5.78327 10.9873
      vertex 39.9971 -4.67064 29.8524
    endloop
  endfacet
  facet normal 0.229204 0.973378 3.72036e-06
    outer loop
      vertex 44.7225 -5.78327 10.9873
      vertex 39.282 -4.50225 28.9205
      vertex 39.9971 -4.67064 29.8524
    endloop
  endfacet
  facet normal 0.229185 0.973383 -2.23543e-06
    outer loop
      vertex 44.7225 -5.78327 10.9873
      vertex 38.35 -4.28281 28.2053
      vertex 39.282 -4.50225 28.9205
    endloop
  endfacet
  facet normal 0.229091 0.973405 -3.91448e-05
    outer loop
      vertex 44.7225 -5.78327 10.9873
      vertex 38.335 -4.27928 28.1991
      vertex 38.35 -4.28281 28.2053
    endloop
  endfacet
  facet normal 0.229191 0.973382 0
    outer loop
      vertex 38.335 -4.27928 28.1991
      vertex 44.7225 -5.78327 10.9873
      vertex 38.335 -4.27928 8.38232
    endloop
  endfacet
  facet normal 0.229197 0.97338 -9.84968e-06
    outer loop
      vertex 44.7225 -5.78327 39.8425
      vertex 40.6 -4.81259 37.6024
      vertex 39.2299 -4.48998 37.6024
    endloop
  endfacet
  facet normal -0.37764 0 0.925952
    outer loop
      vertex 39.2199 -6.88999 37.6024
      vertex 44.7125 -5.78327 39.8425
      vertex 39.2199 -4.48998 37.6024
    endloop
  endfacet
  facet normal -0.37764 0 0.925952
    outer loop
      vertex 44.7125 -5.78327 39.8425
      vertex 39.2199 -6.88999 37.6024
      vertex 44.7125 -8.18327 39.8425
    endloop
  endfacet
  facet normal -0.229193 -0.973381 6.161e-06
    outer loop
      vertex 40.6 -7.21495 37.6024
      vertex 44.7125 -8.18327 39.8425
      vertex 39.2199 -6.88999 37.6024
    endloop
  endfacet
  facet normal -0.22919 -0.973382 0
    outer loop
      vertex 40.6 -7.21495 32.1024
      vertex 44.7125 -8.18327 39.8425
      vertex 40.6 -7.21495 37.6024
    endloop
  endfacet
  facet normal -0.229162 -0.973388 -1.59182e-05
    outer loop
      vertex 40.4467 -7.17884 30.9378
      vertex 44.7125 -8.18327 39.8425
      vertex 40.6 -7.21495 32.1024
    endloop
  endfacet
  facet normal -0.229175 -0.973385 4.07373e-06
    outer loop
      vertex 44.7125 -8.18327 11.0505
      vertex 40.4467 -7.17884 30.9378
      vertex 39.9971 -7.07299 29.8524
    endloop
  endfacet
  facet normal -0.229193 -0.973381 0
    outer loop
      vertex 40.4467 -7.17884 30.9378
      vertex 44.7125 -8.18327 11.0505
      vertex 44.7125 -8.18327 39.8425
    endloop
  endfacet
  facet normal -0.229194 -0.973381 -9.72534e-07
    outer loop
      vertex 39.282 -6.90461 28.9205
      vertex 44.7125 -8.18327 11.0505
      vertex 39.9971 -7.07299 29.8524
    endloop
  endfacet
  facet normal -0.229185 -0.973383 1.99997e-06
    outer loop
      vertex 38.35 -6.68517 28.2053
      vertex 44.7125 -8.18327 11.0505
      vertex 39.282 -6.90461 28.9205
    endloop
  endfacet
  facet normal -0.229304 -0.973355 -4.45429e-05
    outer loop
      vertex 38.325 -6.67928 28.195
      vertex 44.7125 -8.18327 11.0505
      vertex 38.35 -6.68517 28.2053
    endloop
  endfacet
  facet normal -0.229196 -0.97338 -2.08117e-06
    outer loop
      vertex 38.325 -6.67928 28.195
      vertex 43.0706 -7.79666 10.3177
      vertex 44.7125 -8.18327 11.0505
    endloop
  endfacet
  facet normal -0.229189 -0.973382 -6.50796e-08
    outer loop
      vertex 38.325 -6.67928 28.195
      vertex 40.2412 -7.13046 9.16378
      vertex 43.0706 -7.79666 10.3177
    endloop
  endfacet
  facet normal -0.229188 -0.973382 0
    outer loop
      vertex 40.2412 -7.13046 9.16378
      vertex 38.325 -6.67928 28.195
      vertex 38.325 -6.67928 8.44032
    endloop
  endfacet
  facet normal 0 0.866031 0.499991
    outer loop
      vertex 39.2299 -4.48998 37.6024
      vertex 44.7125 -5.78327 39.8425
      vertex 44.7225 -5.78327 39.8425
    endloop
  endfacet
  facet normal 0 0.866031 0.499991
    outer loop
      vertex 44.7125 -5.78327 39.8425
      vertex 39.2299 -4.48998 37.6024
      vertex 39.2199 -4.48998 37.6024
    endloop
  endfacet
  facet normal -0.00072348 -0.866795 -0.498664
    outer loop
      vertex 43.0706 -7.79666 10.3177
      vertex 40.3759 -7.15983 9.21465
      vertex 42.9646 -7.76936 10.2704
    endloop
  endfacet
  facet normal -7.80458e-05 -0.866113 -0.499847
    outer loop
      vertex 40.3759 -7.15983 9.21465
      vertex 43.0706 -7.79666 10.3177
      vertex 40.2412 -7.13046 9.16378
    endloop
  endfacet
  facet normal 0.377633 0 -0.925956
    outer loop
      vertex 42.9646 -7.76936 10.2704
      vertex 40.3759 -7.15983 9.21465
      vertex 42.9646 -5.52156 10.2704
    endloop
  endfacet
  facet normal 0.377621 0 -0.92596
    outer loop
      vertex 42.9646 -5.52156 10.2704
      vertex 44.7225 -5.78327 10.9873
      vertex 44.7225 -6.01974 10.9873
    endloop
  endfacet
  facet normal 0.377633 0 -0.925956
    outer loop
      vertex 40.3759 -4.91288 9.21465
      vertex 42.9646 -5.52156 10.2704
      vertex 40.3759 -7.15983 9.21465
    endloop
  endfacet
  facet normal 0.377602 -0.000150734 -0.925968
    outer loop
      vertex 40.3759 -4.91288 9.21465
      vertex 44.7225 -5.78327 10.9873
      vertex 42.9646 -5.52156 10.2704
    endloop
  endfacet
  facet normal 0.377731 0 -0.925915
    outer loop
      vertex 38.335 -4.27928 8.38232
      vertex 38.3702 -4.51625 8.39668
      vertex 38.335 -4.50928 8.38232
    endloop
  endfacet
  facet normal 0.377627 -3.97139e-06 -0.925958
    outer loop
      vertex 40.3759 -4.91288 9.21465
      vertex 38.335 -4.27928 8.38232
      vertex 44.7225 -5.78327 10.9873
    endloop
  endfacet
  facet normal 0.377624 -1.86826e-05 -0.925959
    outer loop
      vertex 38.3702 -4.51625 8.39668
      vertex 38.335 -4.27928 8.38232
      vertex 40.3759 -4.91288 9.21465
    endloop
  endfacet
  facet normal -0.435729 0 0.900078
    outer loop
      vertex 44.7125 -8.18327 39.8425
      vertex 51.1 -7.5686 42.9347
      vertex 44.7125 -5.78327 39.8425
    endloop
  endfacet
  facet normal -0.435729 0 0.900078
    outer loop
      vertex 51.1 -7.5686 42.9347
      vertex 44.7125 -8.18327 39.8425
      vertex 51.1 -9.9686 42.9347
    endloop
  endfacet
  facet normal 0 -1 0
    outer loop
      vertex 51.1 -9.9686 42.9347
      vertex 51.11 -9.9686 14.1025
      vertex 51.11 -9.9686 42.9347
    endloop
  endfacet
  facet normal -0 -1 0
    outer loop
      vertex 51.11 -9.9686 14.1025
      vertex 51.1 -9.9686 42.9347
      vertex 51.1 -9.9686 14.0972
    endloop
  endfacet
  facet normal 0 0.86602 0.50001
    outer loop
      vertex 44.7225 -5.78327 39.8425
      vertex 51.1 -7.5686 42.9347
      vertex 51.11 -7.5686 42.9347
    endloop
  endfacet
  facet normal 0 0.86602 0.50001
    outer loop
      vertex 51.1 -7.5686 42.9347
      vertex 44.7225 -5.78327 39.8425
      vertex 44.7125 -5.78327 39.8425
    endloop
  endfacet
  facet normal 1 0 0
    outer loop
      vertex 51.11 -7.5686 42.9347
      vertex 51.11 -8.88925 14.1025
      vertex 51.11 -7.5686 14.0796
    endloop
  endfacet
  facet normal 1 -0 0
    outer loop
      vertex 51.11 -9.9686 42.9347
      vertex 51.11 -8.88925 14.1025
      vertex 51.11 -7.5686 42.9347
    endloop
  endfacet
  facet normal 1 0 0
    outer loop
      vertex 51.11 -8.88925 14.1025
      vertex 51.11 -9.9686 42.9347
      vertex 51.11 -9.9686 14.1025
    endloop
  endfacet
  facet normal 1 0 0
    outer loop
      vertex 51.11 -7.5686 14.0796
      vertex 51.11 -8.88925 14.1025
      vertex 51.11 -8.90455 14.0796
    endloop
  endfacet
  facet normal -0.269187 -0.963088 0
    outer loop
      vertex 44.7125 -8.18327 39.8425
      vertex 51.1 -9.9686 14.0972
      vertex 51.1 -9.9686 42.9347
    endloop
  endfacet
  facet normal -0.269204 -0.963083 -4.53496e-06
    outer loop
      vertex 44.7125 -8.18327 39.8425
      vertex 50.6409 -9.84027 13.8573
      vertex 51.1 -9.9686 14.0972
    endloop
  endfacet
  facet normal -0.269186 -0.963088 -1.55332e-07
    outer loop
      vertex 44.7125 -8.18327 39.8425
      vertex 46.3847 -8.65065 11.7968
      vertex 50.6409 -9.84027 13.8573
    endloop
  endfacet
  facet normal -0.269183 -0.963089 0
    outer loop
      vertex 46.3847 -8.65065 11.7968
      vertex 44.7125 -8.18327 39.8425
      vertex 44.7125 -8.18327 11.0505
    endloop
  endfacet
  facet normal 0.435744 0 -0.900071
    outer loop
      vertex 50.5151 -9.80231 13.7916
      vertex 46.5128 -8.68366 11.854
      vertex 50.5151 -8.33131 13.7916
    endloop
  endfacet
  facet normal 0.435792 0 -0.900047
    outer loop
      vertex 50.6515 -8.46272 13.8576
      vertex 51.11 -7.5686 14.0796
      vertex 51.11 -8.90455 14.0796
    endloop
  endfacet
  facet normal 0.435637 9.78128e-05 -0.900122
    outer loop
      vertex 50.5151 -8.33131 13.7916
      vertex 51.11 -7.5686 14.0796
      vertex 50.6515 -8.46272 13.8576
    endloop
  endfacet
  facet normal 0.435744 0 -0.900071
    outer loop
      vertex 46.5128 -6.43585 11.854
      vertex 50.5151 -8.33131 13.7916
      vertex 46.5128 -8.68366 11.854
    endloop
  endfacet
  facet normal 0.435742 -3.41063e-06 -0.900071
    outer loop
      vertex 50.5151 -8.33131 13.7916
      vertex 46.5128 -6.43585 11.854
      vertex 51.11 -7.5686 14.0796
    endloop
  endfacet
  facet normal 0.435761 9.11471e-05 -0.900062
    outer loop
      vertex 46.5128 -6.43585 11.854
      vertex 44.7225 -5.78327 10.9873
      vertex 51.11 -7.5686 14.0796
    endloop
  endfacet
  facet normal 0.435643 -0.000308321 -0.900119
    outer loop
      vertex 45.4241 -6.18282 11.327
      vertex 44.7225 -5.78327 10.9873
      vertex 46.5128 -6.43585 11.854
    endloop
  endfacet
  facet normal 0.435786 0 -0.900051
    outer loop
      vertex 44.7225 -5.78327 10.9873
      vertex 45.4241 -6.18282 11.327
      vertex 44.7225 -6.01974 10.9873
    endloop
  endfacet
  facet normal -0 0 1
    outer loop
      vertex 51.1 -7.5686 42.9347
      vertex 51.11 -9.9686 42.9347
      vertex 51.11 -7.5686 42.9347
    endloop
  endfacet
  facet normal 0 0 1
    outer loop
      vertex 51.11 -9.9686 42.9347
      vertex 51.1 -7.5686 42.9347
      vertex 51.1 -9.9686 42.9347
    endloop
  endfacet
  facet normal 0.269187 0.963088 -0
    outer loop
      vertex 51.11 -7.5686 14.0796
      vertex 44.7225 -5.78327 39.8425
      vertex 51.11 -7.5686 42.9347
    endloop
  endfacet
  facet normal 0.269187 0.963088 0
    outer loop
      vertex 44.7225 -5.78327 39.8425
      vertex 51.11 -7.5686 14.0796
      vertex 44.7225 -5.78327 10.9873
    endloop
  endfacet
  facet normal 0.00251878 -0.863766 -0.503887
    outer loop
      vertex 50.6409 -9.84027 13.8573
      vertex 46.5128 -8.68366 11.854
      vertex 50.5151 -9.80231 13.7916
    endloop
  endfacet
  facet normal 0.00123053 -0.864924 -0.501902
    outer loop
      vertex 46.5128 -8.68366 11.854
      vertex 50.6409 -9.84027 13.8573
      vertex 46.3847 -8.65065 11.7968
    endloop
  endfacet
  facet normal 0.589626 -0.758987 -0.27619
    outer loop
      vertex -11.2 -29.876 1.57071
      vertex -10.4608 -29.4689 2.03006
      vertex -11.4071 -30.2322 2.10744
    endloop
  endfacet
  facet normal 0.589572 -0.759095 -0.276008
    outer loop
      vertex -10.4608 -29.4689 2.03006
      vertex -11.2 -29.876 1.57071
      vertex -11.1708 -29.826 1.49557
    endloop
  endfacet
  facet normal 2.92319e-06 -0.831496 0.55553
    outer loop
      vertex -9.50223 -29.8318 1.48688
      vertex -10.4608 -29.4689 2.03006
      vertex -11.1708 -29.826 1.49557
    endloop
  endfacet
  facet normal -4.95825e-05 -0.831539 0.555466
    outer loop
      vertex -10.4608 -29.4689 2.03006
      vertex -9.50223 -29.8318 1.48688
      vertex -9.3527 -29.5295 1.93944
    endloop
  endfacet
  facet normal 5.48465e-06 -0.83146 0.555584
    outer loop
      vertex 9.50225 -29.8319 1.48683
      vertex 10.4618 -29.4694 2.02932
      vertex 9.35296 -29.53 1.93864
    endloop
  endfacet
  facet normal 4.68792e-05 -0.831494 0.555534
    outer loop
      vertex 10.4618 -29.4694 2.02932
      vertex 9.50225 -29.8319 1.48683
      vertex 11.1709 -29.826 1.49552
    endloop
  endfacet
  facet normal -0.589659 -0.758962 -0.276185
    outer loop
      vertex 10.4618 -29.4694 2.02932
      vertex 11.21 -29.8931 1.59624
      vertex 11.4069 -30.2318 2.10661
    endloop
  endfacet
  facet normal -0.589752 -0.75876 -0.276544
    outer loop
      vertex 11.21 -29.8931 1.59624
      vertex 10.4618 -29.4694 2.02932
      vertex 11.1709 -29.826 1.49552
    endloop
  endfacet
  facet normal -0.382683 -0.92388 0
    outer loop
      vertex 2.87378 -18.7144 1.57811
      vertex 3.59732 -19.0141 0.0975006
      vertex 3.59732 -19.0141 1.59777
    endloop
  endfacet
  facet normal -0.382683 -0.92388 0
    outer loop
      vertex 3.59732 -19.0141 0.0975006
      vertex 2.87378 -18.7144 1.57811
      vertex 2.87378 -18.7144 0.0778354
    endloop
  endfacet
  facet normal 0.130497 -0.991449 0
    outer loop
      vertex -2.87378 -18.7144 0.0781071
      vertex -2.09732 -18.6122 1.55728
      vertex -2.87378 -18.7144 1.57838
    endloop
  endfacet
  facet normal 0.130497 -0.991449 0
    outer loop
      vertex -2.09732 -18.6122 1.55728
      vertex -2.87378 -18.7144 0.0781071
      vertex -2.09732 -18.6122 0.0570037
    endloop
  endfacet
  facet normal -0.896367 -0.443313 0
    outer loop
      vertex 5.32078 -21.3767 0.144343
      vertex 4.6954 -20.1122 1.62762
      vertex 4.6954 -20.1122 0.127345
    endloop
  endfacet
  facet normal -0.896239 -0.443572 -0.000305598
    outer loop
      vertex 5.975 -22.6996 1.6624
      vertex 5.32078 -21.3767 0.144343
      vertex 5.3435 -21.4226 0.13585
    endloop
  endfacet
  facet normal -0.896381 -0.443284 -5.67128e-06
    outer loop
      vertex 5.975 -22.6996 1.6624
      vertex 5.3435 -21.4226 0.13585
      vertex 5.61 -21.9615 0.142638
    endloop
  endfacet
  facet normal -0.896398 -0.44325 1.46359e-05
    outer loop
      vertex 5.975 -22.6996 1.6624
      vertex 5.61 -21.9615 0.142638
      vertex 5.80349 -22.3528 0.157463
    endloop
  endfacet
  facet normal -0.896421 -0.443165 0.00574565
    outer loop
      vertex 5.85033 -22.4475 0.161051
      vertex 5.80349 -22.3528 0.157463
      vertex 5.84453 -22.4358 0.158578
    endloop
  endfacet
  facet normal -0.89635 -0.443348 -1.34192e-05
    outer loop
      vertex 5.80349 -22.3528 0.157463
      vertex 5.85033 -22.4475 0.161051
      vertex 5.975 -22.6996 1.6624
    endloop
  endfacet
  facet normal -0.896372 -0.443302 -1.24722e-05
    outer loop
      vertex 5.32078 -21.3767 0.144343
      vertex 5.975 -22.6996 1.6624
      vertex 4.6954 -20.1122 1.62762
    endloop
  endfacet
  facet normal -0.896373 -0.4433 -3.40323e-06
    outer loop
      vertex 8.37317 -27.5488 0.354331
      vertex 5.975 -22.6996 1.6624
      vertex 5.85033 -22.4475 0.161051
    endloop
  endfacet
  facet normal -0.896369 -0.443309 -1.89125e-05
    outer loop
      vertex 9.35296 -29.53 1.93864
      vertex 8.37317 -27.5488 0.354331
      vertex 8.95363 -28.7225 0.627163
    endloop
  endfacet
  facet normal -0.896419 -0.443208 5.84012e-05
    outer loop
      vertex 9.35296 -29.53 1.93864
      vertex 8.95363 -28.7225 0.627163
      vertex 9.13589 -29.0911 0.881989
    endloop
  endfacet
  facet normal -0.896373 -0.4433 -4.94995e-06
    outer loop
      vertex 8.37317 -27.5488 0.354331
      vertex 9.35296 -29.53 1.93864
      vertex 5.975 -22.6996 1.6624
    endloop
  endfacet
  facet normal -0.896381 -0.443284 1.89358e-05
    outer loop
      vertex 9.44572 -29.7176 1.31518
      vertex 9.35296 -29.53 1.93864
      vertex 9.13589 -29.0911 0.881989
    endloop
  endfacet
  facet normal -0.896377 -0.443293 2.21792e-05
    outer loop
      vertex 9.35296 -29.53 1.93864
      vertex 9.44572 -29.7176 1.31518
      vertex 9.50225 -29.8319 1.48683
    endloop
  endfacet
  facet normal 0.793388 -0.608716 0
    outer loop
      vertex -4.6954 -20.1122 0.127617
      vertex -4.21864 -19.4908 1.61493
      vertex -4.6954 -20.1122 1.62789
    endloop
  endfacet
  facet normal 0.793388 -0.608716 0
    outer loop
      vertex -4.21864 -19.4908 1.61493
      vertex -4.6954 -20.1122 0.127617
      vertex -4.21864 -19.4908 0.114659
    endloop
  endfacet
  facet normal 0.896372 -0.443302 0
    outer loop
      vertex -4.6954 -20.1122 1.62789
      vertex -5.32081 -21.3768 0.144615
      vertex -4.6954 -20.1122 0.127617
    endloop
  endfacet
  facet normal 0.896374 -0.443299 -3.81497e-06
    outer loop
      vertex -5.965 -22.6794 1.6624
      vertex -5.32081 -21.3768 0.144615
      vertex -4.6954 -20.1122 1.62789
    endloop
  endfacet
  facet normal 0.896302 -0.443445 -0.000159937
    outer loop
      vertex -5.32081 -21.3768 0.144615
      vertex -5.965 -22.6794 1.6624
      vertex -5.34357 -21.4228 0.136107
    endloop
  endfacet
  facet normal 0.896369 -0.443309 -2.11544e-05
    outer loop
      vertex -5.34357 -21.4228 0.136107
      vertex -5.965 -22.6794 1.6624
      vertex -5.6 -21.9413 0.142638
    endloop
  endfacet
  facet normal 0.896398 -0.44325 1.46359e-05
    outer loop
      vertex -5.6 -21.9413 0.142638
      vertex -5.965 -22.6794 1.6624
      vertex -5.79349 -22.3326 0.157463
    endloop
  endfacet
  facet normal 0.896243 -0.443563 -7.51667e-05
    outer loop
      vertex -5.85184 -22.4505 0.161932
      vertex -5.79349 -22.3326 0.157463
      vertex -5.965 -22.6794 1.6624
    endloop
  endfacet
  facet normal 0.896266 -0.443514 0.00152545
    outer loop
      vertex -5.79349 -22.3326 0.157463
      vertex -5.85184 -22.4505 0.161932
      vertex -5.84461 -22.4359 0.158852
    endloop
  endfacet
  facet normal 0.896373 -0.4433 -2.52079e-05
    outer loop
      vertex -5.965 -22.6794 1.6624
      vertex -8.37339 -27.5492 0.355114
      vertex -5.85184 -22.4505 0.161932
    endloop
  endfacet
  facet normal 0.896373 -0.4433 -2.53039e-05
    outer loop
      vertex -9.3527 -29.5295 1.93944
      vertex -8.37339 -27.5492 0.355114
      vertex -5.965 -22.6794 1.6624
    endloop
  endfacet
  facet normal 0.896388 -0.443271 1.97975e-05
    outer loop
      vertex -8.37339 -27.5492 0.355114
      vertex -9.3527 -29.5295 1.93944
      vertex -8.95385 -28.723 0.627946
    endloop
  endfacet
  facet normal 0.896305 -0.443438 -0.000107568
    outer loop
      vertex -8.95385 -28.723 0.627946
      vertex -9.3527 -29.5295 1.93944
      vertex -9.13529 -29.0898 0.881618
    endloop
  endfacet
  facet normal 0.896371 -0.443304 -3.83123e-05
    outer loop
      vertex -9.3527 -29.5295 1.93944
      vertex -9.44595 -29.718 1.31596
      vertex -9.13529 -29.0898 0.881618
    endloop
  endfacet
  facet normal 0.896356 -0.443335 -2.66725e-05
    outer loop
      vertex -9.44595 -29.718 1.31596
      vertex -9.3527 -29.5295 1.93944
      vertex -9.50223 -29.8318 1.48688
    endloop
  endfacet
  facet normal 0.608717 -0.793388 0
    outer loop
      vertex -4.21864 -19.4908 0.114659
      vertex -3.59732 -19.0141 1.59804
      vertex -4.21864 -19.4908 1.61493
    endloop
  endfacet
  facet normal 0.608717 -0.793388 0
    outer loop
      vertex -3.59732 -19.0141 1.59804
      vertex -4.21864 -19.4908 0.114659
      vertex -3.59732 -19.0141 0.0977724
    endloop
  endfacet
  facet normal 0 -1 0
    outer loop
      vertex -2.09732 -18.6122 1.55728
      vertex -2.09732 -18.6122 0.0570037
      vertex 0.00499964 -18.6122 1.50014
    endloop
  endfacet
  facet normal 0 -1 0
    outer loop
      vertex 0 -18.6122 2.22831e-07
      vertex 0.00499964 -18.6122 1.50014
      vertex -2.09732 -18.6122 0.0570037
    endloop
  endfacet
  facet normal 0 -1 0
    outer loop
      vertex 0.00999928 -18.6122 2.22831e-07
      vertex 0.00499964 -18.6122 1.50014
      vertex 0 -18.6122 2.22831e-07
    endloop
  endfacet
  facet normal -0 -1 0
    outer loop
      vertex 2.09732 -18.6122 0.0567319
      vertex 0.00499964 -18.6122 1.50014
      vertex 0.00999928 -18.6122 2.22831e-07
    endloop
  endfacet
  facet normal 0 -1 0
    outer loop
      vertex 0.00499964 -18.6122 1.50014
      vertex 2.09732 -18.6122 0.0567319
      vertex 2.09732 -18.6122 1.557
    endloop
  endfacet
  facet normal -0.130497 -0.991449 0
    outer loop
      vertex 2.09732 -18.6122 1.557
      vertex 2.87378 -18.7144 0.0778354
      vertex 2.87378 -18.7144 1.57811
    endloop
  endfacet
  facet normal -0.130497 -0.991449 0
    outer loop
      vertex 2.87378 -18.7144 0.0778354
      vertex 2.09732 -18.6122 1.557
      vertex 2.09732 -18.6122 0.0567319
    endloop
  endfacet
  facet normal -0.608717 -0.793388 0
    outer loop
      vertex 3.59732 -19.0141 1.59777
      vertex 4.21864 -19.4908 0.114388
      vertex 4.21864 -19.4908 1.61466
    endloop
  endfacet
  facet normal -0.608717 -0.793388 0
    outer loop
      vertex 4.21864 -19.4908 0.114388
      vertex 3.59732 -19.0141 1.59777
      vertex 3.59732 -19.0141 0.0975006
    endloop
  endfacet
  facet normal -0.793388 -0.608716 0
    outer loop
      vertex 4.6954 -20.1122 0.127345
      vertex 4.21864 -19.4908 1.61466
      vertex 4.21864 -19.4908 0.114388
    endloop
  endfacet
  facet normal -0.793388 -0.608716 0
    outer loop
      vertex 4.21864 -19.4908 1.61466
      vertex 4.6954 -20.1122 0.127345
      vertex 4.6954 -20.1122 1.62762
    endloop
  endfacet
  facet normal 0.382683 -0.92388 0
    outer loop
      vertex -3.59732 -19.0141 0.0977724
      vertex -2.87378 -18.7144 1.57838
      vertex -3.59732 -19.0141 1.59804
    endloop
  endfacet
  facet normal 0.382683 -0.92388 0
    outer loop
      vertex -2.87378 -18.7144 1.57838
      vertex -3.59732 -19.0141 0.0977724
      vertex -2.87378 -18.7144 0.0781071
    endloop
  endfacet
  facet normal 0.991441 0.130554 0
    outer loop
      vertex -15.4591 -16.3923 2.63356
      vertex -15.5 -16.0817 1.1378
      vertex -15.5 -16.0817 2.63917
    endloop
  endfacet
  facet normal 0.991441 0.130554 0
    outer loop
      vertex -15.5 -16.0817 1.1378
      vertex -15.4591 -16.3923 2.63356
      vertex -15.4591 -16.3923 1.13219
    endloop
  endfacet
  facet normal 0.991441 -0.130554 0
    outer loop
      vertex -15.5 -16.0817 1.1378
      vertex -15.4591 -15.7711 2.63356
      vertex -15.5 -16.0817 2.63917
    endloop
  endfacet
  facet normal 0.991441 -0.130554 0
    outer loop
      vertex -15.4591 -15.7711 2.63356
      vertex -15.5 -16.0817 1.1378
      vertex -15.4591 -15.7711 1.13219
    endloop
  endfacet
  facet normal -0.793324 0.6088 0
    outer loop
      vertex -13.4515 -16.9302 0.856907
      vertex -13.2608 -16.6817 2.33213
      vertex -13.2608 -16.6817 0.830758
    endloop
  endfacet
  facet normal -0.793324 0.6088 0
    outer loop
      vertex -13.2608 -16.6817 2.33213
      vertex -13.4515 -16.9302 0.856907
      vertex -13.4515 -16.9302 2.35828
    endloop
  endfacet
  facet normal -0.92385 0.382756 0
    outer loop
      vertex -13.2608 -16.6817 0.830758
      vertex -13.1409 -16.3923 2.31569
      vertex -13.1409 -16.3923 0.814321
    endloop
  endfacet
  facet normal -0.92385 0.382756 0
    outer loop
      vertex -13.1409 -16.3923 2.31569
      vertex -13.2608 -16.6817 0.830758
      vertex -13.2608 -16.6817 2.33213
    endloop
  endfacet
  facet normal 0.382756 0.92385 0
    outer loop
      vertex -14.6106 -17.2408 2.51721
      vertex -14.9 -17.1209 1.05553
      vertex -14.9 -17.1209 2.5569
    endloop
  endfacet
  facet normal 0.382756 0.92385 0
    outer loop
      vertex -14.9 -17.1209 1.05553
      vertex -14.6106 -17.2408 2.51721
      vertex -14.6106 -17.2408 1.01584
    endloop
  endfacet
  facet normal 0.92385 0.382756 0
    outer loop
      vertex -15.3392 -16.6817 2.61712
      vertex -15.4591 -16.3923 1.13219
      vertex -15.4591 -16.3923 2.63356
    endloop
  endfacet
  facet normal 0.92385 0.382756 0
    outer loop
      vertex -15.4591 -16.3923 1.13219
      vertex -15.3392 -16.6817 2.61712
      vertex -15.3392 -16.6817 1.11575
    endloop
  endfacet
  facet normal 0.6088 0.793324 0
    outer loop
      vertex -14.9 -17.1209 2.5569
      vertex -15.1485 -16.9302 1.0896
      vertex -15.1485 -16.9302 2.59097
    endloop
  endfacet
  facet normal 0.6088 0.793324 0
    outer loop
      vertex -15.1485 -16.9302 1.0896
      vertex -14.9 -17.1209 2.5569
      vertex -14.9 -17.1209 1.05553
    endloop
  endfacet
  facet normal -0.991441 -0.130554 -0
    outer loop
      vertex -13.1 -16.0817 2.31009
      vertex -13.1409 -15.7711 0.814321
      vertex -13.1 -16.0817 0.808714
    endloop
  endfacet
  facet normal -0.991441 -0.130554 0
    outer loop
      vertex -13.1409 -15.7711 0.814321
      vertex -13.1 -16.0817 2.31009
      vertex -13.1409 -15.7711 2.31569
    endloop
  endfacet
  facet normal -0.6088 0.793324 0
    outer loop
      vertex -13.4515 -16.9302 2.35828
      vertex -13.7 -17.1209 0.890985
      vertex -13.7 -17.1209 2.39236
    endloop
  endfacet
  facet normal -0.6088 0.793324 0
    outer loop
      vertex -13.7 -17.1209 0.890985
      vertex -13.4515 -16.9302 2.35828
      vertex -13.4515 -16.9302 0.856907
    endloop
  endfacet
  facet normal 0.130554 0.991441 0
    outer loop
      vertex -14.3 -17.2817 2.47463
      vertex -14.6106 -17.2408 1.01584
      vertex -14.6106 -17.2408 2.51721
    endloop
  endfacet
  facet normal 0.130554 0.991441 0
    outer loop
      vertex -14.6106 -17.2408 1.01584
      vertex -14.3 -17.2817 2.47463
      vertex -14.3 -17.2817 0.973255
    endloop
  endfacet
  facet normal -0.382756 0.92385 0
    outer loop
      vertex -13.7 -17.1209 2.39236
      vertex -13.9894 -17.2408 0.930669
      vertex -13.9894 -17.2408 2.43204
    endloop
  endfacet
  facet normal -0.382756 0.92385 0
    outer loop
      vertex -13.9894 -17.2408 0.930669
      vertex -13.7 -17.1209 2.39236
      vertex -13.7 -17.1209 0.890985
    endloop
  endfacet
  facet normal 0.793324 0.6088 0
    outer loop
      vertex -15.1485 -16.9302 2.59097
      vertex -15.3392 -16.6817 1.11575
      vertex -15.3392 -16.6817 2.61712
    endloop
  endfacet
  facet normal 0.793324 0.6088 0
    outer loop
      vertex -15.3392 -16.6817 1.11575
      vertex -15.1485 -16.9302 2.59097
      vertex -15.1485 -16.9302 1.0896
    endloop
  endfacet
  facet normal -0.991441 0.130554 0
    outer loop
      vertex -13.1409 -16.3923 0.814321
      vertex -13.1 -16.0817 2.31009
      vertex -13.1 -16.0817 0.808714
    endloop
  endfacet
  facet normal -0.991441 0.130554 0
    outer loop
      vertex -13.1 -16.0817 2.31009
      vertex -13.1409 -16.3923 0.814321
      vertex -13.1409 -16.3923 2.31569
    endloop
  endfacet
  facet normal 0.6088 -0.793324 0
    outer loop
      vertex -15.1485 -15.2332 1.0896
      vertex -14.9 -15.0425 2.5569
      vertex -15.1485 -15.2332 2.59097
    endloop
  endfacet
  facet normal 0.6088 -0.793324 0
    outer loop
      vertex -14.9 -15.0425 2.5569
      vertex -15.1485 -15.2332 1.0896
      vertex -14.9 -15.0425 1.05553
    endloop
  endfacet
  facet normal 0.92385 -0.382756 0
    outer loop
      vertex -15.4591 -15.7711 1.13219
      vertex -15.3392 -15.4817 2.61712
      vertex -15.4591 -15.7711 2.63356
    endloop
  endfacet
  facet normal 0.92385 -0.382756 0
    outer loop
      vertex -15.3392 -15.4817 2.61712
      vertex -15.4591 -15.7711 1.13219
      vertex -15.3392 -15.4817 1.11575
    endloop
  endfacet
  facet normal -0.382756 -0.92385 0
    outer loop
      vertex -13.9894 -14.9226 0.930669
      vertex -13.7 -15.0425 2.39236
      vertex -13.9894 -14.9226 2.43204
    endloop
  endfacet
  facet normal -0.382756 -0.92385 -0
    outer loop
      vertex -13.7 -15.0425 2.39236
      vertex -13.9894 -14.9226 0.930669
      vertex -13.7 -15.0425 0.890985
    endloop
  endfacet
  facet normal -0.6088 -0.793324 0
    outer loop
      vertex -13.7 -15.0425 0.890985
      vertex -13.4515 -15.2332 2.35828
      vertex -13.7 -15.0425 2.39236
    endloop
  endfacet
  facet normal -0.6088 -0.793324 -0
    outer loop
      vertex -13.4515 -15.2332 2.35828
      vertex -13.7 -15.0425 0.890985
      vertex -13.4515 -15.2332 0.856907
    endloop
  endfacet
  facet normal -0.130554 0.991441 0
    outer loop
      vertex -13.9894 -17.2408 2.43204
      vertex -14.3 -17.2817 0.973255
      vertex -14.3 -17.2817 2.47463
    endloop
  endfacet
  facet normal -0.130554 0.991441 0
    outer loop
      vertex -14.3 -17.2817 0.973255
      vertex -13.9894 -17.2408 2.43204
      vertex -13.9894 -17.2408 0.930669
    endloop
  endfacet
  facet normal -0.92385 -0.382756 -0
    outer loop
      vertex -13.1409 -15.7711 2.31569
      vertex -13.2608 -15.4817 0.830758
      vertex -13.1409 -15.7711 0.814321
    endloop
  endfacet
  facet normal -0.92385 -0.382756 0
    outer loop
      vertex -13.2608 -15.4817 0.830758
      vertex -13.1409 -15.7711 2.31569
      vertex -13.2608 -15.4817 2.33213
    endloop
  endfacet
  facet normal 0.793324 -0.6088 0
    outer loop
      vertex -15.3392 -15.4817 1.11575
      vertex -15.1485 -15.2332 2.59097
      vertex -15.3392 -15.4817 2.61712
    endloop
  endfacet
  facet normal 0.793324 -0.6088 0
    outer loop
      vertex -15.1485 -15.2332 2.59097
      vertex -15.3392 -15.4817 1.11575
      vertex -15.1485 -15.2332 1.0896
    endloop
  endfacet
  facet normal -0.130554 -0.991441 0
    outer loop
      vertex -14.3 -14.8817 0.973255
      vertex -13.9894 -14.9226 2.43204
      vertex -14.3 -14.8817 2.47463
    endloop
  endfacet
  facet normal -0.130554 -0.991441 -0
    outer loop
      vertex -13.9894 -14.9226 2.43204
      vertex -14.3 -14.8817 0.973255
      vertex -13.9894 -14.9226 0.930669
    endloop
  endfacet
  facet normal 0.130554 -0.991441 0
    outer loop
      vertex -14.6106 -14.9226 1.01584
      vertex -14.3 -14.8817 2.47463
      vertex -14.6106 -14.9226 2.51721
    endloop
  endfacet
  facet normal 0.130554 -0.991441 0
    outer loop
      vertex -14.3 -14.8817 2.47463
      vertex -14.6106 -14.9226 1.01584
      vertex -14.3 -14.8817 0.973255
    endloop
  endfacet
  facet normal -0.793324 -0.6088 -0
    outer loop
      vertex -13.2608 -15.4817 2.33213
      vertex -13.4515 -15.2332 0.856907
      vertex -13.2608 -15.4817 0.830758
    endloop
  endfacet
  facet normal -0.793324 -0.6088 0
    outer loop
      vertex -13.4515 -15.2332 0.856907
      vertex -13.2608 -15.4817 2.33213
      vertex -13.4515 -15.2332 2.35828
    endloop
  endfacet
  facet normal 0.382756 -0.92385 0
    outer loop
      vertex -14.9 -15.0425 1.05553
      vertex -14.6106 -14.9226 2.51721
      vertex -14.9 -15.0425 2.5569
    endloop
  endfacet
  facet normal 0.382756 -0.92385 0
    outer loop
      vertex -14.6106 -14.9226 2.51721
      vertex -14.9 -15.0425 1.05553
      vertex -14.6106 -14.9226 1.01584
    endloop
  endfacet
  facet normal -0.991441 0.130554 0
    outer loop
      vertex 15.4591 -16.3923 2.63219
      vertex 15.5 -16.0817 1.13643
      vertex 15.4591 -16.3923 1.13082
    endloop
  endfacet
  facet normal -0.991441 0.130554 0
    outer loop
      vertex 15.5 -16.0817 1.13643
      vertex 15.4591 -16.3923 2.63219
      vertex 15.5 -16.0817 2.6378
    endloop
  endfacet
  facet normal -0.382756 0.92385 0
    outer loop
      vertex 14.9 -17.1209 1.05415
      vertex 14.6106 -17.2408 2.51584
      vertex 14.9 -17.1209 2.55553
    endloop
  endfacet
  facet normal -0.382756 0.92385 0
    outer loop
      vertex 14.6106 -17.2408 2.51584
      vertex 14.9 -17.1209 1.05415
      vertex 14.6106 -17.2408 1.01447
    endloop
  endfacet
  facet normal 0.991441 0.130554 -0
    outer loop
      vertex 13.1409 -16.3923 0.81295
      vertex 13.1 -16.0817 2.30871
      vertex 13.1409 -16.3923 2.31432
    endloop
  endfacet
  facet normal 0.991441 0.130554 0
    outer loop
      vertex 13.1 -16.0817 2.30871
      vertex 13.1409 -16.3923 0.81295
      vertex 13.1 -16.0817 0.807343
    endloop
  endfacet
  facet normal -0.793324 -0.6088 0
    outer loop
      vertex 15.3392 -15.4817 1.11438
      vertex 15.1485 -15.2332 2.5896
      vertex 15.1485 -15.2332 1.08823
    endloop
  endfacet
  facet normal -0.793324 -0.6088 0
    outer loop
      vertex 15.1485 -15.2332 2.5896
      vertex 15.3392 -15.4817 1.11438
      vertex 15.3392 -15.4817 2.61575
    endloop
  endfacet
  facet normal -0.6088 -0.793324 0
    outer loop
      vertex 14.9 -15.0425 2.55553
      vertex 15.1485 -15.2332 1.08823
      vertex 15.1485 -15.2332 2.5896
    endloop
  endfacet
  facet normal -0.6088 -0.793324 0
    outer loop
      vertex 15.1485 -15.2332 1.08823
      vertex 14.9 -15.0425 2.55553
      vertex 14.9 -15.0425 1.05415
    endloop
  endfacet
  facet normal 0.130554 -0.991441 0
    outer loop
      vertex 13.9894 -14.9226 2.43067
      vertex 14.3 -14.8817 0.971884
      vertex 14.3 -14.8817 2.47326
    endloop
  endfacet
  facet normal 0.130554 -0.991441 0
    outer loop
      vertex 14.3 -14.8817 0.971884
      vertex 13.9894 -14.9226 2.43067
      vertex 13.9894 -14.9226 0.929298
    endloop
  endfacet
  facet normal -0.6088 0.793324 0
    outer loop
      vertex 15.1485 -16.9302 1.08823
      vertex 14.9 -17.1209 2.55553
      vertex 15.1485 -16.9302 2.5896
    endloop
  endfacet
  facet normal -0.6088 0.793324 0
    outer loop
      vertex 14.9 -17.1209 2.55553
      vertex 15.1485 -16.9302 1.08823
      vertex 14.9 -17.1209 1.05415
    endloop
  endfacet
  facet normal 0.382756 0.92385 -0
    outer loop
      vertex 13.9894 -17.2408 0.929298
      vertex 13.7 -17.1209 2.39098
      vertex 13.9894 -17.2408 2.43067
    endloop
  endfacet
  facet normal 0.382756 0.92385 0
    outer loop
      vertex 13.7 -17.1209 2.39098
      vertex 13.9894 -17.2408 0.929298
      vertex 13.7 -17.1209 0.889614
    endloop
  endfacet
  facet normal -0.991441 -0.130554 0
    outer loop
      vertex 15.5 -16.0817 1.13643
      vertex 15.4591 -15.7711 2.63219
      vertex 15.4591 -15.7711 1.13082
    endloop
  endfacet
  facet normal -0.991441 -0.130554 0
    outer loop
      vertex 15.4591 -15.7711 2.63219
      vertex 15.5 -16.0817 1.13643
      vertex 15.5 -16.0817 2.6378
    endloop
  endfacet
  facet normal 0.92385 -0.382756 0
    outer loop
      vertex 13.1409 -15.7711 2.31432
      vertex 13.2608 -15.4817 0.829387
      vertex 13.2608 -15.4817 2.33076
    endloop
  endfacet
  facet normal 0.92385 -0.382756 0
    outer loop
      vertex 13.2608 -15.4817 0.829387
      vertex 13.1409 -15.7711 2.31432
      vertex 13.1409 -15.7711 0.81295
    endloop
  endfacet
  facet normal 0.382756 -0.92385 0
    outer loop
      vertex 13.7 -15.0425 2.39098
      vertex 13.9894 -14.9226 0.929298
      vertex 13.9894 -14.9226 2.43067
    endloop
  endfacet
  facet normal 0.382756 -0.92385 0
    outer loop
      vertex 13.9894 -14.9226 0.929298
      vertex 13.7 -15.0425 2.39098
      vertex 13.7 -15.0425 0.889614
    endloop
  endfacet
  facet normal -0.92385 0.382756 0
    outer loop
      vertex 15.3392 -16.6817 2.61575
      vertex 15.4591 -16.3923 1.13082
      vertex 15.3392 -16.6817 1.11438
    endloop
  endfacet
  facet normal -0.92385 0.382756 0
    outer loop
      vertex 15.4591 -16.3923 1.13082
      vertex 15.3392 -16.6817 2.61575
      vertex 15.4591 -16.3923 2.63219
    endloop
  endfacet
  facet normal -0.793324 0.6088 0
    outer loop
      vertex 15.1485 -16.9302 2.5896
      vertex 15.3392 -16.6817 1.11438
      vertex 15.1485 -16.9302 1.08823
    endloop
  endfacet
  facet normal -0.793324 0.6088 0
    outer loop
      vertex 15.3392 -16.6817 1.11438
      vertex 15.1485 -16.9302 2.5896
      vertex 15.3392 -16.6817 2.61575
    endloop
  endfacet
  facet normal 0.130554 0.991441 -0
    outer loop
      vertex 14.3 -17.2817 0.971884
      vertex 13.9894 -17.2408 2.43067
      vertex 14.3 -17.2817 2.47326
    endloop
  endfacet
  facet normal 0.130554 0.991441 0
    outer loop
      vertex 13.9894 -17.2408 2.43067
      vertex 14.3 -17.2817 0.971884
      vertex 13.9894 -17.2408 0.929298
    endloop
  endfacet
  facet normal 0.991441 -0.130554 0
    outer loop
      vertex 13.1 -16.0817 2.30871
      vertex 13.1409 -15.7711 0.81295
      vertex 13.1409 -15.7711 2.31432
    endloop
  endfacet
  facet normal 0.991441 -0.130554 0
    outer loop
      vertex 13.1409 -15.7711 0.81295
      vertex 13.1 -16.0817 2.30871
      vertex 13.1 -16.0817 0.807343
    endloop
  endfacet
  facet normal 0.92385 0.382756 -0
    outer loop
      vertex 13.2608 -16.6817 0.829387
      vertex 13.1409 -16.3923 2.31432
      vertex 13.2608 -16.6817 2.33076
    endloop
  endfacet
  facet normal 0.92385 0.382756 0
    outer loop
      vertex 13.1409 -16.3923 2.31432
      vertex 13.2608 -16.6817 0.829387
      vertex 13.1409 -16.3923 0.81295
    endloop
  endfacet
  facet normal 0.6088 0.793324 -0
    outer loop
      vertex 13.7 -17.1209 0.889614
      vertex 13.4515 -16.9302 2.35691
      vertex 13.7 -17.1209 2.39098
    endloop
  endfacet
  facet normal 0.6088 0.793324 0
    outer loop
      vertex 13.4515 -16.9302 2.35691
      vertex 13.7 -17.1209 0.889614
      vertex 13.4515 -16.9302 0.855536
    endloop
  endfacet
  facet normal 0.793324 0.6088 -0
    outer loop
      vertex 13.4515 -16.9302 0.855536
      vertex 13.2608 -16.6817 2.33076
      vertex 13.4515 -16.9302 2.35691
    endloop
  endfacet
  facet normal 0.793324 0.6088 0
    outer loop
      vertex 13.2608 -16.6817 2.33076
      vertex 13.4515 -16.9302 0.855536
      vertex 13.2608 -16.6817 0.829387
    endloop
  endfacet
  facet normal -0.382756 -0.92385 0
    outer loop
      vertex 14.6106 -14.9226 2.51584
      vertex 14.9 -15.0425 1.05415
      vertex 14.9 -15.0425 2.55553
    endloop
  endfacet
  facet normal -0.382756 -0.92385 0
    outer loop
      vertex 14.9 -15.0425 1.05415
      vertex 14.6106 -14.9226 2.51584
      vertex 14.6106 -14.9226 1.01447
    endloop
  endfacet
  facet normal -0.130554 -0.991441 0
    outer loop
      vertex 14.3 -14.8817 2.47326
      vertex 14.6106 -14.9226 1.01447
      vertex 14.6106 -14.9226 2.51584
    endloop
  endfacet
  facet normal -0.130554 -0.991441 0
    outer loop
      vertex 14.6106 -14.9226 1.01447
      vertex 14.3 -14.8817 2.47326
      vertex 14.3 -14.8817 0.971884
    endloop
  endfacet
  facet normal 0.793324 -0.6088 0
    outer loop
      vertex 13.2608 -15.4817 2.33076
      vertex 13.4515 -15.2332 0.855536
      vertex 13.4515 -15.2332 2.35691
    endloop
  endfacet
  facet normal 0.793324 -0.6088 0
    outer loop
      vertex 13.4515 -15.2332 0.855536
      vertex 13.2608 -15.4817 2.33076
      vertex 13.2608 -15.4817 0.829387
    endloop
  endfacet
  facet normal 0.6088 -0.793324 0
    outer loop
      vertex 13.4515 -15.2332 2.35691
      vertex 13.7 -15.0425 0.889614
      vertex 13.7 -15.0425 2.39098
    endloop
  endfacet
  facet normal 0.6088 -0.793324 0
    outer loop
      vertex 13.7 -15.0425 0.889614
      vertex 13.4515 -15.2332 2.35691
      vertex 13.4515 -15.2332 0.855536
    endloop
  endfacet
  facet normal -0.130554 0.991441 0
    outer loop
      vertex 14.6106 -17.2408 1.01447
      vertex 14.3 -17.2817 2.47326
      vertex 14.6106 -17.2408 2.51584
    endloop
  endfacet
  facet normal -0.130554 0.991441 0
    outer loop
      vertex 14.3 -17.2817 2.47326
      vertex 14.6106 -17.2408 1.01447
      vertex 14.3 -17.2817 0.971884
    endloop
  endfacet
  facet normal -0.92385 -0.382756 0
    outer loop
      vertex 15.4591 -15.7711 1.13082
      vertex 15.3392 -15.4817 2.61575
      vertex 15.3392 -15.4817 1.11438
    endloop
  endfacet
  facet normal -0.92385 -0.382756 0
    outer loop
      vertex 15.3392 -15.4817 2.61575
      vertex 15.4591 -15.7711 1.13082
      vertex 15.4591 -15.7711 2.63219
    endloop
  endfacet
  facet normal -0.991436 0.130595 0
    outer loop
      vertex -48.0409 -13.2172 11.0478
      vertex -48 -12.9067 12.5325
      vertex -48 -12.9067 11.0276
    endloop
  endfacet
  facet normal -0.991436 0.130595 0
    outer loop
      vertex -48 -12.9067 12.5325
      vertex -48.0409 -13.2172 11.0478
      vertex -48.0409 -13.2172 12.5528
    endloop
  endfacet
  facet normal -0.382756 0.92385 0
    outer loop
      vertex -48.6 -13.9459 12.8298
      vertex -48.8894 -14.0658 11.4682
      vertex -48.8894 -14.0658 12.9731
    endloop
  endfacet
  facet normal -0.382756 0.92385 0
    outer loop
      vertex -48.8894 -14.0658 11.4682
      vertex -48.6 -13.9459 12.8298
      vertex -48.6 -13.9459 11.3248
    endloop
  endfacet
  facet normal 0.991436 0.130595 0
    outer loop
      vertex -50.3591 -13.2172 13.7153
      vertex -50.4 -12.9067 12.2314
      vertex -50.4 -12.9067 13.7367
    endloop
  endfacet
  facet normal 0.991436 0.130595 0
    outer loop
      vertex -50.4 -12.9067 12.2314
      vertex -50.3591 -13.2172 13.7153
      vertex -50.3591 -13.2172 12.2101
    endloop
  endfacet
  facet normal -0.793442 -0.608646 -0
    outer loop
      vertex -48.1608 -12.3067 12.6122
      vertex -48.3515 -12.0581 11.2017
      vertex -48.1608 -12.3067 11.1072
    endloop
  endfacet
  facet normal -0.793442 -0.608646 0
    outer loop
      vertex -48.3515 -12.0581 11.2017
      vertex -48.1608 -12.3067 12.6122
      vertex -48.3515 -12.0581 12.7066
    endloop
  endfacet
  facet normal -0.6088 -0.793324 0
    outer loop
      vertex -48.6 -11.8674 11.3248
      vertex -48.3515 -12.0581 12.7066
      vertex -48.6 -11.8674 12.8298
    endloop
  endfacet
  facet normal -0.6088 -0.793324 -0
    outer loop
      vertex -48.3515 -12.0581 12.7066
      vertex -48.6 -11.8674 11.3248
      vertex -48.3515 -12.0581 11.2017
    endloop
  endfacet
  facet normal 0.13024 -0.991483 0
    outer loop
      vertex -49.5106 -11.7475 11.7759
      vertex -49.2 -11.7067 13.127
      vertex -49.5106 -11.7475 13.2808
    endloop
  endfacet
  facet normal 0.13024 -0.991483 0
    outer loop
      vertex -49.2 -11.7067 13.127
      vertex -49.5106 -11.7475 11.7759
      vertex -49.2 -11.7067 11.622
    endloop
  endfacet
  facet normal -0.6088 0.793324 0
    outer loop
      vertex -48.3515 -13.7552 12.7066
      vertex -48.6 -13.9459 11.3248
      vertex -48.6 -13.9459 12.8298
    endloop
  endfacet
  facet normal -0.6088 0.793324 0
    outer loop
      vertex -48.6 -13.9459 11.3248
      vertex -48.3515 -13.7552 12.7066
      vertex -48.3515 -13.7552 11.2017
    endloop
  endfacet
  facet normal 0.608735 0.793373 0
    outer loop
      vertex -49.8401 -13.9151 13.444
      vertex -50.0485 -13.7552 12.0478
      vertex -50.0485 -13.7552 13.553
    endloop
  endfacet
  facet normal 0.60911 0.793086 -8.87892e-05
    outer loop
      vertex -49.8 -13.9459 13.4242
      vertex -50.0485 -13.7552 12.0478
      vertex -49.8401 -13.9151 13.444
    endloop
  endfacet
  facet normal 0.608908 0.793241 -3.09735e-05
    outer loop
      vertex -49.8 -13.9459 13.4242
      vertex -49.8501 -13.9075 11.944
      vertex -50.0485 -13.7552 12.0478
    endloop
  endfacet
  facet normal 0.608332 0.793683 0
    outer loop
      vertex -49.8501 -13.9075 11.944
      vertex -49.8 -13.9459 13.4242
      vertex -49.8 -13.9459 11.9192
    endloop
  endfacet
  facet normal 0.793324 0.6088 0
    outer loop
      vertex -50.0485 -13.7552 13.553
      vertex -50.2392 -13.5067 12.1474
      vertex -50.2392 -13.5067 13.6526
    endloop
  endfacet
  facet normal 0.793324 0.6088 0
    outer loop
      vertex -50.2392 -13.5067 12.1474
      vertex -50.0485 -13.7552 13.553
      vertex -50.0485 -13.7552 12.0478
    endloop
  endfacet
  facet normal -0.991441 -0.130554 -0
    outer loop
      vertex -48 -12.9067 12.5325
      vertex -48.0409 -12.5961 11.0478
      vertex -48 -12.9067 11.0276
    endloop
  endfacet
  facet normal -0.991441 -0.130554 0
    outer loop
      vertex -48.0409 -12.5961 11.0478
      vertex -48 -12.9067 12.5325
      vertex -48.0409 -12.5961 12.5528
    endloop
  endfacet
  facet normal 0.793442 -0.608646 0
    outer loop
      vertex -50.2392 -12.3067 12.1474
      vertex -50.0485 -12.0581 13.553
      vertex -50.2392 -12.3067 13.6526
    endloop
  endfacet
  facet normal 0.793442 -0.608646 0
    outer loop
      vertex -50.0485 -12.0581 13.553
      vertex -50.2392 -12.3067 12.1474
      vertex -50.0485 -12.0581 12.0478
    endloop
  endfacet
  facet normal 0.382756 -0.92385 0
    outer loop
      vertex -49.8 -11.8674 11.9192
      vertex -49.5106 -11.7475 13.2808
      vertex -49.8 -11.8674 13.4242
    endloop
  endfacet
  facet normal 0.382756 -0.92385 0
    outer loop
      vertex -49.5106 -11.7475 13.2808
      vertex -49.8 -11.8674 11.9192
      vertex -49.5106 -11.7475 11.7759
    endloop
  endfacet
  facet normal 0.608735 -0.793373 0
    outer loop
      vertex -50.0485 -12.0581 12.0478
      vertex -49.8401 -11.8982 13.444
      vertex -50.0485 -12.0581 13.553
    endloop
  endfacet
  facet normal 0.60911 -0.793086 -8.87892e-05
    outer loop
      vertex -50.0485 -12.0581 12.0478
      vertex -49.8 -11.8674 13.4242
      vertex -49.8401 -11.8982 13.444
    endloop
  endfacet
  facet normal 0.608908 -0.793241 -3.09735e-05
    outer loop
      vertex -49.8501 -11.9058 11.944
      vertex -49.8 -11.8674 13.4242
      vertex -50.0485 -12.0581 12.0478
    endloop
  endfacet
  facet normal 0.608332 -0.793683 0
    outer loop
      vertex -49.8 -11.8674 13.4242
      vertex -49.8501 -11.9058 11.944
      vertex -49.8 -11.8674 11.9192
    endloop
  endfacet
  facet normal -0.923896 0.382643 0
    outer loop
      vertex -48.1608 -13.5067 11.1072
      vertex -48.0409 -13.2172 12.5528
      vertex -48.0409 -13.2172 11.0478
    endloop
  endfacet
  facet normal -0.923896 0.382643 0
    outer loop
      vertex -48.0409 -13.2172 12.5528
      vertex -48.1608 -13.5067 11.1072
      vertex -48.1608 -13.5067 12.6122
    endloop
  endfacet
  facet normal -0.793324 0.6088 0
    outer loop
      vertex -48.3515 -13.7552 11.2017
      vertex -48.1608 -13.5067 12.6122
      vertex -48.1608 -13.5067 11.1072
    endloop
  endfacet
  facet normal -0.793324 0.6088 0
    outer loop
      vertex -48.1608 -13.5067 12.6122
      vertex -48.3515 -13.7552 11.2017
      vertex -48.3515 -13.7552 12.7066
    endloop
  endfacet
  facet normal 0.130554 0.991441 0
    outer loop
      vertex -49.2 -14.1067 13.127
      vertex -49.5106 -14.0658 11.7759
      vertex -49.5106 -14.0658 13.2808
    endloop
  endfacet
  facet normal 0.130554 0.991441 0
    outer loop
      vertex -49.5106 -14.0658 11.7759
      vertex -49.2 -14.1067 13.127
      vertex -49.2 -14.1067 11.622
    endloop
  endfacet
  facet normal -0.130554 0.991441 0
    outer loop
      vertex -48.8894 -14.0658 12.9731
      vertex -49.2 -14.1067 11.622
      vertex -49.2 -14.1067 13.127
    endloop
  endfacet
  facet normal -0.130554 0.991441 0
    outer loop
      vertex -49.2 -14.1067 11.622
      vertex -48.8894 -14.0658 12.9731
      vertex -48.8894 -14.0658 11.4682
    endloop
  endfacet
  facet normal 0.991441 -0.130554 0
    outer loop
      vertex -50.4 -12.9067 12.2314
      vertex -50.3591 -12.5961 13.7153
      vertex -50.4 -12.9067 13.7367
    endloop
  endfacet
  facet normal 0.991441 -0.130554 0
    outer loop
      vertex -50.3591 -12.5961 13.7153
      vertex -50.4 -12.9067 12.2314
      vertex -50.3591 -12.5961 12.2101
    endloop
  endfacet
  facet normal 0.923896 0.382643 0
    outer loop
      vertex -50.2392 -13.5067 13.6526
      vertex -50.3591 -13.2172 12.2101
      vertex -50.3591 -13.2172 13.7153
    endloop
  endfacet
  facet normal 0.923896 0.382643 0
    outer loop
      vertex -50.3591 -13.2172 12.2101
      vertex -50.2392 -13.5067 13.6526
      vertex -50.2392 -13.5067 12.1474
    endloop
  endfacet
  facet normal 0.382756 0.92385 0
    outer loop
      vertex -49.5106 -14.0658 13.2808
      vertex -49.8 -13.9459 11.9192
      vertex -49.8 -13.9459 13.4242
    endloop
  endfacet
  facet normal 0.382756 0.92385 0
    outer loop
      vertex -49.8 -13.9459 11.9192
      vertex -49.5106 -14.0658 13.2808
      vertex -49.5106 -14.0658 11.7759
    endloop
  endfacet
  facet normal -0.382756 -0.92385 0
    outer loop
      vertex -48.8894 -11.7475 11.4682
      vertex -48.6 -11.8674 12.8298
      vertex -48.8894 -11.7475 12.9731
    endloop
  endfacet
  facet normal -0.382756 -0.92385 -0
    outer loop
      vertex -48.6 -11.8674 12.8298
      vertex -48.8894 -11.7475 11.4682
      vertex -48.6 -11.8674 11.3248
    endloop
  endfacet
  facet normal -0.13024 -0.991483 0
    outer loop
      vertex -49.2 -11.7067 11.622
      vertex -48.8894 -11.7475 12.9731
      vertex -49.2 -11.7067 13.127
    endloop
  endfacet
  facet normal -0.13024 -0.991483 -0
    outer loop
      vertex -48.8894 -11.7475 12.9731
      vertex -49.2 -11.7067 11.622
      vertex -48.8894 -11.7475 11.4682
    endloop
  endfacet
  facet normal 0.92385 -0.382756 0
    outer loop
      vertex -50.3591 -12.5961 12.2101
      vertex -50.2392 -12.3067 13.6526
      vertex -50.3591 -12.5961 13.7153
    endloop
  endfacet
  facet normal 0.92385 -0.382756 0
    outer loop
      vertex -50.2392 -12.3067 13.6526
      vertex -50.3591 -12.5961 12.2101
      vertex -50.2392 -12.3067 12.1474
    endloop
  endfacet
  facet normal -0.92385 -0.382756 -0
    outer loop
      vertex -48.0409 -12.5961 12.5528
      vertex -48.1608 -12.3067 11.1072
      vertex -48.0409 -12.5961 11.0478
    endloop
  endfacet
  facet normal -0.92385 -0.382756 0
    outer loop
      vertex -48.1608 -12.3067 11.1072
      vertex -48.0409 -12.5961 12.5528
      vertex -48.1608 -12.3067 12.6122
    endloop
  endfacet
  facet normal -0.793324 0.6088 0
    outer loop
      vertex 50.0485 -13.7552 13.5478
      vertex 50.2392 -13.5067 12.1422
      vertex 50.0485 -13.7552 12.0425
    endloop
  endfacet
  facet normal -0.793324 0.6088 0
    outer loop
      vertex 50.2392 -13.5067 12.1422
      vertex 50.0485 -13.7552 13.5478
      vertex 50.2392 -13.5067 13.6474
    endloop
  endfacet
  facet normal 0.991436 0.130595 -0
    outer loop
      vertex 48.0409 -13.2172 11.0429
      vertex 48 -12.9067 12.5276
      vertex 48.0409 -13.2172 12.5478
    endloop
  endfacet
  facet normal 0.991436 0.130595 0
    outer loop
      vertex 48 -12.9067 12.5276
      vertex 48.0409 -13.2172 11.0429
      vertex 48 -12.9067 11.0226
    endloop
  endfacet
  facet normal 0.991441 -0.130554 0
    outer loop
      vertex 48 -12.9067 12.5276
      vertex 48.0409 -12.5961 11.0429
      vertex 48.0409 -12.5961 12.5478
    endloop
  endfacet
  facet normal 0.991441 -0.130554 0
    outer loop
      vertex 48.0409 -12.5961 11.0429
      vertex 48 -12.9067 12.5276
      vertex 48 -12.9067 11.0226
    endloop
  endfacet
  facet normal -0.991441 -0.130554 0
    outer loop
      vertex 50.4 -12.9067 12.2262
      vertex 50.3591 -12.5961 13.7101
      vertex 50.3591 -12.5961 12.2048
    endloop
  endfacet
  facet normal -0.991441 -0.130554 0
    outer loop
      vertex 50.3591 -12.5961 13.7101
      vertex 50.4 -12.9067 12.2262
      vertex 50.4 -12.9067 13.7314
    endloop
  endfacet
  facet normal -0.608918 0.793233 0
    outer loop
      vertex 50.0485 -13.7552 12.0425
      vertex 49.8501 -13.9075 13.444
      vertex 50.0485 -13.7552 13.5478
    endloop
  endfacet
  facet normal -0.60837 0.793653 0.00012327
    outer loop
      vertex 50.0485 -13.7552 12.0425
      vertex 49.8 -13.9459 13.4192
      vertex 49.8501 -13.9075 13.444
    endloop
  endfacet
  facet normal -0.608851 0.793285 -1.45886e-05
    outer loop
      vertex 49.8601 -13.8998 11.944
      vertex 49.8 -13.9459 13.4192
      vertex 50.0485 -13.7552 12.0425
    endloop
  endfacet
  facet normal -0.608626 0.793458 0
    outer loop
      vertex 49.8 -13.9459 13.4192
      vertex 49.8601 -13.8998 11.944
      vertex 49.8 -13.9459 11.9143
    endloop
  endfacet
  facet normal 0.382756 0.92385 -0
    outer loop
      vertex 48.8894 -14.0658 11.4632
      vertex 48.6 -13.9459 12.8248
      vertex 48.8894 -14.0658 12.9682
    endloop
  endfacet
  facet normal 0.382756 0.92385 0
    outer loop
      vertex 48.6 -13.9459 12.8248
      vertex 48.8894 -14.0658 11.4632
      vertex 48.6 -13.9459 11.3198
    endloop
  endfacet
  facet normal 0.923896 0.382643 -0
    outer loop
      vertex 48.1608 -13.5067 11.1023
      vertex 48.0409 -13.2172 12.5478
      vertex 48.1608 -13.5067 12.6072
    endloop
  endfacet
  facet normal 0.923896 0.382643 0
    outer loop
      vertex 48.0409 -13.2172 12.5478
      vertex 48.1608 -13.5067 11.1023
      vertex 48.0409 -13.2172 11.0429
    endloop
  endfacet
  facet normal 0.6088 0.793324 -0
    outer loop
      vertex 48.6 -13.9459 11.3198
      vertex 48.3515 -13.7552 12.7017
      vertex 48.6 -13.9459 12.8248
    endloop
  endfacet
  facet normal 0.6088 0.793324 0
    outer loop
      vertex 48.3515 -13.7552 12.7017
      vertex 48.6 -13.9459 11.3198
      vertex 48.3515 -13.7552 11.1967
    endloop
  endfacet
  facet normal -0.382756 -0.92385 0
    outer loop
      vertex 49.5106 -11.7475 13.2759
      vertex 49.8 -11.8674 11.9143
      vertex 49.8 -11.8674 13.4192
    endloop
  endfacet
  facet normal -0.382756 -0.92385 0
    outer loop
      vertex 49.8 -11.8674 11.9143
      vertex 49.5106 -11.7475 13.2759
      vertex 49.5106 -11.7475 11.7709
    endloop
  endfacet
  facet normal 0.130554 0.991441 -0
    outer loop
      vertex 49.2 -14.1067 11.6171
      vertex 48.8894 -14.0658 12.9682
      vertex 49.2 -14.1067 13.122
    endloop
  endfacet
  facet normal 0.130554 0.991441 0
    outer loop
      vertex 48.8894 -14.0658 12.9682
      vertex 49.2 -14.1067 11.6171
      vertex 48.8894 -14.0658 11.4632
    endloop
  endfacet
  facet normal -0.382756 0.92385 0
    outer loop
      vertex 49.8 -13.9459 11.9143
      vertex 49.5106 -14.0658 13.2759
      vertex 49.8 -13.9459 13.4192
    endloop
  endfacet
  facet normal -0.382756 0.92385 0
    outer loop
      vertex 49.5106 -14.0658 13.2759
      vertex 49.8 -13.9459 11.9143
      vertex 49.5106 -14.0658 11.7709
    endloop
  endfacet
  facet normal 0.793324 0.6088 -0
    outer loop
      vertex 48.3515 -13.7552 11.1967
      vertex 48.1608 -13.5067 12.6072
      vertex 48.3515 -13.7552 12.7017
    endloop
  endfacet
  facet normal 0.793324 0.6088 0
    outer loop
      vertex 48.1608 -13.5067 12.6072
      vertex 48.3515 -13.7552 11.1967
      vertex 48.1608 -13.5067 11.1023
    endloop
  endfacet
  facet normal -0.991436 0.130595 0
    outer loop
      vertex 50.3591 -13.2172 13.7101
      vertex 50.4 -12.9067 12.2262
      vertex 50.3591 -13.2172 12.2048
    endloop
  endfacet
  facet normal -0.991436 0.130595 0
    outer loop
      vertex 50.4 -12.9067 12.2262
      vertex 50.3591 -13.2172 13.7101
      vertex 50.4 -12.9067 13.7314
    endloop
  endfacet
  facet normal 0.6088 -0.793324 0
    outer loop
      vertex 48.3515 -12.0581 12.7017
      vertex 48.6 -11.8674 11.3198
      vertex 48.6 -11.8674 12.8248
    endloop
  endfacet
  facet normal 0.6088 -0.793324 0
    outer loop
      vertex 48.6 -11.8674 11.3198
      vertex 48.3515 -12.0581 12.7017
      vertex 48.3515 -12.0581 11.1967
    endloop
  endfacet
  facet normal 0.92385 -0.382756 0
    outer loop
      vertex 48.0409 -12.5961 12.5478
      vertex 48.1608 -12.3067 11.1023
      vertex 48.1608 -12.3067 12.6072
    endloop
  endfacet
  facet normal 0.92385 -0.382756 0
    outer loop
      vertex 48.1608 -12.3067 11.1023
      vertex 48.0409 -12.5961 12.5478
      vertex 48.0409 -12.5961 11.0429
    endloop
  endfacet
  facet normal -0.793442 -0.608646 0
    outer loop
      vertex 50.2392 -12.3067 12.1422
      vertex 50.0485 -12.0581 13.5478
      vertex 50.0485 -12.0581 12.0425
    endloop
  endfacet
  facet normal -0.793442 -0.608646 0
    outer loop
      vertex 50.0485 -12.0581 13.5478
      vertex 50.2392 -12.3067 12.1422
      vertex 50.2392 -12.3067 13.6474
    endloop
  endfacet
  facet normal -0.923896 0.382643 0
    outer loop
      vertex 50.2392 -13.5067 13.6474
      vertex 50.3591 -13.2172 12.2048
      vertex 50.2392 -13.5067 12.1422
    endloop
  endfacet
  facet normal -0.923896 0.382643 0
    outer loop
      vertex 50.3591 -13.2172 12.2048
      vertex 50.2392 -13.5067 13.6474
      vertex 50.3591 -13.2172 13.7101
    endloop
  endfacet
  facet normal -0.130554 0.991441 0
    outer loop
      vertex 49.5106 -14.0658 11.7709
      vertex 49.2 -14.1067 13.122
      vertex 49.5106 -14.0658 13.2759
    endloop
  endfacet
  facet normal -0.130554 0.991441 0
    outer loop
      vertex 49.2 -14.1067 13.122
      vertex 49.5106 -14.0658 11.7709
      vertex 49.2 -14.1067 11.6171
    endloop
  endfacet
  facet normal 0.793442 -0.608646 0
    outer loop
      vertex 48.1608 -12.3067 12.6072
      vertex 48.3515 -12.0581 11.1967
      vertex 48.3515 -12.0581 12.7017
    endloop
  endfacet
  facet normal 0.793442 -0.608646 0
    outer loop
      vertex 48.3515 -12.0581 11.1967
      vertex 48.1608 -12.3067 12.6072
      vertex 48.1608 -12.3067 11.1023
    endloop
  endfacet
  facet normal -0.92385 -0.382756 0
    outer loop
      vertex 50.3591 -12.5961 12.2048
      vertex 50.2392 -12.3067 13.6474
      vertex 50.2392 -12.3067 12.1422
    endloop
  endfacet
  facet normal -0.92385 -0.382756 0
    outer loop
      vertex 50.2392 -12.3067 13.6474
      vertex 50.3591 -12.5961 12.2048
      vertex 50.3591 -12.5961 13.7101
    endloop
  endfacet
  facet normal -0.608918 -0.793233 0
    outer loop
      vertex 49.8501 -11.9058 13.444
      vertex 50.0485 -12.0581 12.0425
      vertex 50.0485 -12.0581 13.5478
    endloop
  endfacet
  facet normal -0.60837 -0.793653 0.00012327
    outer loop
      vertex 49.8 -11.8674 13.4192
      vertex 50.0485 -12.0581 12.0425
      vertex 49.8501 -11.9058 13.444
    endloop
  endfacet
  facet normal -0.608851 -0.793285 -1.45886e-05
    outer loop
      vertex 49.8 -11.8674 13.4192
      vertex 49.8601 -11.9135 11.944
      vertex 50.0485 -12.0581 12.0425
    endloop
  endfacet
  facet normal -0.608626 -0.793458 0
    outer loop
      vertex 49.8601 -11.9135 11.944
      vertex 49.8 -11.8674 13.4192
      vertex 49.8 -11.8674 11.9143
    endloop
  endfacet
  facet normal -0.13024 -0.991483 0
    outer loop
      vertex 49.2 -11.7067 13.122
      vertex 49.5106 -11.7475 11.7709
      vertex 49.5106 -11.7475 13.2759
    endloop
  endfacet
  facet normal -0.13024 -0.991483 0
    outer loop
      vertex 49.5106 -11.7475 11.7709
      vertex 49.2 -11.7067 13.122
      vertex 49.2 -11.7067 11.6171
    endloop
  endfacet
  facet normal 0.13024 -0.991483 0
    outer loop
      vertex 48.8894 -11.7475 12.9682
      vertex 49.2 -11.7067 11.6171
      vertex 49.2 -11.7067 13.122
    endloop
  endfacet
  facet normal 0.13024 -0.991483 0
    outer loop
      vertex 49.2 -11.7067 11.6171
      vertex 48.8894 -11.7475 12.9682
      vertex 48.8894 -11.7475 11.4632
    endloop
  endfacet
  facet normal 0.382756 -0.92385 0
    outer loop
      vertex 48.6 -11.8674 12.8248
      vertex 48.8894 -11.7475 11.4632
      vertex 48.8894 -11.7475 12.9682
    endloop
  endfacet
  facet normal 0.382756 -0.92385 0
    outer loop
      vertex 48.8894 -11.7475 11.4632
      vertex 48.6 -11.8674 12.8248
      vertex 48.6 -11.8674 11.3198
    endloop
  endfacet
  facet normal -0.130552 0 0.991442
    outer loop
      vertex 6.5 -2.81284 26.3452
      vertex 7.14703 -0.445016 26.4304
      vertex 6.5 -0.412339 26.3452
    endloop
  endfacet
  facet normal -0.130552 0 0.991442
    outer loop
      vertex 7.14703 -0.445016 26.4304
      vertex 6.5 -2.81284 26.3452
      vertex 7.14703 -2.84552 26.4304
    endloop
  endfacet
  facet normal -0.991445 0 0.130523
    outer loop
      vertex 8.91481 -2.9348 28.1981
      vertex 9 -0.538594 28.8452
      vertex 8.91481 -0.534292 28.1981
    endloop
  endfacet
  facet normal -0.991445 0 0.130523
    outer loop
      vertex 9 -0.538594 28.8452
      vertex 8.91481 -2.9348 28.1981
      vertex 9 -2.9391 28.8452
    endloop
  endfacet
  facet normal -0.382607 0 0.923911
    outer loop
      vertex 7.14703 -2.84552 26.4304
      vertex 7.75 -0.475467 26.6801
      vertex 7.14703 -0.445016 26.4304
    endloop
  endfacet
  facet normal -0.382607 0 0.923911
    outer loop
      vertex 7.75 -0.475467 26.6801
      vertex 7.14703 -2.84552 26.4304
      vertex 7.75 -2.87597 26.6801
    endloop
  endfacet
  facet normal -0.60877 0 0.793347
    outer loop
      vertex 7.75 -2.87597 26.6801
      vertex 8.26776 -0.501615 27.0774
      vertex 7.75 -0.475467 26.6801
    endloop
  endfacet
  facet normal -0.60877 0 0.793347
    outer loop
      vertex 8.26776 -0.501615 27.0774
      vertex 7.75 -2.87597 26.6801
      vertex 8.26776 -2.90212 27.0774
    endloop
  endfacet
  facet normal -0.923863 0 0.382724
    outer loop
      vertex 8.66505 -2.92218 27.5952
      vertex 8.91481 -0.534292 28.1981
      vertex 8.66505 -0.521679 27.5952
    endloop
  endfacet
  facet normal -0.923863 0 0.382724
    outer loop
      vertex 8.91481 -0.534292 28.1981
      vertex 8.66505 -2.92218 27.5952
      vertex 8.91481 -2.9348 28.1981
    endloop
  endfacet
  facet normal -0.793377 0 0.608731
    outer loop
      vertex 8.26776 -2.90212 27.0774
      vertex 8.66505 -0.521679 27.5952
      vertex 8.26776 -0.501615 27.0774
    endloop
  endfacet
  facet normal -0.793377 0 0.608731
    outer loop
      vertex 8.66505 -0.521679 27.5952
      vertex 8.26776 -2.90212 27.0774
      vertex 8.66505 -2.92218 27.5952
    endloop
  endfacet
  facet normal -1 0 0
    outer loop
      vertex 9 -2.9391 28.8452
      vertex 9 -0.538594 30.7584
      vertex 9 -0.538594 28.8452
    endloop
  endfacet
  facet normal -1 0 0
    outer loop
      vertex 9 -2.9391 30.7593
      vertex 9 -0.538594 30.7584
      vertex 9 -2.9391 28.8452
    endloop
  endfacet
  facet normal -1 0 0
    outer loop
      vertex 9 -0.538594 30.7584
      vertex 9 -2.9391 30.7593
      vertex 9 -0.539099 30.7593
    endloop
  endfacet
  facet normal 0.130552 0 0.991442
    outer loop
      vertex -7.14703 -0.445521 26.4304
      vertex -6.5 -2.81335 26.3452
      vertex -6.5 -0.412844 26.3452
    endloop
  endfacet
  facet normal 0.130552 0 0.991442
    outer loop
      vertex -6.5 -2.81335 26.3452
      vertex -7.14703 -0.445521 26.4304
      vertex -7.14703 -2.84603 26.4304
    endloop
  endfacet
  facet normal 0 0 1
    outer loop
      vertex 6.3875 -2.80716 26.3452
      vertex 6.5 -0.412339 26.3452
      vertex 6.3975 -0.407163 26.3452
    endloop
  endfacet
  facet normal 0 0 1
    outer loop
      vertex 6.5 -0.412339 26.3452
      vertex 6.3875 -2.80716 26.3452
      vertex 6.5 -2.81284 26.3452
    endloop
  endfacet
  facet normal 0 0 1
    outer loop
      vertex 0.00499964 -2.70008 26.3452
      vertex 6.3975 -0.407163 26.3452
      vertex 0.00999928 -0.299999 26.3452
    endloop
  endfacet
  facet normal 0 0 1
    outer loop
      vertex 6.3975 -0.407163 26.3452
      vertex 0.00499964 -2.70008 26.3452
      vertex 6.3875 -2.80716 26.3452
    endloop
  endfacet
  facet normal -0 0 1
    outer loop
      vertex 0 -0.299999 26.3452
      vertex 0.00499964 -2.70008 26.3452
      vertex 0.00999928 -0.299999 26.3452
    endloop
  endfacet
  facet normal -0 0 1
    outer loop
      vertex -6.3875 -0.407163 26.3452
      vertex 0.00499964 -2.70008 26.3452
      vertex 0 -0.299999 26.3452
    endloop
  endfacet
  facet normal 0 0 1
    outer loop
      vertex 0.00499964 -2.70008 26.3452
      vertex -6.3875 -0.407163 26.3452
      vertex -6.3775 -2.80716 26.3452
    endloop
  endfacet
  facet normal -0 0 1
    outer loop
      vertex -6.5 -0.412844 26.3452
      vertex -6.3775 -2.80716 26.3452
      vertex -6.3875 -0.407163 26.3452
    endloop
  endfacet
  facet normal 0 0 1
    outer loop
      vertex -6.3775 -2.80716 26.3452
      vertex -6.5 -0.412844 26.3452
      vertex -6.5 -2.81335 26.3452
    endloop
  endfacet
  facet normal 0.923863 0 0.382724
    outer loop
      vertex -8.91481 -0.534797 28.1981
      vertex -8.66505 -2.92269 27.5952
      vertex -8.66505 -0.522184 27.5952
    endloop
  endfacet
  facet normal 0.923863 0 0.382724
    outer loop
      vertex -8.66505 -2.92269 27.5952
      vertex -8.91481 -0.534797 28.1981
      vertex -8.91481 -2.9353 28.1981
    endloop
  endfacet
  facet normal 0.382607 0 0.923911
    outer loop
      vertex -7.75 -0.475972 26.6801
      vertex -7.14703 -2.84603 26.4304
      vertex -7.14703 -0.445521 26.4304
    endloop
  endfacet
  facet normal 0.382607 0 0.923911
    outer loop
      vertex -7.14703 -2.84603 26.4304
      vertex -7.75 -0.475972 26.6801
      vertex -7.75 -2.87648 26.6801
    endloop
  endfacet
  facet normal 0.60877 0 0.793347
    outer loop
      vertex -8.26776 -0.50212 27.0774
      vertex -7.75 -2.87648 26.6801
      vertex -7.75 -0.475972 26.6801
    endloop
  endfacet
  facet normal 0.60877 0 0.793347
    outer loop
      vertex -7.75 -2.87648 26.6801
      vertex -8.26776 -0.50212 27.0774
      vertex -8.26776 -2.90262 27.0774
    endloop
  endfacet
  facet normal 0.991445 0 0.130523
    outer loop
      vertex -9 -0.539099 28.8452
      vertex -8.91481 -2.9353 28.1981
      vertex -8.91481 -0.534797 28.1981
    endloop
  endfacet
  facet normal 0.991445 0 0.130523
    outer loop
      vertex -8.91481 -2.9353 28.1981
      vertex -9 -0.539099 28.8452
      vertex -9 -2.9396 28.8452
    endloop
  endfacet
  facet normal 1 -0 0
    outer loop
      vertex -9 -2.9396 30.7602
      vertex -9 -0.539099 30.7593
      vertex -9 -0.539604 30.7602
    endloop
  endfacet
  facet normal 1 0 0
    outer loop
      vertex -9 -0.539099 30.7593
      vertex -9 -2.9396 30.7602
      vertex -9 -0.539099 28.8452
    endloop
  endfacet
  facet normal 1 0 0
    outer loop
      vertex -9 -0.539099 28.8452
      vertex -9 -2.9396 30.7602
      vertex -9 -2.9396 28.8452
    endloop
  endfacet
  facet normal 0.793377 0 0.608731
    outer loop
      vertex -8.66505 -0.522184 27.5952
      vertex -8.26776 -2.90262 27.0774
      vertex -8.26776 -0.50212 27.0774
    endloop
  endfacet
  facet normal 0.793377 0 0.608731
    outer loop
      vertex -8.26776 -2.90262 27.0774
      vertex -8.66505 -0.522184 27.5952
      vertex -8.66505 -2.92269 27.5952
    endloop
  endfacet
  facet normal 1 -0 0
    outer loop
      vertex -40.6 -7.2173 37.6024
      vertex -40.6 -4.81495 32.1024
      vertex -40.6 -4.81495 37.6024
    endloop
  endfacet
  facet normal 1 0 0
    outer loop
      vertex -40.6 -4.81495 32.1024
      vertex -40.6 -7.2173 37.6024
      vertex -40.6 -7.2173 32.1024
    endloop
  endfacet
  facet normal 0 0 -1
    outer loop
      vertex -39.2099 -6.88999 37.6024
      vertex -39.2199 -4.48998 37.6024
      vertex -39.2099 -4.48998 37.6024
    endloop
  endfacet
  facet normal 0 0 -1
    outer loop
      vertex -40.6 -4.81495 37.6024
      vertex -39.2099 -6.88999 37.6024
      vertex -40.6 -7.2173 37.6024
    endloop
  endfacet
  facet normal 0 0 -1
    outer loop
      vertex -39.2099 -6.88999 37.6024
      vertex -40.6 -4.81495 37.6024
      vertex -39.2199 -4.48998 37.6024
    endloop
  endfacet
  facet normal -0.38265 0 0.923893
    outer loop
      vertex -29.9353 -2.72266 27.7558
      vertex -28.85 -4.9545 28.2053
      vertex -28.85 -2.55294 28.2053
    endloop
  endfacet
  facet normal -0.38265 0 0.923893
    outer loop
      vertex -28.85 -4.9545 28.2053
      vertex -29.9353 -2.72266 27.7558
      vertex -29.9353 -5.12422 27.7558
    endloop
  endfacet
  facet normal -1 0 0
    outer loop
      vertex -26.6 -4.60267 32.1024
      vertex -26.6 -2.2011 33.638
      vertex -26.6 -2.2011 32.1024
    endloop
  endfacet
  facet normal -1 0 0
    outer loop
      vertex -26.6 -4.60267 33.6407
      vertex -26.6 -2.2011 33.638
      vertex -26.6 -4.60267 32.1024
    endloop
  endfacet
  facet normal -1 0 0
    outer loop
      vertex -26.6 -2.2011 33.638
      vertex -26.6 -4.60267 33.6407
      vertex -26.6 -2.20267 33.6407
    endloop
  endfacet
  facet normal 0.38269 0 0.923877
    outer loop
      vertex -38.325 -4.27928 28.195
      vertex -37.2647 -6.4748 27.7558
      vertex -37.2647 -4.07285 27.7558
    endloop
  endfacet
  facet normal 0.382651 -2.24348e-05 0.923893
    outer loop
      vertex -37.2647 -6.4748 27.7558
      vertex -38.325 -4.27928 28.195
      vertex -38.315 -6.67928 28.1908
    endloop
  endfacet
  facet normal 0.380942 -3.07897e-05 0.924599
    outer loop
      vertex -38.35 -4.28517 28.2053
      vertex -38.315 -6.67928 28.1908
      vertex -38.325 -4.27928 28.195
    endloop
  endfacet
  facet normal 0.38274 0 0.923856
    outer loop
      vertex -38.315 -6.67928 28.1908
      vertex -38.35 -4.28517 28.2053
      vertex -38.35 -6.68752 28.2053
    endloop
  endfacet
  facet normal -0.991447 0 0.130507
    outer loop
      vertex -26.7533 -2.22508 30.9378
      vertex -26.6 -4.60267 32.1024
      vertex -26.6 -2.2011 32.1024
    endloop
  endfacet
  facet normal -0.991447 0 0.130507
    outer loop
      vertex -26.6 -4.60267 32.1024
      vertex -26.7533 -2.22508 30.9378
      vertex -26.7533 -4.62665 30.9378
    endloop
  endfacet
  facet normal 0.608789 0 0.793332
    outer loop
      vertex -39.282 -4.50461 28.9205
      vertex -38.35 -6.68752 28.2053
      vertex -38.35 -4.28517 28.2053
    endloop
  endfacet
  facet normal 0.608789 0 0.793332
    outer loop
      vertex -38.35 -6.68752 28.2053
      vertex -39.282 -4.50461 28.9205
      vertex -39.282 -6.90696 28.9205
    endloop
  endfacet
  facet normal -0.13058 0 0.991438
    outer loop
      vertex -31.1 -2.90478 27.6024
      vertex -29.9353 -5.12422 27.7558
      vertex -29.9353 -2.72266 27.7558
    endloop
  endfacet
  facet normal -0.13058 0 0.991438
    outer loop
      vertex -29.9353 -5.12422 27.7558
      vertex -31.1 -2.90478 27.6024
      vertex -31.1 -5.30634 27.6024
    endloop
  endfacet
  facet normal 0.991447 0 0.130507
    outer loop
      vertex -40.6 -4.81495 32.1024
      vertex -40.4467 -7.1812 30.9378
      vertex -40.4467 -4.77884 30.9378
    endloop
  endfacet
  facet normal 0.991447 0 0.130507
    outer loop
      vertex -40.4467 -7.1812 30.9378
      vertex -40.6 -4.81495 32.1024
      vertex -40.6 -7.2173 32.1024
    endloop
  endfacet
  facet normal -0.608789 0 0.793332
    outer loop
      vertex -28.85 -2.55294 28.2053
      vertex -27.918 -4.80877 28.9205
      vertex -27.918 -2.40721 28.9205
    endloop
  endfacet
  facet normal -0.608789 0 0.793332
    outer loop
      vertex -27.918 -4.80877 28.9205
      vertex -28.85 -2.55294 28.2053
      vertex -28.85 -4.9545 28.2053
    endloop
  endfacet
  facet normal -0.923876 0 0.382693
    outer loop
      vertex -27.2029 -2.29538 29.8524
      vertex -26.7533 -4.62665 30.9378
      vertex -26.7533 -2.22508 30.9378
    endloop
  endfacet
  facet normal -0.923876 0 0.382693
    outer loop
      vertex -26.7533 -4.62665 30.9378
      vertex -27.2029 -2.29538 29.8524
      vertex -27.2029 -4.69694 29.8524
    endloop
  endfacet
  facet normal -0.793342 0 0.608776
    outer loop
      vertex -27.918 -2.40721 28.9205
      vertex -27.2029 -4.69694 29.8524
      vertex -27.2029 -2.29538 29.8524
    endloop
  endfacet
  facet normal -0.793342 0 0.608776
    outer loop
      vertex -27.2029 -4.69694 29.8524
      vertex -27.918 -2.40721 28.9205
      vertex -27.918 -4.80877 28.9205
    endloop
  endfacet
  facet normal 0.793342 0 0.608776
    outer loop
      vertex -39.9971 -4.67299 29.8524
      vertex -39.282 -6.90696 28.9205
      vertex -39.282 -4.50461 28.9205
    endloop
  endfacet
  facet normal 0.793342 0 0.608776
    outer loop
      vertex -39.282 -6.90696 28.9205
      vertex -39.9971 -4.67299 29.8524
      vertex -39.9971 -7.07535 29.8524
    endloop
  endfacet
  facet normal -0 0 1
    outer loop
      vertex -31.9375 -3.03574 27.6024
      vertex -31.1 -5.30634 27.6024
      vertex -31.1 -2.90478 27.6024
    endloop
  endfacet
  facet normal 0 0 1
    outer loop
      vertex -31.1 -5.30634 27.6024
      vertex -31.9375 -3.03574 27.6024
      vertex -31.9275 -5.43574 27.6024
    endloop
  endfacet
  facet normal -0 0 1
    outer loop
      vertex -36.1 -3.84611 27.6024
      vertex -31.9275 -5.43574 27.6024
      vertex -31.9375 -3.03574 27.6024
    endloop
  endfacet
  facet normal 0 0 1
    outer loop
      vertex -31.9275 -5.43574 27.6024
      vertex -36.1 -3.84611 27.6024
      vertex -36.1 -6.24806 27.6024
    endloop
  endfacet
  facet normal 0.13058 0 0.991438
    outer loop
      vertex -37.2647 -4.07285 27.7558
      vertex -36.1 -6.24806 27.6024
      vertex -36.1 -3.84611 27.6024
    endloop
  endfacet
  facet normal 0.13058 0 0.991438
    outer loop
      vertex -36.1 -6.24806 27.6024
      vertex -37.2647 -4.07285 27.7558
      vertex -37.2647 -6.4748 27.7558
    endloop
  endfacet
  facet normal 0.923876 0 0.382693
    outer loop
      vertex -40.4467 -4.77884 30.9378
      vertex -39.9971 -7.07535 29.8524
      vertex -39.9971 -4.67299 29.8524
    endloop
  endfacet
  facet normal 0.923876 0 0.382693
    outer loop
      vertex -39.9971 -7.07535 29.8524
      vertex -40.4467 -4.77884 30.9378
      vertex -40.4467 -7.1812 30.9378
    endloop
  endfacet
  facet normal 1 -0 0
    outer loop
      vertex 26.6 -4.6011 33.638
      vertex 26.6 -2.19954 33.6353
      vertex 26.6 -2.2011 33.638
    endloop
  endfacet
  facet normal 1 0 0
    outer loop
      vertex 26.6 -2.19954 33.6353
      vertex 26.6 -4.6011 33.638
      vertex 26.6 -2.19954 32.1024
    endloop
  endfacet
  facet normal 1 0 0
    outer loop
      vertex 26.6 -2.19954 32.1024
      vertex 26.6 -4.6011 33.638
      vertex 26.6 -4.6011 32.1024
    endloop
  endfacet
  facet normal 0 0 -1
    outer loop
      vertex 39.2199 -6.88999 37.6024
      vertex 40.6 -4.81259 37.6024
      vertex 40.6 -7.21495 37.6024
    endloop
  endfacet
  facet normal -0 0 -1
    outer loop
      vertex 40.6 -4.81259 37.6024
      vertex 39.2199 -6.88999 37.6024
      vertex 39.2299 -4.48998 37.6024
    endloop
  endfacet
  facet normal -0 0 -1
    outer loop
      vertex 39.2299 -4.48998 37.6024
      vertex 39.2199 -6.88999 37.6024
      vertex 39.2199 -4.48998 37.6024
    endloop
  endfacet
  facet normal -0.381986 1.28231e-05 0.924168
    outer loop
      vertex 38.325 -6.67928 28.195
      vertex 38.35 -4.28281 28.2053
      vertex 38.335 -4.27928 28.1991
    endloop
  endfacet
  facet normal -0.380936 0 0.924601
    outer loop
      vertex 38.35 -4.28281 28.2053
      vertex 38.325 -6.67928 28.195
      vertex 38.35 -6.68517 28.2053
    endloop
  endfacet
  facet normal -0.382659 0 0.92389
    outer loop
      vertex 37.2647 -6.47285 27.7558
      vertex 38.335 -4.27928 28.1991
      vertex 37.2647 -4.07091 27.7558
    endloop
  endfacet
  facet normal -0.382688 1.62409e-05 0.923878
    outer loop
      vertex 38.335 -4.27928 28.1991
      vertex 37.2647 -6.47285 27.7558
      vertex 38.325 -6.67928 28.195
    endloop
  endfacet
  facet normal -1 0 0
    outer loop
      vertex 40.6 -7.21495 32.1024
      vertex 40.6 -4.81259 37.6024
      vertex 40.6 -4.81259 32.1024
    endloop
  endfacet
  facet normal -1 -0 0
    outer loop
      vertex 40.6 -4.81259 37.6024
      vertex 40.6 -7.21495 32.1024
      vertex 40.6 -7.21495 37.6024
    endloop
  endfacet
  facet normal 0.38265 -0 0.923893
    outer loop
      vertex 28.85 -4.95294 28.2053
      vertex 29.9353 -2.72109 27.7558
      vertex 28.85 -2.55138 28.2053
    endloop
  endfacet
  facet normal 0.38265 0 0.923893
    outer loop
      vertex 29.9353 -2.72109 27.7558
      vertex 28.85 -4.95294 28.2053
      vertex 29.9353 -5.12266 27.7558
    endloop
  endfacet
  facet normal -0.991447 0 0.130507
    outer loop
      vertex 40.4467 -7.17884 30.9378
      vertex 40.6 -4.81259 32.1024
      vertex 40.4467 -4.77649 30.9378
    endloop
  endfacet
  facet normal -0.991447 0 0.130507
    outer loop
      vertex 40.6 -4.81259 32.1024
      vertex 40.4467 -7.17884 30.9378
      vertex 40.6 -7.21495 32.1024
    endloop
  endfacet
  facet normal 0.608789 -0 0.793332
    outer loop
      vertex 27.918 -4.80721 28.9205
      vertex 28.85 -2.55138 28.2053
      vertex 27.918 -2.40564 28.9205
    endloop
  endfacet
  facet normal 0.608789 0 0.793332
    outer loop
      vertex 28.85 -2.55138 28.2053
      vertex 27.918 -4.80721 28.9205
      vertex 28.85 -4.95294 28.2053
    endloop
  endfacet
  facet normal -0.13058 0 0.991438
    outer loop
      vertex 36.1 -6.24611 27.6024
      vertex 37.2647 -4.07091 27.7558
      vertex 36.1 -3.84416 27.6024
    endloop
  endfacet
  facet normal -0.13058 0 0.991438
    outer loop
      vertex 37.2647 -4.07091 27.7558
      vertex 36.1 -6.24611 27.6024
      vertex 37.2647 -6.47285 27.7558
    endloop
  endfacet
  facet normal 0.991447 -0 0.130507
    outer loop
      vertex 26.6 -4.6011 32.1024
      vertex 26.7533 -2.22352 30.9378
      vertex 26.6 -2.19954 32.1024
    endloop
  endfacet
  facet normal 0.991447 0 0.130507
    outer loop
      vertex 26.7533 -2.22352 30.9378
      vertex 26.6 -4.6011 32.1024
      vertex 26.7533 -4.62508 30.9378
    endloop
  endfacet
  facet normal -0.608789 0 0.793332
    outer loop
      vertex 38.35 -6.68517 28.2053
      vertex 39.282 -4.50225 28.9205
      vertex 38.35 -4.28281 28.2053
    endloop
  endfacet
  facet normal -0.608789 0 0.793332
    outer loop
      vertex 39.282 -4.50225 28.9205
      vertex 38.35 -6.68517 28.2053
      vertex 39.282 -6.90461 28.9205
    endloop
  endfacet
  facet normal -0.923876 0 0.382693
    outer loop
      vertex 39.9971 -7.07299 29.8524
      vertex 40.4467 -4.77649 30.9378
      vertex 39.9971 -4.67064 29.8524
    endloop
  endfacet
  facet normal -0.923876 0 0.382693
    outer loop
      vertex 40.4467 -4.77649 30.9378
      vertex 39.9971 -7.07299 29.8524
      vertex 40.4467 -7.17884 30.9378
    endloop
  endfacet
  facet normal -0.793342 0 0.608776
    outer loop
      vertex 39.282 -6.90461 28.9205
      vertex 39.9971 -4.67064 29.8524
      vertex 39.282 -4.50225 28.9205
    endloop
  endfacet
  facet normal -0.793342 0 0.608776
    outer loop
      vertex 39.9971 -4.67064 29.8524
      vertex 39.282 -6.90461 28.9205
      vertex 39.9971 -7.07299 29.8524
    endloop
  endfacet
  facet normal 0.793342 -0 0.608776
    outer loop
      vertex 27.2029 -4.69538 29.8524
      vertex 27.918 -2.40564 28.9205
      vertex 27.2029 -2.29382 29.8524
    endloop
  endfacet
  facet normal 0.793342 0 0.608776
    outer loop
      vertex 27.918 -2.40564 28.9205
      vertex 27.2029 -4.69538 29.8524
      vertex 27.918 -4.80721 28.9205
    endloop
  endfacet
  facet normal 0 0 1
    outer loop
      vertex 31.9375 -5.43574 27.6024
      vertex 36.1 -3.84416 27.6024
      vertex 31.9475 -3.03574 27.6024
    endloop
  endfacet
  facet normal 0 0 1
    outer loop
      vertex 36.1 -3.84416 27.6024
      vertex 31.9375 -5.43574 27.6024
      vertex 36.1 -6.24611 27.6024
    endloop
  endfacet
  facet normal 0 0 1
    outer loop
      vertex 31.1 -5.30478 27.6024
      vertex 31.9475 -3.03574 27.6024
      vertex 31.1 -2.90321 27.6024
    endloop
  endfacet
  facet normal 0 0 1
    outer loop
      vertex 31.9475 -3.03574 27.6024
      vertex 31.1 -5.30478 27.6024
      vertex 31.9375 -5.43574 27.6024
    endloop
  endfacet
  facet normal 0.13058 -0 0.991438
    outer loop
      vertex 29.9353 -5.12266 27.7558
      vertex 31.1 -2.90321 27.6024
      vertex 29.9353 -2.72109 27.7558
    endloop
  endfacet
  facet normal 0.13058 0 0.991438
    outer loop
      vertex 31.1 -2.90321 27.6024
      vertex 29.9353 -5.12266 27.7558
      vertex 31.1 -5.30478 27.6024
    endloop
  endfacet
  facet normal 0.923876 -0 0.382693
    outer loop
      vertex 26.7533 -4.62508 30.9378
      vertex 27.2029 -2.29382 29.8524
      vertex 26.7533 -2.22352 30.9378
    endloop
  endfacet
  facet normal 0.923876 0 0.382693
    outer loop
      vertex 27.2029 -2.29382 29.8524
      vertex 26.7533 -4.62508 30.9378
      vertex 27.2029 -4.69538 29.8524
    endloop
  endfacet
  facet normal 0 1 0
    outer loop
      vertex -6.28769 -0.9 18.9376
      vertex -6.28769 -0.9 19.5669
      vertex -5.91335 -0.9 19.5402
    endloop
  endfacet
  facet normal 0 1 0
    outer loop
      vertex -5.95691 -0.9 18.8984
      vertex -5.91335 -0.9 19.5402
      vertex -5.57158 -0.9 19.4602
    endloop
  endfacet
  facet normal 0 1 0
    outer loop
      vertex -6.60881 -0.9 18.8974
      vertex -6.28769 -0.9 19.5669
      vertex -6.28769 -0.9 18.9376
    endloop
  endfacet
  facet normal 0 1 0
    outer loop
      vertex -5.68068 -0.9 18.7809
      vertex -5.57158 -0.9 19.4602
      vertex -5.26236 -0.9 19.3269
    endloop
  endfacet
  facet normal 0 1 0
    outer loop
      vertex -5.459 -0.9 18.585
      vertex -5.26236 -0.9 19.3269
      vertex -4.99202 -0.9 19.1432
    endloop
  endfacet
  facet normal 0 1 0
    outer loop
      vertex -6.28769 -0.9 19.5669
      vertex -6.60881 -0.9 18.8974
      vertex -6.84479 -0.9 19.508
    endloop
  endfacet
  facet normal 0 1 0
    outer loop
      vertex -6.88141 -0.9 18.7767
      vertex -6.84479 -0.9 19.508
      vertex -6.60881 -0.9 18.8974
    endloop
  endfacet
  facet normal 0 1 0
    outer loop
      vertex -5.459 -0.9 18.585
      vertex -4.99202 -0.9 19.1432
      vertex -4.76688 -0.9 18.9121
    endloop
  endfacet
  facet normal 0 1 0
    outer loop
      vertex -5.91335 -0.9 19.5402
      vertex -5.95691 -0.9 18.8984
      vertex -6.28769 -0.9 18.9376
    endloop
  endfacet
  facet normal 0 1 0
    outer loop
      vertex -5.57158 -0.9 19.4602
      vertex -5.68068 -0.9 18.7809
      vertex -5.95691 -0.9 18.8984
    endloop
  endfacet
  facet normal 0 1 0
    outer loop
      vertex -5.297 -0.9 18.317
      vertex -4.76688 -0.9 18.9121
      vertex -4.58696 -0.9 18.6338
    endloop
  endfacet
  facet normal 0 1 0
    outer loop
      vertex -5.26236 -0.9 19.3269
      vertex -5.459 -0.9 18.585
      vertex -5.68068 -0.9 18.7809
    endloop
  endfacet
  facet normal 0 1 0
    outer loop
      vertex -4.76688 -0.9 18.9121
      vertex -5.297 -0.9 18.317
      vertex -5.459 -0.9 18.585
    endloop
  endfacet
  facet normal 0 1 0
    outer loop
      vertex -4.45586 -0.9 18.3159
      vertex -5.297 -0.9 18.317
      vertex -4.58696 -0.9 18.6338
    endloop
  endfacet
  facet normal 0 1 0
    outer loop
      vertex -4.45586 -0.9 18.3159
      vertex -5.1998 -0.9 17.9834
      vertex -5.297 -0.9 18.317
    endloop
  endfacet
  facet normal 0 1 0
    outer loop
      vertex -4.37718 -0.9 17.9659
      vertex -5.1998 -0.9 17.9834
      vertex -4.45586 -0.9 18.3159
    endloop
  endfacet
  facet normal 0 1 0
    outer loop
      vertex -5.1674 -0.9 17.5841
      vertex -4.37718 -0.9 17.9659
      vertex -4.35097 -0.9 17.5841
    endloop
  endfacet
  facet normal 0 1 0
    outer loop
      vertex -4.37718 -0.9 17.9659
      vertex -5.1674 -0.9 17.5841
      vertex -5.1998 -0.9 17.9834
    endloop
  endfacet
  facet normal 0 1 0
    outer loop
      vertex -4.35097 -0.9 17.5841
      vertex -5.19995 -0.9 17.2015
      vertex -5.1674 -0.9 17.5841
    endloop
  endfacet
  facet normal 0 1 -0
    outer loop
      vertex -4.40778 -0.9 17.0214
      vertex -5.19995 -0.9 17.2015
      vertex -4.35097 -0.9 17.5841
    endloop
  endfacet
  facet normal 0 1 0
    outer loop
      vertex -4.40778 -0.9 17.0214
      vertex -5.29761 -0.9 16.8782
      vertex -5.19995 -0.9 17.2015
    endloop
  endfacet
  facet normal 0 1 -0
    outer loop
      vertex -4.57822 -0.9 16.5449
      vertex -5.29761 -0.9 16.8782
      vertex -4.40778 -0.9 17.0214
    endloop
  endfacet
  facet normal 0 1 -0
    outer loop
      vertex -4.86229 -0.9 16.1546
      vertex -5.29761 -0.9 16.8782
      vertex -4.57822 -0.9 16.5449
    endloop
  endfacet
  facet normal 0 1 0
    outer loop
      vertex -5.29761 -0.9 16.8782
      vertex -4.86229 -0.9 16.1546
      vertex -5.46036 -0.9 16.6144
    endloop
  endfacet
  facet normal 0 1 -0
    outer loop
      vertex -5.2473 -0.9 15.8653
      vertex -5.46036 -0.9 16.6144
      vertex -4.86229 -0.9 16.1546
    endloop
  endfacet
  facet normal 0 1 0
    outer loop
      vertex -5.72061 -0.9 15.6917
      vertex -5.68188 -0.9 16.4192
      vertex -5.2473 -0.9 15.8653
    endloop
  endfacet
  facet normal 0 1 0
    outer loop
      vertex -5.46036 -0.9 16.6144
      vertex -5.2473 -0.9 15.8653
      vertex -5.68188 -0.9 16.4192
    endloop
  endfacet
  facet normal 0 1 0
    outer loop
      vertex -6.84479 -0.9 19.508
      vertex -6.88141 -0.9 18.7767
      vertex -7.3154 -0.9 19.3312
    endloop
  endfacet
  facet normal 0 1 -0
    outer loop
      vertex -7.10548 -0.9 18.5755
      vertex -7.3154 -0.9 19.3312
      vertex -6.88141 -0.9 18.7767
    endloop
  endfacet
  facet normal 0 1 0
    outer loop
      vertex -7.3154 -0.9 19.3312
      vertex -7.10548 -0.9 18.5755
      vertex -7.69952 -0.9 19.0366
    endloop
  endfacet
  facet normal 0 1 -0
    outer loop
      vertex -7.27199 -0.9 18.3044
      vertex -7.69952 -0.9 19.0366
      vertex -7.10548 -0.9 18.5755
    endloop
  endfacet
  facet normal 0 1 0
    outer loop
      vertex -7.69952 -0.9 19.0366
      vertex -7.27199 -0.9 18.3044
      vertex -7.9836 -0.9 18.6395
    endloop
  endfacet
  facet normal 0 1 0
    outer loop
      vertex -7.27199 -0.9 18.3044
      vertex -8.15404 -0.9 18.1554
      vertex -7.9836 -0.9 18.6395
    endloop
  endfacet
  facet normal 0 1 -0
    outer loop
      vertex -7.3719 -0.9 17.9739
      vertex -8.15404 -0.9 18.1554
      vertex -7.27199 -0.9 18.3044
    endloop
  endfacet
  facet normal 0 1 0
    outer loop
      vertex -8.21085 -0.9 17.5841
      vertex -7.3719 -0.9 17.9739
      vertex -7.4052 -0.9 17.5841
    endloop
  endfacet
  facet normal 0 1 0
    outer loop
      vertex -7.3719 -0.9 17.9739
      vertex -8.21085 -0.9 17.5841
      vertex -8.15404 -0.9 18.1554
    endloop
  endfacet
  facet normal 0 1 0
    outer loop
      vertex -7.37265 -0.9 17.1988
      vertex -8.21085 -0.9 17.5841
      vertex -7.4052 -0.9 17.5841
    endloop
  endfacet
  facet normal 0 1 0
    outer loop
      vertex -7.37265 -0.9 17.1988
      vertex -8.15417 -0.9 17.016
      vertex -8.21085 -0.9 17.5841
    endloop
  endfacet
  facet normal 0 1 0
    outer loop
      vertex -7.27502 -0.9 16.8746
      vertex -8.15417 -0.9 17.016
      vertex -7.37265 -0.9 17.1988
    endloop
  endfacet
  facet normal 0 1 0
    outer loop
      vertex -7.70088 -0.9 16.1492
      vertex -7.27502 -0.9 16.8746
      vertex -7.11229 -0.9 16.6117
    endloop
  endfacet
  facet normal 0 1 0
    outer loop
      vertex -7.27502 -0.9 16.8746
      vertex -7.98419 -0.9 16.5377
      vertex -8.15417 -0.9 17.016
    endloop
  endfacet
  facet normal 0 1 0
    outer loop
      vertex -7.3166 -0.9 15.8629
      vertex -7.11229 -0.9 16.6117
      vertex -6.88985 -0.9 16.418
    endloop
  endfacet
  facet normal 0 1 -0
    outer loop
      vertex -6.84373 -0.9 15.6911
      vertex -6.88985 -0.9 16.418
      vertex -6.61317 -0.9 16.3018
    endloop
  endfacet
  facet normal 0 1 0
    outer loop
      vertex -7.27502 -0.9 16.8746
      vertex -7.70088 -0.9 16.1492
      vertex -7.98419 -0.9 16.5377
    endloop
  endfacet
  facet normal 0 1 -0
    outer loop
      vertex -6.28224 -0.9 15.6338
      vertex -6.61317 -0.9 16.3018
      vertex -6.28224 -0.9 16.2631
    endloop
  endfacet
  facet normal 0 1 0
    outer loop
      vertex -5.68188 -0.9 16.4192
      vertex -5.72061 -0.9 15.6917
      vertex -5.95584 -0.9 16.3021
    endloop
  endfacet
  facet normal 0 1 0
    outer loop
      vertex -6.28224 -0.9 15.6338
      vertex -5.95584 -0.9 16.3021
      vertex -5.72061 -0.9 15.6917
    endloop
  endfacet
  facet normal 0 1 0
    outer loop
      vertex -6.61317 -0.9 16.3018
      vertex -6.28224 -0.9 15.6338
      vertex -6.84373 -0.9 15.6911
    endloop
  endfacet
  facet normal 0 1 0
    outer loop
      vertex -5.95584 -0.9 16.3021
      vertex -6.28224 -0.9 15.6338
      vertex -6.28224 -0.9 16.2631
    endloop
  endfacet
  facet normal 0 1 0
    outer loop
      vertex -6.88985 -0.9 16.418
      vertex -6.84373 -0.9 15.6911
      vertex -7.3166 -0.9 15.8629
    endloop
  endfacet
  facet normal 0 1 0
    outer loop
      vertex -7.11229 -0.9 16.6117
      vertex -7.3166 -0.9 15.8629
      vertex -7.70088 -0.9 16.1492
    endloop
  endfacet
  facet normal 0 1 -0
    outer loop
      vertex 4.19302 -0.9 16.2818
      vertex 3.51413 -0.9 16.6971
      vertex 4.28992 -0.9 16.5913
    endloop
  endfacet
  facet normal 0 1 0
    outer loop
      vertex 3.51413 -0.9 16.6971
      vertex 4.19302 -0.9 16.2818
      vertex 3.46065 -0.9 16.5461
    endloop
  endfacet
  facet normal 0 1 -0
    outer loop
      vertex 4.03975 -0.9 16.0368
      vertex 3.46065 -0.9 16.5461
      vertex 4.19302 -0.9 16.2818
    endloop
  endfacet
  facet normal 0 1 0
    outer loop
      vertex 3.46065 -0.9 16.5461
      vertex 4.03975 -0.9 16.0368
      vertex 3.37973 -0.9 16.4223
    endloop
  endfacet
  facet normal 0 1 -0
    outer loop
      vertex 3.83012 -0.9 15.8562
      vertex 3.37973 -0.9 16.4223
      vertex 4.03975 -0.9 16.0368
    endloop
  endfacet
  facet normal 0 1 0
    outer loop
      vertex 3.37973 -0.9 16.4223
      vertex 3.83012 -0.9 15.8562
      vertex 3.27136 -0.9 16.3255
    endloop
  endfacet
  facet normal 0 1 -0
    outer loop
      vertex 3.55301 -0.9 15.7327
      vertex 3.27136 -0.9 16.3255
      vertex 3.83012 -0.9 15.8562
    endloop
  endfacet
  facet normal 0 1 0
    outer loop
      vertex 3.27136 -0.9 16.3255
      vertex 3.55301 -0.9 15.7327
      vertex 3.13168 -0.9 16.2562
    endloop
  endfacet
  facet normal 0 1 -0
    outer loop
      vertex 3.19722 -0.9 15.6585
      vertex 3.13168 -0.9 16.2562
      vertex 3.55301 -0.9 15.7327
    endloop
  endfacet
  facet normal -0 1 0
    outer loop
      vertex 2.30663 -0.9 15.6644
      vertex 2.74652 -0.9 16.2007
      vertex 2.76277 -0.9 15.6338
    endloop
  endfacet
  facet normal 0 1 0
    outer loop
      vertex 3.13168 -0.9 16.2562
      vertex 3.19722 -0.9 15.6585
      vertex 2.95673 -0.9 16.2146
    endloop
  endfacet
  facet normal -0 1 0
    outer loop
      vertex 1.92915 -0.9 15.7562
      vertex 2.74652 -0.9 16.2007
      vertex 2.30663 -0.9 15.6644
    endloop
  endfacet
  facet normal 0 1 0
    outer loop
      vertex 2.76277 -0.9 15.6338
      vertex 2.95673 -0.9 16.2146
      vertex 3.19722 -0.9 15.6585
    endloop
  endfacet
  facet normal -0 1 0
    outer loop
      vertex 1.63033 -0.9 15.9091
      vertex 2.74652 -0.9 16.2007
      vertex 1.92915 -0.9 15.7562
    endloop
  endfacet
  facet normal 0 1 0
    outer loop
      vertex 2.95673 -0.9 16.2146
      vertex 2.76277 -0.9 15.6338
      vertex 2.74652 -0.9 16.2007
    endloop
  endfacet
  facet normal 0 1 0
    outer loop
      vertex 2.74652 -0.9 16.2007
      vertex 1.63033 -0.9 15.9091
      vertex 1.41408 -0.9 16.1196
    endloop
  endfacet
  facet normal 0 1 0
    outer loop
      vertex 3.24574 -0.9 19.5339
      vertex 3.23929 -0.9 18.9108
      vertex 2.77365 -0.9 18.9675
    endloop
  endfacet
  facet normal 0 1 0
    outer loop
      vertex 3.51868 -0.9 18.7408
      vertex 4.20522 -0.9 19.0425
      vertex 4.34402 -0.9 18.7563
    endloop
  endfacet
  facet normal 0 1 0
    outer loop
      vertex 3.97388 -0.9 19.2699
      vertex 3.51868 -0.9 18.7408
      vertex 3.23929 -0.9 18.9108
    endloop
  endfacet
  facet normal 0 1 0
    outer loop
      vertex 4.34402 -0.9 18.7563
      vertex 3.6118 -0.9 18.4575
      vertex 3.51868 -0.9 18.7408
    endloop
  endfacet
  facet normal 0 1 0
    outer loop
      vertex 4.39029 -0.9 18.4114
      vertex 3.6118 -0.9 18.4575
      vertex 4.34402 -0.9 18.7563
    endloop
  endfacet
  facet normal 0 1 0
    outer loop
      vertex 4.39029 -0.9 18.4114
      vertex 3.6011 -0.9 18.3553
      vertex 3.6118 -0.9 18.4575
    endloop
  endfacet
  facet normal 0 1 -0
    outer loop
      vertex 4.38214 -0.9 18.2584
      vertex 3.6011 -0.9 18.3553
      vertex 4.39029 -0.9 18.4114
    endloop
  endfacet
  facet normal 0 1 -0
    outer loop
      vertex 4.35773 -0.9 18.1179
      vertex 3.6011 -0.9 18.3553
      vertex 4.38214 -0.9 18.2584
    endloop
  endfacet
  facet normal 0 1 0
    outer loop
      vertex 3.6011 -0.9 18.3553
      vertex 4.35773 -0.9 18.1179
      vertex 3.569 -0.9 18.2658
    endloop
  endfacet
  facet normal 0 1 -0
    outer loop
      vertex 4.31705 -0.9 17.9896
      vertex 3.569 -0.9 18.2658
      vertex 4.35773 -0.9 18.1179
    endloop
  endfacet
  facet normal 0 1 -0
    outer loop
      vertex 4.26099 -0.9 17.8733
      vertex 3.569 -0.9 18.2658
      vertex 4.31705 -0.9 17.9896
    endloop
  endfacet
  facet normal 0 1 -0
    outer loop
      vertex 4.19044 -0.9 17.7684
      vertex 3.569 -0.9 18.2658
      vertex 4.26099 -0.9 17.8733
    endloop
  endfacet
  facet normal 0 1 0
    outer loop
      vertex 3.569 -0.9 18.2658
      vertex 4.19044 -0.9 17.7684
      vertex 3.51549 -0.9 18.189
    endloop
  endfacet
  facet normal 0 1 -0
    outer loop
      vertex 4.10544 -0.9 17.6749
      vertex 3.51549 -0.9 18.189
      vertex 4.19044 -0.9 17.7684
    endloop
  endfacet
  facet normal 0 1 -0
    outer loop
      vertex 4.00223 -0.9 17.5909
      vertex 3.51549 -0.9 18.189
      vertex 4.10544 -0.9 17.6749
    endloop
  endfacet
  facet normal 0 1 -0
    outer loop
      vertex 3.877 -0.9 17.514
      vertex 3.51549 -0.9 18.189
      vertex 4.00223 -0.9 17.5909
    endloop
  endfacet
  facet normal 0 1 0
    outer loop
      vertex 3.51549 -0.9 18.189
      vertex 3.877 -0.9 17.514
      vertex 3.44255 -0.9 18.1224
    endloop
  endfacet
  facet normal 0 1 -0
    outer loop
      vertex 3.72977 -0.9 17.4444
      vertex 3.44255 -0.9 18.1224
      vertex 3.877 -0.9 17.514
    endloop
  endfacet
  facet normal 0 1 -0
    outer loop
      vertex 3.27408 -0.9 17.3046
      vertex 3.24425 -0.9 18.0127
      vertex 3.53674 -0.9 17.3764
    endloop
  endfacet
  facet normal 0 1 0
    outer loop
      vertex 3.44255 -0.9 18.1224
      vertex 3.72977 -0.9 17.4444
      vertex 3.35214 -0.9 18.0636
    endloop
  endfacet
  facet normal 0 1 0
    outer loop
      vertex 3.09189 -0.9 17.9623
      vertex 3.27408 -0.9 17.3046
      vertex 2.86812 -0.9 17.9054
    endloop
  endfacet
  facet normal 0 1 0
    outer loop
      vertex 2.86812 -0.9 17.9054
      vertex 2.9418 -0.9 17.2288
      vertex 2.57292 -0.9 17.8417
    endloop
  endfacet
  facet normal 0 1 -0
    outer loop
      vertex 3.53674 -0.9 17.3764
      vertex 3.35214 -0.9 18.0636
      vertex 3.72977 -0.9 17.4444
    endloop
  endfacet
  facet normal 0 1 -0
    outer loop
      vertex 2.66724 -0.9 17.1656
      vertex 2.57292 -0.9 17.8417
      vertex 2.9418 -0.9 17.2288
    endloop
  endfacet
  facet normal 0 1 0
    outer loop
      vertex 3.35214 -0.9 18.0636
      vertex 3.53674 -0.9 17.3764
      vertex 3.24425 -0.9 18.0127
    endloop
  endfacet
  facet normal 0 1 0
    outer loop
      vertex 2.57292 -0.9 17.8417
      vertex 2.66724 -0.9 17.1656
      vertex 2.31613 -0.9 17.7792
    endloop
  endfacet
  facet normal 0 1 -0
    outer loop
      vertex 2.46198 -0.9 17.11
      vertex 2.31613 -0.9 17.7792
      vertex 2.66724 -0.9 17.1656
    endloop
  endfacet
  facet normal 0 1 0
    outer loop
      vertex 3.24425 -0.9 18.0127
      vertex 3.27408 -0.9 17.3046
      vertex 3.09189 -0.9 17.9623
    endloop
  endfacet
  facet normal 0 1 0
    outer loop
      vertex 2.31613 -0.9 17.7792
      vertex 2.46198 -0.9 17.11
      vertex 2.11719 -0.9 17.7254
    endloop
  endfacet
  facet normal 0 1 -0
    outer loop
      vertex 2.9418 -0.9 17.2288
      vertex 2.86812 -0.9 17.9054
      vertex 3.27408 -0.9 17.3046
    endloop
  endfacet
  facet normal 0 1 -0
    outer loop
      vertex 2.32605 -0.9 17.062
      vertex 2.11719 -0.9 17.7254
      vertex 2.46198 -0.9 17.11
    endloop
  endfacet
  facet normal 0 1 0
    outer loop
      vertex 2.11719 -0.9 17.7254
      vertex 2.32605 -0.9 17.062
      vertex 1.97612 -0.9 17.6804
    endloop
  endfacet
  facet normal 0 1 -0
    outer loop
      vertex 2.23308 -0.9 17.0145
      vertex 1.97612 -0.9 17.6804
      vertex 2.32605 -0.9 17.062
    endloop
  endfacet
  facet normal 0 1 0
    outer loop
      vertex 1.97612 -0.9 17.6804
      vertex 2.23308 -0.9 17.0145
      vertex 1.86763 -0.9 17.6373
    endloop
  endfacet
  facet normal 0 1 -0
    outer loop
      vertex 2.15668 -0.9 16.9607
      vertex 1.86763 -0.9 17.6373
      vertex 2.23308 -0.9 17.0145
    endloop
  endfacet
  facet normal 0 1 0
    outer loop
      vertex 1.86763 -0.9 17.6373
      vertex 2.15668 -0.9 16.9607
      vertex 1.76636 -0.9 17.5894
    endloop
  endfacet
  facet normal 0 1 0
    outer loop
      vertex 1.76636 -0.9 17.5894
      vertex 2.15668 -0.9 16.9607
      vertex 1.67232 -0.9 17.5366
    endloop
  endfacet
  facet normal 0 1 -0
    outer loop
      vertex 2.09685 -0.9 16.9006
      vertex 1.67232 -0.9 17.5366
      vertex 2.15668 -0.9 16.9607
    endloop
  endfacet
  facet normal 0 1 0
    outer loop
      vertex 1.67232 -0.9 17.5366
      vertex 2.09685 -0.9 16.9006
      vertex 1.58644 -0.9 17.4777
    endloop
  endfacet
  facet normal 0 1 0
    outer loop
      vertex 1.58644 -0.9 17.4777
      vertex 2.09685 -0.9 16.9006
      vertex 1.50958 -0.9 17.4112
    endloop
  endfacet
  facet normal 0 1 0
    outer loop
      vertex 1.50958 -0.9 17.4112
      vertex 2.09685 -0.9 16.9006
      vertex 1.44176 -0.9 17.3372
    endloop
  endfacet
  facet normal 0 1 -0
    outer loop
      vertex 2.05391 -0.9 16.8312
      vertex 1.44176 -0.9 17.3372
      vertex 2.09685 -0.9 16.9006
    endloop
  endfacet
  facet normal 0 1 0
    outer loop
      vertex 1.44176 -0.9 17.3372
      vertex 2.05391 -0.9 16.8312
      vertex 1.38315 -0.9 17.255
    endloop
  endfacet
  facet normal 0 1 0
    outer loop
      vertex 1.38315 -0.9 17.255
      vertex 2.05391 -0.9 16.8312
      vertex 1.33389 -0.9 17.1636
    endloop
  endfacet
  facet normal 0 1 0
    outer loop
      vertex 1.33389 -0.9 17.1636
      vertex 2.05391 -0.9 16.8312
      vertex 1.29396 -0.9 17.0633
    endloop
  endfacet
  facet normal 0 1 -0
    outer loop
      vertex 2.02815 -0.9 16.7498
      vertex 1.29396 -0.9 17.0633
      vertex 2.05391 -0.9 16.8312
    endloop
  endfacet
  facet normal 0 1 0
    outer loop
      vertex 1.29396 -0.9 17.0633
      vertex 2.02815 -0.9 16.7498
      vertex 1.26459 -0.9 16.9533
    endloop
  endfacet
  facet normal 0 1 0
    outer loop
      vertex 1.26459 -0.9 16.9533
      vertex 2.02815 -0.9 16.7498
      vertex 1.24696 -0.9 16.833
    endloop
  endfacet
  facet normal 0 1 0
    outer loop
      vertex 2.02815 -0.9 16.7498
      vertex 1.24109 -0.9 16.7025
      vertex 1.24696 -0.9 16.833
    endloop
  endfacet
  facet normal 0 1 -0
    outer loop
      vertex 2.01956 -0.9 16.6564
      vertex 1.24109 -0.9 16.7025
      vertex 2.02815 -0.9 16.7498
    endloop
  endfacet
  facet normal 0 1 0
    outer loop
      vertex 1.41408 -0.9 16.1196
      vertex 2.01956 -0.9 16.6564
      vertex 2.10034 -0.9 16.4032
    endloop
  endfacet
  facet normal 0 1 0
    outer loop
      vertex 2.01956 -0.9 16.6564
      vertex 1.28433 -0.9 16.3841
      vertex 1.24109 -0.9 16.7025
    endloop
  endfacet
  facet normal 0 1 0
    outer loop
      vertex 1.41408 -0.9 16.1196
      vertex 2.10034 -0.9 16.4032
      vertex 2.34265 -0.9 16.2514
    endloop
  endfacet
  facet normal 0 1 0
    outer loop
      vertex 2.01956 -0.9 16.6564
      vertex 1.41408 -0.9 16.1196
      vertex 1.28433 -0.9 16.3841
    endloop
  endfacet
  facet normal 0 1 0
    outer loop
      vertex 1.41408 -0.9 16.1196
      vertex 2.34265 -0.9 16.2514
      vertex 2.74652 -0.9 16.2007
    endloop
  endfacet
  facet normal 0 1 -0
    outer loop
      vertex 2.77365 -0.9 18.9675
      vertex 2.75192 -0.9 19.5669
      vertex 3.24574 -0.9 19.5339
    endloop
  endfacet
  facet normal 0 1 0
    outer loop
      vertex 2.52379 -0.9 18.9522
      vertex 2.75192 -0.9 19.5669
      vertex 2.77365 -0.9 18.9675
    endloop
  endfacet
  facet normal 0 1 0
    outer loop
      vertex 3.23929 -0.9 18.9108
      vertex 3.24574 -0.9 19.5339
      vertex 3.65306 -0.9 19.4349
    endloop
  endfacet
  facet normal 0 1 0
    outer loop
      vertex 2.75192 -0.9 19.5669
      vertex 2.52379 -0.9 18.9522
      vertex 2.29713 -0.9 19.538
    endloop
  endfacet
  facet normal 0 1 0
    outer loop
      vertex 3.23929 -0.9 18.9108
      vertex 3.65306 -0.9 19.4349
      vertex 3.97388 -0.9 19.2699
    endloop
  endfacet
  facet normal 0 1 -0
    outer loop
      vertex 2.31311 -0.9 18.9066
      vertex 2.29713 -0.9 19.538
      vertex 2.52379 -0.9 18.9522
    endloop
  endfacet
  facet normal 0 1 0
    outer loop
      vertex 3.51868 -0.9 18.7408
      vertex 3.97388 -0.9 19.2699
      vertex 4.20522 -0.9 19.0425
    endloop
  endfacet
  facet normal 0 1 0
    outer loop
      vertex 2.29713 -0.9 19.538
      vertex 2.31311 -0.9 18.9066
      vertex 1.91287 -0.9 19.4512
    endloop
  endfacet
  facet normal 0 1 -0
    outer loop
      vertex 2.1416 -0.9 18.8305
      vertex 1.91287 -0.9 19.4512
      vertex 2.31311 -0.9 18.9066
    endloop
  endfacet
  facet normal 0 1 0
    outer loop
      vertex 1.91287 -0.9 19.4512
      vertex 2.1416 -0.9 18.8305
      vertex 1.59912 -0.9 19.3065
    endloop
  endfacet
  facet normal 0 1 -0
    outer loop
      vertex 2.00629 -0.9 18.7206
      vertex 1.59912 -0.9 19.3065
      vertex 2.1416 -0.9 18.8305
    endloop
  endfacet
  facet normal 0 1 0
    outer loop
      vertex 1.59912 -0.9 19.3065
      vertex 2.00629 -0.9 18.7206
      vertex 1.35379 -0.9 19.1031
    endloop
  endfacet
  facet normal 0 1 -0
    outer loop
      vertex 1.90413 -0.9 18.5737
      vertex 1.35379 -0.9 19.1031
      vertex 2.00629 -0.9 18.7206
    endloop
  endfacet
  facet normal 0 1 0
    outer loop
      vertex 1.35379 -0.9 19.1031
      vertex 1.90413 -0.9 18.5737
      vertex 1.17477 -0.9 18.84
    endloop
  endfacet
  facet normal 0 1 -0
    outer loop
      vertex 1.83513 -0.9 18.3897
      vertex 1.17477 -0.9 18.84
      vertex 1.90413 -0.9 18.5737
    endloop
  endfacet
  facet normal 0 1 0
    outer loop
      vertex 1.17477 -0.9 18.84
      vertex 1.83513 -0.9 18.3897
      vertex 1.06204 -0.9 18.5172
    endloop
  endfacet
  facet normal 0 1 0
    outer loop
      vertex 0.0317841 -0.9 19.5127
      vertex -0.464569 -0.9 18.7559
      vertex -0.917557 -0.9 19.5127
    endloop
  endfacet
  facet normal 0 1 0
    outer loop
      vertex 0.0317841 -0.9 19.5127
      vertex -0.396759 -0.9 18.4412
      vertex -0.464569 -0.9 18.7559
    endloop
  endfacet
  facet normal 0 1 0
    outer loop
      vertex 0.0317841 -0.9 19.5127
      vertex -0.253006 -0.9 17.8173
      vertex -0.396759 -0.9 18.4412
    endloop
  endfacet
  facet normal 0 1 0
    outer loop
      vertex 1.01913 -0.9 15.6908
      vertex -0.253006 -0.9 17.8173
      vertex 0.0317841 -0.9 19.5127
    endloop
  endfacet
  facet normal 0 1 0
    outer loop
      vertex -0.253006 -0.9 17.8173
      vertex 1.01913 -0.9 15.6908
      vertex 0.208099 -0.9 15.6908
    endloop
  endfacet
  facet normal 0 1 -0
    outer loop
      vertex -0.546249 -0.9 18.2845
      vertex -0.917557 -0.9 19.5127
      vertex -0.464569 -0.9 18.7559
    endloop
  endfacet
  facet normal 0 1 0
    outer loop
      vertex -1.43564 -0.9 17.302
      vertex -0.546249 -0.9 18.2845
      vertex -0.610443 -0.9 17.9409
    endloop
  endfacet
  facet normal 0 1 0
    outer loop
      vertex -1.43564 -0.9 17.302
      vertex -0.610443 -0.9 17.9409
      vertex -0.657166 -0.9 17.7251
    endloop
  endfacet
  facet normal 0 1 0
    outer loop
      vertex -0.546249 -0.9 18.2845
      vertex -1.43564 -0.9 17.302
      vertex -0.917557 -0.9 19.5127
    endloop
  endfacet
  facet normal 0 1 0
    outer loop
      vertex -0.657166 -0.9 17.7251
      vertex -1.49564 -0.9 17.0377
      vertex -1.43564 -0.9 17.302
    endloop
  endfacet
  facet normal 0 1 0
    outer loop
      vertex -0.657166 -0.9 17.7251
      vertex -1.54898 -0.9 16.7655
      vertex -1.49564 -0.9 17.0377
    endloop
  endfacet
  facet normal 0 1 -0
    outer loop
      vertex -1.14 -0.9 15.6908
      vertex -1.54898 -0.9 16.7655
      vertex -0.657166 -0.9 17.7251
    endloop
  endfacet
  facet normal 0 1 0
    outer loop
      vertex -1.54898 -0.9 16.7655
      vertex -1.14 -0.9 15.6908
      vertex -1.59569 -0.9 16.4855
    endloop
  endfacet
  facet normal 0 1 0
    outer loop
      vertex -2.27925 -0.9 19.5127
      vertex -2.72409 -0.9 18.7559
      vertex -3.22861 -0.9 19.5127
    endloop
  endfacet
  facet normal 0 1 0
    outer loop
      vertex -1.97635 -0.9 18.2141
      vertex -2.72409 -0.9 18.7559
      vertex -2.27925 -0.9 19.5127
    endloop
  endfacet
  facet normal 0 1 0
    outer loop
      vertex -2.72409 -0.9 18.7559
      vertex -1.97635 -0.9 18.2141
      vertex -2.67392 -0.9 18.5083
    endloop
  endfacet
  facet normal 0 1 0
    outer loop
      vertex -2.67392 -0.9 18.5083
      vertex -1.97635 -0.9 18.2141
      vertex -2.62465 -0.9 18.2682
    endloop
  endfacet
  facet normal 0 1 0
    outer loop
      vertex -1.97635 -0.9 18.2141
      vertex -2.57628 -0.9 18.0357
      vertex -2.62465 -0.9 18.2682
    endloop
  endfacet
  facet normal 0 1 0
    outer loop
      vertex -1.97635 -0.9 18.2141
      vertex -2.48419 -0.9 17.6227
      vertex -2.57628 -0.9 18.0357
    endloop
  endfacet
  facet normal 0 1 0
    outer loop
      vertex -1.78375 -0.9 17.3855
      vertex -2.48419 -0.9 17.6227
      vertex -1.97635 -0.9 18.2141
    endloop
  endfacet
  facet normal 0 1 0
    outer loop
      vertex -2.3038 -0.9 16.841
      vertex -1.78375 -0.9 17.3855
      vertex -1.70148 -0.9 17.0267
    endloop
  endfacet
  facet normal 0 1 0
    outer loop
      vertex -2.3038 -0.9 16.841
      vertex -1.70148 -0.9 17.0267
      vertex -1.67165 -0.9 16.884
    endloop
  endfacet
  facet normal 0 1 0
    outer loop
      vertex -1.78375 -0.9 17.3855
      vertex -2.3038 -0.9 16.841
      vertex -2.48419 -0.9 17.6227
    endloop
  endfacet
  facet normal 0 1 0
    outer loop
      vertex -1.63638 -0.9 16.7036
      vertex -2.3038 -0.9 16.841
      vertex -1.67165 -0.9 16.884
    endloop
  endfacet
  facet normal 0 1 0
    outer loop
      vertex -1.59569 -0.9 16.4855
      vertex -2.3038 -0.9 16.841
      vertex -1.63638 -0.9 16.7036
    endloop
  endfacet
  facet normal 0 1 0
    outer loop
      vertex -2.03513 -0.9 15.6908
      vertex -1.59569 -0.9 16.4855
      vertex -1.14 -0.9 15.6908
    endloop
  endfacet
  facet normal 0 1 0
    outer loop
      vertex -1.59569 -0.9 16.4855
      vertex -2.03513 -0.9 15.6908
      vertex -2.3038 -0.9 16.841
    endloop
  endfacet
  facet normal 0 1 -0
    outer loop
      vertex -2.84888 -0.9 18.1591
      vertex -3.22861 -0.9 19.5127
      vertex -2.72409 -0.9 18.7559
    endloop
  endfacet
  facet normal 0 1 0
    outer loop
      vertex -4.21324 -0.9 15.6908
      vertex -2.84888 -0.9 18.1591
      vertex -3.40221 -0.9 15.6908
    endloop
  endfacet
  facet normal 0 1 0
    outer loop
      vertex -2.84888 -0.9 18.1591
      vertex -4.21324 -0.9 15.6908
      vertex -3.22861 -0.9 19.5127
    endloop
  endfacet
  facet normal 0 1 0
    outer loop
      vertex 8.15816 -0.9 19.5127
      vertex 7.35796 -0.9 17.8743
      vertex 7.35796 -0.9 19.5127
    endloop
  endfacet
  facet normal 0 1 0
    outer loop
      vertex 7.35796 -0.9 17.8743
      vertex 7.35796 -0.9 17.2125
      vertex 5.69247 -0.9 17.8743
    endloop
  endfacet
  facet normal 0 1 -0
    outer loop
      vertex 8.15816 -0.9 15.6908
      vertex 7.35796 -0.9 17.8743
      vertex 8.15816 -0.9 19.5127
    endloop
  endfacet
  facet normal 0 1 0
    outer loop
      vertex 7.35796 -0.9 17.8743
      vertex 8.15816 -0.9 15.6908
      vertex 7.35796 -0.9 17.2125
    endloop
  endfacet
  facet normal 0 1 0
    outer loop
      vertex 7.35796 -0.9 17.2125
      vertex 8.15816 -0.9 15.6908
      vertex 7.35796 -0.9 15.6908
    endloop
  endfacet
  facet normal 0 1 -0
    outer loop
      vertex 5.69247 -0.9 17.8743
      vertex 4.89227 -0.9 19.5127
      vertex 5.69247 -0.9 19.5127
    endloop
  endfacet
  facet normal 0 1 0
    outer loop
      vertex 5.69247 -0.9 17.2125
      vertex 5.69247 -0.9 17.8743
      vertex 7.35796 -0.9 17.2125
    endloop
  endfacet
  facet normal 0 1 0
    outer loop
      vertex 4.89227 -0.9 15.6908
      vertex 5.69247 -0.9 17.8743
      vertex 5.69247 -0.9 17.2125
    endloop
  endfacet
  facet normal 0 1 0
    outer loop
      vertex 4.89227 -0.9 15.6908
      vertex 5.69247 -0.9 17.2125
      vertex 5.69247 -0.9 15.6908
    endloop
  endfacet
  facet normal 0 1 0
    outer loop
      vertex 5.69247 -0.9 17.8743
      vertex 4.89227 -0.9 15.6908
      vertex 4.89227 -0.9 19.5127
    endloop
  endfacet
  facet normal -0.227915 -0 -0.973681
    outer loop
      vertex -5.91335 -0.399208 19.5402
      vertex -5.57158 -0.9 19.4602
      vertex -5.91335 -0.9 19.5402
    endloop
  endfacet
  facet normal -0.227915 0 -0.973681
    outer loop
      vertex -5.57158 -0.9 19.4602
      vertex -5.91335 -0.399208 19.5402
      vertex -5.57158 -0.393474 19.4602
    endloop
  endfacet
  facet normal -0.395868 -0 -0.918307
    outer loop
      vertex -5.57158 -0.393474 19.4602
      vertex -5.26236 -0.9 19.3269
      vertex -5.57158 -0.9 19.4602
    endloop
  endfacet
  facet normal -0.395868 0 -0.918307
    outer loop
      vertex -5.26236 -0.9 19.3269
      vertex -5.57158 -0.393474 19.4602
      vertex -5.26236 -0.388286 19.3269
    endloop
  endfacet
  facet normal -0.562036 -0 -0.827113
    outer loop
      vertex -5.26236 -0.388286 19.3269
      vertex -4.99202 -0.9 19.1432
      vertex -5.26236 -0.9 19.3269
    endloop
  endfacet
  facet normal -0.562036 0 -0.827113
    outer loop
      vertex -4.99202 -0.9 19.1432
      vertex -5.26236 -0.388286 19.3269
      vertex -4.99202 -0.383751 19.1432
    endloop
  endfacet
  facet normal -0.716283 0 -0.69781
    outer loop
      vertex -4.76688 -0.9 18.9121
      vertex -4.99202 -0.383751 19.1432
      vertex -4.76688 -0.379973 18.9121
    endloop
  endfacet
  facet normal -0.716283 -0 -0.69781
    outer loop
      vertex -4.99202 -0.383751 19.1432
      vertex -4.76688 -0.9 18.9121
      vertex -4.99202 -0.9 19.1432
    endloop
  endfacet
  facet normal -0.839785 0 -0.542918
    outer loop
      vertex -4.58696 -0.9 18.6338
      vertex -4.76688 -0.379973 18.9121
      vertex -4.58696 -0.376955 18.6338
    endloop
  endfacet
  facet normal -0.839785 -0 -0.542918
    outer loop
      vertex -4.76688 -0.379973 18.9121
      vertex -4.58696 -0.9 18.6338
      vertex -4.76688 -0.9 18.9121
    endloop
  endfacet
  facet normal -0.924473 0 -0.381247
    outer loop
      vertex -4.45586 -0.9 18.3159
      vertex -4.58696 -0.376955 18.6338
      vertex -4.45586 -0.374755 18.3159
    endloop
  endfacet
  facet normal -0.924473 -0 -0.381247
    outer loop
      vertex -4.58696 -0.376955 18.6338
      vertex -4.45586 -0.9 18.3159
      vertex -4.58696 -0.9 18.6338
    endloop
  endfacet
  facet normal -0.975652 0 -0.219326
    outer loop
      vertex -4.37718 -0.9 17.9659
      vertex -4.45586 -0.374755 18.3159
      vertex -4.37718 -0.373435 17.9659
    endloop
  endfacet
  facet normal -0.975652 -0 -0.219326
    outer loop
      vertex -4.45586 -0.374755 18.3159
      vertex -4.37718 -0.9 17.9659
      vertex -4.45586 -0.9 18.3159
    endloop
  endfacet
  facet normal -0.997652 0 -0.0684873
    outer loop
      vertex -4.35097 -0.9 17.5841
      vertex -4.37718 -0.373435 17.9659
      vertex -4.35097 -0.372996 17.5841
    endloop
  endfacet
  facet normal -0.997652 -0 -0.0684873
    outer loop
      vertex -4.37718 -0.373435 17.9659
      vertex -4.35097 -0.9 17.5841
      vertex -4.37718 -0.9 17.9659
    endloop
  endfacet
  facet normal -0.994942 0 0.100449
    outer loop
      vertex -4.40778 -0.9 17.0214
      vertex -4.35097 -0.372996 17.5841
      vertex -4.40778 -0.373949 17.0214
    endloop
  endfacet
  facet normal -0.994942 0 0.100449
    outer loop
      vertex -4.35097 -0.372996 17.5841
      vertex -4.40778 -0.9 17.0214
      vertex -4.35097 -0.9 17.5841
    endloop
  endfacet
  facet normal -0.941578 0 0.336795
    outer loop
      vertex -4.57822 -0.9 16.5449
      vertex -4.40778 -0.373949 17.0214
      vertex -4.57822 -0.376808 16.5449
    endloop
  endfacet
  facet normal -0.941578 0 0.336795
    outer loop
      vertex -4.40778 -0.373949 17.0214
      vertex -4.57822 -0.9 16.5449
      vertex -4.40778 -0.9 17.0214
    endloop
  endfacet
  facet normal -0.808524 0 0.588464
    outer loop
      vertex -4.57822 -0.9 16.5449
      vertex -4.86229 -0.381574 16.1546
      vertex -4.86229 -0.9 16.1546
    endloop
  endfacet
  facet normal -0.808524 0 0.588464
    outer loop
      vertex -4.86229 -0.381574 16.1546
      vertex -4.57822 -0.9 16.5449
      vertex -4.57822 -0.376808 16.5449
    endloop
  endfacet
  facet normal -0.600721 0 0.799459
    outer loop
      vertex -5.2473 -0.388033 15.8653
      vertex -4.86229 -0.9 16.1546
      vertex -4.86229 -0.381574 16.1546
    endloop
  endfacet
  facet normal -0.600721 0 0.799459
    outer loop
      vertex -4.86229 -0.9 16.1546
      vertex -5.2473 -0.388033 15.8653
      vertex -5.2473 -0.9 15.8653
    endloop
  endfacet
  facet normal -0.344347 0 0.938842
    outer loop
      vertex -5.72061 -0.395974 15.6917
      vertex -5.2473 -0.9 15.8653
      vertex -5.2473 -0.388033 15.8653
    endloop
  endfacet
  facet normal -0.344347 0 0.938842
    outer loop
      vertex -5.2473 -0.9 15.8653
      vertex -5.72061 -0.395974 15.6917
      vertex -5.72061 -0.9 15.6917
    endloop
  endfacet
  facet normal -0.102549 0 0.994728
    outer loop
      vertex -6.28224 -0.405397 15.6338
      vertex -5.72061 -0.9 15.6917
      vertex -5.72061 -0.395974 15.6917
    endloop
  endfacet
  facet normal -0.102549 0 0.994728
    outer loop
      vertex -5.72061 -0.9 15.6917
      vertex -6.28224 -0.405397 15.6338
      vertex -6.28224 -0.9 15.6338
    endloop
  endfacet
  facet normal 0.101132 0 0.994873
    outer loop
      vertex -6.3875 -0.407163 15.6445
      vertex -6.28224 -0.9 15.6338
      vertex -6.28224 -0.405397 15.6338
    endloop
  endfacet
  facet normal 0.101613 -0 0.994824
    outer loop
      vertex -6.84373 -0.9 15.6911
      vertex -6.3875 -0.407163 15.6445
      vertex -6.84373 -0.430203 15.6911
    endloop
  endfacet
  facet normal 0.101523 8.43219e-05 0.994833
    outer loop
      vertex -6.3875 -0.407163 15.6445
      vertex -6.84373 -0.9 15.6911
      vertex -6.28224 -0.9 15.6338
    endloop
  endfacet
  facet normal 0.341475 0 0.939891
    outer loop
      vertex -7.3166 -0.454084 15.8629
      vertex -6.84373 -0.9 15.6911
      vertex -6.84373 -0.430203 15.6911
    endloop
  endfacet
  facet normal 0.341475 0 0.939891
    outer loop
      vertex -6.84373 -0.9 15.6911
      vertex -7.3166 -0.454084 15.8629
      vertex -7.3166 -0.9 15.8629
    endloop
  endfacet
  facet normal 0.597446 0 0.801909
    outer loop
      vertex -7.70088 -0.473491 16.1492
      vertex -7.3166 -0.9 15.8629
      vertex -7.3166 -0.454084 15.8629
    endloop
  endfacet
  facet normal 0.597446 0 0.801909
    outer loop
      vertex -7.3166 -0.9 15.8629
      vertex -7.70088 -0.473491 16.1492
      vertex -7.70088 -0.9 16.1492
    endloop
  endfacet
  facet normal 0.807979 0 0.589211
    outer loop
      vertex -7.70088 -0.9 16.1492
      vertex -7.98419 -0.487799 16.5377
      vertex -7.98419 -0.9 16.5377
    endloop
  endfacet
  facet normal 0.807979 0 0.589211
    outer loop
      vertex -7.98419 -0.487799 16.5377
      vertex -7.70088 -0.9 16.1492
      vertex -7.70088 -0.473491 16.1492
    endloop
  endfacet
  facet normal 0.942266 0 0.334866
    outer loop
      vertex -7.98419 -0.9 16.5377
      vertex -8.15417 -0.496383 17.016
      vertex -8.15417 -0.9 17.016
    endloop
  endfacet
  facet normal 0.942266 0 0.334866
    outer loop
      vertex -8.15417 -0.496383 17.016
      vertex -7.98419 -0.9 16.5377
      vertex -7.98419 -0.487799 16.5377
    endloop
  endfacet
  facet normal 0.99506 -0 0.0992783
    outer loop
      vertex -8.21085 -0.9 17.5841
      vertex -8.15417 -0.496383 17.016
      vertex -8.21085 -0.499245 17.5841
    endloop
  endfacet
  facet normal 0.99506 0 0.0992783
    outer loop
      vertex -8.15417 -0.496383 17.016
      vertex -8.21085 -0.9 17.5841
      vertex -8.15417 -0.9 17.016
    endloop
  endfacet
  facet normal 0.995092 0 -0.0989518
    outer loop
      vertex -8.15404 -0.9 18.1554
      vertex -8.21085 -0.499245 17.5841
      vertex -8.15404 -0.496376 18.1554
    endloop
  endfacet
  facet normal 0.995092 0 -0.0989518
    outer loop
      vertex -8.21085 -0.499245 17.5841
      vertex -8.15404 -0.9 18.1554
      vertex -8.21085 -0.9 17.5841
    endloop
  endfacet
  facet normal 0.943246 0 -0.332094
    outer loop
      vertex -7.9836 -0.9 18.6395
      vertex -8.15404 -0.496376 18.1554
      vertex -7.9836 -0.487769 18.6395
    endloop
  endfacet
  facet normal 0.943246 0 -0.332094
    outer loop
      vertex -8.15404 -0.496376 18.1554
      vertex -7.9836 -0.9 18.6395
      vertex -8.15404 -0.9 18.1554
    endloop
  endfacet
  facet normal 0.81331 0 -0.581831
    outer loop
      vertex -7.69952 -0.9 19.0366
      vertex -7.9836 -0.487769 18.6395
      vertex -7.69952 -0.473422 19.0366
    endloop
  endfacet
  facet normal 0.81331 0 -0.581831
    outer loop
      vertex -7.9836 -0.487769 18.6395
      vertex -7.69952 -0.9 19.0366
      vertex -7.9836 -0.9 18.6395
    endloop
  endfacet
  facet normal 0.608572 0 -0.793499
    outer loop
      vertex -7.69952 -0.473422 19.0366
      vertex -7.3154 -0.9 19.3312
      vertex -7.69952 -0.9 19.0366
    endloop
  endfacet
  facet normal 0.608572 0 -0.793499
    outer loop
      vertex -7.3154 -0.9 19.3312
      vertex -7.69952 -0.473422 19.0366
      vertex -7.3154 -0.454023 19.3312
    endloop
  endfacet
  facet normal 0.351684 0 -0.936119
    outer loop
      vertex -7.3154 -0.454023 19.3312
      vertex -6.84479 -0.9 19.508
      vertex -7.3154 -0.9 19.3312
    endloop
  endfacet
  facet normal 0.351684 0 -0.936119
    outer loop
      vertex -6.84479 -0.9 19.508
      vertex -7.3154 -0.454023 19.3312
      vertex -6.84479 -0.430257 19.508
    endloop
  endfacet
  facet normal 0.105608 0 -0.994408
    outer loop
      vertex -6.28769 -0.9 19.5669
      vertex -6.3875 -0.407163 19.5563
      vertex -6.28769 -0.405488 19.5669
    endloop
  endfacet
  facet normal 0.10514 -9.58058e-05 -0.994457
    outer loop
      vertex -6.84479 -0.9 19.508
      vertex -6.3875 -0.407163 19.5563
      vertex -6.28769 -0.9 19.5669
    endloop
  endfacet
  facet normal 0.105038 0 -0.994468
    outer loop
      vertex -6.3875 -0.407163 19.5563
      vertex -6.84479 -0.9 19.508
      vertex -6.84479 -0.430257 19.508
    endloop
  endfacet
  facet normal -0.0711448 -0 -0.997466
    outer loop
      vertex -6.28769 -0.405488 19.5669
      vertex -5.91335 -0.9 19.5402
      vertex -6.28769 -0.9 19.5669
    endloop
  endfacet
  facet normal -0.0711448 0 -0.997466
    outer loop
      vertex -5.91335 -0.9 19.5402
      vertex -6.28769 -0.405488 19.5669
      vertex -5.91335 -0.399208 19.5402
    endloop
  endfacet
  facet normal -0.404862 0 0.914378
    outer loop
      vertex -6.88141 -0.432106 18.7767
      vertex -6.60881 -0.9 18.8974
      vertex -6.60881 -0.418339 18.8974
    endloop
  endfacet
  facet normal -0.404862 0 0.914378
    outer loop
      vertex -6.60881 -0.9 18.8974
      vertex -6.88141 -0.432106 18.7767
      vertex -6.88141 -0.9 18.7767
    endloop
  endfacet
  facet normal -0.668115 0 0.744058
    outer loop
      vertex -7.10548 -0.443422 18.5755
      vertex -6.88141 -0.9 18.7767
      vertex -6.88141 -0.432106 18.7767
    endloop
  endfacet
  facet normal -0.668115 0 0.744058
    outer loop
      vertex -6.88141 -0.9 18.7767
      vertex -7.10548 -0.443422 18.5755
      vertex -7.10548 -0.9 18.5755
    endloop
  endfacet
  facet normal -0.852108 0 0.523366
    outer loop
      vertex -7.10548 -0.9 18.5755
      vertex -7.27199 -0.451831 18.3044
      vertex -7.27199 -0.9 18.3044
    endloop
  endfacet
  facet normal -0.852108 0 0.523366
    outer loop
      vertex -7.27199 -0.451831 18.3044
      vertex -7.10548 -0.9 18.5755
      vertex -7.10548 -0.443422 18.5755
    endloop
  endfacet
  facet normal -0.957218 0 0.289367
    outer loop
      vertex -7.27199 -0.9 18.3044
      vertex -7.3719 -0.456877 17.9739
      vertex -7.3719 -0.9 17.9739
    endloop
  endfacet
  facet normal -0.957218 0 0.289367
    outer loop
      vertex -7.3719 -0.456877 17.9739
      vertex -7.27199 -0.9 18.3044
      vertex -7.27199 -0.451831 18.3044
    endloop
  endfacet
  facet normal -0.996371 0 0.0851184
    outer loop
      vertex -7.4052 -0.9 17.5841
      vertex -7.3719 -0.456877 17.9739
      vertex -7.4052 -0.458558 17.5841
    endloop
  endfacet
  facet normal -0.996371 0 0.0851184
    outer loop
      vertex -7.3719 -0.456877 17.9739
      vertex -7.4052 -0.9 17.5841
      vertex -7.3719 -0.9 17.9739
    endloop
  endfacet
  facet normal -0.996451 0 -0.0841798
    outer loop
      vertex -7.37265 -0.9 17.1988
      vertex -7.4052 -0.458558 17.5841
      vertex -7.37265 -0.456915 17.1988
    endloop
  endfacet
  facet normal -0.996451 -0 -0.0841798
    outer loop
      vertex -7.4052 -0.458558 17.5841
      vertex -7.37265 -0.9 17.1988
      vertex -7.4052 -0.9 17.5841
    endloop
  endfacet
  facet normal -0.957525 0 -0.28835
    outer loop
      vertex -7.27502 -0.9 16.8746
      vertex -7.37265 -0.456915 17.1988
      vertex -7.27502 -0.451984 16.8746
    endloop
  endfacet
  facet normal -0.957525 -0 -0.28835
    outer loop
      vertex -7.37265 -0.456915 17.1988
      vertex -7.27502 -0.9 16.8746
      vertex -7.37265 -0.9 17.1988
    endloop
  endfacet
  facet normal -0.850291 0 -0.526313
    outer loop
      vertex -7.11229 -0.9 16.6117
      vertex -7.27502 -0.451984 16.8746
      vertex -7.11229 -0.443766 16.6117
    endloop
  endfacet
  facet normal -0.850291 -0 -0.526313
    outer loop
      vertex -7.27502 -0.451984 16.8746
      vertex -7.11229 -0.9 16.6117
      vertex -7.27502 -0.9 16.8746
    endloop
  endfacet
  facet normal -0.656707 -0 -0.754146
    outer loop
      vertex -7.11229 -0.443766 16.6117
      vertex -6.88985 -0.9 16.418
      vertex -7.11229 -0.9 16.6117
    endloop
  endfacet
  facet normal -0.656707 0 -0.754146
    outer loop
      vertex -6.88985 -0.9 16.418
      vertex -7.11229 -0.443766 16.6117
      vertex -6.88985 -0.432532 16.418
    endloop
  endfacet
  facet normal -0.387217 -0 -0.921989
    outer loop
      vertex -6.88985 -0.432532 16.418
      vertex -6.61317 -0.9 16.3018
      vertex -6.88985 -0.9 16.418
    endloop
  endfacet
  facet normal -0.387217 0 -0.921989
    outer loop
      vertex -6.61317 -0.9 16.3018
      vertex -6.88985 -0.432532 16.418
      vertex -6.61317 -0.41856 16.3018
    endloop
  endfacet
  facet normal -0.116064 0 -0.993242
    outer loop
      vertex -6.28224 -0.9 16.2631
      vertex -6.3875 -0.407163 16.2754
      vertex -6.28224 -0.405397 16.2631
    endloop
  endfacet
  facet normal -0.116152 -1.90188e-05 -0.993231
    outer loop
      vertex -6.61317 -0.9 16.3018
      vertex -6.3875 -0.407163 16.2754
      vertex -6.28224 -0.9 16.2631
    endloop
  endfacet
  facet normal -0.116193 0 -0.993227
    outer loop
      vertex -6.3875 -0.407163 16.2754
      vertex -6.61317 -0.9 16.3018
      vertex -6.61317 -0.41856 16.3018
    endloop
  endfacet
  facet normal 0.118641 0 -0.992937
    outer loop
      vertex -6.28224 -0.405397 16.2631
      vertex -5.95584 -0.9 16.3021
      vertex -6.28224 -0.9 16.2631
    endloop
  endfacet
  facet normal 0.118641 0 -0.992937
    outer loop
      vertex -5.95584 -0.9 16.3021
      vertex -6.28224 -0.405397 16.2631
      vertex -5.95584 -0.399921 16.3021
    endloop
  endfacet
  facet normal 0.393036 0 -0.919523
    outer loop
      vertex -5.95584 -0.399921 16.3021
      vertex -5.68188 -0.9 16.4192
      vertex -5.95584 -0.9 16.3021
    endloop
  endfacet
  facet normal 0.393036 0 -0.919523
    outer loop
      vertex -5.68188 -0.9 16.4192
      vertex -5.95584 -0.399921 16.3021
      vertex -5.68188 -0.395325 16.4192
    endloop
  endfacet
  facet normal 0.661129 0 -0.750273
    outer loop
      vertex -5.68188 -0.395325 16.4192
      vertex -5.46036 -0.9 16.6144
      vertex -5.68188 -0.9 16.4192
    endloop
  endfacet
  facet normal 0.661129 0 -0.750273
    outer loop
      vertex -5.46036 -0.9 16.6144
      vertex -5.68188 -0.395325 16.4192
      vertex -5.46036 -0.391608 16.6144
    endloop
  endfacet
  facet normal 0.851065 0 -0.52506
    outer loop
      vertex -5.29761 -0.9 16.8782
      vertex -5.46036 -0.391608 16.6144
      vertex -5.29761 -0.388877 16.8782
    endloop
  endfacet
  facet normal 0.851065 0 -0.52506
    outer loop
      vertex -5.46036 -0.391608 16.6144
      vertex -5.29761 -0.9 16.8782
      vertex -5.46036 -0.9 16.6144
    endloop
  endfacet
  facet normal 0.957279 0 -0.289167
    outer loop
      vertex -5.19995 -0.9 17.2015
      vertex -5.29761 -0.388877 16.8782
      vertex -5.19995 -0.387239 17.2015
    endloop
  endfacet
  facet normal 0.957279 0 -0.289167
    outer loop
      vertex -5.29761 -0.388877 16.8782
      vertex -5.19995 -0.9 17.2015
      vertex -5.29761 -0.9 16.8782
    endloop
  endfacet
  facet normal 0.996401 0 -0.0847696
    outer loop
      vertex -5.1674 -0.9 17.5841
      vertex -5.19995 -0.387239 17.2015
      vertex -5.1674 -0.386693 17.5841
    endloop
  endfacet
  facet normal 0.996401 0 -0.0847696
    outer loop
      vertex -5.19995 -0.387239 17.2015
      vertex -5.1674 -0.9 17.5841
      vertex -5.19995 -0.9 17.2015
    endloop
  endfacet
  facet normal 0.996724 -0 0.0808762
    outer loop
      vertex -5.1998 -0.9 17.9834
      vertex -5.1674 -0.386693 17.5841
      vertex -5.1998 -0.387237 17.9834
    endloop
  endfacet
  facet normal 0.996724 0 0.0808762
    outer loop
      vertex -5.1674 -0.386693 17.5841
      vertex -5.1998 -0.9 17.9834
      vertex -5.1674 -0.9 17.5841
    endloop
  endfacet
  facet normal 0.960077 -0 0.279735
    outer loop
      vertex -5.297 -0.9 18.317
      vertex -5.1998 -0.387237 17.9834
      vertex -5.297 -0.388867 18.317
    endloop
  endfacet
  facet normal 0.960077 0 0.279735
    outer loop
      vertex -5.1998 -0.387237 17.9834
      vertex -5.297 -0.9 18.317
      vertex -5.1998 -0.9 17.9834
    endloop
  endfacet
  facet normal 0.855798 0 0.517311
    outer loop
      vertex -5.297 -0.9 18.317
      vertex -5.459 -0.391585 18.585
      vertex -5.459 -0.9 18.585
    endloop
  endfacet
  facet normal 0.855798 0 0.517311
    outer loop
      vertex -5.459 -0.391585 18.585
      vertex -5.297 -0.9 18.317
      vertex -5.297 -0.388867 18.317
    endloop
  endfacet
  facet normal 0.662192 0 0.749335
    outer loop
      vertex -5.68068 -0.395304 18.7809
      vertex -5.459 -0.9 18.585
      vertex -5.459 -0.391585 18.585
    endloop
  endfacet
  facet normal 0.662192 0 0.749335
    outer loop
      vertex -5.459 -0.9 18.585
      vertex -5.68068 -0.395304 18.7809
      vertex -5.68068 -0.9 18.7809
    endloop
  endfacet
  facet normal 0.391429 0 0.920208
    outer loop
      vertex -5.95691 -0.399939 18.8984
      vertex -5.68068 -0.9 18.7809
      vertex -5.68068 -0.395304 18.7809
    endloop
  endfacet
  facet normal 0.391429 0 0.920208
    outer loop
      vertex -5.68068 -0.9 18.7809
      vertex -5.95691 -0.399939 18.8984
      vertex -5.95691 -0.9 18.8984
    endloop
  endfacet
  facet normal 0.117684 0 0.993051
    outer loop
      vertex -6.28769 -0.405488 18.9376
      vertex -5.95691 -0.9 18.8984
      vertex -5.95691 -0.399939 18.8984
    endloop
  endfacet
  facet normal 0.117684 0 0.993051
    outer loop
      vertex -5.95691 -0.9 18.8984
      vertex -6.28769 -0.405488 18.9376
      vertex -6.28769 -0.9 18.9376
    endloop
  endfacet
  facet normal -0.124267 0 0.992249
    outer loop
      vertex -6.3875 -0.407163 18.9251
      vertex -6.28769 -0.9 18.9376
      vertex -6.28769 -0.405488 18.9376
    endloop
  endfacet
  facet normal -0.124195 0 0.992258
    outer loop
      vertex -6.60881 -0.9 18.8974
      vertex -6.3875 -0.407163 18.9251
      vertex -6.60881 -0.418339 18.8974
    endloop
  endfacet
  facet normal -0.124217 1.02699e-05 0.992255
    outer loop
      vertex -6.3875 -0.407163 18.9251
      vertex -6.60881 -0.9 18.8974
      vertex -6.28769 -0.9 18.9376
    endloop
  endfacet
  facet normal -0.236176 0 -0.97171
    outer loop
      vertex 3.24574 -0.9 19.5339
      vertex 3.65306 -0.361119 19.4349
      vertex 3.65306 -0.9 19.4349
    endloop
  endfacet
  facet normal -0.236176 0 -0.97171
    outer loop
      vertex 3.65306 -0.361119 19.4349
      vertex 3.24574 -0.9 19.5339
      vertex 3.24574 -0.354285 19.5339
    endloop
  endfacet
  facet normal -0.457363 0 -0.88928
    outer loop
      vertex 3.65306 -0.9 19.4349
      vertex 3.97388 -0.366501 19.2699
      vertex 3.97388 -0.9 19.2699
    endloop
  endfacet
  facet normal -0.457363 0 -0.88928
    outer loop
      vertex 3.97388 -0.366501 19.2699
      vertex 3.65306 -0.9 19.4349
      vertex 3.65306 -0.361119 19.4349
    endloop
  endfacet
  facet normal -0.701008 0 -0.713154
    outer loop
      vertex 3.97388 -0.9 19.2699
      vertex 4.20522 -0.370383 19.0425
      vertex 4.20522 -0.9 19.0425
    endloop
  endfacet
  facet normal -0.701008 0 -0.713154
    outer loop
      vertex 4.20522 -0.370383 19.0425
      vertex 3.97388 -0.9 19.2699
      vertex 3.97388 -0.366501 19.2699
    endloop
  endfacet
  facet normal -0.899769 0 -0.436366
    outer loop
      vertex 4.34402 -0.9 18.7563
      vertex 4.20522 -0.370383 19.0425
      vertex 4.34402 -0.372711 18.7563
    endloop
  endfacet
  facet normal -0.899769 -0 -0.436366
    outer loop
      vertex 4.20522 -0.370383 19.0425
      vertex 4.34402 -0.9 18.7563
      vertex 4.20522 -0.9 19.0425
    endloop
  endfacet
  facet normal -0.991121 0 -0.132964
    outer loop
      vertex 4.39029 -0.9 18.4114
      vertex 4.34402 -0.372711 18.7563
      vertex 4.39029 -0.373488 18.4114
    endloop
  endfacet
  facet normal -0.991121 -0 -0.132964
    outer loop
      vertex 4.34402 -0.372711 18.7563
      vertex 4.39029 -0.9 18.4114
      vertex 4.34402 -0.9 18.7563
    endloop
  endfacet
  facet normal -0.998584 0 0.0531926
    outer loop
      vertex 4.38214 -0.9 18.2584
      vertex 4.39029 -0.373488 18.4114
      vertex 4.38214 -0.373351 18.2584
    endloop
  endfacet
  facet normal -0.998584 0 0.0531926
    outer loop
      vertex 4.39029 -0.373488 18.4114
      vertex 4.38214 -0.9 18.2584
      vertex 4.39029 -0.9 18.4114
    endloop
  endfacet
  facet normal -0.985241 0 0.171172
    outer loop
      vertex 4.35773 -0.9 18.1179
      vertex 4.38214 -0.373351 18.2584
      vertex 4.35773 -0.372941 18.1179
    endloop
  endfacet
  facet normal -0.985241 0 0.171172
    outer loop
      vertex 4.38214 -0.373351 18.2584
      vertex 4.35773 -0.9 18.1179
      vertex 4.38214 -0.9 18.2584
    endloop
  endfacet
  facet normal -0.953232 0 0.302241
    outer loop
      vertex 4.31705 -0.9 17.9896
      vertex 4.35773 -0.372941 18.1179
      vertex 4.31705 -0.372259 17.9896
    endloop
  endfacet
  facet normal -0.953232 0 0.302241
    outer loop
      vertex 4.35773 -0.372941 18.1179
      vertex 4.31705 -0.9 17.9896
      vertex 4.35773 -0.9 18.1179
    endloop
  endfacet
  facet normal -0.900809 0 0.434216
    outer loop
      vertex 4.26099 -0.9 17.8733
      vertex 4.31705 -0.372259 17.9896
      vertex 4.26099 -0.371318 17.8733
    endloop
  endfacet
  facet normal -0.900809 0 0.434216
    outer loop
      vertex 4.31705 -0.372259 17.9896
      vertex 4.26099 -0.9 17.8733
      vertex 4.31705 -0.9 17.9896
    endloop
  endfacet
  facet normal -0.829792 0 0.558073
    outer loop
      vertex 4.19044 -0.9 17.7684
      vertex 4.26099 -0.371318 17.8733
      vertex 4.19044 -0.370135 17.7684
    endloop
  endfacet
  facet normal -0.829792 0 0.558073
    outer loop
      vertex 4.26099 -0.371318 17.8733
      vertex 4.19044 -0.9 17.7684
      vertex 4.26099 -0.9 17.8733
    endloop
  endfacet
  facet normal -0.73994 0 0.672673
    outer loop
      vertex 4.10544 -0.9 17.6749
      vertex 4.19044 -0.370135 17.7684
      vertex 4.10544 -0.368709 17.6749
    endloop
  endfacet
  facet normal -0.73994 0 0.672673
    outer loop
      vertex 4.19044 -0.370135 17.7684
      vertex 4.10544 -0.9 17.6749
      vertex 4.19044 -0.9 17.7684
    endloop
  endfacet
  facet normal -0.631235 0 0.775592
    outer loop
      vertex 4.00223 -0.9 17.5909
      vertex 4.10544 -0.368709 17.6749
      vertex 4.00223 -0.366977 17.5909
    endloop
  endfacet
  facet normal -0.631235 0 0.775592
    outer loop
      vertex 4.10544 -0.368709 17.6749
      vertex 4.00223 -0.9 17.5909
      vertex 4.10544 -0.9 17.6749
    endloop
  endfacet
  facet normal -0.523285 0 0.852158
    outer loop
      vertex 3.877 -0.9 17.514
      vertex 4.00223 -0.366977 17.5909
      vertex 3.877 -0.364876 17.514
    endloop
  endfacet
  facet normal -0.523285 0 0.852158
    outer loop
      vertex 4.00223 -0.366977 17.5909
      vertex 3.877 -0.9 17.514
      vertex 4.00223 -0.9 17.5909
    endloop
  endfacet
  facet normal -0.427381 0 0.904071
    outer loop
      vertex 3.72977 -0.9 17.4444
      vertex 3.877 -0.364876 17.514
      vertex 3.72977 -0.362406 17.4444
    endloop
  endfacet
  facet normal -0.427381 0 0.904071
    outer loop
      vertex 3.877 -0.364876 17.514
      vertex 3.72977 -0.9 17.4444
      vertex 3.877 -0.9 17.514
    endloop
  endfacet
  facet normal -0.332263 0 0.943187
    outer loop
      vertex 3.53674 -0.9 17.3764
      vertex 3.72977 -0.362406 17.4444
      vertex 3.53674 -0.359168 17.3764
    endloop
  endfacet
  facet normal -0.332263 0 0.943187
    outer loop
      vertex 3.72977 -0.362406 17.4444
      vertex 3.53674 -0.9 17.3764
      vertex 3.72977 -0.9 17.4444
    endloop
  endfacet
  facet normal -0.263683 0 0.964609
    outer loop
      vertex 3.27408 -0.9 17.3046
      vertex 3.53674 -0.359168 17.3764
      vertex 3.27408 -0.354761 17.3046
    endloop
  endfacet
  facet normal -0.263683 0 0.964609
    outer loop
      vertex 3.53674 -0.359168 17.3764
      vertex 3.27408 -0.9 17.3046
      vertex 3.53674 -0.9 17.3764
    endloop
  endfacet
  facet normal -0.222407 0 0.974954
    outer loop
      vertex 2.9418 -0.9 17.2288
      vertex 3.27408 -0.354761 17.3046
      vertex 2.9418 -0.349186 17.2288
    endloop
  endfacet
  facet normal -0.222407 0 0.974954
    outer loop
      vertex 3.27408 -0.354761 17.3046
      vertex 2.9418 -0.9 17.2288
      vertex 3.27408 -0.9 17.3046
    endloop
  endfacet
  facet normal -0.22432 0 0.974515
    outer loop
      vertex 2.66724 -0.9 17.1656
      vertex 2.9418 -0.349186 17.2288
      vertex 2.66724 -0.34458 17.1656
    endloop
  endfacet
  facet normal -0.22432 0 0.974515
    outer loop
      vertex 2.9418 -0.349186 17.2288
      vertex 2.66724 -0.9 17.1656
      vertex 2.9418 -0.9 17.2288
    endloop
  endfacet
  facet normal -0.261454 0 0.965216
    outer loop
      vertex 2.46198 -0.9 17.11
      vertex 2.66724 -0.34458 17.1656
      vertex 2.46198 -0.341136 17.11
    endloop
  endfacet
  facet normal -0.261454 0 0.965216
    outer loop
      vertex 2.66724 -0.34458 17.1656
      vertex 2.46198 -0.9 17.11
      vertex 2.66724 -0.9 17.1656
    endloop
  endfacet
  facet normal -0.332973 0 0.942937
    outer loop
      vertex 2.32605 -0.9 17.062
      vertex 2.46198 -0.341136 17.11
      vertex 2.32605 -0.338856 17.062
    endloop
  endfacet
  facet normal -0.332973 0 0.942937
    outer loop
      vertex 2.46198 -0.341136 17.11
      vertex 2.32605 -0.9 17.062
      vertex 2.46198 -0.9 17.11
    endloop
  endfacet
  facet normal -0.454974 0 0.890505
    outer loop
      vertex 2.23308 -0.9 17.0145
      vertex 2.32605 -0.338856 17.062
      vertex 2.23308 -0.337296 17.0145
    endloop
  endfacet
  facet normal -0.454974 0 0.890505
    outer loop
      vertex 2.32605 -0.338856 17.062
      vertex 2.23308 -0.9 17.0145
      vertex 2.32605 -0.9 17.062
    endloop
  endfacet
  facet normal -0.575758 0 0.81762
    outer loop
      vertex 2.15668 -0.9 16.9607
      vertex 2.23308 -0.337296 17.0145
      vertex 2.15668 -0.336014 16.9607
    endloop
  endfacet
  facet normal -0.575758 0 0.81762
    outer loop
      vertex 2.23308 -0.337296 17.0145
      vertex 2.15668 -0.9 16.9607
      vertex 2.23308 -0.9 17.0145
    endloop
  endfacet
  facet normal -0.708697 0 0.705513
    outer loop
      vertex 2.09685 -0.9 16.9006
      vertex 2.15668 -0.336014 16.9607
      vertex 2.09685 -0.33501 16.9006
    endloop
  endfacet
  facet normal -0.708697 0 0.705513
    outer loop
      vertex 2.15668 -0.336014 16.9607
      vertex 2.09685 -0.9 16.9006
      vertex 2.15668 -0.9 16.9607
    endloop
  endfacet
  facet normal -0.850385 0 0.526161
    outer loop
      vertex 2.05391 -0.9 16.8312
      vertex 2.09685 -0.33501 16.9006
      vertex 2.05391 -0.33429 16.8312
    endloop
  endfacet
  facet normal -0.850385 0 0.526161
    outer loop
      vertex 2.09685 -0.33501 16.9006
      vertex 2.05391 -0.9 16.8312
      vertex 2.09685 -0.9 16.9006
    endloop
  endfacet
  facet normal -0.953398 0 0.301714
    outer loop
      vertex 2.02815 -0.9 16.7498
      vertex 2.05391 -0.33429 16.8312
      vertex 2.02815 -0.333858 16.7498
    endloop
  endfacet
  facet normal -0.953398 0 0.301714
    outer loop
      vertex 2.05391 -0.33429 16.8312
      vertex 2.02815 -0.9 16.7498
      vertex 2.05391 -0.9 16.8312
    endloop
  endfacet
  facet normal -0.995797 0 0.0915835
    outer loop
      vertex 2.01956 -0.9 16.6564
      vertex 2.02815 -0.333858 16.7498
      vertex 2.01956 -0.333714 16.6564
    endloop
  endfacet
  facet normal -0.995797 0 0.0915835
    outer loop
      vertex 2.02815 -0.333858 16.7498
      vertex 2.01956 -0.9 16.6564
      vertex 2.02815 -0.9 16.7498
    endloop
  endfacet
  facet normal -0.95269 0 -0.303943
    outer loop
      vertex 2.10034 -0.9 16.4032
      vertex 2.01956 -0.333714 16.6564
      vertex 2.10034 -0.335069 16.4032
    endloop
  endfacet
  facet normal -0.95269 -0 -0.303943
    outer loop
      vertex 2.01956 -0.333714 16.6564
      vertex 2.10034 -0.9 16.4032
      vertex 2.01956 -0.9 16.6564
    endloop
  endfacet
  facet normal -0.530895 0 -0.847438
    outer loop
      vertex 2.10034 -0.9 16.4032
      vertex 2.34265 -0.339134 16.2514
      vertex 2.34265 -0.9 16.2514
    endloop
  endfacet
  facet normal -0.530895 0 -0.847438
    outer loop
      vertex 2.34265 -0.339134 16.2514
      vertex 2.10034 -0.9 16.4032
      vertex 2.10034 -0.335069 16.4032
    endloop
  endfacet
  facet normal -0.124558 0 -0.992212
    outer loop
      vertex 2.34265 -0.9 16.2514
      vertex 2.74652 -0.34591 16.2007
      vertex 2.74652 -0.9 16.2007
    endloop
  endfacet
  facet normal -0.124558 0 -0.992212
    outer loop
      vertex 2.74652 -0.34591 16.2007
      vertex 2.34265 -0.9 16.2514
      vertex 2.34265 -0.339134 16.2514
    endloop
  endfacet
  facet normal 0.0659803 0 -0.997821
    outer loop
      vertex 2.74652 -0.9 16.2007
      vertex 2.95673 -0.349437 16.2146
      vertex 2.95673 -0.9 16.2146
    endloop
  endfacet
  facet normal 0.0659803 0 -0.997821
    outer loop
      vertex 2.95673 -0.349437 16.2146
      vertex 2.74652 -0.9 16.2007
      vertex 2.74652 -0.34591 16.2007
    endloop
  endfacet
  facet normal 0.231332 0 -0.972875
    outer loop
      vertex 2.95673 -0.9 16.2146
      vertex 3.13168 -0.352372 16.2562
      vertex 3.13168 -0.9 16.2562
    endloop
  endfacet
  facet normal 0.231332 0 -0.972875
    outer loop
      vertex 3.13168 -0.352372 16.2562
      vertex 2.95673 -0.9 16.2146
      vertex 2.95673 -0.349437 16.2146
    endloop
  endfacet
  facet normal 0.444441 0 -0.895808
    outer loop
      vertex 3.13168 -0.9 16.2562
      vertex 3.27136 -0.354715 16.3255
      vertex 3.27136 -0.9 16.3255
    endloop
  endfacet
  facet normal 0.444441 0 -0.895808
    outer loop
      vertex 3.27136 -0.354715 16.3255
      vertex 3.13168 -0.9 16.2562
      vertex 3.13168 -0.352372 16.2562
    endloop
  endfacet
  facet normal 0.666173 0 -0.745797
    outer loop
      vertex 3.27136 -0.9 16.3255
      vertex 3.37973 -0.356533 16.4223
      vertex 3.37973 -0.9 16.4223
    endloop
  endfacet
  facet normal 0.666173 0 -0.745797
    outer loop
      vertex 3.37973 -0.356533 16.4223
      vertex 3.27136 -0.9 16.3255
      vertex 3.27136 -0.354715 16.3255
    endloop
  endfacet
  facet normal 0.837051 0 -0.547125
    outer loop
      vertex 3.37973 -0.9 16.4223
      vertex 3.46065 -0.357891 16.5461
      vertex 3.46065 -0.9 16.5461
    endloop
  endfacet
  facet normal 0.837051 0 -0.547125
    outer loop
      vertex 3.46065 -0.357891 16.5461
      vertex 3.37973 -0.9 16.4223
      vertex 3.37973 -0.356533 16.4223
    endloop
  endfacet
  facet normal 0.942626 0 -0.333852
    outer loop
      vertex 3.51413 -0.9 16.6971
      vertex 3.46065 -0.357891 16.5461
      vertex 3.51413 -0.358788 16.6971
    endloop
  endfacet
  facet normal 0.942626 0 -0.333852
    outer loop
      vertex 3.46065 -0.357891 16.5461
      vertex 3.51413 -0.9 16.6971
      vertex 3.46065 -0.9 16.5461
    endloop
  endfacet
  facet normal -0.135126 0 -0.990828
    outer loop
      vertex 3.51413 -0.9 16.6971
      vertex 4.28992 -0.371804 16.5913
      vertex 4.28992 -0.9 16.5913
    endloop
  endfacet
  facet normal -0.135126 0 -0.990828
    outer loop
      vertex 4.28992 -0.371804 16.5913
      vertex 3.51413 -0.9 16.6971
      vertex 3.51413 -0.358788 16.6971
    endloop
  endfacet
  facet normal -0.954321 0 0.298784
    outer loop
      vertex 4.19302 -0.9 16.2818
      vertex 4.28992 -0.371804 16.5913
      vertex 4.19302 -0.370178 16.2818
    endloop
  endfacet
  facet normal -0.954321 0 0.298784
    outer loop
      vertex 4.28992 -0.371804 16.5913
      vertex 4.19302 -0.9 16.2818
      vertex 4.28992 -0.9 16.5913
    endloop
  endfacet
  facet normal -0.847773 0 0.53036
    outer loop
      vertex 4.03975 -0.9 16.0368
      vertex 4.19302 -0.370178 16.2818
      vertex 4.03975 -0.367607 16.0368
    endloop
  endfacet
  facet normal -0.847773 0 0.53036
    outer loop
      vertex 4.19302 -0.370178 16.2818
      vertex 4.03975 -0.9 16.0368
      vertex 4.19302 -0.9 16.2818
    endloop
  endfacet
  facet normal -0.6527 0 0.757616
    outer loop
      vertex 3.83012 -0.9 15.8562
      vertex 4.03975 -0.367607 16.0368
      vertex 3.83012 -0.36409 15.8562
    endloop
  endfacet
  facet normal -0.6527 0 0.757616
    outer loop
      vertex 4.03975 -0.367607 16.0368
      vertex 3.83012 -0.9 15.8562
      vertex 4.03975 -0.9 16.0368
    endloop
  endfacet
  facet normal -0.407074 0 0.913395
    outer loop
      vertex 3.55301 -0.9 15.7327
      vertex 3.83012 -0.36409 15.8562
      vertex 3.55301 -0.359441 15.7327
    endloop
  endfacet
  facet normal -0.407074 0 0.913395
    outer loop
      vertex 3.83012 -0.36409 15.8562
      vertex 3.55301 -0.9 15.7327
      vertex 3.83012 -0.9 15.8562
    endloop
  endfacet
  facet normal -0.204158 0 0.978938
    outer loop
      vertex 3.19722 -0.9 15.6585
      vertex 3.55301 -0.359441 15.7327
      vertex 3.19722 -0.353471 15.6585
    endloop
  endfacet
  facet normal -0.204158 0 0.978938
    outer loop
      vertex 3.55301 -0.359441 15.7327
      vertex 3.19722 -0.9 15.6585
      vertex 3.55301 -0.9 15.7327
    endloop
  endfacet
  facet normal -0.0567618 0 0.998388
    outer loop
      vertex 2.76277 -0.9 15.6338
      vertex 3.19722 -0.353471 15.6585
      vertex 2.76277 -0.346183 15.6338
    endloop
  endfacet
  facet normal -0.0567618 0 0.998388
    outer loop
      vertex 3.19722 -0.353471 15.6585
      vertex 2.76277 -0.9 15.6338
      vertex 3.19722 -0.9 15.6585
    endloop
  endfacet
  facet normal 0.0669342 -0 0.997757
    outer loop
      vertex 2.30663 -0.9 15.6644
      vertex 2.76277 -0.346183 15.6338
      vertex 2.30663 -0.33853 15.6644
    endloop
  endfacet
  facet normal 0.0669342 0 0.997757
    outer loop
      vertex 2.76277 -0.346183 15.6338
      vertex 2.30663 -0.9 15.6644
      vertex 2.76277 -0.9 15.6338
    endloop
  endfacet
  facet normal 0.236304 -0 0.971679
    outer loop
      vertex 1.92915 -0.9 15.7562
      vertex 2.30663 -0.33853 15.6644
      vertex 1.92915 -0.332197 15.7562
    endloop
  endfacet
  facet normal 0.236304 0 0.971679
    outer loop
      vertex 2.30663 -0.33853 15.6644
      vertex 1.92915 -0.9 15.7562
      vertex 2.30663 -0.9 15.6644
    endloop
  endfacet
  facet normal 0.455512 -0 0.89023
    outer loop
      vertex 1.63033 -0.9 15.9091
      vertex 1.92915 -0.332197 15.7562
      vertex 1.63033 -0.327184 15.9091
    endloop
  endfacet
  facet normal 0.455512 0 0.89023
    outer loop
      vertex 1.92915 -0.332197 15.7562
      vertex 1.63033 -0.9 15.9091
      vertex 1.92915 -0.9 15.7562
    endloop
  endfacet
  facet normal 0.697516 -0 0.716569
    outer loop
      vertex 1.41408 -0.9 16.1196
      vertex 1.63033 -0.327184 15.9091
      vertex 1.41408 -0.323556 16.1196
    endloop
  endfacet
  facet normal 0.697516 0 0.716569
    outer loop
      vertex 1.63033 -0.327184 15.9091
      vertex 1.41408 -0.9 16.1196
      vertex 1.63033 -0.9 15.9091
    endloop
  endfacet
  facet normal 0.897796 -0 0.440412
    outer loop
      vertex 1.28433 -0.9 16.3841
      vertex 1.41408 -0.323556 16.1196
      vertex 1.28433 -0.321379 16.3841
    endloop
  endfacet
  facet normal 0.897796 0 0.440412
    outer loop
      vertex 1.41408 -0.323556 16.1196
      vertex 1.28433 -0.9 16.3841
      vertex 1.41408 -0.9 16.1196
    endloop
  endfacet
  facet normal 0.990904 -0 0.134569
    outer loop
      vertex 1.24109 -0.9 16.7025
      vertex 1.28433 -0.321379 16.3841
      vertex 1.24109 -0.320653 16.7025
    endloop
  endfacet
  facet normal 0.990904 0 0.134569
    outer loop
      vertex 1.28433 -0.321379 16.3841
      vertex 1.24109 -0.9 16.7025
      vertex 1.28433 -0.9 16.3841
    endloop
  endfacet
  facet normal 0.99899 0 -0.0449354
    outer loop
      vertex 1.24696 -0.9 16.833
      vertex 1.24109 -0.320653 16.7025
      vertex 1.24696 -0.320752 16.833
    endloop
  endfacet
  facet normal 0.99899 0 -0.0449354
    outer loop
      vertex 1.24109 -0.320653 16.7025
      vertex 1.24696 -0.9 16.833
      vertex 1.24109 -0.9 16.7025
    endloop
  endfacet
  facet normal 0.989431 0 -0.145001
    outer loop
      vertex 1.26459 -0.9 16.9533
      vertex 1.24696 -0.320752 16.833
      vertex 1.26459 -0.321048 16.9533
    endloop
  endfacet
  facet normal 0.989431 0 -0.145001
    outer loop
      vertex 1.24696 -0.320752 16.833
      vertex 1.26459 -0.9 16.9533
      vertex 1.24696 -0.9 16.833
    endloop
  endfacet
  facet normal 0.966155 0 -0.257963
    outer loop
      vertex 1.29396 -0.9 17.0633
      vertex 1.26459 -0.321048 16.9533
      vertex 1.29396 -0.32154 17.0633
    endloop
  endfacet
  facet normal 0.966155 0 -0.257963
    outer loop
      vertex 1.26459 -0.321048 16.9533
      vertex 1.29396 -0.9 17.0633
      vertex 1.26459 -0.9 16.9533
    endloop
  endfacet
  facet normal 0.929082 0 -0.369873
    outer loop
      vertex 1.33389 -0.9 17.1636
      vertex 1.29396 -0.32154 17.0633
      vertex 1.33389 -0.32221 17.1636
    endloop
  endfacet
  facet normal 0.929082 0 -0.369873
    outer loop
      vertex 1.29396 -0.32154 17.0633
      vertex 1.33389 -0.9 17.1636
      vertex 1.29396 -0.9 17.0633
    endloop
  endfacet
  facet normal 0.880292 0 -0.474433
    outer loop
      vertex 1.38315 -0.9 17.255
      vertex 1.33389 -0.32221 17.1636
      vertex 1.38315 -0.323037 17.255
    endloop
  endfacet
  facet normal 0.880292 0 -0.474433
    outer loop
      vertex 1.33389 -0.32221 17.1636
      vertex 1.38315 -0.9 17.255
      vertex 1.33389 -0.9 17.1636
    endloop
  endfacet
  facet normal 0.814222 0 -0.580554
    outer loop
      vertex 1.38315 -0.9 17.255
      vertex 1.44176 -0.32402 17.3372
      vertex 1.44176 -0.9 17.3372
    endloop
  endfacet
  facet normal 0.814222 0 -0.580554
    outer loop
      vertex 1.44176 -0.32402 17.3372
      vertex 1.38315 -0.9 17.255
      vertex 1.38315 -0.323037 17.255
    endloop
  endfacet
  facet normal 0.73722 0 -0.675652
    outer loop
      vertex 1.44176 -0.9 17.3372
      vertex 1.50958 -0.325158 17.4112
      vertex 1.50958 -0.9 17.4112
    endloop
  endfacet
  facet normal 0.73722 0 -0.675652
    outer loop
      vertex 1.50958 -0.325158 17.4112
      vertex 1.44176 -0.9 17.3372
      vertex 1.44176 -0.32402 17.3372
    endloop
  endfacet
  facet normal 0.654301 0 -0.756234
    outer loop
      vertex 1.50958 -0.9 17.4112
      vertex 1.58644 -0.326447 17.4777
      vertex 1.58644 -0.9 17.4777
    endloop
  endfacet
  facet normal 0.654301 0 -0.756234
    outer loop
      vertex 1.58644 -0.326447 17.4777
      vertex 1.50958 -0.9 17.4112
      vertex 1.50958 -0.325158 17.4112
    endloop
  endfacet
  facet normal 0.565599 0 -0.82468
    outer loop
      vertex 1.58644 -0.9 17.4777
      vertex 1.67232 -0.327888 17.5366
      vertex 1.67232 -0.9 17.5366
    endloop
  endfacet
  facet normal 0.565599 0 -0.82468
    outer loop
      vertex 1.67232 -0.327888 17.5366
      vertex 1.58644 -0.9 17.4777
      vertex 1.58644 -0.326447 17.4777
    endloop
  endfacet
  facet normal 0.489574 0 -0.871962
    outer loop
      vertex 1.67232 -0.9 17.5366
      vertex 1.76636 -0.329466 17.5894
      vertex 1.76636 -0.9 17.5894
    endloop
  endfacet
  facet normal 0.489574 0 -0.871962
    outer loop
      vertex 1.76636 -0.329466 17.5894
      vertex 1.67232 -0.9 17.5366
      vertex 1.67232 -0.327888 17.5366
    endloop
  endfacet
  facet normal 0.427576 0 -0.903979
    outer loop
      vertex 1.76636 -0.9 17.5894
      vertex 1.86763 -0.331165 17.6373
      vertex 1.86763 -0.9 17.6373
    endloop
  endfacet
  facet normal 0.427576 0 -0.903979
    outer loop
      vertex 1.86763 -0.331165 17.6373
      vertex 1.76636 -0.9 17.5894
      vertex 1.76636 -0.329466 17.5894
    endloop
  endfacet
  facet normal 0.369204 0 -0.929348
    outer loop
      vertex 1.86763 -0.9 17.6373
      vertex 1.97612 -0.332985 17.6804
      vertex 1.97612 -0.9 17.6804
    endloop
  endfacet
  facet normal 0.369204 0 -0.929348
    outer loop
      vertex 1.97612 -0.332985 17.6804
      vertex 1.86763 -0.9 17.6373
      vertex 1.86763 -0.331165 17.6373
    endloop
  endfacet
  facet normal 0.303903 0 -0.952703
    outer loop
      vertex 1.97612 -0.9 17.6804
      vertex 2.11719 -0.335352 17.7254
      vertex 2.11719 -0.9 17.7254
    endloop
  endfacet
  facet normal 0.303903 0 -0.952703
    outer loop
      vertex 2.11719 -0.335352 17.7254
      vertex 1.97612 -0.9 17.6804
      vertex 1.97612 -0.332985 17.6804
    endloop
  endfacet
  facet normal 0.261056 0 -0.965324
    outer loop
      vertex 2.11719 -0.9 17.7254
      vertex 2.31613 -0.338689 17.7792
      vertex 2.31613 -0.9 17.7792
    endloop
  endfacet
  facet normal 0.261056 0 -0.965324
    outer loop
      vertex 2.31613 -0.338689 17.7792
      vertex 2.11719 -0.9 17.7254
      vertex 2.11719 -0.335352 17.7254
    endloop
  endfacet
  facet normal 0.236486 0 -0.971635
    outer loop
      vertex 2.31613 -0.9 17.7792
      vertex 2.57292 -0.342998 17.8417
      vertex 2.57292 -0.9 17.8417
    endloop
  endfacet
  facet normal 0.236486 0 -0.971635
    outer loop
      vertex 2.57292 -0.342998 17.8417
      vertex 2.31613 -0.9 17.7792
      vertex 2.31613 -0.338689 17.7792
    endloop
  endfacet
  facet normal 0.210931 0 -0.977501
    outer loop
      vertex 2.57292 -0.9 17.8417
      vertex 2.86812 -0.34795 17.9054
      vertex 2.86812 -0.9 17.9054
    endloop
  endfacet
  facet normal 0.210931 0 -0.977501
    outer loop
      vertex 2.86812 -0.34795 17.9054
      vertex 2.57292 -0.9 17.8417
      vertex 2.57292 -0.342998 17.8417
    endloop
  endfacet
  facet normal 0.246437 0 -0.969159
    outer loop
      vertex 2.86812 -0.9 17.9054
      vertex 3.09189 -0.351704 17.9623
      vertex 3.09189 -0.9 17.9623
    endloop
  endfacet
  facet normal 0.246437 0 -0.969159
    outer loop
      vertex 3.09189 -0.351704 17.9623
      vertex 2.86812 -0.9 17.9054
      vertex 2.86812 -0.34795 17.9054
    endloop
  endfacet
  facet normal 0.314058 0 -0.949404
    outer loop
      vertex 3.09189 -0.9 17.9623
      vertex 3.24425 -0.35426 18.0127
      vertex 3.24425 -0.9 18.0127
    endloop
  endfacet
  facet normal 0.314058 0 -0.949404
    outer loop
      vertex 3.24425 -0.35426 18.0127
      vertex 3.09189 -0.9 17.9623
      vertex 3.09189 -0.351704 17.9623
    endloop
  endfacet
  facet normal 0.426677 0 -0.904404
    outer loop
      vertex 3.24425 -0.9 18.0127
      vertex 3.35214 -0.356071 18.0636
      vertex 3.35214 -0.9 18.0636
    endloop
  endfacet
  facet normal 0.426677 0 -0.904404
    outer loop
      vertex 3.35214 -0.356071 18.0636
      vertex 3.24425 -0.9 18.0127
      vertex 3.24425 -0.35426 18.0127
    endloop
  endfacet
  facet normal 0.545207 0 -0.838302
    outer loop
      vertex 3.35214 -0.9 18.0636
      vertex 3.44255 -0.357587 18.1224
      vertex 3.44255 -0.9 18.1224
    endloop
  endfacet
  facet normal 0.545207 0 -0.838302
    outer loop
      vertex 3.44255 -0.357587 18.1224
      vertex 3.35214 -0.9 18.0636
      vertex 3.35214 -0.356071 18.0636
    endloop
  endfacet
  facet normal 0.674284 0 -0.738472
    outer loop
      vertex 3.44255 -0.9 18.1224
      vertex 3.51549 -0.358811 18.189
      vertex 3.51549 -0.9 18.189
    endloop
  endfacet
  facet normal 0.674284 0 -0.738472
    outer loop
      vertex 3.51549 -0.358811 18.189
      vertex 3.44255 -0.9 18.1224
      vertex 3.44255 -0.357587 18.1224
    endloop
  endfacet
  facet normal 0.820485 0 -0.571668
    outer loop
      vertex 3.51549 -0.9 18.189
      vertex 3.569 -0.359709 18.2658
      vertex 3.569 -0.9 18.2658
    endloop
  endfacet
  facet normal 0.820485 0 -0.571668
    outer loop
      vertex 3.569 -0.359709 18.2658
      vertex 3.51549 -0.9 18.189
      vertex 3.51549 -0.358811 18.189
    endloop
  endfacet
  facet normal 0.941289 0 -0.337602
    outer loop
      vertex 3.6011 -0.9 18.3553
      vertex 3.569 -0.359709 18.2658
      vertex 3.6011 -0.360247 18.3553
    endloop
  endfacet
  facet normal 0.941289 0 -0.337602
    outer loop
      vertex 3.569 -0.359709 18.2658
      vertex 3.6011 -0.9 18.3553
      vertex 3.569 -0.9 18.2658
    endloop
  endfacet
  facet normal 0.994564 0 -0.104128
    outer loop
      vertex 3.6118 -0.9 18.4575
      vertex 3.6011 -0.360247 18.3553
      vertex 3.6118 -0.360427 18.4575
    endloop
  endfacet
  facet normal 0.994564 0 -0.104128
    outer loop
      vertex 3.6011 -0.360247 18.3553
      vertex 3.6118 -0.9 18.4575
      vertex 3.6011 -0.9 18.3553
    endloop
  endfacet
  facet normal 0.949996 -0 0.312261
    outer loop
      vertex 3.51868 -0.9 18.7408
      vertex 3.6118 -0.360427 18.4575
      vertex 3.51868 -0.358865 18.7408
    endloop
  endfacet
  facet normal 0.949996 0 0.312261
    outer loop
      vertex 3.6118 -0.360427 18.4575
      vertex 3.51868 -0.9 18.7408
      vertex 3.6118 -0.9 18.4575
    endloop
  endfacet
  facet normal 0.519805 -0 0.854285
    outer loop
      vertex 3.23929 -0.9 18.9108
      vertex 3.51868 -0.358865 18.7408
      vertex 3.23929 -0.354177 18.9108
    endloop
  endfacet
  facet normal 0.519805 0 0.854285
    outer loop
      vertex 3.51868 -0.358865 18.7408
      vertex 3.23929 -0.9 18.9108
      vertex 3.51868 -0.9 18.7408
    endloop
  endfacet
  facet normal 0.120875 -0 0.992668
    outer loop
      vertex 2.77365 -0.9 18.9675
      vertex 3.23929 -0.354177 18.9108
      vertex 2.77365 -0.346365 18.9675
    endloop
  endfacet
  facet normal 0.120875 0 0.992668
    outer loop
      vertex 3.23929 -0.354177 18.9108
      vertex 2.77365 -0.9 18.9675
      vertex 3.23929 -0.9 18.9108
    endloop
  endfacet
  facet normal -0.0611198 0 0.99813
    outer loop
      vertex 2.52379 -0.9 18.9522
      vertex 2.77365 -0.346365 18.9675
      vertex 2.52379 -0.342173 18.9522
    endloop
  endfacet
  facet normal -0.0611198 0 0.99813
    outer loop
      vertex 2.77365 -0.346365 18.9675
      vertex 2.52379 -0.9 18.9522
      vertex 2.77365 -0.9 18.9675
    endloop
  endfacet
  facet normal -0.211544 0 0.977369
    outer loop
      vertex 2.31311 -0.9 18.9066
      vertex 2.52379 -0.342173 18.9522
      vertex 2.31311 -0.338639 18.9066
    endloop
  endfacet
  facet normal -0.211544 0 0.977369
    outer loop
      vertex 2.52379 -0.342173 18.9522
      vertex 2.31311 -0.9 18.9066
      vertex 2.52379 -0.9 18.9522
    endloop
  endfacet
  facet normal -0.405575 0 0.914062
    outer loop
      vertex 2.1416 -0.9 18.8305
      vertex 2.31311 -0.338639 18.9066
      vertex 2.1416 -0.335761 18.8305
    endloop
  endfacet
  facet normal -0.405575 0 0.914062
    outer loop
      vertex 2.31311 -0.338639 18.9066
      vertex 2.1416 -0.9 18.8305
      vertex 2.31311 -0.9 18.9066
    endloop
  endfacet
  facet normal -0.630457 0 0.776225
    outer loop
      vertex 2.00629 -0.9 18.7206
      vertex 2.1416 -0.335761 18.8305
      vertex 2.00629 -0.333491 18.7206
    endloop
  endfacet
  facet normal -0.630457 0 0.776225
    outer loop
      vertex 2.1416 -0.335761 18.8305
      vertex 2.00629 -0.9 18.7206
      vertex 2.1416 -0.9 18.8305
    endloop
  endfacet
  facet normal -0.820987 0 0.570947
    outer loop
      vertex 1.90413 -0.9 18.5737
      vertex 2.00629 -0.333491 18.7206
      vertex 1.90413 -0.331777 18.5737
    endloop
  endfacet
  facet normal -0.820987 0 0.570947
    outer loop
      vertex 2.00629 -0.333491 18.7206
      vertex 1.90413 -0.9 18.5737
      vertex 2.00629 -0.9 18.7206
    endloop
  endfacet
  facet normal -0.936329 0 0.351123
    outer loop
      vertex 1.83513 -0.9 18.3897
      vertex 1.90413 -0.331777 18.5737
      vertex 1.83513 -0.33062 18.3897
    endloop
  endfacet
  facet normal -0.936329 0 0.351123
    outer loop
      vertex 1.90413 -0.331777 18.5737
      vertex 1.83513 -0.9 18.3897
      vertex 1.90413 -0.9 18.5737
    endloop
  endfacet
  facet normal 0.162724 -0 0.986672
    outer loop
      vertex 1.06204 -0.9 18.5172
      vertex 1.83513 -0.33062 18.3897
      vertex 1.06204 -0.317649 18.5172
    endloop
  endfacet
  facet normal 0.162724 0 0.986672
    outer loop
      vertex 1.83513 -0.33062 18.3897
      vertex 1.06204 -0.9 18.5172
      vertex 1.83513 -0.9 18.3897
    endloop
  endfacet
  facet normal 0.944086 0 -0.329699
    outer loop
      vertex 1.17477 -0.9 18.84
      vertex 1.06204 -0.317649 18.5172
      vertex 1.17477 -0.319541 18.84
    endloop
  endfacet
  facet normal 0.944086 0 -0.329699
    outer loop
      vertex 1.06204 -0.317649 18.5172
      vertex 1.17477 -0.9 18.84
      vertex 1.06204 -0.9 18.5172
    endloop
  endfacet
  facet normal 0.826763 0 -0.562551
    outer loop
      vertex 1.17477 -0.9 18.84
      vertex 1.35379 -0.322544 19.1031
      vertex 1.35379 -0.9 19.1031
    endloop
  endfacet
  facet normal 0.826763 0 -0.562551
    outer loop
      vertex 1.35379 -0.322544 19.1031
      vertex 1.17477 -0.9 18.84
      vertex 1.17477 -0.319541 18.84
    endloop
  endfacet
  facet normal 0.638253 0 -0.769826
    outer loop
      vertex 1.35379 -0.9 19.1031
      vertex 1.59912 -0.32666 19.3065
      vertex 1.59912 -0.9 19.3065
    endloop
  endfacet
  facet normal 0.638253 0 -0.769826
    outer loop
      vertex 1.59912 -0.32666 19.3065
      vertex 1.35379 -0.9 19.1031
      vertex 1.35379 -0.322544 19.1031
    endloop
  endfacet
  facet normal 0.418801 0 -0.908078
    outer loop
      vertex 1.59912 -0.9 19.3065
      vertex 1.91287 -0.331924 19.4512
      vertex 1.91287 -0.9 19.4512
    endloop
  endfacet
  facet normal 0.418801 0 -0.908078
    outer loop
      vertex 1.91287 -0.331924 19.4512
      vertex 1.59912 -0.9 19.3065
      vertex 1.59912 -0.32666 19.3065
    endloop
  endfacet
  facet normal 0.220337 0 -0.975424
    outer loop
      vertex 1.91287 -0.9 19.4512
      vertex 2.29713 -0.338371 19.538
      vertex 2.29713 -0.9 19.538
    endloop
  endfacet
  facet normal 0.220337 0 -0.975424
    outer loop
      vertex 2.29713 -0.338371 19.538
      vertex 1.91287 -0.9 19.4512
      vertex 1.91287 -0.331924 19.4512
    endloop
  endfacet
  facet normal 0.0634179 0 -0.997987
    outer loop
      vertex 2.29713 -0.9 19.538
      vertex 2.75192 -0.346001 19.5669
      vertex 2.75192 -0.9 19.5669
    endloop
  endfacet
  facet normal 0.0634179 0 -0.997987
    outer loop
      vertex 2.75192 -0.346001 19.5669
      vertex 2.29713 -0.9 19.538
      vertex 2.29713 -0.338371 19.538
    endloop
  endfacet
  facet normal -0.0666773 0 -0.997775
    outer loop
      vertex 2.75192 -0.9 19.5669
      vertex 3.24574 -0.354285 19.5339
      vertex 3.24574 -0.9 19.5339
    endloop
  endfacet
  facet normal -0.0666773 0 -0.997775
    outer loop
      vertex 3.24574 -0.354285 19.5339
      vertex 2.75192 -0.9 19.5669
      vertex 2.75192 -0.346001 19.5669
    endloop
  endfacet
  facet normal -0.974033 0 -0.226405
    outer loop
      vertex -1.78375 -0.9 17.3855
      vertex -1.97635 -0.333157 18.2141
      vertex -1.78375 -0.329925 17.3855
    endloop
  endfacet
  facet normal -0.974033 -0 -0.226405
    outer loop
      vertex -1.97635 -0.333157 18.2141
      vertex -1.78375 -0.9 17.3855
      vertex -1.97635 -0.9 18.2141
    endloop
  endfacet
  facet normal -0.974706 0 -0.223492
    outer loop
      vertex -1.70148 -0.9 17.0267
      vertex -1.78375 -0.329925 17.3855
      vertex -1.70148 -0.328545 17.0267
    endloop
  endfacet
  facet normal -0.974706 -0 -0.223492
    outer loop
      vertex -1.78375 -0.329925 17.3855
      vertex -1.70148 -0.9 17.0267
      vertex -1.78375 -0.9 17.3855
    endloop
  endfacet
  facet normal -0.978842 0 -0.204617
    outer loop
      vertex -1.67165 -0.9 16.884
      vertex -1.70148 -0.328545 17.0267
      vertex -1.67165 -0.328045 16.884
    endloop
  endfacet
  facet normal -0.978842 -0 -0.204617
    outer loop
      vertex -1.70148 -0.328545 17.0267
      vertex -1.67165 -0.9 16.884
      vertex -1.70148 -0.9 17.0267
    endloop
  endfacet
  facet normal -0.981419 0 -0.191877
    outer loop
      vertex -1.63638 -0.9 16.7036
      vertex -1.67165 -0.328045 16.884
      vertex -1.63638 -0.327453 16.7036
    endloop
  endfacet
  facet normal -0.981419 -0 -0.191877
    outer loop
      vertex -1.67165 -0.328045 16.884
      vertex -1.63638 -0.9 16.7036
      vertex -1.67165 -0.9 16.884
    endloop
  endfacet
  facet normal -0.983038 0 -0.183401
    outer loop
      vertex -1.59569 -0.9 16.4855
      vertex -1.63638 -0.327453 16.7036
      vertex -1.59569 -0.32677 16.4855
    endloop
  endfacet
  facet normal -0.983038 -0 -0.183401
    outer loop
      vertex -1.63638 -0.327453 16.7036
      vertex -1.59569 -0.9 16.4855
      vertex -1.63638 -0.9 16.7036
    endloop
  endfacet
  facet normal 0.986369 0 -0.164548
    outer loop
      vertex -1.54898 -0.9 16.7655
      vertex -1.59569 -0.32677 16.4855
      vertex -1.54898 -0.325987 16.7655
    endloop
  endfacet
  facet normal 0.986369 0 -0.164548
    outer loop
      vertex -1.59569 -0.32677 16.4855
      vertex -1.54898 -0.9 16.7655
      vertex -1.59569 -0.9 16.4855
    endloop
  endfacet
  facet normal 0.981336 0 -0.192301
    outer loop
      vertex -1.49564 -0.9 17.0377
      vertex -1.54898 -0.325987 16.7655
      vertex -1.49564 -0.325092 17.0377
    endloop
  endfacet
  facet normal 0.981336 0 -0.192301
    outer loop
      vertex -1.54898 -0.325987 16.7655
      vertex -1.49564 -0.9 17.0377
      vertex -1.54898 -0.9 16.7655
    endloop
  endfacet
  facet normal 0.975187 0 -0.221382
    outer loop
      vertex -1.43564 -0.9 17.302
      vertex -1.49564 -0.325092 17.0377
      vertex -1.43564 -0.324085 17.302
    endloop
  endfacet
  facet normal 0.975187 0 -0.221382
    outer loop
      vertex -1.49564 -0.325092 17.0377
      vertex -1.43564 -0.9 17.302
      vertex -1.49564 -0.9 17.0377
    endloop
  endfacet
  facet normal 0.973621 0 -0.228171
    outer loop
      vertex -0.917557 -0.9 19.5127
      vertex -1.43564 -0.324085 17.302
      vertex -0.917557 -0.315393 19.5127
    endloop
  endfacet
  facet normal 0.973621 0 -0.228171
    outer loop
      vertex -1.43564 -0.324085 17.302
      vertex -0.917557 -0.9 19.5127
      vertex -1.43564 -0.9 17.302
    endloop
  endfacet
  facet normal 0 0 -1
    outer loop
      vertex 0.0317841 -0.9 19.5127
      vertex 0.00999928 -0.299999 19.5127
      vertex 0.0317841 -0.300365 19.5127
    endloop
  endfacet
  facet normal 0 0 -1
    outer loop
      vertex 0.0317841 -0.9 19.5127
      vertex 0 -0.299999 19.5127
      vertex 0.00999928 -0.299999 19.5127
    endloop
  endfacet
  facet normal 0 0 -1
    outer loop
      vertex -0.917557 -0.9 19.5127
      vertex 0 -0.299999 19.5127
      vertex 0.0317841 -0.9 19.5127
    endloop
  endfacet
  facet normal 0 0 -1
    outer loop
      vertex 0 -0.299999 19.5127
      vertex -0.917557 -0.9 19.5127
      vertex -0.917557 -0.315393 19.5127
    endloop
  endfacet
  facet normal -0.968213 0 -0.250127
    outer loop
      vertex 1.01913 -0.9 15.6908
      vertex 0.0317841 -0.300365 19.5127
      vertex 1.01913 -0.31693 15.6908
    endloop
  endfacet
  facet normal -0.968213 -0 -0.250127
    outer loop
      vertex 0.0317841 -0.300365 19.5127
      vertex 1.01913 -0.9 15.6908
      vertex 0.0317841 -0.9 19.5127
    endloop
  endfacet
  facet normal 0 0 1
    outer loop
      vertex 0.208099 -0.9 15.6908
      vertex 1.01913 -0.31693 15.6908
      vertex 0.208099 -0.303323 15.6908
    endloop
  endfacet
  facet normal 0 0 1
    outer loop
      vertex 1.01913 -0.31693 15.6908
      vertex 0.208099 -0.9 15.6908
      vertex 1.01913 -0.9 15.6908
    endloop
  endfacet
  facet normal 0.977275 -0.000104056 0.211975
    outer loop
      vertex 0.208099 -0.9 15.6908
      vertex 0.00999928 -0.299999 16.6044
      vertex 0 -0.299999 16.6505
    endloop
  endfacet
  facet normal 0.977289 -0 0.211913
    outer loop
      vertex -0.253006 -0.9 17.8173
      vertex 0 -0.299999 16.6505
      vertex -0.253006 -0.304244 17.8173
    endloop
  endfacet
  facet normal 0.977289 4.21277e-08 0.211913
    outer loop
      vertex 0.208099 -0.9 15.6908
      vertex 0 -0.299999 16.6505
      vertex -0.253006 -0.9 17.8173
    endloop
  endfacet
  facet normal 0.977289 0 0.21191
    outer loop
      vertex 0.00999928 -0.299999 16.6044
      vertex 0.208099 -0.9 15.6908
      vertex 0.208099 -0.303323 15.6908
    endloop
  endfacet
  facet normal 0.974468 -0 0.224527
    outer loop
      vertex -0.396759 -0.9 18.4412
      vertex -0.253006 -0.304244 17.8173
      vertex -0.396759 -0.306656 18.4412
    endloop
  endfacet
  facet normal 0.974468 0 0.224527
    outer loop
      vertex -0.253006 -0.304244 17.8173
      vertex -0.396759 -0.9 18.4412
      vertex -0.253006 -0.9 17.8173
    endloop
  endfacet
  facet normal 0.977564 -0 0.210641
    outer loop
      vertex -0.464569 -0.9 18.7559
      vertex -0.396759 -0.306656 18.4412
      vertex -0.464569 -0.307793 18.7559
    endloop
  endfacet
  facet normal 0.977564 0 0.210641
    outer loop
      vertex -0.396759 -0.306656 18.4412
      vertex -0.464569 -0.9 18.7559
      vertex -0.396759 -0.9 18.4412
    endloop
  endfacet
  facet normal -0.985318 0 0.170727
    outer loop
      vertex -0.546249 -0.9 18.2845
      vertex -0.464569 -0.307793 18.7559
      vertex -0.546249 -0.309164 18.2845
    endloop
  endfacet
  facet normal -0.985318 0 0.170727
    outer loop
      vertex -0.464569 -0.307793 18.7559
      vertex -0.546249 -0.9 18.2845
      vertex -0.464569 -0.9 18.7559
    endloop
  endfacet
  facet normal -0.982992 0 0.18365
    outer loop
      vertex -0.610443 -0.9 17.9409
      vertex -0.546249 -0.309164 18.2845
      vertex -0.610443 -0.310241 17.9409
    endloop
  endfacet
  facet normal -0.982992 0 0.18365
    outer loop
      vertex -0.546249 -0.309164 18.2845
      vertex -0.610443 -0.9 17.9409
      vertex -0.546249 -0.9 18.2845
    endloop
  endfacet
  facet normal -0.977355 0 0.211608
    outer loop
      vertex -0.657166 -0.9 17.7251
      vertex -0.610443 -0.310241 17.9409
      vertex -0.657166 -0.311025 17.7251
    endloop
  endfacet
  facet normal -0.977355 0 0.211608
    outer loop
      vertex -0.610443 -0.310241 17.9409
      vertex -0.657166 -0.9 17.7251
      vertex -0.610443 -0.9 17.9409
    endloop
  endfacet
  facet normal -0.97297 0 0.230931
    outer loop
      vertex -1.14 -0.9 15.6908
      vertex -0.657166 -0.311025 17.7251
      vertex -1.14 -0.319125 15.6908
    endloop
  endfacet
  facet normal -0.97297 0 0.230931
    outer loop
      vertex -0.657166 -0.311025 17.7251
      vertex -1.14 -0.9 15.6908
      vertex -0.657166 -0.9 17.7251
    endloop
  endfacet
  facet normal -0 0 1
    outer loop
      vertex -2.03513 -0.334143 15.6908
      vertex -1.14 -0.9 15.6908
      vertex -1.14 -0.319125 15.6908
    endloop
  endfacet
  facet normal 0 0 1
    outer loop
      vertex -1.14 -0.9 15.6908
      vertex -2.03513 -0.334143 15.6908
      vertex -2.03513 -0.9 15.6908
    endloop
  endfacet
  facet normal 0.973787 -0 0.227462
    outer loop
      vertex -2.3038 -0.9 16.841
      vertex -2.03513 -0.334143 15.6908
      vertex -2.3038 -0.33865 16.841
    endloop
  endfacet
  facet normal 0.973787 0 0.227462
    outer loop
      vertex -2.03513 -0.334143 15.6908
      vertex -2.3038 -0.9 16.841
      vertex -2.03513 -0.9 15.6908
    endloop
  endfacet
  facet normal 0.974392 -0 0.224857
    outer loop
      vertex -2.48419 -0.9 17.6227
      vertex -2.3038 -0.33865 16.841
      vertex -2.48419 -0.341677 17.6227
    endloop
  endfacet
  facet normal 0.974392 0 0.224857
    outer loop
      vertex -2.3038 -0.33865 16.841
      vertex -2.48419 -0.9 17.6227
      vertex -2.3038 -0.9 16.841
    endloop
  endfacet
  facet normal 0.976031 -0 0.217634
    outer loop
      vertex -2.57628 -0.9 18.0357
      vertex -2.48419 -0.341677 17.6227
      vertex -2.57628 -0.343222 18.0357
    endloop
  endfacet
  facet normal 0.976031 0 0.217634
    outer loop
      vertex -2.48419 -0.341677 17.6227
      vertex -2.57628 -0.9 18.0357
      vertex -2.48419 -0.9 17.6227
    endloop
  endfacet
  facet normal 0.979037 -0 0.203682
    outer loop
      vertex -2.62465 -0.9 18.2682
      vertex -2.57628 -0.343222 18.0357
      vertex -2.62465 -0.344033 18.2682
    endloop
  endfacet
  facet normal 0.979037 0 0.203682
    outer loop
      vertex -2.57628 -0.343222 18.0357
      vertex -2.62465 -0.9 18.2682
      vertex -2.57628 -0.9 18.0357
    endloop
  endfacet
  facet normal 0.979588 -0 0.201017
    outer loop
      vertex -2.67392 -0.9 18.5083
      vertex -2.62465 -0.344033 18.2682
      vertex -2.67392 -0.34486 18.5083
    endloop
  endfacet
  facet normal 0.979588 0 0.201017
    outer loop
      vertex -2.62465 -0.344033 18.2682
      vertex -2.67392 -0.9 18.5083
      vertex -2.62465 -0.9 18.2682
    endloop
  endfacet
  facet normal 0.980083 -0 0.198589
    outer loop
      vertex -2.72409 -0.9 18.7559
      vertex -2.67392 -0.34486 18.5083
      vertex -2.72409 -0.345701 18.7559
    endloop
  endfacet
  facet normal 0.980083 0 0.198589
    outer loop
      vertex -2.67392 -0.34486 18.5083
      vertex -2.72409 -0.9 18.7559
      vertex -2.67392 -0.9 18.5083
    endloop
  endfacet
  facet normal -0.978831 0 0.204672
    outer loop
      vertex -2.84888 -0.9 18.1591
      vertex -2.72409 -0.345701 18.7559
      vertex -2.84888 -0.347795 18.1591
    endloop
  endfacet
  facet normal -0.978831 0 0.204672
    outer loop
      vertex -2.72409 -0.345701 18.7559
      vertex -2.84888 -0.9 18.1591
      vertex -2.72409 -0.9 18.7559
    endloop
  endfacet
  facet normal -0.975782 0 0.218745
    outer loop
      vertex -3.40221 -0.9 15.6908
      vertex -2.84888 -0.347795 18.1591
      vertex -3.40221 -0.357078 15.6908
    endloop
  endfacet
  facet normal -0.975782 0 0.218745
    outer loop
      vertex -2.84888 -0.347795 18.1591
      vertex -3.40221 -0.9 15.6908
      vertex -2.84888 -0.9 18.1591
    endloop
  endfacet
  facet normal -0 0 1
    outer loop
      vertex -4.21324 -0.370685 15.6908
      vertex -3.40221 -0.9 15.6908
      vertex -3.40221 -0.357078 15.6908
    endloop
  endfacet
  facet normal 0 0 1
    outer loop
      vertex -3.40221 -0.9 15.6908
      vertex -4.21324 -0.370685 15.6908
      vertex -4.21324 -0.9 15.6908
    endloop
  endfacet
  facet normal 0.968379 0 -0.249482
    outer loop
      vertex -3.22861 -0.9 19.5127
      vertex -4.21324 -0.370685 15.6908
      vertex -3.22861 -0.354166 19.5127
    endloop
  endfacet
  facet normal 0.968379 0 -0.249482
    outer loop
      vertex -4.21324 -0.370685 15.6908
      vertex -3.22861 -0.9 19.5127
      vertex -4.21324 -0.9 15.6908
    endloop
  endfacet
  facet normal 0 0 -1
    outer loop
      vertex -3.22861 -0.354166 19.5127
      vertex -2.27925 -0.9 19.5127
      vertex -3.22861 -0.9 19.5127
    endloop
  endfacet
  facet normal 0 0 -1
    outer loop
      vertex -2.27925 -0.9 19.5127
      vertex -3.22861 -0.354166 19.5127
      vertex -2.27925 -0.338238 19.5127
    endloop
  endfacet
  facet normal -0.973859 0 -0.227154
    outer loop
      vertex -1.97635 -0.9 18.2141
      vertex -2.27925 -0.338238 19.5127
      vertex -1.97635 -0.333157 18.2141
    endloop
  endfacet
  facet normal -0.973859 -0 -0.227154
    outer loop
      vertex -2.27925 -0.338238 19.5127
      vertex -1.97635 -0.9 18.2141
      vertex -2.27925 -0.9 19.5127
    endloop
  endfacet
  facet normal 0 0 -1
    outer loop
      vertex 7.35796 -0.9 17.8743
      vertex 6.3975 -0.407163 17.8743
      vertex 7.35796 -0.455668 17.8743
    endloop
  endfacet
  facet normal 0 0 -1
    outer loop
      vertex 5.69247 -0.9 17.8743
      vertex 6.3975 -0.407163 17.8743
      vertex 7.35796 -0.9 17.8743
    endloop
  endfacet
  facet normal -0 0 -1
    outer loop
      vertex 6.3975 -0.407163 17.8743
      vertex 5.69247 -0.9 17.8743
      vertex 5.69247 -0.395334 17.8743
    endloop
  endfacet
  facet normal 1 -0 0
    outer loop
      vertex 7.35796 -0.9 19.5127
      vertex 7.35796 -0.455668 17.8743
      vertex 7.35796 -0.455668 19.5127
    endloop
  endfacet
  facet normal 1 0 0
    outer loop
      vertex 7.35796 -0.455668 17.8743
      vertex 7.35796 -0.9 19.5127
      vertex 7.35796 -0.9 17.8743
    endloop
  endfacet
  facet normal 0 0 -1
    outer loop
      vertex 7.35796 -0.9 19.5127
      vertex 8.15816 -0.496079 19.5127
      vertex 8.15816 -0.9 19.5127
    endloop
  endfacet
  facet normal -0 0 -1
    outer loop
      vertex 8.15816 -0.496079 19.5127
      vertex 7.35796 -0.9 19.5127
      vertex 7.35796 -0.455668 19.5127
    endloop
  endfacet
  facet normal -1 0 0
    outer loop
      vertex 8.15816 -0.9 15.6908
      vertex 8.15816 -0.496079 19.5127
      vertex 8.15816 -0.496079 15.6908
    endloop
  endfacet
  facet normal -1 -0 0
    outer loop
      vertex 8.15816 -0.496079 19.5127
      vertex 8.15816 -0.9 15.6908
      vertex 8.15816 -0.9 19.5127
    endloop
  endfacet
  facet normal 0 0 1
    outer loop
      vertex 7.35796 -0.9 15.6908
      vertex 8.15816 -0.496079 15.6908
      vertex 7.35796 -0.455668 15.6908
    endloop
  endfacet
  facet normal 0 0 1
    outer loop
      vertex 8.15816 -0.496079 15.6908
      vertex 7.35796 -0.9 15.6908
      vertex 8.15816 -0.9 15.6908
    endloop
  endfacet
  facet normal 1 -0 0
    outer loop
      vertex 7.35796 -0.9 17.2125
      vertex 7.35796 -0.455668 15.6908
      vertex 7.35796 -0.455668 17.2125
    endloop
  endfacet
  facet normal 1 0 0
    outer loop
      vertex 7.35796 -0.455668 15.6908
      vertex 7.35796 -0.9 17.2125
      vertex 7.35796 -0.9 15.6908
    endloop
  endfacet
  facet normal 0 0 1
    outer loop
      vertex 6.3975 -0.407163 17.2125
      vertex 7.35796 -0.9 17.2125
      vertex 7.35796 -0.455668 17.2125
    endloop
  endfacet
  facet normal 0 0 1
    outer loop
      vertex 5.69247 -0.9 17.2125
      vertex 6.3975 -0.407163 17.2125
      vertex 5.69247 -0.395334 17.2125
    endloop
  endfacet
  facet normal 0 0 1
    outer loop
      vertex 6.3975 -0.407163 17.2125
      vertex 5.69247 -0.9 17.2125
      vertex 7.35796 -0.9 17.2125
    endloop
  endfacet
  facet normal -1 0 0
    outer loop
      vertex 5.69247 -0.9 15.6908
      vertex 5.69247 -0.395334 17.2125
      vertex 5.69247 -0.395334 15.6908
    endloop
  endfacet
  facet normal -1 -0 0
    outer loop
      vertex 5.69247 -0.395334 17.2125
      vertex 5.69247 -0.9 15.6908
      vertex 5.69247 -0.9 17.2125
    endloop
  endfacet
  facet normal 0 0 1
    outer loop
      vertex 4.89227 -0.9 15.6908
      vertex 5.69247 -0.395334 15.6908
      vertex 4.89227 -0.381909 15.6908
    endloop
  endfacet
  facet normal 0 0 1
    outer loop
      vertex 5.69247 -0.395334 15.6908
      vertex 4.89227 -0.9 15.6908
      vertex 5.69247 -0.9 15.6908
    endloop
  endfacet
  facet normal 1 -0 0
    outer loop
      vertex 4.89227 -0.9 19.5127
      vertex 4.89227 -0.381909 15.6908
      vertex 4.89227 -0.381909 19.5127
    endloop
  endfacet
  facet normal 1 0 0
    outer loop
      vertex 4.89227 -0.381909 15.6908
      vertex 4.89227 -0.9 19.5127
      vertex 4.89227 -0.9 15.6908
    endloop
  endfacet
  facet normal 0 0 -1
    outer loop
      vertex 4.89227 -0.9 19.5127
      vertex 5.69247 -0.395334 19.5127
      vertex 5.69247 -0.9 19.5127
    endloop
  endfacet
  facet normal -0 0 -1
    outer loop
      vertex 5.69247 -0.395334 19.5127
      vertex 4.89227 -0.9 19.5127
      vertex 4.89227 -0.381909 19.5127
    endloop
  endfacet
  facet normal -1 0 0
    outer loop
      vertex 5.69247 -0.9 17.8743
      vertex 5.69247 -0.395334 19.5127
      vertex 5.69247 -0.395334 17.8743
    endloop
  endfacet
  facet normal -1 -0 0
    outer loop
      vertex 5.69247 -0.395334 19.5127
      vertex 5.69247 -0.9 17.8743
      vertex 5.69247 -0.9 19.5127
    endloop
  endfacet
endsolid OpenSCAD_Model
