solid OpenSCAD_Model
  facet normal -0.555567 -0.831471 0
    outer loop
      vertex 2.725 4.71984 0.8
      vertex 3.31775 4.32378 3.7
      vertex 2.725 4.71984 3.7
    endloop
  endfacet
  facet normal -0.555567 -0.831471 -0
    outer loop
      vertex 3.31775 4.32378 3.7
      vertex 2.725 4.71984 0.8
      vertex 3.31775 4.32378 0.8
    endloop
  endfacet
  facet normal 0.32145 0.946927 -0
    outer loop
      vertex -1.41056 -5.2643 0.8
      vertex -2.08562 -5.03514 3.7
      vertex -1.41056 -5.2643 3.7
    endloop
  endfacet
  facet normal 0.32145 0.946927 0
    outer loop
      vertex -2.08562 -5.03514 3.7
      vertex -1.41056 -5.2643 0.8
      vertex -2.08562 -5.03514 0.8
    endloop
  endfacet
  facet normal 0.32145 -0.946927 0
    outer loop
      vertex -2.08562 5.03514 0.8
      vertex -1.41056 5.2643 3.7
      vertex -2.08562 5.03514 3.7
    endloop
  endfacet
  facet normal 0.32145 -0.946927 0
    outer loop
      vertex -1.41056 5.2643 3.7
      vertex -2.08562 5.03514 0.8
      vertex -1.41056 5.2643 0.8
    endloop
  endfacet
  facet normal 0.896877 -0.44228 0
    outer loop
      vertex -5.03514 2.08562 3.7
      vertex -4.71984 2.725 0.8
      vertex -4.71984 2.725 3.7
    endloop
  endfacet
  facet normal 0.896877 -0.44228 0
    outer loop
      vertex -4.71984 2.725 0.8
      vertex -5.03514 2.08562 3.7
      vertex -5.03514 2.08562 0.8
    endloop
  endfacet
  facet normal 0.44228 0.896877 -0
    outer loop
      vertex -2.08562 -5.03514 0.8
      vertex -2.725 -4.71984 3.7
      vertex -2.08562 -5.03514 3.7
    endloop
  endfacet
  facet normal 0.44228 0.896877 0
    outer loop
      vertex -2.725 -4.71984 3.7
      vertex -2.08562 -5.03514 0.8
      vertex -2.725 -4.71984 0.8
    endloop
  endfacet
  facet normal -0.831514 -0.555504 0
    outer loop
      vertex 4.35568 3.27 0.8
      vertex 4.32378 3.31775 3.7
      vertex 4.32378 3.31775 0.8
    endloop
  endfacet
  facet normal -0.831514 -0.555504 0
    outer loop
      vertex 4.32378 3.31775 3.7
      vertex 4.35568 3.27 0.8
      vertex 4.35568 3.27 3.7
    endloop
  endfacet
  facet normal -0.32145 -0.946927 0
    outer loop
      vertex 1.41056 5.2643 0.8
      vertex 2.08562 5.03514 3.7
      vertex 1.41056 5.2643 3.7
    endloop
  endfacet
  facet normal -0.32145 -0.946927 -0
    outer loop
      vertex 2.08562 5.03514 3.7
      vertex 1.41056 5.2643 0.8
      vertex 2.08562 5.03514 0.8
    endloop
  endfacet
  facet normal -0.0654094 -0.997859 0
    outer loop
      vertex 0 5.45 0.8
      vertex 0.711368 5.40337 3.7
      vertex 0 5.45 3.7
    endloop
  endfacet
  facet normal -0.0654094 -0.997859 -0
    outer loop
      vertex 0.711368 5.40337 3.7
      vertex 0 5.45 0.8
      vertex 0.711368 5.40337 0.8
    endloop
  endfacet
  facet normal -0.19508 -0.980787 0
    outer loop
      vertex 0.711368 5.40337 0.8
      vertex 1.41056 5.2643 3.7
      vertex 0.711368 5.40337 3.7
    endloop
  endfacet
  facet normal -0.19508 -0.980787 -0
    outer loop
      vertex 1.41056 5.2643 3.7
      vertex 0.711368 5.40337 0.8
      vertex 1.41056 5.2643 0.8
    endloop
  endfacet
  facet normal 0.980787 -0.19508 0
    outer loop
      vertex -5.40337 0.711368 3.7
      vertex -5.2643 1.41056 0.8
      vertex -5.2643 1.41056 3.7
    endloop
  endfacet
  facet normal 0.980787 -0.19508 0
    outer loop
      vertex -5.2643 1.41056 0.8
      vertex -5.40337 0.711368 3.7
      vertex -5.40337 0.711368 0.8
    endloop
  endfacet
  facet normal 0.751834 -0.659352 0
    outer loop
      vertex -4.32378 3.31775 3.7
      vertex -3.85373 3.85373 0.8
      vertex -3.85373 3.85373 3.7
    endloop
  endfacet
  facet normal 0.751834 -0.659352 0
    outer loop
      vertex -3.85373 3.85373 0.8
      vertex -4.32378 3.31775 3.7
      vertex -4.32378 3.31775 0.8
    endloop
  endfacet
  facet normal 0.19508 -0.980787 0
    outer loop
      vertex -1.41056 5.2643 0.8
      vertex -0.711368 5.40337 3.7
      vertex -1.41056 5.2643 3.7
    endloop
  endfacet
  facet normal 0.19508 -0.980787 0
    outer loop
      vertex -0.711368 5.40337 3.7
      vertex -1.41056 5.2643 0.8
      vertex -0.711368 5.40337 0.8
    endloop
  endfacet
  facet normal 0.659352 -0.751834 0
    outer loop
      vertex -3.85373 3.85373 0.8
      vertex -3.31775 4.32378 3.7
      vertex -3.85373 3.85373 3.7
    endloop
  endfacet
  facet normal 0.659352 -0.751834 0
    outer loop
      vertex -3.31775 4.32378 3.7
      vertex -3.85373 3.85373 0.8
      vertex -3.31775 4.32378 0.8
    endloop
  endfacet
  facet normal 0.19508 0.980787 -0
    outer loop
      vertex -0.711368 -5.40337 0.8
      vertex -1.41056 -5.2643 3.7
      vertex -0.711368 -5.40337 3.7
    endloop
  endfacet
  facet normal 0.19508 0.980787 0
    outer loop
      vertex -1.41056 -5.2643 3.7
      vertex -0.711368 -5.40337 0.8
      vertex -1.41056 -5.2643 0.8
    endloop
  endfacet
  facet normal 0.659352 0.751834 -0
    outer loop
      vertex -3.31775 -4.32378 0.8
      vertex -3.85373 -3.85373 3.7
      vertex -3.31775 -4.32378 3.7
    endloop
  endfacet
  facet normal 0.659352 0.751834 0
    outer loop
      vertex -3.85373 -3.85373 3.7
      vertex -3.31775 -4.32378 0.8
      vertex -3.85373 -3.85373 0.8
    endloop
  endfacet
  facet normal -0 0 1
    outer loop
      vertex 4.35568 3.27 0.8
      vertex 16 1.5 0.8
      vertex 16 3.27 0.8
    endloop
  endfacet
  facet normal 0 0 1
    outer loop
      vertex 0 1.5 0.8
      vertex 4.32378 3.31775 0.8
      vertex 3.85373 3.85373 0.8
    endloop
  endfacet
  facet normal 0 0 1
    outer loop
      vertex 0 1.5 0.8
      vertex 3.85373 3.85373 0.8
      vertex 3.31775 4.32378 0.8
    endloop
  endfacet
  facet normal 0 0 1
    outer loop
      vertex 0 1.5 0.8
      vertex 3.31775 4.32378 0.8
      vertex 2.725 4.71984 0.8
    endloop
  endfacet
  facet normal 0 0 1
    outer loop
      vertex 0 1.5 0.8
      vertex 2.725 4.71984 0.8
      vertex 2.08562 5.03514 0.8
    endloop
  endfacet
  facet normal 0 0 1
    outer loop
      vertex 0 1.5 0.8
      vertex 2.08562 5.03514 0.8
      vertex 1.41056 5.2643 0.8
    endloop
  endfacet
  facet normal 0 0 1
    outer loop
      vertex 0 1.5 0.8
      vertex 1.41056 5.2643 0.8
      vertex 0.711368 5.40337 0.8
    endloop
  endfacet
  facet normal 0 0 1
    outer loop
      vertex 0 1.5 0.8
      vertex 0.711368 5.40337 0.8
      vertex 0 5.45 0.8
    endloop
  endfacet
  facet normal 0 0 1
    outer loop
      vertex 4.35568 3.27 0.8
      vertex 0 1.5 0.8
      vertex 16 1.5 0.8
    endloop
  endfacet
  facet normal 0 0 1
    outer loop
      vertex 4.32378 3.31775 0.8
      vertex 0 1.5 0.8
      vertex 4.35568 3.27 0.8
    endloop
  endfacet
  facet normal -0 0 1
    outer loop
      vertex -0.711368 5.40337 0.8
      vertex 0 1.5 0.8
      vertex 0 5.45 0.8
    endloop
  endfacet
  facet normal -0 0 1
    outer loop
      vertex -1.41056 5.2643 0.8
      vertex 0 1.5 0.8
      vertex -0.711368 5.40337 0.8
    endloop
  endfacet
  facet normal -0 0 1
    outer loop
      vertex -2.08562 5.03514 0.8
      vertex 0 1.5 0.8
      vertex -1.41056 5.2643 0.8
    endloop
  endfacet
  facet normal 0 0 1
    outer loop
      vertex 0 -1.5 0.8
      vertex -0.711368 -5.40337 0.8
      vertex 0 -5.45 0.8
    endloop
  endfacet
  facet normal -0 0 1
    outer loop
      vertex -2.725 4.71984 0.8
      vertex 0 1.5 0.8
      vertex -2.08562 5.03514 0.8
    endloop
  endfacet
  facet normal 0 0 1
    outer loop
      vertex 0 -1.5 0.8
      vertex -1.41056 -5.2643 0.8
      vertex -0.711368 -5.40337 0.8
    endloop
  endfacet
  facet normal -0 0 1
    outer loop
      vertex -3.31775 4.32378 0.8
      vertex 0 1.5 0.8
      vertex -2.725 4.71984 0.8
    endloop
  endfacet
  facet normal 0 0 1
    outer loop
      vertex 0 -1.5 0.8
      vertex -2.08562 -5.03514 0.8
      vertex -1.41056 -5.2643 0.8
    endloop
  endfacet
  facet normal -0 0 1
    outer loop
      vertex -3.85373 3.85373 0.8
      vertex 0 1.5 0.8
      vertex -3.31775 4.32378 0.8
    endloop
  endfacet
  facet normal 0 0 1
    outer loop
      vertex 0 -1.5 0.8
      vertex -2.725 -4.71984 0.8
      vertex -2.08562 -5.03514 0.8
    endloop
  endfacet
  facet normal -0 0 1
    outer loop
      vertex -4.32378 3.31775 0.8
      vertex 0 1.5 0.8
      vertex -3.85373 3.85373 0.8
    endloop
  endfacet
  facet normal 0 0 1
    outer loop
      vertex 0 -1.5 0.8
      vertex -3.31775 -4.32378 0.8
      vertex -2.725 -4.71984 0.8
    endloop
  endfacet
  facet normal -0 0 1
    outer loop
      vertex -4.71984 2.725 0.8
      vertex 0 1.5 0.8
      vertex -4.32378 3.31775 0.8
    endloop
  endfacet
  facet normal 0 0 1
    outer loop
      vertex 0 -1.5 0.8
      vertex -3.85373 -3.85373 0.8
      vertex -3.31775 -4.32378 0.8
    endloop
  endfacet
  facet normal -0 0 1
    outer loop
      vertex -5.03514 2.08562 0.8
      vertex 0 1.5 0.8
      vertex -4.71984 2.725 0.8
    endloop
  endfacet
  facet normal 0 0 1
    outer loop
      vertex 0 -1.5 0.8
      vertex -4.32378 -3.31775 0.8
      vertex -3.85373 -3.85373 0.8
    endloop
  endfacet
  facet normal 0 0 1
    outer loop
      vertex -5.2643 1.41056 0.8
      vertex 0 1.5 0.8
      vertex -5.03514 2.08562 0.8
    endloop
  endfacet
  facet normal 0 0 1
    outer loop
      vertex 0 -1.5 0.8
      vertex -4.71984 -2.725 0.8
      vertex -4.32378 -3.31775 0.8
    endloop
  endfacet
  facet normal 0 0 1
    outer loop
      vertex -5.40337 0.711368 0.8
      vertex 0 1.5 0.8
      vertex -5.2643 1.41056 0.8
    endloop
  endfacet
  facet normal 0 0 1
    outer loop
      vertex 0 -1.5 0.8
      vertex -5.03514 -2.08562 0.8
      vertex -4.71984 -2.725 0.8
    endloop
  endfacet
  facet normal 0 0 1
    outer loop
      vertex -5.45 0 0.8
      vertex 0 1.5 0.8
      vertex -5.40337 0.711368 0.8
    endloop
  endfacet
  facet normal 0 0 1
    outer loop
      vertex 0 -1.5 0.8
      vertex -5.2643 -1.41056 0.8
      vertex -5.03514 -2.08562 0.8
    endloop
  endfacet
  facet normal 0 0 1
    outer loop
      vertex 0 1.5 0.8
      vertex -5.45 0 0.8
      vertex 0 -1.5 0.8
    endloop
  endfacet
  facet normal 0 0 1
    outer loop
      vertex 0 -1.5 0.8
      vertex -5.40337 -0.711368 0.8
      vertex -5.2643 -1.41056 0.8
    endloop
  endfacet
  facet normal 0 0 1
    outer loop
      vertex 0 -1.5 0.8
      vertex -5.45 0 0.8
      vertex -5.40337 -0.711368 0.8
    endloop
  endfacet
  facet normal -0 0 1
    outer loop
      vertex 0 -1.5 0.8
      vertex 16 -5.45 0.8
      vertex 16 -1.5 0.8
    endloop
  endfacet
  facet normal 0 0 1
    outer loop
      vertex 16 -5.45 0.8
      vertex 0 -1.5 0.8
      vertex 0 -5.45 0.8
    endloop
  endfacet
  facet normal -0.751834 -0.659352 0
    outer loop
      vertex 4.32378 3.31775 0.8
      vertex 3.85373 3.85373 3.7
      vertex 3.85373 3.85373 0.8
    endloop
  endfacet
  facet normal -0.751834 -0.659352 0
    outer loop
      vertex 3.85373 3.85373 3.7
      vertex 4.32378 3.31775 0.8
      vertex 4.32378 3.31775 3.7
    endloop
  endfacet
  facet normal -0.659352 -0.751834 0
    outer loop
      vertex 3.31775 4.32378 0.8
      vertex 3.85373 3.85373 3.7
      vertex 3.31775 4.32378 3.7
    endloop
  endfacet
  facet normal -0.659352 -0.751834 -0
    outer loop
      vertex 3.85373 3.85373 3.7
      vertex 3.31775 4.32378 0.8
      vertex 3.85373 3.85373 0.8
    endloop
  endfacet
  facet normal -0.44228 -0.896877 0
    outer loop
      vertex 2.08562 5.03514 0.8
      vertex 2.725 4.71984 3.7
      vertex 2.08562 5.03514 3.7
    endloop
  endfacet
  facet normal -0.44228 -0.896877 -0
    outer loop
      vertex 2.725 4.71984 3.7
      vertex 2.08562 5.03514 0.8
      vertex 2.725 4.71984 0.8
    endloop
  endfacet
  facet normal 0.997859 -0.0654094 0
    outer loop
      vertex -5.45 0 3.7
      vertex -5.40337 0.711368 0.8
      vertex -5.40337 0.711368 3.7
    endloop
  endfacet
  facet normal 0.997859 -0.0654094 0
    outer loop
      vertex -5.40337 0.711368 0.8
      vertex -5.45 0 3.7
      vertex -5.45 0 0.8
    endloop
  endfacet
  facet normal 0 0 -1
    outer loop
      vertex 0 -5.45 3.7
      vertex 15.9602 -1.5 3.7
      vertex 15.9602 -5.45 3.7
    endloop
  endfacet
  facet normal 0 0 -1
    outer loop
      vertex 0 -5.45 3.7
      vertex 0 -1.5 3.7
      vertex 15.9602 -1.5 3.7
    endloop
  endfacet
  facet normal 0 0 -1
    outer loop
      vertex -0.711368 -5.40337 3.7
      vertex 0 -1.5 3.7
      vertex 0 -5.45 3.7
    endloop
  endfacet
  facet normal 0 0 -1
    outer loop
      vertex -1.41056 -5.2643 3.7
      vertex 0 -1.5 3.7
      vertex -0.711368 -5.40337 3.7
    endloop
  endfacet
  facet normal 0 0 -1
    outer loop
      vertex -2.08562 -5.03514 3.7
      vertex 0 -1.5 3.7
      vertex -1.41056 -5.2643 3.7
    endloop
  endfacet
  facet normal 0 0 -1
    outer loop
      vertex 0 1.5 3.7
      vertex -0.711368 5.40337 3.7
      vertex 0 5.45 3.7
    endloop
  endfacet
  facet normal 0 0 -1
    outer loop
      vertex -2.725 -4.71984 3.7
      vertex 0 -1.5 3.7
      vertex -2.08562 -5.03514 3.7
    endloop
  endfacet
  facet normal 0 0 -1
    outer loop
      vertex 0 1.5 3.7
      vertex -1.41056 5.2643 3.7
      vertex -0.711368 5.40337 3.7
    endloop
  endfacet
  facet normal 0 0 -1
    outer loop
      vertex -3.31775 -4.32378 3.7
      vertex 0 -1.5 3.7
      vertex -2.725 -4.71984 3.7
    endloop
  endfacet
  facet normal 0 0 -1
    outer loop
      vertex 0 1.5 3.7
      vertex -2.08562 5.03514 3.7
      vertex -1.41056 5.2643 3.7
    endloop
  endfacet
  facet normal 0 0 -1
    outer loop
      vertex -3.85373 -3.85373 3.7
      vertex 0 -1.5 3.7
      vertex -3.31775 -4.32378 3.7
    endloop
  endfacet
  facet normal 0 0 -1
    outer loop
      vertex 0 1.5 3.7
      vertex -2.725 4.71984 3.7
      vertex -2.08562 5.03514 3.7
    endloop
  endfacet
  facet normal 0 0 -1
    outer loop
      vertex -4.32378 -3.31775 3.7
      vertex 0 -1.5 3.7
      vertex -3.85373 -3.85373 3.7
    endloop
  endfacet
  facet normal 0 0 -1
    outer loop
      vertex 0 1.5 3.7
      vertex -3.31775 4.32378 3.7
      vertex -2.725 4.71984 3.7
    endloop
  endfacet
  facet normal 0 0 -1
    outer loop
      vertex -4.71984 -2.725 3.7
      vertex 0 -1.5 3.7
      vertex -4.32378 -3.31775 3.7
    endloop
  endfacet
  facet normal 0 0 -1
    outer loop
      vertex 0 1.5 3.7
      vertex -3.85373 3.85373 3.7
      vertex -3.31775 4.32378 3.7
    endloop
  endfacet
  facet normal 0 0 -1
    outer loop
      vertex -5.03514 -2.08562 3.7
      vertex 0 -1.5 3.7
      vertex -4.71984 -2.725 3.7
    endloop
  endfacet
  facet normal 0 0 -1
    outer loop
      vertex 0 1.5 3.7
      vertex -4.32378 3.31775 3.7
      vertex -3.85373 3.85373 3.7
    endloop
  endfacet
  facet normal 0 0 -1
    outer loop
      vertex -5.2643 -1.41056 3.7
      vertex 0 -1.5 3.7
      vertex -5.03514 -2.08562 3.7
    endloop
  endfacet
  facet normal 0 0 -1
    outer loop
      vertex 0 1.5 3.7
      vertex -4.71984 2.725 3.7
      vertex -4.32378 3.31775 3.7
    endloop
  endfacet
  facet normal 0 0 -1
    outer loop
      vertex -5.40337 -0.711368 3.7
      vertex 0 -1.5 3.7
      vertex -5.2643 -1.41056 3.7
    endloop
  endfacet
  facet normal 0 0 -1
    outer loop
      vertex 0 1.5 3.7
      vertex -5.03514 2.08562 3.7
      vertex -4.71984 2.725 3.7
    endloop
  endfacet
  facet normal 0 0 -1
    outer loop
      vertex -5.45 0 3.7
      vertex 0 -1.5 3.7
      vertex -5.40337 -0.711368 3.7
    endloop
  endfacet
  facet normal -0 0 -1
    outer loop
      vertex 0 1.5 3.7
      vertex -5.2643 1.41056 3.7
      vertex -5.03514 2.08562 3.7
    endloop
  endfacet
  facet normal 0 0 -1
    outer loop
      vertex 0 -1.5 3.7
      vertex -5.45 0 3.7
      vertex 0 1.5 3.7
    endloop
  endfacet
  facet normal 0 0 -1
    outer loop
      vertex 0 1.5 3.7
      vertex -5.40337 0.711368 3.7
      vertex -5.2643 1.41056 3.7
    endloop
  endfacet
  facet normal 0 0 -1
    outer loop
      vertex 0 1.5 3.7
      vertex -5.45 0 3.7
      vertex -5.40337 0.711368 3.7
    endloop
  endfacet
  facet normal 0 0 -1
    outer loop
      vertex 15.9602 1.5 3.7
      vertex 4.35568 3.27 3.7
      vertex 15.9602 3.27 3.7
    endloop
  endfacet
  facet normal 0 0 -1
    outer loop
      vertex 0 1.5 3.7
      vertex 4.32378 3.31775 3.7
      vertex 4.35568 3.27 3.7
    endloop
  endfacet
  facet normal -0 0 -1
    outer loop
      vertex 4.32378 3.31775 3.7
      vertex 0 1.5 3.7
      vertex 3.85373 3.85373 3.7
    endloop
  endfacet
  facet normal -0 0 -1
    outer loop
      vertex 3.85373 3.85373 3.7
      vertex 0 1.5 3.7
      vertex 3.31775 4.32378 3.7
    endloop
  endfacet
  facet normal -0 0 -1
    outer loop
      vertex 3.31775 4.32378 3.7
      vertex 0 1.5 3.7
      vertex 2.725 4.71984 3.7
    endloop
  endfacet
  facet normal -0 0 -1
    outer loop
      vertex 2.725 4.71984 3.7
      vertex 0 1.5 3.7
      vertex 2.08562 5.03514 3.7
    endloop
  endfacet
  facet normal -0 0 -1
    outer loop
      vertex 2.08562 5.03514 3.7
      vertex 0 1.5 3.7
      vertex 1.41056 5.2643 3.7
    endloop
  endfacet
  facet normal 0 0 -1
    outer loop
      vertex 0 1.5 3.7
      vertex 4.35568 3.27 3.7
      vertex 15.9602 1.5 3.7
    endloop
  endfacet
  facet normal -0 0 -1
    outer loop
      vertex 1.41056 5.2643 3.7
      vertex 0 1.5 3.7
      vertex 0.711368 5.40337 3.7
    endloop
  endfacet
  facet normal -0 0 -1
    outer loop
      vertex 0.711368 5.40337 3.7
      vertex 0 1.5 3.7
      vertex 0 5.45 3.7
    endloop
  endfacet
  facet normal 0.946927 -0.32145 0
    outer loop
      vertex -5.2643 1.41056 3.7
      vertex -5.03514 2.08562 0.8
      vertex -5.03514 2.08562 3.7
    endloop
  endfacet
  facet normal 0.946927 -0.32145 0
    outer loop
      vertex -5.03514 2.08562 0.8
      vertex -5.2643 1.41056 3.7
      vertex -5.2643 1.41056 0.8
    endloop
  endfacet
  facet normal 0.831471 -0.555567 0
    outer loop
      vertex -4.71984 2.725 3.7
      vertex -4.32378 3.31775 0.8
      vertex -4.32378 3.31775 3.7
    endloop
  endfacet
  facet normal 0.831471 -0.555567 0
    outer loop
      vertex -4.32378 3.31775 0.8
      vertex -4.71984 2.725 3.7
      vertex -4.71984 2.725 0.8
    endloop
  endfacet
  facet normal 0.0654094 -0.997859 0
    outer loop
      vertex -0.711368 5.40337 0.8
      vertex 0 5.45 3.7
      vertex -0.711368 5.40337 3.7
    endloop
  endfacet
  facet normal 0.0654094 -0.997859 0
    outer loop
      vertex 0 5.45 3.7
      vertex -0.711368 5.40337 0.8
      vertex 0 5.45 0.8
    endloop
  endfacet
  facet normal 0.555567 -0.831471 0
    outer loop
      vertex -3.31775 4.32378 0.8
      vertex -2.725 4.71984 3.7
      vertex -3.31775 4.32378 3.7
    endloop
  endfacet
  facet normal 0.555567 -0.831471 0
    outer loop
      vertex -2.725 4.71984 3.7
      vertex -3.31775 4.32378 0.8
      vertex -2.725 4.71984 0.8
    endloop
  endfacet
  facet normal 0.44228 -0.896877 0
    outer loop
      vertex -2.725 4.71984 0.8
      vertex -2.08562 5.03514 3.7
      vertex -2.725 4.71984 3.7
    endloop
  endfacet
  facet normal 0.44228 -0.896877 0
    outer loop
      vertex -2.08562 5.03514 3.7
      vertex -2.725 4.71984 0.8
      vertex -2.08562 5.03514 0.8
    endloop
  endfacet
  facet normal 0.0654094 0.997859 -0
    outer loop
      vertex 0 -5.45 0.8
      vertex -0.711368 -5.40337 3.7
      vertex 0 -5.45 3.7
    endloop
  endfacet
  facet normal 0.0654094 0.997859 0
    outer loop
      vertex -0.711368 -5.40337 3.7
      vertex 0 -5.45 0.8
      vertex -0.711368 -5.40337 0.8
    endloop
  endfacet
  facet normal 0.555567 0.831471 -0
    outer loop
      vertex -2.725 -4.71984 0.8
      vertex -3.31775 -4.32378 3.7
      vertex -2.725 -4.71984 3.7
    endloop
  endfacet
  facet normal 0.555567 0.831471 0
    outer loop
      vertex -3.31775 -4.32378 3.7
      vertex -2.725 -4.71984 0.8
      vertex -3.31775 -4.32378 0.8
    endloop
  endfacet
  facet normal 0.946927 0.32145 0
    outer loop
      vertex -5.03514 -2.08562 3.7
      vertex -5.2643 -1.41056 0.8
      vertex -5.2643 -1.41056 3.7
    endloop
  endfacet
  facet normal 0.946927 0.32145 0
    outer loop
      vertex -5.2643 -1.41056 0.8
      vertex -5.03514 -2.08562 3.7
      vertex -5.03514 -2.08562 0.8
    endloop
  endfacet
  facet normal 0.997859 0.0654094 0
    outer loop
      vertex -5.40337 -0.711368 3.7
      vertex -5.45 0 0.8
      vertex -5.45 0 3.7
    endloop
  endfacet
  facet normal 0.997859 0.0654094 0
    outer loop
      vertex -5.45 0 0.8
      vertex -5.40337 -0.711368 3.7
      vertex -5.40337 -0.711368 0.8
    endloop
  endfacet
  facet normal 0.751834 0.659352 0
    outer loop
      vertex -3.85373 -3.85373 3.7
      vertex -4.32378 -3.31775 0.8
      vertex -4.32378 -3.31775 3.7
    endloop
  endfacet
  facet normal 0.751834 0.659352 0
    outer loop
      vertex -4.32378 -3.31775 0.8
      vertex -3.85373 -3.85373 3.7
      vertex -3.85373 -3.85373 0.8
    endloop
  endfacet
  facet normal 0.896877 0.44228 0
    outer loop
      vertex -4.71984 -2.725 3.7
      vertex -5.03514 -2.08562 0.8
      vertex -5.03514 -2.08562 3.7
    endloop
  endfacet
  facet normal 0.896877 0.44228 0
    outer loop
      vertex -5.03514 -2.08562 0.8
      vertex -4.71984 -2.725 3.7
      vertex -4.71984 -2.725 0.8
    endloop
  endfacet
  facet normal 0.980787 0.19508 0
    outer loop
      vertex -5.2643 -1.41056 3.7
      vertex -5.40337 -0.711368 0.8
      vertex -5.40337 -0.711368 3.7
    endloop
  endfacet
  facet normal 0.980787 0.19508 0
    outer loop
      vertex -5.40337 -0.711368 0.8
      vertex -5.2643 -1.41056 3.7
      vertex -5.2643 -1.41056 0.8
    endloop
  endfacet
  facet normal 0.831471 0.555567 0
    outer loop
      vertex -4.32378 -3.31775 3.7
      vertex -4.71984 -2.725 0.8
      vertex -4.71984 -2.725 3.7
    endloop
  endfacet
  facet normal 0.831471 0.555567 0
    outer loop
      vertex -4.71984 -2.725 0.8
      vertex -4.32378 -3.31775 3.7
      vertex -4.32378 -3.31775 0.8
    endloop
  endfacet
  facet normal 0 1 -0
    outer loop
      vertex 16 -5.45 0.8
      vertex 15.9602 -5.45 3.7
      vertex 16 -5.45 3.5
    endloop
  endfacet
  facet normal 0 1 0
    outer loop
      vertex 15.9602 -5.45 3.7
      vertex 16 -5.45 0.8
      vertex 0 -5.45 0.8
    endloop
  endfacet
  facet normal 0 1 0
    outer loop
      vertex 15.9602 -5.45 3.7
      vertex 0 -5.45 0.8
      vertex 0 -5.45 3.7
    endloop
  endfacet
  facet normal 0 -1 0
    outer loop
      vertex 4.35568 3.27 3.7
      vertex 16 3.27 3.5
      vertex 15.9602 3.27 3.7
    endloop
  endfacet
  facet normal 0 -1 0
    outer loop
      vertex 4.35568 3.27 0.8
      vertex 16 3.27 3.5
      vertex 4.35568 3.27 3.7
    endloop
  endfacet
  facet normal 0 -1 -0
    outer loop
      vertex 16 3.27 3.5
      vertex 4.35568 3.27 0.8
      vertex 16 3.27 0.8
    endloop
  endfacet
  facet normal -0.830742 -0.0408577 0.555156
    outer loop
      vertex -15.4142 -7 4.9142
      vertex -15.8196 -7.57318 4.26537
      vertex -15.3881 -7.53068 4.9142
    endloop
  endfacet
  facet normal 0.0286598 0.193205 0.98074
    outer loop
      vertex 10.9297 11.6738 5.34775
      vertex 10.3921 10.9807 5.5
      vertex 10.7804 10.9231 5.5
    endloop
  endfacet
  facet normal 0.20219 0.806876 0.555041
    outer loop
      vertex 11.6975 12.5959 4.26537
      vertex 11.1408 12.7354 4.26537
      vertex 11.5717 12.1811 4.9142
    endloop
  endfacet
  facet normal 0.979639 -0.0480266 0.194937
    outer loop
      vertex 15.8477 -7 4.26537
      vertex 15.8196 -7.57318 4.26537
      vertex 16 -7 3.5
    endloop
  endfacet
  facet normal 0.539378 -0.135106 0.831154
    outer loop
      vertex 15.3102 -8.05626 4.9142
      vertex 14.5602 -8.38331 5.34775
      vertex 15.1811 -8.57166 4.9142
    endloop
  endfacet
  facet normal 0.8308 -0.0407298 0.555079
    outer loop
      vertex 15.8477 -7 4.26537
      vertex 15.4142 -7 4.9142
      vertex 15.8196 -7.57318 4.26537
    endloop
  endfacet
  facet normal 0.00960604 0.195086 0.980739
    outer loop
      vertex 10.4671 11.7424 5.34775
      vertex 10 11.7654 5.34775
      vertex 10.3921 10.9807 5.5
    endloop
  endfacet
  facet normal 0.143933 0.970216 0.194844
    outer loop
      vertex 11.1705 12.8847 3.5
      vertex 10.5881 12.9711 3.5
      vertex 11.1408 12.7354 4.26537
    endloop
  endfacet
  facet normal -0.555376 0.0273473 0.83115
    outer loop
      vertex -14.7424 7.46709 5.34775
      vertex -15.3881 7.53068 4.9142
      vertex -14.7654 7 5.34775
    endloop
  endfacet
  facet normal 0.28587 0.476965 0.831134
    outer loop
      vertex 12.5522 11.7749 4.9142
      vertex 12.2464 11.2027 5.34775
      vertex 12.6475 10.9623 5.34775
    endloop
  endfacet
  facet normal 0.495492 -0.668015 0.555197
    outer loop
      vertex 13.4347 -11.1852 4.9142
      vertex 13.008 -11.5017 4.9142
      vertex 13.7098 -11.5204 4.26537
    endloop
  endfacet
  facet normal 0.495399 -0.668165 0.5551
    outer loop
      vertex 13.7098 -11.5204 4.26537
      vertex 13.008 -11.5017 4.9142
      vertex 13.2488 -11.8622 4.26537
    endloop
  endfacet
  facet normal -0.787888 -0.584165 0.194892
    outer loop
      vertex -14.5204 -10.7098 4.26537
      vertex -14.8622 -10.2488 4.26537
      vertex -14.6381 -10.8064 3.5
    endloop
  endfacet
  facet normal -0.495492 -0.668015 0.555197
    outer loop
      vertex -13.4347 -11.1852 4.9142
      vertex -13.7098 -11.5204 4.26537
      vertex -13.008 -11.5017 4.9142
    endloop
  endfacet
  facet normal -0.941578 -0.336794 0
    outer loop
      vertex -15.5433 -9.2961 0
      vertex -15.7416 -8.74171 3.5
      vertex -15.7416 -8.74171 0
    endloop
  endfacet
  facet normal -0.941578 -0.336794 0
    outer loop
      vertex -15.7416 -8.74171 3.5
      vertex -15.5433 -9.2961 0
      vertex -15.5433 -9.2961 3.5
    endloop
  endfacet
  facet normal -0.504353 0.841216 0.194894
    outer loop
      vertex -12.7566 12.1573 4.26537
      vertex -13.3334 11.9888 3.5
      vertex -13.2488 11.8622 4.26537
    endloop
  endfacet
  facet normal -0.0834904 -0.176584 0.980738
    outer loop
      vertex -11.8856 -10.5277 5.5
      vertex -12.2464 -11.2027 5.34775
      vertex -11.5307 -10.6955 5.5
    endloop
  endfacet
  facet normal -0.427612 0.903962 0
    outer loop
      vertex -12.2961 12.5433 0
      vertex -12.8284 12.2915 3.5
      vertex -12.2961 12.5433 3.5
    endloop
  endfacet
  facet normal -0.427612 0.903962 0
    outer loop
      vertex -12.8284 12.2915 3.5
      vertex -12.2961 12.5433 0
      vertex -12.8284 12.2915 0
    endloop
  endfacet
  facet normal 0.0273145 0.555395 0.831138
    outer loop
      vertex 10 12.4142 4.9142
      vertex 10 11.7654 5.34775
      vertex 10.5307 12.3881 4.9142
    endloop
  endfacet
  facet normal 0.726635 -0.658835 0.194777
    outer loop
      vertex 14.6381 -10.8064 3.5
      vertex 14.135 -11.135 4.26537
      vertex 14.2426 -11.2426 3.5
    endloop
  endfacet
  facet normal 0.923519 -0.330334 0.194918
    outer loop
      vertex 15.7416 -8.74171 3.5
      vertex 15.4026 -9.23784 4.26537
      vertex 15.5433 -9.2961 3.5
    endloop
  endfacet
  facet normal 0.751917 -0.35567 0.555085
    outer loop
      vertex 15.0021 -9.07192 4.9142
      vertex 14.7749 -9.55224 4.9142
      vertex 15.4026 -9.23784 4.26537
    endloop
  endfacet
  facet normal 0.144736 -0.131171 0.980737
    outer loop
      vertex 13.092 -9.53757 5.5
      vertex 12.8284 -9.82843 5.5
      vertex 13.3696 -10.3696 5.34775
    endloop
  endfacet
  facet normal -0.146746 -0.989174 0
    outer loop
      vertex -11.1705 -12.8847 0
      vertex -10.5881 -12.9711 3.5
      vertex -11.1705 -12.8847 3.5
    endloop
  endfacet
  facet normal -0.146746 -0.989174 -0
    outer loop
      vertex -10.5881 -12.9711 3.5
      vertex -11.1705 -12.8847 0
      vertex -10.5881 -12.9711 0
    endloop
  endfacet
  facet normal 0.146746 -0.989174 0
    outer loop
      vertex 10.5881 -12.9711 0
      vertex 11.1705 -12.8847 3.5
      vertex 10.5881 -12.9711 3.5
    endloop
  endfacet
  facet normal 0.146746 -0.989174 0
    outer loop
      vertex 11.1705 -12.8847 3.5
      vertex 10.5881 -12.9711 0
      vertex 11.1705 -12.8847 0
    endloop
  endfacet
  facet normal 0 0 1
    outer loop
      vertex 13.9807 7.39207 5.5
      vertex 12.9424 7.58527 5.5
      vertex 13 7 5.5
    endloop
  endfacet
  facet normal 0 0 1
    outer loop
      vertex 12.1213 9.12132 5.5
      vertex 13.092 9.53757 5.5
      vertex 12.8284 9.82843 5.5
    endloop
  endfacet
  facet normal 0 0 1
    outer loop
      vertex 13.3259 9.22228 5.5
      vertex 12.7716 8.14806 5.5
      vertex 12.9424 7.58527 5.5
    endloop
  endfacet
  facet normal 0 0 1
    outer loop
      vertex 12.1213 9.12132 5.5
      vertex 12.8284 9.82843 5.5
      vertex 12.5376 10.092 5.5
    endloop
  endfacet
  facet normal 0 0 1
    outer loop
      vertex 13.3259 9.22228 5.5
      vertex 12.4944 8.66672 5.5
      vertex 12.7716 8.14806 5.5
    endloop
  endfacet
  facet normal 0 0 1
    outer loop
      vertex 11.6667 9.49442 5.5
      vertex 12.5376 10.092 5.5
      vertex 12.2223 10.3259 5.5
    endloop
  endfacet
  facet normal 0 0 1
    outer loop
      vertex 13.092 9.53757 5.5
      vertex 12.1213 9.12132 5.5
      vertex 12.4944 8.66672 5.5
    endloop
  endfacet
  facet normal 0 0 1
    outer loop
      vertex 11.6667 9.49442 5.5
      vertex 12.2223 10.3259 5.5
      vertex 11.8856 10.5277 5.5
    endloop
  endfacet
  facet normal 0 0 1
    outer loop
      vertex 12.5376 10.092 5.5
      vertex 11.6667 9.49442 5.5
      vertex 12.1213 9.12132 5.5
    endloop
  endfacet
  facet normal 0 0 1
    outer loop
      vertex 11.1481 9.77164 5.5
      vertex 11.8856 10.5277 5.5
      vertex 11.5307 10.6955 5.5
    endloop
  endfacet
  facet normal 0 0 1
    outer loop
      vertex 11.1481 9.77164 5.5
      vertex 11.5307 10.6955 5.5
      vertex 11.1611 10.8278 5.5
    endloop
  endfacet
  facet normal 0 0 1
    outer loop
      vertex 11.8856 10.5277 5.5
      vertex 11.1481 9.77164 5.5
      vertex 11.6667 9.49442 5.5
    endloop
  endfacet
  facet normal 0 0 1
    outer loop
      vertex 10.5853 9.94235 5.5
      vertex 11.1611 10.8278 5.5
      vertex 10.7804 10.9231 5.5
    endloop
  endfacet
  facet normal 0 0 1
    outer loop
      vertex 11.1611 10.8278 5.5
      vertex 10.5853 9.94235 5.5
      vertex 11.1481 9.77164 5.5
    endloop
  endfacet
  facet normal 0 0 1
    outer loop
      vertex 10.3921 10.9807 5.5
      vertex 10.5853 9.94235 5.5
      vertex 10.7804 10.9231 5.5
    endloop
  endfacet
  facet normal 0 0 1
    outer loop
      vertex 10 10 5.5
      vertex 10.3921 10.9807 5.5
      vertex 10 11 5.5
    endloop
  endfacet
  facet normal 0 0 1
    outer loop
      vertex 10.3921 10.9807 5.5
      vertex 10 10 5.5
      vertex 10.5853 9.94235 5.5
    endloop
  endfacet
  facet normal -0 0 1
    outer loop
      vertex -10 11 5.5
      vertex 10 10 5.5
      vertex 10 11 5.5
    endloop
  endfacet
  facet normal 0 0 1
    outer loop
      vertex -10 11 5.5
      vertex -10 10 5.5
      vertex 10 10 5.5
    endloop
  endfacet
  facet normal -0 0 1
    outer loop
      vertex -10.3921 10.9807 5.5
      vertex -10 10 5.5
      vertex -10 11 5.5
    endloop
  endfacet
  facet normal 0 0 1
    outer loop
      vertex -10.3921 10.9807 5.5
      vertex -10.5853 9.94235 5.5
      vertex -10 10 5.5
    endloop
  endfacet
  facet normal -0 0 1
    outer loop
      vertex -10.7804 10.9231 5.5
      vertex -10.5853 9.94235 5.5
      vertex -10.3921 10.9807 5.5
    endloop
  endfacet
  facet normal -0 0 1
    outer loop
      vertex -11.1611 10.8278 5.5
      vertex -10.5853 9.94235 5.5
      vertex -10.7804 10.9231 5.5
    endloop
  endfacet
  facet normal 0 0 1
    outer loop
      vertex -10.5853 9.94235 5.5
      vertex -11.1611 10.8278 5.5
      vertex -11.1481 9.77164 5.5
    endloop
  endfacet
  facet normal -0 0 1
    outer loop
      vertex -11.5307 10.6955 5.5
      vertex -11.1481 9.77164 5.5
      vertex -11.1611 10.8278 5.5
    endloop
  endfacet
  facet normal -0 0 1
    outer loop
      vertex -11.8856 10.5277 5.5
      vertex -11.1481 9.77164 5.5
      vertex -11.5307 10.6955 5.5
    endloop
  endfacet
  facet normal 0 0 1
    outer loop
      vertex -11.1481 9.77164 5.5
      vertex -11.8856 10.5277 5.5
      vertex -11.6667 9.49442 5.5
    endloop
  endfacet
  facet normal -0 0 1
    outer loop
      vertex -12.2223 10.3259 5.5
      vertex -11.6667 9.49442 5.5
      vertex -11.8856 10.5277 5.5
    endloop
  endfacet
  facet normal -0 0 1
    outer loop
      vertex -12.5376 10.092 5.5
      vertex -11.6667 9.49442 5.5
      vertex -12.2223 10.3259 5.5
    endloop
  endfacet
  facet normal 0 0 1
    outer loop
      vertex -11.6667 9.49442 5.5
      vertex -12.5376 10.092 5.5
      vertex -12.1213 9.12132 5.5
    endloop
  endfacet
  facet normal -0 0 1
    outer loop
      vertex -12.8284 9.82843 5.5
      vertex -12.1213 9.12132 5.5
      vertex -12.5376 10.092 5.5
    endloop
  endfacet
  facet normal -0 0 1
    outer loop
      vertex -13.092 9.53757 5.5
      vertex -12.1213 9.12132 5.5
      vertex -12.8284 9.82843 5.5
    endloop
  endfacet
  facet normal 0 0 1
    outer loop
      vertex -12.1213 9.12132 5.5
      vertex -13.092 9.53757 5.5
      vertex -12.4944 8.66672 5.5
    endloop
  endfacet
  facet normal -0 0 1
    outer loop
      vertex -13.3259 9.22228 5.5
      vertex -12.4944 8.66672 5.5
      vertex -13.092 9.53757 5.5
    endloop
  endfacet
  facet normal -0 0 1
    outer loop
      vertex -13.5277 8.88559 5.5
      vertex -12.4944 8.66672 5.5
      vertex -13.3259 9.22228 5.5
    endloop
  endfacet
  facet normal -0 0 1
    outer loop
      vertex -13.6955 8.53073 5.5
      vertex -12.7716 8.14806 5.5
      vertex -13.5277 8.88559 5.5
    endloop
  endfacet
  facet normal 0 0 1
    outer loop
      vertex -12.4944 8.66672 5.5
      vertex -13.5277 8.88559 5.5
      vertex -12.7716 8.14806 5.5
    endloop
  endfacet
  facet normal 0 0 1
    outer loop
      vertex 13 7 5.5
      vertex 14 7 5.5
      vertex 13.9807 7.39207 5.5
    endloop
  endfacet
  facet normal -0 0 1
    outer loop
      vertex 12.9424 7.58527 5.5
      vertex 13.9807 7.39207 5.5
      vertex 13.9231 7.78036 5.5
    endloop
  endfacet
  facet normal 0 0 1
    outer loop
      vertex 12.9424 7.58527 5.5
      vertex 13.9231 7.78036 5.5
      vertex 13.8278 8.16114 5.5
    endloop
  endfacet
  facet normal 0 0 1
    outer loop
      vertex 12.9424 7.58527 5.5
      vertex 13.8278 8.16114 5.5
      vertex 13.6955 8.53073 5.5
    endloop
  endfacet
  facet normal 0 0 1
    outer loop
      vertex 12.9424 7.58527 5.5
      vertex 13.6955 8.53073 5.5
      vertex 13.5277 8.88559 5.5
    endloop
  endfacet
  facet normal 0 0 1
    outer loop
      vertex 12.9424 7.58527 5.5
      vertex 13.5277 8.88559 5.5
      vertex 13.3259 9.22228 5.5
    endloop
  endfacet
  facet normal 0 0 1
    outer loop
      vertex 12.4944 8.66672 5.5
      vertex 13.3259 9.22228 5.5
      vertex 13.092 9.53757 5.5
    endloop
  endfacet
  facet normal 0 0 1
    outer loop
      vertex 14 7 5.5
      vertex 13 7 5.5
      vertex 14 1.5 5.5
    endloop
  endfacet
  facet normal 0 0 1
    outer loop
      vertex 14 1.5 5.5
      vertex 13 7 5.5
      vertex 13 1.5 5.5
    endloop
  endfacet
  facet normal 0 0 1
    outer loop
      vertex 13 -7 5.5
      vertex 14 -7 5.5
      vertex 14 -1.5 5.5
    endloop
  endfacet
  facet normal 0 0 1
    outer loop
      vertex 14 -7 5.5
      vertex 13 -7 5.5
      vertex 13.9807 -7.39207 5.5
    endloop
  endfacet
  facet normal 0 0 1
    outer loop
      vertex 12.9424 -7.58527 5.5
      vertex 13.9807 -7.39207 5.5
      vertex 13 -7 5.5
    endloop
  endfacet
  facet normal 0 0 1
    outer loop
      vertex 13.9807 -7.39207 5.5
      vertex 12.9424 -7.58527 5.5
      vertex 13.9231 -7.78036 5.5
    endloop
  endfacet
  facet normal 0 0 1
    outer loop
      vertex 13.9231 -7.78036 5.5
      vertex 12.9424 -7.58527 5.5
      vertex 13.8278 -8.16114 5.5
    endloop
  endfacet
  facet normal -0 0 1
    outer loop
      vertex 12.7716 -8.14806 5.5
      vertex 13.8278 -8.16114 5.5
      vertex 12.9424 -7.58527 5.5
    endloop
  endfacet
  facet normal 0 0 1
    outer loop
      vertex 13.8278 -8.16114 5.5
      vertex 12.7716 -8.14806 5.5
      vertex 13.6955 -8.53073 5.5
    endloop
  endfacet
  facet normal 0 0 1
    outer loop
      vertex 13 -7 5.5
      vertex 14 -1.5 5.5
      vertex 13 -1.5 5.5
    endloop
  endfacet
  facet normal 0 0 1
    outer loop
      vertex 13.6955 -8.53073 5.5
      vertex 12.7716 -8.14806 5.5
      vertex 13.5277 -8.88559 5.5
    endloop
  endfacet
  facet normal -0 0 1
    outer loop
      vertex 12.4944 -8.66672 5.5
      vertex 13.5277 -8.88559 5.5
      vertex 12.7716 -8.14806 5.5
    endloop
  endfacet
  facet normal 0 0 1
    outer loop
      vertex 13.5277 -8.88559 5.5
      vertex 12.4944 -8.66672 5.5
      vertex 13.3259 -9.22228 5.5
    endloop
  endfacet
  facet normal 0 0 1
    outer loop
      vertex 13.3259 -9.22228 5.5
      vertex 12.4944 -8.66672 5.5
      vertex 13.092 -9.53757 5.5
    endloop
  endfacet
  facet normal -0 0 1
    outer loop
      vertex 12.1213 -9.12132 5.5
      vertex 13.092 -9.53757 5.5
      vertex 12.4944 -8.66672 5.5
    endloop
  endfacet
  facet normal 0 0 1
    outer loop
      vertex 13.092 -9.53757 5.5
      vertex 12.1213 -9.12132 5.5
      vertex 12.8284 -9.82843 5.5
    endloop
  endfacet
  facet normal 0 0 1
    outer loop
      vertex 12.8284 -9.82843 5.5
      vertex 12.1213 -9.12132 5.5
      vertex 12.5376 -10.092 5.5
    endloop
  endfacet
  facet normal -0 0 1
    outer loop
      vertex 11.6667 -9.49442 5.5
      vertex 12.5376 -10.092 5.5
      vertex 12.1213 -9.12132 5.5
    endloop
  endfacet
  facet normal 0 0 1
    outer loop
      vertex 12.5376 -10.092 5.5
      vertex 11.6667 -9.49442 5.5
      vertex 12.2223 -10.3259 5.5
    endloop
  endfacet
  facet normal 0 0 1
    outer loop
      vertex 12.2223 -10.3259 5.5
      vertex 11.6667 -9.49442 5.5
      vertex 11.8856 -10.5277 5.5
    endloop
  endfacet
  facet normal -0 0 1
    outer loop
      vertex 11.1481 -9.77164 5.5
      vertex 11.8856 -10.5277 5.5
      vertex 11.6667 -9.49442 5.5
    endloop
  endfacet
  facet normal 0 0 1
    outer loop
      vertex 11.8856 -10.5277 5.5
      vertex 11.1481 -9.77164 5.5
      vertex 11.5307 -10.6955 5.5
    endloop
  endfacet
  facet normal 0 0 1
    outer loop
      vertex 11.5307 -10.6955 5.5
      vertex 11.1481 -9.77164 5.5
      vertex 11.1611 -10.8278 5.5
    endloop
  endfacet
  facet normal -0 0 1
    outer loop
      vertex 10.5853 -9.94235 5.5
      vertex 11.1611 -10.8278 5.5
      vertex 11.1481 -9.77164 5.5
    endloop
  endfacet
  facet normal 0 0 1
    outer loop
      vertex 11.1611 -10.8278 5.5
      vertex 10.5853 -9.94235 5.5
      vertex 10.7804 -10.9231 5.5
    endloop
  endfacet
  facet normal 0 0 1
    outer loop
      vertex 10.5853 -9.94235 5.5
      vertex 10.3921 -10.9807 5.5
      vertex 10.7804 -10.9231 5.5
    endloop
  endfacet
  facet normal -0 0 1
    outer loop
      vertex 10 -10 5.5
      vertex 10.3921 -10.9807 5.5
      vertex 10.5853 -9.94235 5.5
    endloop
  endfacet
  facet normal 0 0 1
    outer loop
      vertex 10 -10 5.5
      vertex 10 -11 5.5
      vertex 10.3921 -10.9807 5.5
    endloop
  endfacet
  facet normal -0 0 1
    outer loop
      vertex -10 -10 5.5
      vertex 10 -11 5.5
      vertex 10 -10 5.5
    endloop
  endfacet
  facet normal 0 0 1
    outer loop
      vertex -10 -10 5.5
      vertex -10 -11 5.5
      vertex 10 -11 5.5
    endloop
  endfacet
  facet normal 0 0 1
    outer loop
      vertex -10 -10 5.5
      vertex -10.3921 -10.9807 5.5
      vertex -10 -11 5.5
    endloop
  endfacet
  facet normal 0 0 1
    outer loop
      vertex -10.5853 -9.94235 5.5
      vertex -10.3921 -10.9807 5.5
      vertex -10 -10 5.5
    endloop
  endfacet
  facet normal 0 0 1
    outer loop
      vertex -10.5853 -9.94235 5.5
      vertex -10.7804 -10.9231 5.5
      vertex -10.3921 -10.9807 5.5
    endloop
  endfacet
  facet normal 0 0 1
    outer loop
      vertex -11.1611 -10.8278 5.5
      vertex -10.5853 -9.94235 5.5
      vertex -11.1481 -9.77164 5.5
    endloop
  endfacet
  facet normal 0 0 1
    outer loop
      vertex -10.5853 -9.94235 5.5
      vertex -11.1611 -10.8278 5.5
      vertex -10.7804 -10.9231 5.5
    endloop
  endfacet
  facet normal 0 0 1
    outer loop
      vertex -11.1481 -9.77164 5.5
      vertex -11.5307 -10.6955 5.5
      vertex -11.1611 -10.8278 5.5
    endloop
  endfacet
  facet normal 0 0 1
    outer loop
      vertex -11.8856 -10.5277 5.5
      vertex -11.1481 -9.77164 5.5
      vertex -11.6667 -9.49442 5.5
    endloop
  endfacet
  facet normal 0 0 1
    outer loop
      vertex -11.1481 -9.77164 5.5
      vertex -11.8856 -10.5277 5.5
      vertex -11.5307 -10.6955 5.5
    endloop
  endfacet
  facet normal 0 0 1
    outer loop
      vertex -12.5376 -10.092 5.5
      vertex -11.6667 -9.49442 5.5
      vertex -12.1213 -9.12132 5.5
    endloop
  endfacet
  facet normal 0 0 1
    outer loop
      vertex -11.6667 -9.49442 5.5
      vertex -12.2223 -10.3259 5.5
      vertex -11.8856 -10.5277 5.5
    endloop
  endfacet
  facet normal 0 0 1
    outer loop
      vertex -13.092 -9.53757 5.5
      vertex -12.1213 -9.12132 5.5
      vertex -12.4944 -8.66672 5.5
    endloop
  endfacet
  facet normal 0 0 1
    outer loop
      vertex -11.6667 -9.49442 5.5
      vertex -12.5376 -10.092 5.5
      vertex -12.2223 -10.3259 5.5
    endloop
  endfacet
  facet normal 0 0 1
    outer loop
      vertex -13.5277 -8.88559 5.5
      vertex -12.4944 -8.66672 5.5
      vertex -12.7716 -8.14806 5.5
    endloop
  endfacet
  facet normal 0 0 1
    outer loop
      vertex -12.1213 -9.12132 5.5
      vertex -12.8284 -9.82843 5.5
      vertex -12.5376 -10.092 5.5
    endloop
  endfacet
  facet normal 0 0 1
    outer loop
      vertex -13.8278 -8.16114 5.5
      vertex -12.7716 -8.14806 5.5
      vertex -12.9424 -7.58527 5.5
    endloop
  endfacet
  facet normal -0 0 1
    outer loop
      vertex -13.9807 -7.39207 5.5
      vertex -12.9424 -7.58527 5.5
      vertex -13 -7 5.5
    endloop
  endfacet
  facet normal 0 0 1
    outer loop
      vertex -12.1213 -9.12132 5.5
      vertex -13.092 -9.53757 5.5
      vertex -12.8284 -9.82843 5.5
    endloop
  endfacet
  facet normal 0 0 1
    outer loop
      vertex -13 7 5.5
      vertex -14 7 5.5
      vertex -13 -7 5.5
    endloop
  endfacet
  facet normal -0 0 1
    outer loop
      vertex -13.8278 8.16114 5.5
      vertex -12.7716 8.14806 5.5
      vertex -13.6955 8.53073 5.5
    endloop
  endfacet
  facet normal 0 0 1
    outer loop
      vertex -14 -7 5.5
      vertex -13 -7 5.5
      vertex -14 7 5.5
    endloop
  endfacet
  facet normal 0 0 1
    outer loop
      vertex -12.7716 8.14806 5.5
      vertex -13.8278 8.16114 5.5
      vertex -12.9424 7.58527 5.5
    endloop
  endfacet
  facet normal 0 -0 1
    outer loop
      vertex -13.9807 -7.39207 5.5
      vertex -13 -7 5.5
      vertex -14 -7 5.5
    endloop
  endfacet
  facet normal -0 0 1
    outer loop
      vertex -13.9231 7.78036 5.5
      vertex -12.9424 7.58527 5.5
      vertex -13.8278 8.16114 5.5
    endloop
  endfacet
  facet normal 0 0 1
    outer loop
      vertex -12.4944 -8.66672 5.5
      vertex -13.3259 -9.22228 5.5
      vertex -13.092 -9.53757 5.5
    endloop
  endfacet
  facet normal 0 0 1
    outer loop
      vertex -13.9807 7.39207 5.5
      vertex -12.9424 7.58527 5.5
      vertex -13.9231 7.78036 5.5
    endloop
  endfacet
  facet normal 0 0 1
    outer loop
      vertex -12.4944 -8.66672 5.5
      vertex -13.5277 -8.88559 5.5
      vertex -13.3259 -9.22228 5.5
    endloop
  endfacet
  facet normal 0 0 1
    outer loop
      vertex -12.9424 7.58527 5.5
      vertex -13.9807 7.39207 5.5
      vertex -13 7 5.5
    endloop
  endfacet
  facet normal 0 0 1
    outer loop
      vertex -12.7716 -8.14806 5.5
      vertex -13.6955 -8.53073 5.5
      vertex -13.5277 -8.88559 5.5
    endloop
  endfacet
  facet normal 0 0 1
    outer loop
      vertex -13 7 5.5
      vertex -13.9807 7.39207 5.5
      vertex -14 7 5.5
    endloop
  endfacet
  facet normal 0 0 1
    outer loop
      vertex -12.7716 -8.14806 5.5
      vertex -13.8278 -8.16114 5.5
      vertex -13.6955 -8.53073 5.5
    endloop
  endfacet
  facet normal 0 0 1
    outer loop
      vertex -12.9424 -7.58527 5.5
      vertex -13.9231 -7.78036 5.5
      vertex -13.8278 -8.16114 5.5
    endloop
  endfacet
  facet normal 0 0 1
    outer loop
      vertex -12.9424 -7.58527 5.5
      vertex -13.9807 -7.39207 5.5
      vertex -13.9231 -7.78036 5.5
    endloop
  endfacet
  facet normal -0.555395 -0.0273155 0.831138
    outer loop
      vertex -14.7654 -7 5.34775
      vertex -15.4142 -7 4.9142
      vertex -15.3881 -7.53068 4.9142
    endloop
  endfacet
  facet normal -0.806866 -0.202198 0.555052
    outer loop
      vertex -15.1811 -8.57166 4.9142
      vertex -15.7354 -8.14084 4.26537
      vertex -15.5959 -8.69751 4.26537
    endloop
  endfacet
  facet normal 0.841296 0.504258 0.194798
    outer loop
      vertex 15.2915 9.82838 3.5
      vertex 14.9888 10.3334 3.5
      vertex 15.1573 9.75661 4.26537
    endloop
  endfacet
  facet normal -0.0408562 0.830742 0.555156
    outer loop
      vertex -10 12.4142 4.9142
      vertex -10.5732 12.8196 4.26537
      vertex -10.5307 12.3881 4.9142
    endloop
  endfacet
  facet normal 0.146746 0.989174 -0
    outer loop
      vertex 11.1705 12.8847 0
      vertex 10.5881 12.9711 3.5
      vertex 11.1705 12.8847 3.5
    endloop
  endfacet
  facet normal 0.146746 0.989174 0
    outer loop
      vertex 10.5881 12.9711 3.5
      vertex 11.1705 12.8847 0
      vertex 10.5881 12.9711 0
    endloop
  endfacet
  facet normal 0.237684 0.502716 0.831133
    outer loop
      vertex 12.5522 11.7749 4.9142
      vertex 11.8236 11.4026 5.34775
      vertex 12.2464 11.2027 5.34775
    endloop
  endfacet
  facet normal 0.330396 0.923503 0.194883
    outer loop
      vertex 11.7417 12.7416 3.5
      vertex 11.6975 12.5959 4.26537
      vertex 12.2378 12.4026 4.26537
    endloop
  endfacet
  facet normal 0.550011 0.0815642 0.831165
    outer loop
      vertex 15.3102 8.05626 4.9142
      vertex 14.6738 7.92968 5.34775
      vertex 14.7424 7.46709 5.34775
    endloop
  endfacet
  facet normal 0.979639 0.0480266 0.194937
    outer loop
      vertex 16 7 3.5
      vertex 15.8196 7.57318 4.26537
      vertex 15.8477 7 4.26537
    endloop
  endfacet
  facet normal 0.555395 0.0273155 0.831138
    outer loop
      vertex 15.3881 7.53068 4.9142
      vertex 14.7654 7 5.34775
      vertex 15.4142 7 4.9142
    endloop
  endfacet
  facet normal 0.55004 0.0815254 0.83115
    outer loop
      vertex 15.3102 8.05626 4.9142
      vertex 14.7424 7.46709 5.34775
      vertex 15.3881 7.53068 4.9142
    endloop
  endfacet
  facet normal -0.0481413 0.97965 0.194853
    outer loop
      vertex -10 13 3.5
      vertex -10.5881 12.9711 3.5
      vertex -10.5732 12.8196 4.26537
    endloop
  endfacet
  facet normal -0.539378 -0.135106 0.831154
    outer loop
      vertex -14.5602 -8.38331 5.34775
      vertex -15.3102 -8.05626 4.9142
      vertex -15.1811 -8.57166 4.9142
    endloop
  endfacet
  facet normal 0.841211 -0.504361 0.194894
    outer loop
      vertex 15.1573 -9.75661 4.26537
      vertex 14.8622 -10.2488 4.26537
      vertex 14.9888 -10.3334 3.5
    endloop
  endfacet
  facet normal 0.0480249 -0.979639 0.194937
    outer loop
      vertex 10 -12.8477 4.26537
      vertex 10 -13 3.5
      vertex 10.5732 -12.8196 4.26537
    endloop
  endfacet
  facet normal 0.558539 -0.616302 0.555163
    outer loop
      vertex 13.8284 -10.8284 4.9142
      vertex 13.4347 -11.1852 4.9142
      vertex 14.135 -11.135 4.26537
    endloop
  endfacet
  facet normal -0.0286517 -0.193211 0.980739
    outer loop
      vertex -10.3921 -10.9807 5.5
      vertex -10.9297 -11.6738 5.34775
      vertex -10.4671 -11.7424 5.34775
    endloop
  endfacet
  facet normal -0.0273467 -0.555375 0.83115
    outer loop
      vertex -10.4671 -11.7424 5.34775
      vertex -10.5307 -12.3881 4.9142
      vertex -10 -11.7654 5.34775
    endloop
  endfacet
  facet normal -0.740823 -0.6717 0
    outer loop
      vertex -14.2426 -11.2426 0
      vertex -14.6381 -10.8064 3.5
      vertex -14.6381 -10.8064 0
    endloop
  endfacet
  facet normal -0.740823 -0.6717 0
    outer loop
      vertex -14.6381 -10.8064 3.5
      vertex -14.2426 -11.2426 0
      vertex -14.2426 -11.2426 3.5
    endloop
  endfacet
  facet normal 0 -0.555602 0.831448
    outer loop
      vertex -10 -11.7654 5.34775
      vertex 10 -12.4142 4.9142
      vertex 10 -11.7654 5.34775
    endloop
  endfacet
  facet normal 0 -0.555602 0.831448
    outer loop
      vertex 10 -12.4142 4.9142
      vertex -10 -11.7654 5.34775
      vertex -10 -12.4142 4.9142
    endloop
  endfacet
  facet normal -0.726635 -0.658835 0.194777
    outer loop
      vertex -14.135 -11.135 4.26537
      vertex -14.6381 -10.8064 3.5
      vertex -14.2426 -11.2426 3.5
    endloop
  endfacet
  facet normal -0.8308 -0.0407298 0.555079
    outer loop
      vertex -15.4142 -7 4.9142
      vertex -15.8477 -7 4.26537
      vertex -15.8196 -7.57318 4.26537
    endloop
  endfacet
  facet normal -0.195084 -0.0096032 0.980739
    outer loop
      vertex -14 -7 5.5
      vertex -14.7654 -7 5.34775
      vertex -13.9807 -7.39207 5.5
    endloop
  endfacet
  facet normal -0.6717 -0.740823 0
    outer loop
      vertex -14.2426 -11.2426 0
      vertex -13.8064 -11.6381 3.5
      vertex -14.2426 -11.2426 3.5
    endloop
  endfacet
  facet normal -0.6717 -0.740823 -0
    outer loop
      vertex -13.8064 -11.6381 3.5
      vertex -14.2426 -11.2426 0
      vertex -13.8064 -11.6381 0
    endloop
  endfacet
  facet normal -0.998795 -0.0490821 0
    outer loop
      vertex -15.9711 -7.5881 0
      vertex -16 -7 3.5
      vertex -16 -7 0
    endloop
  endfacet
  facet normal -0.998795 -0.0490821 0
    outer loop
      vertex -16 -7 3.5
      vertex -15.9711 -7.5881 0
      vertex -15.9711 -7.5881 3.5
    endloop
  endfacet
  facet normal -0.980771 0 0.195162
    outer loop
      vertex -16 -7 3.5
      vertex -15.8477 7 4.26537
      vertex -16 7 3.5
    endloop
  endfacet
  facet normal -0.980771 0 0.195162
    outer loop
      vertex -15.8477 7 4.26537
      vertex -16 -7 3.5
      vertex -15.8477 -7 4.26537
    endloop
  endfacet
  facet normal -0.83149 0 0.55554
    outer loop
      vertex -15.8477 -7 4.26537
      vertex -15.4142 7 4.9142
      vertex -15.8477 7 4.26537
    endloop
  endfacet
  facet normal -0.83149 0 0.55554
    outer loop
      vertex -15.4142 7 4.9142
      vertex -15.8477 -7 4.26537
      vertex -15.4142 -7 4.9142
    endloop
  endfacet
  facet normal -0.550011 0.0815642 0.831165
    outer loop
      vertex -14.6738 7.92968 5.34775
      vertex -15.3102 8.05626 4.9142
      vertex -14.7424 7.46709 5.34775
    endloop
  endfacet
  facet normal -0.970217 0.143911 0.194854
    outer loop
      vertex -15.7354 8.14084 4.26537
      vertex -15.9711 7.5881 3.5
      vertex -15.8196 7.57318 4.26537
    endloop
  endfacet
  facet normal -0.970217 0.143923 0.194844
    outer loop
      vertex -15.8847 8.17054 3.5
      vertex -15.9711 7.5881 3.5
      vertex -15.7354 8.14084 4.26537
    endloop
  endfacet
  facet normal -0.584168 0.787886 0.194895
    outer loop
      vertex -13.3334 11.9888 3.5
      vertex -13.8064 11.6381 3.5
      vertex -13.2488 11.8622 4.26537
    endloop
  endfacet
  facet normal 0.951407 0.23842 0.194884
    outer loop
      vertex 15.7416 8.74171 3.5
      vertex 15.5959 8.69751 4.26537
      vertex 15.7354 8.14084 4.26537
    endloop
  endfacet
  facet normal 0.189488 0.0474242 0.980737
    outer loop
      vertex 14.5602 8.38331 5.34775
      vertex 13.8278 8.16114 5.5
      vertex 13.9231 7.78036 5.5
    endloop
  endfacet
  facet normal -0 0.195093 0.980785
    outer loop
      vertex -10 11.7654 5.34775
      vertex 10 11 5.5
      vertex 10 11.7654 5.34775
    endloop
  endfacet
  facet normal 0 0.195093 0.980785
    outer loop
      vertex 10 11 5.5
      vertex -10 11.7654 5.34775
      vertex -10 11 5.5
    endloop
  endfacet
  facet normal -0.0407283 0.8308 0.555079
    outer loop
      vertex -10 12.8477 4.26537
      vertex -10.5732 12.8196 4.26537
      vertex -10 12.4142 4.9142
    endloop
  endfacet
  facet normal -0.0480249 0.979639 0.194937
    outer loop
      vertex -10 13 3.5
      vertex -10.5732 12.8196 4.26537
      vertex -10 12.8477 4.26537
    endloop
  endfacet
  facet normal -0.116375 0.156874 0.980738
    outer loop
      vertex -12.2223 10.3259 5.5
      vertex -12.6475 10.9623 5.34775
      vertex -12.5376 10.092 5.5
    endloop
  endfacet
  facet normal -0.419249 0.886696 0.194939
    outer loop
      vertex -12.2961 12.5433 3.5
      vertex -12.7566 12.1573 4.26537
      vertex -12.2378 12.4026 4.26537
    endloop
  endfacet
  facet normal -0.20219 0.806876 0.555041
    outer loop
      vertex -11.1408 12.7354 4.26537
      vertex -11.6975 12.5959 4.26537
      vertex -11.5717 12.1811 4.9142
    endloop
  endfacet
  facet normal -0.427693 0.713353 0.555163
    outer loop
      vertex -12.7566 12.1573 4.26537
      vertex -13.2488 11.8622 4.26537
      vertex -12.5522 11.7749 4.9142
    endloop
  endfacet
  facet normal -0.122049 0.822744 0.555155
    outer loop
      vertex -10.5732 12.8196 4.26537
      vertex -11.1408 12.7354 4.26537
      vertex -10.5307 12.3881 4.9142
    endloop
  endfacet
  facet normal -0.373398 0.412014 0.831155
    outer loop
      vertex -13.4347 11.1852 4.9142
      vertex -13.8284 10.8284 4.9142
      vertex -13.3696 10.3696 5.34775
    endloop
  endfacet
  facet normal -0.143926 0.970216 0.19485
    outer loop
      vertex -10.5881 12.9711 3.5
      vertex -11.1408 12.7354 4.26537
      vertex -10.5732 12.8196 4.26537
    endloop
  endfacet
  facet normal 0 1 -0
    outer loop
      vertex 10 13 0
      vertex -10 13 3.5
      vertex 10 13 3.5
    endloop
  endfacet
  facet normal 0 1 0
    outer loop
      vertex -10 13 3.5
      vertex 10 13 0
      vertex -10 13 0
    endloop
  endfacet
  facet normal 0.0490821 0.998795 -0
    outer loop
      vertex 10.5881 12.9711 0
      vertex 10 13 3.5
      vertex 10.5881 12.9711 3.5
    endloop
  endfacet
  facet normal 0.0490821 0.998795 0
    outer loop
      vertex 10 13 3.5
      vertex 10.5881 12.9711 0
      vertex 10 13 0
    endloop
  endfacet
  facet normal 0.238358 0.951431 0.194844
    outer loop
      vertex 11.1705 12.8847 3.5
      vertex 11.1408 12.7354 4.26537
      vertex 11.7417 12.7416 3.5
    endloop
  endfacet
  facet normal 0.616302 0.558539 0.555163
    outer loop
      vertex 14.135 11.135 4.26537
      vertex 13.8284 10.8284 4.9142
      vertex 14.1852 10.4347 4.9142
    endloop
  endfacet
  facet normal 0.6717 0.740823 -0
    outer loop
      vertex 14.2426 11.2426 0
      vertex 13.8064 11.6381 3.5
      vertex 14.2426 11.2426 3.5
    endloop
  endfacet
  facet normal 0.6717 0.740823 0
    outer loop
      vertex 13.8064 11.6381 3.5
      vertex 14.2426 11.2426 0
      vertex 13.8064 11.6381 0
    endloop
  endfacet
  facet normal 0.923519 0.330334 0.194918
    outer loop
      vertex 15.5433 9.2961 3.5
      vertex 15.4026 9.23784 4.26537
      vertex 15.7416 8.74171 3.5
    endloop
  endfacet
  facet normal 0.903956 0.427625 0
    outer loop
      vertex 15.5433 9.2961 3.5
      vertex 15.2915 9.82838 0
      vertex 15.2915 9.82838 3.5
    endloop
  endfacet
  facet normal 0.903956 0.427625 0
    outer loop
      vertex 15.2915 9.82838 0
      vertex 15.5433 9.2961 3.5
      vertex 15.5433 9.2961 0
    endloop
  endfacet
  facet normal 0.822745 0.122036 0.555155
    outer loop
      vertex 15.7354 8.14084 4.26537
      vertex 15.3881 7.53068 4.9142
      vertex 15.8196 7.57318 4.26537
    endloop
  endfacet
  facet normal 0.783206 0.280187 0.555053
    outer loop
      vertex 15.4026 9.23784 4.26537
      vertex 15.1811 8.57166 4.9142
      vertex 15.5959 8.69751 4.26537
    endloop
  endfacet
  facet normal 0.980772 0 0.195159
    outer loop
      vertex 15.8477 -1.5 4.26537
      vertex 15.9602 -5.45 3.7
      vertex 15.9602 -1.5 3.7
    endloop
  endfacet
  facet normal 0.980772 -0 0.195159
    outer loop
      vertex 15.8477 -7 4.26537
      vertex 15.9602 -5.45 3.7
      vertex 15.8477 -1.5 4.26537
    endloop
  endfacet
  facet normal 0.980771 1.42694e-06 0.195162
    outer loop
      vertex 16 -7 3.5
      vertex 15.9602 -5.45 3.7
      vertex 15.8477 -7 4.26537
    endloop
  endfacet
  facet normal 0.980769 0 0.195173
    outer loop
      vertex 15.9602 -5.45 3.7
      vertex 16 -7 3.5
      vertex 16 -5.45 3.5
    endloop
  endfacet
  facet normal 0.980771 -5.92964e-07 0.195162
    outer loop
      vertex 15.8477 7 4.26537
      vertex 15.9602 3.27 3.7
      vertex 16 7 3.5
    endloop
  endfacet
  facet normal 0.980772 -0 0.195159
    outer loop
      vertex 15.8477 1.5 4.26537
      vertex 15.9602 3.27 3.7
      vertex 15.8477 7 4.26537
    endloop
  endfacet
  facet normal 0.980772 0 0.195159
    outer loop
      vertex 15.9602 3.27 3.7
      vertex 15.8477 1.5 4.26537
      vertex 15.9602 1.5 3.7
    endloop
  endfacet
  facet normal 0.980769 0 0.195173
    outer loop
      vertex 16 7 3.5
      vertex 15.9602 3.27 3.7
      vertex 16 3.27 3.5
    endloop
  endfacet
  facet normal 0.998795 0.0490821 0
    outer loop
      vertex 16 7 3.5
      vertex 15.9711 7.5881 0
      vertex 15.9711 7.5881 3.5
    endloop
  endfacet
  facet normal 0.998795 0.0490821 0
    outer loop
      vertex 15.9711 7.5881 0
      vertex 16 7 3.5
      vertex 16 7 0
    endloop
  endfacet
  facet normal 0.830742 -0.0408577 0.555156
    outer loop
      vertex 15.4142 -7 4.9142
      vertex 15.3881 -7.53068 4.9142
      vertex 15.8196 -7.57318 4.26537
    endloop
  endfacet
  facet normal 0.555602 0 0.831448
    outer loop
      vertex 14.7654 -1.5 5.34775
      vertex 15.4142 -7 4.9142
      vertex 15.4142 -1.5 4.9142
    endloop
  endfacet
  facet normal 0.555602 0 0.831448
    outer loop
      vertex 15.4142 -7 4.9142
      vertex 14.7654 -1.5 5.34775
      vertex 14.7654 -7 5.34775
    endloop
  endfacet
  facet normal 0.555602 0 0.831448
    outer loop
      vertex 14.7654 7 5.34775
      vertex 15.4142 1.5 4.9142
      vertex 15.4142 7 4.9142
    endloop
  endfacet
  facet normal 0.555602 0 0.831448
    outer loop
      vertex 15.4142 1.5 4.9142
      vertex 14.7654 7 5.34775
      vertex 14.7654 1.5 5.34775
    endloop
  endfacet
  facet normal 0.502691 -0.2377 0.831144
    outer loop
      vertex 14.4026 -8.82363 5.34775
      vertex 14.2027 -9.24638 5.34775
      vertex 14.7749 -9.55224 4.9142
    endloop
  endfacet
  facet normal 0.55004 -0.0815254 0.83115
    outer loop
      vertex 15.3881 -7.53068 4.9142
      vertex 14.7424 -7.46709 5.34775
      vertex 15.3102 -8.05626 4.9142
    endloop
  endfacet
  facet normal 0.783169 -0.280229 0.555084
    outer loop
      vertex 15.1811 -8.57166 4.9142
      vertex 15.0021 -9.07192 4.9142
      vertex 15.4026 -9.23784 4.26537
    endloop
  endfacet
  facet normal 0.476952 -0.285903 0.831129
    outer loop
      vertex 14.7749 -9.55224 4.9142
      vertex 13.9623 -9.6475 5.34775
      vertex 14.5017 -10.008 4.9142
    endloop
  endfacet
  facet normal 0.189488 -0.0474242 0.980737
    outer loop
      vertex 13.9231 -7.78036 5.5
      vertex 13.8278 -8.16114 5.5
      vertex 14.5602 -8.38331 5.34775
    endloop
  endfacet
  facet normal 0.668015 -0.495492 0.555197
    outer loop
      vertex 14.5017 -10.008 4.9142
      vertex 14.1852 -10.4347 4.9142
      vertex 14.5204 -10.7098 4.26537
    endloop
  endfacet
  facet normal 0.187345 -0.52352 0.831161
    outer loop
      vertex 12.0719 -12.0021 4.9142
      vertex 11.3833 -11.5602 5.34775
      vertex 11.5717 -12.1811 4.9142
    endloop
  endfacet
  facet normal 0.28587 -0.476965 0.831134
    outer loop
      vertex 12.6475 -10.9623 5.34775
      vertex 12.2464 -11.2027 5.34775
      vertex 12.5522 -11.7749 4.9142
    endloop
  endfacet
  facet normal 0.176582 -0.0834977 0.980738
    outer loop
      vertex 14.4026 -8.82363 5.34775
      vertex 13.6955 -8.53073 5.5
      vertex 14.2027 -9.24638 5.34775
    endloop
  endfacet
  facet normal 0.427693 -0.713353 0.555163
    outer loop
      vertex 13.2488 -11.8622 4.26537
      vertex 12.5522 -11.7749 4.9142
      vertex 12.7566 -12.1573 4.26537
    endloop
  endfacet
  facet normal 0.135104 -0.539371 0.831159
    outer loop
      vertex 11.3833 -11.5602 5.34775
      vertex 11.0563 -12.3102 4.9142
      vertex 11.5717 -12.1811 4.9142
    endloop
  endfacet
  facet normal -0.336788 -0.94158 0
    outer loop
      vertex -12.2961 -12.5433 0
      vertex -11.7417 -12.7416 3.5
      vertex -12.2961 -12.5433 3.5
    endloop
  endfacet
  facet normal -0.336788 -0.94158 -0
    outer loop
      vertex -11.7417 -12.7416 3.5
      vertex -12.2961 -12.5433 0
      vertex -11.7417 -12.7416 0
    endloop
  endfacet
  facet normal -0.330327 -0.923517 0.194934
    outer loop
      vertex -12.2378 -12.4026 4.26537
      vertex -12.2961 -12.5433 3.5
      vertex -11.7417 -12.7416 3.5
    endloop
  endfacet
  facet normal -0.121949 -0.822801 0.555091
    outer loop
      vertex -11.0563 -12.3102 4.9142
      vertex -11.1408 -12.7354 4.26537
      vertex -10.5307 -12.3881 4.9142
    endloop
  endfacet
  facet normal -0.419419 -0.886643 0.19481
    outer loop
      vertex -12.7566 -12.1573 4.26537
      vertex -12.8284 -12.2915 3.5
      vertex -12.2961 -12.5433 3.5
    endloop
  endfacet
  facet normal -0.668015 -0.495492 0.555197
    outer loop
      vertex -14.5017 -10.008 4.9142
      vertex -14.5204 -10.7098 4.26537
      vertex -14.1852 -10.4347 4.9142
    endloop
  endfacet
  facet normal -0.584168 -0.787886 0.194895
    outer loop
      vertex -13.2488 -11.8622 4.26537
      vertex -13.8064 -11.6381 3.5
      vertex -13.3334 -11.9888 3.5
    endloop
  endfacet
  facet normal 0 -1 0
    outer loop
      vertex -10 -13 0
      vertex 10 -13 3.5
      vertex -10 -13 3.5
    endloop
  endfacet
  facet normal 0 -1 -0
    outer loop
      vertex 10 -13 3.5
      vertex -10 -13 0
      vertex 10 -13 0
    endloop
  endfacet
  facet normal -0.857727 -0.514106 0
    outer loop
      vertex -14.9888 -10.3334 0
      vertex -15.2915 -9.82838 3.5
      vertex -15.2915 -9.82838 0
    endloop
  endfacet
  facet normal -0.857727 -0.514106 0
    outer loop
      vertex -15.2915 -9.82838 3.5
      vertex -14.9888 -10.3334 0
      vertex -14.9888 -10.3334 3.5
    endloop
  endfacet
  facet normal -0.100414 -0.167538 0.980739
    outer loop
      vertex -11.8856 -10.5277 5.5
      vertex -12.6475 -10.9623 5.34775
      vertex -12.2464 -11.2027 5.34775
    endloop
  endfacet
  facet normal -0.783206 -0.280187 0.555053
    outer loop
      vertex -15.1811 -8.57166 4.9142
      vertex -15.5959 -8.69751 4.26537
      vertex -15.4026 -9.23784 4.26537
    endloop
  endfacet
  facet normal -0.989176 -0.146736 0
    outer loop
      vertex -15.8847 -8.17054 0
      vertex -15.9711 -7.5881 3.5
      vertex -15.9711 -7.5881 0
    endloop
  endfacet
  facet normal -0.989176 -0.146736 0
    outer loop
      vertex -15.9711 -7.5881 3.5
      vertex -15.8847 -8.17054 0
      vertex -15.8847 -8.17054 3.5
    endloop
  endfacet
  facet normal -0.806854 -0.202105 0.555104
    outer loop
      vertex -15.3102 -8.05626 4.9142
      vertex -15.7354 -8.14084 4.26537
      vertex -15.1811 -8.57166 4.9142
    endloop
  endfacet
  facet normal -0.8308 0.0407298 0.555079
    outer loop
      vertex -15.8196 7.57318 4.26537
      vertex -15.8477 7 4.26537
      vertex -15.4142 7 4.9142
    endloop
  endfacet
  facet normal -0.979639 -0.0480266 0.194937
    outer loop
      vertex -15.8477 -7 4.26537
      vertex -16 -7 3.5
      vertex -15.8196 -7.57318 4.26537
    endloop
  endfacet
  facet normal -0.998795 0.0490821 0
    outer loop
      vertex -16 7 0
      vertex -15.9711 7.5881 3.5
      vertex -15.9711 7.5881 0
    endloop
  endfacet
  facet normal -0.998795 0.0490821 0
    outer loop
      vertex -15.9711 7.5881 3.5
      vertex -16 7 0
      vertex -16 7 3.5
    endloop
  endfacet
  facet normal -0.523536 0.187329 0.831154
    outer loop
      vertex -15.0021 9.07192 4.9142
      vertex -15.1811 8.57166 4.9142
      vertex -14.5602 8.38331 5.34775
    endloop
  endfacet
  facet normal -0.822794 0.121952 0.555102
    outer loop
      vertex -15.3102 8.05626 4.9142
      vertex -15.7354 8.14084 4.26537
      vertex -15.3881 7.53068 4.9142
    endloop
  endfacet
  facet normal -0.822794 -0.121952 0.555102
    outer loop
      vertex -15.3881 -7.53068 4.9142
      vertex -15.7354 -8.14084 4.26537
      vertex -15.3102 -8.05626 4.9142
    endloop
  endfacet
  facet normal -0.19321 0.0286522 0.980739
    outer loop
      vertex -14.6738 7.92968 5.34775
      vertex -14.7424 7.46709 5.34775
      vertex -13.9807 7.39207 5.5
    endloop
  endfacet
  facet normal -0.941578 0.336794 0
    outer loop
      vertex -15.7416 8.74171 0
      vertex -15.5433 9.2961 3.5
      vertex -15.5433 9.2961 0
    endloop
  endfacet
  facet normal -0.941578 0.336794 0
    outer loop
      vertex -15.5433 9.2961 3.5
      vertex -15.7416 8.74171 0
      vertex -15.7416 8.74171 3.5
    endloop
  endfacet
  facet normal -0.6717 0.740823 0
    outer loop
      vertex -13.8064 11.6381 0
      vertex -14.2426 11.2426 3.5
      vertex -13.8064 11.6381 3.5
    endloop
  endfacet
  facet normal -0.6717 0.740823 0
    outer loop
      vertex -14.2426 11.2426 3.5
      vertex -13.8064 11.6381 0
      vertex -14.2426 11.2426 0
    endloop
  endfacet
  facet normal 0.195084 0.0096032 0.980739
    outer loop
      vertex 14.7654 7 5.34775
      vertex 13.9807 7.39207 5.5
      vertex 14 7 5.5
    endloop
  endfacet
  facet normal 0.195086 0.00960623 0.980739
    outer loop
      vertex 14.7424 7.46709 5.34775
      vertex 13.9807 7.39207 5.5
      vertex 14.7654 7 5.34775
    endloop
  endfacet
  facet normal 0.411996 0.373472 0.831131
    outer loop
      vertex 14.1852 10.4347 4.9142
      vertex 13.3696 10.3696 5.34775
      vertex 13.6837 10.0231 5.34775
    endloop
  endfacet
  facet normal 0.476955 0.285849 0.831146
    outer loop
      vertex 14.7749 9.55224 4.9142
      vertex 13.9623 9.6475 5.34775
      vertex 14.2027 9.24638 5.34775
    endloop
  endfacet
  facet normal 0.144711 0.13118 0.98074
    outer loop
      vertex 13.3696 10.3696 5.34775
      vertex 13.092 9.53757 5.5
      vertex 13.6837 10.0231 5.34775
    endloop
  endfacet
  facet normal 0.0474331 0.189483 0.980738
    outer loop
      vertex 11.3833 11.5602 5.34775
      vertex 10.7804 10.9231 5.5
      vertex 11.1611 10.8278 5.5
    endloop
  endfacet
  facet normal 0.0408562 0.830742 0.555156
    outer loop
      vertex 10.5732 12.8196 4.26537
      vertex 10 12.4142 4.9142
      vertex 10.5307 12.3881 4.9142
    endloop
  endfacet
  facet normal -0.595589 0.803289 0
    outer loop
      vertex -13.3334 11.9888 0
      vertex -13.8064 11.6381 3.5
      vertex -13.3334 11.9888 3.5
    endloop
  endfacet
  facet normal -0.595589 0.803289 0
    outer loop
      vertex -13.8064 11.6381 3.5
      vertex -13.3334 11.9888 0
      vertex -13.8064 11.6381 0
    endloop
  endfacet
  facet normal -0.514121 0.857718 0
    outer loop
      vertex -12.8284 12.2915 0
      vertex -13.3334 11.9888 3.5
      vertex -12.8284 12.2915 3.5
    endloop
  endfacet
  facet normal -0.514121 0.857718 0
    outer loop
      vertex -13.3334 11.9888 3.5
      vertex -12.8284 12.2915 0
      vertex -13.3334 11.9888 0
    endloop
  endfacet
  facet normal -0 0.555602 0.831448
    outer loop
      vertex -10 12.4142 4.9142
      vertex 10 11.7654 5.34775
      vertex 10 12.4142 4.9142
    endloop
  endfacet
  facet normal 0 0.555602 0.831448
    outer loop
      vertex 10 11.7654 5.34775
      vertex -10 12.4142 4.9142
      vertex -10 11.7654 5.34775
    endloop
  endfacet
  facet normal -0.0273145 0.555395 0.831138
    outer loop
      vertex -10 12.4142 4.9142
      vertex -10.5307 12.3881 4.9142
      vertex -10 11.7654 5.34775
    endloop
  endfacet
  facet normal -0.202108 0.806865 0.555087
    outer loop
      vertex -11.1408 12.7354 4.26537
      vertex -11.5717 12.1811 4.9142
      vertex -11.0563 12.3102 4.9142
    endloop
  endfacet
  facet normal 0 0.83149 0.55554
    outer loop
      vertex 10 12.8477 4.26537
      vertex -10 12.4142 4.9142
      vertex 10 12.4142 4.9142
    endloop
  endfacet
  facet normal 0 0.83149 0.55554
    outer loop
      vertex -10 12.4142 4.9142
      vertex 10 12.8477 4.26537
      vertex -10 12.8477 4.26537
    endloop
  endfacet
  facet normal 0 0.980771 0.195162
    outer loop
      vertex 10 13 3.5
      vertex -10 12.8477 4.26537
      vertex 10 12.8477 4.26537
    endloop
  endfacet
  facet normal 0 0.980771 0.195162
    outer loop
      vertex -10 12.8477 4.26537
      vertex 10 13 3.5
      vertex -10 13 3.5
    endloop
  endfacet
  facet normal -0.330327 0.923517 0.194934
    outer loop
      vertex -11.7417 12.7416 3.5
      vertex -12.2961 12.5433 3.5
      vertex -12.2378 12.4026 4.26537
    endloop
  endfacet
  facet normal -0.238408 0.95141 0.194884
    outer loop
      vertex -11.1408 12.7354 4.26537
      vertex -11.7417 12.7416 3.5
      vertex -11.6975 12.5959 4.26537
    endloop
  endfacet
  facet normal -0.121949 0.822801 0.555091
    outer loop
      vertex -10.5307 12.3881 4.9142
      vertex -11.1408 12.7354 4.26537
      vertex -11.0563 12.3102 4.9142
    endloop
  endfacet
  facet normal -0.0490821 0.998795 0
    outer loop
      vertex -10 13 0
      vertex -10.5881 12.9711 3.5
      vertex -10 13 3.5
    endloop
  endfacet
  facet normal -0.0490821 0.998795 0
    outer loop
      vertex -10.5881 12.9711 3.5
      vertex -10 13 0
      vertex -10.5881 12.9711 0
    endloop
  endfacet
  facet normal 0.0481413 0.97965 0.194853
    outer loop
      vertex 10.5881 12.9711 3.5
      vertex 10 13 3.5
      vertex 10.5732 12.8196 4.26537
    endloop
  endfacet
  facet normal 0.143926 0.970216 0.19485
    outer loop
      vertex 10.5881 12.9711 3.5
      vertex 10.5732 12.8196 4.26537
      vertex 11.1408 12.7354 4.26537
    endloop
  endfacet
  facet normal 0.122049 0.822744 0.555155
    outer loop
      vertex 10.5732 12.8196 4.26537
      vertex 10.5307 12.3881 4.9142
      vertex 11.1408 12.7354 4.26537
    endloop
  endfacet
  facet normal 0.238408 0.95141 0.194884
    outer loop
      vertex 11.7417 12.7416 3.5
      vertex 11.1408 12.7354 4.26537
      vertex 11.6975 12.5959 4.26537
    endloop
  endfacet
  facet normal 0.243015 0.970023 -0
    outer loop
      vertex 11.7417 12.7416 0
      vertex 11.1705 12.8847 3.5
      vertex 11.7417 12.7416 3.5
    endloop
  endfacet
  facet normal 0.243015 0.970023 0
    outer loop
      vertex 11.1705 12.8847 3.5
      vertex 11.7417 12.7416 0
      vertex 11.1705 12.8847 0
    endloop
  endfacet
  facet normal 0.668165 0.495399 0.5551
    outer loop
      vertex 14.5204 10.7098 4.26537
      vertex 14.5017 10.008 4.9142
      vertex 14.8622 10.2488 4.26537
    endloop
  endfacet
  facet normal 0.787886 0.584168 0.194895
    outer loop
      vertex 14.9888 10.3334 3.5
      vertex 14.6381 10.8064 3.5
      vertex 14.8622 10.2488 4.26537
    endloop
  endfacet
  facet normal 0.658701 0.726725 0.194894
    outer loop
      vertex 13.8064 11.6381 3.5
      vertex 13.7098 11.5204 4.26537
      vertex 14.135 11.135 4.26537
    endloop
  endfacet
  facet normal 0.658835 0.726635 0.194777
    outer loop
      vertex 14.2426 11.2426 3.5
      vertex 13.8064 11.6381 3.5
      vertex 14.135 11.135 4.26537
    endloop
  endfacet
  facet normal 0.941578 0.336794 0
    outer loop
      vertex 15.7416 8.74171 3.5
      vertex 15.5433 9.2961 0
      vertex 15.5433 9.2961 3.5
    endloop
  endfacet
  facet normal 0.941578 0.336794 0
    outer loop
      vertex 15.5433 9.2961 0
      vertex 15.7416 8.74171 3.5
      vertex 15.7416 8.74171 0
    endloop
  endfacet
  facet normal 0.88664 0.419433 0.194794
    outer loop
      vertex 15.2915 9.82838 3.5
      vertex 15.1573 9.75661 4.26537
      vertex 15.5433 9.2961 3.5
    endloop
  endfacet
  facet normal 0.970019 0.243027 0
    outer loop
      vertex 15.8847 8.17054 3.5
      vertex 15.7416 8.74171 0
      vertex 15.7416 8.74171 3.5
    endloop
  endfacet
  facet normal 0.970019 0.243027 0
    outer loop
      vertex 15.7416 8.74171 0
      vertex 15.8847 8.17054 3.5
      vertex 15.8847 8.17054 0
    endloop
  endfacet
  facet normal 0.989176 0.146736 0
    outer loop
      vertex 15.9711 7.5881 3.5
      vertex 15.8847 8.17054 0
      vertex 15.8847 8.17054 3.5
    endloop
  endfacet
  facet normal 0.989176 0.146736 0
    outer loop
      vertex 15.8847 8.17054 0
      vertex 15.9711 7.5881 3.5
      vertex 15.9711 7.5881 0
    endloop
  endfacet
  facet normal 0.951428 0.238369 0.194844
    outer loop
      vertex 15.7416 8.74171 3.5
      vertex 15.7354 8.14084 4.26537
      vertex 15.8847 8.17054 3.5
    endloop
  endfacet
  facet normal 1 0 0
    outer loop
      vertex 16 -5.45 3.5
      vertex 16 -7 3.5
      vertex 16 -5.45 0.8
    endloop
  endfacet
  facet normal 1 0 0
    outer loop
      vertex 16 -1.5 0.8
      vertex 16 -5.45 0.8
      vertex 16 -1.5 0.799999
    endloop
  endfacet
  facet normal 1 0 0
    outer loop
      vertex 16 3.27 0.8
      vertex 16 7 3.5
      vertex 16 3.27 3.5
    endloop
  endfacet
  facet normal 1 0 0
    outer loop
      vertex 16 7 3.5
      vertex 16 3.27 0.8
      vertex 16 7 0
    endloop
  endfacet
  facet normal 1 0 0
    outer loop
      vertex 16 1.5 0.799999
      vertex 16 3.27 0.8
      vertex 16 1.5 0.8
    endloop
  endfacet
  facet normal 1 0 0
    outer loop
      vertex 16 3.27 0.8
      vertex 16 1.5 0.799999
      vertex 16 7 0
    endloop
  endfacet
  facet normal 1 -0 0
    outer loop
      vertex 16 -1.5 0.799999
      vertex 16 7 0
      vertex 16 1.5 0.799999
    endloop
  endfacet
  facet normal 1 0 0
    outer loop
      vertex 16 -7 0
      vertex 16 -1.5 0.799999
      vertex 16 -5.45 0.8
    endloop
  endfacet
  facet normal 1 0 0
    outer loop
      vertex 16 -1.5 0.799999
      vertex 16 -7 0
      vertex 16 7 0
    endloop
  endfacet
  facet normal 1 0 0
    outer loop
      vertex 16 -7 0
      vertex 16 -5.45 0.8
      vertex 16 -7 3.5
    endloop
  endfacet
  facet normal 0.830742 0.0408577 0.555156
    outer loop
      vertex 15.8196 7.57318 4.26537
      vertex 15.3881 7.53068 4.9142
      vertex 15.4142 7 4.9142
    endloop
  endfacet
  facet normal 0 -0.195093 0.980785
    outer loop
      vertex -10 -11 5.5
      vertex 10 -11.7654 5.34775
      vertex 10 -11 5.5
    endloop
  endfacet
  facet normal 0 -0.195093 0.980785
    outer loop
      vertex 10 -11.7654 5.34775
      vertex -10 -11 5.5
      vertex -10 -11.7654 5.34775
    endloop
  endfacet
  facet normal -0.00960247 -0.195084 0.980739
    outer loop
      vertex -10 -11 5.5
      vertex -10.3921 -10.9807 5.5
      vertex -10 -11.7654 5.34775
    endloop
  endfacet
  facet normal 0.331281 -0.446624 0.831132
    outer loop
      vertex 13.0231 -10.6837 5.34775
      vertex 12.6475 -10.9623 5.34775
      vertex 13.4347 -11.1852 4.9142
    endloop
  endfacet
  facet normal 0.803289 -0.595589 0
    outer loop
      vertex 14.6381 -10.8064 3.5
      vertex 14.9888 -10.3334 0
      vertex 14.9888 -10.3334 3.5
    endloop
  endfacet
  facet normal 0.803289 -0.595589 0
    outer loop
      vertex 14.9888 -10.3334 0
      vertex 14.6381 -10.8064 3.5
      vertex 14.6381 -10.8064 0
    endloop
  endfacet
  facet normal 0.584165 -0.787888 0.194892
    outer loop
      vertex 13.7098 -11.5204 4.26537
      vertex 13.2488 -11.8622 4.26537
      vertex 13.8064 -11.6381 3.5
    endloop
  endfacet
  facet normal 0.970019 -0.243027 0
    outer loop
      vertex 15.7416 -8.74171 3.5
      vertex 15.8847 -8.17054 0
      vertex 15.8847 -8.17054 3.5
    endloop
  endfacet
  facet normal 0.970019 -0.243027 0
    outer loop
      vertex 15.8847 -8.17054 0
      vertex 15.7416 -8.74171 3.5
      vertex 15.7416 -8.74171 0
    endloop
  endfacet
  facet normal 0.88669 -0.419271 0.194917
    outer loop
      vertex 15.4026 -9.23784 4.26537
      vertex 15.1573 -9.75661 4.26537
      vertex 15.5433 -9.2961 3.5
    endloop
  endfacet
  facet normal 0.806866 -0.202198 0.555052
    outer loop
      vertex 15.7354 -8.14084 4.26537
      vertex 15.1811 -8.57166 4.9142
      vertex 15.5959 -8.69751 4.26537
    endloop
  endfacet
  facet normal 0.373398 -0.412014 0.831155
    outer loop
      vertex 13.8284 -10.8284 4.9142
      vertex 13.3696 -10.3696 5.34775
      vertex 13.4347 -11.1852 4.9142
    endloop
  endfacet
  facet normal 0.787888 -0.584165 0.194892
    outer loop
      vertex 14.8622 -10.2488 4.26537
      vertex 14.5204 -10.7098 4.26537
      vertex 14.6381 -10.8064 3.5
    endloop
  endfacet
  facet normal 0.116375 -0.156874 0.980738
    outer loop
      vertex 12.5376 -10.092 5.5
      vertex 12.2223 -10.3259 5.5
      vertex 12.6475 -10.9623 5.34775
    endloop
  endfacet
  facet normal 0.446626 -0.33128 0.831131
    outer loop
      vertex 14.5017 -10.008 4.9142
      vertex 13.9623 -9.6475 5.34775
      vertex 14.1852 -10.4347 4.9142
    endloop
  endfacet
  facet normal 0.502624 -0.23775 0.83117
    outer loop
      vertex 15.0021 -9.07192 4.9142
      vertex 14.4026 -8.82363 5.34775
      vertex 14.7749 -9.55224 4.9142
    endloop
  endfacet
  facet normal 0.539369 -0.135071 0.831166
    outer loop
      vertex 14.6738 -7.92968 5.34775
      vertex 14.5602 -8.38331 5.34775
      vertex 15.3102 -8.05626 4.9142
    endloop
  endfacet
  facet normal 0.195086 -0.00960623 0.980739
    outer loop
      vertex 14.7654 -7 5.34775
      vertex 13.9807 -7.39207 5.5
      vertex 14.7424 -7.46709 5.34775
    endloop
  endfacet
  facet normal 0.176581 -0.0834984 0.980738
    outer loop
      vertex 13.6955 -8.53073 5.5
      vertex 13.5277 -8.88559 5.5
      vertex 14.2027 -9.24638 5.34775
    endloop
  endfacet
  facet normal -0.0273145 -0.555395 0.831138
    outer loop
      vertex -10 -11.7654 5.34775
      vertex -10.5307 -12.3881 4.9142
      vertex -10 -12.4142 4.9142
    endloop
  endfacet
  facet normal 0.336788 -0.94158 0
    outer loop
      vertex 11.7417 -12.7416 0
      vertex 12.2961 -12.5433 3.5
      vertex 11.7417 -12.7416 3.5
    endloop
  endfacet
  facet normal 0.336788 -0.94158 0
    outer loop
      vertex 12.2961 -12.5433 3.5
      vertex 11.7417 -12.7416 0
      vertex 12.2961 -12.5433 0
    endloop
  endfacet
  facet normal -0.143933 -0.970216 0.194844
    outer loop
      vertex -11.1408 -12.7354 4.26537
      vertex -11.1705 -12.8847 3.5
      vertex -10.5881 -12.9711 3.5
    endloop
  endfacet
  facet normal 0.427612 -0.903962 0
    outer loop
      vertex 12.2961 -12.5433 0
      vertex 12.8284 -12.2915 3.5
      vertex 12.2961 -12.5433 3.5
    endloop
  endfacet
  facet normal 0.427612 -0.903962 0
    outer loop
      vertex 12.8284 -12.2915 3.5
      vertex 12.2961 -12.5433 0
      vertex 12.8284 -12.2915 0
    endloop
  endfacet
  facet normal 0.280205 -0.78321 0.555038
    outer loop
      vertex 12.2378 -12.4026 4.26537
      vertex 11.5717 -12.1811 4.9142
      vertex 11.6975 -12.5959 4.26537
    endloop
  endfacet
  facet normal 0 -0.83149 0.55554
    outer loop
      vertex -10 -12.8477 4.26537
      vertex 10 -12.4142 4.9142
      vertex -10 -12.4142 4.9142
    endloop
  endfacet
  facet normal 0 -0.83149 0.55554
    outer loop
      vertex 10 -12.4142 4.9142
      vertex -10 -12.8477 4.26537
      vertex 10 -12.8477 4.26537
    endloop
  endfacet
  facet normal -0.202108 -0.806865 0.555087
    outer loop
      vertex -11.0563 -12.3102 4.9142
      vertex -11.5717 -12.1811 4.9142
      vertex -11.1408 -12.7354 4.26537
    endloop
  endfacet
  facet normal -0.135104 -0.539371 0.831159
    outer loop
      vertex -11.3833 -11.5602 5.34775
      vertex -11.5717 -12.1811 4.9142
      vertex -11.0563 -12.3102 4.9142
    endloop
  endfacet
  facet normal -0.20219 -0.806876 0.555041
    outer loop
      vertex -11.5717 -12.1811 4.9142
      vertex -11.6975 -12.5959 4.26537
      vertex -11.1408 -12.7354 4.26537
    endloop
  endfacet
  facet normal -0.658835 -0.726635 0.194777
    outer loop
      vertex -14.135 -11.135 4.26537
      vertex -14.2426 -11.2426 3.5
      vertex -13.8064 -11.6381 3.5
    endloop
  endfacet
  facet normal -0.280205 -0.78321 0.555038
    outer loop
      vertex -11.5717 -12.1811 4.9142
      vertex -12.2378 -12.4026 4.26537
      vertex -11.6975 -12.5959 4.26537
    endloop
  endfacet
  facet normal -0.28587 -0.476965 0.831134
    outer loop
      vertex -12.2464 -11.2027 5.34775
      vertex -12.6475 -10.9623 5.34775
      vertex -12.5522 -11.7749 4.9142
    endloop
  endfacet
  facet normal -0.514121 -0.857718 0
    outer loop
      vertex -13.3334 -11.9888 0
      vertex -12.8284 -12.2915 3.5
      vertex -13.3334 -11.9888 3.5
    endloop
  endfacet
  facet normal -0.514121 -0.857718 -0
    outer loop
      vertex -12.8284 -12.2915 3.5
      vertex -13.3334 -11.9888 0
      vertex -12.8284 -12.2915 0
    endloop
  endfacet
  facet normal -0.595589 -0.803289 0
    outer loop
      vertex -13.8064 -11.6381 0
      vertex -13.3334 -11.9888 3.5
      vertex -13.8064 -11.6381 3.5
    endloop
  endfacet
  facet normal -0.595589 -0.803289 -0
    outer loop
      vertex -13.3334 -11.9888 3.5
      vertex -13.8064 -11.6381 0
      vertex -13.3334 -11.9888 0
    endloop
  endfacet
  facet normal 0.0490821 -0.998795 0
    outer loop
      vertex 10 -13 0
      vertex 10.5881 -12.9711 3.5
      vertex 10 -13 3.5
    endloop
  endfacet
  facet normal 0.0490821 -0.998795 0
    outer loop
      vertex 10.5881 -12.9711 3.5
      vertex 10 -13 0
      vertex 10.5881 -12.9711 0
    endloop
  endfacet
  facet normal -0.100414 -0.167539 0.980738
    outer loop
      vertex -12.2223 -10.3259 5.5
      vertex -12.6475 -10.9623 5.34775
      vertex -11.8856 -10.5277 5.5
    endloop
  endfacet
  facet normal -0.502691 -0.2377 0.831144
    outer loop
      vertex -14.4026 -8.82363 5.34775
      vertex -14.7749 -9.55224 4.9142
      vertex -14.2027 -9.24638 5.34775
    endloop
  endfacet
  facet normal -0.970217 -0.143923 0.194844
    outer loop
      vertex -15.7354 -8.14084 4.26537
      vertex -15.9711 -7.5881 3.5
      vertex -15.8847 -8.17054 3.5
    endloop
  endfacet
  facet normal -0.33128 -0.446626 0.831131
    outer loop
      vertex -12.6475 -10.9623 5.34775
      vertex -13.4347 -11.1852 4.9142
      vertex -13.008 -11.5017 4.9142
    endloop
  endfacet
  facet normal -0.427693 -0.713353 0.555163
    outer loop
      vertex -12.5522 -11.7749 4.9142
      vertex -13.2488 -11.8622 4.26537
      vertex -12.7566 -12.1573 4.26537
    endloop
  endfacet
  facet normal -0.446626 -0.33128 0.831131
    outer loop
      vertex -13.9623 -9.6475 5.34775
      vertex -14.5017 -10.008 4.9142
      vertex -14.1852 -10.4347 4.9142
    endloop
  endfacet
  facet normal -0.584165 -0.787888 0.194892
    outer loop
      vertex -13.7098 -11.5204 4.26537
      vertex -13.8064 -11.6381 3.5
      vertex -13.2488 -11.8622 4.26537
    endloop
  endfacet
  facet normal -0.495399 -0.668165 0.5551
    outer loop
      vertex -13.008 -11.5017 4.9142
      vertex -13.7098 -11.5204 4.26537
      vertex -13.2488 -11.8622 4.26537
    endloop
  endfacet
  facet normal -0.658701 -0.726725 0.194894
    outer loop
      vertex -13.7098 -11.5204 4.26537
      vertex -14.135 -11.135 4.26537
      vertex -13.8064 -11.6381 3.5
    endloop
  endfacet
  facet normal -0.97965 -0.0481413 0.194854
    outer loop
      vertex -15.8196 -7.57318 4.26537
      vertex -16 -7 3.5
      vertex -15.9711 -7.5881 3.5
    endloop
  endfacet
  facet normal -0.979639 0.0480266 0.194937
    outer loop
      vertex -15.8196 7.57318 4.26537
      vertex -16 7 3.5
      vertex -15.8477 7 4.26537
    endloop
  endfacet
  facet normal -0.841296 0.504258 0.194798
    outer loop
      vertex -14.9888 10.3334 3.5
      vertex -15.2915 9.82838 3.5
      vertex -15.1573 9.75661 4.26537
    endloop
  endfacet
  facet normal -0.970019 0.243027 0
    outer loop
      vertex -15.8847 8.17054 0
      vertex -15.7416 8.74171 3.5
      vertex -15.7416 8.74171 0
    endloop
  endfacet
  facet normal -0.970019 0.243027 0
    outer loop
      vertex -15.7416 8.74171 3.5
      vertex -15.8847 8.17054 0
      vertex -15.8847 8.17054 3.5
    endloop
  endfacet
  facet normal -0.740823 0.6717 0
    outer loop
      vertex -14.6381 10.8064 0
      vertex -14.2426 11.2426 3.5
      vertex -14.2426 11.2426 0
    endloop
  endfacet
  facet normal -0.740823 0.6717 0
    outer loop
      vertex -14.2426 11.2426 3.5
      vertex -14.6381 10.8064 0
      vertex -14.6381 10.8064 3.5
    endloop
  endfacet
  facet normal -0.176582 0.0834977 0.980738
    outer loop
      vertex -14.2027 9.24638 5.34775
      vertex -14.4026 8.82363 5.34775
      vertex -13.6955 8.53073 5.5
    endloop
  endfacet
  facet normal -0.806854 0.202105 0.555104
    outer loop
      vertex -15.1811 8.57166 4.9142
      vertex -15.7354 8.14084 4.26537
      vertex -15.3102 8.05626 4.9142
    endloop
  endfacet
  facet normal -0.830742 0.0408577 0.555156
    outer loop
      vertex -15.3881 7.53068 4.9142
      vertex -15.8196 7.57318 4.26537
      vertex -15.4142 7 4.9142
    endloop
  endfacet
  facet normal -0.787888 0.584165 0.194892
    outer loop
      vertex -14.6381 10.8064 3.5
      vertex -14.8622 10.2488 4.26537
      vertex -14.5204 10.7098 4.26537
    endloop
  endfacet
  facet normal 0.195093 0 0.980785
    outer loop
      vertex 14 -1.5 5.5
      vertex 14.7654 -7 5.34775
      vertex 14.7654 -1.5 5.34775
    endloop
  endfacet
  facet normal 0.195093 0 0.980785
    outer loop
      vertex 14.7654 -7 5.34775
      vertex 14 -1.5 5.5
      vertex 14 -7 5.5
    endloop
  endfacet
  facet normal 0.195093 0 0.980785
    outer loop
      vertex 14 7 5.5
      vertex 14.7654 1.5 5.34775
      vertex 14.7654 7 5.34775
    endloop
  endfacet
  facet normal 0.195093 0 0.980785
    outer loop
      vertex 14.7654 1.5 5.34775
      vertex 14 7 5.5
      vertex 14 1.5 5.5
    endloop
  endfacet
  facet normal 0.806866 0.202198 0.555052
    outer loop
      vertex 15.5959 8.69751 4.26537
      vertex 15.1811 8.57166 4.9142
      vertex 15.7354 8.14084 4.26537
    endloop
  endfacet
  facet normal 0.189467 0.0474471 0.98074
    outer loop
      vertex 14.5602 8.38331 5.34775
      vertex 13.9231 7.78036 5.5
      vertex 14.6738 7.92968 5.34775
    endloop
  endfacet
  facet normal 0.495399 0.668165 0.5551
    outer loop
      vertex 13.2488 11.8622 4.26537
      vertex 13.008 11.5017 4.9142
      vertex 13.7098 11.5204 4.26537
    endloop
  endfacet
  facet normal 0.0834895 0.176585 0.980738
    outer loop
      vertex 11.8236 11.4026 5.34775
      vertex 11.5307 10.6955 5.5
      vertex 12.2464 11.2027 5.34775
    endloop
  endfacet
  facet normal 0.446626 0.33128 0.831131
    outer loop
      vertex 14.1852 10.4347 4.9142
      vertex 13.9623 9.6475 5.34775
      vertex 14.5017 10.008 4.9142
    endloop
  endfacet
  facet normal 0.523536 0.187329 0.831154
    outer loop
      vertex 15.0021 9.07192 4.9142
      vertex 14.5602 8.38331 5.34775
      vertex 15.1811 8.57166 4.9142
    endloop
  endfacet
  facet normal 0.412014 0.373398 0.831155
    outer loop
      vertex 13.8284 10.8284 4.9142
      vertex 13.3696 10.3696 5.34775
      vertex 14.1852 10.4347 4.9142
    endloop
  endfacet
  facet normal 0.183904 0.0658312 0.980737
    outer loop
      vertex 14.5602 8.38331 5.34775
      vertex 13.6955 8.53073 5.5
      vertex 13.8278 8.16114 5.5
    endloop
  endfacet
  facet normal 0.373472 0.411996 0.831131
    outer loop
      vertex 13.4347 11.1852 4.9142
      vertex 13.0231 10.6837 5.34775
      vertex 13.3696 10.3696 5.34775
    endloop
  endfacet
  facet normal 0.0658287 0.183902 0.980738
    outer loop
      vertex 11.3833 11.5602 5.34775
      vertex 11.1611 10.8278 5.5
      vertex 11.5307 10.6955 5.5
    endloop
  endfacet
  facet normal -0.144711 0.13118 0.98074
    outer loop
      vertex -13.3696 10.3696 5.34775
      vertex -13.6837 10.0231 5.34775
      vertex -13.092 9.53757 5.5
    endloop
  endfacet
  facet normal -0.135104 0.539371 0.831159
    outer loop
      vertex -11.0563 12.3102 4.9142
      vertex -11.5717 12.1811 4.9142
      vertex -11.3833 11.5602 5.34775
    endloop
  endfacet
  facet normal -0.616302 0.558539 0.555163
    outer loop
      vertex -14.135 11.135 4.26537
      vertex -14.1852 10.4347 4.9142
      vertex -13.8284 10.8284 4.9142
    endloop
  endfacet
  facet normal -0.15687 0.116375 0.980739
    outer loop
      vertex -13.092 9.53757 5.5
      vertex -13.9623 9.6475 5.34775
      vertex -13.3259 9.22228 5.5
    endloop
  endfacet
  facet normal -0.0815222 0.550039 0.83115
    outer loop
      vertex -10.5307 12.3881 4.9142
      vertex -11.0563 12.3102 4.9142
      vertex -10.4671 11.7424 5.34775
    endloop
  endfacet
  facet normal -0.0815622 0.55001 0.831166
    outer loop
      vertex -10.4671 11.7424 5.34775
      vertex -11.0563 12.3102 4.9142
      vertex -10.9297 11.6738 5.34775
    endloop
  endfacet
  facet normal -0.419419 0.886643 0.19481
    outer loop
      vertex -12.2961 12.5433 3.5
      vertex -12.8284 12.2915 3.5
      vertex -12.7566 12.1573 4.26537
    endloop
  endfacet
  facet normal -0.330396 0.923503 0.194883
    outer loop
      vertex -11.7417 12.7416 3.5
      vertex -12.2378 12.4026 4.26537
      vertex -11.6975 12.5959 4.26537
    endloop
  endfacet
  facet normal -0.280205 0.78321 0.555038
    outer loop
      vertex -11.6975 12.5959 4.26537
      vertex -12.2378 12.4026 4.26537
      vertex -11.5717 12.1811 4.9142
    endloop
  endfacet
  facet normal -0.135079 0.539365 0.831168
    outer loop
      vertex -11.0563 12.3102 4.9142
      vertex -11.3833 11.5602 5.34775
      vertex -10.9297 11.6738 5.34775
    endloop
  endfacet
  facet normal -0.00960247 0.195084 0.980739
    outer loop
      vertex -10 11.7654 5.34775
      vertex -10.3921 10.9807 5.5
      vertex -10 11 5.5
    endloop
  endfacet
  facet normal -0.336788 0.94158 0
    outer loop
      vertex -11.7417 12.7416 0
      vertex -12.2961 12.5433 3.5
      vertex -11.7417 12.7416 3.5
    endloop
  endfacet
  facet normal -0.336788 0.94158 0
    outer loop
      vertex -12.2961 12.5433 3.5
      vertex -11.7417 12.7416 0
      vertex -12.2961 12.5433 0
    endloop
  endfacet
  facet normal 0.0480249 0.979639 0.194937
    outer loop
      vertex 10 13 3.5
      vertex 10 12.8477 4.26537
      vertex 10.5732 12.8196 4.26537
    endloop
  endfacet
  facet normal 0.0407283 0.8308 0.555079
    outer loop
      vertex 10 12.8477 4.26537
      vertex 10 12.4142 4.9142
      vertex 10.5732 12.8196 4.26537
    endloop
  endfacet
  facet normal 0.427612 0.903962 -0
    outer loop
      vertex 12.8284 12.2915 0
      vertex 12.2961 12.5433 3.5
      vertex 12.8284 12.2915 3.5
    endloop
  endfacet
  facet normal 0.427612 0.903962 0
    outer loop
      vertex 12.2961 12.5433 3.5
      vertex 12.8284 12.2915 0
      vertex 12.2961 12.5433 0
    endloop
  endfacet
  facet normal 0.88669 0.419271 0.194917
    outer loop
      vertex 15.5433 9.2961 3.5
      vertex 15.1573 9.75661 4.26537
      vertex 15.4026 9.23784 4.26537
    endloop
  endfacet
  facet normal 0.726635 0.658835 0.194777
    outer loop
      vertex 14.2426 11.2426 3.5
      vertex 14.135 11.135 4.26537
      vertex 14.6381 10.8064 3.5
    endloop
  endfacet
  facet normal 0.419249 0.886696 0.194939
    outer loop
      vertex 12.2961 12.5433 3.5
      vertex 12.2378 12.4026 4.26537
      vertex 12.7566 12.1573 4.26537
    endloop
  endfacet
  facet normal 0.584168 0.787886 0.194895
    outer loop
      vertex 13.3334 11.9888 3.5
      vertex 13.2488 11.8622 4.26537
      vertex 13.8064 11.6381 3.5
    endloop
  endfacet
  facet normal 0.923509 0.33038 0.194884
    outer loop
      vertex 15.7416 8.74171 3.5
      vertex 15.4026 9.23784 4.26537
      vertex 15.5959 8.69751 4.26537
    endloop
  endfacet
  facet normal 0.502624 0.23775 0.83117
    outer loop
      vertex 14.7749 9.55224 4.9142
      vertex 14.4026 8.82363 5.34775
      vertex 15.0021 9.07192 4.9142
    endloop
  endfacet
  facet normal 0.970217 0.143923 0.194844
    outer loop
      vertex 15.8847 8.17054 3.5
      vertex 15.7354 8.14084 4.26537
      vertex 15.9711 7.5881 3.5
    endloop
  endfacet
  facet normal 0.970217 0.143911 0.194854
    outer loop
      vertex 15.9711 7.5881 3.5
      vertex 15.7354 8.14084 4.26537
      vertex 15.8196 7.57318 4.26537
    endloop
  endfacet
  facet normal 0.97965 0.0481413 0.194854
    outer loop
      vertex 15.9711 7.5881 3.5
      vertex 15.8196 7.57318 4.26537
      vertex 16 7 3.5
    endloop
  endfacet
  facet normal 0.195084 -0.0096032 0.980739
    outer loop
      vertex 14 -7 5.5
      vertex 13.9807 -7.39207 5.5
      vertex 14.7654 -7 5.34775
    endloop
  endfacet
  facet normal 0.555376 -0.0273473 0.83115
    outer loop
      vertex 14.7654 -7 5.34775
      vertex 14.7424 -7.46709 5.34775
      vertex 15.3881 -7.53068 4.9142
    endloop
  endfacet
  facet normal 0.0286517 -0.193211 0.980739
    outer loop
      vertex 10.9297 -11.6738 5.34775
      vertex 10.3921 -10.9807 5.5
      vertex 10.4671 -11.7424 5.34775
    endloop
  endfacet
  facet normal 0.0834895 -0.176585 0.980738
    outer loop
      vertex 12.2464 -11.2027 5.34775
      vertex 11.5307 -10.6955 5.5
      vertex 11.8236 -11.4026 5.34775
    endloop
  endfacet
  facet normal 0.237684 -0.502716 0.831133
    outer loop
      vertex 12.2464 -11.2027 5.34775
      vertex 11.8236 -11.4026 5.34775
      vertex 12.5522 -11.7749 4.9142
    endloop
  endfacet
  facet normal 0.446624 -0.331281 0.831132
    outer loop
      vertex 13.9623 -9.6475 5.34775
      vertex 13.6837 -10.0231 5.34775
      vertex 14.1852 -10.4347 4.9142
    endloop
  endfacet
  facet normal 0.668165 -0.495399 0.5551
    outer loop
      vertex 14.8622 -10.2488 4.26537
      vertex 14.5017 -10.008 4.9142
      vertex 14.5204 -10.7098 4.26537
    endloop
  endfacet
  facet normal 0.740823 -0.6717 0
    outer loop
      vertex 14.2426 -11.2426 3.5
      vertex 14.6381 -10.8064 0
      vertex 14.6381 -10.8064 3.5
    endloop
  endfacet
  facet normal 0.740823 -0.6717 0
    outer loop
      vertex 14.6381 -10.8064 0
      vertex 14.2426 -11.2426 3.5
      vertex 14.2426 -11.2426 0
    endloop
  endfacet
  facet normal 0.787886 -0.584168 0.194895
    outer loop
      vertex 14.8622 -10.2488 4.26537
      vertex 14.6381 -10.8064 3.5
      vertex 14.9888 -10.3334 3.5
    endloop
  endfacet
  facet normal 0.658835 -0.726635 0.194777
    outer loop
      vertex 14.135 -11.135 4.26537
      vertex 13.8064 -11.6381 3.5
      vertex 14.2426 -11.2426 3.5
    endloop
  endfacet
  facet normal 0.616302 -0.558539 0.555163
    outer loop
      vertex 14.1852 -10.4347 4.9142
      vertex 13.8284 -10.8284 4.9142
      vertex 14.135 -11.135 4.26537
    endloop
  endfacet
  facet normal 0.33128 -0.446626 0.831131
    outer loop
      vertex 13.4347 -11.1852 4.9142
      vertex 12.6475 -10.9623 5.34775
      vertex 13.008 -11.5017 4.9142
    endloop
  endfacet
  facet normal 0.857727 -0.514106 0
    outer loop
      vertex 14.9888 -10.3334 3.5
      vertex 15.2915 -9.82838 0
      vertex 15.2915 -9.82838 3.5
    endloop
  endfacet
  facet normal 0.857727 -0.514106 0
    outer loop
      vertex 15.2915 -9.82838 0
      vertex 14.9888 -10.3334 3.5
      vertex 14.9888 -10.3334 0
    endloop
  endfacet
  facet normal 0.941578 -0.336794 0
    outer loop
      vertex 15.5433 -9.2961 3.5
      vertex 15.7416 -8.74171 0
      vertex 15.7416 -8.74171 3.5
    endloop
  endfacet
  facet normal 0.941578 -0.336794 0
    outer loop
      vertex 15.7416 -8.74171 0
      vertex 15.5433 -9.2961 3.5
      vertex 15.5433 -9.2961 0
    endloop
  endfacet
  facet normal 0.951428 -0.238369 0.194844
    outer loop
      vertex 15.8847 -8.17054 3.5
      vertex 15.7354 -8.14084 4.26537
      vertex 15.7416 -8.74171 3.5
    endloop
  endfacet
  facet normal 0.951407 -0.23842 0.194884
    outer loop
      vertex 15.7354 -8.14084 4.26537
      vertex 15.5959 -8.69751 4.26537
      vertex 15.7416 -8.74171 3.5
    endloop
  endfacet
  facet normal 0.806854 -0.202105 0.555104
    outer loop
      vertex 15.3102 -8.05626 4.9142
      vertex 15.1811 -8.57166 4.9142
      vertex 15.7354 -8.14084 4.26537
    endloop
  endfacet
  facet normal 0.411996 -0.373472 0.831131
    outer loop
      vertex 13.6837 -10.0231 5.34775
      vertex 13.3696 -10.3696 5.34775
      vertex 14.1852 -10.4347 4.9142
    endloop
  endfacet
  facet normal 0.412014 -0.373398 0.831155
    outer loop
      vertex 14.1852 -10.4347 4.9142
      vertex 13.3696 -10.3696 5.34775
      vertex 13.8284 -10.8284 4.9142
    endloop
  endfacet
  facet normal 0.373472 -0.411996 0.831131
    outer loop
      vertex 13.3696 -10.3696 5.34775
      vertex 13.0231 -10.6837 5.34775
      vertex 13.4347 -11.1852 4.9142
    endloop
  endfacet
  facet normal 0.116362 -0.156876 0.980739
    outer loop
      vertex 13.0231 -10.6837 5.34775
      vertex 12.5376 -10.092 5.5
      vertex 12.6475 -10.9623 5.34775
    endloop
  endfacet
  facet normal 0.713423 -0.427653 0.555104
    outer loop
      vertex 14.7749 -9.55224 4.9142
      vertex 14.5017 -10.008 4.9142
      vertex 14.8622 -10.2488 4.26537
    endloop
  endfacet
  facet normal 0.923509 -0.33038 0.194884
    outer loop
      vertex 15.5959 -8.69751 4.26537
      vertex 15.4026 -9.23784 4.26537
      vertex 15.7416 -8.74171 3.5
    endloop
  endfacet
  facet normal 0.156873 -0.11636 0.98074
    outer loop
      vertex 13.9623 -9.6475 5.34775
      vertex 13.092 -9.53757 5.5
      vertex 13.6837 -10.0231 5.34775
    endloop
  endfacet
  facet normal 0.144711 -0.13118 0.98074
    outer loop
      vertex 13.6837 -10.0231 5.34775
      vertex 13.092 -9.53757 5.5
      vertex 13.3696 -10.3696 5.34775
    endloop
  endfacet
  facet normal 0.550011 -0.0815642 0.831165
    outer loop
      vertex 14.7424 -7.46709 5.34775
      vertex 14.6738 -7.92968 5.34775
      vertex 15.3102 -8.05626 4.9142
    endloop
  endfacet
  facet normal 0.555395 -0.0273155 0.831138
    outer loop
      vertex 15.4142 -7 4.9142
      vertex 14.7654 -7 5.34775
      vertex 15.3881 -7.53068 4.9142
    endloop
  endfacet
  facet normal 0.167535 -0.100414 0.980739
    outer loop
      vertex 13.5277 -8.88559 5.5
      vertex 13.3259 -9.22228 5.5
      vertex 13.9623 -9.6475 5.34775
    endloop
  endfacet
  facet normal 0.183903 -0.0658229 0.980738
    outer loop
      vertex 14.5602 -8.38331 5.34775
      vertex 13.6955 -8.53073 5.5
      vertex 14.4026 -8.82363 5.34775
    endloop
  endfacet
  facet normal 0.523492 -0.187369 0.831173
    outer loop
      vertex 14.5602 -8.38331 5.34775
      vertex 14.4026 -8.82363 5.34775
      vertex 15.0021 -9.07192 4.9142
    endloop
  endfacet
  facet normal 0.237757 -0.502618 0.831172
    outer loop
      vertex 12.5522 -11.7749 4.9142
      vertex 11.8236 -11.4026 5.34775
      vertex 12.0719 -12.0021 4.9142
    endloop
  endfacet
  facet normal 0.0273145 -0.555395 0.831138
    outer loop
      vertex 10 -11.7654 5.34775
      vertex 10 -12.4142 4.9142
      vertex 10.5307 -12.3881 4.9142
    endloop
  endfacet
  facet normal 0.0273467 -0.555375 0.83115
    outer loop
      vertex 10.4671 -11.7424 5.34775
      vertex 10 -11.7654 5.34775
      vertex 10.5307 -12.3881 4.9142
    endloop
  endfacet
  facet normal 0.0658287 -0.183902 0.980738
    outer loop
      vertex 11.5307 -10.6955 5.5
      vertex 11.1611 -10.8278 5.5
      vertex 11.3833 -11.5602 5.34775
    endloop
  endfacet
  facet normal 0.514121 -0.857718 0
    outer loop
      vertex 12.8284 -12.2915 0
      vertex 13.3334 -11.9888 3.5
      vertex 12.8284 -12.2915 3.5
    endloop
  endfacet
  facet normal 0.514121 -0.857718 0
    outer loop
      vertex 13.3334 -11.9888 3.5
      vertex 12.8284 -12.2915 0
      vertex 13.3334 -11.9888 0
    endloop
  endfacet
  facet normal 0.330327 -0.923517 0.194934
    outer loop
      vertex 12.2378 -12.4026 4.26537
      vertex 11.7417 -12.7416 3.5
      vertex 12.2961 -12.5433 3.5
    endloop
  endfacet
  facet normal 0.355527 -0.751927 0.555163
    outer loop
      vertex 12.5522 -11.7749 4.9142
      vertex 12.2378 -12.4026 4.26537
      vertex 12.7566 -12.1573 4.26537
    endloop
  endfacet
  facet normal -0.238358 -0.951431 0.194844
    outer loop
      vertex -11.1408 -12.7354 4.26537
      vertex -11.7417 -12.7416 3.5
      vertex -11.1705 -12.8847 3.5
    endloop
  endfacet
  facet normal -0.0480249 -0.979639 0.194937
    outer loop
      vertex -10 -12.8477 4.26537
      vertex -10.5732 -12.8196 4.26537
      vertex -10 -13 3.5
    endloop
  endfacet
  facet normal 0.0407283 -0.8308 0.555079
    outer loop
      vertex 10 -12.4142 4.9142
      vertex 10 -12.8477 4.26537
      vertex 10.5732 -12.8196 4.26537
    endloop
  endfacet
  facet normal -0.135079 -0.539365 0.831168
    outer loop
      vertex -10.9297 -11.6738 5.34775
      vertex -11.3833 -11.5602 5.34775
      vertex -11.0563 -12.3102 4.9142
    endloop
  endfacet
  facet normal -0.00960604 -0.195086 0.980739
    outer loop
      vertex -10.3921 -10.9807 5.5
      vertex -10.4671 -11.7424 5.34775
      vertex -10 -11.7654 5.34775
    endloop
  endfacet
  facet normal -0.116362 -0.156876 0.980739
    outer loop
      vertex -12.5376 -10.092 5.5
      vertex -13.0231 -10.6837 5.34775
      vertex -12.6475 -10.9623 5.34775
    endloop
  endfacet
  facet normal -0.476952 -0.285903 0.831129
    outer loop
      vertex -13.9623 -9.6475 5.34775
      vertex -14.7749 -9.55224 4.9142
      vertex -14.5017 -10.008 4.9142
    endloop
  endfacet
  facet normal -0.0658255 -0.183902 0.980738
    outer loop
      vertex -11.5307 -10.6955 5.5
      vertex -11.8236 -11.4026 5.34775
      vertex -11.3833 -11.5602 5.34775
    endloop
  endfacet
  facet normal -0.0834895 -0.176585 0.980738
    outer loop
      vertex -11.5307 -10.6955 5.5
      vertex -12.2464 -11.2027 5.34775
      vertex -11.8236 -11.4026 5.34775
    endloop
  endfacet
  facet normal -0.285885 -0.476964 0.831129
    outer loop
      vertex -12.6475 -10.9623 5.34775
      vertex -13.008 -11.5017 4.9142
      vertex -12.5522 -11.7749 4.9142
    endloop
  endfacet
  facet normal -0.355685 -0.751916 0.555077
    outer loop
      vertex -12.0719 -12.0021 4.9142
      vertex -12.5522 -11.7749 4.9142
      vertex -12.2378 -12.4026 4.26537
    endloop
  endfacet
  facet normal -0.355527 -0.751927 0.555163
    outer loop
      vertex -12.5522 -11.7749 4.9142
      vertex -12.7566 -12.1573 4.26537
      vertex -12.2378 -12.4026 4.26537
    endloop
  endfacet
  facet normal -0.419249 -0.886696 0.194939
    outer loop
      vertex -12.2378 -12.4026 4.26537
      vertex -12.7566 -12.1573 4.26537
      vertex -12.2961 -12.5433 3.5
    endloop
  endfacet
  facet normal -0.238408 -0.95141 0.194884
    outer loop
      vertex -11.6975 -12.5959 4.26537
      vertex -11.7417 -12.7416 3.5
      vertex -11.1408 -12.7354 4.26537
    endloop
  endfacet
  facet normal -0.330396 -0.923503 0.194883
    outer loop
      vertex -11.6975 -12.5959 4.26537
      vertex -12.2378 -12.4026 4.26537
      vertex -11.7417 -12.7416 3.5
    endloop
  endfacet
  facet normal -0.0490821 -0.998795 0
    outer loop
      vertex -10.5881 -12.9711 0
      vertex -10 -13 3.5
      vertex -10.5881 -12.9711 3.5
    endloop
  endfacet
  facet normal -0.0490821 -0.998795 -0
    outer loop
      vertex -10 -13 3.5
      vertex -10.5881 -12.9711 0
      vertex -10 -13 0
    endloop
  endfacet
  facet normal -0.0481413 -0.97965 0.194853
    outer loop
      vertex -10.5732 -12.8196 4.26537
      vertex -10.5881 -12.9711 3.5
      vertex -10 -13 3.5
    endloop
  endfacet
  facet normal 0 -0.980771 0.195162
    outer loop
      vertex -10 -13 3.5
      vertex 10 -12.8477 4.26537
      vertex -10 -12.8477 4.26537
    endloop
  endfacet
  facet normal 0 -0.980771 0.195162
    outer loop
      vertex 10 -12.8477 4.26537
      vertex -10 -13 3.5
      vertex 10 -13 3.5
    endloop
  endfacet
  facet normal -0.726725 -0.658701 0.194894
    outer loop
      vertex -14.5204 -10.7098 4.26537
      vertex -14.6381 -10.8064 3.5
      vertex -14.135 -11.135 4.26537
    endloop
  endfacet
  facet normal -0.88669 -0.419271 0.194917
    outer loop
      vertex -15.4026 -9.23784 4.26537
      vertex -15.5433 -9.2961 3.5
      vertex -15.1573 -9.75661 4.26537
    endloop
  endfacet
  facet normal -0.970019 -0.243027 0
    outer loop
      vertex -15.7416 -8.74171 0
      vertex -15.8847 -8.17054 3.5
      vertex -15.8847 -8.17054 0
    endloop
  endfacet
  facet normal -0.970019 -0.243027 0
    outer loop
      vertex -15.8847 -8.17054 3.5
      vertex -15.7416 -8.74171 0
      vertex -15.7416 -8.74171 3.5
    endloop
  endfacet
  facet normal -0.550011 -0.0815642 0.831165
    outer loop
      vertex -14.7424 -7.46709 5.34775
      vertex -15.3102 -8.05626 4.9142
      vertex -14.6738 -7.92968 5.34775
    endloop
  endfacet
  facet normal -0.616302 -0.558539 0.555163
    outer loop
      vertex -13.8284 -10.8284 4.9142
      vertex -14.1852 -10.4347 4.9142
      vertex -14.135 -11.135 4.26537
    endloop
  endfacet
  facet normal -0.19321 -0.0286522 0.980739
    outer loop
      vertex -13.9807 -7.39207 5.5
      vertex -14.7424 -7.46709 5.34775
      vertex -14.6738 -7.92968 5.34775
    endloop
  endfacet
  facet normal -0.15687 -0.116375 0.980739
    outer loop
      vertex -13.3259 -9.22228 5.5
      vertex -13.9623 -9.6475 5.34775
      vertex -13.092 -9.53757 5.5
    endloop
  endfacet
  facet normal -0.331281 -0.446624 0.831132
    outer loop
      vertex -13.0231 -10.6837 5.34775
      vertex -13.4347 -11.1852 4.9142
      vertex -12.6475 -10.9623 5.34775
    endloop
  endfacet
  facet normal -0.951428 -0.238369 0.194844
    outer loop
      vertex -15.7354 -8.14084 4.26537
      vertex -15.8847 -8.17054 3.5
      vertex -15.7416 -8.74171 3.5
    endloop
  endfacet
  facet normal -0.412014 -0.373398 0.831155
    outer loop
      vertex -13.3696 -10.3696 5.34775
      vertex -14.1852 -10.4347 4.9142
      vertex -13.8284 -10.8284 4.9142
    endloop
  endfacet
  facet normal -0.713423 -0.427653 0.555104
    outer loop
      vertex -14.7749 -9.55224 4.9142
      vertex -14.8622 -10.2488 4.26537
      vertex -14.5017 -10.008 4.9142
    endloop
  endfacet
  facet normal -0.195086 -0.00960623 0.980739
    outer loop
      vertex -13.9807 -7.39207 5.5
      vertex -14.7654 -7 5.34775
      vertex -14.7424 -7.46709 5.34775
    endloop
  endfacet
  facet normal -0.555376 -0.0273473 0.83115
    outer loop
      vertex -14.7654 -7 5.34775
      vertex -15.3881 -7.53068 4.9142
      vertex -14.7424 -7.46709 5.34775
    endloop
  endfacet
  facet normal -1 0 0
    outer loop
      vertex -16 -7 0
      vertex -16 7 3.5
      vertex -16 7 0
    endloop
  endfacet
  facet normal -1 -0 0
    outer loop
      vertex -16 7 3.5
      vertex -16 -7 0
      vertex -16 -7 3.5
    endloop
  endfacet
  facet normal 0 0 -1
    outer loop
      vertex 10 -13 0
      vertex 16 -7 0
      vertex 15.9711 -7.5881 0
    endloop
  endfacet
  facet normal -0 0 -1
    outer loop
      vertex 16 -7 0
      vertex 10 -13 0
      vertex 16 7 0
    endloop
  endfacet
  facet normal 0 0 -1
    outer loop
      vertex 10 -13 0
      vertex 15.9711 -7.5881 0
      vertex 15.8847 -8.17054 0
    endloop
  endfacet
  facet normal 0 0 -1
    outer loop
      vertex 10 13 0
      vertex 16 7 0
      vertex 10 -13 0
    endloop
  endfacet
  facet normal 0 0 -1
    outer loop
      vertex 10 -13 0
      vertex 15.8847 -8.17054 0
      vertex 15.7416 -8.74171 0
    endloop
  endfacet
  facet normal 0 0 -1
    outer loop
      vertex 16 7 0
      vertex 10 13 0
      vertex 15.9711 7.5881 0
    endloop
  endfacet
  facet normal 0 0 -1
    outer loop
      vertex 10 -13 0
      vertex 15.7416 -8.74171 0
      vertex 15.5433 -9.2961 0
    endloop
  endfacet
  facet normal 0 0 -1
    outer loop
      vertex 15.9711 7.5881 0
      vertex 10 13 0
      vertex 15.8847 8.17054 0
    endloop
  endfacet
  facet normal 0 0 -1
    outer loop
      vertex 10 -13 0
      vertex 15.5433 -9.2961 0
      vertex 15.2915 -9.82838 0
    endloop
  endfacet
  facet normal 0 0 -1
    outer loop
      vertex 15.8847 8.17054 0
      vertex 10 13 0
      vertex 15.7416 8.74171 0
    endloop
  endfacet
  facet normal 0 0 -1
    outer loop
      vertex 10 -13 0
      vertex 15.2915 -9.82838 0
      vertex 14.9888 -10.3334 0
    endloop
  endfacet
  facet normal 0 0 -1
    outer loop
      vertex 15.7416 8.74171 0
      vertex 10 13 0
      vertex 15.5433 9.2961 0
    endloop
  endfacet
  facet normal 0 0 -1
    outer loop
      vertex 10 -13 0
      vertex 14.9888 -10.3334 0
      vertex 14.6381 -10.8064 0
    endloop
  endfacet
  facet normal 0 0 -1
    outer loop
      vertex 15.5433 9.2961 0
      vertex 10 13 0
      vertex 15.2915 9.82838 0
    endloop
  endfacet
  facet normal 0 0 -1
    outer loop
      vertex 10 -13 0
      vertex 14.6381 -10.8064 0
      vertex 14.2426 -11.2426 0
    endloop
  endfacet
  facet normal 0 0 -1
    outer loop
      vertex 15.2915 9.82838 0
      vertex 10 13 0
      vertex 14.9888 10.3334 0
    endloop
  endfacet
  facet normal 0 0 -1
    outer loop
      vertex 10 -13 0
      vertex 14.2426 -11.2426 0
      vertex 13.8064 -11.6381 0
    endloop
  endfacet
  facet normal 0 0 -1
    outer loop
      vertex 14.9888 10.3334 0
      vertex 10 13 0
      vertex 14.6381 10.8064 0
    endloop
  endfacet
  facet normal 0 0 -1
    outer loop
      vertex 10 -13 0
      vertex 13.8064 -11.6381 0
      vertex 13.3334 -11.9888 0
    endloop
  endfacet
  facet normal 0 0 -1
    outer loop
      vertex 14.6381 10.8064 0
      vertex 10 13 0
      vertex 14.2426 11.2426 0
    endloop
  endfacet
  facet normal 0 0 -1
    outer loop
      vertex 10 -13 0
      vertex 13.3334 -11.9888 0
      vertex 12.8284 -12.2915 0
    endloop
  endfacet
  facet normal 0 0 -1
    outer loop
      vertex 14.2426 11.2426 0
      vertex 10 13 0
      vertex 13.8064 11.6381 0
    endloop
  endfacet
  facet normal 0 0 -1
    outer loop
      vertex 10 -13 0
      vertex 12.8284 -12.2915 0
      vertex 12.2961 -12.5433 0
    endloop
  endfacet
  facet normal 0 0 -1
    outer loop
      vertex 13.8064 11.6381 0
      vertex 10 13 0
      vertex 13.3334 11.9888 0
    endloop
  endfacet
  facet normal 0 0 -1
    outer loop
      vertex 10 -13 0
      vertex 12.2961 -12.5433 0
      vertex 11.7417 -12.7416 0
    endloop
  endfacet
  facet normal 0 0 -1
    outer loop
      vertex 13.3334 11.9888 0
      vertex 10 13 0
      vertex 12.8284 12.2915 0
    endloop
  endfacet
  facet normal 0 0 -1
    outer loop
      vertex 10 -13 0
      vertex 11.7417 -12.7416 0
      vertex 11.1705 -12.8847 0
    endloop
  endfacet
  facet normal 0 0 -1
    outer loop
      vertex 12.8284 12.2915 0
      vertex 10 13 0
      vertex 12.2961 12.5433 0
    endloop
  endfacet
  facet normal 0 0 -1
    outer loop
      vertex 10 -13 0
      vertex 11.1705 -12.8847 0
      vertex 10.5881 -12.9711 0
    endloop
  endfacet
  facet normal 0 0 -1
    outer loop
      vertex 12.2961 12.5433 0
      vertex 10 13 0
      vertex 11.7417 12.7416 0
    endloop
  endfacet
  facet normal 0 0 -1
    outer loop
      vertex 11.7417 12.7416 0
      vertex 10 13 0
      vertex 11.1705 12.8847 0
    endloop
  endfacet
  facet normal 0 0 -1
    outer loop
      vertex 11.1705 12.8847 0
      vertex 10 13 0
      vertex 10.5881 12.9711 0
    endloop
  endfacet
  facet normal 0 0 -1
    outer loop
      vertex -10 -13 0
      vertex 10 13 0
      vertex 10 -13 0
    endloop
  endfacet
  facet normal 0 0 -1
    outer loop
      vertex -10 -13 0
      vertex -10 13 0
      vertex 10 13 0
    endloop
  endfacet
  facet normal 0 0 -1
    outer loop
      vertex -16 -7 0
      vertex -10 -13 0
      vertex -10.5881 -12.9711 0
    endloop
  endfacet
  facet normal 0 0 -1
    outer loop
      vertex -10 -13 0
      vertex -16 -7 0
      vertex -10 13 0
    endloop
  endfacet
  facet normal 0 0 -1
    outer loop
      vertex -16 -7 0
      vertex -10.5881 -12.9711 0
      vertex -11.1705 -12.8847 0
    endloop
  endfacet
  facet normal 0 0 -1
    outer loop
      vertex -16 7 0
      vertex -10 13 0
      vertex -16 -7 0
    endloop
  endfacet
  facet normal 0 0 -1
    outer loop
      vertex -16 -7 0
      vertex -11.1705 -12.8847 0
      vertex -11.7417 -12.7416 0
    endloop
  endfacet
  facet normal 0 0 -1
    outer loop
      vertex -10 13 0
      vertex -16 7 0
      vertex -10.5881 12.9711 0
    endloop
  endfacet
  facet normal 0 0 -1
    outer loop
      vertex -16 -7 0
      vertex -11.7417 -12.7416 0
      vertex -12.2961 -12.5433 0
    endloop
  endfacet
  facet normal 0 0 -1
    outer loop
      vertex -10.5881 12.9711 0
      vertex -16 7 0
      vertex -11.1705 12.8847 0
    endloop
  endfacet
  facet normal 0 0 -1
    outer loop
      vertex -16 -7 0
      vertex -12.2961 -12.5433 0
      vertex -12.8284 -12.2915 0
    endloop
  endfacet
  facet normal 0 0 -1
    outer loop
      vertex -11.1705 12.8847 0
      vertex -16 7 0
      vertex -11.7417 12.7416 0
    endloop
  endfacet
  facet normal 0 0 -1
    outer loop
      vertex -16 -7 0
      vertex -12.8284 -12.2915 0
      vertex -13.3334 -11.9888 0
    endloop
  endfacet
  facet normal 0 0 -1
    outer loop
      vertex -11.7417 12.7416 0
      vertex -16 7 0
      vertex -12.2961 12.5433 0
    endloop
  endfacet
  facet normal 0 0 -1
    outer loop
      vertex -16 -7 0
      vertex -13.3334 -11.9888 0
      vertex -13.8064 -11.6381 0
    endloop
  endfacet
  facet normal 0 0 -1
    outer loop
      vertex -12.2961 12.5433 0
      vertex -16 7 0
      vertex -12.8284 12.2915 0
    endloop
  endfacet
  facet normal 0 0 -1
    outer loop
      vertex -16 -7 0
      vertex -13.8064 -11.6381 0
      vertex -14.2426 -11.2426 0
    endloop
  endfacet
  facet normal 0 0 -1
    outer loop
      vertex -12.8284 12.2915 0
      vertex -16 7 0
      vertex -13.3334 11.9888 0
    endloop
  endfacet
  facet normal 0 0 -1
    outer loop
      vertex -16 -7 0
      vertex -14.2426 -11.2426 0
      vertex -14.6381 -10.8064 0
    endloop
  endfacet
  facet normal 0 0 -1
    outer loop
      vertex -13.3334 11.9888 0
      vertex -16 7 0
      vertex -13.8064 11.6381 0
    endloop
  endfacet
  facet normal 0 0 -1
    outer loop
      vertex -16 -7 0
      vertex -14.6381 -10.8064 0
      vertex -14.9888 -10.3334 0
    endloop
  endfacet
  facet normal 0 0 -1
    outer loop
      vertex -13.8064 11.6381 0
      vertex -16 7 0
      vertex -14.2426 11.2426 0
    endloop
  endfacet
  facet normal 0 0 -1
    outer loop
      vertex -16 -7 0
      vertex -14.9888 -10.3334 0
      vertex -15.2915 -9.82838 0
    endloop
  endfacet
  facet normal 0 0 -1
    outer loop
      vertex -14.2426 11.2426 0
      vertex -16 7 0
      vertex -14.6381 10.8064 0
    endloop
  endfacet
  facet normal 0 0 -1
    outer loop
      vertex -16 -7 0
      vertex -15.2915 -9.82838 0
      vertex -15.5433 -9.2961 0
    endloop
  endfacet
  facet normal 0 0 -1
    outer loop
      vertex -14.6381 10.8064 0
      vertex -16 7 0
      vertex -14.9888 10.3334 0
    endloop
  endfacet
  facet normal 0 0 -1
    outer loop
      vertex -16 -7 0
      vertex -15.5433 -9.2961 0
      vertex -15.7416 -8.74171 0
    endloop
  endfacet
  facet normal 0 0 -1
    outer loop
      vertex -14.9888 10.3334 0
      vertex -16 7 0
      vertex -15.2915 9.82838 0
    endloop
  endfacet
  facet normal 0 0 -1
    outer loop
      vertex -16 -7 0
      vertex -15.7416 -8.74171 0
      vertex -15.8847 -8.17054 0
    endloop
  endfacet
  facet normal 0 0 -1
    outer loop
      vertex -15.2915 9.82838 0
      vertex -16 7 0
      vertex -15.5433 9.2961 0
    endloop
  endfacet
  facet normal 0 0 -1
    outer loop
      vertex -16 -7 0
      vertex -15.8847 -8.17054 0
      vertex -15.9711 -7.5881 0
    endloop
  endfacet
  facet normal 0 0 -1
    outer loop
      vertex -15.5433 9.2961 0
      vertex -16 7 0
      vertex -15.7416 8.74171 0
    endloop
  endfacet
  facet normal 0 0 -1
    outer loop
      vertex -15.7416 8.74171 0
      vertex -16 7 0
      vertex -15.8847 8.17054 0
    endloop
  endfacet
  facet normal 0 0 -1
    outer loop
      vertex -15.8847 8.17054 0
      vertex -16 7 0
      vertex -15.9711 7.5881 0
    endloop
  endfacet
  facet normal -0.989176 0.146736 0
    outer loop
      vertex -15.9711 7.5881 0
      vertex -15.8847 8.17054 3.5
      vertex -15.8847 8.17054 0
    endloop
  endfacet
  facet normal -0.989176 0.146736 0
    outer loop
      vertex -15.8847 8.17054 3.5
      vertex -15.9711 7.5881 0
      vertex -15.9711 7.5881 3.5
    endloop
  endfacet
  facet normal -0.726635 0.658835 0.194777
    outer loop
      vertex -14.2426 11.2426 3.5
      vertex -14.6381 10.8064 3.5
      vertex -14.135 11.135 4.26537
    endloop
  endfacet
  facet normal -0.50427 0.841283 0.194817
    outer loop
      vertex -12.8284 12.2915 3.5
      vertex -13.3334 11.9888 3.5
      vertex -12.7566 12.1573 4.26537
    endloop
  endfacet
  facet normal -0.751917 0.35567 0.555085
    outer loop
      vertex -14.7749 9.55224 4.9142
      vertex -15.4026 9.23784 4.26537
      vertex -15.0021 9.07192 4.9142
    endloop
  endfacet
  facet normal -0.713357 0.427704 0.555149
    outer loop
      vertex -14.8622 10.2488 4.26537
      vertex -15.1573 9.75661 4.26537
      vertex -14.7749 9.55224 4.9142
    endloop
  endfacet
  facet normal -0.555395 0.0273155 0.831138
    outer loop
      vertex -15.3881 7.53068 4.9142
      vertex -15.4142 7 4.9142
      vertex -14.7654 7 5.34775
    endloop
  endfacet
  facet normal -0.55004 0.0815254 0.83115
    outer loop
      vertex -15.3102 8.05626 4.9142
      vertex -15.3881 7.53068 4.9142
      vertex -14.7424 7.46709 5.34775
    endloop
  endfacet
  facet normal 0.19321 0.0286522 0.980739
    outer loop
      vertex 14.6738 7.92968 5.34775
      vertex 13.9807 7.39207 5.5
      vertex 14.7424 7.46709 5.34775
    endloop
  endfacet
  facet normal 0.193204 0.0286604 0.98074
    outer loop
      vertex 14.6738 7.92968 5.34775
      vertex 13.9231 7.78036 5.5
      vertex 13.9807 7.39207 5.5
    endloop
  endfacet
  facet normal 0.373398 0.412014 0.831155
    outer loop
      vertex 13.4347 11.1852 4.9142
      vertex 13.3696 10.3696 5.34775
      vertex 13.8284 10.8284 4.9142
    endloop
  endfacet
  facet normal 0.558539 0.616302 0.555163
    outer loop
      vertex 14.135 11.135 4.26537
      vertex 13.4347 11.1852 4.9142
      vertex 13.8284 10.8284 4.9142
    endloop
  endfacet
  facet normal 0.0273467 0.555375 0.83115
    outer loop
      vertex 10.5307 12.3881 4.9142
      vertex 10 11.7654 5.34775
      vertex 10.4671 11.7424 5.34775
    endloop
  endfacet
  facet normal 0.0815622 0.55001 0.831166
    outer loop
      vertex 11.0563 12.3102 4.9142
      vertex 10.4671 11.7424 5.34775
      vertex 10.9297 11.6738 5.34775
    endloop
  endfacet
  facet normal 0.331281 0.446624 0.831132
    outer loop
      vertex 13.4347 11.1852 4.9142
      vertex 12.6475 10.9623 5.34775
      vertex 13.0231 10.6837 5.34775
    endloop
  endfacet
  facet normal 0.330327 0.923517 0.194934
    outer loop
      vertex 12.2961 12.5433 3.5
      vertex 11.7417 12.7416 3.5
      vertex 12.2378 12.4026 4.26537
    endloop
  endfacet
  facet normal 0.787888 0.584165 0.194892
    outer loop
      vertex 14.6381 10.8064 3.5
      vertex 14.5204 10.7098 4.26537
      vertex 14.8622 10.2488 4.26537
    endloop
  endfacet
  facet normal 0.726725 0.658701 0.194894
    outer loop
      vertex 14.6381 10.8064 3.5
      vertex 14.135 11.135 4.26537
      vertex 14.5204 10.7098 4.26537
    endloop
  endfacet
  facet normal 0.15687 0.116375 0.980739
    outer loop
      vertex 13.9623 9.6475 5.34775
      vertex 13.092 9.53757 5.5
      vertex 13.3259 9.22228 5.5
    endloop
  endfacet
  facet normal 0.783169 0.280229 0.555084
    outer loop
      vertex 15.4026 9.23784 4.26537
      vertex 15.0021 9.07192 4.9142
      vertex 15.1811 8.57166 4.9142
    endloop
  endfacet
  facet normal 0.176581 0.0834984 0.980738
    outer loop
      vertex 14.2027 9.24638 5.34775
      vertex 13.5277 8.88559 5.5
      vertex 13.6955 8.53073 5.5
    endloop
  endfacet
  facet normal 0.822794 0.121952 0.555102
    outer loop
      vertex 15.7354 8.14084 4.26537
      vertex 15.3102 8.05626 4.9142
      vertex 15.3881 7.53068 4.9142
    endloop
  endfacet
  facet normal 0.841211 0.504361 0.194894
    outer loop
      vertex 14.9888 10.3334 3.5
      vertex 14.8622 10.2488 4.26537
      vertex 15.1573 9.75661 4.26537
    endloop
  endfacet
  facet normal 0.751925 0.355547 0.555152
    outer loop
      vertex 15.1573 9.75661 4.26537
      vertex 14.7749 9.55224 4.9142
      vertex 15.4026 9.23784 4.26537
    endloop
  endfacet
  facet normal 0.167535 0.100414 0.980739
    outer loop
      vertex 13.9623 9.6475 5.34775
      vertex 13.3259 9.22228 5.5
      vertex 13.5277 8.88559 5.5
    endloop
  endfacet
  facet normal 0.476952 0.285903 0.831129
    outer loop
      vertex 14.5017 10.008 4.9142
      vertex 13.9623 9.6475 5.34775
      vertex 14.7749 9.55224 4.9142
    endloop
  endfacet
  facet normal 0.00960247 0.195084 0.980739
    outer loop
      vertex 10 11.7654 5.34775
      vertex 10 11 5.5
      vertex 10.3921 10.9807 5.5
    endloop
  endfacet
  facet normal 0.0658255 0.183902 0.980738
    outer loop
      vertex 11.8236 11.4026 5.34775
      vertex 11.3833 11.5602 5.34775
      vertex 11.5307 10.6955 5.5
    endloop
  endfacet
  facet normal -0.189467 0.0474471 0.98074
    outer loop
      vertex -14.5602 8.38331 5.34775
      vertex -14.6738 7.92968 5.34775
      vertex -13.9231 7.78036 5.5
    endloop
  endfacet
  facet normal -0.183903 0.0658229 0.980738
    outer loop
      vertex -14.4026 8.82363 5.34775
      vertex -14.5602 8.38331 5.34775
      vertex -13.6955 8.53073 5.5
    endloop
  endfacet
  facet normal -0.523492 0.187369 0.831173
    outer loop
      vertex -14.4026 8.82363 5.34775
      vertex -15.0021 9.07192 4.9142
      vertex -14.5602 8.38331 5.34775
    endloop
  endfacet
  facet normal -0.100414 0.167538 0.980739
    outer loop
      vertex -12.2464 11.2027 5.34775
      vertex -12.6475 10.9623 5.34775
      vertex -11.8856 10.5277 5.5
    endloop
  endfacet
  facet normal -0.726725 0.658701 0.194894
    outer loop
      vertex -14.135 11.135 4.26537
      vertex -14.6381 10.8064 3.5
      vertex -14.5204 10.7098 4.26537
    endloop
  endfacet
  facet normal -0.476952 0.285903 0.831129
    outer loop
      vertex -14.5017 10.008 4.9142
      vertex -14.7749 9.55224 4.9142
      vertex -13.9623 9.6475 5.34775
    endloop
  endfacet
  facet normal -0.446624 0.331281 0.831132
    outer loop
      vertex -13.6837 10.0231 5.34775
      vertex -14.1852 10.4347 4.9142
      vertex -13.9623 9.6475 5.34775
    endloop
  endfacet
  facet normal -0.187345 0.52352 0.831161
    outer loop
      vertex -11.5717 12.1811 4.9142
      vertex -12.0719 12.0021 4.9142
      vertex -11.3833 11.5602 5.34775
    endloop
  endfacet
  facet normal -0.0286598 0.193205 0.98074
    outer loop
      vertex -10.3921 10.9807 5.5
      vertex -10.9297 11.6738 5.34775
      vertex -10.7804 10.9231 5.5
    endloop
  endfacet
  facet normal -0.00960604 0.195086 0.980739
    outer loop
      vertex -10 11.7654 5.34775
      vertex -10.4671 11.7424 5.34775
      vertex -10.3921 10.9807 5.5
    endloop
  endfacet
  facet normal -0.0273467 0.555375 0.83115
    outer loop
      vertex -10 11.7654 5.34775
      vertex -10.5307 12.3881 4.9142
      vertex -10.4671 11.7424 5.34775
    endloop
  endfacet
  facet normal -0.243015 0.970023 0
    outer loop
      vertex -11.1705 12.8847 0
      vertex -11.7417 12.7416 3.5
      vertex -11.1705 12.8847 3.5
    endloop
  endfacet
  facet normal -0.243015 0.970023 0
    outer loop
      vertex -11.7417 12.7416 3.5
      vertex -11.1705 12.8847 0
      vertex -11.7417 12.7416 0
    endloop
  endfacet
  facet normal 0.336788 0.94158 -0
    outer loop
      vertex 12.2961 12.5433 0
      vertex 11.7417 12.7416 3.5
      vertex 12.2961 12.5433 3.5
    endloop
  endfacet
  facet normal 0.336788 0.94158 0
    outer loop
      vertex 11.7417 12.7416 3.5
      vertex 12.2961 12.5433 0
      vertex 11.7417 12.7416 0
    endloop
  endfacet
  facet normal 0.857727 0.514106 0
    outer loop
      vertex 15.2915 9.82838 3.5
      vertex 14.9888 10.3334 0
      vertex 14.9888 10.3334 3.5
    endloop
  endfacet
  facet normal 0.857727 0.514106 0
    outer loop
      vertex 14.9888 10.3334 0
      vertex 15.2915 9.82838 3.5
      vertex 15.2915 9.82838 0
    endloop
  endfacet
  facet normal 0.740823 0.6717 0
    outer loop
      vertex 14.6381 10.8064 3.5
      vertex 14.2426 11.2426 0
      vertex 14.2426 11.2426 3.5
    endloop
  endfacet
  facet normal 0.740823 0.6717 0
    outer loop
      vertex 14.2426 11.2426 0
      vertex 14.6381 10.8064 3.5
      vertex 14.6381 10.8064 0
    endloop
  endfacet
  facet normal 0.803289 0.595589 0
    outer loop
      vertex 14.9888 10.3334 3.5
      vertex 14.6381 10.8064 0
      vertex 14.6381 10.8064 3.5
    endloop
  endfacet
  facet normal 0.803289 0.595589 0
    outer loop
      vertex 14.6381 10.8064 0
      vertex 14.9888 10.3334 3.5
      vertex 14.9888 10.3334 0
    endloop
  endfacet
  facet normal 0.504353 0.841216 0.194894
    outer loop
      vertex 13.3334 11.9888 3.5
      vertex 12.7566 12.1573 4.26537
      vertex 13.2488 11.8622 4.26537
    endloop
  endfacet
  facet normal 0.584165 0.787888 0.194892
    outer loop
      vertex 13.8064 11.6381 3.5
      vertex 13.2488 11.8622 4.26537
      vertex 13.7098 11.5204 4.26537
    endloop
  endfacet
  facet normal 0.514121 0.857718 -0
    outer loop
      vertex 13.3334 11.9888 0
      vertex 12.8284 12.2915 3.5
      vertex 13.3334 11.9888 3.5
    endloop
  endfacet
  facet normal 0.514121 0.857718 0
    outer loop
      vertex 12.8284 12.2915 3.5
      vertex 13.3334 11.9888 0
      vertex 12.8284 12.2915 0
    endloop
  endfacet
  facet normal 0.595589 0.803289 -0
    outer loop
      vertex 13.8064 11.6381 0
      vertex 13.3334 11.9888 3.5
      vertex 13.8064 11.6381 3.5
    endloop
  endfacet
  facet normal 0.595589 0.803289 0
    outer loop
      vertex 13.3334 11.9888 3.5
      vertex 13.8064 11.6381 0
      vertex 13.3334 11.9888 0
    endloop
  endfacet
  facet normal 0.83149 -0 0.55554
    outer loop
      vertex 15.4142 1.5 4.9142
      vertex 15.8477 7 4.26537
      vertex 15.4142 7 4.9142
    endloop
  endfacet
  facet normal 0.83149 0 0.55554
    outer loop
      vertex 15.8477 7 4.26537
      vertex 15.4142 1.5 4.9142
      vertex 15.8477 1.5 4.26537
    endloop
  endfacet
  facet normal 0.83149 -0 0.55554
    outer loop
      vertex 15.4142 -7 4.9142
      vertex 15.8477 -1.5 4.26537
      vertex 15.4142 -1.5 4.9142
    endloop
  endfacet
  facet normal 0.83149 0 0.55554
    outer loop
      vertex 15.8477 -1.5 4.26537
      vertex 15.4142 -7 4.9142
      vertex 15.8477 -7 4.26537
    endloop
  endfacet
  facet normal 0.8308 0.0407298 0.555079
    outer loop
      vertex 15.8196 7.57318 4.26537
      vertex 15.4142 7 4.9142
      vertex 15.8477 7 4.26537
    endloop
  endfacet
  facet normal 0.0834904 -0.176584 0.980738
    outer loop
      vertex 11.8856 -10.5277 5.5
      vertex 11.5307 -10.6955 5.5
      vertex 12.2464 -11.2027 5.34775
    endloop
  endfacet
  facet normal 0.100414 -0.167538 0.980739
    outer loop
      vertex 12.6475 -10.9623 5.34775
      vertex 11.8856 -10.5277 5.5
      vertex 12.2464 -11.2027 5.34775
    endloop
  endfacet
  facet normal 0.595589 -0.803289 0
    outer loop
      vertex 13.3334 -11.9888 0
      vertex 13.8064 -11.6381 3.5
      vertex 13.3334 -11.9888 3.5
    endloop
  endfacet
  facet normal 0.595589 -0.803289 0
    outer loop
      vertex 13.8064 -11.6381 3.5
      vertex 13.3334 -11.9888 0
      vertex 13.8064 -11.6381 0
    endloop
  endfacet
  facet normal 0.584168 -0.787886 0.194895
    outer loop
      vertex 13.8064 -11.6381 3.5
      vertex 13.2488 -11.8622 4.26537
      vertex 13.3334 -11.9888 3.5
    endloop
  endfacet
  facet normal 0.6717 -0.740823 0
    outer loop
      vertex 13.8064 -11.6381 0
      vertex 14.2426 -11.2426 3.5
      vertex 13.8064 -11.6381 3.5
    endloop
  endfacet
  facet normal 0.6717 -0.740823 0
    outer loop
      vertex 14.2426 -11.2426 3.5
      vertex 13.8064 -11.6381 0
      vertex 14.2426 -11.2426 0
    endloop
  endfacet
  facet normal 0.558566 -0.616248 0.555196
    outer loop
      vertex 14.135 -11.135 4.26537
      vertex 13.4347 -11.1852 4.9142
      vertex 13.7098 -11.5204 4.26537
    endloop
  endfacet
  facet normal 0.658701 -0.726725 0.194894
    outer loop
      vertex 14.135 -11.135 4.26537
      vertex 13.7098 -11.5204 4.26537
      vertex 13.8064 -11.6381 3.5
    endloop
  endfacet
  facet normal 0.903956 -0.427625 0
    outer loop
      vertex 15.2915 -9.82838 3.5
      vertex 15.5433 -9.2961 0
      vertex 15.5433 -9.2961 3.5
    endloop
  endfacet
  facet normal 0.903956 -0.427625 0
    outer loop
      vertex 15.5433 -9.2961 0
      vertex 15.2915 -9.82838 3.5
      vertex 15.2915 -9.82838 0
    endloop
  endfacet
  facet normal 0.989176 -0.146736 0
    outer loop
      vertex 15.8847 -8.17054 3.5
      vertex 15.9711 -7.5881 0
      vertex 15.9711 -7.5881 3.5
    endloop
  endfacet
  facet normal 0.989176 -0.146736 0
    outer loop
      vertex 15.9711 -7.5881 0
      vertex 15.8847 -8.17054 3.5
      vertex 15.8847 -8.17054 0
    endloop
  endfacet
  facet normal 0.998795 -0.0490821 0
    outer loop
      vertex 15.9711 -7.5881 3.5
      vertex 16 -7 0
      vertex 16 -7 3.5
    endloop
  endfacet
  facet normal 0.998795 -0.0490821 0
    outer loop
      vertex 16 -7 0
      vertex 15.9711 -7.5881 3.5
      vertex 15.9711 -7.5881 0
    endloop
  endfacet
  facet normal 0.97965 -0.0481413 0.194854
    outer loop
      vertex 16 -7 3.5
      vertex 15.8196 -7.57318 4.26537
      vertex 15.9711 -7.5881 3.5
    endloop
  endfacet
  facet normal 0.970217 -0.143923 0.194844
    outer loop
      vertex 15.9711 -7.5881 3.5
      vertex 15.7354 -8.14084 4.26537
      vertex 15.8847 -8.17054 3.5
    endloop
  endfacet
  facet normal 0.970217 -0.143911 0.194854
    outer loop
      vertex 15.8196 -7.57318 4.26537
      vertex 15.7354 -8.14084 4.26537
      vertex 15.9711 -7.5881 3.5
    endloop
  endfacet
  facet normal 0.523536 -0.187329 0.831154
    outer loop
      vertex 15.1811 -8.57166 4.9142
      vertex 14.5602 -8.38331 5.34775
      vertex 15.0021 -9.07192 4.9142
    endloop
  endfacet
  facet normal 0.783206 -0.280187 0.555053
    outer loop
      vertex 15.5959 -8.69751 4.26537
      vertex 15.1811 -8.57166 4.9142
      vertex 15.4026 -9.23784 4.26537
    endloop
  endfacet
  facet normal 0.131183 -0.144715 0.980739
    outer loop
      vertex 13.3696 -10.3696 5.34775
      vertex 12.5376 -10.092 5.5
      vertex 13.0231 -10.6837 5.34775
    endloop
  endfacet
  facet normal 0.131178 -0.14473 0.980737
    outer loop
      vertex 12.8284 -9.82843 5.5
      vertex 12.5376 -10.092 5.5
      vertex 13.3696 -10.3696 5.34775
    endloop
  endfacet
  facet normal 0.751925 -0.355547 0.555152
    outer loop
      vertex 15.4026 -9.23784 4.26537
      vertex 14.7749 -9.55224 4.9142
      vertex 15.1573 -9.75661 4.26537
    endloop
  endfacet
  facet normal 0.713357 -0.427704 0.555149
    outer loop
      vertex 15.1573 -9.75661 4.26537
      vertex 14.7749 -9.55224 4.9142
      vertex 14.8622 -10.2488 4.26537
    endloop
  endfacet
  facet normal 0.167541 -0.100411 0.980738
    outer loop
      vertex 14.2027 -9.24638 5.34775
      vertex 13.5277 -8.88559 5.5
      vertex 13.9623 -9.6475 5.34775
    endloop
  endfacet
  facet normal 0.476955 -0.285849 0.831146
    outer loop
      vertex 14.2027 -9.24638 5.34775
      vertex 13.9623 -9.6475 5.34775
      vertex 14.7749 -9.55224 4.9142
    endloop
  endfacet
  facet normal 0.15687 -0.116375 0.980739
    outer loop
      vertex 13.3259 -9.22228 5.5
      vertex 13.092 -9.53757 5.5
      vertex 13.9623 -9.6475 5.34775
    endloop
  endfacet
  facet normal 0.822794 -0.121952 0.555102
    outer loop
      vertex 15.3881 -7.53068 4.9142
      vertex 15.3102 -8.05626 4.9142
      vertex 15.7354 -8.14084 4.26537
    endloop
  endfacet
  facet normal 0.822745 -0.122036 0.555155
    outer loop
      vertex 15.8196 -7.57318 4.26537
      vertex 15.3881 -7.53068 4.9142
      vertex 15.7354 -8.14084 4.26537
    endloop
  endfacet
  facet normal 0.189467 -0.0474471 0.98074
    outer loop
      vertex 14.6738 -7.92968 5.34775
      vertex 13.9231 -7.78036 5.5
      vertex 14.5602 -8.38331 5.34775
    endloop
  endfacet
  facet normal 0.19321 -0.0286522 0.980739
    outer loop
      vertex 14.7424 -7.46709 5.34775
      vertex 13.9807 -7.39207 5.5
      vertex 14.6738 -7.92968 5.34775
    endloop
  endfacet
  facet normal 0.285885 -0.476964 0.831129
    outer loop
      vertex 12.6475 -10.9623 5.34775
      vertex 12.5522 -11.7749 4.9142
      vertex 13.008 -11.5017 4.9142
    endloop
  endfacet
  facet normal 0.427626 -0.71344 0.555103
    outer loop
      vertex 13.008 -11.5017 4.9142
      vertex 12.5522 -11.7749 4.9142
      vertex 13.2488 -11.8622 4.26537
    endloop
  endfacet
  facet normal 0.28026 -0.783162 0.555078
    outer loop
      vertex 12.0719 -12.0021 4.9142
      vertex 11.5717 -12.1811 4.9142
      vertex 12.2378 -12.4026 4.26537
    endloop
  endfacet
  facet normal 0.355685 -0.751916 0.555077
    outer loop
      vertex 12.5522 -11.7749 4.9142
      vertex 12.0719 -12.0021 4.9142
      vertex 12.2378 -12.4026 4.26537
    endloop
  endfacet
  facet normal 0.50427 -0.841283 0.194817
    outer loop
      vertex 13.3334 -11.9888 3.5
      vertex 12.7566 -12.1573 4.26537
      vertex 12.8284 -12.2915 3.5
    endloop
  endfacet
  facet normal 0.504353 -0.841216 0.194894
    outer loop
      vertex 13.2488 -11.8622 4.26537
      vertex 12.7566 -12.1573 4.26537
      vertex 13.3334 -11.9888 3.5
    endloop
  endfacet
  facet normal 0.238358 -0.951431 0.194844
    outer loop
      vertex 11.7417 -12.7416 3.5
      vertex 11.1408 -12.7354 4.26537
      vertex 11.1705 -12.8847 3.5
    endloop
  endfacet
  facet normal 0.20219 -0.806876 0.555041
    outer loop
      vertex 11.5717 -12.1811 4.9142
      vertex 11.1408 -12.7354 4.26537
      vertex 11.6975 -12.5959 4.26537
    endloop
  endfacet
  facet normal 0.419419 -0.886643 0.19481
    outer loop
      vertex 12.7566 -12.1573 4.26537
      vertex 12.2961 -12.5433 3.5
      vertex 12.8284 -12.2915 3.5
    endloop
  endfacet
  facet normal 0.419249 -0.886696 0.194939
    outer loop
      vertex 12.7566 -12.1573 4.26537
      vertex 12.2378 -12.4026 4.26537
      vertex 12.2961 -12.5433 3.5
    endloop
  endfacet
  facet normal 0.243015 -0.970023 0
    outer loop
      vertex 11.1705 -12.8847 0
      vertex 11.7417 -12.7416 3.5
      vertex 11.1705 -12.8847 3.5
    endloop
  endfacet
  facet normal 0.243015 -0.970023 0
    outer loop
      vertex 11.7417 -12.7416 3.5
      vertex 11.1705 -12.8847 0
      vertex 11.7417 -12.7416 0
    endloop
  endfacet
  facet normal 0.143933 -0.970216 0.194844
    outer loop
      vertex 11.1408 -12.7354 4.26537
      vertex 10.5881 -12.9711 3.5
      vertex 11.1705 -12.8847 3.5
    endloop
  endfacet
  facet normal 0.143926 -0.970216 0.19485
    outer loop
      vertex 11.1408 -12.7354 4.26537
      vertex 10.5732 -12.8196 4.26537
      vertex 10.5881 -12.9711 3.5
    endloop
  endfacet
  facet normal 0.0408562 -0.830742 0.555156
    outer loop
      vertex 10.5307 -12.3881 4.9142
      vertex 10 -12.4142 4.9142
      vertex 10.5732 -12.8196 4.26537
    endloop
  endfacet
  facet normal 0.0815222 -0.550039 0.83115
    outer loop
      vertex 11.0563 -12.3102 4.9142
      vertex 10.4671 -11.7424 5.34775
      vertex 10.5307 -12.3881 4.9142
    endloop
  endfacet
  facet normal -0.0815622 -0.55001 0.831166
    outer loop
      vertex -10.9297 -11.6738 5.34775
      vertex -11.0563 -12.3102 4.9142
      vertex -10.4671 -11.7424 5.34775
    endloop
  endfacet
  facet normal -0.0815222 -0.550039 0.83115
    outer loop
      vertex -10.4671 -11.7424 5.34775
      vertex -11.0563 -12.3102 4.9142
      vertex -10.5307 -12.3881 4.9142
    endloop
  endfacet
  facet normal -0.0658287 -0.183902 0.980738
    outer loop
      vertex -11.1611 -10.8278 5.5
      vertex -11.5307 -10.6955 5.5
      vertex -11.3833 -11.5602 5.34775
    endloop
  endfacet
  facet normal -0.0474331 -0.189483 0.980738
    outer loop
      vertex -11.1611 -10.8278 5.5
      vertex -11.3833 -11.5602 5.34775
      vertex -10.7804 -10.9231 5.5
    endloop
  endfacet
  facet normal -0.373472 -0.411996 0.831131
    outer loop
      vertex -13.3696 -10.3696 5.34775
      vertex -13.4347 -11.1852 4.9142
      vertex -13.0231 -10.6837 5.34775
    endloop
  endfacet
  facet normal -0.373398 -0.412014 0.831155
    outer loop
      vertex -13.3696 -10.3696 5.34775
      vertex -13.8284 -10.8284 4.9142
      vertex -13.4347 -11.1852 4.9142
    endloop
  endfacet
  facet normal -0.504353 -0.841216 0.194894
    outer loop
      vertex -13.2488 -11.8622 4.26537
      vertex -13.3334 -11.9888 3.5
      vertex -12.7566 -12.1573 4.26537
    endloop
  endfacet
  facet normal -0.50427 -0.841283 0.194817
    outer loop
      vertex -12.7566 -12.1573 4.26537
      vertex -13.3334 -11.9888 3.5
      vertex -12.8284 -12.2915 3.5
    endloop
  endfacet
  facet normal -0.187345 -0.52352 0.831161
    outer loop
      vertex -11.3833 -11.5602 5.34775
      vertex -12.0719 -12.0021 4.9142
      vertex -11.5717 -12.1811 4.9142
    endloop
  endfacet
  facet normal -0.427626 -0.71344 0.555103
    outer loop
      vertex -13.008 -11.5017 4.9142
      vertex -13.2488 -11.8622 4.26537
      vertex -12.5522 -11.7749 4.9142
    endloop
  endfacet
  facet normal -0.243015 -0.970023 0
    outer loop
      vertex -11.7417 -12.7416 0
      vertex -11.1705 -12.8847 3.5
      vertex -11.7417 -12.7416 3.5
    endloop
  endfacet
  facet normal -0.243015 -0.970023 -0
    outer loop
      vertex -11.1705 -12.8847 3.5
      vertex -11.7417 -12.7416 0
      vertex -11.1705 -12.8847 0
    endloop
  endfacet
  facet normal -0.427612 -0.903962 0
    outer loop
      vertex -12.8284 -12.2915 0
      vertex -12.2961 -12.5433 3.5
      vertex -12.8284 -12.2915 3.5
    endloop
  endfacet
  facet normal -0.427612 -0.903962 -0
    outer loop
      vertex -12.2961 -12.5433 3.5
      vertex -12.8284 -12.2915 0
      vertex -12.2961 -12.5433 0
    endloop
  endfacet
  facet normal -0.122049 -0.822744 0.555155
    outer loop
      vertex -10.5307 -12.3881 4.9142
      vertex -11.1408 -12.7354 4.26537
      vertex -10.5732 -12.8196 4.26537
    endloop
  endfacet
  facet normal -0.143926 -0.970216 0.19485
    outer loop
      vertex -10.5732 -12.8196 4.26537
      vertex -11.1408 -12.7354 4.26537
      vertex -10.5881 -12.9711 3.5
    endloop
  endfacet
  facet normal -0.923519 -0.330334 0.194918
    outer loop
      vertex -15.4026 -9.23784 4.26537
      vertex -15.7416 -8.74171 3.5
      vertex -15.5433 -9.2961 3.5
    endloop
  endfacet
  facet normal -0.751925 -0.355547 0.555152
    outer loop
      vertex -14.7749 -9.55224 4.9142
      vertex -15.4026 -9.23784 4.26537
      vertex -15.1573 -9.75661 4.26537
    endloop
  endfacet
  facet normal -0.156873 -0.11636 0.98074
    outer loop
      vertex -13.092 -9.53757 5.5
      vertex -13.9623 -9.6475 5.34775
      vertex -13.6837 -10.0231 5.34775
    endloop
  endfacet
  facet normal -0.783169 -0.280229 0.555084
    outer loop
      vertex -15.1811 -8.57166 4.9142
      vertex -15.4026 -9.23784 4.26537
      vertex -15.0021 -9.07192 4.9142
    endloop
  endfacet
  facet normal -0.751917 -0.35567 0.555085
    outer loop
      vertex -15.0021 -9.07192 4.9142
      vertex -15.4026 -9.23784 4.26537
      vertex -14.7749 -9.55224 4.9142
    endloop
  endfacet
  facet normal -0.822745 -0.122036 0.555155
    outer loop
      vertex -15.3881 -7.53068 4.9142
      vertex -15.8196 -7.57318 4.26537
      vertex -15.7354 -8.14084 4.26537
    endloop
  endfacet
  facet normal -0.970217 -0.143911 0.194854
    outer loop
      vertex -15.8196 -7.57318 4.26537
      vertex -15.9711 -7.5881 3.5
      vertex -15.7354 -8.14084 4.26537
    endloop
  endfacet
  facet normal -0.713357 -0.427704 0.555149
    outer loop
      vertex -14.7749 -9.55224 4.9142
      vertex -15.1573 -9.75661 4.26537
      vertex -14.8622 -10.2488 4.26537
    endloop
  endfacet
  facet normal -0.616248 -0.558566 0.555196
    outer loop
      vertex -14.1852 -10.4347 4.9142
      vertex -14.5204 -10.7098 4.26537
      vertex -14.135 -11.135 4.26537
    endloop
  endfacet
  facet normal -0.558566 -0.616248 0.555196
    outer loop
      vertex -13.4347 -11.1852 4.9142
      vertex -14.135 -11.135 4.26537
      vertex -13.7098 -11.5204 4.26537
    endloop
  endfacet
  facet normal -0.558539 -0.616302 0.555163
    outer loop
      vertex -13.8284 -10.8284 4.9142
      vertex -14.135 -11.135 4.26537
      vertex -13.4347 -11.1852 4.9142
    endloop
  endfacet
  facet normal -0.195093 0 0.980785
    outer loop
      vertex -14.7654 7 5.34775
      vertex -14 -7 5.5
      vertex -14 7 5.5
    endloop
  endfacet
  facet normal -0.195093 0 0.980785
    outer loop
      vertex -14 -7 5.5
      vertex -14.7654 7 5.34775
      vertex -14.7654 -7 5.34775
    endloop
  endfacet
  facet normal -0.555602 0 0.831448
    outer loop
      vertex -15.4142 7 4.9142
      vertex -14.7654 -7 5.34775
      vertex -14.7654 7 5.34775
    endloop
  endfacet
  facet normal -0.555602 0 0.831448
    outer loop
      vertex -14.7654 -7 5.34775
      vertex -15.4142 7 4.9142
      vertex -15.4142 -7 4.9142
    endloop
  endfacet
  facet normal -0.176582 -0.0834977 0.980738
    outer loop
      vertex -13.6955 -8.53073 5.5
      vertex -14.4026 -8.82363 5.34775
      vertex -14.2027 -9.24638 5.34775
    endloop
  endfacet
  facet normal -0.55004 -0.0815254 0.83115
    outer loop
      vertex -14.7424 -7.46709 5.34775
      vertex -15.3881 -7.53068 4.9142
      vertex -15.3102 -8.05626 4.9142
    endloop
  endfacet
  facet normal -0.523536 -0.187329 0.831154
    outer loop
      vertex -14.5602 -8.38331 5.34775
      vertex -15.1811 -8.57166 4.9142
      vertex -15.0021 -9.07192 4.9142
    endloop
  endfacet
  facet normal -0.502624 -0.23775 0.83117
    outer loop
      vertex -14.4026 -8.82363 5.34775
      vertex -15.0021 -9.07192 4.9142
      vertex -14.7749 -9.55224 4.9142
    endloop
  endfacet
  facet normal -0.97965 0.0481413 0.194854
    outer loop
      vertex -15.9711 7.5881 3.5
      vertex -16 7 3.5
      vertex -15.8196 7.57318 4.26537
    endloop
  endfacet
  facet normal -0.822745 0.122036 0.555155
    outer loop
      vertex -15.7354 8.14084 4.26537
      vertex -15.8196 7.57318 4.26537
      vertex -15.3881 7.53068 4.9142
    endloop
  endfacet
  facet normal -0.806866 0.202198 0.555052
    outer loop
      vertex -15.5959 8.69751 4.26537
      vertex -15.7354 8.14084 4.26537
      vertex -15.1811 8.57166 4.9142
    endloop
  endfacet
  facet normal -0.951428 0.238369 0.194844
    outer loop
      vertex -15.7416 8.74171 3.5
      vertex -15.8847 8.17054 3.5
      vertex -15.7354 8.14084 4.26537
    endloop
  endfacet
  facet normal -0.658835 0.726635 0.194777
    outer loop
      vertex -13.8064 11.6381 3.5
      vertex -14.2426 11.2426 3.5
      vertex -14.135 11.135 4.26537
    endloop
  endfacet
  facet normal -0.195086 0.00960623 0.980739
    outer loop
      vertex -14.7424 7.46709 5.34775
      vertex -14.7654 7 5.34775
      vertex -13.9807 7.39207 5.5
    endloop
  endfacet
  facet normal -0.195084 0.0096032 0.980739
    outer loop
      vertex -13.9807 7.39207 5.5
      vertex -14.7654 7 5.34775
      vertex -14 7 5.5
    endloop
  endfacet
  facet normal 0.555376 0.0273473 0.83115
    outer loop
      vertex 15.3881 7.53068 4.9142
      vertex 14.7424 7.46709 5.34775
      vertex 14.7654 7 5.34775
    endloop
  endfacet
  facet normal 0.806854 0.202105 0.555104
    outer loop
      vertex 15.7354 8.14084 4.26537
      vertex 15.1811 8.57166 4.9142
      vertex 15.3102 8.05626 4.9142
    endloop
  endfacet
  facet normal 0.202108 0.806865 0.555087
    outer loop
      vertex 11.1408 12.7354 4.26537
      vertex 11.0563 12.3102 4.9142
      vertex 11.5717 12.1811 4.9142
    endloop
  endfacet
  facet normal 0.121949 0.822801 0.555091
    outer loop
      vertex 11.1408 12.7354 4.26537
      vertex 10.5307 12.3881 4.9142
      vertex 11.0563 12.3102 4.9142
    endloop
  endfacet
  facet normal 0.280205 0.78321 0.555038
    outer loop
      vertex 11.6975 12.5959 4.26537
      vertex 11.5717 12.1811 4.9142
      vertex 12.2378 12.4026 4.26537
    endloop
  endfacet
  facet normal 0.28026 0.783162 0.555078
    outer loop
      vertex 12.2378 12.4026 4.26537
      vertex 11.5717 12.1811 4.9142
      vertex 12.0719 12.0021 4.9142
    endloop
  endfacet
  facet normal 0.668015 0.495492 0.555197
    outer loop
      vertex 14.5204 10.7098 4.26537
      vertex 14.1852 10.4347 4.9142
      vertex 14.5017 10.008 4.9142
    endloop
  endfacet
  facet normal 0.616248 0.558566 0.555196
    outer loop
      vertex 14.5204 10.7098 4.26537
      vertex 14.135 11.135 4.26537
      vertex 14.1852 10.4347 4.9142
    endloop
  endfacet
  facet normal 0.539378 0.135106 0.831154
    outer loop
      vertex 15.1811 8.57166 4.9142
      vertex 14.5602 8.38331 5.34775
      vertex 15.3102 8.05626 4.9142
    endloop
  endfacet
  facet normal 0.539369 0.135071 0.831166
    outer loop
      vertex 15.3102 8.05626 4.9142
      vertex 14.5602 8.38331 5.34775
      vertex 14.6738 7.92968 5.34775
    endloop
  endfacet
  facet normal 0.713357 0.427704 0.555149
    outer loop
      vertex 14.8622 10.2488 4.26537
      vertex 14.7749 9.55224 4.9142
      vertex 15.1573 9.75661 4.26537
    endloop
  endfacet
  facet normal 0.713423 0.427653 0.555104
    outer loop
      vertex 14.8622 10.2488 4.26537
      vertex 14.5017 10.008 4.9142
      vertex 14.7749 9.55224 4.9142
    endloop
  endfacet
  facet normal 0.751917 0.35567 0.555085
    outer loop
      vertex 15.4026 9.23784 4.26537
      vertex 14.7749 9.55224 4.9142
      vertex 15.0021 9.07192 4.9142
    endloop
  endfacet
  facet normal 0.167541 0.100411 0.980738
    outer loop
      vertex 13.9623 9.6475 5.34775
      vertex 13.5277 8.88559 5.5
      vertex 14.2027 9.24638 5.34775
    endloop
  endfacet
  facet normal -0.183904 0.0658312 0.980737
    outer loop
      vertex -13.6955 8.53073 5.5
      vertex -14.5602 8.38331 5.34775
      vertex -13.8278 8.16114 5.5
    endloop
  endfacet
  facet normal -0.189488 0.0474242 0.980737
    outer loop
      vertex -13.8278 8.16114 5.5
      vertex -14.5602 8.38331 5.34775
      vertex -13.9231 7.78036 5.5
    endloop
  endfacet
  facet normal -0.156873 0.11636 0.98074
    outer loop
      vertex -13.6837 10.0231 5.34775
      vertex -13.9623 9.6475 5.34775
      vertex -13.092 9.53757 5.5
    endloop
  endfacet
  facet normal -0.167535 0.100414 0.980739
    outer loop
      vertex -13.3259 9.22228 5.5
      vertex -13.9623 9.6475 5.34775
      vertex -13.5277 8.88559 5.5
    endloop
  endfacet
  facet normal -0.28587 0.476965 0.831134
    outer loop
      vertex -12.5522 11.7749 4.9142
      vertex -12.6475 10.9623 5.34775
      vertex -12.2464 11.2027 5.34775
    endloop
  endfacet
  facet normal -0.187376 0.523487 0.831175
    outer loop
      vertex -11.3833 11.5602 5.34775
      vertex -12.0719 12.0021 4.9142
      vertex -11.8236 11.4026 5.34775
    endloop
  endfacet
  facet normal -0.144736 0.131171 0.980737
    outer loop
      vertex -12.8284 9.82843 5.5
      vertex -13.3696 10.3696 5.34775
      vertex -13.092 9.53757 5.5
    endloop
  endfacet
  facet normal -0.0834895 0.176585 0.980738
    outer loop
      vertex -11.8236 11.4026 5.34775
      vertex -12.2464 11.2027 5.34775
      vertex -11.5307 10.6955 5.5
    endloop
  endfacet
  facet normal -0.373472 0.411996 0.831131
    outer loop
      vertex -13.0231 10.6837 5.34775
      vertex -13.4347 11.1852 4.9142
      vertex -13.3696 10.3696 5.34775
    endloop
  endfacet
  facet normal -0.88664 0.419433 0.194794
    outer loop
      vertex -15.2915 9.82838 3.5
      vertex -15.5433 9.2961 3.5
      vertex -15.1573 9.75661 4.26537
    endloop
  endfacet
  facet normal -0.923519 0.330334 0.194918
    outer loop
      vertex -15.5433 9.2961 3.5
      vertex -15.7416 8.74171 3.5
      vertex -15.4026 9.23784 4.26537
    endloop
  endfacet
  facet normal -0.0658287 0.183902 0.980738
    outer loop
      vertex -11.3833 11.5602 5.34775
      vertex -11.5307 10.6955 5.5
      vertex -11.1611 10.8278 5.5
    endloop
  endfacet
  facet normal -0.0658255 0.183902 0.980738
    outer loop
      vertex -11.3833 11.5602 5.34775
      vertex -11.8236 11.4026 5.34775
      vertex -11.5307 10.6955 5.5
    endloop
  endfacet
  facet normal -0.146746 0.989174 0
    outer loop
      vertex -10.5881 12.9711 0
      vertex -11.1705 12.8847 3.5
      vertex -10.5881 12.9711 3.5
    endloop
  endfacet
  facet normal -0.146746 0.989174 0
    outer loop
      vertex -11.1705 12.8847 3.5
      vertex -10.5881 12.9711 0
      vertex -11.1705 12.8847 0
    endloop
  endfacet
  facet normal -0.238358 0.951431 0.194844
    outer loop
      vertex -11.1705 12.8847 3.5
      vertex -11.7417 12.7416 3.5
      vertex -11.1408 12.7354 4.26537
    endloop
  endfacet
  facet normal -0.143933 0.970216 0.194844
    outer loop
      vertex -10.5881 12.9711 3.5
      vertex -11.1705 12.8847 3.5
      vertex -11.1408 12.7354 4.26537
    endloop
  endfacet
  facet normal 0.285885 0.476964 0.831129
    outer loop
      vertex 13.008 11.5017 4.9142
      vertex 12.5522 11.7749 4.9142
      vertex 12.6475 10.9623 5.34775
    endloop
  endfacet
  facet normal 0.558566 0.616248 0.555196
    outer loop
      vertex 13.7098 11.5204 4.26537
      vertex 13.4347 11.1852 4.9142
      vertex 14.135 11.135 4.26537
    endloop
  endfacet
  facet normal 0.50427 0.841283 0.194817
    outer loop
      vertex 12.8284 12.2915 3.5
      vertex 12.7566 12.1573 4.26537
      vertex 13.3334 11.9888 3.5
    endloop
  endfacet
  facet normal 0.419419 0.886643 0.19481
    outer loop
      vertex 12.8284 12.2915 3.5
      vertex 12.2961 12.5433 3.5
      vertex 12.7566 12.1573 4.26537
    endloop
  endfacet
  facet normal 0.100414 -0.167539 0.980738
    outer loop
      vertex 12.2223 -10.3259 5.5
      vertex 11.8856 -10.5277 5.5
      vertex 12.6475 -10.9623 5.34775
    endloop
  endfacet
  facet normal 0.616248 -0.558566 0.555196
    outer loop
      vertex 14.1852 -10.4347 4.9142
      vertex 14.135 -11.135 4.26537
      vertex 14.5204 -10.7098 4.26537
    endloop
  endfacet
  facet normal 0.726725 -0.658701 0.194894
    outer loop
      vertex 14.5204 -10.7098 4.26537
      vertex 14.135 -11.135 4.26537
      vertex 14.6381 -10.8064 3.5
    endloop
  endfacet
  facet normal 0.841296 -0.504258 0.194798
    outer loop
      vertex 15.1573 -9.75661 4.26537
      vertex 14.9888 -10.3334 3.5
      vertex 15.2915 -9.82838 3.5
    endloop
  endfacet
  facet normal 0.88664 -0.419433 0.194794
    outer loop
      vertex 15.5433 -9.2961 3.5
      vertex 15.1573 -9.75661 4.26537
      vertex 15.2915 -9.82838 3.5
    endloop
  endfacet
  facet normal 0.183904 -0.0658312 0.980737
    outer loop
      vertex 13.8278 -8.16114 5.5
      vertex 13.6955 -8.53073 5.5
      vertex 14.5602 -8.38331 5.34775
    endloop
  endfacet
  facet normal 0.122049 -0.822744 0.555155
    outer loop
      vertex 11.1408 -12.7354 4.26537
      vertex 10.5307 -12.3881 4.9142
      vertex 10.5732 -12.8196 4.26537
    endloop
  endfacet
  facet normal 0.0474331 -0.189483 0.980738
    outer loop
      vertex 11.1611 -10.8278 5.5
      vertex 10.7804 -10.9231 5.5
      vertex 11.3833 -11.5602 5.34775
    endloop
  endfacet
  facet normal 0.187376 -0.523487 0.831175
    outer loop
      vertex 11.8236 -11.4026 5.34775
      vertex 11.3833 -11.5602 5.34775
      vertex 12.0719 -12.0021 4.9142
    endloop
  endfacet
  facet normal 0.0658255 -0.183902 0.980738
    outer loop
      vertex 11.5307 -10.6955 5.5
      vertex 11.3833 -11.5602 5.34775
      vertex 11.8236 -11.4026 5.34775
    endloop
  endfacet
  facet normal 0.238408 -0.95141 0.194884
    outer loop
      vertex 11.6975 -12.5959 4.26537
      vertex 11.1408 -12.7354 4.26537
      vertex 11.7417 -12.7416 3.5
    endloop
  endfacet
  facet normal 0.330396 -0.923503 0.194883
    outer loop
      vertex 12.2378 -12.4026 4.26537
      vertex 11.6975 -12.5959 4.26537
      vertex 11.7417 -12.7416 3.5
    endloop
  endfacet
  facet normal 0.0481413 -0.97965 0.194853
    outer loop
      vertex 10.5732 -12.8196 4.26537
      vertex 10 -13 3.5
      vertex 10.5881 -12.9711 3.5
    endloop
  endfacet
  facet normal 0.121949 -0.822801 0.555091
    outer loop
      vertex 11.0563 -12.3102 4.9142
      vertex 10.5307 -12.3881 4.9142
      vertex 11.1408 -12.7354 4.26537
    endloop
  endfacet
  facet normal 0.202108 -0.806865 0.555087
    outer loop
      vertex 11.5717 -12.1811 4.9142
      vertex 11.0563 -12.3102 4.9142
      vertex 11.1408 -12.7354 4.26537
    endloop
  endfacet
  facet normal -0.28026 -0.783162 0.555078
    outer loop
      vertex -12.0719 -12.0021 4.9142
      vertex -12.2378 -12.4026 4.26537
      vertex -11.5717 -12.1811 4.9142
    endloop
  endfacet
  facet normal -0.237684 -0.502716 0.831133
    outer loop
      vertex -12.2464 -11.2027 5.34775
      vertex -12.5522 -11.7749 4.9142
      vertex -11.8236 -11.4026 5.34775
    endloop
  endfacet
  facet normal -0.0407283 -0.8308 0.555079
    outer loop
      vertex -10 -12.4142 4.9142
      vertex -10.5732 -12.8196 4.26537
      vertex -10 -12.8477 4.26537
    endloop
  endfacet
  facet normal -0.0408562 -0.830742 0.555156
    outer loop
      vertex -10.5307 -12.3881 4.9142
      vertex -10.5732 -12.8196 4.26537
      vertex -10 -12.4142 4.9142
    endloop
  endfacet
  facet normal -0.841296 -0.504258 0.194798
    outer loop
      vertex -15.1573 -9.75661 4.26537
      vertex -15.2915 -9.82838 3.5
      vertex -14.9888 -10.3334 3.5
    endloop
  endfacet
  facet normal -0.668165 -0.495399 0.5551
    outer loop
      vertex -14.5017 -10.008 4.9142
      vertex -14.8622 -10.2488 4.26537
      vertex -14.5204 -10.7098 4.26537
    endloop
  endfacet
  facet normal -0.903956 -0.427625 0
    outer loop
      vertex -15.2915 -9.82838 0
      vertex -15.5433 -9.2961 3.5
      vertex -15.5433 -9.2961 0
    endloop
  endfacet
  facet normal -0.903956 -0.427625 0
    outer loop
      vertex -15.5433 -9.2961 3.5
      vertex -15.2915 -9.82838 0
      vertex -15.2915 -9.82838 3.5
    endloop
  endfacet
  facet normal -0.88664 -0.419433 0.194794
    outer loop
      vertex -15.1573 -9.75661 4.26537
      vertex -15.5433 -9.2961 3.5
      vertex -15.2915 -9.82838 3.5
    endloop
  endfacet
  facet normal -0.131178 -0.14473 0.980737
    outer loop
      vertex -12.8284 -9.82843 5.5
      vertex -13.3696 -10.3696 5.34775
      vertex -12.5376 -10.092 5.5
    endloop
  endfacet
  facet normal -0.131183 -0.144715 0.980739
    outer loop
      vertex -12.5376 -10.092 5.5
      vertex -13.3696 -10.3696 5.34775
      vertex -13.0231 -10.6837 5.34775
    endloop
  endfacet
  facet normal -0.476955 -0.285849 0.831146
    outer loop
      vertex -14.2027 -9.24638 5.34775
      vertex -14.7749 -9.55224 4.9142
      vertex -13.9623 -9.6475 5.34775
    endloop
  endfacet
  facet normal -0.951407 -0.23842 0.194884
    outer loop
      vertex -15.7354 -8.14084 4.26537
      vertex -15.7416 -8.74171 3.5
      vertex -15.5959 -8.69751 4.26537
    endloop
  endfacet
  facet normal -0.923509 -0.33038 0.194884
    outer loop
      vertex -15.5959 -8.69751 4.26537
      vertex -15.7416 -8.74171 3.5
      vertex -15.4026 -9.23784 4.26537
    endloop
  endfacet
  facet normal -0.411996 -0.373472 0.831131
    outer loop
      vertex -13.6837 -10.0231 5.34775
      vertex -14.1852 -10.4347 4.9142
      vertex -13.3696 -10.3696 5.34775
    endloop
  endfacet
  facet normal -0.446624 -0.331281 0.831132
    outer loop
      vertex -13.9623 -9.6475 5.34775
      vertex -14.1852 -10.4347 4.9142
      vertex -13.6837 -10.0231 5.34775
    endloop
  endfacet
  facet normal -0.167535 -0.100414 0.980739
    outer loop
      vertex -13.5277 -8.88559 5.5
      vertex -13.9623 -9.6475 5.34775
      vertex -13.3259 -9.22228 5.5
    endloop
  endfacet
  facet normal -0.539369 -0.135071 0.831166
    outer loop
      vertex -14.6738 -7.92968 5.34775
      vertex -15.3102 -8.05626 4.9142
      vertex -14.5602 -8.38331 5.34775
    endloop
  endfacet
  facet normal -0.189467 -0.0474471 0.98074
    outer loop
      vertex -13.9231 -7.78036 5.5
      vertex -14.6738 -7.92968 5.34775
      vertex -14.5602 -8.38331 5.34775
    endloop
  endfacet
  facet normal -0.88669 0.419271 0.194917
    outer loop
      vertex -15.1573 9.75661 4.26537
      vertex -15.5433 9.2961 3.5
      vertex -15.4026 9.23784 4.26537
    endloop
  endfacet
  facet normal -0.751925 0.355547 0.555152
    outer loop
      vertex -15.1573 9.75661 4.26537
      vertex -15.4026 9.23784 4.26537
      vertex -14.7749 9.55224 4.9142
    endloop
  endfacet
  facet normal -0.713423 0.427653 0.555104
    outer loop
      vertex -14.5017 10.008 4.9142
      vertex -14.8622 10.2488 4.26537
      vertex -14.7749 9.55224 4.9142
    endloop
  endfacet
  facet normal -0.803289 0.595589 0
    outer loop
      vertex -14.9888 10.3334 0
      vertex -14.6381 10.8064 3.5
      vertex -14.6381 10.8064 0
    endloop
  endfacet
  facet normal -0.803289 0.595589 0
    outer loop
      vertex -14.6381 10.8064 3.5
      vertex -14.9888 10.3334 0
      vertex -14.9888 10.3334 3.5
    endloop
  endfacet
  facet normal -0.193204 0.0286604 0.98074
    outer loop
      vertex -13.9231 7.78036 5.5
      vertex -14.6738 7.92968 5.34775
      vertex -13.9807 7.39207 5.5
    endloop
  endfacet
  facet normal 0.0815222 0.550039 0.83115
    outer loop
      vertex 10.5307 12.3881 4.9142
      vertex 10.4671 11.7424 5.34775
      vertex 11.0563 12.3102 4.9142
    endloop
  endfacet
  facet normal 0.0286517 0.193211 0.980739
    outer loop
      vertex 10.4671 11.7424 5.34775
      vertex 10.3921 10.9807 5.5
      vertex 10.9297 11.6738 5.34775
    endloop
  endfacet
  facet normal 0.100414 0.167538 0.980739
    outer loop
      vertex 12.2464 11.2027 5.34775
      vertex 11.8856 10.5277 5.5
      vertex 12.6475 10.9623 5.34775
    endloop
  endfacet
  facet normal 0.0834904 0.176584 0.980738
    outer loop
      vertex 12.2464 11.2027 5.34775
      vertex 11.5307 10.6955 5.5
      vertex 11.8856 10.5277 5.5
    endloop
  endfacet
  facet normal 0.427626 0.71344 0.555103
    outer loop
      vertex 13.2488 11.8622 4.26537
      vertex 12.5522 11.7749 4.9142
      vertex 13.008 11.5017 4.9142
    endloop
  endfacet
  facet normal 0.427693 0.713353 0.555163
    outer loop
      vertex 12.7566 12.1573 4.26537
      vertex 12.5522 11.7749 4.9142
      vertex 13.2488 11.8622 4.26537
    endloop
  endfacet
  facet normal 0.144736 0.131171 0.980737
    outer loop
      vertex 13.3696 10.3696 5.34775
      vertex 12.8284 9.82843 5.5
      vertex 13.092 9.53757 5.5
    endloop
  endfacet
  facet normal 0.116362 0.156876 0.980739
    outer loop
      vertex 12.6475 10.9623 5.34775
      vertex 12.5376 10.092 5.5
      vertex 13.0231 10.6837 5.34775
    endloop
  endfacet
  facet normal 0.131183 0.144715 0.980739
    outer loop
      vertex 13.0231 10.6837 5.34775
      vertex 12.5376 10.092 5.5
      vertex 13.3696 10.3696 5.34775
    endloop
  endfacet
  facet normal 0.176582 0.0834977 0.980738
    outer loop
      vertex 14.2027 9.24638 5.34775
      vertex 13.6955 8.53073 5.5
      vertex 14.4026 8.82363 5.34775
    endloop
  endfacet
  facet normal 0.502691 0.2377 0.831144
    outer loop
      vertex 14.7749 9.55224 4.9142
      vertex 14.2027 9.24638 5.34775
      vertex 14.4026 8.82363 5.34775
    endloop
  endfacet
  facet normal 0.446624 0.331281 0.831132
    outer loop
      vertex 14.1852 10.4347 4.9142
      vertex 13.6837 10.0231 5.34775
      vertex 13.9623 9.6475 5.34775
    endloop
  endfacet
  facet normal 0.156873 0.11636 0.98074
    outer loop
      vertex 13.6837 10.0231 5.34775
      vertex 13.092 9.53757 5.5
      vertex 13.9623 9.6475 5.34775
    endloop
  endfacet
  facet normal 0.183903 0.0658229 0.980738
    outer loop
      vertex 14.4026 8.82363 5.34775
      vertex 13.6955 8.53073 5.5
      vertex 14.5602 8.38331 5.34775
    endloop
  endfacet
  facet normal 0.523492 0.187369 0.831173
    outer loop
      vertex 15.0021 9.07192 4.9142
      vertex 14.4026 8.82363 5.34775
      vertex 14.5602 8.38331 5.34775
    endloop
  endfacet
  facet normal -0.539378 0.135106 0.831154
    outer loop
      vertex -15.1811 8.57166 4.9142
      vertex -15.3102 8.05626 4.9142
      vertex -14.5602 8.38331 5.34775
    endloop
  endfacet
  facet normal -0.539369 0.135071 0.831166
    outer loop
      vertex -14.5602 8.38331 5.34775
      vertex -15.3102 8.05626 4.9142
      vertex -14.6738 7.92968 5.34775
    endloop
  endfacet
  facet normal -0.476955 0.285849 0.831146
    outer loop
      vertex -13.9623 9.6475 5.34775
      vertex -14.7749 9.55224 4.9142
      vertex -14.2027 9.24638 5.34775
    endloop
  endfacet
  facet normal -0.167541 0.100411 0.980738
    outer loop
      vertex -13.9623 9.6475 5.34775
      vertex -14.2027 9.24638 5.34775
      vertex -13.5277 8.88559 5.5
    endloop
  endfacet
  facet normal -0.176581 0.0834984 0.980738
    outer loop
      vertex -13.5277 8.88559 5.5
      vertex -14.2027 9.24638 5.34775
      vertex -13.6955 8.53073 5.5
    endloop
  endfacet
  facet normal -0.446626 0.33128 0.831131
    outer loop
      vertex -14.1852 10.4347 4.9142
      vertex -14.5017 10.008 4.9142
      vertex -13.9623 9.6475 5.34775
    endloop
  endfacet
  facet normal -0.668015 0.495492 0.555197
    outer loop
      vertex -14.1852 10.4347 4.9142
      vertex -14.5204 10.7098 4.26537
      vertex -14.5017 10.008 4.9142
    endloop
  endfacet
  facet normal -0.116362 0.156876 0.980739
    outer loop
      vertex -12.6475 10.9623 5.34775
      vertex -13.0231 10.6837 5.34775
      vertex -12.5376 10.092 5.5
    endloop
  endfacet
  facet normal -0.331281 0.446624 0.831132
    outer loop
      vertex -12.6475 10.9623 5.34775
      vertex -13.4347 11.1852 4.9142
      vertex -13.0231 10.6837 5.34775
    endloop
  endfacet
  facet normal -0.584165 0.787888 0.194892
    outer loop
      vertex -13.2488 11.8622 4.26537
      vertex -13.8064 11.6381 3.5
      vertex -13.7098 11.5204 4.26537
    endloop
  endfacet
  facet normal -0.355527 0.751927 0.555163
    outer loop
      vertex -12.2378 12.4026 4.26537
      vertex -12.7566 12.1573 4.26537
      vertex -12.5522 11.7749 4.9142
    endloop
  endfacet
  facet normal -0.658701 0.726725 0.194894
    outer loop
      vertex -13.8064 11.6381 3.5
      vertex -14.135 11.135 4.26537
      vertex -13.7098 11.5204 4.26537
    endloop
  endfacet
  facet normal -0.558539 0.616302 0.555163
    outer loop
      vertex -13.4347 11.1852 4.9142
      vertex -14.135 11.135 4.26537
      vertex -13.8284 10.8284 4.9142
    endloop
  endfacet
  facet normal -0.131183 0.144715 0.980739
    outer loop
      vertex -13.0231 10.6837 5.34775
      vertex -13.3696 10.3696 5.34775
      vertex -12.5376 10.092 5.5
    endloop
  endfacet
  facet normal -0.131178 0.14473 0.980737
    outer loop
      vertex -12.5376 10.092 5.5
      vertex -13.3696 10.3696 5.34775
      vertex -12.8284 9.82843 5.5
    endloop
  endfacet
  facet normal -0.237684 0.502716 0.831133
    outer loop
      vertex -11.8236 11.4026 5.34775
      vertex -12.5522 11.7749 4.9142
      vertex -12.2464 11.2027 5.34775
    endloop
  endfacet
  facet normal -0.237757 0.502618 0.831172
    outer loop
      vertex -12.0719 12.0021 4.9142
      vertex -12.5522 11.7749 4.9142
      vertex -11.8236 11.4026 5.34775
    endloop
  endfacet
  facet normal -0.0286517 0.193211 0.980739
    outer loop
      vertex -10.4671 11.7424 5.34775
      vertex -10.9297 11.6738 5.34775
      vertex -10.3921 10.9807 5.5
    endloop
  endfacet
  facet normal -0.0834904 0.176584 0.980738
    outer loop
      vertex -11.5307 10.6955 5.5
      vertex -12.2464 11.2027 5.34775
      vertex -11.8856 10.5277 5.5
    endloop
  endfacet
  facet normal 0.355685 0.751916 0.555077
    outer loop
      vertex 12.2378 12.4026 4.26537
      vertex 12.0719 12.0021 4.9142
      vertex 12.5522 11.7749 4.9142
    endloop
  endfacet
  facet normal 0.355527 0.751927 0.555163
    outer loop
      vertex 12.7566 12.1573 4.26537
      vertex 12.2378 12.4026 4.26537
      vertex 12.5522 11.7749 4.9142
    endloop
  endfacet
  facet normal 0.193204 -0.0286604 0.98074
    outer loop
      vertex 13.9807 -7.39207 5.5
      vertex 13.9231 -7.78036 5.5
      vertex 14.6738 -7.92968 5.34775
    endloop
  endfacet
  facet normal 0.00960247 -0.195084 0.980739
    outer loop
      vertex 10 -11 5.5
      vertex 10 -11.7654 5.34775
      vertex 10.3921 -10.9807 5.5
    endloop
  endfacet
  facet normal 0.00960604 -0.195086 0.980739
    outer loop
      vertex 10.3921 -10.9807 5.5
      vertex 10 -11.7654 5.34775
      vertex 10.4671 -11.7424 5.34775
    endloop
  endfacet
  facet normal 0.135079 -0.539365 0.831168
    outer loop
      vertex 11.3833 -11.5602 5.34775
      vertex 10.9297 -11.6738 5.34775
      vertex 11.0563 -12.3102 4.9142
    endloop
  endfacet
  facet normal 0.0815622 -0.55001 0.831166
    outer loop
      vertex 10.9297 -11.6738 5.34775
      vertex 10.4671 -11.7424 5.34775
      vertex 11.0563 -12.3102 4.9142
    endloop
  endfacet
  facet normal -0.0474504 -0.189468 0.98074
    outer loop
      vertex -10.7804 -10.9231 5.5
      vertex -11.3833 -11.5602 5.34775
      vertex -10.9297 -11.6738 5.34775
    endloop
  endfacet
  facet normal -0.0286598 -0.193205 0.98074
    outer loop
      vertex -10.7804 -10.9231 5.5
      vertex -10.9297 -11.6738 5.34775
      vertex -10.3921 -10.9807 5.5
    endloop
  endfacet
  facet normal -0.187376 -0.523487 0.831175
    outer loop
      vertex -11.8236 -11.4026 5.34775
      vertex -12.0719 -12.0021 4.9142
      vertex -11.3833 -11.5602 5.34775
    endloop
  endfacet
  facet normal -0.237757 -0.502618 0.831172
    outer loop
      vertex -11.8236 -11.4026 5.34775
      vertex -12.5522 -11.7749 4.9142
      vertex -12.0719 -12.0021 4.9142
    endloop
  endfacet
  facet normal -0.803289 -0.595589 0
    outer loop
      vertex -14.6381 -10.8064 0
      vertex -14.9888 -10.3334 3.5
      vertex -14.9888 -10.3334 0
    endloop
  endfacet
  facet normal -0.803289 -0.595589 0
    outer loop
      vertex -14.9888 -10.3334 3.5
      vertex -14.6381 -10.8064 0
      vertex -14.6381 -10.8064 3.5
    endloop
  endfacet
  facet normal -0.144711 -0.13118 0.98074
    outer loop
      vertex -13.092 -9.53757 5.5
      vertex -13.6837 -10.0231 5.34775
      vertex -13.3696 -10.3696 5.34775
    endloop
  endfacet
  facet normal -0.144736 -0.131171 0.980737
    outer loop
      vertex -13.092 -9.53757 5.5
      vertex -13.3696 -10.3696 5.34775
      vertex -12.8284 -9.82843 5.5
    endloop
  endfacet
  facet normal -0.116375 -0.156874 0.980738
    outer loop
      vertex -12.5376 -10.092 5.5
      vertex -12.6475 -10.9623 5.34775
      vertex -12.2223 -10.3259 5.5
    endloop
  endfacet
  facet normal -0.176581 -0.0834984 0.980738
    outer loop
      vertex -13.6955 -8.53073 5.5
      vertex -14.2027 -9.24638 5.34775
      vertex -13.5277 -8.88559 5.5
    endloop
  endfacet
  facet normal -0.167541 -0.100411 0.980738
    outer loop
      vertex -13.5277 -8.88559 5.5
      vertex -14.2027 -9.24638 5.34775
      vertex -13.9623 -9.6475 5.34775
    endloop
  endfacet
  facet normal -0.183904 -0.0658312 0.980737
    outer loop
      vertex -13.8278 -8.16114 5.5
      vertex -14.5602 -8.38331 5.34775
      vertex -13.6955 -8.53073 5.5
    endloop
  endfacet
  facet normal -0.189488 -0.0474242 0.980737
    outer loop
      vertex -13.9231 -7.78036 5.5
      vertex -14.5602 -8.38331 5.34775
      vertex -13.8278 -8.16114 5.5
    endloop
  endfacet
  facet normal -0.951407 0.23842 0.194884
    outer loop
      vertex -15.5959 8.69751 4.26537
      vertex -15.7416 8.74171 3.5
      vertex -15.7354 8.14084 4.26537
    endloop
  endfacet
  facet normal -0.923509 0.33038 0.194884
    outer loop
      vertex -15.4026 9.23784 4.26537
      vertex -15.7416 8.74171 3.5
      vertex -15.5959 8.69751 4.26537
    endloop
  endfacet
  facet normal -0.783206 0.280187 0.555053
    outer loop
      vertex -15.4026 9.23784 4.26537
      vertex -15.5959 8.69751 4.26537
      vertex -15.1811 8.57166 4.9142
    endloop
  endfacet
  facet normal -0.783169 0.280229 0.555084
    outer loop
      vertex -15.0021 9.07192 4.9142
      vertex -15.4026 9.23784 4.26537
      vertex -15.1811 8.57166 4.9142
    endloop
  endfacet
  facet normal 0.187345 0.52352 0.831161
    outer loop
      vertex 11.5717 12.1811 4.9142
      vertex 11.3833 11.5602 5.34775
      vertex 12.0719 12.0021 4.9142
    endloop
  endfacet
  facet normal 0.135104 0.539371 0.831159
    outer loop
      vertex 11.5717 12.1811 4.9142
      vertex 11.0563 12.3102 4.9142
      vertex 11.3833 11.5602 5.34775
    endloop
  endfacet
  facet normal 0.116375 0.156874 0.980738
    outer loop
      vertex 12.6475 10.9623 5.34775
      vertex 12.2223 10.3259 5.5
      vertex 12.5376 10.092 5.5
    endloop
  endfacet
  facet normal 0.100414 0.167539 0.980738
    outer loop
      vertex 12.6475 10.9623 5.34775
      vertex 11.8856 10.5277 5.5
      vertex 12.2223 10.3259 5.5
    endloop
  endfacet
  facet normal 0.33128 0.446626 0.831131
    outer loop
      vertex 13.008 11.5017 4.9142
      vertex 12.6475 10.9623 5.34775
      vertex 13.4347 11.1852 4.9142
    endloop
  endfacet
  facet normal 0.495492 0.668015 0.555197
    outer loop
      vertex 13.7098 11.5204 4.26537
      vertex 13.008 11.5017 4.9142
      vertex 13.4347 11.1852 4.9142
    endloop
  endfacet
  facet normal 0.131178 0.14473 0.980737
    outer loop
      vertex 13.3696 10.3696 5.34775
      vertex 12.5376 10.092 5.5
      vertex 12.8284 9.82843 5.5
    endloop
  endfacet
  facet normal -0.502691 0.2377 0.831144
    outer loop
      vertex -14.2027 9.24638 5.34775
      vertex -14.7749 9.55224 4.9142
      vertex -14.4026 8.82363 5.34775
    endloop
  endfacet
  facet normal -0.502624 0.23775 0.83117
    outer loop
      vertex -14.7749 9.55224 4.9142
      vertex -15.0021 9.07192 4.9142
      vertex -14.4026 8.82363 5.34775
    endloop
  endfacet
  facet normal -0.668165 0.495399 0.5551
    outer loop
      vertex -14.5204 10.7098 4.26537
      vertex -14.8622 10.2488 4.26537
      vertex -14.5017 10.008 4.9142
    endloop
  endfacet
  facet normal -0.616248 0.558566 0.555196
    outer loop
      vertex -14.135 11.135 4.26537
      vertex -14.5204 10.7098 4.26537
      vertex -14.1852 10.4347 4.9142
    endloop
  endfacet
  facet normal -0.558566 0.616248 0.555196
    outer loop
      vertex -13.7098 11.5204 4.26537
      vertex -14.135 11.135 4.26537
      vertex -13.4347 11.1852 4.9142
    endloop
  endfacet
  facet normal -0.495399 0.668165 0.5551
    outer loop
      vertex -13.2488 11.8622 4.26537
      vertex -13.7098 11.5204 4.26537
      vertex -13.008 11.5017 4.9142
    endloop
  endfacet
  facet normal -0.100414 0.167539 0.980738
    outer loop
      vertex -11.8856 10.5277 5.5
      vertex -12.6475 10.9623 5.34775
      vertex -12.2223 10.3259 5.5
    endloop
  endfacet
  facet normal -0.285885 0.476964 0.831129
    outer loop
      vertex -12.5522 11.7749 4.9142
      vertex -13.008 11.5017 4.9142
      vertex -12.6475 10.9623 5.34775
    endloop
  endfacet
  facet normal -0.427626 0.71344 0.555103
    outer loop
      vertex -12.5522 11.7749 4.9142
      vertex -13.2488 11.8622 4.26537
      vertex -13.008 11.5017 4.9142
    endloop
  endfacet
  facet normal -0.0474504 0.189468 0.98074
    outer loop
      vertex -10.9297 11.6738 5.34775
      vertex -11.3833 11.5602 5.34775
      vertex -10.7804 10.9231 5.5
    endloop
  endfacet
  facet normal -0.0474331 0.189483 0.980738
    outer loop
      vertex -10.7804 10.9231 5.5
      vertex -11.3833 11.5602 5.34775
      vertex -11.1611 10.8278 5.5
    endloop
  endfacet
  facet normal 0.187376 0.523487 0.831175
    outer loop
      vertex 12.0719 12.0021 4.9142
      vertex 11.3833 11.5602 5.34775
      vertex 11.8236 11.4026 5.34775
    endloop
  endfacet
  facet normal 0.237757 0.502618 0.831172
    outer loop
      vertex 12.0719 12.0021 4.9142
      vertex 11.8236 11.4026 5.34775
      vertex 12.5522 11.7749 4.9142
    endloop
  endfacet
  facet normal 0.0286598 -0.193205 0.98074
    outer loop
      vertex 10.7804 -10.9231 5.5
      vertex 10.3921 -10.9807 5.5
      vertex 10.9297 -11.6738 5.34775
    endloop
  endfacet
  facet normal 0.0474504 -0.189468 0.98074
    outer loop
      vertex 11.3833 -11.5602 5.34775
      vertex 10.7804 -10.9231 5.5
      vertex 10.9297 -11.6738 5.34775
    endloop
  endfacet
  facet normal -0.841211 -0.504361 0.194894
    outer loop
      vertex -14.8622 -10.2488 4.26537
      vertex -15.1573 -9.75661 4.26537
      vertex -14.9888 -10.3334 3.5
    endloop
  endfacet
  facet normal -0.787886 -0.584168 0.194895
    outer loop
      vertex -14.8622 -10.2488 4.26537
      vertex -14.9888 -10.3334 3.5
      vertex -14.6381 -10.8064 3.5
    endloop
  endfacet
  facet normal -0.193204 -0.0286604 0.98074
    outer loop
      vertex -13.9807 -7.39207 5.5
      vertex -14.6738 -7.92968 5.34775
      vertex -13.9231 -7.78036 5.5
    endloop
  endfacet
  facet normal -0.523492 -0.187369 0.831173
    outer loop
      vertex -14.5602 -8.38331 5.34775
      vertex -15.0021 -9.07192 4.9142
      vertex -14.4026 -8.82363 5.34775
    endloop
  endfacet
  facet normal -0.183903 -0.0658229 0.980738
    outer loop
      vertex -13.6955 -8.53073 5.5
      vertex -14.5602 -8.38331 5.34775
      vertex -14.4026 -8.82363 5.34775
    endloop
  endfacet
  facet normal -0.903956 0.427625 0
    outer loop
      vertex -15.5433 9.2961 0
      vertex -15.2915 9.82838 3.5
      vertex -15.2915 9.82838 0
    endloop
  endfacet
  facet normal -0.903956 0.427625 0
    outer loop
      vertex -15.2915 9.82838 3.5
      vertex -15.5433 9.2961 0
      vertex -15.5433 9.2961 3.5
    endloop
  endfacet
  facet normal -0.857727 0.514106 0
    outer loop
      vertex -15.2915 9.82838 0
      vertex -14.9888 10.3334 3.5
      vertex -14.9888 10.3334 0
    endloop
  endfacet
  facet normal -0.857727 0.514106 0
    outer loop
      vertex -14.9888 10.3334 3.5
      vertex -15.2915 9.82838 0
      vertex -15.2915 9.82838 3.5
    endloop
  endfacet
  facet normal 0.0474504 0.189468 0.98074
    outer loop
      vertex 10.9297 11.6738 5.34775
      vertex 10.7804 10.9231 5.5
      vertex 11.3833 11.5602 5.34775
    endloop
  endfacet
  facet normal 0.135079 0.539365 0.831168
    outer loop
      vertex 11.0563 12.3102 4.9142
      vertex 10.9297 11.6738 5.34775
      vertex 11.3833 11.5602 5.34775
    endloop
  endfacet
  facet normal -0.411996 0.373472 0.831131
    outer loop
      vertex -13.3696 10.3696 5.34775
      vertex -14.1852 10.4347 4.9142
      vertex -13.6837 10.0231 5.34775
    endloop
  endfacet
  facet normal -0.412014 0.373398 0.831155
    outer loop
      vertex -13.8284 10.8284 4.9142
      vertex -14.1852 10.4347 4.9142
      vertex -13.3696 10.3696 5.34775
    endloop
  endfacet
  facet normal -0.787886 0.584168 0.194895
    outer loop
      vertex -14.6381 10.8064 3.5
      vertex -14.9888 10.3334 3.5
      vertex -14.8622 10.2488 4.26537
    endloop
  endfacet
  facet normal -0.841211 0.504361 0.194894
    outer loop
      vertex -14.9888 10.3334 3.5
      vertex -15.1573 9.75661 4.26537
      vertex -14.8622 10.2488 4.26537
    endloop
  endfacet
  facet normal -0.28026 0.783162 0.555078
    outer loop
      vertex -11.5717 12.1811 4.9142
      vertex -12.2378 12.4026 4.26537
      vertex -12.0719 12.0021 4.9142
    endloop
  endfacet
  facet normal -0.355685 0.751916 0.555077
    outer loop
      vertex -12.2378 12.4026 4.26537
      vertex -12.5522 11.7749 4.9142
      vertex -12.0719 12.0021 4.9142
    endloop
  endfacet
  facet normal -0.495492 0.668015 0.555197
    outer loop
      vertex -13.008 11.5017 4.9142
      vertex -13.7098 11.5204 4.26537
      vertex -13.4347 11.1852 4.9142
    endloop
  endfacet
  facet normal -0.33128 0.446626 0.831131
    outer loop
      vertex -13.008 11.5017 4.9142
      vertex -13.4347 11.1852 4.9142
      vertex -12.6475 10.9623 5.34775
    endloop
  endfacet
  facet normal 1 -0 0
    outer loop
      vertex 0 -1.5 0.8
      vertex 0 1.5 0.799999
      vertex 0 1.5 0.8
    endloop
  endfacet
  facet normal 1 0 0
    outer loop
      vertex 0 1.5 0.799999
      vertex 0 -1.5 0.8
      vertex 0 -1.5 0.799999
    endloop
  endfacet
  facet normal 1 -0 0
    outer loop
      vertex 0 -1.5 4.9
      vertex 0 1.5 3.7
      vertex 0 1.5 4.9
    endloop
  endfacet
  facet normal 1 0 0
    outer loop
      vertex 0 1.5 3.7
      vertex 0 -1.5 4.9
      vertex 0 -1.5 3.7
    endloop
  endfacet
  facet normal 0 -1 0
    outer loop
      vertex 0 1.5 0.799999
      vertex 16 1.5 0.8
      vertex 0 1.5 0.8
    endloop
  endfacet
  facet normal 0 -1 -0
    outer loop
      vertex 16 1.5 0.8
      vertex 0 1.5 0.799999
      vertex 16 1.5 0.799999
    endloop
  endfacet
  facet normal 0 -1 0
    outer loop
      vertex 0 1.5 3.7
      vertex 13 1.5 4.9
      vertex 0 1.5 4.9
    endloop
  endfacet
  facet normal 0 -1 0
    outer loop
      vertex 15.9602 1.5 3.7
      vertex 13 1.5 4.9
      vertex 0 1.5 3.7
    endloop
  endfacet
  facet normal 0 -1 0
    outer loop
      vertex 13 1.5 4.9
      vertex 15.9602 1.5 3.7
      vertex 15.8477 1.5 4.26537
    endloop
  endfacet
  facet normal 0 -1 0
    outer loop
      vertex 13 1.5 4.9
      vertex 14 1.5 5.5
      vertex 13 1.5 5.5
    endloop
  endfacet
  facet normal 0 -1 -0
    outer loop
      vertex 14 1.5 5.5
      vertex 13 1.5 4.9
      vertex 14.7654 1.5 5.34775
    endloop
  endfacet
  facet normal 0 -1 -0
    outer loop
      vertex 14.7654 1.5 5.34775
      vertex 13 1.5 4.9
      vertex 15.4142 1.5 4.9142
    endloop
  endfacet
  facet normal 0 -1 -0
    outer loop
      vertex 15.4142 1.5 4.9142
      vertex 13 1.5 4.9
      vertex 15.8477 1.5 4.26537
    endloop
  endfacet
  facet normal -0 0 1
    outer loop
      vertex 0 1.5 0.799999
      vertex 16 -1.5 0.799999
      vertex 16 1.5 0.799999
    endloop
  endfacet
  facet normal 0 0 1
    outer loop
      vertex 16 -1.5 0.799999
      vertex 0 1.5 0.799999
      vertex 0 -1.5 0.799999
    endloop
  endfacet
  facet normal 0 1 -0
    outer loop
      vertex 16 -1.5 0.799999
      vertex 0 -1.5 0.8
      vertex 16 -1.5 0.8
    endloop
  endfacet
  facet normal 0 1 0
    outer loop
      vertex 0 -1.5 0.8
      vertex 16 -1.5 0.799999
      vertex 0 -1.5 0.799999
    endloop
  endfacet
  facet normal 0 1 0
    outer loop
      vertex 13 -1.5 4.9
      vertex 14 -1.5 5.5
      vertex 14.7654 -1.5 5.34775
    endloop
  endfacet
  facet normal 0 1 0
    outer loop
      vertex 13 -1.5 4.9
      vertex 14.7654 -1.5 5.34775
      vertex 15.4142 -1.5 4.9142
    endloop
  endfacet
  facet normal 0 1 0
    outer loop
      vertex 14 -1.5 5.5
      vertex 13 -1.5 4.9
      vertex 13 -1.5 5.5
    endloop
  endfacet
  facet normal 0 1 0
    outer loop
      vertex 15.8477 -1.5 4.26537
      vertex 13 -1.5 4.9
      vertex 15.4142 -1.5 4.9142
    endloop
  endfacet
  facet normal 0 1 0
    outer loop
      vertex 15.9602 -1.5 3.7
      vertex 13 -1.5 4.9
      vertex 15.8477 -1.5 4.26537
    endloop
  endfacet
  facet normal 0 1 0
    outer loop
      vertex 13 -1.5 4.9
      vertex 15.9602 -1.5 3.7
      vertex 0 -1.5 3.7
    endloop
  endfacet
  facet normal 0 1 0
    outer loop
      vertex 13 -1.5 4.9
      vertex 0 -1.5 3.7
      vertex 0 -1.5 4.9
    endloop
  endfacet
  facet normal -0.471427 0.881905 0
    outer loop
      vertex 11.6667 -9.49442 4.9
      vertex 11.1481 -9.77164 5.5
      vertex 11.6667 -9.49442 5.5
    endloop
  endfacet
  facet normal -0.471427 0.881905 0
    outer loop
      vertex 11.1481 -9.77164 5.5
      vertex 11.6667 -9.49442 4.9
      vertex 11.1481 -9.77164 4.9
    endloop
  endfacet
  facet normal -0.634413 0.772994 0
    outer loop
      vertex 12.1213 -9.12132 4.9
      vertex 11.6667 -9.49442 5.5
      vertex 12.1213 -9.12132 5.5
    endloop
  endfacet
  facet normal -0.634413 0.772994 0
    outer loop
      vertex 11.6667 -9.49442 5.5
      vertex 12.1213 -9.12132 4.9
      vertex 11.6667 -9.49442 4.9
    endloop
  endfacet
  facet normal -0.290264 0.956947 0
    outer loop
      vertex 11.1481 -9.77164 4.9
      vertex 10.5853 -9.94235 5.5
      vertex 11.1481 -9.77164 5.5
    endloop
  endfacet
  facet normal -0.290264 0.956947 0
    outer loop
      vertex 10.5853 -9.94235 5.5
      vertex 11.1481 -9.77164 4.9
      vertex 10.5853 -9.94235 4.9
    endloop
  endfacet
  facet normal -1 0 0
    outer loop
      vertex 13 -7 4.9
      vertex 13 -1.5 5.5
      vertex 13 -1.5 4.9
    endloop
  endfacet
  facet normal -1 -0 0
    outer loop
      vertex 13 -1.5 5.5
      vertex 13 -7 4.9
      vertex 13 -7 5.5
    endloop
  endfacet
  facet normal -1 0 0
    outer loop
      vertex 13 1.5 4.9
      vertex 13 7 5.5
      vertex 13 7 4.9
    endloop
  endfacet
  facet normal -1 -0 0
    outer loop
      vertex 13 7 5.5
      vertex 13 1.5 4.9
      vertex 13 1.5 5.5
    endloop
  endfacet
  facet normal 0.634413 0.772994 -0
    outer loop
      vertex -11.6667 -9.49442 4.9
      vertex -12.1213 -9.12132 5.5
      vertex -11.6667 -9.49442 5.5
    endloop
  endfacet
  facet normal 0.634413 0.772994 0
    outer loop
      vertex -12.1213 -9.12132 5.5
      vertex -11.6667 -9.49442 4.9
      vertex -12.1213 -9.12132 4.9
    endloop
  endfacet
  facet normal -0.772994 0.634413 0
    outer loop
      vertex 12.1213 -9.12132 4.9
      vertex 12.4944 -8.66672 5.5
      vertex 12.4944 -8.66672 4.9
    endloop
  endfacet
  facet normal -0.772994 0.634413 0
    outer loop
      vertex 12.4944 -8.66672 5.5
      vertex 12.1213 -9.12132 4.9
      vertex 12.1213 -9.12132 5.5
    endloop
  endfacet
  facet normal 0 -1 0
    outer loop
      vertex -10 10 4.9
      vertex 10 10 5.5
      vertex -10 10 5.5
    endloop
  endfacet
  facet normal 0 -1 -0
    outer loop
      vertex 10 10 5.5
      vertex -10 10 4.9
      vertex 10 10 4.9
    endloop
  endfacet
  facet normal -0.0980222 0.995184 0
    outer loop
      vertex 10.5853 -9.94235 4.9
      vertex 10 -10 5.5
      vertex 10.5853 -9.94235 5.5
    endloop
  endfacet
  facet normal -0.0980222 0.995184 0
    outer loop
      vertex 10 -10 5.5
      vertex 10.5853 -9.94235 4.9
      vertex 10 -10 4.9
    endloop
  endfacet
  facet normal 0 1 -0
    outer loop
      vertex 10 -10 4.9
      vertex -10 -10 5.5
      vertex 10 -10 5.5
    endloop
  endfacet
  facet normal 0 1 0
    outer loop
      vertex -10 -10 5.5
      vertex 10 -10 4.9
      vertex -10 -10 4.9
    endloop
  endfacet
  facet normal 0.772994 0.634413 0
    outer loop
      vertex -12.1213 -9.12132 5.5
      vertex -12.4944 -8.66672 4.9
      vertex -12.4944 -8.66672 5.5
    endloop
  endfacet
  facet normal 0.772994 0.634413 0
    outer loop
      vertex -12.4944 -8.66672 4.9
      vertex -12.1213 -9.12132 5.5
      vertex -12.1213 -9.12132 4.9
    endloop
  endfacet
  facet normal 0.471427 -0.881905 0
    outer loop
      vertex -11.6667 9.49442 4.9
      vertex -11.1481 9.77164 5.5
      vertex -11.6667 9.49442 5.5
    endloop
  endfacet
  facet normal 0.471427 -0.881905 0
    outer loop
      vertex -11.1481 9.77164 5.5
      vertex -11.6667 9.49442 4.9
      vertex -11.1481 9.77164 4.9
    endloop
  endfacet
  facet normal 0.471427 0.881905 -0
    outer loop
      vertex -11.1481 -9.77164 4.9
      vertex -11.6667 -9.49442 5.5
      vertex -11.1481 -9.77164 5.5
    endloop
  endfacet
  facet normal 0.471427 0.881905 0
    outer loop
      vertex -11.6667 -9.49442 5.5
      vertex -11.1481 -9.77164 4.9
      vertex -11.6667 -9.49442 4.9
    endloop
  endfacet
  facet normal 0.290264 0.956947 -0
    outer loop
      vertex -10.5853 -9.94235 4.9
      vertex -11.1481 -9.77164 5.5
      vertex -10.5853 -9.94235 5.5
    endloop
  endfacet
  facet normal 0.290264 0.956947 0
    outer loop
      vertex -11.1481 -9.77164 5.5
      vertex -10.5853 -9.94235 4.9
      vertex -11.1481 -9.77164 4.9
    endloop
  endfacet
  facet normal -0.0980222 -0.995184 0
    outer loop
      vertex 10 10 4.9
      vertex 10.5853 9.94235 5.5
      vertex 10 10 5.5
    endloop
  endfacet
  facet normal -0.0980222 -0.995184 -0
    outer loop
      vertex 10.5853 9.94235 5.5
      vertex 10 10 4.9
      vertex 10.5853 9.94235 4.9
    endloop
  endfacet
  facet normal -0.995192 0.0979429 0
    outer loop
      vertex 12.9424 -7.58527 4.9
      vertex 13 -7 5.5
      vertex 13 -7 4.9
    endloop
  endfacet
  facet normal -0.995192 0.0979429 0
    outer loop
      vertex 13 -7 5.5
      vertex 12.9424 -7.58527 4.9
      vertex 12.9424 -7.58527 5.5
    endloop
  endfacet
  facet normal 0 0 1
    outer loop
      vertex 10 10 4.9
      vertex 13 7 4.9
      vertex 12.9424 7.58527 4.9
    endloop
  endfacet
  facet normal 0 0 1
    outer loop
      vertex 10 10 4.9
      vertex 12.9424 7.58527 4.9
      vertex 12.7716 8.14806 4.9
    endloop
  endfacet
  facet normal 0 0 1
    outer loop
      vertex 10 10 4.9
      vertex 12.7716 8.14806 4.9
      vertex 12.4944 8.66672 4.9
    endloop
  endfacet
  facet normal 0 0 1
    outer loop
      vertex 10 10 4.9
      vertex 12.4944 8.66672 4.9
      vertex 12.1213 9.12132 4.9
    endloop
  endfacet
  facet normal 0 0 1
    outer loop
      vertex 10 10 4.9
      vertex 12.1213 9.12132 4.9
      vertex 11.6667 9.49442 4.9
    endloop
  endfacet
  facet normal 0 0 1
    outer loop
      vertex 10 10 4.9
      vertex 11.6667 9.49442 4.9
      vertex 11.1481 9.77164 4.9
    endloop
  endfacet
  facet normal 0 0 1
    outer loop
      vertex 10 10 4.9
      vertex 11.1481 9.77164 4.9
      vertex 10.5853 9.94235 4.9
    endloop
  endfacet
  facet normal 0 0 1
    outer loop
      vertex 13 7 4.9
      vertex 10 10 4.9
      vertex 13 1.5 4.9
    endloop
  endfacet
  facet normal 0 0 1
    outer loop
      vertex 10 10 4.9
      vertex 0 1.5 4.9
      vertex 13 1.5 4.9
    endloop
  endfacet
  facet normal -0 0 1
    outer loop
      vertex -5.40886 4.25096 4.9
      vertex 0 1.5 4.9
      vertex -5.1487 4.75708 4.9
    endloop
  endfacet
  facet normal -0 0 1
    outer loop
      vertex -5.22189 7.42209 4.9
      vertex 0 1.5 4.9
      vertex 10 10 4.9
    endloop
  endfacet
  facet normal 0 0 1
    outer loop
      vertex 0 1.5 4.9
      vertex -5.22189 7.42209 4.9
      vertex -5.1487 4.75708 4.9
    endloop
  endfacet
  facet normal 0 0 1
    outer loop
      vertex 10 10 4.9
      vertex -5.43486 7.90334 4.9
      vertex -5.22189 7.42209 4.9
    endloop
  endfacet
  facet normal 0 0 1
    outer loop
      vertex 10 10 4.9
      vertex -5.73189 8.30003 4.9
      vertex -5.43486 7.90334 4.9
    endloop
  endfacet
  facet normal 0 0 1
    outer loop
      vertex 10 10 4.9
      vertex -6.11301 8.61218 4.9
      vertex -5.73189 8.30003 4.9
    endloop
  endfacet
  facet normal 0 0 1
    outer loop
      vertex 10 10 4.9
      vertex -6.57773 8.83711 4.9
      vertex -6.11301 8.61218 4.9
    endloop
  endfacet
  facet normal -0 0 1
    outer loop
      vertex -10 10 4.9
      vertex -6.57773 8.83711 4.9
      vertex 10 10 4.9
    endloop
  endfacet
  facet normal 0 0 1
    outer loop
      vertex -6.57773 8.83711 4.9
      vertex -10 10 4.9
      vertex -7.12566 8.97208 4.9
    endloop
  endfacet
  facet normal 0 0 1
    outer loop
      vertex -7.12566 8.97208 4.9
      vertex -10 10 4.9
      vertex -7.75677 9.01706 4.9
    endloop
  endfacet
  facet normal 0 0 1
    outer loop
      vertex -10 10 4.9
      vertex -8.60622 8.93297 4.9
      vertex -7.75677 9.01706 4.9
    endloop
  endfacet
  facet normal 0 0 1
    outer loop
      vertex -10 10 4.9
      vertex -9.31012 8.68071 4.9
      vertex -8.60622 8.93297 4.9
    endloop
  endfacet
  facet normal 0 0 1
    outer loop
      vertex -10 10 4.9
      vertex -9.86845 8.26028 4.9
      vertex -9.31012 8.68071 4.9
    endloop
  endfacet
  facet normal -0 0 1
    outer loop
      vertex -10.5853 9.94235 4.9
      vertex -9.86845 8.26028 4.9
      vertex -10 10 4.9
    endloop
  endfacet
  facet normal -0 0 1
    outer loop
      vertex -11.1481 9.77164 4.9
      vertex -9.86845 8.26028 4.9
      vertex -10.5853 9.94235 4.9
    endloop
  endfacet
  facet normal -0 0 1
    outer loop
      vertex -11.6667 9.49442 4.9
      vertex -9.86845 8.26028 4.9
      vertex -11.1481 9.77164 4.9
    endloop
  endfacet
  facet normal 0 0 1
    outer loop
      vertex -9.86845 8.26028 4.9
      vertex -11.6667 9.49442 4.9
      vertex -10.2731 7.68297 4.9
    endloop
  endfacet
  facet normal -0 0 1
    outer loop
      vertex -12.1213 9.12132 4.9
      vertex -10.2731 7.68297 4.9
      vertex -11.6667 9.49442 4.9
    endloop
  endfacet
  facet normal 0 0 1
    outer loop
      vertex 10 -10 4.9
      vertex 13 -7 4.9
      vertex 13 -1.5 4.9
    endloop
  endfacet
  facet normal 0 0 1
    outer loop
      vertex 13 -7 4.9
      vertex 10 -10 4.9
      vertex 12.9424 -7.58527 4.9
    endloop
  endfacet
  facet normal 0 0 1
    outer loop
      vertex 12.9424 -7.58527 4.9
      vertex 10 -10 4.9
      vertex 12.7716 -8.14806 4.9
    endloop
  endfacet
  facet normal 0 0 1
    outer loop
      vertex 12.7716 -8.14806 4.9
      vertex 10 -10 4.9
      vertex 12.4944 -8.66672 4.9
    endloop
  endfacet
  facet normal 0 0 1
    outer loop
      vertex 12.4944 -8.66672 4.9
      vertex 10 -10 4.9
      vertex 12.1213 -9.12132 4.9
    endloop
  endfacet
  facet normal 0 0 1
    outer loop
      vertex 12.1213 -9.12132 4.9
      vertex 10 -10 4.9
      vertex 11.6667 -9.49442 4.9
    endloop
  endfacet
  facet normal 0 0 1
    outer loop
      vertex 11.6667 -9.49442 4.9
      vertex 10 -10 4.9
      vertex 11.1481 -9.77164 4.9
    endloop
  endfacet
  facet normal 0 0 1
    outer loop
      vertex 11.1481 -9.77164 4.9
      vertex 10 -10 4.9
      vertex 10.5853 -9.94235 4.9
    endloop
  endfacet
  facet normal -0 0 1
    outer loop
      vertex 0 -1.5 4.9
      vertex 10 -10 4.9
      vertex 13 -1.5 4.9
    endloop
  endfacet
  facet normal -0 0 1
    outer loop
      vertex -5.73909 3.83934 4.9
      vertex 0 1.5 4.9
      vertex -5.40886 4.25096 4.9
    endloop
  endfacet
  facet normal -0 0 1
    outer loop
      vertex -6.13942 3.52222 4.9
      vertex 0 1.5 4.9
      vertex -5.73909 3.83934 4.9
    endloop
  endfacet
  facet normal 0 0 1
    outer loop
      vertex 0 1.5 4.9
      vertex -6.13942 3.52222 4.9
      vertex 0 -1.5 4.9
    endloop
  endfacet
  facet normal -0 0 1
    outer loop
      vertex -6.60349 3.29732 4.9
      vertex 0 -1.5 4.9
      vertex -6.13942 3.52222 4.9
    endloop
  endfacet
  facet normal -0 0 1
    outer loop
      vertex -7.12495 3.16238 4.9
      vertex 0 -1.5 4.9
      vertex -6.60349 3.29732 4.9
    endloop
  endfacet
  facet normal 0 0 1
    outer loop
      vertex 0 -1.5 4.9
      vertex -7.12495 3.16238 4.9
      vertex -10 -10 4.9
    endloop
  endfacet
  facet normal 0 0 1
    outer loop
      vertex -13 -7 4.9
      vertex -7.12495 3.16238 4.9
      vertex -7.70386 3.1174 4.9
    endloop
  endfacet
  facet normal 0 0 1
    outer loop
      vertex -13 -7 4.9
      vertex -7.70386 3.1174 4.9
      vertex -8.55624 3.20442 4.9
    endloop
  endfacet
  facet normal 0 0 1
    outer loop
      vertex -13 -7 4.9
      vertex -8.55624 3.20442 4.9
      vertex -9.26895 3.4655 4.9
    endloop
  endfacet
  facet normal 0 0 1
    outer loop
      vertex 0 -1.5 4.9
      vertex -10 -10 4.9
      vertex 10 -10 4.9
    endloop
  endfacet
  facet normal 0 0 1
    outer loop
      vertex -13 -7 4.9
      vertex -9.26895 3.4655 4.9
      vertex -9.842 3.90063 4.9
    endloop
  endfacet
  facet normal 0 0 1
    outer loop
      vertex -13 -7 4.9
      vertex -9.842 3.90063 4.9
      vertex -10.2613 4.49219 4.9
    endloop
  endfacet
  facet normal 0 0 1
    outer loop
      vertex -13 7 4.9
      vertex -10.2613 4.49219 4.9
      vertex -10.5129 5.22253 4.9
    endloop
  endfacet
  facet normal 0 0 1
    outer loop
      vertex -7.12495 3.16238 4.9
      vertex -13 -7 4.9
      vertex -10 -10 4.9
    endloop
  endfacet
  facet normal 0 0 1
    outer loop
      vertex -13 7 4.9
      vertex -10.5129 5.22253 4.9
      vertex -10.5967 6.09164 4.9
    endloop
  endfacet
  facet normal -0 0 1
    outer loop
      vertex -12.4944 8.66672 4.9
      vertex -10.2731 7.68297 4.9
      vertex -12.1213 9.12132 4.9
    endloop
  endfacet
  facet normal 0 0 1
    outer loop
      vertex -10.2613 4.49219 4.9
      vertex -13 7 4.9
      vertex -13 -7 4.9
    endloop
  endfacet
  facet normal -0 0 1
    outer loop
      vertex -12.7716 8.14806 4.9
      vertex -10.2731 7.68297 4.9
      vertex -12.4944 8.66672 4.9
    endloop
  endfacet
  facet normal 0 0 1
    outer loop
      vertex -10 -10 4.9
      vertex -13 -7 4.9
      vertex -10.5853 -9.94235 4.9
    endloop
  endfacet
  facet normal 0 0 1
    outer loop
      vertex -10.2731 7.68297 4.9
      vertex -12.7716 8.14806 4.9
      vertex -10.5158 6.9601 4.9
    endloop
  endfacet
  facet normal 0 0 1
    outer loop
      vertex -10.5853 -9.94235 4.9
      vertex -13 -7 4.9
      vertex -11.1481 -9.77164 4.9
    endloop
  endfacet
  facet normal -0 0 1
    outer loop
      vertex -12.9424 7.58527 4.9
      vertex -10.5158 6.9601 4.9
      vertex -12.7716 8.14806 4.9
    endloop
  endfacet
  facet normal 0 0 1
    outer loop
      vertex -11.1481 -9.77164 4.9
      vertex -13 -7 4.9
      vertex -11.6667 -9.49442 4.9
    endloop
  endfacet
  facet normal -0 0 1
    outer loop
      vertex -13 7 4.9
      vertex -10.5158 6.9601 4.9
      vertex -12.9424 7.58527 4.9
    endloop
  endfacet
  facet normal 0 0 1
    outer loop
      vertex -11.6667 -9.49442 4.9
      vertex -13 -7 4.9
      vertex -12.1213 -9.12132 4.9
    endloop
  endfacet
  facet normal 0 0 1
    outer loop
      vertex -10.5158 6.9601 4.9
      vertex -13 7 4.9
      vertex -10.5967 6.09164 4.9
    endloop
  endfacet
  facet normal 0 0 1
    outer loop
      vertex -12.1213 -9.12132 4.9
      vertex -13 -7 4.9
      vertex -12.4944 -8.66672 4.9
    endloop
  endfacet
  facet normal 0 0 1
    outer loop
      vertex -12.4944 -8.66672 4.9
      vertex -13 -7 4.9
      vertex -12.7716 -8.14806 4.9
    endloop
  endfacet
  facet normal 0 0 1
    outer loop
      vertex -12.7716 -8.14806 4.9
      vertex -13 -7 4.9
      vertex -12.9424 -7.58527 4.9
    endloop
  endfacet
  facet normal 0 0 1
    outer loop
      vertex -5.22189 7.42209 4.9
      vertex -6.19437 5.15176 4.9
      vertex -5.1487 4.75708 4.9
    endloop
  endfacet
  facet normal -0 0 1
    outer loop
      vertex -6.27982 7.13324 4.9
      vertex -6.19437 5.15176 4.9
      vertex -5.22189 7.42209 4.9
    endloop
  endfacet
  facet normal 0 0 1
    outer loop
      vertex -6.80667 7.8188 4.9
      vertex -6.27982 7.13324 4.9
      vertex -6.39801 7.40109 4.9
    endloop
  endfacet
  facet normal 0 0 1
    outer loop
      vertex -6.27982 7.13324 4.9
      vertex -9.38828 6.09164 4.9
      vertex -6.19437 5.15176 4.9
    endloop
  endfacet
  facet normal 0 0 1
    outer loop
      vertex -6.80667 7.8188 4.9
      vertex -6.39801 7.40109 4.9
      vertex -6.57362 7.62961 4.9
    endloop
  endfacet
  facet normal 0 0 1
    outer loop
      vertex -6.27982 7.13324 4.9
      vertex -6.80667 7.8188 4.9
      vertex -7.08403 7.96007 4.9
    endloop
  endfacet
  facet normal -0 -0 1
    outer loop
      vertex -9.34013 5.4845 4.9
      vertex -6.19437 5.15176 4.9
      vertex -9.38828 6.09164 4.9
    endloop
  endfacet
  facet normal 0 0 1
    outer loop
      vertex -6.27982 7.13324 4.9
      vertex -7.08403 7.96007 4.9
      vertex -7.39259 8.04483 4.9
    endloop
  endfacet
  facet normal 0 0 1
    outer loop
      vertex -6.27982 7.13324 4.9
      vertex -7.39259 8.04483 4.9
      vertex -7.73236 8.07309 4.9
    endloop
  endfacet
  facet normal 0 -0 1
    outer loop
      vertex -7.70386 4.06133 4.9
      vertex -6.19437 5.15176 4.9
      vertex -9.34013 5.4845 4.9
    endloop
  endfacet
  facet normal 0 0 1
    outer loop
      vertex -6.27982 7.13324 4.9
      vertex -7.73236 8.07309 4.9
      vertex -9.34149 6.68793 4.9
    endloop
  endfacet
  facet normal 0 0 1
    outer loop
      vertex -6.19437 5.15176 4.9
      vertex -7.70386 4.06133 4.9
      vertex -6.55014 4.54596 4.9
    endloop
  endfacet
  facet normal 0 0 1
    outer loop
      vertex -9.20113 7.18022 4.9
      vertex -7.73236 8.07309 4.9
      vertex -8.2312 8.01703 4.9
    endloop
  endfacet
  facet normal 0 0 1
    outer loop
      vertex -6.55014 4.54596 4.9
      vertex -7.70386 4.06133 4.9
      vertex -7.05331 4.18248 4.9
    endloop
  endfacet
  facet normal 0 0 1
    outer loop
      vertex -9.20113 7.18022 4.9
      vertex -8.2312 8.01703 4.9
      vertex -8.64282 7.84885 4.9
    endloop
  endfacet
  facet normal -0 -0 1
    outer loop
      vertex -9.19569 4.98131 4.9
      vertex -7.70386 4.06133 4.9
      vertex -9.34013 5.4845 4.9
    endloop
  endfacet
  facet normal 0 0 1
    outer loop
      vertex -9.20113 7.18022 4.9
      vertex -8.64282 7.84885 4.9
      vertex -8.96719 7.56854 4.9
    endloop
  endfacet
  facet normal 0 0 1
    outer loop
      vertex -7.70386 4.06133 4.9
      vertex -9.19569 4.98131 4.9
      vertex -8.20631 4.11919 4.9
    endloop
  endfacet
  facet normal 0 0 1
    outer loop
      vertex -7.73236 8.07309 4.9
      vertex -9.20113 7.18022 4.9
      vertex -9.34149 6.68793 4.9
    endloop
  endfacet
  facet normal -0 -0 1
    outer loop
      vertex -8.95496 4.58212 4.9
      vertex -8.20631 4.11919 4.9
      vertex -9.19569 4.98131 4.9
    endloop
  endfacet
  facet normal 0 0 1
    outer loop
      vertex -6.27982 7.13324 4.9
      vertex -9.34149 6.68793 4.9
      vertex -9.38828 6.09164 4.9
    endloop
  endfacet
  facet normal 0 0 1
    outer loop
      vertex -8.20631 4.11919 4.9
      vertex -8.95496 4.58212 4.9
      vertex -8.62335 4.29279 4.9
    endloop
  endfacet
  facet normal 0.0980222 0.995184 -0
    outer loop
      vertex -10 -10 4.9
      vertex -10.5853 -9.94235 5.5
      vertex -10 -10 5.5
    endloop
  endfacet
  facet normal 0.0980222 0.995184 0
    outer loop
      vertex -10.5853 -9.94235 5.5
      vertex -10 -10 4.9
      vertex -10.5853 -9.94235 4.9
    endloop
  endfacet
  facet normal -0.471427 -0.881905 0
    outer loop
      vertex 11.1481 9.77164 4.9
      vertex 11.6667 9.49442 5.5
      vertex 11.1481 9.77164 5.5
    endloop
  endfacet
  facet normal -0.471427 -0.881905 -0
    outer loop
      vertex 11.6667 9.49442 5.5
      vertex 11.1481 9.77164 4.9
      vertex 11.6667 9.49442 4.9
    endloop
  endfacet
  facet normal -0.634413 -0.772994 0
    outer loop
      vertex 11.6667 9.49442 4.9
      vertex 12.1213 9.12132 5.5
      vertex 11.6667 9.49442 5.5
    endloop
  endfacet
  facet normal -0.634413 -0.772994 -0
    outer loop
      vertex 12.1213 9.12132 5.5
      vertex 11.6667 9.49442 4.9
      vertex 12.1213 9.12132 4.9
    endloop
  endfacet
  facet normal -0.995192 -0.0979429 0
    outer loop
      vertex 13 7 4.9
      vertex 12.9424 7.58527 5.5
      vertex 12.9424 7.58527 4.9
    endloop
  endfacet
  facet normal -0.995192 -0.0979429 0
    outer loop
      vertex 12.9424 7.58527 5.5
      vertex 13 7 4.9
      vertex 13 7 5.5
    endloop
  endfacet
  facet normal -0.956903 0.290408 0
    outer loop
      vertex 12.7716 -8.14806 4.9
      vertex 12.9424 -7.58527 5.5
      vertex 12.9424 -7.58527 4.9
    endloop
  endfacet
  facet normal -0.956903 0.290408 0
    outer loop
      vertex 12.9424 -7.58527 5.5
      vertex 12.7716 -8.14806 4.9
      vertex 12.7716 -8.14806 5.5
    endloop
  endfacet
  facet normal 0.772994 -0.634413 0
    outer loop
      vertex -12.4944 8.66672 5.5
      vertex -12.1213 9.12132 4.9
      vertex -12.1213 9.12132 5.5
    endloop
  endfacet
  facet normal 0.772994 -0.634413 0
    outer loop
      vertex -12.1213 9.12132 4.9
      vertex -12.4944 8.66672 5.5
      vertex -12.4944 8.66672 4.9
    endloop
  endfacet
  facet normal 0.634413 -0.772994 0
    outer loop
      vertex -12.1213 9.12132 4.9
      vertex -11.6667 9.49442 5.5
      vertex -12.1213 9.12132 5.5
    endloop
  endfacet
  facet normal 0.634413 -0.772994 0
    outer loop
      vertex -11.6667 9.49442 5.5
      vertex -12.1213 9.12132 4.9
      vertex -11.6667 9.49442 4.9
    endloop
  endfacet
  facet normal 1 -0 0
    outer loop
      vertex -13 -7 5.5
      vertex -13 7 4.9
      vertex -13 7 5.5
    endloop
  endfacet
  facet normal 1 0 0
    outer loop
      vertex -13 7 4.9
      vertex -13 -7 5.5
      vertex -13 -7 4.9
    endloop
  endfacet
  facet normal 0.290264 -0.956947 0
    outer loop
      vertex -11.1481 9.77164 4.9
      vertex -10.5853 9.94235 5.5
      vertex -11.1481 9.77164 5.5
    endloop
  endfacet
  facet normal 0.290264 -0.956947 0
    outer loop
      vertex -10.5853 9.94235 5.5
      vertex -11.1481 9.77164 4.9
      vertex -10.5853 9.94235 4.9
    endloop
  endfacet
  facet normal 0.0980222 -0.995184 0
    outer loop
      vertex -10.5853 9.94235 4.9
      vertex -10 10 5.5
      vertex -10.5853 9.94235 5.5
    endloop
  endfacet
  facet normal 0.0980222 -0.995184 0
    outer loop
      vertex -10 10 5.5
      vertex -10.5853 9.94235 4.9
      vertex -10 10 4.9
    endloop
  endfacet
  facet normal -0.290264 -0.956947 0
    outer loop
      vertex 10.5853 9.94235 4.9
      vertex 11.1481 9.77164 5.5
      vertex 10.5853 9.94235 5.5
    endloop
  endfacet
  facet normal -0.290264 -0.956947 -0
    outer loop
      vertex 11.1481 9.77164 5.5
      vertex 10.5853 9.94235 4.9
      vertex 11.1481 9.77164 4.9
    endloop
  endfacet
  facet normal -0.881942 -0.471358 0
    outer loop
      vertex 12.7716 8.14806 4.9
      vertex 12.4944 8.66672 5.5
      vertex 12.4944 8.66672 4.9
    endloop
  endfacet
  facet normal -0.881942 -0.471358 0
    outer loop
      vertex 12.4944 8.66672 5.5
      vertex 12.7716 8.14806 4.9
      vertex 12.7716 8.14806 5.5
    endloop
  endfacet
  facet normal -0.956903 -0.290408 0
    outer loop
      vertex 12.9424 7.58527 4.9
      vertex 12.7716 8.14806 5.5
      vertex 12.7716 8.14806 4.9
    endloop
  endfacet
  facet normal -0.956903 -0.290408 0
    outer loop
      vertex 12.7716 8.14806 5.5
      vertex 12.9424 7.58527 4.9
      vertex 12.9424 7.58527 5.5
    endloop
  endfacet
  facet normal -0.772994 -0.634413 0
    outer loop
      vertex 12.4944 8.66672 4.9
      vertex 12.1213 9.12132 5.5
      vertex 12.1213 9.12132 4.9
    endloop
  endfacet
  facet normal -0.772994 -0.634413 0
    outer loop
      vertex 12.1213 9.12132 5.5
      vertex 12.4944 8.66672 4.9
      vertex 12.4944 8.66672 5.5
    endloop
  endfacet
  facet normal 0.881942 -0.471358 0
    outer loop
      vertex -12.7716 8.14806 5.5
      vertex -12.4944 8.66672 4.9
      vertex -12.4944 8.66672 5.5
    endloop
  endfacet
  facet normal 0.881942 -0.471358 0
    outer loop
      vertex -12.4944 8.66672 4.9
      vertex -12.7716 8.14806 5.5
      vertex -12.7716 8.14806 4.9
    endloop
  endfacet
  facet normal 0.995192 -0.0979429 0
    outer loop
      vertex -13 7 5.5
      vertex -12.9424 7.58527 4.9
      vertex -12.9424 7.58527 5.5
    endloop
  endfacet
  facet normal 0.995192 -0.0979429 0
    outer loop
      vertex -12.9424 7.58527 4.9
      vertex -13 7 5.5
      vertex -13 7 4.9
    endloop
  endfacet
  facet normal 0.995192 0.0979429 0
    outer loop
      vertex -12.9424 -7.58527 5.5
      vertex -13 -7 4.9
      vertex -13 -7 5.5
    endloop
  endfacet
  facet normal 0.995192 0.0979429 0
    outer loop
      vertex -13 -7 4.9
      vertex -12.9424 -7.58527 5.5
      vertex -12.9424 -7.58527 4.9
    endloop
  endfacet
  facet normal -0.881942 0.471358 0
    outer loop
      vertex 12.4944 -8.66672 4.9
      vertex 12.7716 -8.14806 5.5
      vertex 12.7716 -8.14806 4.9
    endloop
  endfacet
  facet normal -0.881942 0.471358 0
    outer loop
      vertex 12.7716 -8.14806 5.5
      vertex 12.4944 -8.66672 4.9
      vertex 12.4944 -8.66672 5.5
    endloop
  endfacet
  facet normal 0.956903 -0.290408 0
    outer loop
      vertex -12.9424 7.58527 5.5
      vertex -12.7716 8.14806 4.9
      vertex -12.7716 8.14806 5.5
    endloop
  endfacet
  facet normal 0.956903 -0.290408 0
    outer loop
      vertex -12.7716 8.14806 4.9
      vertex -12.9424 7.58527 5.5
      vertex -12.9424 7.58527 4.9
    endloop
  endfacet
  facet normal 0.881942 0.471358 0
    outer loop
      vertex -12.4944 -8.66672 5.5
      vertex -12.7716 -8.14806 4.9
      vertex -12.7716 -8.14806 5.5
    endloop
  endfacet
  facet normal 0.881942 0.471358 0
    outer loop
      vertex -12.7716 -8.14806 4.9
      vertex -12.4944 -8.66672 5.5
      vertex -12.4944 -8.66672 4.9
    endloop
  endfacet
  facet normal 0.956903 0.290408 0
    outer loop
      vertex -12.7716 -8.14806 5.5
      vertex -12.9424 -7.58527 4.9
      vertex -12.9424 -7.58527 5.5
    endloop
  endfacet
  facet normal 0.956903 0.290408 0
    outer loop
      vertex -12.9424 -7.58527 4.9
      vertex -12.7716 -8.14806 5.5
      vertex -12.7716 -8.14806 4.9
    endloop
  endfacet
  facet normal 0 0 1
    outer loop
      vertex -6.39801 7.40109 4.5
      vertex -5.43486 7.90334 4.5
      vertex -5.73189 8.30003 4.5
    endloop
  endfacet
  facet normal 0 0 1
    outer loop
      vertex -6.57362 7.62961 4.5
      vertex -5.73189 8.30003 4.5
      vertex -6.11301 8.61218 4.5
    endloop
  endfacet
  facet normal 0 -0 1
    outer loop
      vertex -6.27982 7.13324 4.5
      vertex -5.43486 7.90334 4.5
      vertex -6.39801 7.40109 4.5
    endloop
  endfacet
  facet normal 0 0 1
    outer loop
      vertex -5.43486 7.90334 4.5
      vertex -6.27982 7.13324 4.5
      vertex -5.22189 7.42209 4.5
    endloop
  endfacet
  facet normal 0 0 1
    outer loop
      vertex -5.73189 8.30003 4.5
      vertex -6.57362 7.62961 4.5
      vertex -6.39801 7.40109 4.5
    endloop
  endfacet
  facet normal 0 0 1
    outer loop
      vertex -6.80667 7.8188 4.5
      vertex -6.11301 8.61218 4.5
      vertex -6.57773 8.83711 4.5
    endloop
  endfacet
  facet normal 0 0 1
    outer loop
      vertex -6.11301 8.61218 4.5
      vertex -6.80667 7.8188 4.5
      vertex -6.57362 7.62961 4.5
    endloop
  endfacet
  facet normal 0 0 1
    outer loop
      vertex -6.57773 8.83711 4.5
      vertex -7.08403 7.96007 4.5
      vertex -6.80667 7.8188 4.5
    endloop
  endfacet
  facet normal 0 0 1
    outer loop
      vertex -7.12566 8.97208 4.5
      vertex -7.08403 7.96007 4.5
      vertex -6.57773 8.83711 4.5
    endloop
  endfacet
  facet normal 0 0 1
    outer loop
      vertex -7.12566 8.97208 4.5
      vertex -7.39259 8.04483 4.5
      vertex -7.08403 7.96007 4.5
    endloop
  endfacet
  facet normal 0 0 1
    outer loop
      vertex -7.75677 9.01706 4.5
      vertex -7.39259 8.04483 4.5
      vertex -7.12566 8.97208 4.5
    endloop
  endfacet
  facet normal 0 0 1
    outer loop
      vertex -7.39259 8.04483 4.5
      vertex -7.75677 9.01706 4.5
      vertex -7.73236 8.07309 4.5
    endloop
  endfacet
  facet normal 0 0 1
    outer loop
      vertex -7.75677 9.01706 4.5
      vertex -8.2312 8.01703 4.5
      vertex -7.73236 8.07309 4.5
    endloop
  endfacet
  facet normal -0 0 1
    outer loop
      vertex -8.60622 8.93297 4.5
      vertex -8.2312 8.01703 4.5
      vertex -7.75677 9.01706 4.5
    endloop
  endfacet
  facet normal 0 0 1
    outer loop
      vertex -8.60622 8.93297 4.5
      vertex -8.64282 7.84885 4.5
      vertex -8.2312 8.01703 4.5
    endloop
  endfacet
  facet normal -0 0 1
    outer loop
      vertex -9.31012 8.68071 4.5
      vertex -8.64282 7.84885 4.5
      vertex -8.60622 8.93297 4.5
    endloop
  endfacet
  facet normal 0 0 1
    outer loop
      vertex -8.64282 7.84885 4.5
      vertex -9.31012 8.68071 4.5
      vertex -8.96719 7.56854 4.5
    endloop
  endfacet
  facet normal -0 0 1
    outer loop
      vertex -9.86845 8.26028 4.5
      vertex -8.96719 7.56854 4.5
      vertex -9.31012 8.68071 4.5
    endloop
  endfacet
  facet normal 0 0 1
    outer loop
      vertex -8.96719 7.56854 4.5
      vertex -9.86845 8.26028 4.5
      vertex -9.20113 7.18022 4.5
    endloop
  endfacet
  facet normal -0 0 1
    outer loop
      vertex -10.2731 7.68297 4.5
      vertex -9.20113 7.18022 4.5
      vertex -9.86845 8.26028 4.5
    endloop
  endfacet
  facet normal 0 0 1
    outer loop
      vertex -10.5158 6.9601 4.5
      vertex -9.20113 7.18022 4.5
      vertex -10.2731 7.68297 4.5
    endloop
  endfacet
  facet normal 0 0 1
    outer loop
      vertex -9.20113 7.18022 4.5
      vertex -10.5158 6.9601 4.5
      vertex -9.34149 6.68793 4.5
    endloop
  endfacet
  facet normal 0 -0 1
    outer loop
      vertex -10.5129 5.22253 4.5
      vertex -9.38828 6.09164 4.5
      vertex -10.5967 6.09164 4.5
    endloop
  endfacet
  facet normal 0 0 1
    outer loop
      vertex -10.5967 6.09164 4.5
      vertex -9.34149 6.68793 4.5
      vertex -10.5158 6.9601 4.5
    endloop
  endfacet
  facet normal 0 -0 1
    outer loop
      vertex -10.2613 4.49219 4.5
      vertex -9.38828 6.09164 4.5
      vertex -10.5129 5.22253 4.5
    endloop
  endfacet
  facet normal 0 0 1
    outer loop
      vertex -9.34149 6.68793 4.5
      vertex -10.5967 6.09164 4.5
      vertex -9.38828 6.09164 4.5
    endloop
  endfacet
  facet normal 0 0 1
    outer loop
      vertex -9.38828 6.09164 4.5
      vertex -10.2613 4.49219 4.5
      vertex -9.842 3.90063 4.5
    endloop
  endfacet
  facet normal 0 0 1
    outer loop
      vertex -6.19437 5.15176 4.5
      vertex -5.40886 4.25096 4.5
      vertex -5.1487 4.75708 4.5
    endloop
  endfacet
  facet normal -0 0 1
    outer loop
      vertex -6.55014 4.54596 4.5
      vertex -5.40886 4.25096 4.5
      vertex -6.19437 5.15176 4.5
    endloop
  endfacet
  facet normal 0 0 1
    outer loop
      vertex -5.40886 4.25096 4.5
      vertex -6.55014 4.54596 4.5
      vertex -5.73909 3.83934 4.5
    endloop
  endfacet
  facet normal 0 0 1
    outer loop
      vertex -5.73909 3.83934 4.5
      vertex -6.55014 4.54596 4.5
      vertex -6.13942 3.52222 4.5
    endloop
  endfacet
  facet normal -0 0 1
    outer loop
      vertex -7.05331 4.18248 4.5
      vertex -6.13942 3.52222 4.5
      vertex -6.55014 4.54596 4.5
    endloop
  endfacet
  facet normal 0 0 1
    outer loop
      vertex -6.13942 3.52222 4.5
      vertex -7.05331 4.18248 4.5
      vertex -6.60349 3.29732 4.5
    endloop
  endfacet
  facet normal 0 0 1
    outer loop
      vertex -7.05331 4.18248 4.5
      vertex -7.12495 3.16238 4.5
      vertex -6.60349 3.29732 4.5
    endloop
  endfacet
  facet normal -0 0 1
    outer loop
      vertex -7.70386 4.06133 4.5
      vertex -7.12495 3.16238 4.5
      vertex -7.05331 4.18248 4.5
    endloop
  endfacet
  facet normal 0 0 1
    outer loop
      vertex -7.70386 4.06133 4.5
      vertex -7.70386 3.1174 4.5
      vertex -7.12495 3.16238 4.5
    endloop
  endfacet
  facet normal 0 0 1
    outer loop
      vertex -8.20631 4.11919 4.5
      vertex -7.70386 3.1174 4.5
      vertex -7.70386 4.06133 4.5
    endloop
  endfacet
  facet normal 0 0 1
    outer loop
      vertex -8.20631 4.11919 4.5
      vertex -8.55624 3.20442 4.5
      vertex -7.70386 3.1174 4.5
    endloop
  endfacet
  facet normal 0 0 1
    outer loop
      vertex -8.62335 4.29279 4.5
      vertex -8.55624 3.20442 4.5
      vertex -8.20631 4.11919 4.5
    endloop
  endfacet
  facet normal 0 0 1
    outer loop
      vertex -9.26895 3.4655 4.5
      vertex -8.62335 4.29279 4.5
      vertex -8.95496 4.58212 4.5
    endloop
  endfacet
  facet normal 0 0 1
    outer loop
      vertex -9.842 3.90063 4.5
      vertex -8.95496 4.58212 4.5
      vertex -9.19569 4.98131 4.5
    endloop
  endfacet
  facet normal 0 0 1
    outer loop
      vertex -8.62335 4.29279 4.5
      vertex -9.26895 3.4655 4.5
      vertex -8.55624 3.20442 4.5
    endloop
  endfacet
  facet normal 0 0 1
    outer loop
      vertex -9.842 3.90063 4.5
      vertex -9.19569 4.98131 4.5
      vertex -9.34013 5.4845 4.5
    endloop
  endfacet
  facet normal 0 0 1
    outer loop
      vertex -9.842 3.90063 4.5
      vertex -9.34013 5.4845 4.5
      vertex -9.38828 6.09164 4.5
    endloop
  endfacet
  facet normal 0 0 1
    outer loop
      vertex -8.95496 4.58212 4.5
      vertex -9.842 3.90063 4.5
      vertex -9.26895 3.4655 4.5
    endloop
  endfacet
  facet normal -0.250521 0.968111 0
    outer loop
      vertex -6.60349 3.29732 4.5
      vertex -7.12495 3.16238 4.9
      vertex -6.60349 3.29732 4.9
    endloop
  endfacet
  facet normal -0.250521 0.968111 0
    outer loop
      vertex -7.12495 3.16238 4.9
      vertex -6.60349 3.29732 4.5
      vertex -7.12495 3.16238 4.5
    endloop
  endfacet
  facet normal -0.436111 0.899893 0
    outer loop
      vertex -6.13942 3.52222 4.5
      vertex -6.60349 3.29732 4.9
      vertex -6.13942 3.52222 4.9
    endloop
  endfacet
  facet normal -0.436111 0.899893 0
    outer loop
      vertex -6.60349 3.29732 4.9
      vertex -6.13942 3.52222 4.5
      vertex -6.60349 3.29732 4.5
    endloop
  endfacet
  facet normal -0.620934 0.783863 0
    outer loop
      vertex -5.73909 3.83934 4.5
      vertex -6.13942 3.52222 4.9
      vertex -5.73909 3.83934 4.9
    endloop
  endfacet
  facet normal -0.620934 0.783863 0
    outer loop
      vertex -6.13942 3.52222 4.9
      vertex -5.73909 3.83934 4.5
      vertex -6.13942 3.52222 4.5
    endloop
  endfacet
  facet normal -0.780005 0.625774 0
    outer loop
      vertex -5.73909 3.83934 4.5
      vertex -5.40886 4.25096 4.9
      vertex -5.40886 4.25096 4.5
    endloop
  endfacet
  facet normal -0.780005 0.625774 0
    outer loop
      vertex -5.40886 4.25096 4.9
      vertex -5.73909 3.83934 4.5
      vertex -5.73909 3.83934 4.9
    endloop
  endfacet
  facet normal -0.889381 0.457167 0
    outer loop
      vertex -5.40886 4.25096 4.5
      vertex -5.1487 4.75708 4.9
      vertex -5.1487 4.75708 4.5
    endloop
  endfacet
  facet normal -0.889381 0.457167 0
    outer loop
      vertex -5.1487 4.75708 4.9
      vertex -5.40886 4.25096 4.5
      vertex -5.40886 4.25096 4.9
    endloop
  endfacet
  facet normal -0.353126 -0.935576 0
    outer loop
      vertex -6.19437 5.15176 4.5
      vertex -5.1487 4.75708 4.9
      vertex -6.19437 5.15176 4.9
    endloop
  endfacet
  facet normal -0.353126 -0.935576 -0
    outer loop
      vertex -5.1487 4.75708 4.9
      vertex -6.19437 5.15176 4.5
      vertex -5.1487 4.75708 4.5
    endloop
  endfacet
  facet normal 0.862297 -0.506404 0
    outer loop
      vertex -6.55014 4.54596 4.9
      vertex -6.19437 5.15176 4.5
      vertex -6.19437 5.15176 4.9
    endloop
  endfacet
  facet normal 0.862297 -0.506404 0
    outer loop
      vertex -6.19437 5.15176 4.5
      vertex -6.55014 4.54596 4.9
      vertex -6.55014 4.54596 4.5
    endloop
  endfacet
  facet normal 0.585575 -0.810618 0
    outer loop
      vertex -7.05331 4.18248 4.5
      vertex -6.55014 4.54596 4.9
      vertex -7.05331 4.18248 4.9
    endloop
  endfacet
  facet normal 0.585575 -0.810618 0
    outer loop
      vertex -6.55014 4.54596 4.9
      vertex -7.05331 4.18248 4.5
      vertex -6.55014 4.54596 4.5
    endloop
  endfacet
  facet normal 0.183079 -0.983098 0
    outer loop
      vertex -7.70386 4.06133 4.5
      vertex -7.05331 4.18248 4.9
      vertex -7.70386 4.06133 4.9
    endloop
  endfacet
  facet normal 0.183079 -0.983098 0
    outer loop
      vertex -7.05331 4.18248 4.9
      vertex -7.70386 4.06133 4.5
      vertex -7.05331 4.18248 4.5
    endloop
  endfacet
  facet normal -0.1144 -0.993435 0
    outer loop
      vertex -8.20631 4.11919 4.5
      vertex -7.70386 4.06133 4.9
      vertex -8.20631 4.11919 4.9
    endloop
  endfacet
  facet normal -0.1144 -0.993435 -0
    outer loop
      vertex -7.70386 4.06133 4.9
      vertex -8.20631 4.11919 4.5
      vertex -7.70386 4.06133 4.5
    endloop
  endfacet
  facet normal -0.384301 -0.923208 0
    outer loop
      vertex -8.62335 4.29279 4.5
      vertex -8.20631 4.11919 4.9
      vertex -8.62335 4.29279 4.9
    endloop
  endfacet
  facet normal -0.384301 -0.923208 -0
    outer loop
      vertex -8.20631 4.11919 4.9
      vertex -8.62335 4.29279 4.5
      vertex -8.20631 4.11919 4.5
    endloop
  endfacet
  facet normal -0.657437 -0.753509 0
    outer loop
      vertex -8.95496 4.58212 4.5
      vertex -8.62335 4.29279 4.9
      vertex -8.95496 4.58212 4.9
    endloop
  endfacet
  facet normal -0.657437 -0.753509 -0
    outer loop
      vertex -8.62335 4.29279 4.9
      vertex -8.95496 4.58212 4.5
      vertex -8.62335 4.29279 4.5
    endloop
  endfacet
  facet normal -0.85634 -0.516413 0
    outer loop
      vertex -8.95496 4.58212 4.5
      vertex -9.19569 4.98131 4.9
      vertex -9.19569 4.98131 4.5
    endloop
  endfacet
  facet normal -0.85634 -0.516413 0
    outer loop
      vertex -9.19569 4.98131 4.9
      vertex -8.95496 4.58212 4.5
      vertex -8.95496 4.58212 4.9
    endloop
  endfacet
  facet normal -0.961184 -0.275907 0
    outer loop
      vertex -9.19569 4.98131 4.5
      vertex -9.34013 5.4845 4.9
      vertex -9.34013 5.4845 4.5
    endloop
  endfacet
  facet normal -0.961184 -0.275907 0
    outer loop
      vertex -9.34013 5.4845 4.9
      vertex -9.19569 4.98131 4.5
      vertex -9.19569 4.98131 4.9
    endloop
  endfacet
  facet normal -0.99687 -0.079058 0
    outer loop
      vertex -9.34013 5.4845 4.5
      vertex -9.38828 6.09164 4.9
      vertex -9.38828 6.09164 4.5
    endloop
  endfacet
  facet normal -0.99687 -0.079058 0
    outer loop
      vertex -9.38828 6.09164 4.9
      vertex -9.34013 5.4845 4.5
      vertex -9.34013 5.4845 4.9
    endloop
  endfacet
  facet normal -0.996935 0.0782281 0
    outer loop
      vertex -9.38828 6.09164 4.5
      vertex -9.34149 6.68793 4.9
      vertex -9.34149 6.68793 4.5
    endloop
  endfacet
  facet normal -0.996935 0.0782281 0
    outer loop
      vertex -9.34149 6.68793 4.9
      vertex -9.38828 6.09164 4.5
      vertex -9.38828 6.09164 4.9
    endloop
  endfacet
  facet normal -0.961676 0.27419 0
    outer loop
      vertex -9.34149 6.68793 4.5
      vertex -9.20113 7.18022 4.9
      vertex -9.20113 7.18022 4.5
    endloop
  endfacet
  facet normal -0.961676 0.27419 0
    outer loop
      vertex -9.20113 7.18022 4.9
      vertex -9.34149 6.68793 4.5
      vertex -9.34149 6.68793 4.9
    endloop
  endfacet
  facet normal -0.856569 0.516033 0
    outer loop
      vertex -9.20113 7.18022 4.5
      vertex -8.96719 7.56854 4.9
      vertex -8.96719 7.56854 4.5
    endloop
  endfacet
  facet normal -0.856569 0.516033 0
    outer loop
      vertex -8.96719 7.56854 4.9
      vertex -9.20113 7.18022 4.5
      vertex -9.20113 7.18022 4.9
    endloop
  endfacet
  facet normal -0.65385 0.756624 0
    outer loop
      vertex -8.64282 7.84885 4.5
      vertex -8.96719 7.56854 4.9
      vertex -8.64282 7.84885 4.9
    endloop
  endfacet
  facet normal -0.65385 0.756624 0
    outer loop
      vertex -8.96719 7.56854 4.9
      vertex -8.64282 7.84885 4.5
      vertex -8.96719 7.56854 4.5
    endloop
  endfacet
  facet normal -0.378228 0.925712 0
    outer loop
      vertex -8.2312 8.01703 4.5
      vertex -8.64282 7.84885 4.9
      vertex -8.2312 8.01703 4.9
    endloop
  endfacet
  facet normal -0.378228 0.925712 0
    outer loop
      vertex -8.64282 7.84885 4.9
      vertex -8.2312 8.01703 4.5
      vertex -8.64282 7.84885 4.5
    endloop
  endfacet
  facet normal -0.111678 0.993744 0
    outer loop
      vertex -7.73236 8.07309 4.5
      vertex -8.2312 8.01703 4.9
      vertex -7.73236 8.07309 4.9
    endloop
  endfacet
  facet normal -0.111678 0.993744 0
    outer loop
      vertex -8.2312 8.01703 4.9
      vertex -7.73236 8.07309 4.5
      vertex -8.2312 8.01703 4.5
    endloop
  endfacet
  facet normal 0.0828877 0.996559 -0
    outer loop
      vertex -7.39259 8.04483 4.5
      vertex -7.73236 8.07309 4.9
      vertex -7.39259 8.04483 4.9
    endloop
  endfacet
  facet normal 0.0828877 0.996559 0
    outer loop
      vertex -7.73236 8.07309 4.9
      vertex -7.39259 8.04483 4.5
      vertex -7.73236 8.07309 4.5
    endloop
  endfacet
  facet normal 0.264883 0.96428 -0
    outer loop
      vertex -7.08403 7.96007 4.5
      vertex -7.39259 8.04483 4.9
      vertex -7.08403 7.96007 4.9
    endloop
  endfacet
  facet normal 0.264883 0.96428 0
    outer loop
      vertex -7.39259 8.04483 4.9
      vertex -7.08403 7.96007 4.5
      vertex -7.39259 8.04483 4.5
    endloop
  endfacet
  facet normal 0.453858 0.891074 -0
    outer loop
      vertex -6.80667 7.8188 4.5
      vertex -7.08403 7.96007 4.9
      vertex -6.80667 7.8188 4.9
    endloop
  endfacet
  facet normal 0.453858 0.891074 0
    outer loop
      vertex -7.08403 7.96007 4.9
      vertex -6.80667 7.8188 4.5
      vertex -7.08403 7.96007 4.5
    endloop
  endfacet
  facet normal 0.630265 0.77638 -0
    outer loop
      vertex -6.57362 7.62961 4.5
      vertex -6.80667 7.8188 4.9
      vertex -6.57362 7.62961 4.9
    endloop
  endfacet
  facet normal 0.630265 0.77638 0
    outer loop
      vertex -6.80667 7.8188 4.9
      vertex -6.57362 7.62961 4.5
      vertex -6.80667 7.8188 4.5
    endloop
  endfacet
  facet normal 0.792917 0.60933 0
    outer loop
      vertex -6.39801 7.40109 4.9
      vertex -6.57362 7.62961 4.5
      vertex -6.57362 7.62961 4.9
    endloop
  endfacet
  facet normal 0.792917 0.60933 0
    outer loop
      vertex -6.57362 7.62961 4.5
      vertex -6.39801 7.40109 4.9
      vertex -6.39801 7.40109 4.5
    endloop
  endfacet
  facet normal 0.914891 0.4037 0
    outer loop
      vertex -6.27982 7.13324 4.9
      vertex -6.39801 7.40109 4.5
      vertex -6.39801 7.40109 4.9
    endloop
  endfacet
  facet normal 0.914891 0.4037 0
    outer loop
      vertex -6.39801 7.40109 4.5
      vertex -6.27982 7.13324 4.9
      vertex -6.27982 7.13324 4.5
    endloop
  endfacet
  facet normal -0.263392 0.964689 0
    outer loop
      vertex -5.22189 7.42209 4.5
      vertex -6.27982 7.13324 4.9
      vertex -5.22189 7.42209 4.9
    endloop
  endfacet
  facet normal -0.263392 0.964689 0
    outer loop
      vertex -6.27982 7.13324 4.9
      vertex -5.22189 7.42209 4.5
      vertex -6.27982 7.13324 4.5
    endloop
  endfacet
  facet normal -0.914458 -0.40468 0
    outer loop
      vertex -5.22189 7.42209 4.5
      vertex -5.43486 7.90334 4.9
      vertex -5.43486 7.90334 4.5
    endloop
  endfacet
  facet normal -0.914458 -0.40468 0
    outer loop
      vertex -5.43486 7.90334 4.9
      vertex -5.22189 7.42209 4.5
      vertex -5.22189 7.42209 4.9
    endloop
  endfacet
  facet normal -0.800472 -0.59937 0
    outer loop
      vertex -5.43486 7.90334 4.5
      vertex -5.73189 8.30003 4.9
      vertex -5.73189 8.30003 4.5
    endloop
  endfacet
  facet normal -0.800472 -0.59937 0
    outer loop
      vertex -5.73189 8.30003 4.9
      vertex -5.43486 7.90334 4.5
      vertex -5.43486 7.90334 4.9
    endloop
  endfacet
  facet normal -0.633632 -0.773634 0
    outer loop
      vertex -6.11301 8.61218 4.5
      vertex -5.73189 8.30003 4.9
      vertex -6.11301 8.61218 4.9
    endloop
  endfacet
  facet normal -0.633632 -0.773634 -0
    outer loop
      vertex -5.73189 8.30003 4.9
      vertex -6.11301 8.61218 4.5
      vertex -5.73189 8.30003 4.5
    endloop
  endfacet
  facet normal -0.435664 -0.90011 0
    outer loop
      vertex -6.57773 8.83711 4.5
      vertex -6.11301 8.61218 4.9
      vertex -6.57773 8.83711 4.9
    endloop
  endfacet
  facet normal -0.435664 -0.90011 -0
    outer loop
      vertex -6.11301 8.61218 4.9
      vertex -6.57773 8.83711 4.5
      vertex -6.11301 8.61218 4.5
    endloop
  endfacet
  facet normal -0.239178 -0.970976 0
    outer loop
      vertex -7.12566 8.97208 4.5
      vertex -6.57773 8.83711 4.9
      vertex -7.12566 8.97208 4.9
    endloop
  endfacet
  facet normal -0.239178 -0.970976 -0
    outer loop
      vertex -6.57773 8.83711 4.9
      vertex -7.12566 8.97208 4.5
      vertex -6.57773 8.83711 4.5
    endloop
  endfacet
  facet normal -0.0710909 -0.99747 0
    outer loop
      vertex -7.75677 9.01706 4.5
      vertex -7.12566 8.97208 4.9
      vertex -7.75677 9.01706 4.9
    endloop
  endfacet
  facet normal -0.0710909 -0.99747 -0
    outer loop
      vertex -7.12566 8.97208 4.9
      vertex -7.75677 9.01706 4.5
      vertex -7.12566 8.97208 4.5
    endloop
  endfacet
  facet normal 0.0985119 -0.995136 0
    outer loop
      vertex -8.60622 8.93297 4.5
      vertex -7.75677 9.01706 4.9
      vertex -8.60622 8.93297 4.9
    endloop
  endfacet
  facet normal 0.0985119 -0.995136 0
    outer loop
      vertex -7.75677 9.01706 4.9
      vertex -8.60622 8.93297 4.5
      vertex -7.75677 9.01706 4.5
    endloop
  endfacet
  facet normal 0.337365 -0.941374 0
    outer loop
      vertex -9.31012 8.68071 4.5
      vertex -8.60622 8.93297 4.9
      vertex -9.31012 8.68071 4.9
    endloop
  endfacet
  facet normal 0.337365 -0.941374 0
    outer loop
      vertex -8.60622 8.93297 4.9
      vertex -9.31012 8.68071 4.5
      vertex -8.60622 8.93297 4.5
    endloop
  endfacet
  facet normal 0.60154 -0.798843 0
    outer loop
      vertex -9.86845 8.26028 4.5
      vertex -9.31012 8.68071 4.9
      vertex -9.86845 8.26028 4.9
    endloop
  endfacet
  facet normal 0.60154 -0.798843 0
    outer loop
      vertex -9.31012 8.68071 4.9
      vertex -9.86845 8.26028 4.5
      vertex -9.31012 8.68071 4.5
    endloop
  endfacet
  facet normal 0.818877 -0.57397 0
    outer loop
      vertex -10.2731 7.68297 4.9
      vertex -9.86845 8.26028 4.5
      vertex -9.86845 8.26028 4.9
    endloop
  endfacet
  facet normal 0.818877 -0.57397 0
    outer loop
      vertex -9.86845 8.26028 4.5
      vertex -10.2731 7.68297 4.9
      vertex -10.2731 7.68297 4.5
    endloop
  endfacet
  facet normal 0.947995 -0.318285 0
    outer loop
      vertex -10.5158 6.9601 4.9
      vertex -10.2731 7.68297 4.5
      vertex -10.2731 7.68297 4.9
    endloop
  endfacet
  facet normal 0.947995 -0.318285 0
    outer loop
      vertex -10.2731 7.68297 4.5
      vertex -10.5158 6.9601 4.9
      vertex -10.5158 6.9601 4.5
    endloop
  endfacet
  facet normal 0.995689 -0.0927518 0
    outer loop
      vertex -10.5967 6.09164 4.9
      vertex -10.5158 6.9601 4.5
      vertex -10.5158 6.9601 4.9
    endloop
  endfacet
  facet normal 0.995689 -0.0927518 0
    outer loop
      vertex -10.5158 6.9601 4.5
      vertex -10.5967 6.09164 4.9
      vertex -10.5967 6.09164 4.5
    endloop
  endfacet
  facet normal 0.995384 0.0959754 0
    outer loop
      vertex -10.5129 5.22253 4.9
      vertex -10.5967 6.09164 4.5
      vertex -10.5967 6.09164 4.9
    endloop
  endfacet
  facet normal 0.995384 0.0959754 0
    outer loop
      vertex -10.5967 6.09164 4.5
      vertex -10.5129 5.22253 4.9
      vertex -10.5129 5.22253 4.5
    endloop
  endfacet
  facet normal 0.945469 0.325711 0
    outer loop
      vertex -10.2613 4.49219 4.9
      vertex -10.5129 5.22253 4.5
      vertex -10.5129 5.22253 4.9
    endloop
  endfacet
  facet normal 0.945469 0.325711 0
    outer loop
      vertex -10.5129 5.22253 4.5
      vertex -10.2613 4.49219 4.9
      vertex -10.2613 4.49219 4.5
    endloop
  endfacet
  facet normal 0.815843 0.578273 0
    outer loop
      vertex -9.842 3.90063 4.9
      vertex -10.2613 4.49219 4.5
      vertex -10.2613 4.49219 4.9
    endloop
  endfacet
  facet normal 0.815843 0.578273 0
    outer loop
      vertex -10.2613 4.49219 4.5
      vertex -9.842 3.90063 4.9
      vertex -9.842 3.90063 4.5
    endloop
  endfacet
  facet normal 0.604741 0.796422 -0
    outer loop
      vertex -9.26895 3.4655 4.5
      vertex -9.842 3.90063 4.9
      vertex -9.26895 3.4655 4.9
    endloop
  endfacet
  facet normal 0.604741 0.796422 0
    outer loop
      vertex -9.842 3.90063 4.9
      vertex -9.26895 3.4655 4.5
      vertex -9.842 3.90063 4.5
    endloop
  endfacet
  facet normal 0.343968 0.938981 -0
    outer loop
      vertex -8.55624 3.20442 4.5
      vertex -9.26895 3.4655 4.9
      vertex -8.55624 3.20442 4.9
    endloop
  endfacet
  facet normal 0.343968 0.938981 0
    outer loop
      vertex -9.26895 3.4655 4.9
      vertex -8.55624 3.20442 4.5
      vertex -9.26895 3.4655 4.5
    endloop
  endfacet
  facet normal 0.101563 0.994829 -0
    outer loop
      vertex -7.70386 3.1174 4.5
      vertex -8.55624 3.20442 4.9
      vertex -7.70386 3.1174 4.9
    endloop
  endfacet
  facet normal 0.101563 0.994829 0
    outer loop
      vertex -8.55624 3.20442 4.9
      vertex -7.70386 3.1174 4.5
      vertex -8.55624 3.20442 4.5
    endloop
  endfacet
  facet normal -0.0774643 0.996995 0
    outer loop
      vertex -7.12495 3.16238 4.5
      vertex -7.70386 3.1174 4.9
      vertex -7.12495 3.16238 4.9
    endloop
  endfacet
  facet normal -0.0774643 0.996995 0
    outer loop
      vertex -7.70386 3.1174 4.9
      vertex -7.12495 3.16238 4.5
      vertex -7.70386 3.1174 4.5
    endloop
  endfacet
endsolid OpenSCAD_Model
