solid OpenSCAD_Model
  facet normal -1 0 0
    outer loop
      vertex -30 0 0
      vertex -30 -22 2
      vertex -30 0 2
    endloop
  endfacet
  facet normal -1 0 0
    outer loop
      vertex -30 -24 0
      vertex -30 -22 7.2
      vertex -30 -22 2
    endloop
  endfacet
  facet normal -1 0 0
    outer loop
      vertex -30 -24 11
      vertex -30 -22 7.2
      vertex -30 -24 0
    endloop
  endfacet
  facet normal -1 0 0
    outer loop
      vertex -30 -22 8.79999
      vertex -30 -24 11
      vertex -30 -22 11
    endloop
  endfacet
  facet normal -1 0 0
    outer loop
      vertex -30 -22 11
      vertex -30 -24 11
      vertex -30 -22.0761 11.3827
    endloop
  endfacet
  facet normal -1 -0 0
    outer loop
      vertex -30 -22.0761 11.3827
      vertex -30 -24 11
      vertex -30 -22.2929 11.7071
    endloop
  endfacet
  facet normal -1 -0 0
    outer loop
      vertex -30 -22.2929 11.7071
      vertex -30 -24 11
      vertex -30 -22.6173 11.9239
    endloop
  endfacet
  facet normal -1 -0 0
    outer loop
      vertex -30 -22.6173 11.9239
      vertex -30 -24 11
      vertex -30 -23 12
    endloop
  endfacet
  facet normal -1 0 0
    outer loop
      vertex -30 -23 12
      vertex -30 -24 11
      vertex -30 -23.3827 11.9239
    endloop
  endfacet
  facet normal -1 0 0
    outer loop
      vertex -30 -23.3827 11.9239
      vertex -30 -24 11
      vertex -30 -23.7071 11.7071
    endloop
  endfacet
  facet normal -1 0 0
    outer loop
      vertex -30 -24 0
      vertex -30 -22 2
      vertex -30 0 0
    endloop
  endfacet
  facet normal -1 0 0
    outer loop
      vertex -30 -22 7.2
      vertex -30 -24 11
      vertex -30 -22 8.79999
    endloop
  endfacet
  facet normal -1 0 0
    outer loop
      vertex -30 -23.7071 11.7071
      vertex -30 -24 11
      vertex -30 -23.9239 11.3827
    endloop
  endfacet
  facet normal -1 0 0
    outer loop
      vertex -30 -21.3072 7.59999
      vertex -30 -21.3072 8.39999
      vertex -30 -21.2 8
    endloop
  endfacet
  facet normal -1 0 0
    outer loop
      vertex -30 -21.6 7.30717
      vertex -30 -21.3072 8.39999
      vertex -30 -21.3072 7.59999
    endloop
  endfacet
  facet normal -1 0 0
    outer loop
      vertex -30 -21.6 7.30717
      vertex -30 -21.6 8.69281
      vertex -30 -21.3072 8.39999
    endloop
  endfacet
  facet normal -1 0 0
    outer loop
      vertex -30 -22 7.2
      vertex -30 -21.6 8.69281
      vertex -30 -21.6 7.30717
    endloop
  endfacet
  facet normal -1 -0 0
    outer loop
      vertex -30 -21.6 8.69281
      vertex -30 -22 7.2
      vertex -30 -22 8.79999
    endloop
  endfacet
  facet normal 1 -0 0
    outer loop
      vertex -14 -24 11
      vertex -14 -22 8.79999
      vertex -14 -22 11
    endloop
  endfacet
  facet normal 1 0 0
    outer loop
      vertex -14 -22 8.79999
      vertex -14 -24 11
      vertex -14 -22 7.2
    endloop
  endfacet
  facet normal 1 0 0
    outer loop
      vertex -14 -24 11
      vertex -14 -22 11
      vertex -14 -22.0761 11.3827
    endloop
  endfacet
  facet normal 1 0 0
    outer loop
      vertex -14 -21.3072 8.39999
      vertex -14 -21.3072 7.59999
      vertex -14 -21.2 8
    endloop
  endfacet
  facet normal 1 0 0
    outer loop
      vertex -14 -21.6 8.69281
      vertex -14 -21.3072 7.59999
      vertex -14 -21.3072 8.39999
    endloop
  endfacet
  facet normal 1 0 0
    outer loop
      vertex -14 -21.6 8.69281
      vertex -14 -21.6 7.30717
      vertex -14 -21.3072 7.59999
    endloop
  endfacet
  facet normal 1 0 0
    outer loop
      vertex -14 -22 8.79999
      vertex -14 -21.6 7.30717
      vertex -14 -21.6 8.69281
    endloop
  endfacet
  facet normal 1 0 0
    outer loop
      vertex -14 -21.6 7.30717
      vertex -14 -22 8.79999
      vertex -14 -22 7.2
    endloop
  endfacet
  facet normal 1 -0 0
    outer loop
      vertex -14 -22 2
      vertex -14 0 0
      vertex -14 0 2
    endloop
  endfacet
  facet normal 1 0 0
    outer loop
      vertex -14 -24 11
      vertex -14 -22.0761 11.3827
      vertex -14 -22.2929 11.7071
    endloop
  endfacet
  facet normal 1 0 0
    outer loop
      vertex -14 -24 11
      vertex -14 -22.2929 11.7071
      vertex -14 -22.6173 11.9239
    endloop
  endfacet
  facet normal 1 0 0
    outer loop
      vertex -14 -24 11
      vertex -14 -22.6173 11.9239
      vertex -14 -23 12
    endloop
  endfacet
  facet normal 1 0 0
    outer loop
      vertex -14 -24 11
      vertex -14 -23 12
      vertex -14 -23.3827 11.9239
    endloop
  endfacet
  facet normal 1 0 0
    outer loop
      vertex -14 -24 11
      vertex -14 -23.3827 11.9239
      vertex -14 -23.7071 11.7071
    endloop
  endfacet
  facet normal 1 0 0
    outer loop
      vertex -14 -24 11
      vertex -14 -23.7071 11.7071
      vertex -14 -23.9239 11.3827
    endloop
  endfacet
  facet normal 1 0 0
    outer loop
      vertex -14 -24 0
      vertex -14 -22 7.2
      vertex -14 -24 11
    endloop
  endfacet
  facet normal 1 0 0
    outer loop
      vertex -14 -22 2
      vertex -14 -24 0
      vertex -14 0 0
    endloop
  endfacet
  facet normal 1 0 0
    outer loop
      vertex -14 -22 7.2
      vertex -14 -24 0
      vertex -14 -22 2
    endloop
  endfacet
  facet normal 0 1 -0
    outer loop
      vertex 35.01 2 4.5
      vertex 35 2 6.98706
      vertex 35.01 2 6.98706
    endloop
  endfacet
  facet normal 0 1 0
    outer loop
      vertex 35 2 6.98706
      vertex 22.69 2 4.863
      vertex -22.69 2 4.86382
    endloop
  endfacet
  facet normal 0 1 0
    outer loop
      vertex 35 2 6.98706
      vertex 35.01 2 4.5
      vertex 22.69 2 4.863
    endloop
  endfacet
  facet normal 0 1 0
    outer loop
      vertex 22.69 2 4.863
      vertex 35.01 2 4.5
      vertex 22.69 2 4.5
    endloop
  endfacet
  facet normal 0 1 0
    outer loop
      vertex -22.69 2 4.86382
      vertex 35 2 12
      vertex 35 2 6.98706
    endloop
  endfacet
  facet normal 0 1 0
    outer loop
      vertex 35 2 12
      vertex -22.69 2 4.86382
      vertex -35 2 12
    endloop
  endfacet
  facet normal 0 1 0
    outer loop
      vertex -35 2 4.5
      vertex -22.69 2 4.86382
      vertex -22.69 2 4.5
    endloop
  endfacet
  facet normal 0 1 0
    outer loop
      vertex -22.69 2 4.86382
      vertex -35 2 4.5
      vertex -35 2 12
    endloop
  endfacet
  facet normal 0 1 -0
    outer loop
      vertex 0.00999928 2 3
      vertex -22.69 2 4.86382
      vertex 22.69 2 4.863
    endloop
  endfacet
  facet normal 0 1 0
    outer loop
      vertex -22.69 2 4.86382
      vertex 0.00999928 2 3
      vertex 0 2 3
    endloop
  endfacet
  facet normal -0 0 1
    outer loop
      vertex -30 0 2
      vertex -14 -22 2
      vertex -14 0 2
    endloop
  endfacet
  facet normal 0 0 1
    outer loop
      vertex -14 -22 2
      vertex -30 0 2
      vertex -30 -22 2
    endloop
  endfacet
  facet normal 0 1 -0
    outer loop
      vertex -14 -22 2
      vertex -30 -22 7.2
      vertex -14 -22 7.2
    endloop
  endfacet
  facet normal 0 1 0
    outer loop
      vertex -30 -22 7.2
      vertex -14 -22 2
      vertex -30 -22 2
    endloop
  endfacet
  facet normal 0 0.258797 -0.965932
    outer loop
      vertex -30 -22 7.2
      vertex -14 -21.6 7.30717
      vertex -14 -22 7.2
    endloop
  endfacet
  facet normal 0 0.258797 -0.965932
    outer loop
      vertex -14 -21.6 7.30717
      vertex -30 -22 7.2
      vertex -30 -21.6 7.30717
    endloop
  endfacet
  facet normal 0 0.707131 -0.707083
    outer loop
      vertex -14 -21.6 7.30717
      vertex -30 -21.3072 7.59999
      vertex -14 -21.3072 7.59999
    endloop
  endfacet
  facet normal 0 0.707131 -0.707083
    outer loop
      vertex -30 -21.3072 7.59999
      vertex -14 -21.6 7.30717
      vertex -30 -21.6 7.30717
    endloop
  endfacet
  facet normal 0 0.965915 -0.258859
    outer loop
      vertex -14 -21.3072 7.59999
      vertex -30 -21.2 8
      vertex -14 -21.2 8
    endloop
  endfacet
  facet normal 0 0.965915 -0.258859
    outer loop
      vertex -30 -21.2 8
      vertex -14 -21.3072 7.59999
      vertex -30 -21.3072 7.59999
    endloop
  endfacet
  facet normal 0 0.965912 0.258871
    outer loop
      vertex -14 -21.2 8
      vertex -30 -21.3072 8.39999
      vertex -14 -21.3072 8.39999
    endloop
  endfacet
  facet normal 0 0.965912 0.258871
    outer loop
      vertex -30 -21.3072 8.39999
      vertex -14 -21.2 8
      vertex -30 -21.2 8
    endloop
  endfacet
  facet normal 0 0.707131 0.707083
    outer loop
      vertex -14 -21.3072 8.39999
      vertex -30 -21.6 8.69281
      vertex -14 -21.6 8.69281
    endloop
  endfacet
  facet normal 0 0.707131 0.707083
    outer loop
      vertex -30 -21.6 8.69281
      vertex -14 -21.3072 8.39999
      vertex -30 -21.3072 8.39999
    endloop
  endfacet
  facet normal -0 0.25882 0.965926
    outer loop
      vertex -30 -21.6 8.69281
      vertex -14 -22 8.79999
      vertex -14 -21.6 8.69281
    endloop
  endfacet
  facet normal 0 0.25882 0.965926
    outer loop
      vertex -14 -22 8.79999
      vertex -30 -21.6 8.69281
      vertex -30 -22 8.79999
    endloop
  endfacet
  facet normal 0 1 -0
    outer loop
      vertex -14 -22 8.79999
      vertex -30 -22 11
      vertex -14 -22 11
    endloop
  endfacet
  facet normal 0 1 0
    outer loop
      vertex -30 -22 11
      vertex -14 -22 8.79999
      vertex -30 -22 8.79999
    endloop
  endfacet
  facet normal 0 0.980797 0.195032
    outer loop
      vertex -14 -22 11
      vertex -30 -22.0761 11.3827
      vertex -14 -22.0761 11.3827
    endloop
  endfacet
  facet normal 0 0.980797 0.195032
    outer loop
      vertex -30 -22.0761 11.3827
      vertex -14 -22 11
      vertex -30 -22 11
    endloop
  endfacet
  facet normal 0 0.831419 0.555646
    outer loop
      vertex -14 -22.0761 11.3827
      vertex -30 -22.2929 11.7071
      vertex -14 -22.2929 11.7071
    endloop
  endfacet
  facet normal 0 0.831419 0.555646
    outer loop
      vertex -30 -22.2929 11.7071
      vertex -14 -22.0761 11.3827
      vertex -30 -22.0761 11.3827
    endloop
  endfacet
  facet normal -0 0.555646 0.831419
    outer loop
      vertex -30 -22.2929 11.7071
      vertex -14 -22.6173 11.9239
      vertex -14 -22.2929 11.7071
    endloop
  endfacet
  facet normal 0 0.555646 0.831419
    outer loop
      vertex -14 -22.6173 11.9239
      vertex -30 -22.2929 11.7071
      vertex -30 -22.6173 11.9239
    endloop
  endfacet
  facet normal -0 0.195032 0.980797
    outer loop
      vertex -30 -22.6173 11.9239
      vertex -14 -23 12
      vertex -14 -22.6173 11.9239
    endloop
  endfacet
  facet normal 0 0.195032 0.980797
    outer loop
      vertex -14 -23 12
      vertex -30 -22.6173 11.9239
      vertex -30 -23 12
    endloop
  endfacet
  facet normal 0 -0.195032 0.980797
    outer loop
      vertex -30 -23 12
      vertex -14 -23.3827 11.9239
      vertex -14 -23 12
    endloop
  endfacet
  facet normal 0 -0.195032 0.980797
    outer loop
      vertex -14 -23.3827 11.9239
      vertex -30 -23 12
      vertex -30 -23.3827 11.9239
    endloop
  endfacet
  facet normal 0 -0.555646 0.831419
    outer loop
      vertex -30 -23.3827 11.9239
      vertex -14 -23.7071 11.7071
      vertex -14 -23.3827 11.9239
    endloop
  endfacet
  facet normal 0 -0.555646 0.831419
    outer loop
      vertex -14 -23.7071 11.7071
      vertex -30 -23.3827 11.9239
      vertex -30 -23.7071 11.7071
    endloop
  endfacet
  facet normal 0 -0.831419 0.555646
    outer loop
      vertex -30 -23.9239 11.3827
      vertex -14 -23.7071 11.7071
      vertex -30 -23.7071 11.7071
    endloop
  endfacet
  facet normal 0 -0.831419 0.555646
    outer loop
      vertex -14 -23.7071 11.7071
      vertex -30 -23.9239 11.3827
      vertex -14 -23.9239 11.3827
    endloop
  endfacet
  facet normal 0 -0.980797 0.195032
    outer loop
      vertex -30 -24 11
      vertex -14 -23.9239 11.3827
      vertex -30 -23.9239 11.3827
    endloop
  endfacet
  facet normal 0 -0.980797 0.195032
    outer loop
      vertex -14 -23.9239 11.3827
      vertex -30 -24 11
      vertex -14 -24 11
    endloop
  endfacet
  facet normal 0 -1 0
    outer loop
      vertex -30 -24 0
      vertex -14 -24 11
      vertex -30 -24 11
    endloop
  endfacet
  facet normal 0 -1 -0
    outer loop
      vertex -14 -24 11
      vertex -30 -24 0
      vertex -14 -24 0
    endloop
  endfacet
  facet normal 0 0 -1
    outer loop
      vertex -14 -24 0
      vertex -30 -24 0
      vertex -14 0 0
    endloop
  endfacet
  facet normal 0 0 -1
    outer loop
      vertex 30 -24 0
      vertex 14 -24 0
      vertex 30 0 0
    endloop
  endfacet
  facet normal 0 0 -1
    outer loop
      vertex 30 0 0
      vertex 35.01 11 0
      vertex 35.01 0 0
    endloop
  endfacet
  facet normal 0 0 -1
    outer loop
      vertex 14 0 0
      vertex 30 0 0
      vertex 14 -24 0
    endloop
  endfacet
  facet normal 0 0 -1
    outer loop
      vertex 30 0 0
      vertex 14 0 0
      vertex 35.01 11 0
    endloop
  endfacet
  facet normal 0 0 -1
    outer loop
      vertex 14 0 0
      vertex 6.4 11 0
      vertex 35.01 11 0
    endloop
  endfacet
  facet normal 0 0 -1
    outer loop
      vertex -3.8637 26.0353 0
      vertex 3.8637 26.0353 0
      vertex 6.4 11 0
    endloop
  endfacet
  facet normal 0 0 -1
    outer loop
      vertex 3.8637 26.0353 0
      vertex -3.8637 26.0353 0
      vertex 3.4641 27 0
    endloop
  endfacet
  facet normal -0 0 -1
    outer loop
      vertex 3.4641 27 0
      vertex -3.8637 26.0353 0
      vertex 2.82843 27.8284 0
    endloop
  endfacet
  facet normal -0 0 -1
    outer loop
      vertex 2.82843 27.8284 0
      vertex -3.8637 26.0353 0
      vertex 2 28.4641 0
    endloop
  endfacet
  facet normal -0 0 -1
    outer loop
      vertex 2 28.4641 0
      vertex -3.8637 26.0353 0
      vertex 1.03528 28.8637 0
    endloop
  endfacet
  facet normal -0 0 -1
    outer loop
      vertex 1.03528 28.8637 0
      vertex -3.8637 26.0353 0
      vertex 0 29 0
    endloop
  endfacet
  facet normal 0 0 -1
    outer loop
      vertex 0 29 0
      vertex -3.8637 26.0353 0
      vertex -1.03528 28.8637 0
    endloop
  endfacet
  facet normal 0 0 -1
    outer loop
      vertex -1.03528 28.8637 0
      vertex -3.8637 26.0353 0
      vertex -2 28.4641 0
    endloop
  endfacet
  facet normal 0 0 -1
    outer loop
      vertex -2 28.4641 0
      vertex -3.8637 26.0353 0
      vertex -2.82843 27.8284 0
    endloop
  endfacet
  facet normal 0 0 -1
    outer loop
      vertex -2.82843 27.8284 0
      vertex -3.8637 26.0353 0
      vertex -3.4641 27 0
    endloop
  endfacet
  facet normal 0 0 -1
    outer loop
      vertex 6.4 11 0
      vertex -6.4 11 0
      vertex -3.8637 26.0353 0
    endloop
  endfacet
  facet normal 0 0 -1
    outer loop
      vertex 14 0 0
      vertex -6.4 11 0
      vertex 6.4 11 0
    endloop
  endfacet
  facet normal 0 0 -1
    outer loop
      vertex -14 0 0
      vertex -6.4 11 0
      vertex 14 0 0
    endloop
  endfacet
  facet normal 0 0 -1
    outer loop
      vertex -30 0 0
      vertex -14 0 0
      vertex -30 -24 0
    endloop
  endfacet
  facet normal 0 0 -1
    outer loop
      vertex -35 11 0
      vertex -14 0 0
      vertex -30 0 0
    endloop
  endfacet
  facet normal 0 0 -1
    outer loop
      vertex -35 11 0
      vertex -30 0 0
      vertex -35 0 0
    endloop
  endfacet
  facet normal 0 0 -1
    outer loop
      vertex -14 0 0
      vertex -35 11 0
      vertex -6.4 11 0
    endloop
  endfacet
  facet normal -1 0 0
    outer loop
      vertex 14 0 0
      vertex 14 -22 2
      vertex 14 0 2
    endloop
  endfacet
  facet normal -1 0 0
    outer loop
      vertex 14 -24 0
      vertex 14 -22 7.2
      vertex 14 -22 2
    endloop
  endfacet
  facet normal -1 0 0
    outer loop
      vertex 14 -24 11
      vertex 14 -22 7.2
      vertex 14 -24 0
    endloop
  endfacet
  facet normal -1 0 0
    outer loop
      vertex 14 -22 8.79999
      vertex 14 -24 11
      vertex 14 -22 11
    endloop
  endfacet
  facet normal -1 0 0
    outer loop
      vertex 14 -22 11
      vertex 14 -24 11
      vertex 14 -22.0761 11.3827
    endloop
  endfacet
  facet normal -1 -0 0
    outer loop
      vertex 14 -22.0761 11.3827
      vertex 14 -24 11
      vertex 14 -22.2929 11.7071
    endloop
  endfacet
  facet normal -1 -0 0
    outer loop
      vertex 14 -22.2929 11.7071
      vertex 14 -24 11
      vertex 14 -22.6173 11.9239
    endloop
  endfacet
  facet normal -1 -0 0
    outer loop
      vertex 14 -22.6173 11.9239
      vertex 14 -24 11
      vertex 14 -23 12
    endloop
  endfacet
  facet normal -1 0 0
    outer loop
      vertex 14 -23 12
      vertex 14 -24 11
      vertex 14 -23.3827 11.9239
    endloop
  endfacet
  facet normal -1 0 0
    outer loop
      vertex 14 -23.3827 11.9239
      vertex 14 -24 11
      vertex 14 -23.7071 11.7071
    endloop
  endfacet
  facet normal -1 0 0
    outer loop
      vertex 14 -24 0
      vertex 14 -22 2
      vertex 14 0 0
    endloop
  endfacet
  facet normal -1 0 0
    outer loop
      vertex 14 -22 7.2
      vertex 14 -24 11
      vertex 14 -22 8.79999
    endloop
  endfacet
  facet normal -1 0 0
    outer loop
      vertex 14 -23.7071 11.7071
      vertex 14 -24 11
      vertex 14 -23.9239 11.3827
    endloop
  endfacet
  facet normal -1 0 0
    outer loop
      vertex 14 -21.3072 7.59999
      vertex 14 -21.3072 8.39999
      vertex 14 -21.2 8
    endloop
  endfacet
  facet normal -1 0 0
    outer loop
      vertex 14 -21.6 7.30717
      vertex 14 -21.3072 8.39999
      vertex 14 -21.3072 7.59999
    endloop
  endfacet
  facet normal -1 0 0
    outer loop
      vertex 14 -21.6 7.30717
      vertex 14 -21.6 8.69281
      vertex 14 -21.3072 8.39999
    endloop
  endfacet
  facet normal -1 0 0
    outer loop
      vertex 14 -22 7.2
      vertex 14 -21.6 8.69281
      vertex 14 -21.6 7.30717
    endloop
  endfacet
  facet normal -1 -0 0
    outer loop
      vertex 14 -21.6 8.69281
      vertex 14 -22 7.2
      vertex 14 -22 8.79999
    endloop
  endfacet
  facet normal 1 -0 0
    outer loop
      vertex 30 -24 11
      vertex 30 -22 8.79999
      vertex 30 -22 11
    endloop
  endfacet
  facet normal 1 0 0
    outer loop
      vertex 30 -22 8.79999
      vertex 30 -24 11
      vertex 30 -22 7.2
    endloop
  endfacet
  facet normal 1 0 0
    outer loop
      vertex 30 -24 11
      vertex 30 -22 11
      vertex 30 -22.0761 11.3827
    endloop
  endfacet
  facet normal 1 0 0
    outer loop
      vertex 30 -21.3072 8.39999
      vertex 30 -21.3072 7.59999
      vertex 30 -21.2 8
    endloop
  endfacet
  facet normal 1 0 0
    outer loop
      vertex 30 -21.6 8.69281
      vertex 30 -21.3072 7.59999
      vertex 30 -21.3072 8.39999
    endloop
  endfacet
  facet normal 1 0 0
    outer loop
      vertex 30 -21.6 8.69281
      vertex 30 -21.6 7.30717
      vertex 30 -21.3072 7.59999
    endloop
  endfacet
  facet normal 1 0 0
    outer loop
      vertex 30 -22 8.79999
      vertex 30 -21.6 7.30717
      vertex 30 -21.6 8.69281
    endloop
  endfacet
  facet normal 1 0 0
    outer loop
      vertex 30 -21.6 7.30717
      vertex 30 -22 8.79999
      vertex 30 -22 7.2
    endloop
  endfacet
  facet normal 1 -0 0
    outer loop
      vertex 30 -22 2
      vertex 30 0 0
      vertex 30 0 2
    endloop
  endfacet
  facet normal 1 0 0
    outer loop
      vertex 30 -24 11
      vertex 30 -22.0761 11.3827
      vertex 30 -22.2929 11.7071
    endloop
  endfacet
  facet normal 1 0 0
    outer loop
      vertex 30 -24 11
      vertex 30 -22.2929 11.7071
      vertex 30 -22.6173 11.9239
    endloop
  endfacet
  facet normal 1 0 0
    outer loop
      vertex 30 -24 11
      vertex 30 -22.6173 11.9239
      vertex 30 -23 12
    endloop
  endfacet
  facet normal 1 0 0
    outer loop
      vertex 30 -24 11
      vertex 30 -23 12
      vertex 30 -23.3827 11.9239
    endloop
  endfacet
  facet normal 1 0 0
    outer loop
      vertex 30 -24 11
      vertex 30 -23.3827 11.9239
      vertex 30 -23.7071 11.7071
    endloop
  endfacet
  facet normal 1 0 0
    outer loop
      vertex 30 -24 11
      vertex 30 -23.7071 11.7071
      vertex 30 -23.9239 11.3827
    endloop
  endfacet
  facet normal 1 0 0
    outer loop
      vertex 30 -24 0
      vertex 30 -22 7.2
      vertex 30 -24 11
    endloop
  endfacet
  facet normal 1 0 0
    outer loop
      vertex 30 -22 2
      vertex 30 -24 0
      vertex 30 0 0
    endloop
  endfacet
  facet normal 1 0 0
    outer loop
      vertex 30 -22 7.2
      vertex 30 -24 0
      vertex 30 -22 2
    endloop
  endfacet
  facet normal -0 0 1
    outer loop
      vertex 14 0 2
      vertex 30 -22 2
      vertex 30 0 2
    endloop
  endfacet
  facet normal 0 0 1
    outer loop
      vertex 30 -22 2
      vertex 14 0 2
      vertex 14 -22 2
    endloop
  endfacet
  facet normal 0 1 -0
    outer loop
      vertex 30 -22 2
      vertex 14 -22 7.2
      vertex 30 -22 7.2
    endloop
  endfacet
  facet normal 0 1 0
    outer loop
      vertex 14 -22 7.2
      vertex 30 -22 2
      vertex 14 -22 2
    endloop
  endfacet
  facet normal 0 0.258797 -0.965932
    outer loop
      vertex 14 -22 7.2
      vertex 30 -21.6 7.30717
      vertex 30 -22 7.2
    endloop
  endfacet
  facet normal 0 0.258797 -0.965932
    outer loop
      vertex 30 -21.6 7.30717
      vertex 14 -22 7.2
      vertex 14 -21.6 7.30717
    endloop
  endfacet
  facet normal 0 0.707131 -0.707083
    outer loop
      vertex 30 -21.6 7.30717
      vertex 14 -21.3072 7.59999
      vertex 30 -21.3072 7.59999
    endloop
  endfacet
  facet normal 0 0.707131 -0.707083
    outer loop
      vertex 14 -21.3072 7.59999
      vertex 30 -21.6 7.30717
      vertex 14 -21.6 7.30717
    endloop
  endfacet
  facet normal 0 0.965915 -0.258859
    outer loop
      vertex 30 -21.3072 7.59999
      vertex 14 -21.2 8
      vertex 30 -21.2 8
    endloop
  endfacet
  facet normal 0 0.965915 -0.258859
    outer loop
      vertex 14 -21.2 8
      vertex 30 -21.3072 7.59999
      vertex 14 -21.3072 7.59999
    endloop
  endfacet
  facet normal 0 0.965912 0.258871
    outer loop
      vertex 30 -21.2 8
      vertex 14 -21.3072 8.39999
      vertex 30 -21.3072 8.39999
    endloop
  endfacet
  facet normal 0 0.965912 0.258871
    outer loop
      vertex 14 -21.3072 8.39999
      vertex 30 -21.2 8
      vertex 14 -21.2 8
    endloop
  endfacet
  facet normal 0 0.707131 0.707083
    outer loop
      vertex 30 -21.3072 8.39999
      vertex 14 -21.6 8.69281
      vertex 30 -21.6 8.69281
    endloop
  endfacet
  facet normal 0 0.707131 0.707083
    outer loop
      vertex 14 -21.6 8.69281
      vertex 30 -21.3072 8.39999
      vertex 14 -21.3072 8.39999
    endloop
  endfacet
  facet normal -0 0.25882 0.965926
    outer loop
      vertex 14 -21.6 8.69281
      vertex 30 -22 8.79999
      vertex 30 -21.6 8.69281
    endloop
  endfacet
  facet normal 0 0.25882 0.965926
    outer loop
      vertex 30 -22 8.79999
      vertex 14 -21.6 8.69281
      vertex 14 -22 8.79999
    endloop
  endfacet
  facet normal 0 1 -0
    outer loop
      vertex 30 -22 8.79999
      vertex 14 -22 11
      vertex 30 -22 11
    endloop
  endfacet
  facet normal 0 1 0
    outer loop
      vertex 14 -22 11
      vertex 30 -22 8.79999
      vertex 14 -22 8.79999
    endloop
  endfacet
  facet normal 0 0.980797 0.195032
    outer loop
      vertex 30 -22 11
      vertex 14 -22.0761 11.3827
      vertex 30 -22.0761 11.3827
    endloop
  endfacet
  facet normal 0 0.980797 0.195032
    outer loop
      vertex 14 -22.0761 11.3827
      vertex 30 -22 11
      vertex 14 -22 11
    endloop
  endfacet
  facet normal 0 0.831419 0.555646
    outer loop
      vertex 30 -22.0761 11.3827
      vertex 14 -22.2929 11.7071
      vertex 30 -22.2929 11.7071
    endloop
  endfacet
  facet normal 0 0.831419 0.555646
    outer loop
      vertex 14 -22.2929 11.7071
      vertex 30 -22.0761 11.3827
      vertex 14 -22.0761 11.3827
    endloop
  endfacet
  facet normal -0 0.555646 0.831419
    outer loop
      vertex 14 -22.2929 11.7071
      vertex 30 -22.6173 11.9239
      vertex 30 -22.2929 11.7071
    endloop
  endfacet
  facet normal 0 0.555646 0.831419
    outer loop
      vertex 30 -22.6173 11.9239
      vertex 14 -22.2929 11.7071
      vertex 14 -22.6173 11.9239
    endloop
  endfacet
  facet normal -0 0.195032 0.980797
    outer loop
      vertex 14 -22.6173 11.9239
      vertex 30 -23 12
      vertex 30 -22.6173 11.9239
    endloop
  endfacet
  facet normal 0 0.195032 0.980797
    outer loop
      vertex 30 -23 12
      vertex 14 -22.6173 11.9239
      vertex 14 -23 12
    endloop
  endfacet
  facet normal 0 -0.195032 0.980797
    outer loop
      vertex 14 -23 12
      vertex 30 -23.3827 11.9239
      vertex 30 -23 12
    endloop
  endfacet
  facet normal 0 -0.195032 0.980797
    outer loop
      vertex 30 -23.3827 11.9239
      vertex 14 -23 12
      vertex 14 -23.3827 11.9239
    endloop
  endfacet
  facet normal 0 -0.555646 0.831419
    outer loop
      vertex 14 -23.3827 11.9239
      vertex 30 -23.7071 11.7071
      vertex 30 -23.3827 11.9239
    endloop
  endfacet
  facet normal 0 -0.555646 0.831419
    outer loop
      vertex 30 -23.7071 11.7071
      vertex 14 -23.3827 11.9239
      vertex 14 -23.7071 11.7071
    endloop
  endfacet
  facet normal 0 -0.831419 0.555646
    outer loop
      vertex 14 -23.9239 11.3827
      vertex 30 -23.7071 11.7071
      vertex 14 -23.7071 11.7071
    endloop
  endfacet
  facet normal 0 -0.831419 0.555646
    outer loop
      vertex 30 -23.7071 11.7071
      vertex 14 -23.9239 11.3827
      vertex 30 -23.9239 11.3827
    endloop
  endfacet
  facet normal 0 -0.980797 0.195032
    outer loop
      vertex 14 -24 11
      vertex 30 -23.9239 11.3827
      vertex 14 -23.9239 11.3827
    endloop
  endfacet
  facet normal 0 -0.980797 0.195032
    outer loop
      vertex 30 -23.9239 11.3827
      vertex 14 -24 11
      vertex 30 -24 11
    endloop
  endfacet
  facet normal 0 -1 0
    outer loop
      vertex 14 -24 0
      vertex 30 -24 11
      vertex 14 -24 11
    endloop
  endfacet
  facet normal 0 -1 -0
    outer loop
      vertex 30 -24 11
      vertex 14 -24 0
      vertex 30 -24 0
    endloop
  endfacet
  facet normal -1 0 0
    outer loop
      vertex -35 11 0
      vertex -35 2 4.5
      vertex -35 11 4.5
    endloop
  endfacet
  facet normal -1 0 0
    outer loop
      vertex -35 2 4.5
      vertex -35 0.799988 12
      vertex -35 2 12
    endloop
  endfacet
  facet normal -1 0 0
    outer loop
      vertex -35 0 0
      vertex -35 2 4.5
      vertex -35 11 0
    endloop
  endfacet
  facet normal -1 0 0
    outer loop
      vertex -35 0 0
      vertex -35 0.799988 12
      vertex -35 2 4.5
    endloop
  endfacet
  facet normal -1 0 0
    outer loop
      vertex -35 0 14.5
      vertex -35 0.799988 12
      vertex -35 0 0
    endloop
  endfacet
  facet normal -1 0 0
    outer loop
      vertex -35 0.799988 12
      vertex -35 0 14.5
      vertex -35 0.799988 14.5
    endloop
  endfacet
  facet normal -1 0 0
    outer loop
      vertex -35 11 4.5
      vertex -35 14 3
      vertex -35 13.8978 2.22354
    endloop
  endfacet
  facet normal -1 0 0
    outer loop
      vertex -35 14 3
      vertex -35 11 4.5
      vertex -35 14 10.5
    endloop
  endfacet
  facet normal -1 0 0
    outer loop
      vertex -35 11 4.5
      vertex -35 13.8978 2.22354
      vertex -35 13.5981 1.5
    endloop
  endfacet
  facet normal -1 0 0
    outer loop
      vertex -35 11 11.4288
      vertex -35 14 10.5
      vertex -35 11 4.5
    endloop
  endfacet
  facet normal -1 0 0
    outer loop
      vertex -35 11 4.5
      vertex -35 13.5981 1.5
      vertex -35 13.1213 0.878677
    endloop
  endfacet
  facet normal -1 0 -0
    outer loop
      vertex -35 11.926 11.8858
      vertex -35 14 10.5
      vertex -35 11 11.4288
    endloop
  endfacet
  facet normal -1 0 0
    outer loop
      vertex -35 11 4.5
      vertex -35 13.1213 0.878677
      vertex -35 12.5 0.401917
    endloop
  endfacet
  facet normal -1 0 0
    outer loop
      vertex -35 14 10.5
      vertex -35 11.926 11.8858
      vertex -35 13.8858 11.074
    endloop
  endfacet
  facet normal -1 0 0
    outer loop
      vertex -35 13.8858 11.074
      vertex -35 11.926 11.8858
      vertex -35 13.5607 11.5607
    endloop
  endfacet
  facet normal -1 0 0
    outer loop
      vertex -35 11 4.5
      vertex -35 12.5 0.401917
      vertex -35 11.7764 0.102219
    endloop
  endfacet
  facet normal -1 0 0
    outer loop
      vertex -35 11 4.5
      vertex -35 11.7764 0.102219
      vertex -35 11 0
    endloop
  endfacet
  facet normal -1 0 0
    outer loop
      vertex -35 13.5607 11.5607
      vertex -35 11.926 11.8858
      vertex -35 13.074 11.8858
    endloop
  endfacet
  facet normal -1 0 0
    outer loop
      vertex -35 13.074 11.8858
      vertex -35 11.926 11.8858
      vertex -35 12.5 12
    endloop
  endfacet
  facet normal 1 0 0
    outer loop
      vertex 35 0.799988 14.5
      vertex 35 0 14.5
      vertex 35 0.799988 12
    endloop
  endfacet
  facet normal 1 -0 0
    outer loop
      vertex 35 0.799988 12
      vertex 35 2 6.98706
      vertex 35 2 12
    endloop
  endfacet
  facet normal 1 0 0
    outer loop
      vertex 35 0 6
      vertex 35 0.799988 12
      vertex 35 0 14.5
    endloop
  endfacet
  facet normal 1 0 0
    outer loop
      vertex 35 0.799988 12
      vertex 35 0 6
      vertex 35 2 6.98706
    endloop
  endfacet
  facet normal -0 0 1
    outer loop
      vertex -35 2 12
      vertex 35 0.799988 12
      vertex 35 2 12
    endloop
  endfacet
  facet normal 0 0 1
    outer loop
      vertex 35 0.799988 12
      vertex -35 2 12
      vertex -35 0.799988 12
    endloop
  endfacet
  facet normal 0 1 -0
    outer loop
      vertex 35 0.799988 12
      vertex -35 0.799988 14.5
      vertex 35 0.799988 14.5
    endloop
  endfacet
  facet normal 0 1 0
    outer loop
      vertex -35 0.799988 14.5
      vertex 35 0.799988 12
      vertex -35 0.799988 12
    endloop
  endfacet
  facet normal -0 0 1
    outer loop
      vertex -35 0.799988 14.5
      vertex 35 0 14.5
      vertex 35 0.799988 14.5
    endloop
  endfacet
  facet normal 0 0 1
    outer loop
      vertex 35 0 14.5
      vertex -35 0.799988 14.5
      vertex -35 0 14.5
    endloop
  endfacet
  facet normal 0 -1 0
    outer loop
      vertex -14 0 0
      vertex 14 0 2
      vertex -14 0 2
    endloop
  endfacet
  facet normal 0 -1 -0
    outer loop
      vertex 14 0 2
      vertex -14 0 0
      vertex 14 0 0
    endloop
  endfacet
  facet normal 0 -1 0
    outer loop
      vertex 14 0 2
      vertex 35 0 14.5
      vertex -35 0 14.5
    endloop
  endfacet
  facet normal 0 -1 0
    outer loop
      vertex 14 0 2
      vertex -35 0 14.5
      vertex -14 0 2
    endloop
  endfacet
  facet normal 0 -1 0
    outer loop
      vertex -14 0 2
      vertex -35 0 14.5
      vertex -30 0 2
    endloop
  endfacet
  facet normal 0 -1 0
    outer loop
      vertex -35 0 0
      vertex -30 0 2
      vertex -35 0 14.5
    endloop
  endfacet
  facet normal 0 -1 -0
    outer loop
      vertex -30 0 2
      vertex -35 0 0
      vertex -30 0 0
    endloop
  endfacet
  facet normal 0 -1 0
    outer loop
      vertex 30 0 2
      vertex 35 0 14.5
      vertex 14 0 2
    endloop
  endfacet
  facet normal 0 -1 -0
    outer loop
      vertex 35 0 14.5
      vertex 30 0 2
      vertex 35 0 6
    endloop
  endfacet
  facet normal 0 -1 0
    outer loop
      vertex 35.01 0 0
      vertex 35 0 6
      vertex 30 0 2
    endloop
  endfacet
  facet normal 0 -1 0
    outer loop
      vertex 35.01 0 0
      vertex 30 0 2
      vertex 30 0 0
    endloop
  endfacet
  facet normal 0 -1 0
    outer loop
      vertex 35 0 6
      vertex 35.01 0 0
      vertex 35.01 0 6
    endloop
  endfacet
  facet normal 0 0.793327 -0.608795
    outer loop
      vertex -6.04216 13.1213 0.878677
      vertex -35 13.5981 1.5
      vertex -5.96173 13.5981 1.5
    endloop
  endfacet
  facet normal 0 0.793327 -0.608795
    outer loop
      vertex -35 13.5981 1.5
      vertex -6.04216 13.1213 0.878677
      vertex -35 13.1213 0.878677
    endloop
  endfacet
  facet normal 0 0.793327 -0.608795
    outer loop
      vertex 6.04216 13.1213 0.878677
      vertex 35.01 13.5981 1.5
      vertex 35.01 13.1213 0.878677
    endloop
  endfacet
  facet normal 0 0.793327 -0.608795
    outer loop
      vertex 35.01 13.5981 1.5
      vertex 6.04216 13.1213 0.878677
      vertex 5.96173 13.5981 1.5
    endloop
  endfacet
  facet normal 0 0.130531 -0.991444
    outer loop
      vertex 6.4 11 0
      vertex 35.01 11.7764 0.102219
      vertex 35.01 11 0
    endloop
  endfacet
  facet normal 0 0.130531 -0.991444
    outer loop
      vertex 35.01 11.7764 0.102219
      vertex 6.4 11 0
      vertex 6.26902 11.7764 0.102219
    endloop
  endfacet
  facet normal 0 0.130531 -0.991444
    outer loop
      vertex -35 11.7764 0.102219
      vertex -6.4 11 0
      vertex -35 11 0
    endloop
  endfacet
  facet normal 0 0.130531 -0.991444
    outer loop
      vertex -6.4 11 0
      vertex -35 11.7764 0.102219
      vertex -6.26902 11.7764 0.102219
    endloop
  endfacet
  facet normal 0 0.382654 -0.923892
    outer loop
      vertex -35 12.5 0.401917
      vertex -6.26902 11.7764 0.102219
      vertex -35 11.7764 0.102219
    endloop
  endfacet
  facet normal 0 0.382654 -0.923892
    outer loop
      vertex -6.26902 11.7764 0.102219
      vertex -35 12.5 0.401917
      vertex -6.14697 12.5 0.401917
    endloop
  endfacet
  facet normal 0 0.382654 -0.923892
    outer loop
      vertex 6.26902 11.7764 0.102219
      vertex 35.01 12.5 0.401917
      vertex 35.01 11.7764 0.102219
    endloop
  endfacet
  facet normal 0 0.382654 -0.923892
    outer loop
      vertex 35.01 12.5 0.401917
      vertex 6.26902 11.7764 0.102219
      vertex 6.14697 12.5 0.401917
    endloop
  endfacet
  facet normal 0 0.608777 -0.793341
    outer loop
      vertex -35 13.1213 0.878677
      vertex -6.14697 12.5 0.401917
      vertex -35 12.5 0.401917
    endloop
  endfacet
  facet normal 0 0.608777 -0.793341
    outer loop
      vertex -6.14697 12.5 0.401917
      vertex -35 13.1213 0.878677
      vertex -6.04216 13.1213 0.878677
    endloop
  endfacet
  facet normal 0 0.608777 -0.793341
    outer loop
      vertex 6.14697 12.5 0.401917
      vertex 35.01 13.1213 0.878677
      vertex 35.01 12.5 0.401917
    endloop
  endfacet
  facet normal 0 0.608777 -0.793341
    outer loop
      vertex 35.01 13.1213 0.878677
      vertex 6.14697 12.5 0.401917
      vertex 6.04216 13.1213 0.878677
    endloop
  endfacet
  facet normal 0 -0.442559 0.896739
    outer loop
      vertex -35 11.926 11.8858
      vertex -34.99 11 11.4288
      vertex -34.99 11.926 11.8858
    endloop
  endfacet
  facet normal 0 -0.442559 0.896739
    outer loop
      vertex -34.99 11 11.4288
      vertex -35 11.926 11.8858
      vertex -35 11 11.4288
    endloop
  endfacet
  facet normal 0 1 0
    outer loop
      vertex -21.5819 14 4.8421
      vertex -21.7088 14 4.59075
      vertex -21.7008 14 4.66738
    endloop
  endfacet
  facet normal 0 1 -0
    outer loop
      vertex -20.6062 14 4.31101
      vertex -20.9297 14 5.05257
      vertex -20.5047 14 4.3934
    endloop
  endfacet
  facet normal 0 1 -0
    outer loop
      vertex -20.7348 14 4.25394
      vertex -20.9297 14 5.05257
      vertex -20.6062 14 4.31101
    endloop
  endfacet
  facet normal 0 1 0
    outer loop
      vertex -21.1511 14 5.00486
      vertex -20.8928 14 4.2197
      vertex -21.0802 14 4.20829
    endloop
  endfacet
  facet normal 0 1 -0
    outer loop
      vertex -20.8928 14 4.2197
      vertex -20.9297 14 5.05257
      vertex -20.7348 14 4.25394
    endloop
  endfacet
  facet normal 0 1 0
    outer loop
      vertex -20.9297 14 5.05257
      vertex -20.8928 14 4.2197
      vertex -21.1511 14 5.00486
    endloop
  endfacet
  facet normal 0 1 0
    outer loop
      vertex -21.1511 14 5.00486
      vertex -21.4295 14 4.25078
      vertex -21.7088 14 4.59075
    endloop
  endfacet
  facet normal -0 1 0
    outer loop
      vertex -21.4295 14 4.25078
      vertex -21.1511 14 5.00486
      vertex -21.0802 14 4.20829
    endloop
  endfacet
  facet normal 0 1 0
    outer loop
      vertex -21.7088 14 4.59075
      vertex -21.4295 14 4.25078
      vertex -21.639 14 4.37827
    endloop
  endfacet
  facet normal 0 1 0
    outer loop
      vertex -17.7727 14 5.90619
      vertex -17.8383 14 5.85974
      vertex -17.8032 14 6.06974
    endloop
  endfacet
  facet normal 0 1 0
    outer loop
      vertex -17.7463 14 5.77089
      vertex -17.8383 14 5.85974
      vertex -17.7727 14 5.90619
    endloop
  endfacet
  facet normal 0 1 0
    outer loop
      vertex -17.8783 14 5.65561
      vertex -17.7463 14 5.77089
      vertex -17.7239 14 5.66387
    endloop
  endfacet
  facet normal 0 1 0
    outer loop
      vertex -17.7463 14 5.77089
      vertex -17.8783 14 5.65561
      vertex -17.8383 14 5.85974
    endloop
  endfacet
  facet normal 0 1 0
    outer loop
      vertex -17.7239 14 5.66387
      vertex -17.9233 14 5.45737
      vertex -17.8783 14 5.65561
    endloop
  endfacet
  facet normal 0 1 0
    outer loop
      vertex -17.6622 14 5.39476
      vertex -17.9233 14 5.45737
      vertex -17.7239 14 5.66387
    endloop
  endfacet
  facet normal 0 1 0
    outer loop
      vertex -17.5177 14 4.77329
      vertex -17.9233 14 5.45737
      vertex -17.6622 14 5.39476
    endloop
  endfacet
  facet normal 0 1 0
    outer loop
      vertex -18.3118 14 3.79938
      vertex -17.5177 14 4.77329
      vertex -17.2906 14 3.79938
    endloop
  endfacet
  facet normal 0 1 0
    outer loop
      vertex -17.5177 14 4.77329
      vertex -18.3118 14 3.79938
      vertex -17.9233 14 5.45737
    endloop
  endfacet
  facet normal 0 1 -0
    outer loop
      vertex -23.2693 14 3.79938
      vertex -24.5185 14 5.02816
      vertex -23.2693 14 5.02816
    endloop
  endfacet
  facet normal 0 1 0
    outer loop
      vertex -24.5185 14 5.02816
      vertex -23.2693 14 3.79938
      vertex -24.5185 14 3.79938
    endloop
  endfacet
  facet normal 0 1 -0
    outer loop
      vertex -20.8465 14 5.60137
      vertex -21.0599 14 6.28334
      vertex -20.757 14 6.24536
    endloop
  endfacet
  facet normal 0 1 -0
    outer loop
      vertex -21.0004 14 5.55966
      vertex -21.0599 14 6.28334
      vertex -20.8465 14 5.60137
    endloop
  endfacet
  facet normal 0 1 -0
    outer loop
      vertex -21.2063 14 5.5123
      vertex -21.2175 14 6.27294
      vertex -21.0004 14 5.55966
    endloop
  endfacet
  facet normal 0 1 0
    outer loop
      vertex -20.5147 14 5.94158
      vertex -20.757 14 6.24536
      vertex -20.5753 14 6.13144
    endloop
  endfacet
  facet normal 0 1 0
    outer loop
      vertex -21.0599 14 6.28334
      vertex -21.0004 14 5.55966
      vertex -21.2175 14 6.27294
    endloop
  endfacet
  facet normal 0 1 0
    outer loop
      vertex -21.3488 14 6.24173
      vertex -21.2063 14 5.5123
      vertex -21.4535 14 6.18973
    endloop
  endfacet
  facet normal 0 1 0
    outer loop
      vertex -20.757 14 6.24536
      vertex -20.5147 14 5.94158
      vertex -20.6748 14 5.67302
    endloop
  endfacet
  facet normal 0 1 0
    outer loop
      vertex -21.2175 14 6.27294
      vertex -21.2063 14 5.5123
      vertex -21.3488 14 6.24173
    endloop
  endfacet
  facet normal 0 1 0
    outer loop
      vertex -20.6175 14 5.71337
      vertex -20.5147 14 5.94158
      vertex -20.5211 14 5.87149
    endloop
  endfacet
  facet normal 0 1 -0
    outer loop
      vertex -23.2693 14 5.52452
      vertex -24.5185 14 6.6658
      vertex -23.2693 14 6.6658
    endloop
  endfacet
  facet normal 0 1 0
    outer loop
      vertex -24.5185 14 6.6658
      vertex -23.2693 14 5.52452
      vertex -24.5185 14 5.52452
    endloop
  endfacet
  facet normal 0 1 -0
    outer loop
      vertex -21.6647 14 6.63439
      vertex -22.6692 14 6.6658
      vertex -21.3979 14 6.68999
    endloop
  endfacet
  facet normal 0 1 -0
    outer loop
      vertex -21.8726 14 6.54169
      vertex -22.6692 14 6.6658
      vertex -21.6647 14 6.63439
    endloop
  endfacet
  facet normal 0 1 -0
    outer loop
      vertex -22.0298 14 6.40631
      vertex -22.6692 14 6.6658
      vertex -21.8726 14 6.54169
    endloop
  endfacet
  facet normal 0 1 -0
    outer loop
      vertex -22.1448 14 6.22254
      vertex -22.6692 14 6.6658
      vertex -22.0298 14 6.40631
    endloop
  endfacet
  facet normal 0 1 -0
    outer loop
      vertex -22.2174 14 5.99039
      vertex -22.6692 14 6.6658
      vertex -22.1448 14 6.22254
    endloop
  endfacet
  facet normal 0 1 0
    outer loop
      vertex -20.5726 14 5.75846
      vertex -20.5211 14 5.87149
      vertex -20.5404 14 5.81046
    endloop
  endfacet
  facet normal 0 1 0
    outer loop
      vertex -20.5211 14 5.87149
      vertex -20.5726 14 5.75846
      vertex -20.6175 14 5.71337
    endloop
  endfacet
  facet normal 0 1 0
    outer loop
      vertex -21.4535 14 6.18973
      vertex -21.2063 14 5.5123
      vertex -21.5348 14 6.11719
    endloop
  endfacet
  facet normal 0 1 0
    outer loop
      vertex -20.5147 14 5.94158
      vertex -20.6175 14 5.71337
      vertex -20.6748 14 5.67302
    endloop
  endfacet
  facet normal 0 1 0
    outer loop
      vertex -20.757 14 6.24536
      vertex -20.6748 14 5.67302
      vertex -20.7445 14 5.63741
    endloop
  endfacet
  facet normal 0 1 0
    outer loop
      vertex -20.757 14 6.24536
      vertex -20.7445 14 5.63741
      vertex -20.8465 14 5.60137
    endloop
  endfacet
  facet normal 0 1 0
    outer loop
      vertex -21.5348 14 6.11719
      vertex -21.2063 14 5.5123
      vertex -21.5955 14 6.02428
    endloop
  endfacet
  facet normal 0 1 0
    outer loop
      vertex -21.5955 14 6.02428
      vertex -21.2063 14 5.5123
      vertex -21.6356 14 5.91104
    endloop
  endfacet
  facet normal 0 1 -0
    outer loop
      vertex -21.4556 14 5.45546
      vertex -21.6356 14 5.91104
      vertex -21.2063 14 5.5123
    endloop
  endfacet
  facet normal 0 1 0
    outer loop
      vertex -21.6526 14 5.40155
      vertex -21.6356 14 5.91104
      vertex -21.4556 14 5.45546
    endloop
  endfacet
  facet normal 0 1 0
    outer loop
      vertex -21.7973 14 5.35057
      vertex -21.6356 14 5.91104
      vertex -21.6526 14 5.40155
    endloop
  endfacet
  facet normal 0 1 0
    outer loop
      vertex -21.6356 14 5.91104
      vertex -21.7973 14 5.35057
      vertex -22.2174 14 5.99039
    endloop
  endfacet
  facet normal 0 1 -0
    outer loop
      vertex -21.9077 14 5.29836
      vertex -22.2174 14 5.99039
      vertex -21.7973 14 5.35057
    endloop
  endfacet
  facet normal 0 1 -0
    outer loop
      vertex -22.0017 14 5.24073
      vertex -22.2174 14 5.99039
      vertex -21.9077 14 5.29836
    endloop
  endfacet
  facet normal 0 1 -0
    outer loop
      vertex -22.0791 14 5.17768
      vertex -22.2174 14 5.99039
      vertex -22.0017 14 5.24073
    endloop
  endfacet
  facet normal 0 1 -0
    outer loop
      vertex -22.1428 14 5.10759
      vertex -22.2174 14 5.99039
      vertex -22.0791 14 5.17768
    endloop
  endfacet
  facet normal 0 1 -0
    outer loop
      vertex -22.1957 14 5.02892
      vertex -22.2174 14 5.99039
      vertex -22.1428 14 5.10759
    endloop
  endfacet
  facet normal 0 1 0
    outer loop
      vertex -22.2378 14 4.94167
      vertex -22.2174 14 5.99039
      vertex -22.1957 14 5.02892
    endloop
  endfacet
  facet normal 0 1 0
    outer loop
      vertex -22.2174 14 5.99039
      vertex -22.2378 14 4.94167
      vertex -22.6692 14 6.6658
    endloop
  endfacet
  facet normal 0 1 -0
    outer loop
      vertex -22.2683 14 4.84549
      vertex -22.6692 14 6.6658
      vertex -22.2378 14 4.94167
    endloop
  endfacet
  facet normal 0 1 -0
    outer loop
      vertex -22.2866 14 4.74005
      vertex -22.6692 14 6.6658
      vertex -22.2683 14 4.84549
    endloop
  endfacet
  facet normal 0 1 0
    outer loop
      vertex -22.6692 14 3.79938
      vertex -22.2866 14 4.74005
      vertex -22.2927 14 4.62534
    endloop
  endfacet
  facet normal 0 1 0
    outer loop
      vertex -22.6692 14 3.79938
      vertex -22.2927 14 4.62534
      vertex -22.258 14 4.36664
    endloop
  endfacet
  facet normal 0 1 0
    outer loop
      vertex -22.2866 14 4.74005
      vertex -22.6692 14 3.79938
      vertex -22.6692 14 6.6658
    endloop
  endfacet
  facet normal 0 1 0
    outer loop
      vertex -22.1539 14 4.15201
      vertex -22.6692 14 3.79938
      vertex -22.258 14 4.36664
    endloop
  endfacet
  facet normal 0 1 0
    outer loop
      vertex -21.9804 14 3.98145
      vertex -22.6692 14 3.79938
      vertex -22.1539 14 4.15201
    endloop
  endfacet
  facet normal 0 1 0
    outer loop
      vertex -21.7398 14 3.8577
      vertex -22.6692 14 3.79938
      vertex -21.9804 14 3.98145
    endloop
  endfacet
  facet normal 0 1 0
    outer loop
      vertex -21.0639 14 3.7587
      vertex -23.2693 14 3.79938
      vertex -22.6692 14 3.79938
    endloop
  endfacet
  facet normal 0 1 0
    outer loop
      vertex -23.2693 14 3.79938
      vertex -21.0639 14 3.7587
      vertex -24.5185 14 3.79938
    endloop
  endfacet
  facet normal 0 1 0
    outer loop
      vertex -21.0639 14 3.7587
      vertex -22.6692 14 3.79938
      vertex -21.4343 14 3.78345
    endloop
  endfacet
  facet normal 0 1 0
    outer loop
      vertex -21.4343 14 3.78345
      vertex -22.6692 14 3.79938
      vertex -21.7398 14 3.8577
    endloop
  endfacet
  facet normal 0 1 -0
    outer loop
      vertex -18.5071 14 5.14002
      vertex -19.1561 14 6.6658
      vertex -18.145 14 6.6658
    endloop
  endfacet
  facet normal 0 1 0
    outer loop
      vertex -18.5071 14 5.14002
      vertex -18.8102 14 5.07088
      vertex -19.1561 14 6.6658
    endloop
  endfacet
  facet normal 0 1 -0
    outer loop
      vertex -18.5422 14 4.97818
      vertex -18.8102 14 5.07088
      vertex -18.5071 14 5.14002
    endloop
  endfacet
  facet normal 0 1 -0
    outer loop
      vertex -18.5903 14 4.72051
      vertex -18.8102 14 5.07088
      vertex -18.5422 14 4.97818
    endloop
  endfacet
  facet normal 0 1 0
    outer loop
      vertex -18.5903 14 4.72051
      vertex -18.7024 14 4.60297
      vertex -18.8102 14 5.07088
    endloop
  endfacet
  facet normal -0 1 0
    outer loop
      vertex -18.7024 14 4.60297
      vertex -18.5903 14 4.72051
      vertex -18.6516 14 4.36698
    endloop
  endfacet
  facet normal 0 1 0
    outer loop
      vertex -16.4483 14 6.6658
      vertex -17.2722 14 5.80312
      vertex -17.4737 14 6.6658
    endloop
  endfacet
  facet normal 0 1 0
    outer loop
      vertex -16.4483 14 6.6658
      vertex -17.1369 14 5.21688
      vertex -17.2722 14 5.80312
    endloop
  endfacet
  facet normal 0 1 -0
    outer loop
      vertex -16.8633 14 4.81452
      vertex -17.1369 14 5.21688
      vertex -16.4483 14 6.6658
    endloop
  endfacet
  facet normal 0 1 0
    outer loop
      vertex -17.1369 14 5.21688
      vertex -16.8633 14 4.81452
      vertex -17.0678 14 4.90711
    endloop
  endfacet
  facet normal 0 1 0
    outer loop
      vertex -16.8633 14 4.81452
      vertex -17.0315 14 4.73271
      vertex -17.0678 14 4.90711
    endloop
  endfacet
  facet normal 0 1 0
    outer loop
      vertex -16.8633 14 4.81452
      vertex -16.9946 14 4.55268
      vertex -17.0315 14 4.73271
    endloop
  endfacet
  facet normal -0 1 0
    outer loop
      vertex -16.9946 14 4.55268
      vertex -16.8633 14 4.81452
      vertex -16.9569 14 4.36698
    endloop
  endfacet
  facet normal 0 1 0
    outer loop
      vertex -34.99 14 10.5
      vertex -20.73 14 6.68558
      vertex -21.0721 14 6.70853
    endloop
  endfacet
  facet normal 0 1 0
    outer loop
      vertex -16.4483 14 6.6658
      vertex -14.2883 14 6.70853
      vertex -15.8401 14 6.6658
    endloop
  endfacet
  facet normal 0 1 -0
    outer loop
      vertex -14.7095 14 6.66513
      vertex -15.8401 14 6.6658
      vertex -14.2883 14 6.70853
    endloop
  endfacet
  facet normal 0 1 -0
    outer loop
      vertex -15.0645 14 6.53493
      vertex -15.8401 14 6.6658
      vertex -14.7095 14 6.66513
    endloop
  endfacet
  facet normal 0 1 -0
    outer loop
      vertex -15.3533 14 6.31792
      vertex -15.8401 14 6.6658
      vertex -15.0645 14 6.53493
    endloop
  endfacet
  facet normal 0 1 -0
    outer loop
      vertex -15.5663 14 6.02521
      vertex -15.8401 14 6.6658
      vertex -15.3533 14 6.31792
    endloop
  endfacet
  facet normal 0 1 -0
    outer loop
      vertex -15.6942 14 5.66783
      vertex -15.8401 14 6.6658
      vertex -15.5663 14 6.02521
    endloop
  endfacet
  facet normal 0 1 0
    outer loop
      vertex -16.5786 14 3.79938
      vertex -15.6942 14 5.66783
      vertex -15.7368 14 5.24582
    endloop
  endfacet
  facet normal 0 1 0
    outer loop
      vertex -16.5786 14 3.79938
      vertex -15.7368 14 5.24582
      vertex -15.7171 14 4.95943
    endloop
  endfacet
  facet normal 0 1 0
    outer loop
      vertex -15.6942 14 5.66783
      vertex -16.5786 14 3.79938
      vertex -15.8401 14 6.6658
    endloop
  endfacet
  facet normal 0 1 0
    outer loop
      vertex -15.6581 14 4.69699
      vertex -16.5786 14 3.79938
      vertex -15.7171 14 4.95943
    endloop
  endfacet
  facet normal 0 1 0
    outer loop
      vertex -15.5598 14 4.45851
      vertex -16.5786 14 3.79938
      vertex -15.6581 14 4.69699
    endloop
  endfacet
  facet normal 0 1 0
    outer loop
      vertex -15.4248 14 4.24977
      vertex -16.5786 14 3.79938
      vertex -15.5598 14 4.45851
    endloop
  endfacet
  facet normal 0 1 0
    outer loop
      vertex -15.256 14 4.07651
      vertex -16.5786 14 3.79938
      vertex -15.4248 14 4.24977
    endloop
  endfacet
  facet normal 0 1 0
    outer loop
      vertex -15.0532 14 3.93874
      vertex -16.5786 14 3.79938
      vertex -15.256 14 4.07651
    endloop
  endfacet
  facet normal 0 1 0
    outer loop
      vertex -14.8213 14 3.83872
      vertex -16.5786 14 3.79938
      vertex -15.0532 14 3.93874
    endloop
  endfacet
  facet normal 0 0 0
    outer loop
      vertex -16.5786 14 3.79938
      vertex -18.3118 14 3.79938
      vertex -17.2906 14 3.79938
    endloop
  endfacet
  facet normal 0 1 0
    outer loop
      vertex -21.0639 14 3.7587
      vertex -18.3118 14 3.79938
      vertex -16.5786 14 3.79938
    endloop
  endfacet
  facet normal 0 1 0
    outer loop
      vertex -18.3118 14 3.79938
      vertex -21.0639 14 3.7587
      vertex -19.0238 14 3.79938
    endloop
  endfacet
  facet normal 0 1 0
    outer loop
      vertex -14.565 14 3.7787
      vertex -16.5786 14 3.79938
      vertex -14.8213 14 3.83872
    endloop
  endfacet
  facet normal 0 1 0
    outer loop
      vertex -14.2842 14 3.7587
      vertex -16.5786 14 3.79938
      vertex -14.565 14 3.7787
    endloop
  endfacet
  facet normal 0 1 0
    outer loop
      vertex -5.89393 14 3
      vertex -16.5786 14 3.79938
      vertex -14.2842 14 3.7587
    endloop
  endfacet
  facet normal 0 1 0
    outer loop
      vertex -19.0238 14 3.79938
      vertex -21.0639 14 3.7587
      vertex -20.7229 14 3.7804
    endloop
  endfacet
  facet normal 0 1 0
    outer loop
      vertex -3.57731 14 7.80748
      vertex -13.8672 14 6.66558
      vertex -14.2883 14 6.70853
    endloop
  endfacet
  facet normal 0 1 0
    outer loop
      vertex -5.84952 14 7.0625
      vertex -13.5125 14 6.53673
      vertex -13.8672 14 6.66558
    endloop
  endfacet
  facet normal 0 1 0
    outer loop
      vertex -5.84952 14 7.0625
      vertex -13.2243 14 6.32198
      vertex -13.5125 14 6.53673
    endloop
  endfacet
  facet normal 0 1 0
    outer loop
      vertex -5.89393 14 7.00235
      vertex -13.0119 14 6.03061
      vertex -13.2243 14 6.32198
    endloop
  endfacet
  facet normal 0 1 0
    outer loop
      vertex -5.89393 14 7.00235
      vertex -12.8844 14 5.67189
      vertex -13.0119 14 6.03061
    endloop
  endfacet
  facet normal 0 1 0
    outer loop
      vertex -5.89393 14 7.00235
      vertex -12.8419 14 5.24582
      vertex -12.8844 14 5.67189
    endloop
  endfacet
  facet normal 0 1 -0
    outer loop
      vertex -5.89393 14 3
      vertex -12.8419 14 5.24582
      vertex -5.89393 14 7.00235
    endloop
  endfacet
  facet normal 0 1 0
    outer loop
      vertex -12.8419 14 5.24582
      vertex -5.89393 14 3
      vertex -12.8845 14 4.81736
    endloop
  endfacet
  facet normal 0 1 0
    outer loop
      vertex -12.8845 14 4.81736
      vertex -5.89393 14 3
      vertex -13.0123 14 4.45423
    endloop
  endfacet
  facet normal 0 1 0
    outer loop
      vertex -13.0123 14 4.45423
      vertex -5.89393 14 3
      vertex -13.2254 14 4.15641
    endloop
  endfacet
  facet normal 0 1 0
    outer loop
      vertex -16.5786 14 3.79938
      vertex -5.89393 14 3
      vertex -21.0639 14 3.7587
    endloop
  endfacet
  facet normal 0 1 0
    outer loop
      vertex -13.8664 14 3.80289
      vertex -5.89393 14 3
      vertex -14.2842 14 3.7587
    endloop
  endfacet
  facet normal 0 1 0
    outer loop
      vertex -13.5135 14 3.93546
      vertex -5.89393 14 3
      vertex -13.8664 14 3.80289
    endloop
  endfacet
  facet normal 0 1 0
    outer loop
      vertex -13.2254 14 4.15641
      vertex -5.89393 14 3
      vertex -13.5135 14 3.93546
    endloop
  endfacet
  facet normal 0 1 -0
    outer loop
      vertex -14.2883 14 6.70853
      vertex -34.99 14 10.5
      vertex -3.57731 14 7.80748
    endloop
  endfacet
  facet normal 0 1 0
    outer loop
      vertex -5.33333 14 7.16667
      vertex -3.57731 14 7.80748
      vertex -3.57731 14 7.16667
    endloop
  endfacet
  facet normal 0 1 0
    outer loop
      vertex -5.49906 14 7.16031
      vertex -3.57731 14 7.80748
      vertex -5.33333 14 7.16667
    endloop
  endfacet
  facet normal 0 1 0
    outer loop
      vertex -5.64416 14 7.1411
      vertex -3.57731 14 7.80748
      vertex -5.49906 14 7.16031
    endloop
  endfacet
  facet normal 0 1 0
    outer loop
      vertex -13.8672 14 6.66558
      vertex -3.57731 14 7.80748
      vertex -5.64416 14 7.1411
    endloop
  endfacet
  facet normal 0 1 0
    outer loop
      vertex -13.8672 14 6.66558
      vertex -5.64416 14 7.1411
      vertex -5.7633 14 7.10865
    endloop
  endfacet
  facet normal 0 1 0
    outer loop
      vertex -13.8672 14 6.66558
      vertex -5.7633 14 7.10865
      vertex -5.84952 14 7.0625
    endloop
  endfacet
  facet normal 0 1 0
    outer loop
      vertex -13.2243 14 6.32198
      vertex -5.84952 14 7.0625
      vertex -5.89393 14 7.00235
    endloop
  endfacet
  facet normal 0 1 -0
    outer loop
      vertex -16.4483 14 6.6658
      vertex -34.99 14 10.5
      vertex -14.2883 14 6.70853
    endloop
  endfacet
  facet normal 0 1 -0
    outer loop
      vertex -21.3979 14 6.68999
      vertex -34.99 14 10.5
      vertex -21.0721 14 6.70853
    endloop
  endfacet
  facet normal 0 1 -0
    outer loop
      vertex -22.6692 14 6.6658
      vertex -34.99 14 10.5
      vertex -21.3979 14 6.68999
    endloop
  endfacet
  facet normal 0 1 -0
    outer loop
      vertex -23.2693 14 6.6658
      vertex -34.99 14 10.5
      vertex -22.6692 14 6.6658
    endloop
  endfacet
  facet normal 0 1 -0
    outer loop
      vertex -24.5185 14 6.6658
      vertex -34.99 14 10.5
      vertex -23.2693 14 6.6658
    endloop
  endfacet
  facet normal 0 1 -0
    outer loop
      vertex -25.1186 14 6.6658
      vertex -34.99 14 10.5
      vertex -24.5185 14 6.6658
    endloop
  endfacet
  facet normal 0 1 0
    outer loop
      vertex -35 14 3
      vertex -34.99 14 10.5
      vertex -25.1186 14 6.6658
    endloop
  endfacet
  facet normal 0 1 0
    outer loop
      vertex -35 14 3
      vertex -25.1186 14 6.6658
      vertex -25.1186 14 3.79938
    endloop
  endfacet
  facet normal 0 1 0
    outer loop
      vertex -35 14 3
      vertex -24.5185 14 3.79938
      vertex -21.0639 14 3.7587
    endloop
  endfacet
  facet normal 0 1 0
    outer loop
      vertex -35 14 3
      vertex -21.0639 14 3.7587
      vertex -5.89393 14 3
    endloop
  endfacet
  facet normal 0 1 0
    outer loop
      vertex -34.99 14 10.5
      vertex -35 14 3
      vertex -35 14 10.5
    endloop
  endfacet
  facet normal 0 1 0
    outer loop
      vertex -24.5185 14 3.79938
      vertex -35 14 3
      vertex -25.1186 14 3.79938
    endloop
  endfacet
  facet normal 0 1 0
    outer loop
      vertex -34.99 14 10.5
      vertex -16.4483 14 6.6658
      vertex -17.4737 14 6.6658
    endloop
  endfacet
  facet normal 0 1 -0
    outer loop
      vertex -18.145 14 6.6658
      vertex -34.99 14 10.5
      vertex -17.4737 14 6.6658
    endloop
  endfacet
  facet normal 0 1 -0
    outer loop
      vertex -19.1561 14 6.6658
      vertex -34.99 14 10.5
      vertex -18.145 14 6.6658
    endloop
  endfacet
  facet normal 0 1 0
    outer loop
      vertex -34.99 14 10.5
      vertex -19.1561 14 6.6658
      vertex -20.73 14 6.68558
    endloop
  endfacet
  facet normal 0 1 -0
    outer loop
      vertex -19.7644 14 6.6658
      vertex -20.73 14 6.68558
      vertex -19.1561 14 6.6658
    endloop
  endfacet
  facet normal 0 1 0
    outer loop
      vertex -19.7644 14 6.6658
      vertex -20.4469 14 6.61675
      vertex -20.73 14 6.68558
    endloop
  endfacet
  facet normal 0 1 0
    outer loop
      vertex -19.7644 14 6.6658
      vertex -20.2227 14 6.50203
      vertex -20.4469 14 6.61675
    endloop
  endfacet
  facet normal 0 1 0
    outer loop
      vertex -19.7644 14 6.6658
      vertex -20.0606 14 6.34415
      vertex -20.2227 14 6.50203
    endloop
  endfacet
  facet normal 0 1 0
    outer loop
      vertex -19.7644 14 6.6658
      vertex -19.9632 14 6.1458
      vertex -20.0606 14 6.34415
    endloop
  endfacet
  facet normal 0 1 0
    outer loop
      vertex -19.7644 14 6.6658
      vertex -19.9308 14 5.90699
      vertex -19.9632 14 6.1458
    endloop
  endfacet
  facet normal 0 1 0
    outer loop
      vertex -19.7644 14 6.6658
      vertex -19.9352 14 5.80912
      vertex -19.9308 14 5.90699
    endloop
  endfacet
  facet normal 0 1 0
    outer loop
      vertex -19.0238 14 3.79938
      vertex -19.9352 14 5.80912
      vertex -19.7644 14 6.6658
    endloop
  endfacet
  facet normal 0 1 -0
    outer loop
      vertex -20.4281 14 4.5036
      vertex -20.9297 14 5.05257
      vertex -20.3763 14 4.6416
    endloop
  endfacet
  facet normal 0 1 -0
    outer loop
      vertex -20.5047 14 4.3934
      vertex -20.9297 14 5.05257
      vertex -20.4281 14 4.5036
    endloop
  endfacet
  facet normal 0 1 0
    outer loop
      vertex -20.3763 14 4.6416
      vertex -20.9297 14 5.05257
      vertex -20.7371 14 5.09947
    endloop
  endfacet
  facet normal 0 1 0
    outer loop
      vertex -21.1511 14 5.00486
      vertex -21.7088 14 4.59075
      vertex -21.3189 14 4.96213
    endloop
  endfacet
  facet normal 0 1 0
    outer loop
      vertex -20.3763 14 4.6416
      vertex -20.7371 14 5.09947
      vertex -20.5879 14 5.13982
    endloop
  endfacet
  facet normal 0 1 0
    outer loop
      vertex -21.7088 14 4.59075
      vertex -21.4332 14 4.92438
      vertex -21.3189 14 4.96213
    endloop
  endfacet
  facet normal 0 1 0
    outer loop
      vertex -21.7088 14 4.59075
      vertex -21.5141 14 4.88619
      vertex -21.4332 14 4.92438
    endloop
  endfacet
  facet normal 0 1 0
    outer loop
      vertex -20.3763 14 4.6416
      vertex -20.5879 14 5.13982
      vertex -20.4821 14 5.17359
    endloop
  endfacet
  facet normal 0 1 0
    outer loop
      vertex -21.7088 14 4.59075
      vertex -21.5819 14 4.8421
      vertex -21.5141 14 4.88619
    endloop
  endfacet
  facet normal 0 1 0
    outer loop
      vertex -21.5819 14 4.8421
      vertex -21.7008 14 4.66738
      vertex -21.6366 14 4.79215
    endloop
  endfacet
  facet normal 0 1 0
    outer loop
      vertex -20.3763 14 4.6416
      vertex -20.4821 14 5.17359
      vertex -20.4007 14 5.2059
    endloop
  endfacet
  facet normal 0 1 0
    outer loop
      vertex -21.6366 14 4.79215
      vertex -21.7008 14 4.66738
      vertex -21.6767 14 4.73452
    endloop
  endfacet
  facet normal 0 1 0
    outer loop
      vertex -20.3248 14 5.24184
      vertex -20.3763 14 4.6416
      vertex -20.4007 14 5.2059
    endloop
  endfacet
  facet normal 0 1 0
    outer loop
      vertex -20.2542 14 5.28139
      vertex -20.3763 14 4.6416
      vertex -20.3248 14 5.24184
    endloop
  endfacet
  facet normal 0 1 0
    outer loop
      vertex -19.7965 14 4.54599
      vertex -20.2542 14 5.28139
      vertex -20.1898 14 5.32559
    endloop
  endfacet
  facet normal 0 1 0
    outer loop
      vertex -19.7965 14 4.54599
      vertex -20.1898 14 5.32559
      vertex -20.1322 14 5.37545
    endloop
  endfacet
  facet normal 0 1 0
    outer loop
      vertex -19.7965 14 4.54599
      vertex -20.1322 14 5.37545
      vertex -20.0813 14 5.43094
    endloop
  endfacet
  facet normal 0 1 0
    outer loop
      vertex -19.7965 14 4.54599
      vertex -20.0813 14 5.43094
      vertex -20.0374 14 5.49266
    endloop
  endfacet
  facet normal 0 1 0
    outer loop
      vertex -19.7965 14 4.54599
      vertex -20.0374 14 5.49266
      vertex -20.0004 14 5.56114
    endloop
  endfacet
  facet normal 0 1 0
    outer loop
      vertex -20.2542 14 5.28139
      vertex -19.7965 14 4.54599
      vertex -20.3763 14 4.6416
    endloop
  endfacet
  facet normal 0 1 0
    outer loop
      vertex -19.9705 14 5.63642
      vertex -19.7965 14 4.54599
      vertex -20.0004 14 5.56114
    endloop
  endfacet
  facet normal 0 1 0
    outer loop
      vertex -19.9484 14 5.71892
      vertex -19.7965 14 4.54599
      vertex -19.9705 14 5.63642
    endloop
  endfacet
  facet normal 0 1 0
    outer loop
      vertex -19.9352 14 5.80912
      vertex -19.0238 14 3.79938
      vertex -19.9484 14 5.71892
    endloop
  endfacet
  facet normal 0 1 0
    outer loop
      vertex -19.9484 14 5.71892
      vertex -19.0238 14 3.79938
      vertex -19.7965 14 4.54599
    endloop
  endfacet
  facet normal 0 1 0
    outer loop
      vertex -19.0238 14 3.79938
      vertex -19.8811 14 4.30391
      vertex -19.7965 14 4.54599
    endloop
  endfacet
  facet normal 0 1 0
    outer loop
      vertex -19.0238 14 3.79938
      vertex -20.0154 14 4.10659
      vertex -19.8811 14 4.30391
    endloop
  endfacet
  facet normal 0 1 0
    outer loop
      vertex -19.0238 14 3.79938
      vertex -20.1993 14 3.954
      vertex -20.0154 14 4.10659
    endloop
  endfacet
  facet normal 0 1 0
    outer loop
      vertex -19.0238 14 3.79938
      vertex -20.4346 14 3.84551
      vertex -20.1993 14 3.954
    endloop
  endfacet
  facet normal 0 1 0
    outer loop
      vertex -20.4346 14 3.84551
      vertex -19.0238 14 3.79938
      vertex -20.7229 14 3.7804
    endloop
  endfacet
  facet normal 0 1 -0
    outer loop
      vertex 35.01 14 3
      vertex 35 14 10.5
      vertex 35.01 14 10.5
    endloop
  endfacet
  facet normal 0 1 0
    outer loop
      vertex 35 14 10.5
      vertex 5.7633 14 7.10865
      vertex 3.57731 14 7.80663
    endloop
  endfacet
  facet normal 0 1 0
    outer loop
      vertex 3.57731 14 7.80663
      vertex 5.49906 14 7.16031
      vertex 5.33333 14 7.16667
    endloop
  endfacet
  facet normal 0 1 0
    outer loop
      vertex 3.57731 14 7.80663
      vertex 5.64416 14 7.1411
      vertex 5.49906 14 7.16031
    endloop
  endfacet
  facet normal 0 1 0
    outer loop
      vertex 3.57731 14 7.80663
      vertex 5.7633 14 7.10865
      vertex 5.64416 14 7.1411
    endloop
  endfacet
  facet normal 0 1 0
    outer loop
      vertex 35 14 10.5
      vertex 5.84952 14 7.0625
      vertex 5.7633 14 7.10865
    endloop
  endfacet
  facet normal 0 1 0
    outer loop
      vertex 35 14 10.5
      vertex 5.89393 14 7.00235
      vertex 5.84952 14 7.0625
    endloop
  endfacet
  facet normal 0 1 0
    outer loop
      vertex 35 14 10.5
      vertex 35.01 14 3
      vertex 5.89393 14 7.00235
    endloop
  endfacet
  facet normal 0 1 0
    outer loop
      vertex 5.89393 14 7.00235
      vertex 35.01 14 3
      vertex 5.89393 14 3
    endloop
  endfacet
  facet normal 0 1 0
    outer loop
      vertex 3.57731 14 7.80663
      vertex 5.33333 14 7.16667
      vertex 3.57731 14 7.16667
    endloop
  endfacet
  facet normal 0 1 0
    outer loop
      vertex -13.5437 14 5.77791
      vertex -14.2883 14 6.23654
      vertex -14.0401 14 6.20749
    endloop
  endfacet
  facet normal 0 1 0
    outer loop
      vertex -13.6658 14 5.97512
      vertex -14.0401 14 6.20749
      vertex -13.8326 14 6.12035
    endloop
  endfacet
  facet normal 0 1 0
    outer loop
      vertex -13.4705 14 5.53481
      vertex -14.2883 14 6.23654
      vertex -13.5437 14 5.77791
    endloop
  endfacet
  facet normal 0 1 0
    outer loop
      vertex -14.0401 14 6.20749
      vertex -13.6658 14 5.97512
      vertex -13.5437 14 5.77791
    endloop
  endfacet
  facet normal 0 1 0
    outer loop
      vertex -14.2883 14 6.23654
      vertex -15.0268 14 5.7752
      vertex -14.5331 14 6.20726
    endloop
  endfacet
  facet normal -0 1 0
    outer loop
      vertex -14.9047 14 5.97307
      vertex -14.5331 14 6.20726
      vertex -15.0268 14 5.7752
    endloop
  endfacet
  facet normal 0 1 0
    outer loop
      vertex -14.5331 14 6.20726
      vertex -14.9047 14 5.97307
      vertex -14.7386 14 6.11945
    endloop
  endfacet
  facet normal 0 1 0
    outer loop
      vertex -14.2883 14 6.23654
      vertex -13.4705 14 5.53481
      vertex -15.0268 14 5.7752
    endloop
  endfacet
  facet normal 0 1 0
    outer loop
      vertex -13.4705 14 5.53481
      vertex -15.1 14 5.53276
      vertex -15.0268 14 5.7752
    endloop
  endfacet
  facet normal 0 1 0
    outer loop
      vertex -13.4461 14 5.24582
      vertex -15.1 14 5.53276
      vertex -13.4705 14 5.53481
    endloop
  endfacet
  facet normal 0 1 0
    outer loop
      vertex -13.4461 14 5.24582
      vertex -15.1245 14 5.24582
      vertex -15.1 14 5.53276
    endloop
  endfacet
  facet normal 0 1 -0
    outer loop
      vertex -13.4711 14 4.95343
      vertex -15.1245 14 5.24582
      vertex -13.4461 14 5.24582
    endloop
  endfacet
  facet normal 0 1 0
    outer loop
      vertex -13.4711 14 4.95343
      vertex -15.1001 14 4.94632
      vertex -15.1245 14 5.24582
    endloop
  endfacet
  facet normal 0 1 -0
    outer loop
      vertex -13.546 14 4.70558
      vertex -15.1001 14 4.94632
      vertex -13.4711 14 4.95343
    endloop
  endfacet
  facet normal 0 1 0
    outer loop
      vertex -13.546 14 4.70558
      vertex -15.0273 14 4.69609
      vertex -15.1001 14 4.94632
    endloop
  endfacet
  facet normal 0 1 0
    outer loop
      vertex -14.2842 14 4.23067
      vertex -13.546 14 4.70558
      vertex -13.6709 14 4.50225
    endloop
  endfacet
  facet normal 0 1 0
    outer loop
      vertex -13.546 14 4.70558
      vertex -14.2842 14 4.23067
      vertex -15.0273 14 4.69609
    endloop
  endfacet
  facet normal 0 1 0
    outer loop
      vertex -14.0434 14 4.26084
      vertex -13.6709 14 4.50225
      vertex -13.8389 14 4.35137
    endloop
  endfacet
  facet normal -0 1 -0
    outer loop
      vertex -14.5323 14 4.26004
      vertex -15.0273 14 4.69609
      vertex -14.2842 14 4.23067
    endloop
  endfacet
  facet normal 0 1 0
    outer loop
      vertex -13.6709 14 4.50225
      vertex -14.0434 14 4.26084
      vertex -14.2842 14 4.23067
    endloop
  endfacet
  facet normal 0 1 0
    outer loop
      vertex -15.0273 14 4.69609
      vertex -14.5323 14 4.26004
      vertex -14.9057 14 4.49514
    endloop
  endfacet
  facet normal 0 1 0
    outer loop
      vertex -14.9057 14 4.49514
      vertex -14.5323 14 4.26004
      vertex -14.7395 14 4.34821
    endloop
  endfacet
  facet normal 0.0837711 0.194424 0.977334
    outer loop
      vertex -34.99 13.074 11.8858
      vertex -3.635 12.5 9.31243
      vertex -3.61292 13.074 9.19635
    endloop
  endfacet
  facet normal 0.0837711 0.194444 0.97733
    outer loop
      vertex -3.635 12.5 9.31243
      vertex -34.99 13.074 11.8858
      vertex -34.99 12.5 12
    endloop
  endfacet
  facet normal 0 0.92388 -0.382683
    outer loop
      vertex -5.96173 13.5981 1.5
      vertex -35 13.8978 2.22354
      vertex -5.91118 13.8978 2.22354
    endloop
  endfacet
  facet normal 0 0.92388 -0.382683
    outer loop
      vertex -35 13.8978 2.22354
      vertex -5.96173 13.5981 1.5
      vertex -35 13.5981 1.5
    endloop
  endfacet
  facet normal 0 0.92388 -0.382683
    outer loop
      vertex 5.96173 13.5981 1.5
      vertex 35.01 13.8978 2.22354
      vertex 35.01 13.5981 1.5
    endloop
  endfacet
  facet normal 0 0.92388 -0.382683
    outer loop
      vertex 35.01 13.8978 2.22354
      vertex 5.96173 13.5981 1.5
      vertex 5.91118 13.8978 2.22354
    endloop
  endfacet
  facet normal 0 -0.19513 0.980777
    outer loop
      vertex -35 12.5 12
      vertex -34.99 11.926 11.8858
      vertex -34.99 12.5 12
    endloop
  endfacet
  facet normal 0 -0.19513 0.980777
    outer loop
      vertex -34.99 11.926 11.8858
      vertex -35 12.5 12
      vertex -35 11.926 11.8858
    endloop
  endfacet
  facet normal -0 0.19513 0.980777
    outer loop
      vertex -35 13.074 11.8858
      vertex -34.99 12.5 12
      vertex -34.99 13.074 11.8858
    endloop
  endfacet
  facet normal 0 0.19513 0.980777
    outer loop
      vertex -34.99 12.5 12
      vertex -35 13.074 11.8858
      vertex -35 12.5 12
    endloop
  endfacet
  facet normal 0.076637 -0.441252 0.894105
    outer loop
      vertex -34.99 11.926 11.8858
      vertex -3.69269 11 8.7462
      vertex -3.65708 11.926 9.20014
    endloop
  endfacet
  facet normal 0.0766366 -0.441258 0.894102
    outer loop
      vertex -3.69269 11 8.7462
      vertex -34.99 11.926 11.8858
      vertex -34.99 11 11.4288
    endloop
  endfacet
  facet normal 0.0837716 -0.194416 0.977336
    outer loop
      vertex -34.99 12.5 12
      vertex -3.65708 11.926 9.20014
      vertex -3.635 12.5 9.31243
    endloop
  endfacet
  facet normal 0.0837706 -0.194444 0.97733
    outer loop
      vertex -3.65708 11.926 9.20014
      vertex -34.99 12.5 12
      vertex -34.99 11.926 11.8858
    endloop
  endfacet
  facet normal 0.0710927 0.55411 0.829402
    outer loop
      vertex -34.99 13.5607 11.5607
      vertex -3.61292 13.074 9.19635
      vertex -3.59421 13.5607 8.86959
    endloop
  endfacet
  facet normal 0.071095 0.554044 0.829446
    outer loop
      vertex -3.61292 13.074 9.19635
      vertex -34.99 13.5607 11.5607
      vertex -34.99 13.074 11.8858
    endloop
  endfacet
  facet normal 0 0.991449 -0.130497
    outer loop
      vertex -5.91118 13.8978 2.22354
      vertex -35 14 3
      vertex -5.89393 14 3
    endloop
  endfacet
  facet normal 0 0.991449 -0.130497
    outer loop
      vertex -35 14 3
      vertex -5.91118 13.8978 2.22354
      vertex -35 13.8978 2.22354
    endloop
  endfacet
  facet normal 0 0.991449 -0.130497
    outer loop
      vertex 5.91118 13.8978 2.22354
      vertex 35.01 14 3
      vertex 35.01 13.8978 2.22354
    endloop
  endfacet
  facet normal 0 0.991449 -0.130497
    outer loop
      vertex 35.01 14 3
      vertex 5.91118 13.8978 2.22354
      vertex 5.89393 14 3
    endloop
  endfacet
  facet normal -0 0.555449 0.831551
    outer loop
      vertex -35 13.5607 11.5607
      vertex -34.99 13.074 11.8858
      vertex -34.99 13.5607 11.5607
    endloop
  endfacet
  facet normal 0 0.555449 0.831551
    outer loop
      vertex -34.99 13.074 11.8858
      vertex -35 13.5607 11.5607
      vertex -35 13.074 11.8858
    endloop
  endfacet
  facet normal 0.0475568 0.83061 0.554821
    outer loop
      vertex -3.59421 13.5607 8.86959
      vertex -34.99 13.8858 11.074
      vertex -34.99 13.5607 11.5607
    endloop
  endfacet
  facet normal 0.0475599 0.830577 0.55487
    outer loop
      vertex -34.99 13.8858 11.074
      vertex -3.59421 13.5607 8.86959
      vertex -3.5817 13.8858 8.38188
    endloop
  endfacet
  facet normal 0.016723 0.98064 0.195103
    outer loop
      vertex -3.5817 13.8858 8.38188
      vertex -34.99 14 10.5
      vertex -34.99 13.8858 11.074
    endloop
  endfacet
  facet normal 0.0167225 0.980642 0.195095
    outer loop
      vertex -34.99 14 10.5
      vertex -3.5817 13.8858 8.38188
      vertex -3.57731 14 7.80748
    endloop
  endfacet
  facet normal 0 0.980777 0.19513
    outer loop
      vertex -34.99 14 10.5
      vertex -35 13.8858 11.074
      vertex -34.99 13.8858 11.074
    endloop
  endfacet
  facet normal 0 0.980777 0.19513
    outer loop
      vertex -35 13.8858 11.074
      vertex -34.99 14 10.5
      vertex -35 14 10.5
    endloop
  endfacet
  facet normal 0 0.831551 0.555449
    outer loop
      vertex -34.99 13.8858 11.074
      vertex -35 13.5607 11.5607
      vertex -34.99 13.5607 11.5607
    endloop
  endfacet
  facet normal 0 0.831551 0.555449
    outer loop
      vertex -35 13.5607 11.5607
      vertex -34.99 13.8858 11.074
      vertex -35 13.8858 11.074
    endloop
  endfacet
  facet normal 1 0 0
    outer loop
      vertex 35.01 2 6.98706
      vertex 35.01 0 6
      vertex 35.01 2 4.5
    endloop
  endfacet
  facet normal 1 -0 0
    outer loop
      vertex 35.01 11 4.5
      vertex 35.01 14 3
      vertex 35.01 14 10.5
    endloop
  endfacet
  facet normal 1 0 0
    outer loop
      vertex 35.01 11.926 11.8858
      vertex 35.01 14 10.5
      vertex 35.01 13.8858 11.074
    endloop
  endfacet
  facet normal 1 0 0
    outer loop
      vertex 35.01 14 3
      vertex 35.01 11 4.5
      vertex 35.01 13.8978 2.22354
    endloop
  endfacet
  facet normal 1 0 0
    outer loop
      vertex 35.01 11.926 11.8858
      vertex 35.01 13.8858 11.074
      vertex 35.01 13.5607 11.5607
    endloop
  endfacet
  facet normal 1 0 0
    outer loop
      vertex 35.01 13.8978 2.22354
      vertex 35.01 11 4.5
      vertex 35.01 13.5981 1.5
    endloop
  endfacet
  facet normal 1 -0 0
    outer loop
      vertex 35.01 11.926 11.8858
      vertex 35.01 13.5607 11.5607
      vertex 35.01 13.074 11.8858
    endloop
  endfacet
  facet normal 1 0 0
    outer loop
      vertex 35.01 11.926 11.8858
      vertex 35.01 13.074 11.8858
      vertex 35.01 12.5 12
    endloop
  endfacet
  facet normal 1 0 0
    outer loop
      vertex 35.01 13.5981 1.5
      vertex 35.01 11 4.5
      vertex 35.01 13.1213 0.878677
    endloop
  endfacet
  facet normal 1 0 0
    outer loop
      vertex 35.01 14 10.5
      vertex 35.01 11.926 11.8858
      vertex 35.01 11 11.4288
    endloop
  endfacet
  facet normal 1 0 0
    outer loop
      vertex 35.01 13.1213 0.878677
      vertex 35.01 11 4.5
      vertex 35.01 12.5 0.401917
    endloop
  endfacet
  facet normal 1 0 0
    outer loop
      vertex 35.01 14 10.5
      vertex 35.01 11 11.4288
      vertex 35.01 11 4.5
    endloop
  endfacet
  facet normal 1 0 0
    outer loop
      vertex 35.01 12.5 0.401917
      vertex 35.01 11 4.5
      vertex 35.01 11.7764 0.102219
    endloop
  endfacet
  facet normal 1 0 0
    outer loop
      vertex 35.01 11 4.5
      vertex 35.01 11 0
      vertex 35.01 11.7764 0.102219
    endloop
  endfacet
  facet normal 1 -0 0
    outer loop
      vertex 35.01 2 4.5
      vertex 35.01 11 0
      vertex 35.01 11 4.5
    endloop
  endfacet
  facet normal 1 0 0
    outer loop
      vertex 35.01 2 4.5
      vertex 35.01 0 0
      vertex 35.01 11 0
    endloop
  endfacet
  facet normal 1 0 0
    outer loop
      vertex 35.01 0 0
      vertex 35.01 2 4.5
      vertex 35.01 0 6
    endloop
  endfacet
  facet normal -0 0.19513 0.980777
    outer loop
      vertex 35 13.074 11.8858
      vertex 35.01 12.5 12
      vertex 35.01 13.074 11.8858
    endloop
  endfacet
  facet normal 0 0.19513 0.980777
    outer loop
      vertex 35.01 12.5 12
      vertex 35 13.074 11.8858
      vertex 35 12.5 12
    endloop
  endfacet
  facet normal 0 -0.19513 0.980777
    outer loop
      vertex 35 12.5 12
      vertex 35.01 11.926 11.8858
      vertex 35.01 12.5 12
    endloop
  endfacet
  facet normal 0 -0.19513 0.980777
    outer loop
      vertex 35.01 11.926 11.8858
      vertex 35 12.5 12
      vertex 35 11.926 11.8858
    endloop
  endfacet
  facet normal -0.0766366 -0.441258 0.894102
    outer loop
      vertex 35 11.926 11.8858
      vertex 3.69269 11 8.74534
      vertex 35 11 11.4288
    endloop
  endfacet
  facet normal -0.0766371 -0.441252 0.894105
    outer loop
      vertex 3.69269 11 8.74534
      vertex 35 11.926 11.8858
      vertex 3.65708 11.926 9.19928
    endloop
  endfacet
  facet normal -0.0710948 0.554044 0.829446
    outer loop
      vertex 35 13.5607 11.5607
      vertex 3.61292 13.074 9.1955
      vertex 35 13.074 11.8858
    endloop
  endfacet
  facet normal -0.0710921 0.554122 0.829394
    outer loop
      vertex 3.61292 13.074 9.1955
      vertex 35 13.5607 11.5607
      vertex 3.59421 13.5607 8.86873
    endloop
  endfacet
  facet normal -0.0837706 -0.194444 0.97733
    outer loop
      vertex 35 12.5 12
      vertex 3.65708 11.926 9.19928
      vertex 35 11.926 11.8858
    endloop
  endfacet
  facet normal -0.0837717 -0.194416 0.977336
    outer loop
      vertex 3.65708 11.926 9.19928
      vertex 35 12.5 12
      vertex 3.635 12.5 9.31157
    endloop
  endfacet
  facet normal -0.0837712 0.194444 0.97733
    outer loop
      vertex 35 13.074 11.8858
      vertex 3.635 12.5 9.31157
      vertex 35 12.5 12
    endloop
  endfacet
  facet normal -0.0837711 0.194407 0.977337
    outer loop
      vertex 3.635 12.5 9.31157
      vertex 35 13.074 11.8858
      vertex 3.61292 13.074 9.1955
    endloop
  endfacet
  facet normal 0 -0.442566 0.896736
    outer loop
      vertex 35 2 6.98706
      vertex 35.01 0 6
      vertex 35.01 2 6.98706
    endloop
  endfacet
  facet normal 0 -0.442566 0.896736
    outer loop
      vertex 35.01 0 6
      vertex 35 2 6.98706
      vertex 35 0 6
    endloop
  endfacet
  facet normal 0 -0.442559 0.896739
    outer loop
      vertex 35 11.926 11.8858
      vertex 35.01 11 11.4288
      vertex 35.01 11.926 11.8858
    endloop
  endfacet
  facet normal 0 -0.442559 0.896739
    outer loop
      vertex 35.01 11 11.4288
      vertex 35 11.926 11.8858
      vertex 35 11 11.4288
    endloop
  endfacet
  facet normal -0.016723 0.98064 0.195103
    outer loop
      vertex 35 14 10.5
      vertex 3.5817 13.8858 8.38102
      vertex 35 13.8858 11.074
    endloop
  endfacet
  facet normal -0.0167227 0.980641 0.195098
    outer loop
      vertex 3.5817 13.8858 8.38102
      vertex 35 14 10.5
      vertex 3.57731 14 7.80663
    endloop
  endfacet
  facet normal -0.0475569 0.83061 0.554821
    outer loop
      vertex 35 13.8858 11.074
      vertex 3.59421 13.5607 8.86873
      vertex 35 13.5607 11.5607
    endloop
  endfacet
  facet normal -0.04756 0.830577 0.55487
    outer loop
      vertex 3.59421 13.5607 8.86873
      vertex 35 13.8858 11.074
      vertex 3.5817 13.8858 8.38102
    endloop
  endfacet
  facet normal -0 0.555449 0.831551
    outer loop
      vertex 35 13.5607 11.5607
      vertex 35.01 13.074 11.8858
      vertex 35.01 13.5607 11.5607
    endloop
  endfacet
  facet normal 0 0.555449 0.831551
    outer loop
      vertex 35.01 13.074 11.8858
      vertex 35 13.5607 11.5607
      vertex 35 13.074 11.8858
    endloop
  endfacet
  facet normal 0 0.831551 0.555449
    outer loop
      vertex 35.01 13.8858 11.074
      vertex 35 13.5607 11.5607
      vertex 35.01 13.5607 11.5607
    endloop
  endfacet
  facet normal 0 0.831551 0.555449
    outer loop
      vertex 35 13.5607 11.5607
      vertex 35.01 13.8858 11.074
      vertex 35 13.8858 11.074
    endloop
  endfacet
  facet normal 0 0.980777 0.19513
    outer loop
      vertex 35.01 14 10.5
      vertex 35 13.8858 11.074
      vertex 35.01 13.8858 11.074
    endloop
  endfacet
  facet normal 0 0.980777 0.19513
    outer loop
      vertex 35 13.8858 11.074
      vertex 35.01 14 10.5
      vertex 35 14 10.5
    endloop
  endfacet
  facet normal 0 0.267643 0.963518
    outer loop
      vertex -3.36431 19.5379 5.62837
      vertex -5.33333 14 7.16667
      vertex -3.57731 14 7.16667
    endloop
  endfacet
  facet normal 0 0.267643 0.963518
    outer loop
      vertex 5.33333 14 7.16667
      vertex 3.36431 19.5379 5.62837
      vertex 3.57731 14 7.16667
    endloop
  endfacet
  facet normal -0.763226 0.316143 0.563506
    outer loop
      vertex -5.84952 14 7.0625
      vertex -3.8637 26.0353 3
      vertex -5.89393 14 7.00235
    endloop
  endfacet
  facet normal -0.763223 0.316144 0.56351
    outer loop
      vertex -3.8637 26.0353 3
      vertex -5.84952 14 7.0625
      vertex -3.4641 27 3
    endloop
  endfacet
  facet normal -0.986068 0.16634 0
    outer loop
      vertex -5.91118 13.8978 2.22354
      vertex -3.8637 26.0353 3
      vertex -3.8637 26.0353 0
    endloop
  endfacet
  facet normal -0.986069 0.16634 1.2601e-05
    outer loop
      vertex -3.8637 26.0353 3
      vertex -5.91118 13.8978 2.22354
      vertex -5.89393 14 3
    endloop
  endfacet
  facet normal -0.986069 0.166339 -8.25843e-06
    outer loop
      vertex -3.8637 26.0353 0
      vertex -5.96173 13.5981 1.5
      vertex -5.91118 13.8978 2.22354
    endloop
  endfacet
  facet normal -0.986069 0.16634 -1.95141e-06
    outer loop
      vertex -3.8637 26.0353 0
      vertex -6.04216 13.1213 0.878677
      vertex -5.96173 13.5981 1.5
    endloop
  endfacet
  facet normal -0.986068 0.16634 5.75829e-06
    outer loop
      vertex -3.8637 26.0353 0
      vertex -6.14697 12.5 0.401917
      vertex -6.04216 13.1213 0.878677
    endloop
  endfacet
  facet normal -0.986069 0.166339 -4.32792e-05
    outer loop
      vertex -3.8637 26.0353 0
      vertex -6.26902 11.7764 0.102219
      vertex -6.14697 12.5 0.401917
    endloop
  endfacet
  facet normal -0.986069 0.16634 8.99996e-05
    outer loop
      vertex -6.26902 11.7764 0.102219
      vertex -3.8637 26.0353 0
      vertex -6.4 11 0
    endloop
  endfacet
  facet normal -0.986069 0.16634 0
    outer loop
      vertex -3.8637 26.0353 3
      vertex -5.89393 14 3
      vertex -5.89393 14 7.00235
    endloop
  endfacet
  facet normal 0.986069 0.16634 -0
    outer loop
      vertex 5.89393 14 3
      vertex 3.8637 26.0353 3
      vertex 5.89393 14 7.00235
    endloop
  endfacet
  facet normal 0.986069 0.16634 1.2601e-05
    outer loop
      vertex 5.91118 13.8978 2.22354
      vertex 3.8637 26.0353 3
      vertex 5.89393 14 3
    endloop
  endfacet
  facet normal 0.986068 0.16634 0
    outer loop
      vertex 3.8637 26.0353 3
      vertex 5.91118 13.8978 2.22354
      vertex 3.8637 26.0353 0
    endloop
  endfacet
  facet normal 0.986069 0.166339 -8.25843e-06
    outer loop
      vertex 5.96173 13.5981 1.5
      vertex 3.8637 26.0353 0
      vertex 5.91118 13.8978 2.22354
    endloop
  endfacet
  facet normal 0.986069 0.16634 -1.95141e-06
    outer loop
      vertex 6.04216 13.1213 0.878677
      vertex 3.8637 26.0353 0
      vertex 5.96173 13.5981 1.5
    endloop
  endfacet
  facet normal 0.986068 0.16634 5.75829e-06
    outer loop
      vertex 6.14697 12.5 0.401917
      vertex 3.8637 26.0353 0
      vertex 6.04216 13.1213 0.878677
    endloop
  endfacet
  facet normal 0.986069 0.166339 -4.32792e-05
    outer loop
      vertex 6.26902 11.7764 0.102219
      vertex 3.8637 26.0353 0
      vertex 6.14697 12.5 0.401917
    endloop
  endfacet
  facet normal 0.986069 0.16634 8.99996e-05
    outer loop
      vertex 3.8637 26.0353 0
      vertex 6.26902 11.7764 0.102219
      vertex 6.4 11 0
    endloop
  endfacet
  facet normal 0.130529 0.991445 -0
    outer loop
      vertex 1.03528 28.8637 0
      vertex 0 29 1
      vertex 1.03528 28.8637 1.01048
    endloop
  endfacet
  facet normal 0.130529 0.991445 0
    outer loop
      vertex 0 29 1
      vertex 1.03528 28.8637 0
      vertex 0 29 0
    endloop
  endfacet
  facet normal -0.923877 0.38269 0
    outer loop
      vertex -3.8637 26.0353 0
      vertex -3.4641 27 3
      vertex -3.4641 27 0
    endloop
  endfacet
  facet normal -0.923877 0.38269 0
    outer loop
      vertex -3.4641 27 3
      vertex -3.8637 26.0353 0
      vertex -3.8637 26.0353 3
    endloop
  endfacet
  facet normal 0.763223 0.316144 0.56351
    outer loop
      vertex 5.84952 14 7.0625
      vertex 3.8637 26.0353 3
      vertex 3.4641 27 3
    endloop
  endfacet
  facet normal 0.763226 0.316143 0.563506
    outer loop
      vertex 3.8637 26.0353 3
      vertex 5.84952 14 7.0625
      vertex 5.89393 14 7.00235
    endloop
  endfacet
  facet normal -0.443738 0.340475 0.828959
    outer loop
      vertex -3.4641 27 3
      vertex -3.09348 26.5796 3.37106
      vertex -3.0569 27.5307 3
    endloop
  endfacet
  facet normal -0.443739 0.340473 0.828959
    outer loop
      vertex -5.84952 14 7.0625
      vertex -3.09348 26.5796 3.37106
      vertex -3.4641 27 3
    endloop
  endfacet
  facet normal -0.443715 0.340472 0.828973
    outer loop
      vertex -3.09348 26.5796 3.37106
      vertex -5.84952 14 7.0625
      vertex -5.7633 14 7.10865
    endloop
  endfacet
  facet normal 0.923877 0.38269 0
    outer loop
      vertex 3.8637 26.0353 3
      vertex 3.4641 27 0
      vertex 3.4641 27 3
    endloop
  endfacet
  facet normal 0.923877 0.38269 0
    outer loop
      vertex 3.4641 27 0
      vertex 3.8637 26.0353 3
      vertex 3.8637 26.0353 0
    endloop
  endfacet
  facet normal 0.443739 0.340473 0.828959
    outer loop
      vertex 3.09348 26.5796 3.37106
      vertex 5.84952 14 7.0625
      vertex 3.4641 27 3
    endloop
  endfacet
  facet normal 0.443715 0.340472 0.828973
    outer loop
      vertex 5.84952 14 7.0625
      vertex 3.09348 26.5796 3.37106
      vertex 5.7633 14 7.10865
    endloop
  endfacet
  facet normal 0.443738 0.340475 0.828959
    outer loop
      vertex 3.09348 26.5796 3.37106
      vertex 3.4641 27 3
      vertex 3.0569 27.5307 3
    endloop
  endfacet
  facet normal 0.0368181 0.279593 0.959412
    outer loop
      vertex 5.49906 14 7.16031
      vertex 3.36431 19.5379 5.62837
      vertex 5.33333 14 7.16667
    endloop
  endfacet
  facet normal 0.0368475 0.279603 0.959408
    outer loop
      vertex 3.36431 19.5379 5.62837
      vertex 5.49906 14 7.16031
      vertex 3.29504 21.339 5.10613
    endloop
  endfacet
  facet normal 0.248621 0.323978 0.912812
    outer loop
      vertex 5.7633 14 7.10865
      vertex 3.20494 23.6816 4.36925
      vertex 5.64416 14 7.1411
    endloop
  endfacet
  facet normal 0.2486 0.323974 0.912819
    outer loop
      vertex 3.20494 23.6816 4.36925
      vertex 5.7633 14 7.10865
      vertex 3.09348 26.5796 3.37106
    endloop
  endfacet
  facet normal -0.125141 0.302091 0.945029
    outer loop
      vertex -5.64416 14 7.1411
      vertex -3.29504 21.3391 5.10613
      vertex -3.20494 23.6816 4.36925
    endloop
  endfacet
  facet normal -0.125115 0.302084 0.945035
    outer loop
      vertex -3.29504 21.3391 5.10613
      vertex -5.64416 14 7.1411
      vertex -5.49906 14 7.16031
    endloop
  endfacet
  facet normal -0.79334 0.608779 0
    outer loop
      vertex -2.82843 27.8284 0
      vertex -3.05649 27.5312 1.11298
      vertex -2.82843 27.8284 1.09012
    endloop
  endfacet
  facet normal -0.793346 0.608771 -3.25257e-06
    outer loop
      vertex -3.4641 27 0
      vertex -3.05649 27.5312 1.11298
      vertex -2.82843 27.8284 0
    endloop
  endfacet
  facet normal -0.78195 0.623243 -0.0110839
    outer loop
      vertex -3.05649 27.5312 1.11298
      vertex -3.4641 27 0
      vertex -3.0569 27.5307 1.11379
    endloop
  endfacet
  facet normal -0.793368 0.608742 0
    outer loop
      vertex -3.4641 27 3
      vertex -3.0569 27.5307 1.11379
      vertex -3.4641 27 0
    endloop
  endfacet
  facet normal -0.793368 0.608742 0
    outer loop
      vertex -3.0569 27.5307 1.11379
      vertex -3.4641 27 3
      vertex -3.0569 27.5307 3
    endloop
  endfacet
  facet normal -0.036803 0.279588 0.959414
    outer loop
      vertex -5.49906 14 7.16031
      vertex -3.36431 19.5379 5.62837
      vertex -3.29504 21.3391 5.10613
    endloop
  endfacet
  facet normal -0.0368181 0.279593 0.959412
    outer loop
      vertex -3.36431 19.5379 5.62837
      vertex -5.49906 14 7.16031
      vertex -5.33333 14 7.16667
    endloop
  endfacet
  facet normal 0.125114 0.302088 0.945034
    outer loop
      vertex 5.64416 14 7.1411
      vertex 3.29504 21.339 5.10613
      vertex 5.49906 14 7.16031
    endloop
  endfacet
  facet normal 0.125082 0.30208 0.945041
    outer loop
      vertex 3.29504 21.339 5.10613
      vertex 5.64416 14 7.1411
      vertex 3.20494 23.6816 4.36925
    endloop
  endfacet
  facet normal 0.382683 0.92388 -0
    outer loop
      vertex 2 28.4641 0
      vertex 1.03528 28.8637 1.01048
      vertex 2 28.4641 1.04122
    endloop
  endfacet
  facet normal 0.382683 0.92388 0
    outer loop
      vertex 1.03528 28.8637 1.01048
      vertex 2 28.4641 0
      vertex 1.03528 28.8637 0
    endloop
  endfacet
  facet normal 0.608775 0.793343 -0
    outer loop
      vertex 2.82843 27.8284 0
      vertex 2 28.4641 1.04122
      vertex 2.82843 27.8284 1.09012
    endloop
  endfacet
  facet normal 0.608775 0.793343 0
    outer loop
      vertex 2 28.4641 1.04122
      vertex 2.82843 27.8284 0
      vertex 2 28.4641 0
    endloop
  endfacet
  facet normal 0.793368 0.608742 0
    outer loop
      vertex 3.0569 27.5307 3
      vertex 3.4641 27 3
      vertex 3.0569 27.5307 1.11379
    endloop
  endfacet
  facet normal 0.79334 0.608779 0
    outer loop
      vertex 3.05649 27.5312 1.11298
      vertex 2.82843 27.8284 0
      vertex 2.82843 27.8284 1.09012
    endloop
  endfacet
  facet normal 0.78195 0.623243 -0.0110839
    outer loop
      vertex 3.4641 27 0
      vertex 3.05649 27.5312 1.11298
      vertex 3.0569 27.5307 1.11379
    endloop
  endfacet
  facet normal 0.793368 0.608742 -0
    outer loop
      vertex 3.4641 27 0
      vertex 3.0569 27.5307 1.11379
      vertex 3.4641 27 3
    endloop
  endfacet
  facet normal 0.793346 0.608771 -3.25257e-06
    outer loop
      vertex 3.05649 27.5312 1.11298
      vertex 3.4641 27 0
      vertex 2.82843 27.8284 0
    endloop
  endfacet
  facet normal -0.2486 0.323974 0.912819
    outer loop
      vertex -5.7633 14 7.10865
      vertex -3.20494 23.6816 4.36925
      vertex -3.09348 26.5796 3.37106
    endloop
  endfacet
  facet normal -0.248621 0.323978 0.912812
    outer loop
      vertex -3.20494 23.6816 4.36925
      vertex -5.7633 14 7.10865
      vertex -5.64416 14 7.1411
    endloop
  endfacet
  facet normal -0.608775 0.793343 0
    outer loop
      vertex -2.82843 27.8284 0
      vertex -2 28.4641 1.04122
      vertex -2 28.4641 0
    endloop
  endfacet
  facet normal -0.608775 0.793343 0
    outer loop
      vertex -2 28.4641 1.04122
      vertex -2.82843 27.8284 0
      vertex -2.82843 27.8284 1.09012
    endloop
  endfacet
  facet normal -0.382683 0.92388 0
    outer loop
      vertex -2 28.4641 0
      vertex -1.03528 28.8637 1.01048
      vertex -1.03528 28.8637 0
    endloop
  endfacet
  facet normal -0.382683 0.92388 0
    outer loop
      vertex -1.03528 28.8637 1.01048
      vertex -2 28.4641 0
      vertex -2 28.4641 1.04122
    endloop
  endfacet
  facet normal -0.130529 0.991445 0
    outer loop
      vertex -1.03528 28.8637 0
      vertex 0 29 1
      vertex 0 29 0
    endloop
  endfacet
  facet normal -0.130529 0.991445 0
    outer loop
      vertex 0 29 1
      vertex -1.03528 28.8637 0
      vertex -1.03528 28.8637 1.01048
    endloop
  endfacet
  facet normal 0 -1 0
    outer loop
      vertex -35 11 4.5
      vertex -34.99 11 11.4288
      vertex -35 11 11.4288
    endloop
  endfacet
  facet normal 0 -1 0
    outer loop
      vertex -34.99 11 11.4288
      vertex -22.69 11 4.86382
      vertex -3.69269 11 8.7462
    endloop
  endfacet
  facet normal 0 -1 -0
    outer loop
      vertex -34.99 11 11.4288
      vertex -35 11 4.5
      vertex -22.69 11 4.86382
    endloop
  endfacet
  facet normal 0 -1 -0
    outer loop
      vertex -22.69 11 4.86382
      vertex -35 11 4.5
      vertex -22.69 11 4.5
    endloop
  endfacet
  facet normal 0 -1 -0
    outer loop
      vertex -3.69269 11 8.7462
      vertex -22.69 11 4.86382
      vertex -3.69269 11 3.30333
    endloop
  endfacet
  facet normal 0 -1 0
    outer loop
      vertex 3.69269 11 8.74534
      vertex 3.69269 11 3.30251
      vertex 22.69 11 4.863
    endloop
  endfacet
  facet normal 0 -1 0
    outer loop
      vertex 22.69 11 4.863
      vertex 35 11 11.4288
      vertex 3.69269 11 8.74534
    endloop
  endfacet
  facet normal 0 -1 0
    outer loop
      vertex 35.01 11 4.5
      vertex 35 11 11.4288
      vertex 22.69 11 4.863
    endloop
  endfacet
  facet normal 0 -1 0
    outer loop
      vertex 35.01 11 4.5
      vertex 22.69 11 4.863
      vertex 22.69 11 4.5
    endloop
  endfacet
  facet normal 0 -1 0
    outer loop
      vertex 35 11 11.4288
      vertex 35.01 11 4.5
      vertex 35.01 11 11.4288
    endloop
  endfacet
  facet normal -0 0 1
    outer loop
      vertex -35 11 4.5
      vertex -22.69 2 4.5
      vertex -22.69 11 4.5
    endloop
  endfacet
  facet normal 0 0 1
    outer loop
      vertex -22.69 2 4.5
      vertex -35 11 4.5
      vertex -35 2 4.5
    endloop
  endfacet
  facet normal -1 0 0
    outer loop
      vertex -22.69 2 4.5
      vertex -22.69 11 4.86382
      vertex -22.69 11 4.5
    endloop
  endfacet
  facet normal -1 -0 0
    outer loop
      vertex -22.69 11 4.86382
      vertex -22.69 2 4.5
      vertex -22.69 2 4.86382
    endloop
  endfacet
  facet normal -0 0 1
    outer loop
      vertex 22.69 11 4.5
      vertex 35.01 2 4.5
      vertex 35.01 11 4.5
    endloop
  endfacet
  facet normal 0 0 1
    outer loop
      vertex 35.01 2 4.5
      vertex 22.69 11 4.5
      vertex 22.69 2 4.5
    endloop
  endfacet
  facet normal 1 -0 0
    outer loop
      vertex 22.69 2 4.863
      vertex 22.69 11 4.5
      vertex 22.69 11 4.863
    endloop
  endfacet
  facet normal 1 0 0
    outer loop
      vertex 22.69 11 4.5
      vertex 22.69 2 4.863
      vertex 22.69 2 4.5
    endloop
  endfacet
  facet normal 0.0818671 -0 0.996643
    outer loop
      vertex -22.69 2 4.86382
      vertex -4 3.01 3.32857
      vertex -22.69 11 4.86382
    endloop
  endfacet
  facet normal 0.081867 -4.07601e-07 0.996643
    outer loop
      vertex -22.69 11 4.86382
      vertex -4 3.01 3.32857
      vertex -3.69269 11 3.30333
    endloop
  endfacet
  facet normal 0.0818668 0 0.996643
    outer loop
      vertex -4 3 3.32857
      vertex 0 2 3
      vertex 0 3 3
    endloop
  endfacet
  facet normal 0.0818671 1.17278e-06 0.996643
    outer loop
      vertex -4 3 3.32857
      vertex -22.69 2 4.86382
      vertex 0 2 3
    endloop
  endfacet
  facet normal 0.0818671 0 0.996643
    outer loop
      vertex -4 3.01 3.32857
      vertex -22.69 2 4.86382
      vertex -4 3 3.32857
    endloop
  endfacet
  facet normal -0 0 1
    outer loop
      vertex 0 3 3
      vertex 0.00999928 2 3
      vertex 0.00999928 3 3
    endloop
  endfacet
  facet normal 0 0 1
    outer loop
      vertex 0.00999928 2 3
      vertex 0 3 3
      vertex 0 2 3
    endloop
  endfacet
  facet normal -0.0818671 0 0.996643
    outer loop
      vertex 22.69 11 4.863
      vertex 4 3.01 3.32775
      vertex 22.69 2 4.863
    endloop
  endfacet
  facet normal -0.081867 -4.07601e-07 0.996643
    outer loop
      vertex 4 3.01 3.32775
      vertex 22.69 11 4.863
      vertex 3.69269 11 3.30251
    endloop
  endfacet
  facet normal -0.0818671 0 0.996643
    outer loop
      vertex 4 3 3.32775
      vertex 22.69 2 4.863
      vertex 4 3.01 3.32775
    endloop
  endfacet
  facet normal -0.0818671 0 0.996643
    outer loop
      vertex 0.00999928 2 3
      vertex 4 3 3.32775
      vertex 0.00999928 3 3
    endloop
  endfacet
  facet normal -0.0818671 4.85745e-08 0.996643
    outer loop
      vertex 4 3 3.32775
      vertex 0.00999928 2 3
      vertex 22.69 2 4.863
    endloop
  endfacet
  facet normal -1 0 0
    outer loop
      vertex 4 3 3
      vertex 4 3.01 3.32775
      vertex 4 3.01 3
    endloop
  endfacet
  facet normal -1 -0 0
    outer loop
      vertex 4 3.01 3.32775
      vertex 4 3 3
      vertex 4 3 3.32775
    endloop
  endfacet
  facet normal 0 1 0
    outer loop
      vertex 4 3 3.32775
      vertex 4 3 3
      vertex 0.00999928 3 3
    endloop
  endfacet
  facet normal 0 1 0
    outer loop
      vertex -4 3 3.32857
      vertex 0 3 3
      vertex -4 3 3
    endloop
  endfacet
  facet normal -9.63256e-06 0.076684 0.997055
    outer loop
      vertex 2 28.4641 1.04122
      vertex 3.05649 27.5312 1.11298
      vertex 2.82843 27.8284 1.09012
    endloop
  endfacet
  facet normal -4.27774e-06 0.07669 0.997055
    outer loop
      vertex 1.03528 28.8637 1.01048
      vertex 3.05649 27.5312 1.11298
      vertex 2 28.4641 1.04122
    endloop
  endfacet
  facet normal 0 0.0766965 0.997054
    outer loop
      vertex 3.05649 27.5312 1.11298
      vertex 1.03528 28.8637 1.01048
      vertex -3.05649 27.5312 1.11298
    endloop
  endfacet
  facet normal 0 0.0766967 0.997054
    outer loop
      vertex 3.05649 27.5312 1.11298
      vertex -3.05649 27.5312 1.11298
      vertex 0.00999928 3 3
    endloop
  endfacet
  facet normal 3.16531e-06 0.0766868 0.997055
    outer loop
      vertex -3.05649 27.5312 1.11298
      vertex 1.03528 28.8637 1.01048
      vertex 0 29 1
    endloop
  endfacet
  facet normal 0 0.0766967 0.997054
    outer loop
      vertex 3.05649 27.5312 1.11298
      vertex 0.00999928 3 3
      vertex 4 3 3
    endloop
  endfacet
  facet normal -5.55414e-06 0.0767049 0.997054
    outer loop
      vertex -3.05649 27.5312 1.11298
      vertex 0 29 1
      vertex -1.03528 28.8637 1.01048
    endloop
  endfacet
  facet normal 4.27774e-06 0.07669 0.997055
    outer loop
      vertex -3.05649 27.5312 1.11298
      vertex -1.03528 28.8637 1.01048
      vertex -2 28.4641 1.04122
    endloop
  endfacet
  facet normal 9.63256e-06 0.076684 0.997055
    outer loop
      vertex -3.05649 27.5312 1.11298
      vertex -2 28.4641 1.04122
      vertex -2.82843 27.8284 1.09012
    endloop
  endfacet
  facet normal 0 0.0766967 0.997054
    outer loop
      vertex 0.00999928 3 3
      vertex -3.05649 27.5312 1.11298
      vertex 0 3 3
    endloop
  endfacet
  facet normal 0 0.0766967 0.997054
    outer loop
      vertex 0 3 3
      vertex -3.05649 27.5312 1.11298
      vertex -4 3 3
    endloop
  endfacet
  facet normal 0.892103 0.000444909 0.451833
    outer loop
      vertex -4 3.01 3
      vertex -3.05649 27.5312 1.11298
      vertex -3.0569 27.5307 1.11379
    endloop
  endfacet
  facet normal 0.894427 0 0.447214
    outer loop
      vertex -3.05649 27.5312 1.11298
      vertex -4 3.01 3
      vertex -4 3 3
    endloop
  endfacet
  facet normal -0.999261 -0.0384323 0
    outer loop
      vertex 3.0569 27.5307 1.11379
      vertex 3.09348 26.5796 3.37106
      vertex 3.0569 27.5307 3
    endloop
  endfacet
  facet normal -0.999261 -0.0384326 -1.36876e-07
    outer loop
      vertex 3.0569 27.5307 1.11379
      vertex 3.20494 23.6816 4.36925
      vertex 3.09348 26.5796 3.37106
    endloop
  endfacet
  facet normal -0.999261 -0.0384335 -1.12779e-06
    outer loop
      vertex 3.0569 27.5307 1.11379
      vertex 3.29504 21.339 5.10613
      vertex 3.20494 23.6816 4.36925
    endloop
  endfacet
  facet normal -0.999261 -0.0384328 -8.5742e-10
    outer loop
      vertex 3.69269 11 3.30251
      vertex 3.29504 21.339 5.10613
      vertex 3.0569 27.5307 1.11379
    endloop
  endfacet
  facet normal -0.999261 -0.0384323 -2.87544e-06
    outer loop
      vertex 3.29504 21.339 5.10613
      vertex 3.69269 11 3.30251
      vertex 3.36431 19.5379 5.62837
    endloop
  endfacet
  facet normal -0.999261 -0.0384335 0
    outer loop
      vertex 3.65708 11.926 9.19928
      vertex 3.57731 14 7.80663
      vertex 3.57731 14 7.16667
    endloop
  endfacet
  facet normal -0.999261 -0.0384367 -4.71826e-06
    outer loop
      vertex 3.57731 14 7.80663
      vertex 3.65708 11.926 9.19928
      vertex 3.5817 13.8858 8.38102
    endloop
  endfacet
  facet normal -0.999261 -0.038428 1.60218e-05
    outer loop
      vertex 3.5817 13.8858 8.38102
      vertex 3.65708 11.926 9.19928
      vertex 3.59421 13.5607 8.86873
    endloop
  endfacet
  facet normal -0.999261 -0.0384386 -3.63842e-05
    outer loop
      vertex 3.59421 13.5607 8.86873
      vertex 3.65708 11.926 9.19928
      vertex 3.61292 13.074 9.1955
    endloop
  endfacet
  facet normal -0.999261 -0.0384385 -1.95722e-15
    outer loop
      vertex 3.61292 13.074 9.1955
      vertex 3.65708 11.926 9.19928
      vertex 3.635 12.5 9.31157
    endloop
  endfacet
  facet normal -0.999261 -0.0384316 -0
    outer loop
      vertex 3.69269 11 8.74534
      vertex 3.57731 14 7.16667
      vertex 3.69269 11 3.30251
    endloop
  endfacet
  facet normal -0.999261 -0.0384334 1.42501e-06
    outer loop
      vertex 3.36431 19.5379 5.62837
      vertex 3.69269 11 3.30251
      vertex 3.57731 14 7.16667
    endloop
  endfacet
  facet normal -0.999261 -0.0384333 -3.87986e-06
    outer loop
      vertex 4 3.01 3
      vertex 3.69269 11 3.30251
      vertex 3.0569 27.5307 1.11379
    endloop
  endfacet
  facet normal -0.999261 -0.0384334 0
    outer loop
      vertex 3.69269 11 3.30251
      vertex 4 3.01 3
      vertex 4 3.01 3.32775
    endloop
  endfacet
  facet normal -0.999261 -0.0384294 4.20419e-06
    outer loop
      vertex 3.57731 14 7.16667
      vertex 3.69269 11 8.74534
      vertex 3.65708 11.926 9.19928
    endloop
  endfacet
  facet normal 1 -0 0
    outer loop
      vertex -4 3 3.32857
      vertex -4 3.01 3
      vertex -4 3.01 3.32857
    endloop
  endfacet
  facet normal 1 0 0
    outer loop
      vertex -4 3.01 3
      vertex -4 3 3.32857
      vertex -4 3 3
    endloop
  endfacet
  facet normal 0.999261 -0.0384367 -4.71817e-06
    outer loop
      vertex -3.65708 11.926 9.20014
      vertex -3.57731 14 7.80748
      vertex -3.5817 13.8858 8.38188
    endloop
  endfacet
  facet normal 0.999261 -0.0384323 0
    outer loop
      vertex -3.09348 26.5796 3.37106
      vertex -3.0569 27.5307 1.11379
      vertex -3.0569 27.5307 3
    endloop
  endfacet
  facet normal 0.999261 -0.0384326 -1.36876e-07
    outer loop
      vertex -3.20494 23.6816 4.36925
      vertex -3.0569 27.5307 1.11379
      vertex -3.09348 26.5796 3.37106
    endloop
  endfacet
  facet normal 0.999261 -0.0384361 -4.21645e-06
    outer loop
      vertex -3.29504 21.3391 5.10613
      vertex -3.0569 27.5307 1.11379
      vertex -3.20494 23.6816 4.36925
    endloop
  endfacet
  facet normal 0.999261 -0.0384312 -6.6708e-06
    outer loop
      vertex -3.69269 11 3.30333
      vertex -3.29504 21.3391 5.10613
      vertex -3.36431 19.5379 5.62837
    endloop
  endfacet
  facet normal 0.999261 -0.0384334 1.42526e-06
    outer loop
      vertex -3.69269 11 3.30333
      vertex -3.36431 19.5379 5.62837
      vertex -3.57731 14 7.16667
    endloop
  endfacet
  facet normal 0.999261 -0.038428 1.60218e-05
    outer loop
      vertex -3.65708 11.926 9.20014
      vertex -3.5817 13.8858 8.38188
      vertex -3.59421 13.5607 8.86959
    endloop
  endfacet
  facet normal 0.999261 -0.0384386 -3.63858e-05
    outer loop
      vertex -3.65708 11.926 9.20014
      vertex -3.59421 13.5607 8.86959
      vertex -3.61292 13.074 9.19635
    endloop
  endfacet
  facet normal 0.999261 -0.0384385 -1.93068e-15
    outer loop
      vertex -3.65708 11.926 9.20014
      vertex -3.61292 13.074 9.19635
      vertex -3.635 12.5 9.31243
    endloop
  endfacet
  facet normal 0.999261 -0.0384335 0
    outer loop
      vertex -3.57731 14 7.80748
      vertex -3.65708 11.926 9.20014
      vertex -3.57731 14 7.16667
    endloop
  endfacet
  facet normal 0.999261 -0.0384294 4.203e-06
    outer loop
      vertex -3.69269 11 8.7462
      vertex -3.57731 14 7.16667
      vertex -3.65708 11.926 9.20014
    endloop
  endfacet
  facet normal 0.999261 -0.0384316 0
    outer loop
      vertex -3.69269 11 3.30333
      vertex -3.57731 14 7.16667
      vertex -3.69269 11 8.7462
    endloop
  endfacet
  facet normal 0.999261 -0.0384326 1.21067e-06
    outer loop
      vertex -3.29504 21.3391 5.10613
      vertex -3.69269 11 3.30333
      vertex -3.0569 27.5307 1.11379
    endloop
  endfacet
  facet normal 0.999261 -0.0384334 0
    outer loop
      vertex -4 3.01 3
      vertex -3.69269 11 3.30333
      vertex -4 3.01 3.32857
    endloop
  endfacet
  facet normal 0.999261 -0.0384333 -3.87639e-06
    outer loop
      vertex -3.69269 11 3.30333
      vertex -4 3.01 3
      vertex -3.0569 27.5307 1.11379
    endloop
  endfacet
  facet normal -0.892103 0.000444909 0.451833
    outer loop
      vertex 3.05649 27.5312 1.11298
      vertex 4 3.01 3
      vertex 3.0569 27.5307 1.11379
    endloop
  endfacet
  facet normal -0.894427 0 0.447214
    outer loop
      vertex 4 3.01 3
      vertex 3.05649 27.5312 1.11298
      vertex 4 3 3
    endloop
  endfacet
  facet normal 0 1 -0
    outer loop
      vertex -14.0401 13.4 6.20749
      vertex -14.2883 13.4 6.70853
      vertex -13.8672 13.4 6.66558
    endloop
  endfacet
  facet normal 0 1 -0
    outer loop
      vertex -13.8326 13.4 6.12035
      vertex -13.8672 13.4 6.66558
      vertex -13.5125 13.4 6.53673
    endloop
  endfacet
  facet normal 0 1 0
    outer loop
      vertex -14.2883 13.4 6.70853
      vertex -14.0401 13.4 6.20749
      vertex -14.2883 13.4 6.23654
    endloop
  endfacet
  facet normal 0 1 0
    outer loop
      vertex -13.6658 13.4 5.97512
      vertex -13.5125 13.4 6.53673
      vertex -13.2243 13.4 6.32198
    endloop
  endfacet
  facet normal 0 1 0
    outer loop
      vertex -14.2883 13.4 6.70853
      vertex -14.5331 13.4 6.20726
      vertex -14.7095 13.4 6.66513
    endloop
  endfacet
  facet normal 0 1 0
    outer loop
      vertex -14.7386 13.4 6.11945
      vertex -14.7095 13.4 6.66513
      vertex -14.5331 13.4 6.20726
    endloop
  endfacet
  facet normal 0 1 0
    outer loop
      vertex -14.5331 13.4 6.20726
      vertex -14.2883 13.4 6.70853
      vertex -14.2883 13.4 6.23654
    endloop
  endfacet
  facet normal 0 1 0
    outer loop
      vertex -13.8672 13.4 6.66558
      vertex -13.8326 13.4 6.12035
      vertex -14.0401 13.4 6.20749
    endloop
  endfacet
  facet normal 0 1 0
    outer loop
      vertex -13.5437 13.4 5.77791
      vertex -13.2243 13.4 6.32198
      vertex -13.0119 13.4 6.03061
    endloop
  endfacet
  facet normal 0 1 0
    outer loop
      vertex -13.5125 13.4 6.53673
      vertex -13.6658 13.4 5.97512
      vertex -13.8326 13.4 6.12035
    endloop
  endfacet
  facet normal 0 1 0
    outer loop
      vertex -13.2243 13.4 6.32198
      vertex -13.5437 13.4 5.77791
      vertex -13.6658 13.4 5.97512
    endloop
  endfacet
  facet normal 0 1 0
    outer loop
      vertex -12.8844 13.4 5.67189
      vertex -13.5437 13.4 5.77791
      vertex -13.0119 13.4 6.03061
    endloop
  endfacet
  facet normal 0 1 0
    outer loop
      vertex -12.8844 13.4 5.67189
      vertex -13.4705 13.4 5.53481
      vertex -13.5437 13.4 5.77791
    endloop
  endfacet
  facet normal 0 1 0
    outer loop
      vertex -12.8419 13.4 5.24582
      vertex -13.4705 13.4 5.53481
      vertex -12.8844 13.4 5.67189
    endloop
  endfacet
  facet normal 0 1 0
    outer loop
      vertex -12.8419 13.4 5.24582
      vertex -13.4461 13.4 5.24582
      vertex -13.4705 13.4 5.53481
    endloop
  endfacet
  facet normal 0 1 0
    outer loop
      vertex -12.8419 13.4 5.24582
      vertex -13.4711 13.4 4.95343
      vertex -13.4461 13.4 5.24582
    endloop
  endfacet
  facet normal 0 1 -0
    outer loop
      vertex -12.8845 13.4 4.81736
      vertex -13.4711 13.4 4.95343
      vertex -12.8419 13.4 5.24582
    endloop
  endfacet
  facet normal 0 1 0
    outer loop
      vertex -12.8845 13.4 4.81736
      vertex -13.546 13.4 4.70558
      vertex -13.4711 13.4 4.95343
    endloop
  endfacet
  facet normal 0 1 -0
    outer loop
      vertex -13.0123 13.4 4.45423
      vertex -13.546 13.4 4.70558
      vertex -12.8845 13.4 4.81736
    endloop
  endfacet
  facet normal 0 1 -0
    outer loop
      vertex -13.2254 13.4 4.15641
      vertex -13.546 13.4 4.70558
      vertex -13.0123 13.4 4.45423
    endloop
  endfacet
  facet normal 0 1 0
    outer loop
      vertex -13.546 13.4 4.70558
      vertex -13.2254 13.4 4.15641
      vertex -13.6709 13.4 4.50225
    endloop
  endfacet
  facet normal 0 1 -0
    outer loop
      vertex -13.5135 13.4 3.93546
      vertex -13.6709 13.4 4.50225
      vertex -13.2254 13.4 4.15641
    endloop
  endfacet
  facet normal 0 1 0
    outer loop
      vertex -13.8664 13.4 3.80289
      vertex -13.8389 13.4 4.35137
      vertex -13.5135 13.4 3.93546
    endloop
  endfacet
  facet normal 0 1 0
    outer loop
      vertex -13.6709 13.4 4.50225
      vertex -13.5135 13.4 3.93546
      vertex -13.8389 13.4 4.35137
    endloop
  endfacet
  facet normal 0 1 0
    outer loop
      vertex -14.7095 13.4 6.66513
      vertex -14.7386 13.4 6.11945
      vertex -15.0645 13.4 6.53493
    endloop
  endfacet
  facet normal 0 1 -0
    outer loop
      vertex -14.9047 13.4 5.97307
      vertex -15.0645 13.4 6.53493
      vertex -14.7386 13.4 6.11945
    endloop
  endfacet
  facet normal 0 1 0
    outer loop
      vertex -15.0645 13.4 6.53493
      vertex -14.9047 13.4 5.97307
      vertex -15.3533 13.4 6.31792
    endloop
  endfacet
  facet normal 0 1 -0
    outer loop
      vertex -15.0268 13.4 5.7752
      vertex -15.3533 13.4 6.31792
      vertex -14.9047 13.4 5.97307
    endloop
  endfacet
  facet normal 0 1 0
    outer loop
      vertex -15.3533 13.4 6.31792
      vertex -15.0268 13.4 5.7752
      vertex -15.5663 13.4 6.02521
    endloop
  endfacet
  facet normal 0 1 0
    outer loop
      vertex -15.0268 13.4 5.7752
      vertex -15.6942 13.4 5.66783
      vertex -15.5663 13.4 6.02521
    endloop
  endfacet
  facet normal 0 1 -0
    outer loop
      vertex -15.1 13.4 5.53276
      vertex -15.6942 13.4 5.66783
      vertex -15.0268 13.4 5.7752
    endloop
  endfacet
  facet normal 0 1 0
    outer loop
      vertex -15.7368 13.4 5.24582
      vertex -15.1 13.4 5.53276
      vertex -15.1245 13.4 5.24582
    endloop
  endfacet
  facet normal 0 1 0
    outer loop
      vertex -15.1 13.4 5.53276
      vertex -15.7368 13.4 5.24582
      vertex -15.6942 13.4 5.66783
    endloop
  endfacet
  facet normal 0 1 0
    outer loop
      vertex -15.1245 13.4 5.24582
      vertex -15.7171 13.4 4.95943
      vertex -15.7368 13.4 5.24582
    endloop
  endfacet
  facet normal 0 1 0
    outer loop
      vertex -15.1001 13.4 4.94632
      vertex -15.7171 13.4 4.95943
      vertex -15.1245 13.4 5.24582
    endloop
  endfacet
  facet normal 0 1 0
    outer loop
      vertex -15.1001 13.4 4.94632
      vertex -15.6581 13.4 4.69699
      vertex -15.7171 13.4 4.95943
    endloop
  endfacet
  facet normal 0 1 0
    outer loop
      vertex -15.0273 13.4 4.69609
      vertex -15.6581 13.4 4.69699
      vertex -15.1001 13.4 4.94632
    endloop
  endfacet
  facet normal 0 1 0
    outer loop
      vertex -15.4248 13.4 4.24977
      vertex -15.0273 13.4 4.69609
      vertex -14.9057 13.4 4.49514
    endloop
  endfacet
  facet normal 0 1 0
    outer loop
      vertex -15.0273 13.4 4.69609
      vertex -15.5598 13.4 4.45851
      vertex -15.6581 13.4 4.69699
    endloop
  endfacet
  facet normal 0 1 0
    outer loop
      vertex -15.0532 13.4 3.93874
      vertex -14.9057 13.4 4.49514
      vertex -14.7395 13.4 4.34821
    endloop
  endfacet
  facet normal 0 1 0
    outer loop
      vertex -14.8213 13.4 3.83872
      vertex -14.7395 13.4 4.34821
      vertex -14.5323 13.4 4.26004
    endloop
  endfacet
  facet normal 0 1 0
    outer loop
      vertex -15.0273 13.4 4.69609
      vertex -15.4248 13.4 4.24977
      vertex -15.5598 13.4 4.45851
    endloop
  endfacet
  facet normal 0 1 0
    outer loop
      vertex -14.565 13.4 3.7787
      vertex -14.5323 13.4 4.26004
      vertex -14.2842 13.4 4.23067
    endloop
  endfacet
  facet normal 0 1 0
    outer loop
      vertex -13.8389 13.4 4.35137
      vertex -13.8664 13.4 3.80289
      vertex -14.0434 13.4 4.26084
    endloop
  endfacet
  facet normal -0 1 0
    outer loop
      vertex -14.565 13.4 3.7787
      vertex -14.2842 13.4 4.23067
      vertex -14.2842 13.4 3.7587
    endloop
  endfacet
  facet normal 0 1 0
    outer loop
      vertex -14.5323 13.4 4.26004
      vertex -14.565 13.4 3.7787
      vertex -14.8213 13.4 3.83872
    endloop
  endfacet
  facet normal 0 1 0
    outer loop
      vertex -14.2842 13.4 3.7587
      vertex -14.0434 13.4 4.26084
      vertex -13.8664 13.4 3.80289
    endloop
  endfacet
  facet normal 0 1 0
    outer loop
      vertex -14.7395 13.4 4.34821
      vertex -14.8213 13.4 3.83872
      vertex -15.0532 13.4 3.93874
    endloop
  endfacet
  facet normal 0 1 0
    outer loop
      vertex -14.0434 13.4 4.26084
      vertex -14.2842 13.4 3.7587
      vertex -14.2842 13.4 4.23067
    endloop
  endfacet
  facet normal 0 1 0
    outer loop
      vertex -14.9057 13.4 4.49514
      vertex -15.0532 13.4 3.93874
      vertex -15.256 13.4 4.07651
    endloop
  endfacet
  facet normal 0 1 0
    outer loop
      vertex -14.9057 13.4 4.49514
      vertex -15.256 13.4 4.07651
      vertex -15.4248 13.4 4.24977
    endloop
  endfacet
  facet normal 0 1 -0
    outer loop
      vertex -19.8811 13.4 4.30391
      vertex -20.3763 13.4 4.6416
      vertex -19.7965 13.4 4.54599
    endloop
  endfacet
  facet normal 0 1 0
    outer loop
      vertex -20.3763 13.4 4.6416
      vertex -19.8811 13.4 4.30391
      vertex -20.4281 13.4 4.5036
    endloop
  endfacet
  facet normal 0 1 -0
    outer loop
      vertex -20.0154 13.4 4.10659
      vertex -20.4281 13.4 4.5036
      vertex -19.8811 13.4 4.30391
    endloop
  endfacet
  facet normal 0 1 0
    outer loop
      vertex -20.4281 13.4 4.5036
      vertex -20.0154 13.4 4.10659
      vertex -20.5047 13.4 4.3934
    endloop
  endfacet
  facet normal 0 1 -0
    outer loop
      vertex -20.1993 13.4 3.954
      vertex -20.5047 13.4 4.3934
      vertex -20.0154 13.4 4.10659
    endloop
  endfacet
  facet normal 0 1 0
    outer loop
      vertex -20.5047 13.4 4.3934
      vertex -20.1993 13.4 3.954
      vertex -20.6062 13.4 4.31101
    endloop
  endfacet
  facet normal 0 1 -0
    outer loop
      vertex -20.4346 13.4 3.84551
      vertex -20.6062 13.4 4.31101
      vertex -20.1993 13.4 3.954
    endloop
  endfacet
  facet normal 0 1 0
    outer loop
      vertex -20.6062 13.4 4.31101
      vertex -20.4346 13.4 3.84551
      vertex -20.7348 13.4 4.25394
    endloop
  endfacet
  facet normal 0 1 -0
    outer loop
      vertex -20.7229 13.4 3.7804
      vertex -20.7348 13.4 4.25394
      vertex -20.4346 13.4 3.84551
    endloop
  endfacet
  facet normal -0 1 0
    outer loop
      vertex -21.4343 13.4 3.78345
      vertex -21.0802 13.4 4.20829
      vertex -21.0639 13.4 3.7587
    endloop
  endfacet
  facet normal 0 1 0
    outer loop
      vertex -20.7348 13.4 4.25394
      vertex -20.7229 13.4 3.7804
      vertex -20.8928 13.4 4.2197
    endloop
  endfacet
  facet normal -0 1 0
    outer loop
      vertex -21.7398 13.4 3.8577
      vertex -21.0802 13.4 4.20829
      vertex -21.4343 13.4 3.78345
    endloop
  endfacet
  facet normal 0 1 0
    outer loop
      vertex -21.0639 13.4 3.7587
      vertex -20.8928 13.4 4.2197
      vertex -20.7229 13.4 3.7804
    endloop
  endfacet
  facet normal -0 1 0
    outer loop
      vertex -21.9804 13.4 3.98145
      vertex -21.0802 13.4 4.20829
      vertex -21.7398 13.4 3.8577
    endloop
  endfacet
  facet normal 0 1 0
    outer loop
      vertex -20.8928 13.4 4.2197
      vertex -21.0639 13.4 3.7587
      vertex -21.0802 13.4 4.20829
    endloop
  endfacet
  facet normal 0 1 0
    outer loop
      vertex -21.0802 13.4 4.20829
      vertex -21.9804 13.4 3.98145
      vertex -22.1539 13.4 4.15201
    endloop
  endfacet
  facet normal 0 1 0
    outer loop
      vertex -20.73 13.4 6.68558
      vertex -20.757 13.4 6.24536
      vertex -21.0599 13.4 6.28334
    endloop
  endfacet
  facet normal 0 1 0
    outer loop
      vertex -20.5147 13.4 5.94158
      vertex -20.0606 13.4 6.34415
      vertex -19.9632 13.4 6.1458
    endloop
  endfacet
  facet normal 0 1 0
    outer loop
      vertex -20.2227 13.4 6.50203
      vertex -20.5753 13.4 6.13144
      vertex -20.757 13.4 6.24536
    endloop
  endfacet
  facet normal 0 1 0
    outer loop
      vertex -20.0606 13.4 6.34415
      vertex -20.5147 13.4 5.94158
      vertex -20.5753 13.4 6.13144
    endloop
  endfacet
  facet normal 0 1 0
    outer loop
      vertex -19.9308 13.4 5.90699
      vertex -20.5147 13.4 5.94158
      vertex -19.9632 13.4 6.1458
    endloop
  endfacet
  facet normal 0 1 0
    outer loop
      vertex -19.9308 13.4 5.90699
      vertex -20.5211 13.4 5.87149
      vertex -20.5147 13.4 5.94158
    endloop
  endfacet
  facet normal 0 1 -0
    outer loop
      vertex -19.9352 13.4 5.80912
      vertex -20.5211 13.4 5.87149
      vertex -19.9308 13.4 5.90699
    endloop
  endfacet
  facet normal 0 1 -0
    outer loop
      vertex -19.9484 13.4 5.71892
      vertex -20.5211 13.4 5.87149
      vertex -19.9352 13.4 5.80912
    endloop
  endfacet
  facet normal 0 1 -0
    outer loop
      vertex -19.9705 13.4 5.63642
      vertex -20.5211 13.4 5.87149
      vertex -19.9484 13.4 5.71892
    endloop
  endfacet
  facet normal 0 1 0
    outer loop
      vertex -20.5211 13.4 5.87149
      vertex -19.9705 13.4 5.63642
      vertex -20.5404 13.4 5.81046
    endloop
  endfacet
  facet normal 0 1 -0
    outer loop
      vertex -20.0004 13.4 5.56114
      vertex -20.5404 13.4 5.81046
      vertex -19.9705 13.4 5.63642
    endloop
  endfacet
  facet normal 0 1 -0
    outer loop
      vertex -20.0374 13.4 5.49266
      vertex -20.5404 13.4 5.81046
      vertex -20.0004 13.4 5.56114
    endloop
  endfacet
  facet normal 0 1 -0
    outer loop
      vertex -20.0813 13.4 5.43094
      vertex -20.5404 13.4 5.81046
      vertex -20.0374 13.4 5.49266
    endloop
  endfacet
  facet normal 0 1 0
    outer loop
      vertex -20.5404 13.4 5.81046
      vertex -20.0813 13.4 5.43094
      vertex -20.5726 13.4 5.75846
    endloop
  endfacet
  facet normal 0 1 -0
    outer loop
      vertex -20.1322 13.4 5.37545
      vertex -20.5726 13.4 5.75846
      vertex -20.0813 13.4 5.43094
    endloop
  endfacet
  facet normal 0 1 -0
    outer loop
      vertex -20.1898 13.4 5.32559
      vertex -20.5726 13.4 5.75846
      vertex -20.1322 13.4 5.37545
    endloop
  endfacet
  facet normal 0 1 -0
    outer loop
      vertex -20.2542 13.4 5.28139
      vertex -20.5726 13.4 5.75846
      vertex -20.1898 13.4 5.32559
    endloop
  endfacet
  facet normal 0 1 0
    outer loop
      vertex -20.5726 13.4 5.75846
      vertex -20.2542 13.4 5.28139
      vertex -20.6175 13.4 5.71337
    endloop
  endfacet
  facet normal 0 1 -0
    outer loop
      vertex -20.3248 13.4 5.24184
      vertex -20.6175 13.4 5.71337
      vertex -20.2542 13.4 5.28139
    endloop
  endfacet
  facet normal 0 1 0
    outer loop
      vertex -20.6748 13.4 5.67302
      vertex -20.4821 13.4 5.17359
      vertex -20.7445 13.4 5.63741
    endloop
  endfacet
  facet normal 0 1 -0
    outer loop
      vertex -20.4007 13.4 5.2059
      vertex -20.6175 13.4 5.71337
      vertex -20.3248 13.4 5.24184
    endloop
  endfacet
  facet normal 0 1 -0
    outer loop
      vertex -20.7371 13.4 5.09947
      vertex -20.8465 13.4 5.60137
      vertex -20.5879 13.4 5.13982
    endloop
  endfacet
  facet normal 0 1 0
    outer loop
      vertex -20.6175 13.4 5.71337
      vertex -20.4007 13.4 5.2059
      vertex -20.6748 13.4 5.67302
    endloop
  endfacet
  facet normal 0 1 0
    outer loop
      vertex -21.0004 13.4 5.55966
      vertex -20.9297 13.4 5.05257
      vertex -21.2063 13.4 5.5123
    endloop
  endfacet
  facet normal 0 1 -0
    outer loop
      vertex -20.4821 13.4 5.17359
      vertex -20.6748 13.4 5.67302
      vertex -20.4007 13.4 5.2059
    endloop
  endfacet
  facet normal 0 1 -0
    outer loop
      vertex -21.1511 13.4 5.00486
      vertex -21.2063 13.4 5.5123
      vertex -20.9297 13.4 5.05257
    endloop
  endfacet
  facet normal 0 1 -0
    outer loop
      vertex -20.5879 13.4 5.13982
      vertex -20.7445 13.4 5.63741
      vertex -20.4821 13.4 5.17359
    endloop
  endfacet
  facet normal 0 1 0
    outer loop
      vertex -20.7445 13.4 5.63741
      vertex -20.5879 13.4 5.13982
      vertex -20.8465 13.4 5.60137
    endloop
  endfacet
  facet normal 0 1 0
    outer loop
      vertex -21.2063 13.4 5.5123
      vertex -21.1511 13.4 5.00486
      vertex -21.4556 13.4 5.45546
    endloop
  endfacet
  facet normal 0 1 0
    outer loop
      vertex -20.8465 13.4 5.60137
      vertex -20.7371 13.4 5.09947
      vertex -21.0004 13.4 5.55966
    endloop
  endfacet
  facet normal 0 1 -0
    outer loop
      vertex -21.3189 13.4 4.96213
      vertex -21.4556 13.4 5.45546
      vertex -21.1511 13.4 5.00486
    endloop
  endfacet
  facet normal 0 1 -0
    outer loop
      vertex -20.9297 13.4 5.05257
      vertex -21.0004 13.4 5.55966
      vertex -20.7371 13.4 5.09947
    endloop
  endfacet
  facet normal 0 1 -0
    outer loop
      vertex -21.4332 13.4 4.92438
      vertex -21.4556 13.4 5.45546
      vertex -21.3189 13.4 4.96213
    endloop
  endfacet
  facet normal 0 1 0
    outer loop
      vertex -21.4556 13.4 5.45546
      vertex -21.4332 13.4 4.92438
      vertex -21.6526 13.4 5.40155
    endloop
  endfacet
  facet normal 0 1 -0
    outer loop
      vertex -21.5141 13.4 4.88619
      vertex -21.6526 13.4 5.40155
      vertex -21.4332 13.4 4.92438
    endloop
  endfacet
  facet normal 0 1 0
    outer loop
      vertex -21.6526 13.4 5.40155
      vertex -21.5141 13.4 4.88619
      vertex -21.7973 13.4 5.35057
    endloop
  endfacet
  facet normal 0 1 -0
    outer loop
      vertex -21.5819 13.4 4.8421
      vertex -21.7973 13.4 5.35057
      vertex -21.5141 13.4 4.88619
    endloop
  endfacet
  facet normal 0 1 0
    outer loop
      vertex -21.7973 13.4 5.35057
      vertex -21.5819 13.4 4.8421
      vertex -21.9077 13.4 5.29836
    endloop
  endfacet
  facet normal 0 1 -0
    outer loop
      vertex -21.6366 13.4 4.79215
      vertex -21.9077 13.4 5.29836
      vertex -21.5819 13.4 4.8421
    endloop
  endfacet
  facet normal 0 1 0
    outer loop
      vertex -21.9077 13.4 5.29836
      vertex -21.6366 13.4 4.79215
      vertex -22.0017 13.4 5.24073
    endloop
  endfacet
  facet normal 0 1 0
    outer loop
      vertex -22.0017 13.4 5.24073
      vertex -21.6366 13.4 4.79215
      vertex -22.0791 13.4 5.17768
    endloop
  endfacet
  facet normal 0 1 0
    outer loop
      vertex -22.0791 13.4 5.17768
      vertex -21.6366 13.4 4.79215
      vertex -22.1428 13.4 5.10759
    endloop
  endfacet
  facet normal 0 1 -0
    outer loop
      vertex -21.6767 13.4 4.73452
      vertex -22.1428 13.4 5.10759
      vertex -21.6366 13.4 4.79215
    endloop
  endfacet
  facet normal 0 1 0
    outer loop
      vertex -22.1428 13.4 5.10759
      vertex -21.6767 13.4 4.73452
      vertex -22.1957 13.4 5.02892
    endloop
  endfacet
  facet normal 0 1 0
    outer loop
      vertex -22.1957 13.4 5.02892
      vertex -21.6767 13.4 4.73452
      vertex -22.2378 13.4 4.94167
    endloop
  endfacet
  facet normal 0 1 0
    outer loop
      vertex -22.2378 13.4 4.94167
      vertex -21.6767 13.4 4.73452
      vertex -22.2683 13.4 4.84549
    endloop
  endfacet
  facet normal 0 1 -0
    outer loop
      vertex -21.7008 13.4 4.66738
      vertex -22.2683 13.4 4.84549
      vertex -21.6767 13.4 4.73452
    endloop
  endfacet
  facet normal 0 1 0
    outer loop
      vertex -22.2683 13.4 4.84549
      vertex -21.7008 13.4 4.66738
      vertex -22.2866 13.4 4.74005
    endloop
  endfacet
  facet normal 0 1 0
    outer loop
      vertex -21.7008 13.4 4.66738
      vertex -22.2927 13.4 4.62534
      vertex -22.2866 13.4 4.74005
    endloop
  endfacet
  facet normal 0 1 -0
    outer loop
      vertex -21.7088 13.4 4.59075
      vertex -22.2927 13.4 4.62534
      vertex -21.7008 13.4 4.66738
    endloop
  endfacet
  facet normal 0 1 0
    outer loop
      vertex -22.258 13.4 4.36664
      vertex -21.7088 13.4 4.59075
      vertex -21.639 13.4 4.37827
    endloop
  endfacet
  facet normal 0 1 0
    outer loop
      vertex -21.7088 13.4 4.59075
      vertex -22.258 13.4 4.36664
      vertex -22.2927 13.4 4.62534
    endloop
  endfacet
  facet normal 0 1 0
    outer loop
      vertex -22.1539 13.4 4.15201
      vertex -21.639 13.4 4.37827
      vertex -21.4295 13.4 4.25078
    endloop
  endfacet
  facet normal 0 1 0
    outer loop
      vertex -21.639 13.4 4.37827
      vertex -22.1539 13.4 4.15201
      vertex -22.258 13.4 4.36664
    endloop
  endfacet
  facet normal 0 1 0
    outer loop
      vertex -22.1539 13.4 4.15201
      vertex -21.4295 13.4 4.25078
      vertex -21.0802 13.4 4.20829
    endloop
  endfacet
  facet normal 0 1 -0
    outer loop
      vertex -21.0599 13.4 6.28334
      vertex -21.0721 13.4 6.70853
      vertex -20.73 13.4 6.68558
    endloop
  endfacet
  facet normal 0 1 0
    outer loop
      vertex -21.2175 13.4 6.27294
      vertex -21.0721 13.4 6.70853
      vertex -21.0599 13.4 6.28334
    endloop
  endfacet
  facet normal 0 1 0
    outer loop
      vertex -20.757 13.4 6.24536
      vertex -20.73 13.4 6.68558
      vertex -20.4469 13.4 6.61675
    endloop
  endfacet
  facet normal 0 1 0
    outer loop
      vertex -21.0721 13.4 6.70853
      vertex -21.2175 13.4 6.27294
      vertex -21.3979 13.4 6.68999
    endloop
  endfacet
  facet normal 0 1 0
    outer loop
      vertex -20.757 13.4 6.24536
      vertex -20.4469 13.4 6.61675
      vertex -20.2227 13.4 6.50203
    endloop
  endfacet
  facet normal 0 1 -0
    outer loop
      vertex -21.3488 13.4 6.24173
      vertex -21.3979 13.4 6.68999
      vertex -21.2175 13.4 6.27294
    endloop
  endfacet
  facet normal 0 1 0
    outer loop
      vertex -20.5753 13.4 6.13144
      vertex -20.2227 13.4 6.50203
      vertex -20.0606 13.4 6.34415
    endloop
  endfacet
  facet normal 0 1 0
    outer loop
      vertex -21.3979 13.4 6.68999
      vertex -21.3488 13.4 6.24173
      vertex -21.6647 13.4 6.63439
    endloop
  endfacet
  facet normal 0 1 -0
    outer loop
      vertex -21.4535 13.4 6.18973
      vertex -21.6647 13.4 6.63439
      vertex -21.3488 13.4 6.24173
    endloop
  endfacet
  facet normal 0 1 0
    outer loop
      vertex -21.6647 13.4 6.63439
      vertex -21.4535 13.4 6.18973
      vertex -21.8726 13.4 6.54169
    endloop
  endfacet
  facet normal 0 1 -0
    outer loop
      vertex -21.5348 13.4 6.11719
      vertex -21.8726 13.4 6.54169
      vertex -21.4535 13.4 6.18973
    endloop
  endfacet
  facet normal 0 1 0
    outer loop
      vertex -21.8726 13.4 6.54169
      vertex -21.5348 13.4 6.11719
      vertex -22.0298 13.4 6.40631
    endloop
  endfacet
  facet normal 0 1 -0
    outer loop
      vertex -21.5955 13.4 6.02428
      vertex -22.0298 13.4 6.40631
      vertex -21.5348 13.4 6.11719
    endloop
  endfacet
  facet normal 0 1 0
    outer loop
      vertex -22.0298 13.4 6.40631
      vertex -21.5955 13.4 6.02428
      vertex -22.1448 13.4 6.22254
    endloop
  endfacet
  facet normal 0 1 -0
    outer loop
      vertex -21.6356 13.4 5.91104
      vertex -22.1448 13.4 6.22254
      vertex -21.5955 13.4 6.02428
    endloop
  endfacet
  facet normal 0 1 0
    outer loop
      vertex -22.1448 13.4 6.22254
      vertex -21.6356 13.4 5.91104
      vertex -22.2174 13.4 5.99039
    endloop
  endfacet
  facet normal 0 1 0
    outer loop
      vertex -22.6692 13.4 6.6658
      vertex -23.2693 13.4 5.52452
      vertex -23.2693 13.4 6.6658
    endloop
  endfacet
  facet normal 0 1 0
    outer loop
      vertex -23.2693 13.4 5.52452
      vertex -23.2693 13.4 5.02816
      vertex -24.5185 13.4 5.52452
    endloop
  endfacet
  facet normal 0 1 0
    outer loop
      vertex -22.6692 13.4 6.6658
      vertex -23.2693 13.4 5.02816
      vertex -23.2693 13.4 5.52452
    endloop
  endfacet
  facet normal 0 1 -0
    outer loop
      vertex -22.6692 13.4 3.79938
      vertex -23.2693 13.4 5.02816
      vertex -22.6692 13.4 6.6658
    endloop
  endfacet
  facet normal 0 1 0
    outer loop
      vertex -23.2693 13.4 5.02816
      vertex -22.6692 13.4 3.79938
      vertex -23.2693 13.4 3.79938
    endloop
  endfacet
  facet normal 0 1 -0
    outer loop
      vertex -24.5185 13.4 5.52452
      vertex -25.1186 13.4 6.6658
      vertex -24.5185 13.4 6.6658
    endloop
  endfacet
  facet normal 0 1 0
    outer loop
      vertex -24.5185 13.4 5.02816
      vertex -24.5185 13.4 5.52452
      vertex -23.2693 13.4 5.02816
    endloop
  endfacet
  facet normal 0 1 -0
    outer loop
      vertex -24.5185 13.4 5.02816
      vertex -25.1186 13.4 6.6658
      vertex -24.5185 13.4 5.52452
    endloop
  endfacet
  facet normal 0 1 0
    outer loop
      vertex -25.1186 13.4 3.79938
      vertex -24.5185 13.4 5.02816
      vertex -24.5185 13.4 3.79938
    endloop
  endfacet
  facet normal 0 1 0
    outer loop
      vertex -24.5185 13.4 5.02816
      vertex -25.1186 13.4 3.79938
      vertex -25.1186 13.4 6.6658
    endloop
  endfacet
  facet normal 0 1 0
    outer loop
      vertex -15.8401 13.4 6.6658
      vertex -16.8633 13.4 4.81452
      vertex -16.4483 13.4 6.6658
    endloop
  endfacet
  facet normal 0 1 -0
    outer loop
      vertex -16.5786 13.4 3.79938
      vertex -16.8633 13.4 4.81452
      vertex -15.8401 13.4 6.6658
    endloop
  endfacet
  facet normal 0 1 0
    outer loop
      vertex -16.8633 13.4 4.81452
      vertex -16.5786 13.4 3.79938
      vertex -16.9569 13.4 4.36698
    endloop
  endfacet
  facet normal 0 1 0
    outer loop
      vertex -17.4737 13.4 6.6658
      vertex -17.8032 13.4 6.06974
      vertex -18.145 13.4 6.6658
    endloop
  endfacet
  facet normal 0 1 0
    outer loop
      vertex -17.2722 13.4 5.80312
      vertex -17.8032 13.4 6.06974
      vertex -17.4737 13.4 6.6658
    endloop
  endfacet
  facet normal 0 1 0
    outer loop
      vertex -17.8032 13.4 6.06974
      vertex -17.2722 13.4 5.80312
      vertex -17.7727 13.4 5.90619
    endloop
  endfacet
  facet normal 0 1 0
    outer loop
      vertex -17.2722 13.4 5.80312
      vertex -17.7463 13.4 5.77089
      vertex -17.7727 13.4 5.90619
    endloop
  endfacet
  facet normal 0 1 0
    outer loop
      vertex -17.2722 13.4 5.80312
      vertex -17.7239 13.4 5.66387
      vertex -17.7463 13.4 5.77089
    endloop
  endfacet
  facet normal 0 1 0
    outer loop
      vertex -17.2722 13.4 5.80312
      vertex -17.6622 13.4 5.39476
      vertex -17.7239 13.4 5.66387
    endloop
  endfacet
  facet normal 0 1 0
    outer loop
      vertex -17.1369 13.4 5.21688
      vertex -17.6622 13.4 5.39476
      vertex -17.2722 13.4 5.80312
    endloop
  endfacet
  facet normal 0 1 0
    outer loop
      vertex -17.5177 13.4 4.77329
      vertex -17.1369 13.4 5.21688
      vertex -17.0678 13.4 4.90711
    endloop
  endfacet
  facet normal 0 1 0
    outer loop
      vertex -17.1369 13.4 5.21688
      vertex -17.5177 13.4 4.77329
      vertex -17.6622 13.4 5.39476
    endloop
  endfacet
  facet normal 0 1 0
    outer loop
      vertex -17.0315 13.4 4.73271
      vertex -17.5177 13.4 4.77329
      vertex -17.0678 13.4 4.90711
    endloop
  endfacet
  facet normal 0 1 0
    outer loop
      vertex -16.9946 13.4 4.55268
      vertex -17.5177 13.4 4.77329
      vertex -17.0315 13.4 4.73271
    endloop
  endfacet
  facet normal 0 1 0
    outer loop
      vertex -16.9569 13.4 4.36698
      vertex -17.5177 13.4 4.77329
      vertex -16.9946 13.4 4.55268
    endloop
  endfacet
  facet normal 0 1 0
    outer loop
      vertex -17.2906 13.4 3.79938
      vertex -16.9569 13.4 4.36698
      vertex -16.5786 13.4 3.79938
    endloop
  endfacet
  facet normal 0 1 0
    outer loop
      vertex -16.9569 13.4 4.36698
      vertex -17.2906 13.4 3.79938
      vertex -17.5177 13.4 4.77329
    endloop
  endfacet
  facet normal 0 1 -0
    outer loop
      vertex -17.8383 13.4 5.85974
      vertex -18.145 13.4 6.6658
      vertex -17.8032 13.4 6.06974
    endloop
  endfacet
  facet normal 0 1 0
    outer loop
      vertex -18.5071 13.4 5.14002
      vertex -17.8383 13.4 5.85974
      vertex -17.8783 13.4 5.65561
    endloop
  endfacet
  facet normal 0 1 0
    outer loop
      vertex -18.5071 13.4 5.14002
      vertex -17.8783 13.4 5.65561
      vertex -17.9233 13.4 5.45737
    endloop
  endfacet
  facet normal 0 1 0
    outer loop
      vertex -17.8383 13.4 5.85974
      vertex -18.5071 13.4 5.14002
      vertex -18.145 13.4 6.6658
    endloop
  endfacet
  facet normal 0 1 0
    outer loop
      vertex -17.9233 13.4 5.45737
      vertex -18.5422 13.4 4.97818
      vertex -18.5071 13.4 5.14002
    endloop
  endfacet
  facet normal 0 1 0
    outer loop
      vertex -17.9233 13.4 5.45737
      vertex -18.5903 13.4 4.72051
      vertex -18.5422 13.4 4.97818
    endloop
  endfacet
  facet normal 0 1 -0
    outer loop
      vertex -18.3118 13.4 3.79938
      vertex -18.5903 13.4 4.72051
      vertex -17.9233 13.4 5.45737
    endloop
  endfacet
  facet normal 0 1 0
    outer loop
      vertex -18.5903 13.4 4.72051
      vertex -18.3118 13.4 3.79938
      vertex -18.6516 13.4 4.36698
    endloop
  endfacet
  facet normal 0 1 0
    outer loop
      vertex -18.8102 13.4 5.07088
      vertex -19.7644 13.4 6.6658
      vertex -19.1561 13.4 6.6658
    endloop
  endfacet
  facet normal 0 1 0
    outer loop
      vertex -19.0238 13.4 3.79938
      vertex -18.8102 13.4 5.07088
      vertex -18.7024 13.4 4.60297
    endloop
  endfacet
  facet normal 0 1 0
    outer loop
      vertex -19.0238 13.4 3.79938
      vertex -18.7024 13.4 4.60297
      vertex -18.6516 13.4 4.36698
    endloop
  endfacet
  facet normal 0 1 0
    outer loop
      vertex -18.8102 13.4 5.07088
      vertex -19.0238 13.4 3.79938
      vertex -19.7644 13.4 6.6658
    endloop
  endfacet
  facet normal 0 1 0
    outer loop
      vertex -19.0238 13.4 3.79938
      vertex -18.6516 13.4 4.36698
      vertex -18.3118 13.4 3.79938
    endloop
  endfacet
  facet normal 0.22801 0 0.973659
    outer loop
      vertex -14.8213 14 3.83872
      vertex -14.565 13.4 3.7787
      vertex -14.565 14 3.7787
    endloop
  endfacet
  facet normal 0.22801 0 0.973659
    outer loop
      vertex -14.565 13.4 3.7787
      vertex -14.8213 14 3.83872
      vertex -14.8213 13.4 3.83872
    endloop
  endfacet
  facet normal 0.39604 0 0.918233
    outer loop
      vertex -15.0532 14 3.93874
      vertex -14.8213 13.4 3.83872
      vertex -14.8213 14 3.83872
    endloop
  endfacet
  facet normal 0.39604 0 0.918233
    outer loop
      vertex -14.8213 13.4 3.83872
      vertex -15.0532 14 3.93874
      vertex -15.0532 13.4 3.93874
    endloop
  endfacet
  facet normal 0.561936 0 0.827181
    outer loop
      vertex -15.256 14 4.07651
      vertex -15.0532 13.4 3.93874
      vertex -15.0532 14 3.93874
    endloop
  endfacet
  facet normal 0.561936 0 0.827181
    outer loop
      vertex -15.0532 13.4 3.93874
      vertex -15.256 14 4.07651
      vertex -15.256 13.4 4.07651
    endloop
  endfacet
  facet normal 0.716266 -0 0.697828
    outer loop
      vertex -15.4248 13.4 4.24977
      vertex -15.256 14 4.07651
      vertex -15.4248 14 4.24977
    endloop
  endfacet
  facet normal 0.716266 0 0.697828
    outer loop
      vertex -15.256 14 4.07651
      vertex -15.4248 13.4 4.24977
      vertex -15.256 13.4 4.07651
    endloop
  endfacet
  facet normal 0.839693 -0 0.543061
    outer loop
      vertex -15.5598 13.4 4.45851
      vertex -15.4248 14 4.24977
      vertex -15.5598 14 4.45851
    endloop
  endfacet
  facet normal 0.839693 0 0.543061
    outer loop
      vertex -15.4248 14 4.24977
      vertex -15.5598 13.4 4.45851
      vertex -15.4248 13.4 4.24977
    endloop
  endfacet
  facet normal 0.924538 -0 0.381089
    outer loop
      vertex -15.6581 13.4 4.69699
      vertex -15.5598 14 4.45851
      vertex -15.6581 14 4.69699
    endloop
  endfacet
  facet normal 0.924538 0 0.381089
    outer loop
      vertex -15.5598 14 4.45851
      vertex -15.6581 13.4 4.69699
      vertex -15.5598 13.4 4.45851
    endloop
  endfacet
  facet normal 0.975649 -0 0.219339
    outer loop
      vertex -15.7171 13.4 4.95943
      vertex -15.6581 14 4.69699
      vertex -15.7171 14 4.95943
    endloop
  endfacet
  facet normal 0.975649 0 0.219339
    outer loop
      vertex -15.6581 14 4.69699
      vertex -15.7171 13.4 4.95943
      vertex -15.6581 13.4 4.69699
    endloop
  endfacet
  facet normal 0.997643 -0 0.0686252
    outer loop
      vertex -15.7368 13.4 5.24582
      vertex -15.7171 14 4.95943
      vertex -15.7368 14 5.24582
    endloop
  endfacet
  facet normal 0.997643 0 0.0686252
    outer loop
      vertex -15.7171 14 4.95943
      vertex -15.7368 13.4 5.24582
      vertex -15.7171 13.4 4.95943
    endloop
  endfacet
  facet normal 0.994944 0 -0.100435
    outer loop
      vertex -15.6942 13.4 5.66783
      vertex -15.7368 14 5.24582
      vertex -15.6942 14 5.66783
    endloop
  endfacet
  facet normal 0.994944 0 -0.100435
    outer loop
      vertex -15.7368 14 5.24582
      vertex -15.6942 13.4 5.66783
      vertex -15.7368 13.4 5.24582
    endloop
  endfacet
  facet normal 0.941521 0 -0.336954
    outer loop
      vertex -15.5663 13.4 6.02521
      vertex -15.6942 14 5.66783
      vertex -15.5663 14 6.02521
    endloop
  endfacet
  facet normal 0.941521 0 -0.336954
    outer loop
      vertex -15.6942 14 5.66783
      vertex -15.5663 13.4 6.02521
      vertex -15.6942 13.4 5.66783
    endloop
  endfacet
  facet normal 0.808578 0 -0.588388
    outer loop
      vertex -15.3533 13.4 6.31792
      vertex -15.5663 14 6.02521
      vertex -15.3533 14 6.31792
    endloop
  endfacet
  facet normal 0.808578 0 -0.588388
    outer loop
      vertex -15.5663 14 6.02521
      vertex -15.3533 13.4 6.31792
      vertex -15.5663 13.4 6.02521
    endloop
  endfacet
  facet normal 0.600726 0 -0.799455
    outer loop
      vertex -15.3533 13.4 6.31792
      vertex -15.0645 14 6.53493
      vertex -15.0645 13.4 6.53493
    endloop
  endfacet
  facet normal 0.600726 0 -0.799455
    outer loop
      vertex -15.0645 14 6.53493
      vertex -15.3533 13.4 6.31792
      vertex -15.3533 14 6.31792
    endloop
  endfacet
  facet normal 0.344332 0 -0.938848
    outer loop
      vertex -15.0645 13.4 6.53493
      vertex -14.7095 14 6.66513
      vertex -14.7095 13.4 6.66513
    endloop
  endfacet
  facet normal 0.344332 0 -0.938848
    outer loop
      vertex -14.7095 14 6.66513
      vertex -15.0645 13.4 6.53493
      vertex -15.0645 14 6.53493
    endloop
  endfacet
  facet normal 0.102496 0 -0.994733
    outer loop
      vertex -14.7095 13.4 6.66513
      vertex -14.2883 14 6.70853
      vertex -14.2883 13.4 6.70853
    endloop
  endfacet
  facet normal 0.102496 0 -0.994733
    outer loop
      vertex -14.2883 14 6.70853
      vertex -14.7095 13.4 6.66513
      vertex -14.7095 14 6.66513
    endloop
  endfacet
  facet normal -0.101468 0 -0.994839
    outer loop
      vertex -14.2883 13.4 6.70853
      vertex -13.8672 14 6.66558
      vertex -13.8672 13.4 6.66558
    endloop
  endfacet
  facet normal -0.101468 0 -0.994839
    outer loop
      vertex -13.8672 14 6.66558
      vertex -14.2883 13.4 6.70853
      vertex -14.2883 14 6.70853
    endloop
  endfacet
  facet normal -0.341435 0 -0.939906
    outer loop
      vertex -13.8672 13.4 6.66558
      vertex -13.5125 14 6.53673
      vertex -13.5125 13.4 6.53673
    endloop
  endfacet
  facet normal -0.341435 0 -0.939906
    outer loop
      vertex -13.5125 14 6.53673
      vertex -13.8672 13.4 6.66558
      vertex -13.8672 14 6.66558
    endloop
  endfacet
  facet normal -0.597504 0 -0.801866
    outer loop
      vertex -13.5125 13.4 6.53673
      vertex -13.2243 14 6.32198
      vertex -13.2243 13.4 6.32198
    endloop
  endfacet
  facet normal -0.597504 0 -0.801866
    outer loop
      vertex -13.2243 14 6.32198
      vertex -13.5125 13.4 6.53673
      vertex -13.5125 14 6.53673
    endloop
  endfacet
  facet normal -0.808083 0 -0.589068
    outer loop
      vertex -13.0119 13.4 6.03061
      vertex -13.2243 14 6.32198
      vertex -13.0119 14 6.03061
    endloop
  endfacet
  facet normal -0.808083 -0 -0.589068
    outer loop
      vertex -13.2243 14 6.32198
      vertex -13.0119 13.4 6.03061
      vertex -13.2243 13.4 6.32198
    endloop
  endfacet
  facet normal -0.942252 0 -0.334905
    outer loop
      vertex -12.8844 13.4 5.67189
      vertex -13.0119 14 6.03061
      vertex -12.8844 14 5.67189
    endloop
  endfacet
  facet normal -0.942252 -0 -0.334905
    outer loop
      vertex -13.0119 14 6.03061
      vertex -12.8844 13.4 5.67189
      vertex -13.0119 13.4 6.03061
    endloop
  endfacet
  facet normal -0.995062 0 -0.0992563
    outer loop
      vertex -12.8419 13.4 5.24582
      vertex -12.8844 14 5.67189
      vertex -12.8419 14 5.24582
    endloop
  endfacet
  facet normal -0.995062 -0 -0.0992563
    outer loop
      vertex -12.8844 14 5.67189
      vertex -12.8419 13.4 5.24582
      vertex -12.8844 13.4 5.67189
    endloop
  endfacet
  facet normal -0.995094 0 0.098938
    outer loop
      vertex -12.8845 13.4 4.81736
      vertex -12.8419 14 5.24582
      vertex -12.8845 14 4.81736
    endloop
  endfacet
  facet normal -0.995094 0 0.098938
    outer loop
      vertex -12.8419 14 5.24582
      vertex -12.8845 13.4 4.81736
      vertex -12.8419 13.4 5.24582
    endloop
  endfacet
  facet normal -0.943286 0 0.33198
    outer loop
      vertex -13.0123 13.4 4.45423
      vertex -12.8845 14 4.81736
      vertex -13.0123 14 4.45423
    endloop
  endfacet
  facet normal -0.943286 0 0.33198
    outer loop
      vertex -12.8845 14 4.81736
      vertex -13.0123 13.4 4.45423
      vertex -12.8845 13.4 4.81736
    endloop
  endfacet
  facet normal -0.813253 0 0.58191
    outer loop
      vertex -13.2254 13.4 4.15641
      vertex -13.0123 14 4.45423
      vertex -13.2254 14 4.15641
    endloop
  endfacet
  facet normal -0.813253 0 0.58191
    outer loop
      vertex -13.0123 14 4.45423
      vertex -13.2254 13.4 4.15641
      vertex -13.0123 13.4 4.45423
    endloop
  endfacet
  facet normal -0.608559 0 0.793509
    outer loop
      vertex -13.5135 14 3.93546
      vertex -13.2254 13.4 4.15641
      vertex -13.2254 14 4.15641
    endloop
  endfacet
  facet normal -0.608559 0 0.793509
    outer loop
      vertex -13.2254 13.4 4.15641
      vertex -13.5135 14 3.93546
      vertex -13.5135 13.4 3.93546
    endloop
  endfacet
  facet normal -0.351664 0 0.936126
    outer loop
      vertex -13.8664 14 3.80289
      vertex -13.5135 13.4 3.93546
      vertex -13.5135 14 3.93546
    endloop
  endfacet
  facet normal -0.351664 0 0.936126
    outer loop
      vertex -13.5135 13.4 3.93546
      vertex -13.8664 14 3.80289
      vertex -13.8664 13.4 3.80289
    endloop
  endfacet
  facet normal -0.105182 0 0.994453
    outer loop
      vertex -14.2842 14 3.7587
      vertex -13.8664 13.4 3.80289
      vertex -13.8664 14 3.80289
    endloop
  endfacet
  facet normal -0.105182 0 0.994453
    outer loop
      vertex -13.8664 13.4 3.80289
      vertex -14.2842 14 3.7587
      vertex -14.2842 13.4 3.7587
    endloop
  endfacet
  facet normal 0.0710451 0 0.997473
    outer loop
      vertex -14.565 14 3.7787
      vertex -14.2842 13.4 3.7587
      vertex -14.2842 14 3.7587
    endloop
  endfacet
  facet normal 0.0710451 0 0.997473
    outer loop
      vertex -14.2842 13.4 3.7587
      vertex -14.565 14 3.7787
      vertex -14.565 13.4 3.7787
    endloop
  endfacet
  facet normal 0.404798 0 -0.914406
    outer loop
      vertex -14.0434 13.4 4.26084
      vertex -13.8389 14 4.35137
      vertex -13.8389 13.4 4.35137
    endloop
  endfacet
  facet normal 0.404798 0 -0.914406
    outer loop
      vertex -13.8389 14 4.35137
      vertex -14.0434 13.4 4.26084
      vertex -14.0434 14 4.26084
    endloop
  endfacet
  facet normal 0.668181 0 -0.743998
    outer loop
      vertex -13.8389 13.4 4.35137
      vertex -13.6709 14 4.50225
      vertex -13.6709 13.4 4.50225
    endloop
  endfacet
  facet normal 0.668181 0 -0.743998
    outer loop
      vertex -13.6709 14 4.50225
      vertex -13.8389 13.4 4.35137
      vertex -13.8389 14 4.35137
    endloop
  endfacet
  facet normal 0.852081 0 -0.52341
    outer loop
      vertex -13.546 13.4 4.70558
      vertex -13.6709 14 4.50225
      vertex -13.546 14 4.70558
    endloop
  endfacet
  facet normal 0.852081 0 -0.52341
    outer loop
      vertex -13.6709 14 4.50225
      vertex -13.546 13.4 4.70558
      vertex -13.6709 13.4 4.50225
    endloop
  endfacet
  facet normal 0.957245 0 -0.289278
    outer loop
      vertex -13.4711 13.4 4.95343
      vertex -13.546 14 4.70558
      vertex -13.4711 14 4.95343
    endloop
  endfacet
  facet normal 0.957245 0 -0.289278
    outer loop
      vertex -13.546 14 4.70558
      vertex -13.4711 13.4 4.95343
      vertex -13.546 13.4 4.70558
    endloop
  endfacet
  facet normal 0.996365 0 -0.0851914
    outer loop
      vertex -13.4461 13.4 5.24582
      vertex -13.4711 14 4.95343
      vertex -13.4461 14 5.24582
    endloop
  endfacet
  facet normal 0.996365 0 -0.0851914
    outer loop
      vertex -13.4711 14 4.95343
      vertex -13.4461 13.4 5.24582
      vertex -13.4711 13.4 4.95343
    endloop
  endfacet
  facet normal 0.996455 -0 0.0841326
    outer loop
      vertex -13.4705 13.4 5.53481
      vertex -13.4461 14 5.24582
      vertex -13.4705 14 5.53481
    endloop
  endfacet
  facet normal 0.996455 0 0.0841326
    outer loop
      vertex -13.4461 14 5.24582
      vertex -13.4705 13.4 5.53481
      vertex -13.4461 13.4 5.24582
    endloop
  endfacet
  facet normal 0.957533 -0 0.288323
    outer loop
      vertex -13.5437 13.4 5.77791
      vertex -13.4705 14 5.53481
      vertex -13.5437 14 5.77791
    endloop
  endfacet
  facet normal 0.957533 0 0.288323
    outer loop
      vertex -13.4705 14 5.53481
      vertex -13.5437 13.4 5.77791
      vertex -13.4705 13.4 5.53481
    endloop
  endfacet
  facet normal 0.850231 -0 0.52641
    outer loop
      vertex -13.6658 13.4 5.97512
      vertex -13.5437 14 5.77791
      vertex -13.6658 14 5.97512
    endloop
  endfacet
  facet normal 0.850231 0 0.52641
    outer loop
      vertex -13.5437 14 5.77791
      vertex -13.6658 13.4 5.97512
      vertex -13.5437 13.4 5.77791
    endloop
  endfacet
  facet normal 0.656659 0 0.754188
    outer loop
      vertex -13.8326 14 6.12035
      vertex -13.6658 13.4 5.97512
      vertex -13.6658 14 5.97512
    endloop
  endfacet
  facet normal 0.656659 0 0.754188
    outer loop
      vertex -13.6658 13.4 5.97512
      vertex -13.8326 14 6.12035
      vertex -13.8326 13.4 6.12035
    endloop
  endfacet
  facet normal 0.387195 0 0.921998
    outer loop
      vertex -14.0401 14 6.20749
      vertex -13.8326 13.4 6.12035
      vertex -13.8326 14 6.12035
    endloop
  endfacet
  facet normal 0.387195 0 0.921998
    outer loop
      vertex -13.8326 13.4 6.12035
      vertex -14.0401 14 6.20749
      vertex -14.0401 13.4 6.20749
    endloop
  endfacet
  facet normal 0.116249 0 0.99322
    outer loop
      vertex -14.2883 14 6.23654
      vertex -14.0401 13.4 6.20749
      vertex -14.0401 14 6.20749
    endloop
  endfacet
  facet normal 0.116249 0 0.99322
    outer loop
      vertex -14.0401 13.4 6.20749
      vertex -14.2883 14 6.23654
      vertex -14.2883 13.4 6.23654
    endloop
  endfacet
  facet normal -0.118761 0 0.992923
    outer loop
      vertex -14.5331 14 6.20726
      vertex -14.2883 13.4 6.23654
      vertex -14.2883 14 6.23654
    endloop
  endfacet
  facet normal -0.118761 0 0.992923
    outer loop
      vertex -14.2883 13.4 6.23654
      vertex -14.5331 14 6.20726
      vertex -14.5331 13.4 6.20726
    endloop
  endfacet
  facet normal -0.392931 0 0.919568
    outer loop
      vertex -14.7386 14 6.11945
      vertex -14.5331 13.4 6.20726
      vertex -14.5331 14 6.20726
    endloop
  endfacet
  facet normal -0.392931 0 0.919568
    outer loop
      vertex -14.5331 13.4 6.20726
      vertex -14.7386 14 6.11945
      vertex -14.7386 13.4 6.11945
    endloop
  endfacet
  facet normal -0.661167 0 0.750238
    outer loop
      vertex -14.9047 14 5.97307
      vertex -14.7386 13.4 6.11945
      vertex -14.7386 14 6.11945
    endloop
  endfacet
  facet normal -0.661167 0 0.750238
    outer loop
      vertex -14.7386 13.4 6.11945
      vertex -14.9047 14 5.97307
      vertex -14.9047 13.4 5.97307
    endloop
  endfacet
  facet normal -0.851017 0 0.525138
    outer loop
      vertex -15.0268 13.4 5.7752
      vertex -14.9047 14 5.97307
      vertex -15.0268 14 5.7752
    endloop
  endfacet
  facet normal -0.851017 0 0.525138
    outer loop
      vertex -14.9047 14 5.97307
      vertex -15.0268 13.4 5.7752
      vertex -14.9047 13.4 5.97307
    endloop
  endfacet
  facet normal -0.957316 0 0.289043
    outer loop
      vertex -15.1 13.4 5.53276
      vertex -15.0268 14 5.7752
      vertex -15.1 14 5.53276
    endloop
  endfacet
  facet normal -0.957316 0 0.289043
    outer loop
      vertex -15.0268 14 5.7752
      vertex -15.1 13.4 5.53276
      vertex -15.0268 13.4 5.7752
    endloop
  endfacet
  facet normal -0.996375 0 0.0850742
    outer loop
      vertex -15.1245 13.4 5.24582
      vertex -15.1 14 5.53276
      vertex -15.1245 14 5.24582
    endloop
  endfacet
  facet normal -0.996375 0 0.0850742
    outer loop
      vertex -15.1 14 5.53276
      vertex -15.1245 13.4 5.24582
      vertex -15.1 13.4 5.53276
    endloop
  endfacet
  facet normal -0.996698 0 -0.0812001
    outer loop
      vertex -15.1001 13.4 4.94632
      vertex -15.1245 14 5.24582
      vertex -15.1001 14 4.94632
    endloop
  endfacet
  facet normal -0.996698 -0 -0.0812001
    outer loop
      vertex -15.1245 14 5.24582
      vertex -15.1001 13.4 4.94632
      vertex -15.1245 13.4 5.24582
    endloop
  endfacet
  facet normal -0.960189 0 -0.27935
    outer loop
      vertex -15.0273 13.4 4.69609
      vertex -15.1001 14 4.94632
      vertex -15.0273 14 4.69609
    endloop
  endfacet
  facet normal -0.960189 -0 -0.27935
    outer loop
      vertex -15.1001 14 4.94632
      vertex -15.0273 13.4 4.69609
      vertex -15.1001 13.4 4.94632
    endloop
  endfacet
  facet normal -0.855552 0 -0.517717
    outer loop
      vertex -14.9057 13.4 4.49514
      vertex -15.0273 14 4.69609
      vertex -14.9057 14 4.49514
    endloop
  endfacet
  facet normal -0.855552 -0 -0.517717
    outer loop
      vertex -15.0273 14 4.69609
      vertex -14.9057 13.4 4.49514
      vertex -15.0273 13.4 4.69609
    endloop
  endfacet
  facet normal -0.662338 0 -0.749205
    outer loop
      vertex -14.9057 13.4 4.49514
      vertex -14.7395 14 4.34821
      vertex -14.7395 13.4 4.34821
    endloop
  endfacet
  facet normal -0.662338 0 -0.749205
    outer loop
      vertex -14.7395 14 4.34821
      vertex -14.9057 13.4 4.49514
      vertex -14.9057 14 4.49514
    endloop
  endfacet
  facet normal -0.391554 0 -0.920155
    outer loop
      vertex -14.7395 13.4 4.34821
      vertex -14.5323 14 4.26004
      vertex -14.5323 13.4 4.26004
    endloop
  endfacet
  facet normal -0.391554 0 -0.920155
    outer loop
      vertex -14.5323 14 4.26004
      vertex -14.7395 13.4 4.34821
      vertex -14.7395 14 4.34821
    endloop
  endfacet
  facet normal -0.117559 0 -0.993066
    outer loop
      vertex -14.5323 13.4 4.26004
      vertex -14.2842 14 4.23067
      vertex -14.2842 13.4 4.23067
    endloop
  endfacet
  facet normal -0.117559 0 -0.993066
    outer loop
      vertex -14.2842 14 4.23067
      vertex -14.5323 13.4 4.26004
      vertex -14.5323 14 4.26004
    endloop
  endfacet
  facet normal 0.124319 0 -0.992242
    outer loop
      vertex -14.2842 13.4 4.23067
      vertex -14.0434 14 4.26084
      vertex -14.0434 13.4 4.26084
    endloop
  endfacet
  facet normal 0.124319 0 -0.992242
    outer loop
      vertex -14.0434 14 4.26084
      vertex -14.2842 13.4 4.23067
      vertex -14.2842 14 4.23067
    endloop
  endfacet
  facet normal 0.236169 0 0.971712
    outer loop
      vertex -21.7398 14 3.8577
      vertex -21.4343 13.4 3.78345
      vertex -21.4343 14 3.78345
    endloop
  endfacet
  facet normal 0.236169 0 0.971712
    outer loop
      vertex -21.4343 13.4 3.78345
      vertex -21.7398 14 3.8577
      vertex -21.7398 13.4 3.8577
    endloop
  endfacet
  facet normal 0.457386 0 0.889268
    outer loop
      vertex -21.9804 14 3.98145
      vertex -21.7398 13.4 3.8577
      vertex -21.7398 14 3.8577
    endloop
  endfacet
  facet normal 0.457386 0 0.889268
    outer loop
      vertex -21.7398 13.4 3.8577
      vertex -21.9804 14 3.98145
      vertex -21.9804 13.4 3.98145
    endloop
  endfacet
  facet normal 0.701039 0 0.713123
    outer loop
      vertex -22.1539 14 4.15201
      vertex -21.9804 13.4 3.98145
      vertex -21.9804 14 3.98145
    endloop
  endfacet
  facet normal 0.701039 0 0.713123
    outer loop
      vertex -21.9804 13.4 3.98145
      vertex -22.1539 14 4.15201
      vertex -22.1539 13.4 4.15201
    endloop
  endfacet
  facet normal 0.899753 -0 0.436399
    outer loop
      vertex -22.258 13.4 4.36664
      vertex -22.1539 14 4.15201
      vertex -22.258 14 4.36664
    endloop
  endfacet
  facet normal 0.899753 0 0.436399
    outer loop
      vertex -22.1539 14 4.15201
      vertex -22.258 13.4 4.36664
      vertex -22.1539 13.4 4.15201
    endloop
  endfacet
  facet normal 0.991124 -0 0.132942
    outer loop
      vertex -22.2927 13.4 4.62534
      vertex -22.258 14 4.36664
      vertex -22.2927 14 4.62534
    endloop
  endfacet
  facet normal 0.991124 0 0.132942
    outer loop
      vertex -22.258 14 4.36664
      vertex -22.2927 13.4 4.62534
      vertex -22.258 13.4 4.36664
    endloop
  endfacet
  facet normal 0.998589 0 -0.0531025
    outer loop
      vertex -22.2866 13.4 4.74005
      vertex -22.2927 14 4.62534
      vertex -22.2866 14 4.74005
    endloop
  endfacet
  facet normal 0.998589 0 -0.0531025
    outer loop
      vertex -22.2927 14 4.62534
      vertex -22.2866 13.4 4.74005
      vertex -22.2927 13.4 4.62534
    endloop
  endfacet
  facet normal 0.985271 0 -0.171002
    outer loop
      vertex -22.2683 13.4 4.84549
      vertex -22.2866 14 4.74005
      vertex -22.2683 14 4.84549
    endloop
  endfacet
  facet normal 0.985271 0 -0.171002
    outer loop
      vertex -22.2866 14 4.74005
      vertex -22.2683 13.4 4.84549
      vertex -22.2866 13.4 4.74005
    endloop
  endfacet
  facet normal 0.953219 0 -0.302279
    outer loop
      vertex -22.2378 13.4 4.94167
      vertex -22.2683 14 4.84549
      vertex -22.2378 14 4.94167
    endloop
  endfacet
  facet normal 0.953219 0 -0.302279
    outer loop
      vertex -22.2683 14 4.84549
      vertex -22.2378 13.4 4.94167
      vertex -22.2683 13.4 4.84549
    endloop
  endfacet
  facet normal 0.900635 0 -0.434576
    outer loop
      vertex -22.1957 13.4 5.02892
      vertex -22.2378 14 4.94167
      vertex -22.1957 14 5.02892
    endloop
  endfacet
  facet normal 0.900635 0 -0.434576
    outer loop
      vertex -22.2378 14 4.94167
      vertex -22.1957 13.4 5.02892
      vertex -22.2378 13.4 4.94167
    endloop
  endfacet
  facet normal 0.829837 0 -0.558006
    outer loop
      vertex -22.1428 13.4 5.10759
      vertex -22.1957 14 5.02892
      vertex -22.1428 14 5.10759
    endloop
  endfacet
  facet normal 0.829837 0 -0.558006
    outer loop
      vertex -22.1957 14 5.02892
      vertex -22.1428 13.4 5.10759
      vertex -22.1957 13.4 5.02892
    endloop
  endfacet
  facet normal 0.740036 0 -0.672568
    outer loop
      vertex -22.0791 13.4 5.17768
      vertex -22.1428 14 5.10759
      vertex -22.0791 14 5.17768
    endloop
  endfacet
  facet normal 0.740036 0 -0.672568
    outer loop
      vertex -22.1428 14 5.10759
      vertex -22.0791 13.4 5.17768
      vertex -22.1428 13.4 5.10759
    endloop
  endfacet
  facet normal 0.631573 0 -0.775317
    outer loop
      vertex -22.0791 13.4 5.17768
      vertex -22.0017 14 5.24073
      vertex -22.0017 13.4 5.24073
    endloop
  endfacet
  facet normal 0.631573 0 -0.775317
    outer loop
      vertex -22.0017 14 5.24073
      vertex -22.0791 13.4 5.17768
      vertex -22.0791 14 5.17768
    endloop
  endfacet
  facet normal 0.522675 0 -0.852532
    outer loop
      vertex -22.0017 13.4 5.24073
      vertex -21.9077 14 5.29836
      vertex -21.9077 13.4 5.29836
    endloop
  endfacet
  facet normal 0.522675 0 -0.852532
    outer loop
      vertex -21.9077 14 5.29836
      vertex -22.0017 13.4 5.24073
      vertex -22.0017 14 5.24073
    endloop
  endfacet
  facet normal 0.42752 0 -0.904006
    outer loop
      vertex -21.9077 13.4 5.29836
      vertex -21.7973 14 5.35057
      vertex -21.7973 13.4 5.35057
    endloop
  endfacet
  facet normal 0.42752 0 -0.904006
    outer loop
      vertex -21.7973 14 5.35057
      vertex -21.9077 13.4 5.29836
      vertex -21.9077 14 5.29836
    endloop
  endfacet
  facet normal 0.332295 0 -0.943176
    outer loop
      vertex -21.7973 13.4 5.35057
      vertex -21.6526 14 5.40155
      vertex -21.6526 13.4 5.40155
    endloop
  endfacet
  facet normal 0.332295 0 -0.943176
    outer loop
      vertex -21.6526 14 5.40155
      vertex -21.7973 13.4 5.35057
      vertex -21.7973 14 5.35057
    endloop
  endfacet
  facet normal 0.26395 0 -0.964536
    outer loop
      vertex -21.6526 13.4 5.40155
      vertex -21.4556 14 5.45546
      vertex -21.4556 13.4 5.45546
    endloop
  endfacet
  facet normal 0.26395 0 -0.964536
    outer loop
      vertex -21.4556 14 5.45546
      vertex -21.6526 13.4 5.40155
      vertex -21.6526 14 5.40155
    endloop
  endfacet
  facet normal 0.222294 0 -0.97498
    outer loop
      vertex -21.4556 13.4 5.45546
      vertex -21.2063 14 5.5123
      vertex -21.2063 13.4 5.5123
    endloop
  endfacet
  facet normal 0.222294 0 -0.97498
    outer loop
      vertex -21.2063 14 5.5123
      vertex -21.4556 13.4 5.45546
      vertex -21.4556 14 5.45546
    endloop
  endfacet
  facet normal 0.224161 0 -0.974552
    outer loop
      vertex -21.2063 13.4 5.5123
      vertex -21.0004 14 5.55966
      vertex -21.0004 13.4 5.55966
    endloop
  endfacet
  facet normal 0.224161 0 -0.974552
    outer loop
      vertex -21.0004 14 5.55966
      vertex -21.2063 13.4 5.5123
      vertex -21.2063 14 5.5123
    endloop
  endfacet
  facet normal 0.261583 0 -0.965181
    outer loop
      vertex -21.0004 13.4 5.55966
      vertex -20.8465 14 5.60137
      vertex -20.8465 13.4 5.60137
    endloop
  endfacet
  facet normal 0.261583 0 -0.965181
    outer loop
      vertex -20.8465 14 5.60137
      vertex -21.0004 13.4 5.55966
      vertex -21.0004 14 5.55966
    endloop
  endfacet
  facet normal 0.333149 0 -0.942874
    outer loop
      vertex -20.8465 13.4 5.60137
      vertex -20.7445 14 5.63741
      vertex -20.7445 13.4 5.63741
    endloop
  endfacet
  facet normal 0.333149 0 -0.942874
    outer loop
      vertex -20.7445 14 5.63741
      vertex -20.8465 13.4 5.60137
      vertex -20.8465 14 5.60137
    endloop
  endfacet
  facet normal 0.454965 0 -0.890509
    outer loop
      vertex -20.7445 13.4 5.63741
      vertex -20.6748 14 5.67302
      vertex -20.6748 13.4 5.67302
    endloop
  endfacet
  facet normal 0.454965 0 -0.890509
    outer loop
      vertex -20.6748 14 5.67302
      vertex -20.7445 13.4 5.63741
      vertex -20.7445 14 5.63741
    endloop
  endfacet
  facet normal 0.575758 0 -0.81762
    outer loop
      vertex -20.6748 13.4 5.67302
      vertex -20.6175 14 5.71337
      vertex -20.6175 13.4 5.71337
    endloop
  endfacet
  facet normal 0.575758 0 -0.81762
    outer loop
      vertex -20.6175 14 5.71337
      vertex -20.6748 13.4 5.67302
      vertex -20.6748 14 5.67302
    endloop
  endfacet
  facet normal 0.708598 0 -0.705612
    outer loop
      vertex -20.5726 13.4 5.75846
      vertex -20.6175 14 5.71337
      vertex -20.5726 14 5.75846
    endloop
  endfacet
  facet normal 0.708598 0 -0.705612
    outer loop
      vertex -20.6175 14 5.71337
      vertex -20.5726 13.4 5.75846
      vertex -20.6175 13.4 5.71337
    endloop
  endfacet
  facet normal 0.850195 0 -0.526467
    outer loop
      vertex -20.5404 13.4 5.81046
      vertex -20.5726 14 5.75846
      vertex -20.5404 14 5.81046
    endloop
  endfacet
  facet normal 0.850195 0 -0.526467
    outer loop
      vertex -20.5726 14 5.75846
      vertex -20.5404 13.4 5.81046
      vertex -20.5726 13.4 5.75846
    endloop
  endfacet
  facet normal 0.95346 0 -0.30152
    outer loop
      vertex -20.5211 13.4 5.87149
      vertex -20.5404 14 5.81046
      vertex -20.5211 14 5.87149
    endloop
  endfacet
  facet normal 0.95346 0 -0.30152
    outer loop
      vertex -20.5404 14 5.81046
      vertex -20.5211 13.4 5.87149
      vertex -20.5404 13.4 5.81046
    endloop
  endfacet
  facet normal 0.995857 0 -0.0909329
    outer loop
      vertex -20.5147 13.4 5.94158
      vertex -20.5211 14 5.87149
      vertex -20.5147 14 5.94158
    endloop
  endfacet
  facet normal 0.995857 0 -0.0909329
    outer loop
      vertex -20.5211 14 5.87149
      vertex -20.5147 13.4 5.94158
      vertex -20.5211 13.4 5.87149
    endloop
  endfacet
  facet normal 0.95265 -0 0.304069
    outer loop
      vertex -20.5753 13.4 6.13144
      vertex -20.5147 14 5.94158
      vertex -20.5753 14 6.13144
    endloop
  endfacet
  facet normal 0.95265 0 0.304069
    outer loop
      vertex -20.5147 14 5.94158
      vertex -20.5753 13.4 6.13144
      vertex -20.5147 13.4 5.94158
    endloop
  endfacet
  facet normal 0.531197 0 0.847248
    outer loop
      vertex -20.757 14 6.24536
      vertex -20.5753 13.4 6.13144
      vertex -20.5753 14 6.13144
    endloop
  endfacet
  facet normal 0.531197 0 0.847248
    outer loop
      vertex -20.5753 13.4 6.13144
      vertex -20.757 14 6.24536
      vertex -20.757 13.4 6.24536
    endloop
  endfacet
  facet normal 0.124414 0 0.99223
    outer loop
      vertex -21.0599 14 6.28334
      vertex -20.757 13.4 6.24536
      vertex -20.757 14 6.24536
    endloop
  endfacet
  facet normal 0.124414 0 0.99223
    outer loop
      vertex -20.757 13.4 6.24536
      vertex -21.0599 14 6.28334
      vertex -21.0599 13.4 6.28334
    endloop
  endfacet
  facet normal -0.0658466 0 0.99783
    outer loop
      vertex -21.2175 14 6.27294
      vertex -21.0599 13.4 6.28334
      vertex -21.0599 14 6.28334
    endloop
  endfacet
  facet normal -0.0658466 0 0.99783
    outer loop
      vertex -21.0599 13.4 6.28334
      vertex -21.2175 14 6.27294
      vertex -21.2175 13.4 6.27294
    endloop
  endfacet
  facet normal -0.231257 0 0.972893
    outer loop
      vertex -21.3488 14 6.24173
      vertex -21.2175 13.4 6.27294
      vertex -21.2175 14 6.27294
    endloop
  endfacet
  facet normal -0.231257 0 0.972893
    outer loop
      vertex -21.2175 13.4 6.27294
      vertex -21.3488 14 6.24173
      vertex -21.3488 13.4 6.24173
    endloop
  endfacet
  facet normal -0.444817 0 0.895622
    outer loop
      vertex -21.4535 14 6.18973
      vertex -21.3488 13.4 6.24173
      vertex -21.3488 14 6.24173
    endloop
  endfacet
  facet normal -0.444817 0 0.895622
    outer loop
      vertex -21.3488 13.4 6.24173
      vertex -21.4535 14 6.18973
      vertex -21.4535 13.4 6.18973
    endloop
  endfacet
  facet normal -0.665764 0 0.746162
    outer loop
      vertex -21.5348 14 6.11719
      vertex -21.4535 13.4 6.18973
      vertex -21.4535 14 6.18973
    endloop
  endfacet
  facet normal -0.665764 0 0.746162
    outer loop
      vertex -21.4535 13.4 6.18973
      vertex -21.5348 14 6.11719
      vertex -21.5348 13.4 6.11719
    endloop
  endfacet
  facet normal -0.837171 0 0.546941
    outer loop
      vertex -21.5955 13.4 6.02428
      vertex -21.5348 14 6.11719
      vertex -21.5955 14 6.02428
    endloop
  endfacet
  facet normal -0.837171 0 0.546941
    outer loop
      vertex -21.5348 14 6.11719
      vertex -21.5955 13.4 6.02428
      vertex -21.5348 13.4 6.11719
    endloop
  endfacet
  facet normal -0.942643 0 0.333804
    outer loop
      vertex -21.6356 13.4 5.91104
      vertex -21.5955 14 6.02428
      vertex -21.6356 14 5.91104
    endloop
  endfacet
  facet normal -0.942643 0 0.333804
    outer loop
      vertex -21.5955 14 6.02428
      vertex -21.6356 13.4 5.91104
      vertex -21.5955 13.4 6.02428
    endloop
  endfacet
  facet normal 0.135136 0 0.990827
    outer loop
      vertex -22.2174 14 5.99039
      vertex -21.6356 13.4 5.91104
      vertex -21.6356 14 5.91104
    endloop
  endfacet
  facet normal 0.135136 0 0.990827
    outer loop
      vertex -21.6356 13.4 5.91104
      vertex -22.2174 14 5.99039
      vertex -22.2174 13.4 5.99039
    endloop
  endfacet
  facet normal 0.954418 0 -0.298474
    outer loop
      vertex -22.1448 13.4 6.22254
      vertex -22.2174 14 5.99039
      vertex -22.1448 14 6.22254
    endloop
  endfacet
  facet normal 0.954418 0 -0.298474
    outer loop
      vertex -22.2174 14 5.99039
      vertex -22.1448 13.4 6.22254
      vertex -22.2174 13.4 5.99039
    endloop
  endfacet
  facet normal 0.8477 0 -0.530476
    outer loop
      vertex -22.0298 13.4 6.40631
      vertex -22.1448 14 6.22254
      vertex -22.0298 14 6.40631
    endloop
  endfacet
  facet normal 0.8477 0 -0.530476
    outer loop
      vertex -22.1448 14 6.22254
      vertex -22.0298 13.4 6.40631
      vertex -22.1448 13.4 6.22254
    endloop
  endfacet
  facet normal 0.65256 0 -0.757737
    outer loop
      vertex -22.0298 13.4 6.40631
      vertex -21.8726 14 6.54169
      vertex -21.8726 13.4 6.54169
    endloop
  endfacet
  facet normal 0.65256 0 -0.757737
    outer loop
      vertex -21.8726 14 6.54169
      vertex -22.0298 13.4 6.40631
      vertex -22.0298 14 6.40631
    endloop
  endfacet
  facet normal 0.407239 0 -0.913322
    outer loop
      vertex -21.8726 13.4 6.54169
      vertex -21.6647 14 6.63439
      vertex -21.6647 13.4 6.63439
    endloop
  endfacet
  facet normal 0.407239 0 -0.913322
    outer loop
      vertex -21.6647 14 6.63439
      vertex -21.8726 13.4 6.54169
      vertex -21.8726 14 6.54169
    endloop
  endfacet
  facet normal 0.204013 0 -0.978968
    outer loop
      vertex -21.6647 13.4 6.63439
      vertex -21.3979 14 6.68999
      vertex -21.3979 13.4 6.68999
    endloop
  endfacet
  facet normal 0.204013 0 -0.978968
    outer loop
      vertex -21.3979 14 6.68999
      vertex -21.6647 13.4 6.63439
      vertex -21.6647 14 6.63439
    endloop
  endfacet
  facet normal 0.0568142 0 -0.998385
    outer loop
      vertex -21.3979 13.4 6.68999
      vertex -21.0721 14 6.70853
      vertex -21.0721 13.4 6.70853
    endloop
  endfacet
  facet normal 0.0568142 0 -0.998385
    outer loop
      vertex -21.0721 14 6.70853
      vertex -21.3979 13.4 6.68999
      vertex -21.3979 14 6.68999
    endloop
  endfacet
  facet normal -0.0669352 0 -0.997757
    outer loop
      vertex -21.0721 13.4 6.70853
      vertex -20.73 14 6.68558
      vertex -20.73 13.4 6.68558
    endloop
  endfacet
  facet normal -0.0669352 0 -0.997757
    outer loop
      vertex -20.73 14 6.68558
      vertex -21.0721 13.4 6.70853
      vertex -21.0721 14 6.70853
    endloop
  endfacet
  facet normal -0.236247 0 -0.971693
    outer loop
      vertex -20.73 13.4 6.68558
      vertex -20.4469 14 6.61675
      vertex -20.4469 13.4 6.61675
    endloop
  endfacet
  facet normal -0.236247 0 -0.971693
    outer loop
      vertex -20.4469 14 6.61675
      vertex -20.73 13.4 6.68558
      vertex -20.73 14 6.68558
    endloop
  endfacet
  facet normal -0.455517 0 -0.890227
    outer loop
      vertex -20.4469 13.4 6.61675
      vertex -20.2227 14 6.50203
      vertex -20.2227 13.4 6.50203
    endloop
  endfacet
  facet normal -0.455517 0 -0.890227
    outer loop
      vertex -20.2227 14 6.50203
      vertex -20.4469 13.4 6.61675
      vertex -20.4469 14 6.61675
    endloop
  endfacet
  facet normal -0.697721 0 -0.71637
    outer loop
      vertex -20.2227 13.4 6.50203
      vertex -20.0606 14 6.34415
      vertex -20.0606 13.4 6.34415
    endloop
  endfacet
  facet normal -0.697721 0 -0.71637
    outer loop
      vertex -20.0606 14 6.34415
      vertex -20.2227 13.4 6.50203
      vertex -20.2227 14 6.50203
    endloop
  endfacet
  facet normal -0.897617 0 -0.440776
    outer loop
      vertex -19.9632 13.4 6.1458
      vertex -20.0606 14 6.34415
      vertex -19.9632 14 6.1458
    endloop
  endfacet
  facet normal -0.897617 -0 -0.440776
    outer loop
      vertex -20.0606 14 6.34415
      vertex -19.9632 13.4 6.1458
      vertex -20.0606 13.4 6.34415
    endloop
  endfacet
  facet normal -0.990922 0 -0.134441
    outer loop
      vertex -19.9308 13.4 5.90699
      vertex -19.9632 14 6.1458
      vertex -19.9308 14 5.90699
    endloop
  endfacet
  facet normal -0.990922 -0 -0.134441
    outer loop
      vertex -19.9632 14 6.1458
      vertex -19.9308 13.4 5.90699
      vertex -19.9632 13.4 6.1458
    endloop
  endfacet
  facet normal -0.998991 0 0.0449122
    outer loop
      vertex -19.9352 13.4 5.80912
      vertex -19.9308 14 5.90699
      vertex -19.9352 14 5.80912
    endloop
  endfacet
  facet normal -0.998991 0 0.0449122
    outer loop
      vertex -19.9308 14 5.90699
      vertex -19.9352 13.4 5.80912
      vertex -19.9308 13.4 5.90699
    endloop
  endfacet
  facet normal -0.989461 0 0.144799
    outer loop
      vertex -19.9484 13.4 5.71892
      vertex -19.9352 14 5.80912
      vertex -19.9484 14 5.71892
    endloop
  endfacet
  facet normal -0.989461 0 0.144799
    outer loop
      vertex -19.9352 14 5.80912
      vertex -19.9484 13.4 5.71892
      vertex -19.9352 13.4 5.80912
    endloop
  endfacet
  facet normal -0.965943 0 0.258756
    outer loop
      vertex -19.9705 13.4 5.63642
      vertex -19.9484 14 5.71892
      vertex -19.9705 14 5.63642
    endloop
  endfacet
  facet normal -0.965943 0 0.258756
    outer loop
      vertex -19.9484 14 5.71892
      vertex -19.9705 13.4 5.63642
      vertex -19.9484 13.4 5.71892
    endloop
  endfacet
  facet normal -0.929376 0 0.369133
    outer loop
      vertex -20.0004 13.4 5.56114
      vertex -19.9705 14 5.63642
      vertex -20.0004 14 5.56114
    endloop
  endfacet
  facet normal -0.929376 0 0.369133
    outer loop
      vertex -19.9705 14 5.63642
      vertex -20.0004 13.4 5.56114
      vertex -19.9705 13.4 5.63642
    endloop
  endfacet
  facet normal -0.879794 0 0.475356
    outer loop
      vertex -20.0374 13.4 5.49266
      vertex -20.0004 14 5.56114
      vertex -20.0374 14 5.49266
    endloop
  endfacet
  facet normal -0.879794 0 0.475356
    outer loop
      vertex -20.0004 14 5.56114
      vertex -20.0374 13.4 5.49266
      vertex -20.0004 13.4 5.56114
    endloop
  endfacet
  facet normal -0.814892 0 0.579613
    outer loop
      vertex -20.0813 13.4 5.43094
      vertex -20.0374 14 5.49266
      vertex -20.0813 14 5.43094
    endloop
  endfacet
  facet normal -0.814892 0 0.579613
    outer loop
      vertex -20.0374 14 5.49266
      vertex -20.0813 13.4 5.43094
      vertex -20.0374 13.4 5.49266
    endloop
  endfacet
  facet normal -0.736928 0 0.675971
    outer loop
      vertex -20.1322 13.4 5.37545
      vertex -20.0813 14 5.43094
      vertex -20.1322 14 5.37545
    endloop
  endfacet
  facet normal -0.736928 0 0.675971
    outer loop
      vertex -20.0813 14 5.43094
      vertex -20.1322 13.4 5.37545
      vertex -20.0813 13.4 5.43094
    endloop
  endfacet
  facet normal -0.654481 0 0.756079
    outer loop
      vertex -20.1898 14 5.32559
      vertex -20.1322 13.4 5.37545
      vertex -20.1322 14 5.37545
    endloop
  endfacet
  facet normal -0.654481 0 0.756079
    outer loop
      vertex -20.1322 13.4 5.37545
      vertex -20.1898 14 5.32559
      vertex -20.1898 13.4 5.32559
    endloop
  endfacet
  facet normal -0.565877 0 0.82449
    outer loop
      vertex -20.2542 14 5.28139
      vertex -20.1898 13.4 5.32559
      vertex -20.1898 14 5.32559
    endloop
  endfacet
  facet normal -0.565877 0 0.82449
    outer loop
      vertex -20.1898 13.4 5.32559
      vertex -20.2542 14 5.28139
      vertex -20.2542 13.4 5.28139
    endloop
  endfacet
  facet normal -0.488735 0 0.872432
    outer loop
      vertex -20.3248 14 5.24184
      vertex -20.2542 13.4 5.28139
      vertex -20.2542 14 5.28139
    endloop
  endfacet
  facet normal -0.488735 0 0.872432
    outer loop
      vertex -20.2542 13.4 5.28139
      vertex -20.3248 14 5.24184
      vertex -20.3248 13.4 5.24184
    endloop
  endfacet
  facet normal -0.427963 0 0.903796
    outer loop
      vertex -20.4007 14 5.2059
      vertex -20.3248 13.4 5.24184
      vertex -20.3248 14 5.24184
    endloop
  endfacet
  facet normal -0.427963 0 0.903796
    outer loop
      vertex -20.3248 13.4 5.24184
      vertex -20.4007 14 5.2059
      vertex -20.4007 13.4 5.2059
    endloop
  endfacet
  facet normal -0.368929 0 0.929458
    outer loop
      vertex -20.4821 14 5.17359
      vertex -20.4007 13.4 5.2059
      vertex -20.4007 14 5.2059
    endloop
  endfacet
  facet normal -0.368929 0 0.929458
    outer loop
      vertex -20.4007 13.4 5.2059
      vertex -20.4821 14 5.17359
      vertex -20.4821 13.4 5.17359
    endloop
  endfacet
  facet normal -0.304073 0 0.952649
    outer loop
      vertex -20.5879 14 5.13982
      vertex -20.4821 13.4 5.17359
      vertex -20.4821 14 5.17359
    endloop
  endfacet
  facet normal -0.304073 0 0.952649
    outer loop
      vertex -20.4821 13.4 5.17359
      vertex -20.5879 14 5.13982
      vertex -20.5879 13.4 5.13982
    endloop
  endfacet
  facet normal -0.261064 0 0.965322
    outer loop
      vertex -20.7371 14 5.09947
      vertex -20.5879 13.4 5.13982
      vertex -20.5879 14 5.13982
    endloop
  endfacet
  facet normal -0.261064 0 0.965322
    outer loop
      vertex -20.5879 13.4 5.13982
      vertex -20.7371 14 5.09947
      vertex -20.7371 13.4 5.09947
    endloop
  endfacet
  facet normal -0.236596 0 0.971608
    outer loop
      vertex -20.9297 14 5.05257
      vertex -20.7371 13.4 5.09947
      vertex -20.7371 14 5.09947
    endloop
  endfacet
  facet normal -0.236596 0 0.971608
    outer loop
      vertex -20.7371 13.4 5.09947
      vertex -20.9297 14 5.05257
      vertex -20.9297 13.4 5.05257
    endloop
  endfacet
  facet normal -0.210657 0 0.97756
    outer loop
      vertex -21.1511 14 5.00486
      vertex -20.9297 13.4 5.05257
      vertex -20.9297 14 5.05257
    endloop
  endfacet
  facet normal -0.210657 0 0.97756
    outer loop
      vertex -20.9297 13.4 5.05257
      vertex -21.1511 14 5.00486
      vertex -21.1511 13.4 5.00486
    endloop
  endfacet
  facet normal -0.246773 0 0.969073
    outer loop
      vertex -21.3189 14 4.96213
      vertex -21.1511 13.4 5.00486
      vertex -21.1511 14 5.00486
    endloop
  endfacet
  facet normal -0.246773 0 0.969073
    outer loop
      vertex -21.1511 13.4 5.00486
      vertex -21.3189 14 4.96213
      vertex -21.3189 13.4 4.96213
    endloop
  endfacet
  facet normal -0.31361 0 0.949552
    outer loop
      vertex -21.4332 14 4.92438
      vertex -21.3189 13.4 4.96213
      vertex -21.3189 14 4.96213
    endloop
  endfacet
  facet normal -0.31361 0 0.949552
    outer loop
      vertex -21.3189 13.4 4.96213
      vertex -21.4332 14 4.92438
      vertex -21.4332 13.4 4.92438
    endloop
  endfacet
  facet normal -0.42689 0 0.904304
    outer loop
      vertex -21.5141 14 4.88619
      vertex -21.4332 13.4 4.92438
      vertex -21.4332 14 4.92438
    endloop
  endfacet
  facet normal -0.42689 0 0.904304
    outer loop
      vertex -21.4332 13.4 4.92438
      vertex -21.5141 14 4.88619
      vertex -21.5141 13.4 4.88619
    endloop
  endfacet
  facet normal -0.545162 0 0.838331
    outer loop
      vertex -21.5819 14 4.8421
      vertex -21.5141 13.4 4.88619
      vertex -21.5141 14 4.88619
    endloop
  endfacet
  facet normal -0.545162 0 0.838331
    outer loop
      vertex -21.5141 13.4 4.88619
      vertex -21.5819 14 4.8421
      vertex -21.5819 13.4 4.8421
    endloop
  endfacet
  facet normal -0.674317 0 0.738442
    outer loop
      vertex -21.6366 14 4.79215
      vertex -21.5819 13.4 4.8421
      vertex -21.5819 14 4.8421
    endloop
  endfacet
  facet normal -0.674317 0 0.738442
    outer loop
      vertex -21.5819 13.4 4.8421
      vertex -21.6366 14 4.79215
      vertex -21.6366 13.4 4.79215
    endloop
  endfacet
  facet normal -0.820841 0 0.571156
    outer loop
      vertex -21.6767 13.4 4.73452
      vertex -21.6366 14 4.79215
      vertex -21.6767 14 4.73452
    endloop
  endfacet
  facet normal -0.820841 0 0.571156
    outer loop
      vertex -21.6366 14 4.79215
      vertex -21.6767 13.4 4.73452
      vertex -21.6366 13.4 4.79215
    endloop
  endfacet
  facet normal -0.941202 0 0.337846
    outer loop
      vertex -21.7008 13.4 4.66738
      vertex -21.6767 14 4.73452
      vertex -21.7008 14 4.66738
    endloop
  endfacet
  facet normal -0.941202 0 0.337846
    outer loop
      vertex -21.6767 14 4.73452
      vertex -21.7008 13.4 4.66738
      vertex -21.6767 13.4 4.73452
    endloop
  endfacet
  facet normal -0.994595 0 0.103833
    outer loop
      vertex -21.7088 13.4 4.59075
      vertex -21.7008 14 4.66738
      vertex -21.7088 14 4.59075
    endloop
  endfacet
  facet normal -0.994595 0 0.103833
    outer loop
      vertex -21.7008 14 4.66738
      vertex -21.7088 13.4 4.59075
      vertex -21.7008 13.4 4.66738
    endloop
  endfacet
  facet normal -0.950051 0 -0.312093
    outer loop
      vertex -21.639 13.4 4.37827
      vertex -21.7088 14 4.59075
      vertex -21.639 14 4.37827
    endloop
  endfacet
  facet normal -0.950051 -0 -0.312093
    outer loop
      vertex -21.7088 14 4.59075
      vertex -21.639 13.4 4.37827
      vertex -21.7088 13.4 4.59075
    endloop
  endfacet
  facet normal -0.519853 0 -0.854256
    outer loop
      vertex -21.639 13.4 4.37827
      vertex -21.4295 14 4.25078
      vertex -21.4295 13.4 4.25078
    endloop
  endfacet
  facet normal -0.519853 0 -0.854256
    outer loop
      vertex -21.4295 14 4.25078
      vertex -21.639 13.4 4.37827
      vertex -21.639 14 4.37827
    endloop
  endfacet
  facet normal -0.120753 0 -0.992683
    outer loop
      vertex -21.4295 13.4 4.25078
      vertex -21.0802 14 4.20829
      vertex -21.0802 13.4 4.20829
    endloop
  endfacet
  facet normal -0.120753 0 -0.992683
    outer loop
      vertex -21.0802 14 4.20829
      vertex -21.4295 13.4 4.25078
      vertex -21.4295 14 4.25078
    endloop
  endfacet
  facet normal 0.0607733 0 -0.998152
    outer loop
      vertex -21.0802 13.4 4.20829
      vertex -20.8928 14 4.2197
      vertex -20.8928 13.4 4.2197
    endloop
  endfacet
  facet normal 0.0607733 0 -0.998152
    outer loop
      vertex -20.8928 14 4.2197
      vertex -21.0802 13.4 4.20829
      vertex -21.0802 14 4.20829
    endloop
  endfacet
  facet normal 0.211793 0 -0.977315
    outer loop
      vertex -20.8928 13.4 4.2197
      vertex -20.7348 14 4.25394
      vertex -20.7348 13.4 4.25394
    endloop
  endfacet
  facet normal 0.211793 0 -0.977315
    outer loop
      vertex -20.7348 14 4.25394
      vertex -20.8928 13.4 4.2197
      vertex -20.8928 14 4.2197
    endloop
  endfacet
  facet normal 0.405631 0 -0.914037
    outer loop
      vertex -20.7348 13.4 4.25394
      vertex -20.6062 14 4.31101
      vertex -20.6062 13.4 4.31101
    endloop
  endfacet
  facet normal 0.405631 0 -0.914037
    outer loop
      vertex -20.6062 14 4.31101
      vertex -20.7348 13.4 4.25394
      vertex -20.7348 14 4.25394
    endloop
  endfacet
  facet normal 0.63023 0 -0.776409
    outer loop
      vertex -20.6062 13.4 4.31101
      vertex -20.5047 14 4.3934
      vertex -20.5047 13.4 4.3934
    endloop
  endfacet
  facet normal 0.63023 0 -0.776409
    outer loop
      vertex -20.5047 14 4.3934
      vertex -20.6062 13.4 4.31101
      vertex -20.6062 14 4.31101
    endloop
  endfacet
  facet normal 0.821118 0 -0.570759
    outer loop
      vertex -20.4281 13.4 4.5036
      vertex -20.5047 14 4.3934
      vertex -20.4281 14 4.5036
    endloop
  endfacet
  facet normal 0.821118 0 -0.570759
    outer loop
      vertex -20.5047 14 4.3934
      vertex -20.4281 13.4 4.5036
      vertex -20.5047 13.4 4.3934
    endloop
  endfacet
  facet normal 0.936218 0 -0.351421
    outer loop
      vertex -20.3763 13.4 4.6416
      vertex -20.4281 14 4.5036
      vertex -20.3763 14 4.6416
    endloop
  endfacet
  facet normal 0.936218 0 -0.351421
    outer loop
      vertex -20.4281 14 4.5036
      vertex -20.3763 13.4 4.6416
      vertex -20.4281 13.4 4.5036
    endloop
  endfacet
  facet normal -0.162704 0 -0.986675
    outer loop
      vertex -20.3763 13.4 4.6416
      vertex -19.7965 14 4.54599
      vertex -19.7965 13.4 4.54599
    endloop
  endfacet
  facet normal -0.162704 0 -0.986675
    outer loop
      vertex -19.7965 14 4.54599
      vertex -20.3763 13.4 4.6416
      vertex -20.3763 14 4.6416
    endloop
  endfacet
  facet normal -0.944014 0 0.329906
    outer loop
      vertex -19.8811 13.4 4.30391
      vertex -19.7965 14 4.54599
      vertex -19.8811 14 4.30391
    endloop
  endfacet
  facet normal -0.944014 0 0.329906
    outer loop
      vertex -19.7965 14 4.54599
      vertex -19.8811 13.4 4.30391
      vertex -19.7965 13.4 4.54599
    endloop
  endfacet
  facet normal -0.826688 0 0.562661
    outer loop
      vertex -20.0154 13.4 4.10659
      vertex -19.8811 14 4.30391
      vertex -20.0154 14 4.10659
    endloop
  endfacet
  facet normal -0.826688 0 0.562661
    outer loop
      vertex -19.8811 14 4.30391
      vertex -20.0154 13.4 4.10659
      vertex -19.8811 13.4 4.30391
    endloop
  endfacet
  facet normal -0.638553 0 0.769578
    outer loop
      vertex -20.1993 14 3.954
      vertex -20.0154 13.4 4.10659
      vertex -20.0154 14 4.10659
    endloop
  endfacet
  facet normal -0.638553 0 0.769578
    outer loop
      vertex -20.0154 13.4 4.10659
      vertex -20.1993 14 3.954
      vertex -20.1993 13.4 3.954
    endloop
  endfacet
  facet normal -0.418708 0 0.908121
    outer loop
      vertex -20.4346 14 3.84551
      vertex -20.1993 13.4 3.954
      vertex -20.1993 14 3.954
    endloop
  endfacet
  facet normal -0.418708 0 0.908121
    outer loop
      vertex -20.1993 13.4 3.954
      vertex -20.4346 14 3.84551
      vertex -20.4346 13.4 3.84551
    endloop
  endfacet
  facet normal -0.220293 0 0.975434
    outer loop
      vertex -20.7229 14 3.7804
      vertex -20.4346 13.4 3.84551
      vertex -20.4346 14 3.84551
    endloop
  endfacet
  facet normal -0.220293 0 0.975434
    outer loop
      vertex -20.4346 13.4 3.84551
      vertex -20.7229 14 3.7804
      vertex -20.7229 13.4 3.7804
    endloop
  endfacet
  facet normal -0.0635079 0 0.997981
    outer loop
      vertex -21.0639 14 3.7587
      vertex -20.7229 13.4 3.7804
      vertex -20.7229 14 3.7804
    endloop
  endfacet
  facet normal -0.0635079 0 0.997981
    outer loop
      vertex -20.7229 13.4 3.7804
      vertex -21.0639 14 3.7587
      vertex -21.0639 13.4 3.7587
    endloop
  endfacet
  facet normal 0.066671 0 0.997775
    outer loop
      vertex -21.4343 14 3.78345
      vertex -21.0639 13.4 3.7587
      vertex -21.0639 14 3.7587
    endloop
  endfacet
  facet normal 0.066671 0 0.997775
    outer loop
      vertex -21.0639 13.4 3.7587
      vertex -21.4343 14 3.78345
      vertex -21.4343 13.4 3.78345
    endloop
  endfacet
  facet normal 0.974018 -0 0.226472
    outer loop
      vertex -17.6622 13.4 5.39476
      vertex -17.5177 14 4.77329
      vertex -17.6622 14 5.39476
    endloop
  endfacet
  facet normal 0.974018 0 0.226472
    outer loop
      vertex -17.5177 14 4.77329
      vertex -17.6622 13.4 5.39476
      vertex -17.5177 13.4 4.77329
    endloop
  endfacet
  facet normal 0.974709 -0 0.223476
    outer loop
      vertex -17.7239 13.4 5.66387
      vertex -17.6622 14 5.39476
      vertex -17.7239 14 5.66387
    endloop
  endfacet
  facet normal 0.974709 0 0.223476
    outer loop
      vertex -17.6622 14 5.39476
      vertex -17.7239 13.4 5.66387
      vertex -17.6622 13.4 5.39476
    endloop
  endfacet
  facet normal 0.97879 -0 0.204867
    outer loop
      vertex -17.7463 13.4 5.77089
      vertex -17.7239 14 5.66387
      vertex -17.7463 14 5.77089
    endloop
  endfacet
  facet normal 0.97879 0 0.204867
    outer loop
      vertex -17.7239 14 5.66387
      vertex -17.7463 13.4 5.77089
      vertex -17.7239 13.4 5.66387
    endloop
  endfacet
  facet normal 0.981491 -0 0.19151
    outer loop
      vertex -17.7727 13.4 5.90619
      vertex -17.7463 14 5.77089
      vertex -17.7727 14 5.90619
    endloop
  endfacet
  facet normal 0.981491 0 0.19151
    outer loop
      vertex -17.7463 14 5.77089
      vertex -17.7727 13.4 5.90619
      vertex -17.7463 13.4 5.77089
    endloop
  endfacet
  facet normal 0.983052 -0 0.183327
    outer loop
      vertex -17.8032 13.4 6.06974
      vertex -17.7727 14 5.90619
      vertex -17.8032 14 6.06974
    endloop
  endfacet
  facet normal 0.983052 0 0.183327
    outer loop
      vertex -17.7727 14 5.90619
      vertex -17.8032 13.4 6.06974
      vertex -17.7727 13.4 5.90619
    endloop
  endfacet
  facet normal -0.986318 0 0.164856
    outer loop
      vertex -17.8383 13.4 5.85974
      vertex -17.8032 14 6.06974
      vertex -17.8383 14 5.85974
    endloop
  endfacet
  facet normal -0.986318 0 0.164856
    outer loop
      vertex -17.8032 14 6.06974
      vertex -17.8383 13.4 5.85974
      vertex -17.8032 13.4 6.06974
    endloop
  endfacet
  facet normal -0.981337 0 0.192296
    outer loop
      vertex -17.8783 13.4 5.65561
      vertex -17.8383 14 5.85974
      vertex -17.8783 14 5.65561
    endloop
  endfacet
  facet normal -0.981337 0 0.192296
    outer loop
      vertex -17.8383 14 5.85974
      vertex -17.8783 13.4 5.65561
      vertex -17.8383 13.4 5.85974
    endloop
  endfacet
  facet normal -0.975191 0 0.221366
    outer loop
      vertex -17.9233 13.4 5.45737
      vertex -17.8783 14 5.65561
      vertex -17.9233 14 5.45737
    endloop
  endfacet
  facet normal -0.975191 0 0.221366
    outer loop
      vertex -17.8783 14 5.65561
      vertex -17.9233 13.4 5.45737
      vertex -17.8783 13.4 5.65561
    endloop
  endfacet
  facet normal -0.973628 0 0.22814
    outer loop
      vertex -18.3118 13.4 3.79938
      vertex -17.9233 14 5.45737
      vertex -18.3118 14 3.79938
    endloop
  endfacet
  facet normal -0.973628 0 0.22814
    outer loop
      vertex -17.9233 14 5.45737
      vertex -18.3118 13.4 3.79938
      vertex -17.9233 13.4 5.45737
    endloop
  endfacet
  facet normal -0 0 1
    outer loop
      vertex -19.0238 14 3.79938
      vertex -18.3118 13.4 3.79938
      vertex -18.3118 14 3.79938
    endloop
  endfacet
  facet normal 0 0 1
    outer loop
      vertex -18.3118 13.4 3.79938
      vertex -19.0238 14 3.79938
      vertex -19.0238 13.4 3.79938
    endloop
  endfacet
  facet normal 0.968205 -0 0.250156
    outer loop
      vertex -19.7644 13.4 6.6658
      vertex -19.0238 14 3.79938
      vertex -19.7644 14 6.6658
    endloop
  endfacet
  facet normal 0.968205 0 0.250156
    outer loop
      vertex -19.0238 14 3.79938
      vertex -19.7644 13.4 6.6658
      vertex -19.0238 13.4 3.79938
    endloop
  endfacet
  facet normal 0 0 -1
    outer loop
      vertex -19.7644 13.4 6.6658
      vertex -19.1561 14 6.6658
      vertex -19.1561 13.4 6.6658
    endloop
  endfacet
  facet normal -0 0 -1
    outer loop
      vertex -19.1561 14 6.6658
      vertex -19.7644 13.4 6.6658
      vertex -19.7644 14 6.6658
    endloop
  endfacet
  facet normal -0.977281 0 -0.211949
    outer loop
      vertex -18.8102 13.4 5.07088
      vertex -19.1561 14 6.6658
      vertex -18.8102 14 5.07088
    endloop
  endfacet
  facet normal -0.977281 -0 -0.211949
    outer loop
      vertex -19.1561 14 6.6658
      vertex -18.8102 13.4 5.07088
      vertex -19.1561 13.4 6.6658
    endloop
  endfacet
  facet normal -0.974473 0 -0.224505
    outer loop
      vertex -18.7024 13.4 4.60297
      vertex -18.8102 14 5.07088
      vertex -18.7024 14 4.60297
    endloop
  endfacet
  facet normal -0.974473 -0 -0.224505
    outer loop
      vertex -18.8102 14 5.07088
      vertex -18.7024 13.4 4.60297
      vertex -18.8102 13.4 5.07088
    endloop
  endfacet
  facet normal -0.977606 0 -0.210443
    outer loop
      vertex -18.6516 13.4 4.36698
      vertex -18.7024 14 4.60297
      vertex -18.6516 14 4.36698
    endloop
  endfacet
  facet normal -0.977606 -0 -0.210443
    outer loop
      vertex -18.7024 14 4.60297
      vertex -18.6516 13.4 4.36698
      vertex -18.7024 13.4 4.60297
    endloop
  endfacet
  facet normal 0.985298 0 -0.170845
    outer loop
      vertex -18.5903 13.4 4.72051
      vertex -18.6516 14 4.36698
      vertex -18.5903 14 4.72051
    endloop
  endfacet
  facet normal 0.985298 0 -0.170845
    outer loop
      vertex -18.6516 14 4.36698
      vertex -18.5903 13.4 4.72051
      vertex -18.6516 13.4 4.36698
    endloop
  endfacet
  facet normal 0.983019 0 -0.183503
    outer loop
      vertex -18.5422 13.4 4.97818
      vertex -18.5903 14 4.72051
      vertex -18.5422 14 4.97818
    endloop
  endfacet
  facet normal 0.983019 0 -0.183503
    outer loop
      vertex -18.5903 14 4.72051
      vertex -18.5422 13.4 4.97818
      vertex -18.5903 13.4 4.72051
    endloop
  endfacet
  facet normal 0.97728 0 -0.211953
    outer loop
      vertex -18.5071 13.4 5.14002
      vertex -18.5422 14 4.97818
      vertex -18.5071 14 5.14002
    endloop
  endfacet
  facet normal 0.97728 0 -0.211953
    outer loop
      vertex -18.5422 14 4.97818
      vertex -18.5071 13.4 5.14002
      vertex -18.5422 13.4 4.97818
    endloop
  endfacet
  facet normal 0.972976 0 -0.230908
    outer loop
      vertex -18.145 13.4 6.6658
      vertex -18.5071 14 5.14002
      vertex -18.145 14 6.6658
    endloop
  endfacet
  facet normal 0.972976 0 -0.230908
    outer loop
      vertex -18.5071 14 5.14002
      vertex -18.145 13.4 6.6658
      vertex -18.5071 13.4 5.14002
    endloop
  endfacet
  facet normal 0 0 -1
    outer loop
      vertex -18.145 13.4 6.6658
      vertex -17.4737 14 6.6658
      vertex -17.4737 13.4 6.6658
    endloop
  endfacet
  facet normal -0 0 -1
    outer loop
      vertex -17.4737 14 6.6658
      vertex -18.145 13.4 6.6658
      vertex -18.145 14 6.6658
    endloop
  endfacet
  facet normal -0.973789 0 -0.227452
    outer loop
      vertex -17.2722 13.4 5.80312
      vertex -17.4737 14 6.6658
      vertex -17.2722 14 5.80312
    endloop
  endfacet
  facet normal -0.973789 -0 -0.227452
    outer loop
      vertex -17.4737 14 6.6658
      vertex -17.2722 13.4 5.80312
      vertex -17.4737 13.4 6.6658
    endloop
  endfacet
  facet normal -0.974386 0 -0.224881
    outer loop
      vertex -17.1369 13.4 5.21688
      vertex -17.2722 14 5.80312
      vertex -17.1369 14 5.21688
    endloop
  endfacet
  facet normal -0.974386 -0 -0.224881
    outer loop
      vertex -17.2722 14 5.80312
      vertex -17.1369 13.4 5.21688
      vertex -17.2722 13.4 5.80312
    endloop
  endfacet
  facet normal -0.976012 0 -0.217718
    outer loop
      vertex -17.0678 13.4 4.90711
      vertex -17.1369 14 5.21688
      vertex -17.0678 14 4.90711
    endloop
  endfacet
  facet normal -0.976012 -0 -0.217718
    outer loop
      vertex -17.1369 14 5.21688
      vertex -17.0678 13.4 4.90711
      vertex -17.1369 13.4 5.21688
    endloop
  endfacet
  facet normal -0.979018 0 -0.203775
    outer loop
      vertex -17.0315 13.4 4.73271
      vertex -17.0678 14 4.90711
      vertex -17.0315 14 4.73271
    endloop
  endfacet
  facet normal -0.979018 -0 -0.203775
    outer loop
      vertex -17.0678 14 4.90711
      vertex -17.0315 13.4 4.73271
      vertex -17.0678 13.4 4.90711
    endloop
  endfacet
  facet normal -0.979634 0 -0.200792
    outer loop
      vertex -16.9946 13.4 4.55268
      vertex -17.0315 14 4.73271
      vertex -16.9946 14 4.55268
    endloop
  endfacet
  facet normal -0.979634 -0 -0.200792
    outer loop
      vertex -17.0315 14 4.73271
      vertex -16.9946 13.4 4.55268
      vertex -17.0315 13.4 4.73271
    endloop
  endfacet
  facet normal -0.980008 0 -0.198957
    outer loop
      vertex -16.9569 13.4 4.36698
      vertex -16.9946 14 4.55268
      vertex -16.9569 14 4.36698
    endloop
  endfacet
  facet normal -0.980008 -0 -0.198957
    outer loop
      vertex -16.9946 14 4.55268
      vertex -16.9569 13.4 4.36698
      vertex -16.9946 13.4 4.55268
    endloop
  endfacet
  facet normal 0.978822 0 -0.204714
    outer loop
      vertex -16.8633 13.4 4.81452
      vertex -16.9569 14 4.36698
      vertex -16.8633 14 4.81452
    endloop
  endfacet
  facet normal 0.978822 0 -0.204714
    outer loop
      vertex -16.9569 14 4.36698
      vertex -16.8633 13.4 4.81452
      vertex -16.9569 13.4 4.36698
    endloop
  endfacet
  facet normal 0.975783 0 -0.218741
    outer loop
      vertex -16.4483 13.4 6.6658
      vertex -16.8633 14 4.81452
      vertex -16.4483 14 6.6658
    endloop
  endfacet
  facet normal 0.975783 0 -0.218741
    outer loop
      vertex -16.8633 14 4.81452
      vertex -16.4483 13.4 6.6658
      vertex -16.8633 13.4 4.81452
    endloop
  endfacet
  facet normal 0 0 -1
    outer loop
      vertex -16.4483 13.4 6.6658
      vertex -15.8401 14 6.6658
      vertex -15.8401 13.4 6.6658
    endloop
  endfacet
  facet normal -0 0 -1
    outer loop
      vertex -15.8401 14 6.6658
      vertex -16.4483 13.4 6.6658
      vertex -16.4483 14 6.6658
    endloop
  endfacet
  facet normal -0.968377 0 0.249491
    outer loop
      vertex -16.5786 13.4 3.79938
      vertex -15.8401 14 6.6658
      vertex -16.5786 14 3.79938
    endloop
  endfacet
  facet normal -0.968377 0 0.249491
    outer loop
      vertex -15.8401 14 6.6658
      vertex -16.5786 13.4 3.79938
      vertex -15.8401 13.4 6.6658
    endloop
  endfacet
  facet normal -0 0 1
    outer loop
      vertex -17.2906 14 3.79938
      vertex -16.5786 13.4 3.79938
      vertex -16.5786 14 3.79938
    endloop
  endfacet
  facet normal 0 0 1
    outer loop
      vertex -16.5786 13.4 3.79938
      vertex -17.2906 14 3.79938
      vertex -17.2906 13.4 3.79938
    endloop
  endfacet
  facet normal 0.973873 -0 0.227091
    outer loop
      vertex -17.5177 13.4 4.77329
      vertex -17.2906 14 3.79938
      vertex -17.5177 14 4.77329
    endloop
  endfacet
  facet normal 0.973873 0 0.227091
    outer loop
      vertex -17.2906 14 3.79938
      vertex -17.5177 13.4 4.77329
      vertex -17.2906 13.4 3.79938
    endloop
  endfacet
  facet normal -0 0 1
    outer loop
      vertex -24.5185 14 5.02816
      vertex -23.2693 13.4 5.02816
      vertex -23.2693 14 5.02816
    endloop
  endfacet
  facet normal 0 0 1
    outer loop
      vertex -23.2693 13.4 5.02816
      vertex -24.5185 14 5.02816
      vertex -24.5185 13.4 5.02816
    endloop
  endfacet
  facet normal -1 0 0
    outer loop
      vertex -24.5185 13.4 3.79938
      vertex -24.5185 14 5.02816
      vertex -24.5185 14 3.79938
    endloop
  endfacet
  facet normal -1 -0 0
    outer loop
      vertex -24.5185 14 5.02816
      vertex -24.5185 13.4 3.79938
      vertex -24.5185 13.4 5.02816
    endloop
  endfacet
  facet normal -0 0 1
    outer loop
      vertex -25.1186 14 3.79938
      vertex -24.5185 13.4 3.79938
      vertex -24.5185 14 3.79938
    endloop
  endfacet
  facet normal 0 0 1
    outer loop
      vertex -24.5185 13.4 3.79938
      vertex -25.1186 14 3.79938
      vertex -25.1186 13.4 3.79938
    endloop
  endfacet
  facet normal 1 -0 0
    outer loop
      vertex -25.1186 13.4 6.6658
      vertex -25.1186 14 3.79938
      vertex -25.1186 14 6.6658
    endloop
  endfacet
  facet normal 1 0 0
    outer loop
      vertex -25.1186 14 3.79938
      vertex -25.1186 13.4 6.6658
      vertex -25.1186 13.4 3.79938
    endloop
  endfacet
  facet normal 0 0 -1
    outer loop
      vertex -25.1186 13.4 6.6658
      vertex -24.5185 14 6.6658
      vertex -24.5185 13.4 6.6658
    endloop
  endfacet
  facet normal -0 0 -1
    outer loop
      vertex -24.5185 14 6.6658
      vertex -25.1186 13.4 6.6658
      vertex -25.1186 14 6.6658
    endloop
  endfacet
  facet normal -1 0 0
    outer loop
      vertex -24.5185 13.4 5.52452
      vertex -24.5185 14 6.6658
      vertex -24.5185 14 5.52452
    endloop
  endfacet
  facet normal -1 -0 0
    outer loop
      vertex -24.5185 14 6.6658
      vertex -24.5185 13.4 5.52452
      vertex -24.5185 13.4 6.6658
    endloop
  endfacet
  facet normal 0 0 -1
    outer loop
      vertex -24.5185 13.4 5.52452
      vertex -23.2693 14 5.52452
      vertex -23.2693 13.4 5.52452
    endloop
  endfacet
  facet normal -0 0 -1
    outer loop
      vertex -23.2693 14 5.52452
      vertex -24.5185 13.4 5.52452
      vertex -24.5185 14 5.52452
    endloop
  endfacet
  facet normal 1 -0 0
    outer loop
      vertex -23.2693 13.4 6.6658
      vertex -23.2693 14 5.52452
      vertex -23.2693 14 6.6658
    endloop
  endfacet
  facet normal 1 0 0
    outer loop
      vertex -23.2693 14 5.52452
      vertex -23.2693 13.4 6.6658
      vertex -23.2693 13.4 5.52452
    endloop
  endfacet
  facet normal 0 0 -1
    outer loop
      vertex -23.2693 13.4 6.6658
      vertex -22.6692 14 6.6658
      vertex -22.6692 13.4 6.6658
    endloop
  endfacet
  facet normal -0 0 -1
    outer loop
      vertex -22.6692 14 6.6658
      vertex -23.2693 13.4 6.6658
      vertex -23.2693 14 6.6658
    endloop
  endfacet
  facet normal -1 0 0
    outer loop
      vertex -22.6692 13.4 3.79938
      vertex -22.6692 14 6.6658
      vertex -22.6692 14 3.79938
    endloop
  endfacet
  facet normal -1 -0 0
    outer loop
      vertex -22.6692 14 6.6658
      vertex -22.6692 13.4 3.79938
      vertex -22.6692 13.4 6.6658
    endloop
  endfacet
  facet normal -0 0 1
    outer loop
      vertex -23.2693 14 3.79938
      vertex -22.6692 13.4 3.79938
      vertex -22.6692 14 3.79938
    endloop
  endfacet
  facet normal 0 0 1
    outer loop
      vertex -22.6692 13.4 3.79938
      vertex -23.2693 14 3.79938
      vertex -23.2693 13.4 3.79938
    endloop
  endfacet
  facet normal 1 -0 0
    outer loop
      vertex -23.2693 13.4 5.02816
      vertex -23.2693 14 3.79938
      vertex -23.2693 14 5.02816
    endloop
  endfacet
  facet normal 1 0 0
    outer loop
      vertex -23.2693 14 3.79938
      vertex -23.2693 13.4 5.02816
      vertex -23.2693 13.4 3.79938
    endloop
  endfacet
endsolid OpenSCAD_Model
