solid OpenSCAD_Model
  facet normal 0.923889 -0.38266 0
    outer loop
      vertex -10.7352 -4.40825 4.99999
      vertex -10.5454 -3.95 0
      vertex -10.5454 -3.95 4.99999
    endloop
  endfacet
  facet normal 0.923889 -0.38266 0
    outer loop
      vertex -10.5454 -3.95 0
      vertex -10.7352 -4.40825 4.99999
      vertex -10.7352 -4.40825 0
    endloop
  endfacet
  facet normal 0.991429 -0.130645 0
    outer loop
      vertex -10.8 -4.9 4.99999
      vertex -10.7352 -4.40825 0
      vertex -10.7352 -4.40825 4.99999
    endloop
  endfacet
  facet normal 0.991429 -0.130645 0
    outer loop
      vertex -10.7352 -4.40825 0
      vertex -10.8 -4.9 4.99999
      vertex -10.8 -4.9 0
    endloop
  endfacet
  facet normal 0.991429 0.130647 0
    outer loop
      vertex -10.7352 -5.39174 4.99999
      vertex -10.8 -4.9 0
      vertex -10.8 -4.9 4.99999
    endloop
  endfacet
  facet normal 0.991429 0.130647 0
    outer loop
      vertex -10.8 -4.9 0
      vertex -10.7352 -5.39174 4.99999
      vertex -10.7352 -5.39174 0
    endloop
  endfacet
  facet normal -0.991429 -0.130645 0
    outer loop
      vertex 10.8 -4.9 0
      vertex 10.7352 -4.40825 4.99999
      vertex 10.7352 -4.40825 0
    endloop
  endfacet
  facet normal -0.991429 -0.130645 0
    outer loop
      vertex 10.7352 -4.40825 4.99999
      vertex 10.8 -4.9 0
      vertex 10.8 -4.9 4.99999
    endloop
  endfacet
  facet normal -0.923892 0.382653 0
    outer loop
      vertex 10.5454 -5.85 0
      vertex 10.7352 -5.39174 4.99999
      vertex 10.7352 -5.39174 0
    endloop
  endfacet
  facet normal -0.923892 0.382653 0
    outer loop
      vertex 10.7352 -5.39174 4.99999
      vertex 10.5454 -5.85 0
      vertex 10.5454 -5.85 4.99999
    endloop
  endfacet
  facet normal 0 -1 0
    outer loop
      vertex -8.89999 -3.00001 0.389999
      vertex 8.89999 -3.00001 4.99999
      vertex -8.89999 -3.00001 4.99999
    endloop
  endfacet
  facet normal 0 -1 -0
    outer loop
      vertex 8.89999 -3.00001 4.99999
      vertex -8.89999 -3.00001 0.389999
      vertex 8.89999 -3.00001 0.389999
    endloop
  endfacet
  facet normal 0.130523 -0.991445 0
    outer loop
      vertex -9.39175 -3.06475 0.389999
      vertex -8.89999 -3.00001 4.99999
      vertex -9.39175 -3.06475 4.99999
    endloop
  endfacet
  facet normal 0.130523 -0.991445 0
    outer loop
      vertex -8.89999 -3.00001 4.99999
      vertex -9.39175 -3.06475 0.389999
      vertex -8.89999 -3.00001 0.389999
    endloop
  endfacet
  facet normal -0.130523 0.991445 0
    outer loop
      vertex 9.39175 -6.73525 0.389999
      vertex 8.89999 -6.79999 4.99999
      vertex 9.39175 -6.73525 4.99999
    endloop
  endfacet
  facet normal -0.130523 0.991445 0
    outer loop
      vertex 8.89999 -6.79999 4.99999
      vertex 9.39175 -6.73525 0.389999
      vertex 8.89999 -6.79999 0.389999
    endloop
  endfacet
  facet normal 0 1 -0
    outer loop
      vertex 8.89999 -6.79999 0.389999
      vertex -8.89999 -6.79999 4.99999
      vertex 8.89999 -6.79999 4.99999
    endloop
  endfacet
  facet normal 0 1 0
    outer loop
      vertex -8.89999 -6.79999 4.99999
      vertex 8.89999 -6.79999 0.389999
      vertex -8.89999 -6.79999 0.389999
    endloop
  endfacet
  facet normal -0.793388 -0.608716 0
    outer loop
      vertex 10.5454 -3.95 0
      vertex 10.2435 -3.55651 4.99999
      vertex 10.2435 -3.55651 0
    endloop
  endfacet
  facet normal -0.793388 -0.608716 0
    outer loop
      vertex 10.2435 -3.55651 4.99999
      vertex 10.5454 -3.95 0
      vertex 10.5454 -3.95 4.99999
    endloop
  endfacet
  facet normal -0.608772 -0.793345 0
    outer loop
      vertex 10 -3.36966 0.389999
      vertex 9.84999 -3.25455 4.99999
      vertex 9.84999 -3.25455 0.389999
    endloop
  endfacet
  facet normal -0.608773 -0.793344 -3.65168e-08
    outer loop
      vertex 9.84999 -3.25455 4.99999
      vertex 10 -3.36966 0.389999
      vertex 10.2435 -3.55651 4.99999
    endloop
  endfacet
  facet normal -0.608773 -0.793344 0
    outer loop
      vertex 10.2435 -3.55651 0
      vertex 10 -3.36966 0.389999
      vertex 10 -3.36966 0
    endloop
  endfacet
  facet normal -0.608773 -0.793344 0
    outer loop
      vertex 10 -3.36966 0.389999
      vertex 10.2435 -3.55651 0
      vertex 10.2435 -3.55651 4.99999
    endloop
  endfacet
  facet normal 0.382668 -0.923886 0
    outer loop
      vertex -9.84999 -3.25455 0.389999
      vertex -9.39175 -3.06475 4.99999
      vertex -9.84999 -3.25455 4.99999
    endloop
  endfacet
  facet normal 0.382668 -0.923886 0
    outer loop
      vertex -9.39175 -3.06475 4.99999
      vertex -9.84999 -3.25455 0.389999
      vertex -9.39175 -3.06475 0.389999
    endloop
  endfacet
  facet normal 0.793388 -0.608716 0
    outer loop
      vertex -10.5454 -3.95 4.99999
      vertex -10.2435 -3.55651 0
      vertex -10.2435 -3.55651 4.99999
    endloop
  endfacet
  facet normal 0.793388 -0.608716 0
    outer loop
      vertex -10.2435 -3.55651 0
      vertex -10.5454 -3.95 4.99999
      vertex -10.5454 -3.95 0
    endloop
  endfacet
  facet normal -0.991429 0.130647 0
    outer loop
      vertex 10.7352 -5.39174 0
      vertex 10.8 -4.9 4.99999
      vertex 10.8 -4.9 0
    endloop
  endfacet
  facet normal -0.991429 0.130647 0
    outer loop
      vertex 10.8 -4.9 4.99999
      vertex 10.7352 -5.39174 0
      vertex 10.7352 -5.39174 4.99999
    endloop
  endfacet
  facet normal -0.608773 0.793344 -3.65168e-08
    outer loop
      vertex 10.2435 -6.24349 4.99999
      vertex 10 -6.43034 0.389999
      vertex 9.84999 -6.54545 4.99999
    endloop
  endfacet
  facet normal -0.608773 0.793344 0
    outer loop
      vertex 10.2435 -6.24349 0
      vertex 10 -6.43034 0.389999
      vertex 10.2435 -6.24349 4.99999
    endloop
  endfacet
  facet normal -0.608773 0.793344 0
    outer loop
      vertex 10 -6.43034 0.389999
      vertex 10.2435 -6.24349 0
      vertex 10 -6.43034 0
    endloop
  endfacet
  facet normal -0.608772 0.793345 0
    outer loop
      vertex 9.84999 -6.54545 4.99999
      vertex 10 -6.43034 0.389999
      vertex 9.84999 -6.54545 0.389999
    endloop
  endfacet
  facet normal 0.130523 0.991445 -0
    outer loop
      vertex -8.89999 -6.79999 0.389999
      vertex -9.39175 -6.73525 4.99999
      vertex -8.89999 -6.79999 4.99999
    endloop
  endfacet
  facet normal 0.130523 0.991445 0
    outer loop
      vertex -9.39175 -6.73525 4.99999
      vertex -8.89999 -6.79999 0.389999
      vertex -9.39175 -6.73525 0.389999
    endloop
  endfacet
  facet normal 0.382668 0.923886 -0
    outer loop
      vertex -9.39175 -6.73525 0.389999
      vertex -9.84999 -6.54545 4.99999
      vertex -9.39175 -6.73525 4.99999
    endloop
  endfacet
  facet normal 0.382668 0.923886 0
    outer loop
      vertex -9.84999 -6.54545 4.99999
      vertex -9.39175 -6.73525 0.389999
      vertex -9.84999 -6.54545 0.389999
    endloop
  endfacet
  facet normal -0.923889 -0.38266 0
    outer loop
      vertex 10.7352 -4.40825 0
      vertex 10.5454 -3.95 4.99999
      vertex 10.5454 -3.95 0
    endloop
  endfacet
  facet normal -0.923889 -0.38266 0
    outer loop
      vertex 10.5454 -3.95 4.99999
      vertex 10.7352 -4.40825 0
      vertex 10.7352 -4.40825 4.99999
    endloop
  endfacet
  facet normal -0.130523 -0.991445 0
    outer loop
      vertex 8.89999 -3.00001 0.389999
      vertex 9.39175 -3.06475 4.99999
      vertex 8.89999 -3.00001 4.99999
    endloop
  endfacet
  facet normal -0.130523 -0.991445 -0
    outer loop
      vertex 9.39175 -3.06475 4.99999
      vertex 8.89999 -3.00001 0.389999
      vertex 9.39175 -3.06475 0.389999
    endloop
  endfacet
  facet normal -0.382668 -0.923886 0
    outer loop
      vertex 9.39175 -3.06475 0.389999
      vertex 9.84999 -3.25455 4.99999
      vertex 9.39175 -3.06475 4.99999
    endloop
  endfacet
  facet normal -0.382668 -0.923886 -0
    outer loop
      vertex 9.84999 -3.25455 4.99999
      vertex 9.39175 -3.06475 0.389999
      vertex 9.84999 -3.25455 0.389999
    endloop
  endfacet
  facet normal 0.608773 -0.793344 -3.65168e-08
    outer loop
      vertex -10.2435 -3.55651 4.99999
      vertex -10 -3.36966 0.389999
      vertex -9.84999 -3.25455 4.99999
    endloop
  endfacet
  facet normal 0.608773 -0.793344 0
    outer loop
      vertex -10.2435 -3.55651 0
      vertex -10 -3.36966 0.389999
      vertex -10.2435 -3.55651 4.99999
    endloop
  endfacet
  facet normal 0.608773 -0.793344 0
    outer loop
      vertex -10 -3.36966 0.389999
      vertex -10.2435 -3.55651 0
      vertex -10 -3.36966 0
    endloop
  endfacet
  facet normal 0.608772 -0.793345 0
    outer loop
      vertex -9.84999 -3.25455 4.99999
      vertex -10 -3.36966 0.389999
      vertex -9.84999 -3.25455 0.389999
    endloop
  endfacet
  facet normal -0.793388 0.608716 0
    outer loop
      vertex 10.2435 -6.24349 0
      vertex 10.5454 -5.85 4.99999
      vertex 10.5454 -5.85 0
    endloop
  endfacet
  facet normal -0.793388 0.608716 0
    outer loop
      vertex 10.5454 -5.85 4.99999
      vertex 10.2435 -6.24349 0
      vertex 10.2435 -6.24349 4.99999
    endloop
  endfacet
  facet normal -0.382668 0.923886 0
    outer loop
      vertex 9.84999 -6.54545 0.389999
      vertex 9.39175 -6.73525 4.99999
      vertex 9.84999 -6.54545 4.99999
    endloop
  endfacet
  facet normal -0.382668 0.923886 0
    outer loop
      vertex 9.39175 -6.73525 4.99999
      vertex 9.84999 -6.54545 0.389999
      vertex 9.39175 -6.73525 0.389999
    endloop
  endfacet
  facet normal 0.923892 0.382653 0
    outer loop
      vertex -10.5454 -5.85 4.99999
      vertex -10.7352 -5.39174 0
      vertex -10.7352 -5.39174 4.99999
    endloop
  endfacet
  facet normal 0.923892 0.382653 0
    outer loop
      vertex -10.7352 -5.39174 0
      vertex -10.5454 -5.85 4.99999
      vertex -10.5454 -5.85 0
    endloop
  endfacet
  facet normal 0.608772 0.793345 0
    outer loop
      vertex -10 -6.43034 0.389999
      vertex -9.84999 -6.54545 4.99999
      vertex -9.84999 -6.54545 0.389999
    endloop
  endfacet
  facet normal 0.608773 0.793344 -3.65168e-08
    outer loop
      vertex -9.84999 -6.54545 4.99999
      vertex -10 -6.43034 0.389999
      vertex -10.2435 -6.24349 4.99999
    endloop
  endfacet
  facet normal 0.608773 0.793344 0
    outer loop
      vertex -10.2435 -6.24349 0
      vertex -10 -6.43034 0.389999
      vertex -10 -6.43034 0
    endloop
  endfacet
  facet normal 0.608773 0.793344 0
    outer loop
      vertex -10 -6.43034 0.389999
      vertex -10.2435 -6.24349 0
      vertex -10.2435 -6.24349 4.99999
    endloop
  endfacet
  facet normal 0.793388 0.608716 0
    outer loop
      vertex -10.2435 -6.24349 4.99999
      vertex -10.5454 -5.85 0
      vertex -10.5454 -5.85 4.99999
    endloop
  endfacet
  facet normal 0.793388 0.608716 0
    outer loop
      vertex -10.5454 -5.85 0
      vertex -10.2435 -6.24349 4.99999
      vertex -10.2435 -6.24349 0
    endloop
  endfacet
  facet normal 0.923892 -0.382653 0
    outer loop
      vertex -10.7352 5.39174 4.99999
      vertex -10.5454 5.85 0
      vertex -10.5454 5.85 4.99999
    endloop
  endfacet
  facet normal 0.923892 -0.382653 0
    outer loop
      vertex -10.5454 5.85 0
      vertex -10.7352 5.39174 4.99999
      vertex -10.7352 5.39174 0
    endloop
  endfacet
  facet normal 0.991429 -0.130647 0
    outer loop
      vertex -10.8 4.9 4.99999
      vertex -10.7352 5.39174 0
      vertex -10.7352 5.39174 4.99999
    endloop
  endfacet
  facet normal 0.991429 -0.130647 0
    outer loop
      vertex -10.7352 5.39174 0
      vertex -10.8 4.9 4.99999
      vertex -10.8 4.9 0
    endloop
  endfacet
  facet normal 0.991429 0.130645 0
    outer loop
      vertex -10.7352 4.40825 4.99999
      vertex -10.8 4.9 0
      vertex -10.8 4.9 4.99999
    endloop
  endfacet
  facet normal 0.991429 0.130645 0
    outer loop
      vertex -10.8 4.9 0
      vertex -10.7352 4.40825 4.99999
      vertex -10.7352 4.40825 0
    endloop
  endfacet
  facet normal -0.991429 -0.130647 0
    outer loop
      vertex 10.8 4.9 0
      vertex 10.7352 5.39174 4.99999
      vertex 10.7352 5.39174 0
    endloop
  endfacet
  facet normal -0.991429 -0.130647 0
    outer loop
      vertex 10.7352 5.39174 4.99999
      vertex 10.8 4.9 0
      vertex 10.8 4.9 4.99999
    endloop
  endfacet
  facet normal -0.923889 0.38266 0
    outer loop
      vertex 10.5454 3.95 0
      vertex 10.7352 4.40825 4.99999
      vertex 10.7352 4.40825 0
    endloop
  endfacet
  facet normal -0.923889 0.38266 0
    outer loop
      vertex 10.7352 4.40825 4.99999
      vertex 10.5454 3.95 0
      vertex 10.5454 3.95 4.99999
    endloop
  endfacet
  facet normal 0 -1 0
    outer loop
      vertex -8.89999 6.79999 0.389999
      vertex 8.89999 6.79999 4.99999
      vertex -8.89999 6.79999 4.99999
    endloop
  endfacet
  facet normal 0 -1 -0
    outer loop
      vertex 8.89999 6.79999 4.99999
      vertex -8.89999 6.79999 0.389999
      vertex 8.89999 6.79999 0.389999
    endloop
  endfacet
  facet normal 0.130523 -0.991445 0
    outer loop
      vertex -9.39175 6.73525 0.389999
      vertex -8.89999 6.79999 4.99999
      vertex -9.39175 6.73525 4.99999
    endloop
  endfacet
  facet normal 0.130523 -0.991445 0
    outer loop
      vertex -8.89999 6.79999 4.99999
      vertex -9.39175 6.73525 0.389999
      vertex -8.89999 6.79999 0.389999
    endloop
  endfacet
  facet normal -0.130523 0.991445 0
    outer loop
      vertex 9.39175 3.06475 0.389999
      vertex 8.89999 3.00001 4.99999
      vertex 9.39175 3.06475 4.99999
    endloop
  endfacet
  facet normal -0.130523 0.991445 0
    outer loop
      vertex 8.89999 3.00001 4.99999
      vertex 9.39175 3.06475 0.389999
      vertex 8.89999 3.00001 0.389999
    endloop
  endfacet
  facet normal 0 1 -0
    outer loop
      vertex 8.89999 3.00001 0.389999
      vertex -8.89999 3.00001 4.99999
      vertex 8.89999 3.00001 4.99999
    endloop
  endfacet
  facet normal 0 1 0
    outer loop
      vertex -8.89999 3.00001 4.99999
      vertex 8.89999 3.00001 0.389999
      vertex -8.89999 3.00001 0.389999
    endloop
  endfacet
  facet normal -0.793388 -0.608716 0
    outer loop
      vertex 10.5454 5.85 0
      vertex 10.2435 6.24349 4.99999
      vertex 10.2435 6.24349 0
    endloop
  endfacet
  facet normal -0.793388 -0.608716 0
    outer loop
      vertex 10.2435 6.24349 4.99999
      vertex 10.5454 5.85 0
      vertex 10.5454 5.85 4.99999
    endloop
  endfacet
  facet normal -0.608772 -0.793345 0
    outer loop
      vertex 10 6.43034 0.389999
      vertex 9.84999 6.54545 4.99999
      vertex 9.84999 6.54545 0.389999
    endloop
  endfacet
  facet normal -0.608773 -0.793344 -3.65168e-08
    outer loop
      vertex 9.84999 6.54545 4.99999
      vertex 10 6.43034 0.389999
      vertex 10.2435 6.24349 4.99999
    endloop
  endfacet
  facet normal -0.608773 -0.793344 0
    outer loop
      vertex 10.2435 6.24349 0
      vertex 10 6.43034 0.389999
      vertex 10 6.43034 0
    endloop
  endfacet
  facet normal -0.608773 -0.793344 0
    outer loop
      vertex 10 6.43034 0.389999
      vertex 10.2435 6.24349 0
      vertex 10.2435 6.24349 4.99999
    endloop
  endfacet
  facet normal 0.382668 -0.923886 0
    outer loop
      vertex -9.84999 6.54545 0.389999
      vertex -9.39175 6.73525 4.99999
      vertex -9.84999 6.54545 4.99999
    endloop
  endfacet
  facet normal 0.382668 -0.923886 0
    outer loop
      vertex -9.39175 6.73525 4.99999
      vertex -9.84999 6.54545 0.389999
      vertex -9.39175 6.73525 0.389999
    endloop
  endfacet
  facet normal 0.793388 -0.608716 0
    outer loop
      vertex -10.5454 5.85 4.99999
      vertex -10.2435 6.24349 0
      vertex -10.2435 6.24349 4.99999
    endloop
  endfacet
  facet normal 0.793388 -0.608716 0
    outer loop
      vertex -10.2435 6.24349 0
      vertex -10.5454 5.85 4.99999
      vertex -10.5454 5.85 0
    endloop
  endfacet
  facet normal -0.991429 0.130645 0
    outer loop
      vertex 10.7352 4.40825 0
      vertex 10.8 4.9 4.99999
      vertex 10.8 4.9 0
    endloop
  endfacet
  facet normal -0.991429 0.130645 0
    outer loop
      vertex 10.8 4.9 4.99999
      vertex 10.7352 4.40825 0
      vertex 10.7352 4.40825 4.99999
    endloop
  endfacet
  facet normal -0.608773 0.793344 -3.65168e-08
    outer loop
      vertex 10.2435 3.55651 4.99999
      vertex 10 3.36966 0.389999
      vertex 9.84999 3.25455 4.99999
    endloop
  endfacet
  facet normal -0.608773 0.793344 0
    outer loop
      vertex 10.2435 3.55651 0
      vertex 10 3.36966 0.389999
      vertex 10.2435 3.55651 4.99999
    endloop
  endfacet
  facet normal -0.608773 0.793344 0
    outer loop
      vertex 10 3.36966 0.389999
      vertex 10.2435 3.55651 0
      vertex 10 3.36966 0
    endloop
  endfacet
  facet normal -0.608772 0.793345 0
    outer loop
      vertex 9.84999 3.25455 4.99999
      vertex 10 3.36966 0.389999
      vertex 9.84999 3.25455 0.389999
    endloop
  endfacet
  facet normal 0.130523 0.991445 -0
    outer loop
      vertex -8.89999 3.00001 0.389999
      vertex -9.39175 3.06475 4.99999
      vertex -8.89999 3.00001 4.99999
    endloop
  endfacet
  facet normal 0.130523 0.991445 0
    outer loop
      vertex -9.39175 3.06475 4.99999
      vertex -8.89999 3.00001 0.389999
      vertex -9.39175 3.06475 0.389999
    endloop
  endfacet
  facet normal 0.382668 0.923886 -0
    outer loop
      vertex -9.39175 3.06475 0.389999
      vertex -9.84999 3.25455 4.99999
      vertex -9.39175 3.06475 4.99999
    endloop
  endfacet
  facet normal 0.382668 0.923886 0
    outer loop
      vertex -9.84999 3.25455 4.99999
      vertex -9.39175 3.06475 0.389999
      vertex -9.84999 3.25455 0.389999
    endloop
  endfacet
  facet normal -0.923892 -0.382653 0
    outer loop
      vertex 10.7352 5.39174 0
      vertex 10.5454 5.85 4.99999
      vertex 10.5454 5.85 0
    endloop
  endfacet
  facet normal -0.923892 -0.382653 0
    outer loop
      vertex 10.5454 5.85 4.99999
      vertex 10.7352 5.39174 0
      vertex 10.7352 5.39174 4.99999
    endloop
  endfacet
  facet normal -0.130523 -0.991445 0
    outer loop
      vertex 8.89999 6.79999 0.389999
      vertex 9.39175 6.73525 4.99999
      vertex 8.89999 6.79999 4.99999
    endloop
  endfacet
  facet normal -0.130523 -0.991445 -0
    outer loop
      vertex 9.39175 6.73525 4.99999
      vertex 8.89999 6.79999 0.389999
      vertex 9.39175 6.73525 0.389999
    endloop
  endfacet
  facet normal -0.382668 -0.923886 0
    outer loop
      vertex 9.39175 6.73525 0.389999
      vertex 9.84999 6.54545 4.99999
      vertex 9.39175 6.73525 4.99999
    endloop
  endfacet
  facet normal -0.382668 -0.923886 -0
    outer loop
      vertex 9.84999 6.54545 4.99999
      vertex 9.39175 6.73525 0.389999
      vertex 9.84999 6.54545 0.389999
    endloop
  endfacet
  facet normal 0.608773 -0.793344 -3.65168e-08
    outer loop
      vertex -10.2435 6.24349 4.99999
      vertex -10 6.43034 0.389999
      vertex -9.84999 6.54545 4.99999
    endloop
  endfacet
  facet normal 0.608773 -0.793344 0
    outer loop
      vertex -10.2435 6.24349 0
      vertex -10 6.43034 0.389999
      vertex -10.2435 6.24349 4.99999
    endloop
  endfacet
  facet normal 0.608773 -0.793344 0
    outer loop
      vertex -10 6.43034 0.389999
      vertex -10.2435 6.24349 0
      vertex -10 6.43034 0
    endloop
  endfacet
  facet normal 0.608772 -0.793345 0
    outer loop
      vertex -9.84999 6.54545 4.99999
      vertex -10 6.43034 0.389999
      vertex -9.84999 6.54545 0.389999
    endloop
  endfacet
  facet normal -0.793388 0.608716 0
    outer loop
      vertex 10.2435 3.55651 0
      vertex 10.5454 3.95 4.99999
      vertex 10.5454 3.95 0
    endloop
  endfacet
  facet normal -0.793388 0.608716 0
    outer loop
      vertex 10.5454 3.95 4.99999
      vertex 10.2435 3.55651 0
      vertex 10.2435 3.55651 4.99999
    endloop
  endfacet
  facet normal -0.382668 0.923886 0
    outer loop
      vertex 9.84999 3.25455 0.389999
      vertex 9.39175 3.06475 4.99999
      vertex 9.84999 3.25455 4.99999
    endloop
  endfacet
  facet normal -0.382668 0.923886 0
    outer loop
      vertex 9.39175 3.06475 4.99999
      vertex 9.84999 3.25455 0.389999
      vertex 9.39175 3.06475 0.389999
    endloop
  endfacet
  facet normal 0.923889 0.38266 0
    outer loop
      vertex -10.5454 3.95 4.99999
      vertex -10.7352 4.40825 0
      vertex -10.7352 4.40825 4.99999
    endloop
  endfacet
  facet normal 0.923889 0.38266 0
    outer loop
      vertex -10.7352 4.40825 0
      vertex -10.5454 3.95 4.99999
      vertex -10.5454 3.95 0
    endloop
  endfacet
  facet normal 0.608772 0.793345 0
    outer loop
      vertex -10 3.36966 0.389999
      vertex -9.84999 3.25455 4.99999
      vertex -9.84999 3.25455 0.389999
    endloop
  endfacet
  facet normal 0.608773 0.793344 -3.65168e-08
    outer loop
      vertex -9.84999 3.25455 4.99999
      vertex -10 3.36966 0.389999
      vertex -10.2435 3.55651 4.99999
    endloop
  endfacet
  facet normal 0.608773 0.793344 0
    outer loop
      vertex -10.2435 3.55651 0
      vertex -10 3.36966 0.389999
      vertex -10 3.36966 0
    endloop
  endfacet
  facet normal 0.608773 0.793344 0
    outer loop
      vertex -10 3.36966 0.389999
      vertex -10.2435 3.55651 0
      vertex -10.2435 3.55651 4.99999
    endloop
  endfacet
  facet normal 0.793388 0.608716 0
    outer loop
      vertex -10.2435 3.55651 4.99999
      vertex -10.5454 3.95 0
      vertex -10.5454 3.95 4.99999
    endloop
  endfacet
  facet normal 0.793388 0.608716 0
    outer loop
      vertex -10.5454 3.95 0
      vertex -10.2435 3.55651 4.99999
      vertex -10.2435 3.55651 0
    endloop
  endfacet
  facet normal 0.979654 0.0481751 0.194825
    outer loop
      vertex 15.7759 7.29008 2.51
      vertex 15.6105 6.8 3.46288
      vertex 15.8 6.8 2.51
    endloop
  endfacet
  facet normal 0.100414 0.167539 0.980738
    outer loop
      vertex 12.4324 9.85398 4.81044
      vertex 11.9832 9.01362 4.99999
      vertex 12.7239 9.67927 4.81044
    endloop
  endfacet
  facet normal 0.830751 0.0408826 0.555141
    outer loop
      vertex 15.5873 7.27151 3.46288
      vertex 15.0501 7.2186 4.27068
      vertex 15.0707 6.8 4.27068
    endloop
  endfacet
  facet normal 0.237728 0.502652 0.831159
    outer loop
      vertex 12.4343 10.7456 4.27068
      vertex 12.4324 9.85398 4.81044
      vertex 12.8132 10.5664 4.27068
    endloop
  endfacet
  facet normal -0.671719 -0.740806 0
    outer loop
      vertex -14.3355 -10.3355 0
      vertex -13.972 -10.6651 2.51
      vertex -14.3355 -10.3355 2.51
    endloop
  endfacet
  facet normal -0.671719 -0.740806 -0
    outer loop
      vertex -13.972 -10.6651 2.51
      vertex -14.3355 -10.3355 0
      vertex -13.972 -10.6651 0
    endloop
  endfacet
  facet normal 0.135009 -0.539383 0.831167
    outer loop
      vertex 11.8052 -10.1138 4.81044
      vertex 11.4756 -10.1963 4.81044
      vertex 11.6332 -10.9886 4.27068
    endloop
  endfacet
  facet normal 0.668146 0.495408 0.555115
    outer loop
      vertex 14.7997 9.47254 3.46288
      vertex 14.1013 9.5093 4.27068
      vertex 14.3509 9.17267 4.27068
    endloop
  endfacet
  facet normal -0.970204 0.143985 0.194868
    outer loop
      vertex -15.518 7.73847 3.46288
      vertex -15.7039 7.77545 2.51
      vertex -15.5873 7.27151 3.46288
    endloop
  endfacet
  facet normal -0.0273306 0.555368 0.831156
    outer loop
      vertex -10.8 11.0707 4.27068
      vertex -11.2186 11.0501 4.27068
      vertex -11.1394 10.2462 4.81044
    endloop
  endfacet
  facet normal 0.41199 -0.373376 0.831176
    outer loop
      vertex 13.4768 -8.99682 4.81044
      vertex 13.2486 -9.24862 4.81044
      vertex 14.1013 -9.5093 4.27068
    endloop
  endfacet
  facet normal 0.555367 0.0273249 0.831157
    outer loop
      vertex 15.0707 6.8 4.27068
      vertex 14.2462 7.13942 4.81044
      vertex 14.2629 6.8 4.81044
    endloop
  endfacet
  facet normal -0.0273265 -0.555367 0.831157
    outer loop
      vertex -10.8 -10.2629 4.81044
      vertex -11.1394 -10.2462 4.81044
      vertex -10.8 -11.0707 4.27068
    endloop
  endfacet
  facet normal -0.822759 -0.122103 0.55512
    outer loop
      vertex -14.9886 -7.63317 4.27068
      vertex -15.5873 -7.27151 3.46288
      vertex -15.518 -7.73847 3.46288
    endloop
  endfacet
  facet normal -0.336879 -0.941548 0
    outer loop
      vertex -12.7134 -11.4194 0
      vertex -12.2514 -11.5847 2.51
      vertex -12.7134 -11.4194 2.51
    endloop
  endfacet
  facet normal -0.336879 -0.941548 -0
    outer loop
      vertex -12.2514 -11.5847 2.51
      vertex -12.7134 -11.4194 0
      vertex -12.2514 -11.5847 0
    endloop
  endfacet
  facet normal 0.658846 -0.72661 0.194832
    outer loop
      vertex 14.2015 -10.2015 3.46288
      vertex 13.972 -10.6651 2.51
      vertex 14.3355 -10.3355 2.51
    endloop
  endfacet
  facet normal 0.285848 0.476932 0.83116
    outer loop
      vertex 12.8132 10.5664 4.27068
      vertex 12.4324 9.85398 4.81044
      vertex 12.7239 9.67927 4.81044
    endloop
  endfacet
  facet normal -0.584223 0.787828 0.194964
    outer loop
      vertex -13.4725 10.7997 3.46288
      vertex -13.972 10.6651 2.51
      vertex -13.8517 10.5185 3.46288
    endloop
  endfacet
  facet normal -0.33042 0.923496 0.194878
    outer loop
      vertex -12.2514 11.5847 2.51
      vertex -12.7134 11.4194 2.51
      vertex -12.1964 11.4033 3.46288
    endloop
  endfacet
  facet normal -0.135009 0.539383 0.831167
    outer loop
      vertex -11.6332 10.9886 4.27068
      vertex -11.8052 10.1138 4.81044
      vertex -11.4756 10.1963 4.81044
    endloop
  endfacet
  facet normal 0.787897 -0.58416 0.194873
    outer loop
      vertex 14.7997 -9.47254 3.46288
      vertex 14.6651 -9.97196 2.51
      vertex 14.9573 -9.57785 2.51
    endloop
  endfacet
  facet normal 0.923521 0.330363 0.194855
    outer loop
      vertex 15.4194 8.71342 2.51
      vertex 15.2443 8.64088 3.46288
      vertex 15.4033 8.1964 3.46288
    endloop
  endfacet
  facet normal -0.4195 -0.88658 0.194924
    outer loop
      vertex -13.0676 -11.0424 3.46288
      vertex -13.157 -11.2096 2.51
      vertex -12.6409 -11.2443 3.46288
    endloop
  endfacet
  facet normal -0.195088 -0.00959862 0.980739
    outer loop
      vertex -13.31 -6.8 4.99999
      vertex -14.2629 -6.8 4.81044
      vertex -14.2462 -7.13942 4.81044
    endloop
  endfacet
  facet normal -0.187337 -0.523535 0.831153
    outer loop
      vertex -11.8052 -10.1138 4.81044
      vertex -12.4343 -10.7456 4.27068
      vertex -12.0397 -10.8868 4.27068
    endloop
  endfacet
  facet normal -0.242967 -0.970034 0
    outer loop
      vertex -12.2514 -11.5847 0
      vertex -11.7755 -11.7039 2.51
      vertex -12.2514 -11.5847 2.51
    endloop
  endfacet
  facet normal -0.242967 -0.970034 -0
    outer loop
      vertex -11.7755 -11.7039 2.51
      vertex -12.2514 -11.5847 0
      vertex -11.7755 -11.7039 0
    endloop
  endfacet
  facet normal 0.616244 -0.558635 0.555131
    outer loop
      vertex 14.1013 -9.5093 4.27068
      vertex 13.8198 -9.81983 4.27068
      vertex 14.2015 -10.2015 3.46288
    endloop
  endfacet
  facet normal -0.183896 -0.0658086 0.98074
    outer loop
      vertex -13.1189 -7.76053 4.99999
      vertex -14.1138 -7.80522 4.81044
      vertex -13.9993 -8.12518 4.81044
    endloop
  endfacet
  facet normal 0.0815879 -0.550022 0.831155
    outer loop
      vertex 11.6332 -10.9886 4.27068
      vertex 11.1394 -10.2462 4.81044
      vertex 11.2186 -11.0501 4.27068
    endloop
  endfacet
  facet normal 0.285848 -0.476932 0.83116
    outer loop
      vertex 12.7239 -9.67927 4.81044
      vertex 12.4324 -9.85398 4.81044
      vertex 12.8132 -10.5664 4.27068
    endloop
  endfacet
  facet normal 0.33042 -0.923496 0.194878
    outer loop
      vertex 12.7134 -11.4194 2.51
      vertex 12.1964 -11.4033 3.46288
      vertex 12.2514 -11.5847 2.51
    endloop
  endfacet
  facet normal 0.970043 -0.242934 0
    outer loop
      vertex 15.5847 -8.25142 2.51
      vertex 15.7039 -7.77545 0
      vertex 15.7039 -7.77545 2.51
    endloop
  endfacet
  facet normal 0.970043 -0.242934 0
    outer loop
      vertex 15.7039 -7.77545 0
      vertex 15.5847 -8.25142 2.51
      vertex 15.5847 -8.25142 0
    endloop
  endfacet
  facet normal 0.668146 -0.495408 0.555115
    outer loop
      vertex 14.3509 -9.17267 4.27068
      vertex 14.1013 -9.5093 4.27068
      vertex 14.7997 -9.47254 3.46288
    endloop
  endfacet
  facet normal 0.998793 -0.0491163 0
    outer loop
      vertex 15.7759 -7.29008 2.51
      vertex 15.8 -6.8 0
      vertex 15.8 -6.8 2.51
    endloop
  endfacet
  facet normal 0.998793 -0.0491163 0
    outer loop
      vertex 15.8 -6.8 0
      vertex 15.7759 -7.29008 2.51
      vertex 15.7759 -7.29008 0
    endloop
  endfacet
  facet normal -0.187355 0.523521 0.831158
    outer loop
      vertex -11.8052 10.1138 4.81044
      vertex -12.4343 10.7456 4.27068
      vertex -12.1252 9.99928 4.81044
    endloop
  endfacet
  facet normal -0 0.555574 0.831467
    outer loop
      vertex -10.8 11.0707 4.27068
      vertex 10.8 10.2629 4.81044
      vertex 10.8 11.0707 4.27068
    endloop
  endfacet
  facet normal 0 0.555574 0.831467
    outer loop
      vertex 10.8 10.2629 4.81044
      vertex -10.8 11.0707 4.27068
      vertex -10.8 10.2629 4.81044
    endloop
  endfacet
  facet normal -0.822759 0.122103 0.55512
    outer loop
      vertex -15.518 7.73847 3.46288
      vertex -15.5873 7.27151 3.46288
      vertex -14.9886 7.63317 4.27068
    endloop
  endfacet
  facet normal -0.970219 0.143923 0.194837
    outer loop
      vertex -15.7039 7.77545 2.51
      vertex -15.7759 7.29008 2.51
      vertex -15.5873 7.27151 3.46288
    endloop
  endfacet
  facet normal 0.658626 0.726774 0.194965
    outer loop
      vertex 13.972 10.6651 2.51
      vertex 13.8517 10.5185 3.46288
      vertex 14.2015 10.2015 3.46288
    endloop
  endfacet
  facet normal -0.0815879 0.550022 0.831155
    outer loop
      vertex -11.2186 11.0501 4.27068
      vertex -11.6332 10.9886 4.27068
      vertex -11.1394 10.2462 4.81044
    endloop
  endfacet
  facet normal 0 0.831448 0.555602
    outer loop
      vertex 10.8 11.6105 3.46288
      vertex -10.8 11.0707 4.27068
      vertex 10.8 11.0707 4.27068
    endloop
  endfacet
  facet normal 0 0.831448 0.555602
    outer loop
      vertex -10.8 11.0707 4.27068
      vertex 10.8 11.6105 3.46288
      vertex -10.8 11.6105 3.46288
    endloop
  endfacet
  facet normal -0.146726 0.989177 0
    outer loop
      vertex -11.2901 11.7759 0
      vertex -11.7755 11.7039 2.51
      vertex -11.2901 11.7759 2.51
    endloop
  endfacet
  facet normal -0.146726 0.989177 0
    outer loop
      vertex -11.7755 11.7039 2.51
      vertex -11.2901 11.7759 0
      vertex -11.7755 11.7039 0
    endloop
  endfacet
  facet normal -0.0408769 0.830753 0.555138
    outer loop
      vertex -10.8 11.6105 3.46288
      vertex -11.2715 11.5873 3.46288
      vertex -10.8 11.0707 4.27068
    endloop
  endfacet
  facet normal 0.0408769 0.830753 0.555138
    outer loop
      vertex 10.8 11.6105 3.46288
      vertex 10.8 11.0707 4.27068
      vertex 11.2715 11.5873 3.46288
    endloop
  endfacet
  facet normal 0.998793 0.0491163 0
    outer loop
      vertex 15.8 6.8 2.51
      vertex 15.7759 7.29008 0
      vertex 15.7759 7.29008 2.51
    endloop
  endfacet
  facet normal 0.998793 0.0491163 0
    outer loop
      vertex 15.7759 7.29008 0
      vertex 15.8 6.8 2.51
      vertex 15.8 6.8 0
    endloop
  endfacet
  facet normal 0.970204 -0.143985 0.194868
    outer loop
      vertex 15.5873 -7.27151 3.46288
      vertex 15.518 -7.73847 3.46288
      vertex 15.7039 -7.77545 2.51
    endloop
  endfacet
  facet normal -0.237728 -0.502652 0.831159
    outer loop
      vertex -12.4324 -9.85398 4.81044
      vertex -12.8132 -10.5664 4.27068
      vertex -12.4343 -10.7456 4.27068
    endloop
  endfacet
  facet normal -0.787897 -0.58416 0.194873
    outer loop
      vertex -14.7997 -9.47254 3.46288
      vertex -14.9573 -9.57785 2.51
      vertex -14.6651 -9.97196 2.51
    endloop
  endfacet
  facet normal 0 0 1
    outer loop
      vertex 13.31 6.8 4.99999
      vertex 10.5454 3.95 4.99999
      vertex 13.31 -6.8 4.99999
    endloop
  endfacet
  facet normal 0 0 1
    outer loop
      vertex 13.31 -6.8 4.99999
      vertex 10.7352 -4.40825 4.99999
      vertex 10.8 -4.9 4.99999
    endloop
  endfacet
  facet normal -0 0 1
    outer loop
      vertex 10.5454 -3.95 4.99999
      vertex 13.31 -6.8 4.99999
      vertex 10.5454 3.95 4.99999
    endloop
  endfacet
  facet normal 0 0 1
    outer loop
      vertex 13.31 -6.8 4.99999
      vertex 10.5454 -3.95 4.99999
      vertex 10.7352 -4.40825 4.99999
    endloop
  endfacet
  facet normal -0 0 1
    outer loop
      vertex 10.2435 3.55651 4.99999
      vertex 10.5454 -3.95 4.99999
      vertex 10.5454 3.95 4.99999
    endloop
  endfacet
  facet normal 0 0 1
    outer loop
      vertex 10.2435 3.55651 4.99999
      vertex 10.2435 -3.55651 4.99999
      vertex 10.5454 -3.95 4.99999
    endloop
  endfacet
  facet normal -0 0 1
    outer loop
      vertex 9.84999 3.25455 4.99999
      vertex 10.2435 -3.55651 4.99999
      vertex 10.2435 3.55651 4.99999
    endloop
  endfacet
  facet normal 0 0 1
    outer loop
      vertex 9.84999 3.25455 4.99999
      vertex 9.84999 -3.25455 4.99999
      vertex 10.2435 -3.55651 4.99999
    endloop
  endfacet
  facet normal -0 0 1
    outer loop
      vertex 9.39175 3.06475 4.99999
      vertex 9.84999 -3.25455 4.99999
      vertex 9.84999 3.25455 4.99999
    endloop
  endfacet
  facet normal 0 0 1
    outer loop
      vertex 9.39175 3.06475 4.99999
      vertex 9.39175 -3.06475 4.99999
      vertex 9.84999 -3.25455 4.99999
    endloop
  endfacet
  facet normal -0 0 1
    outer loop
      vertex 8.89999 3.00001 4.99999
      vertex 9.39175 -3.06475 4.99999
      vertex 9.39175 3.06475 4.99999
    endloop
  endfacet
  facet normal 0 0 1
    outer loop
      vertex 8.89999 3.00001 4.99999
      vertex 8.89999 -3.00001 4.99999
      vertex 9.39175 -3.06475 4.99999
    endloop
  endfacet
  facet normal -0 0 1
    outer loop
      vertex -8.89999 3.00001 4.99999
      vertex 8.89999 -3.00001 4.99999
      vertex 8.89999 3.00001 4.99999
    endloop
  endfacet
  facet normal 0 0 1
    outer loop
      vertex -8.89999 3.00001 4.99999
      vertex -8.89999 -3.00001 4.99999
      vertex 8.89999 -3.00001 4.99999
    endloop
  endfacet
  facet normal 0 0 1
    outer loop
      vertex -9.39175 3.06475 4.99999
      vertex -8.89999 -3.00001 4.99999
      vertex -8.89999 3.00001 4.99999
    endloop
  endfacet
  facet normal 0 0 1
    outer loop
      vertex -9.39175 3.06475 4.99999
      vertex -9.39175 -3.06475 4.99999
      vertex -8.89999 -3.00001 4.99999
    endloop
  endfacet
  facet normal 0 0 1
    outer loop
      vertex -9.84999 3.25455 4.99999
      vertex -9.39175 -3.06475 4.99999
      vertex -9.39175 3.06475 4.99999
    endloop
  endfacet
  facet normal 0 0 1
    outer loop
      vertex -9.84999 3.25455 4.99999
      vertex -9.84999 -3.25455 4.99999
      vertex -9.39175 -3.06475 4.99999
    endloop
  endfacet
  facet normal 0 0 1
    outer loop
      vertex -10.2435 3.55651 4.99999
      vertex -9.84999 -3.25455 4.99999
      vertex -9.84999 3.25455 4.99999
    endloop
  endfacet
  facet normal 0 0 1
    outer loop
      vertex -10.2435 3.55651 4.99999
      vertex -10.2435 -3.55651 4.99999
      vertex -9.84999 -3.25455 4.99999
    endloop
  endfacet
  facet normal 0 0 1
    outer loop
      vertex -10.5454 3.95 4.99999
      vertex -10.2435 -3.55651 4.99999
      vertex -10.2435 3.55651 4.99999
    endloop
  endfacet
  facet normal 0 0 1
    outer loop
      vertex -10.5454 3.95 4.99999
      vertex -10.5454 -3.95 4.99999
      vertex -10.2435 -3.55651 4.99999
    endloop
  endfacet
  facet normal 0 0 1
    outer loop
      vertex -13.31 6.8 4.99999
      vertex -10.5454 3.95 4.99999
      vertex -10.7352 4.40825 4.99999
    endloop
  endfacet
  facet normal 0 0 1
    outer loop
      vertex -10.5454 3.95 4.99999
      vertex -13.31 6.8 4.99999
      vertex -10.5454 -3.95 4.99999
    endloop
  endfacet
  facet normal 0 0 1
    outer loop
      vertex -13.31 6.8 4.99999
      vertex -10.7352 4.40825 4.99999
      vertex -10.8 4.9 4.99999
    endloop
  endfacet
  facet normal 0 0 1
    outer loop
      vertex -13.31 -6.8 4.99999
      vertex -10.5454 -3.95 4.99999
      vertex -13.31 6.8 4.99999
    endloop
  endfacet
  facet normal 0 0 1
    outer loop
      vertex 10.5454 5.85 4.99999
      vertex 13.31 6.8 4.99999
      vertex 13.2979 7.04602 4.99999
    endloop
  endfacet
  facet normal 0 0 1
    outer loop
      vertex 10.7352 4.40825 4.99999
      vertex 13.31 6.8 4.99999
      vertex 10.8 4.9 4.99999
    endloop
  endfacet
  facet normal 0 0 1
    outer loop
      vertex 10.5454 5.85 4.99999
      vertex 13.2979 7.04602 4.99999
      vertex 13.2618 7.28967 4.99999
    endloop
  endfacet
  facet normal 0 0 1
    outer loop
      vertex 10.5454 3.95 4.99999
      vertex 13.31 6.8 4.99999
      vertex 10.7352 4.40825 4.99999
    endloop
  endfacet
  facet normal 0 0 1
    outer loop
      vertex 10.5454 5.85 4.99999
      vertex 13.2618 7.28967 4.99999
      vertex 13.2019 7.52861 4.99999
    endloop
  endfacet
  facet normal -0 0 1
    outer loop
      vertex 10.7352 -5.39174 4.99999
      vertex 13.31 -6.8 4.99999
      vertex 10.8 -4.9 4.99999
    endloop
  endfacet
  facet normal 0 0 1
    outer loop
      vertex 10.2435 6.24349 4.99999
      vertex 13.2019 7.52861 4.99999
      vertex 13.1189 7.76053 4.99999
    endloop
  endfacet
  facet normal -0 0 1
    outer loop
      vertex 10.5454 -5.85 4.99999
      vertex 13.31 -6.8 4.99999
      vertex 10.7352 -5.39174 4.99999
    endloop
  endfacet
  facet normal 0 0 1
    outer loop
      vertex 10.2435 6.24349 4.99999
      vertex 13.1189 7.76053 4.99999
      vertex 13.0136 7.9832 4.99999
    endloop
  endfacet
  facet normal 0 0 1
    outer loop
      vertex 13.31 -6.8 4.99999
      vertex 10.5454 -5.85 4.99999
      vertex 13.2979 -7.04602 4.99999
    endloop
  endfacet
  facet normal 0 0 1
    outer loop
      vertex 10.2435 6.24349 4.99999
      vertex 13.0136 7.9832 4.99999
      vertex 12.887 8.19448 4.99999
    endloop
  endfacet
  facet normal 0 0 1
    outer loop
      vertex 13.2979 -7.04602 4.99999
      vertex 10.5454 -5.85 4.99999
      vertex 13.2618 -7.28967 4.99999
    endloop
  endfacet
  facet normal 0 0 1
    outer loop
      vertex 10.2435 6.24349 4.99999
      vertex 12.887 8.19448 4.99999
      vertex 12.7403 8.39232 4.99999
    endloop
  endfacet
  facet normal 0 0 1
    outer loop
      vertex 13.2618 -7.28967 4.99999
      vertex 10.5454 -5.85 4.99999
      vertex 13.2019 -7.52861 4.99999
    endloop
  endfacet
  facet normal 0 0 1
    outer loop
      vertex 10.2435 6.24349 4.99999
      vertex 12.7403 8.39232 4.99999
      vertex 12.5748 8.57483 4.99999
    endloop
  endfacet
  facet normal -0 0 1
    outer loop
      vertex 10.2435 -6.24349 4.99999
      vertex 13.2019 -7.52861 4.99999
      vertex 10.5454 -5.85 4.99999
    endloop
  endfacet
  facet normal 0 0 1
    outer loop
      vertex 10.2435 6.24349 4.99999
      vertex 12.5748 8.57483 4.99999
      vertex 12.3923 8.74025 4.99999
    endloop
  endfacet
  facet normal 0 0 1
    outer loop
      vertex 13.2019 -7.52861 4.99999
      vertex 10.2435 -6.24349 4.99999
      vertex 13.1189 -7.76053 4.99999
    endloop
  endfacet
  facet normal 0 0 1
    outer loop
      vertex 10.2435 6.24349 4.99999
      vertex 12.3923 8.74025 4.99999
      vertex 12.1945 8.88698 4.99999
    endloop
  endfacet
  facet normal 0 0 1
    outer loop
      vertex 13.1189 -7.76053 4.99999
      vertex 10.2435 -6.24349 4.99999
      vertex 13.0136 -7.9832 4.99999
    endloop
  endfacet
  facet normal 0 0 1
    outer loop
      vertex 10.2435 6.24349 4.99999
      vertex 12.1945 8.88698 4.99999
      vertex 11.9832 9.01362 4.99999
    endloop
  endfacet
  facet normal 0 0 1
    outer loop
      vertex 13.0136 -7.9832 4.99999
      vertex 10.2435 -6.24349 4.99999
      vertex 12.887 -8.19448 4.99999
    endloop
  endfacet
  facet normal 0 0 1
    outer loop
      vertex 10.2435 6.24349 4.99999
      vertex 11.9832 9.01362 4.99999
      vertex 11.7605 9.11893 4.99999
    endloop
  endfacet
  facet normal 0 0 1
    outer loop
      vertex 12.887 -8.19448 4.99999
      vertex 10.2435 -6.24349 4.99999
      vertex 12.7403 -8.39232 4.99999
    endloop
  endfacet
  facet normal 0 0 1
    outer loop
      vertex 10.2435 6.24349 4.99999
      vertex 11.7605 9.11893 4.99999
      vertex 11.5286 9.20191 4.99999
    endloop
  endfacet
  facet normal 0 0 1
    outer loop
      vertex 12.7403 -8.39232 4.99999
      vertex 10.2435 -6.24349 4.99999
      vertex 12.5748 -8.57483 4.99999
    endloop
  endfacet
  facet normal 0 0 1
    outer loop
      vertex 10.2435 6.24349 4.99999
      vertex 11.5286 9.20191 4.99999
      vertex 11.2897 9.26176 4.99999
    endloop
  endfacet
  facet normal 0 0 1
    outer loop
      vertex 12.5748 -8.57483 4.99999
      vertex 10.2435 -6.24349 4.99999
      vertex 12.3923 -8.74025 4.99999
    endloop
  endfacet
  facet normal 0 0 1
    outer loop
      vertex 9.84999 6.54545 4.99999
      vertex 11.2897 9.26176 4.99999
      vertex 11.046 9.29791 4.99999
    endloop
  endfacet
  facet normal 0 0 1
    outer loop
      vertex 12.3923 -8.74025 4.99999
      vertex 10.2435 -6.24349 4.99999
      vertex 12.1945 -8.88698 4.99999
    endloop
  endfacet
  facet normal 0 0 1
    outer loop
      vertex 9.84999 6.54545 4.99999
      vertex 11.046 9.29791 4.99999
      vertex 10.8 9.30999 4.99999
    endloop
  endfacet
  facet normal 0 0 1
    outer loop
      vertex 12.1945 -8.88698 4.99999
      vertex 10.2435 -6.24349 4.99999
      vertex 11.9832 -9.01362 4.99999
    endloop
  endfacet
  facet normal 0 0 1
    outer loop
      vertex 11.9832 -9.01362 4.99999
      vertex 10.2435 -6.24349 4.99999
      vertex 11.7605 -9.11893 4.99999
    endloop
  endfacet
  facet normal 0 0 1
    outer loop
      vertex 13.31 6.8 4.99999
      vertex 10.7352 5.39174 4.99999
      vertex 10.8 4.9 4.99999
    endloop
  endfacet
  facet normal 0 0 1
    outer loop
      vertex 13.31 6.8 4.99999
      vertex 10.5454 5.85 4.99999
      vertex 10.7352 5.39174 4.99999
    endloop
  endfacet
  facet normal 0 0 1
    outer loop
      vertex 13.2019 7.52861 4.99999
      vertex 10.2435 6.24349 4.99999
      vertex 10.5454 5.85 4.99999
    endloop
  endfacet
  facet normal 0 0 1
    outer loop
      vertex 11.2897 9.26176 4.99999
      vertex 9.84999 6.54545 4.99999
      vertex 10.2435 6.24349 4.99999
    endloop
  endfacet
  facet normal 0 0 1
    outer loop
      vertex 10.8 9.30999 4.99999
      vertex 9.39175 6.73525 4.99999
      vertex 9.84999 6.54545 4.99999
    endloop
  endfacet
  facet normal 0 0 1
    outer loop
      vertex 10.8 9.30999 4.99999
      vertex 8.89999 6.79999 4.99999
      vertex 9.39175 6.73525 4.99999
    endloop
  endfacet
  facet normal 0 0 1
    outer loop
      vertex 10.8 9.30999 4.99999
      vertex -8.89999 6.79999 4.99999
      vertex 8.89999 6.79999 4.99999
    endloop
  endfacet
  facet normal -0 0 1
    outer loop
      vertex -11.7605 9.11893 4.99999
      vertex -10.2435 6.24349 4.99999
      vertex -11.5286 9.20191 4.99999
    endloop
  endfacet
  facet normal -0 0 1
    outer loop
      vertex -11.5286 9.20191 4.99999
      vertex -10.2435 6.24349 4.99999
      vertex -11.2897 9.26176 4.99999
    endloop
  endfacet
  facet normal 0 0 1
    outer loop
      vertex -9.84999 6.54545 4.99999
      vertex -11.2897 9.26176 4.99999
      vertex -10.2435 6.24349 4.99999
    endloop
  endfacet
  facet normal -0 0 1
    outer loop
      vertex -11.2897 9.26176 4.99999
      vertex -9.84999 6.54545 4.99999
      vertex -11.046 9.29791 4.99999
    endloop
  endfacet
  facet normal -0 0 1
    outer loop
      vertex -11.046 9.29791 4.99999
      vertex -9.84999 6.54545 4.99999
      vertex -10.8 9.30999 4.99999
    endloop
  endfacet
  facet normal 0 0 1
    outer loop
      vertex -9.39175 6.73525 4.99999
      vertex -10.8 9.30999 4.99999
      vertex -9.84999 6.54545 4.99999
    endloop
  endfacet
  facet normal 0 0 1
    outer loop
      vertex -8.89999 6.79999 4.99999
      vertex -10.8 9.30999 4.99999
      vertex -9.39175 6.73525 4.99999
    endloop
  endfacet
  facet normal -0 0 1
    outer loop
      vertex -10.8 9.30999 4.99999
      vertex -8.89999 6.79999 4.99999
      vertex 10.8 9.30999 4.99999
    endloop
  endfacet
  facet normal 0 0 1
    outer loop
      vertex 11.7605 -9.11893 4.99999
      vertex 10.2435 -6.24349 4.99999
      vertex 11.5286 -9.20191 4.99999
    endloop
  endfacet
  facet normal 0 0 1
    outer loop
      vertex 11.5286 -9.20191 4.99999
      vertex 10.2435 -6.24349 4.99999
      vertex 11.2897 -9.26176 4.99999
    endloop
  endfacet
  facet normal -0 0 1
    outer loop
      vertex 9.84999 -6.54545 4.99999
      vertex 11.2897 -9.26176 4.99999
      vertex 10.2435 -6.24349 4.99999
    endloop
  endfacet
  facet normal 0 0 1
    outer loop
      vertex 11.2897 -9.26176 4.99999
      vertex 9.84999 -6.54545 4.99999
      vertex 11.046 -9.29791 4.99999
    endloop
  endfacet
  facet normal 0 0 1
    outer loop
      vertex 11.046 -9.29791 4.99999
      vertex 9.84999 -6.54545 4.99999
      vertex 10.8 -9.30999 4.99999
    endloop
  endfacet
  facet normal -0 0 1
    outer loop
      vertex 9.39175 -6.73525 4.99999
      vertex 10.8 -9.30999 4.99999
      vertex 9.84999 -6.54545 4.99999
    endloop
  endfacet
  facet normal -0 0 1
    outer loop
      vertex 8.89999 -6.79999 4.99999
      vertex 10.8 -9.30999 4.99999
      vertex 9.39175 -6.73525 4.99999
    endloop
  endfacet
  facet normal -0 0 1
    outer loop
      vertex -8.89999 -6.79999 4.99999
      vertex 10.8 -9.30999 4.99999
      vertex 8.89999 -6.79999 4.99999
    endloop
  endfacet
  facet normal 0 0 1
    outer loop
      vertex -8.89999 -6.79999 4.99999
      vertex -10.8 -9.30999 4.99999
      vertex 10.8 -9.30999 4.99999
    endloop
  endfacet
  facet normal 0 0 1
    outer loop
      vertex -9.39175 -6.73525 4.99999
      vertex -10.8 -9.30999 4.99999
      vertex -8.89999 -6.79999 4.99999
    endloop
  endfacet
  facet normal 0 0 1
    outer loop
      vertex -9.84999 -6.54545 4.99999
      vertex -10.8 -9.30999 4.99999
      vertex -9.39175 -6.73525 4.99999
    endloop
  endfacet
  facet normal 0 0 1
    outer loop
      vertex -11.2897 -9.26176 4.99999
      vertex -9.84999 -6.54545 4.99999
      vertex -10.2435 -6.24349 4.99999
    endloop
  endfacet
  facet normal 0 0 1
    outer loop
      vertex -13.2019 -7.52861 4.99999
      vertex -10.2435 -6.24349 4.99999
      vertex -10.5454 -5.85 4.99999
    endloop
  endfacet
  facet normal 0 0 1
    outer loop
      vertex -13.31 -6.8 4.99999
      vertex -10.5454 -5.85 4.99999
      vertex -10.7352 -5.39174 4.99999
    endloop
  endfacet
  facet normal 0 0 1
    outer loop
      vertex -13.31 -6.8 4.99999
      vertex -10.7352 -5.39174 4.99999
      vertex -10.8 -4.9 4.99999
    endloop
  endfacet
  facet normal 0 0 1
    outer loop
      vertex -10.5454 -3.95 4.99999
      vertex -13.31 -6.8 4.99999
      vertex -10.7352 -4.40825 4.99999
    endloop
  endfacet
  facet normal -0 0 1
    outer loop
      vertex -11.9832 9.01362 4.99999
      vertex -10.2435 6.24349 4.99999
      vertex -11.7605 9.11893 4.99999
    endloop
  endfacet
  facet normal 0 0 1
    outer loop
      vertex -10.7352 -4.40825 4.99999
      vertex -13.31 -6.8 4.99999
      vertex -10.8 -4.9 4.99999
    endloop
  endfacet
  facet normal -0 0 1
    outer loop
      vertex -12.1945 8.88698 4.99999
      vertex -10.2435 6.24349 4.99999
      vertex -11.9832 9.01362 4.99999
    endloop
  endfacet
  facet normal 0 0 1
    outer loop
      vertex -10.5454 -5.85 4.99999
      vertex -13.31 -6.8 4.99999
      vertex -13.2979 -7.04602 4.99999
    endloop
  endfacet
  facet normal -0 0 1
    outer loop
      vertex -12.3923 8.74025 4.99999
      vertex -10.2435 6.24349 4.99999
      vertex -12.1945 8.88698 4.99999
    endloop
  endfacet
  facet normal 0 0 1
    outer loop
      vertex -9.84999 -6.54545 4.99999
      vertex -11.046 -9.29791 4.99999
      vertex -10.8 -9.30999 4.99999
    endloop
  endfacet
  facet normal -0 0 1
    outer loop
      vertex -12.5748 8.57483 4.99999
      vertex -10.2435 6.24349 4.99999
      vertex -12.3923 8.74025 4.99999
    endloop
  endfacet
  facet normal 0 0 1
    outer loop
      vertex -9.84999 -6.54545 4.99999
      vertex -11.2897 -9.26176 4.99999
      vertex -11.046 -9.29791 4.99999
    endloop
  endfacet
  facet normal -0 0 1
    outer loop
      vertex -12.7403 8.39232 4.99999
      vertex -10.2435 6.24349 4.99999
      vertex -12.5748 8.57483 4.99999
    endloop
  endfacet
  facet normal 0 0 1
    outer loop
      vertex -10.2435 -6.24349 4.99999
      vertex -11.5286 -9.20191 4.99999
      vertex -11.2897 -9.26176 4.99999
    endloop
  endfacet
  facet normal -0 0 1
    outer loop
      vertex -12.887 8.19448 4.99999
      vertex -10.2435 6.24349 4.99999
      vertex -12.7403 8.39232 4.99999
    endloop
  endfacet
  facet normal 0 0 1
    outer loop
      vertex -10.2435 -6.24349 4.99999
      vertex -11.7605 -9.11893 4.99999
      vertex -11.5286 -9.20191 4.99999
    endloop
  endfacet
  facet normal -0 0 1
    outer loop
      vertex -13.0136 7.9832 4.99999
      vertex -10.2435 6.24349 4.99999
      vertex -12.887 8.19448 4.99999
    endloop
  endfacet
  facet normal 0 0 1
    outer loop
      vertex -10.2435 -6.24349 4.99999
      vertex -11.9832 -9.01362 4.99999
      vertex -11.7605 -9.11893 4.99999
    endloop
  endfacet
  facet normal -0 0 1
    outer loop
      vertex -13.1189 7.76053 4.99999
      vertex -10.2435 6.24349 4.99999
      vertex -13.0136 7.9832 4.99999
    endloop
  endfacet
  facet normal 0 0 1
    outer loop
      vertex -10.2435 -6.24349 4.99999
      vertex -12.1945 -8.88698 4.99999
      vertex -11.9832 -9.01362 4.99999
    endloop
  endfacet
  facet normal -0 0 1
    outer loop
      vertex -13.2019 7.52861 4.99999
      vertex -10.2435 6.24349 4.99999
      vertex -13.1189 7.76053 4.99999
    endloop
  endfacet
  facet normal 0 0 1
    outer loop
      vertex -10.2435 -6.24349 4.99999
      vertex -12.3923 -8.74025 4.99999
      vertex -12.1945 -8.88698 4.99999
    endloop
  endfacet
  facet normal 0 0 1
    outer loop
      vertex -10.2435 6.24349 4.99999
      vertex -13.2019 7.52861 4.99999
      vertex -10.5454 5.85 4.99999
    endloop
  endfacet
  facet normal 0 0 1
    outer loop
      vertex -10.2435 -6.24349 4.99999
      vertex -12.5748 -8.57483 4.99999
      vertex -12.3923 -8.74025 4.99999
    endloop
  endfacet
  facet normal -0 0 1
    outer loop
      vertex -13.2618 7.28967 4.99999
      vertex -10.5454 5.85 4.99999
      vertex -13.2019 7.52861 4.99999
    endloop
  endfacet
  facet normal 0 0 1
    outer loop
      vertex -10.2435 -6.24349 4.99999
      vertex -12.7403 -8.39232 4.99999
      vertex -12.5748 -8.57483 4.99999
    endloop
  endfacet
  facet normal -0 0 1
    outer loop
      vertex -13.2979 7.04602 4.99999
      vertex -10.5454 5.85 4.99999
      vertex -13.2618 7.28967 4.99999
    endloop
  endfacet
  facet normal 0 0 1
    outer loop
      vertex -10.2435 -6.24349 4.99999
      vertex -12.887 -8.19448 4.99999
      vertex -12.7403 -8.39232 4.99999
    endloop
  endfacet
  facet normal -0 0 1
    outer loop
      vertex -13.31 6.8 4.99999
      vertex -10.5454 5.85 4.99999
      vertex -13.2979 7.04602 4.99999
    endloop
  endfacet
  facet normal 0 0 1
    outer loop
      vertex -10.2435 -6.24349 4.99999
      vertex -13.0136 -7.9832 4.99999
      vertex -12.887 -8.19448 4.99999
    endloop
  endfacet
  facet normal 0 0 1
    outer loop
      vertex -10.5454 5.85 4.99999
      vertex -13.31 6.8 4.99999
      vertex -10.7352 5.39174 4.99999
    endloop
  endfacet
  facet normal 0 0 1
    outer loop
      vertex -10.2435 -6.24349 4.99999
      vertex -13.1189 -7.76053 4.99999
      vertex -13.0136 -7.9832 4.99999
    endloop
  endfacet
  facet normal 0 0 1
    outer loop
      vertex -10.7352 5.39174 4.99999
      vertex -13.31 6.8 4.99999
      vertex -10.8 4.9 4.99999
    endloop
  endfacet
  facet normal 0 0 1
    outer loop
      vertex -10.2435 -6.24349 4.99999
      vertex -13.2019 -7.52861 4.99999
      vertex -13.1189 -7.76053 4.99999
    endloop
  endfacet
  facet normal 0 0 1
    outer loop
      vertex -10.5454 -5.85 4.99999
      vertex -13.2618 -7.28967 4.99999
      vertex -13.2019 -7.52861 4.99999
    endloop
  endfacet
  facet normal 0 0 1
    outer loop
      vertex -10.5454 -5.85 4.99999
      vertex -13.2979 -7.04602 4.99999
      vertex -13.2618 -7.28967 4.99999
    endloop
  endfacet
  facet normal -0.555367 -0.0273249 0.831157
    outer loop
      vertex -14.2629 -6.8 4.81044
      vertex -15.0707 -6.8 4.27068
      vertex -14.2462 -7.13942 4.81044
    endloop
  endfacet
  facet normal -0.411959 -0.373447 0.83116
    outer loop
      vertex -13.2486 -9.24862 4.81044
      vertex -14.1013 -9.5093 4.27068
      vertex -13.8198 -9.81983 4.27068
    endloop
  endfacet
  facet normal 0 -0.195095 0.980784
    outer loop
      vertex -10.8 -9.30999 4.99999
      vertex 10.8 -10.2629 4.81044
      vertex 10.8 -9.30999 4.99999
    endloop
  endfacet
  facet normal 0 -0.195095 0.980784
    outer loop
      vertex 10.8 -10.2629 4.81044
      vertex -10.8 -9.30999 4.99999
      vertex -10.8 -10.2629 4.81044
    endloop
  endfacet
  facet normal -0.584164 -0.787881 0.194926
    outer loop
      vertex -13.4725 -10.7997 3.46288
      vertex -13.972 -10.6651 2.51
      vertex -13.5779 -10.9573 2.51
    endloop
  endfacet
  facet normal 0.144732 -0.131167 0.980739
    outer loop
      vertex 13.4768 -8.99682 4.81044
      vertex 12.5748 -8.57483 4.99999
      vertex 13.2486 -9.24862 4.81044
    endloop
  endfacet
  facet normal 0.495448 -0.668141 0.555084
    outer loop
      vertex 13.5093 -10.1013 4.27068
      vertex 13.1727 -10.3509 4.27068
      vertex 13.4725 -10.7997 3.46288
    endloop
  endfacet
  facet normal -0.504275 -0.841258 0.194917
    outer loop
      vertex -13.4725 -10.7997 3.46288
      vertex -13.5779 -10.9573 2.51
      vertex -13.157 -11.2096 2.51
    endloop
  endfacet
  facet normal -0.0481732 -0.979654 0.194825
    outer loop
      vertex -10.8 -11.6105 3.46288
      vertex -11.2901 -11.7759 2.51
      vertex -10.8 -11.8 2.51
    endloop
  endfacet
  facet normal -0.0491143 -0.998793 0
    outer loop
      vertex -11.2901 -11.7759 0
      vertex -10.8 -11.8 2.51
      vertex -11.2901 -11.7759 2.51
    endloop
  endfacet
  facet normal -0.0491143 -0.998793 -0
    outer loop
      vertex -10.8 -11.8 2.51
      vertex -11.2901 -11.7759 0
      vertex -10.8 -11.8 0
    endloop
  endfacet
  facet normal 0.0408827 -0.830751 0.55514
    outer loop
      vertex 11.2186 -11.0501 4.27068
      vertex 10.8 -11.0707 4.27068
      vertex 11.2715 -11.5873 3.46288
    endloop
  endfacet
  facet normal 0.143914 -0.970219 0.194841
    outer loop
      vertex 11.7755 -11.7039 2.51
      vertex 11.2715 -11.5873 3.46288
      vertex 11.2901 -11.7759 2.51
    endloop
  endfacet
  facet normal -0.0482033 -0.97965 0.194839
    outer loop
      vertex -11.2715 -11.5873 3.46288
      vertex -11.2901 -11.7759 2.51
      vertex -10.8 -11.6105 3.46288
    endloop
  endfacet
  facet normal 0 -0.831448 0.555602
    outer loop
      vertex -10.8 -11.6105 3.46288
      vertex 10.8 -11.0707 4.27068
      vertex -10.8 -11.0707 4.27068
    endloop
  endfacet
  facet normal 0 -0.831448 0.555602
    outer loop
      vertex 10.8 -11.0707 4.27068
      vertex -10.8 -11.6105 3.46288
      vertex 10.8 -11.6105 3.46288
    endloop
  endfacet
  facet normal 0.668118 -0.495476 0.555087
    outer loop
      vertex 14.7997 -9.47254 3.46288
      vertex 14.1013 -9.5093 4.27068
      vertex 14.5185 -9.85172 3.46288
    endloop
  endfacet
  facet normal 0.841249 -0.504306 0.194872
    outer loop
      vertex 15.2096 -9.15698 2.51
      vertex 14.7997 -9.47254 3.46288
      vertex 14.9573 -9.57785 2.51
    endloop
  endfacet
  facet normal 0.970219 -0.143923 0.194837
    outer loop
      vertex 15.7759 -7.29008 2.51
      vertex 15.5873 -7.27151 3.46288
      vertex 15.7039 -7.77545 2.51
    endloop
  endfacet
  facet normal 0.726646 -0.658807 0.194831
    outer loop
      vertex 14.6651 -9.97196 2.51
      vertex 14.2015 -10.2015 3.46288
      vertex 14.3355 -10.3355 2.51
    endloop
  endfacet
  facet normal 0.97965 -0.0482023 0.194838
    outer loop
      vertex 15.6105 -6.8 3.46288
      vertex 15.5873 -7.27151 3.46288
      vertex 15.7759 -7.29008 2.51
    endloop
  endfacet
  facet normal 0.189494 0.0474239 0.980736
    outer loop
      vertex 14.1138 7.80522 4.81044
      vertex 13.2618 7.28967 4.99999
      vertex 14.1963 7.47557 4.81044
    endloop
  endfacet
  facet normal 0.195097 0 0.980784
    outer loop
      vertex 13.31 6.8 4.99999
      vertex 14.2629 -6.8 4.81044
      vertex 14.2629 6.8 4.81044
    endloop
  endfacet
  facet normal 0.195097 0 0.980784
    outer loop
      vertex 14.2629 -6.8 4.81044
      vertex 13.31 6.8 4.99999
      vertex 13.31 -6.8 4.99999
    endloop
  endfacet
  facet normal 0.411959 -0.373447 0.83116
    outer loop
      vertex 14.1013 -9.5093 4.27068
      vertex 13.2486 -9.24862 4.81044
      vertex 13.8198 -9.81983 4.27068
    endloop
  endfacet
  facet normal 0.446667 -0.331189 0.831145
    outer loop
      vertex 14.3509 -9.17267 4.27068
      vertex 13.6793 -8.72387 4.81044
      vertex 14.1013 -9.5093 4.27068
    endloop
  endfacet
  facet normal 0.616335 -0.558575 0.555091
    outer loop
      vertex 14.5185 -9.85172 3.46288
      vertex 14.1013 -9.5093 4.27068
      vertex 14.2015 -10.2015 3.46288
    endloop
  endfacet
  facet normal -0.330351 0.923529 0.194841
    outer loop
      vertex -12.1964 11.4033 3.46288
      vertex -12.7134 11.4194 2.51
      vertex -12.6409 11.2443 3.46288
    endloop
  endfacet
  facet normal 0.00959909 0.195086 0.980739
    outer loop
      vertex 10.8 10.2629 4.81044
      vertex 10.8 9.30999 4.99999
      vertex 11.1394 10.2462 4.81044
    endloop
  endfacet
  facet normal -0.3734 0.41198 0.831171
    outer loop
      vertex -12.9968 9.47684 4.81044
      vertex -13.5093 10.1013 4.27068
      vertex -13.2486 9.24862 4.81044
    endloop
  endfacet
  facet normal -0.841249 0.504306 0.194872
    outer loop
      vertex -14.9573 9.57785 2.51
      vertex -15.2096 9.15698 2.51
      vertex -14.7997 9.47254 3.46288
    endloop
  endfacet
  facet normal -0.131173 0.144726 0.980739
    outer loop
      vertex -12.9968 9.47684 4.81044
      vertex -13.2486 9.24862 4.81044
      vertex -12.5748 8.57483 4.99999
    endloop
  endfacet
  facet normal -0.495448 0.668141 0.555084
    outer loop
      vertex -13.4725 10.7997 3.46288
      vertex -13.5093 10.1013 4.27068
      vertex -13.1727 10.3509 4.27068
    endloop
  endfacet
  facet normal -0.427543 0.903995 0
    outer loop
      vertex -12.7134 11.4194 0
      vertex -13.157 11.2096 2.51
      vertex -12.7134 11.4194 2.51
    endloop
  endfacet
  facet normal -0.427543 0.903995 0
    outer loop
      vertex -13.157 11.2096 2.51
      vertex -12.7134 11.4194 0
      vertex -13.157 11.2096 0
    endloop
  endfacet
  facet normal -0.143914 0.970219 0.194841
    outer loop
      vertex -11.2901 11.7759 2.51
      vertex -11.7755 11.7039 2.51
      vertex -11.2715 11.5873 3.46288
    endloop
  endfacet
  facet normal 0.783157 0.28023 0.5551
    outer loop
      vertex 15.4033 8.1964 3.46288
      vertex 14.7456 8.43432 4.27068
      vertex 14.8868 8.03971 4.27068
    endloop
  endfacet
  facet normal 0.658846 0.72661 0.194832
    outer loop
      vertex 14.3355 10.3355 2.51
      vertex 13.972 10.6651 2.51
      vertex 14.2015 10.2015 3.46288
    endloop
  endfacet
  facet normal -0.122093 0.822761 0.55512
    outer loop
      vertex -11.2715 11.5873 3.46288
      vertex -11.7385 11.518 3.46288
      vertex -11.6332 10.9886 4.27068
    endloop
  endfacet
  facet normal -0.0474651 0.189464 0.98074
    outer loop
      vertex -11.2897 9.26176 4.99999
      vertex -11.8052 10.1138 4.81044
      vertex -11.5286 9.20191 4.99999
    endloop
  endfacet
  facet normal 0 0.980793 0.195051
    outer loop
      vertex 10.8 11.8 2.51
      vertex -10.8 11.6105 3.46288
      vertex 10.8 11.6105 3.46288
    endloop
  endfacet
  facet normal 0 0.980793 0.195051
    outer loop
      vertex -10.8 11.6105 3.46288
      vertex 10.8 11.8 2.51
      vertex -10.8 11.8 2.51
    endloop
  endfacet
  facet normal -0.0481732 0.979654 0.194825
    outer loop
      vertex -10.8 11.8 2.51
      vertex -11.2901 11.7759 2.51
      vertex -10.8 11.6105 3.46288
    endloop
  endfacet
  facet normal 0.143914 0.970219 0.194841
    outer loop
      vertex 11.2901 11.7759 2.51
      vertex 11.2715 11.5873 3.46288
      vertex 11.7755 11.7039 2.51
    endloop
  endfacet
  facet normal 0.0482033 0.97965 0.194839
    outer loop
      vertex 11.2901 11.7759 2.51
      vertex 10.8 11.6105 3.46288
      vertex 11.2715 11.5873 3.46288
    endloop
  endfacet
  facet normal 0.189453 0.047494 0.980741
    outer loop
      vertex 14.1138 7.80522 4.81044
      vertex 13.2019 7.52861 4.99999
      vertex 13.2618 7.28967 4.99999
    endloop
  endfacet
  facet normal 0.830753 0.0408761 0.555138
    outer loop
      vertex 15.5873 7.27151 3.46288
      vertex 15.0707 6.8 4.27068
      vertex 15.6105 6.8 3.46288
    endloop
  endfacet
  facet normal 0.195088 -0.00959862 0.980739
    outer loop
      vertex 14.2629 -6.8 4.81044
      vertex 13.31 -6.8 4.99999
      vertex 14.2462 -7.13942 4.81044
    endloop
  endfacet
  facet normal 0.183896 0.0658086 0.98074
    outer loop
      vertex 13.9993 8.12518 4.81044
      vertex 13.1189 7.76053 4.99999
      vertex 14.1138 7.80522 4.81044
    endloop
  endfacet
  facet normal 1 -0 0
    outer loop
      vertex 15.8 -6.8 2.51
      vertex 15.8 6.8 0
      vertex 15.8 6.8 2.51
    endloop
  endfacet
  facet normal 1 0 0
    outer loop
      vertex 15.8 6.8 0
      vertex 15.8 -6.8 2.51
      vertex 15.8 -6.8 0
    endloop
  endfacet
  facet normal -0.886652 -0.419379 0.194856
    outer loop
      vertex -15.2443 -8.64088 3.46288
      vertex -15.4194 -8.71342 2.51
      vertex -15.2096 -9.15698 2.51
    endloop
  endfacet
  facet normal -0.783157 -0.28023 0.5551
    outer loop
      vertex -14.8868 -8.03971 4.27068
      vertex -15.4033 -8.1964 3.46288
      vertex -14.7456 -8.43432 4.27068
    endloop
  endfacet
  facet normal -0.668146 -0.495408 0.555115
    outer loop
      vertex -14.3509 -9.17267 4.27068
      vertex -14.7997 -9.47254 3.46288
      vertex -14.1013 -9.5093 4.27068
    endloop
  endfacet
  facet normal -0.523527 -0.187348 0.831156
    outer loop
      vertex -14.1138 -7.80522 4.81044
      vertex -14.7456 -8.43432 4.27068
      vertex -13.9993 -8.12518 4.81044
    endloop
  endfacet
  facet normal -0.951438 -0.238311 0.194867
    outer loop
      vertex -15.518 -7.73847 3.46288
      vertex -15.7039 -7.77545 2.51
      vertex -15.4033 -8.1964 3.46288
    endloop
  endfacet
  facet normal -0.280236 -0.783153 0.555102
    outer loop
      vertex -12.0397 -10.8868 4.27068
      vertex -12.4343 -10.7456 4.27068
      vertex -12.1964 -11.4033 3.46288
    endloop
  endfacet
  facet normal -0.15688 -0.116388 0.980736
    outer loop
      vertex -12.7403 -8.39232 4.99999
      vertex -13.6793 -8.72387 4.81044
      vertex -13.4768 -8.99682 4.81044
    endloop
  endfacet
  facet normal -0.7519 0.355638 0.555129
    outer loop
      vertex -14.5664 8.81319 4.27068
      vertex -15.2443 8.64088 3.46288
      vertex -14.7456 8.43432 4.27068
    endloop
  endfacet
  facet normal -0.555368 0.0273306 0.831155
    outer loop
      vertex -15.0501 7.2186 4.27068
      vertex -15.0707 6.8 4.27068
      vertex -14.2462 7.13942 4.81044
    endloop
  endfacet
  facet normal -0.00959909 -0.195086 0.980739
    outer loop
      vertex -10.8 -9.30999 4.99999
      vertex -11.1394 -10.2462 4.81044
      vertex -10.8 -10.2629 4.81044
    endloop
  endfacet
  facet normal -0.446667 -0.331189 0.831145
    outer loop
      vertex -13.6793 -8.72387 4.81044
      vertex -14.3509 -9.17267 4.27068
      vertex -14.1013 -9.5093 4.27068
    endloop
  endfacet
  facet normal -0.476926 -0.285906 0.831143
    outer loop
      vertex -13.6793 -8.72387 4.81044
      vertex -14.5664 -8.81319 4.27068
      vertex -14.3509 -9.17267 4.27068
    endloop
  endfacet
  facet normal 0.0273306 -0.555368 0.831156
    outer loop
      vertex 11.1394 -10.2462 4.81044
      vertex 10.8 -11.0707 4.27068
      vertex 11.2186 -11.0501 4.27068
    endloop
  endfacet
  facet normal -0.146726 -0.989177 0
    outer loop
      vertex -11.7755 -11.7039 0
      vertex -11.2901 -11.7759 2.51
      vertex -11.7755 -11.7039 2.51
    endloop
  endfacet
  facet normal -0.146726 -0.989177 -0
    outer loop
      vertex -11.2901 -11.7759 2.51
      vertex -11.7755 -11.7039 0
      vertex -11.2901 -11.7759 0
    endloop
  endfacet
  facet normal -0.584223 -0.787828 0.194964
    outer loop
      vertex -13.8517 -10.5185 3.46288
      vertex -13.972 -10.6651 2.51
      vertex -13.4725 -10.7997 3.46288
    endloop
  endfacet
  facet normal -0.970043 -0.242934 0
    outer loop
      vertex -15.5847 -8.25142 0
      vertex -15.7039 -7.77545 2.51
      vertex -15.7039 -7.77545 0
    endloop
  endfacet
  facet normal -0.970043 -0.242934 0
    outer loop
      vertex -15.7039 -7.77545 2.51
      vertex -15.5847 -8.25142 0
      vertex -15.5847 -8.25142 2.51
    endloop
  endfacet
  facet normal -0.50426 -0.841265 0.194925
    outer loop
      vertex -13.0676 -11.0424 3.46288
      vertex -13.4725 -10.7997 3.46288
      vertex -13.157 -11.2096 2.51
    endloop
  endfacet
  facet normal -0.238309 -0.951436 0.19488
    outer loop
      vertex -12.1964 -11.4033 3.46288
      vertex -12.2514 -11.5847 2.51
      vertex -11.7755 -11.7039 2.51
    endloop
  endfacet
  facet normal -0.330351 -0.923529 0.194841
    outer loop
      vertex -12.6409 -11.2443 3.46288
      vertex -12.7134 -11.4194 2.51
      vertex -12.1964 -11.4033 3.46288
    endloop
  endfacet
  facet normal -0.514136 -0.857709 0
    outer loop
      vertex -13.5779 -10.9573 0
      vertex -13.157 -11.2096 2.51
      vertex -13.5779 -10.9573 2.51
    endloop
  endfacet
  facet normal -0.514136 -0.857709 -0
    outer loop
      vertex -13.157 -11.2096 2.51
      vertex -13.5779 -10.9573 0
      vertex -13.157 -11.2096 0
    endloop
  endfacet
  facet normal 0 -0.555574 0.831467
    outer loop
      vertex -10.8 -10.2629 4.81044
      vertex 10.8 -11.0707 4.27068
      vertex 10.8 -10.2629 4.81044
    endloop
  endfacet
  facet normal 0 -0.555574 0.831467
    outer loop
      vertex 10.8 -11.0707 4.27068
      vertex -10.8 -10.2629 4.81044
      vertex -10.8 -11.0707 4.27068
    endloop
  endfacet
  facet normal -0.238326 -0.951434 0.194872
    outer loop
      vertex -11.7385 -11.518 3.46288
      vertex -12.1964 -11.4033 3.46288
      vertex -11.7755 -11.7039 2.51
    endloop
  endfacet
  facet normal 0 -0.980793 0.195051
    outer loop
      vertex -10.8 -11.8 2.51
      vertex 10.8 -11.6105 3.46288
      vertex -10.8 -11.6105 3.46288
    endloop
  endfacet
  facet normal 0 -0.980793 0.195051
    outer loop
      vertex 10.8 -11.6105 3.46288
      vertex -10.8 -11.8 2.51
      vertex 10.8 -11.8 2.51
    endloop
  endfacet
  facet normal -0.00958014 -0.195092 0.980738
    outer loop
      vertex -11.046 -9.29791 4.99999
      vertex -11.1394 -10.2462 4.81044
      vertex -10.8 -9.30999 4.99999
    endloop
  endfacet
  facet normal -0.0408769 -0.830753 0.555138
    outer loop
      vertex -10.8 -11.0707 4.27068
      vertex -11.2715 -11.5873 3.46288
      vertex -10.8 -11.6105 3.46288
    endloop
  endfacet
  facet normal 0.713405 -0.42767 0.555114
    outer loop
      vertex 14.5664 -8.81319 4.27068
      vertex 14.3509 -9.17267 4.27068
      vertex 14.7997 -9.47254 3.46288
    endloop
  endfacet
  facet normal 0.740843 -0.671678 0
    outer loop
      vertex 14.3355 -10.3355 2.51
      vertex 14.6651 -9.97196 0
      vertex 14.6651 -9.97196 2.51
    endloop
  endfacet
  facet normal 0.740843 -0.671678 0
    outer loop
      vertex 14.6651 -9.97196 0
      vertex 14.3355 -10.3355 2.51
      vertex 14.3355 -10.3355 0
    endloop
  endfacet
  facet normal 0.523527 -0.187348 0.831156
    outer loop
      vertex 14.1138 -7.80522 4.81044
      vertex 13.9993 -8.12518 4.81044
      vertex 14.7456 -8.43432 4.27068
    endloop
  endfacet
  facet normal 0.555574 0 0.831467
    outer loop
      vertex 14.2629 6.8 4.81044
      vertex 15.0707 -6.8 4.27068
      vertex 15.0707 6.8 4.27068
    endloop
  endfacet
  facet normal 0.555574 0 0.831467
    outer loop
      vertex 15.0707 -6.8 4.27068
      vertex 14.2629 6.8 4.81044
      vertex 14.2629 -6.8 4.81044
    endloop
  endfacet
  facet normal 0.00959909 -0.195086 0.980739
    outer loop
      vertex 10.8 -9.30999 4.99999
      vertex 10.8 -10.2629 4.81044
      vertex 11.1394 -10.2462 4.81044
    endloop
  endfacet
  facet normal 0.187355 -0.523521 0.831158
    outer loop
      vertex 12.1252 -9.99928 4.81044
      vertex 11.8052 -10.1138 4.81044
      vertex 12.4343 -10.7456 4.27068
    endloop
  endfacet
  facet normal 0.131173 -0.144726 0.980739
    outer loop
      vertex 13.2486 -9.24862 4.81044
      vertex 12.5748 -8.57483 4.99999
      vertex 12.9968 -9.47684 4.81044
    endloop
  endfacet
  facet normal 0.726761 -0.658652 0.194924
    outer loop
      vertex 14.5185 -9.85172 3.46288
      vertex 14.2015 -10.2015 3.46288
      vertex 14.6651 -9.97196 2.51
    endloop
  endfacet
  facet normal 0.787819 -0.584247 0.194929
    outer loop
      vertex 14.7997 -9.47254 3.46288
      vertex 14.5185 -9.85172 3.46288
      vertex 14.6651 -9.97196 2.51
    endloop
  endfacet
  facet normal 0.886652 -0.419379 0.194856
    outer loop
      vertex 15.2443 -8.64088 3.46288
      vertex 15.2096 -9.15698 2.51
      vertex 15.4194 -8.71342 2.51
    endloop
  endfacet
  facet normal 0.830753 -0.0408761 0.555138
    outer loop
      vertex 15.6105 -6.8 3.46288
      vertex 15.0707 -6.8 4.27068
      vertex 15.5873 -7.27151 3.46288
    endloop
  endfacet
  facet normal 0.202061 0.806854 0.55512
    outer loop
      vertex 11.7385 11.518 3.46288
      vertex 11.6332 10.9886 4.27068
      vertex 12.0397 10.8868 4.27068
    endloop
  endfacet
  facet normal 0.187355 0.523521 0.831158
    outer loop
      vertex 12.4343 10.7456 4.27068
      vertex 11.8052 10.1138 4.81044
      vertex 12.1252 9.99928 4.81044
    endloop
  endfacet
  facet normal 0.0816329 0.55 0.831166
    outer loop
      vertex 11.6332 10.9886 4.27068
      vertex 11.1394 10.2462 4.81044
      vertex 11.4756 10.1963 4.81044
    endloop
  endfacet
  facet normal 0.135079 0.539388 0.831152
    outer loop
      vertex 12.0397 10.8868 4.27068
      vertex 11.6332 10.9886 4.27068
      vertex 11.8052 10.1138 4.81044
    endloop
  endfacet
  facet normal 0.0658047 0.183901 0.98074
    outer loop
      vertex 11.8052 10.1138 4.81044
      vertex 11.5286 9.20191 4.99999
      vertex 11.7605 9.11893 4.99999
    endloop
  endfacet
  facet normal 0.0474651 0.189464 0.98074
    outer loop
      vertex 11.8052 10.1138 4.81044
      vertex 11.2897 9.26176 4.99999
      vertex 11.5286 9.20191 4.99999
    endloop
  endfacet
  facet normal -0.495463 0.668135 0.555079
    outer loop
      vertex -13.4725 10.7997 3.46288
      vertex -13.8517 10.5185 3.46288
      vertex -13.5093 10.1013 4.27068
    endloop
  endfacet
  facet normal -0.476938 0.285855 0.831154
    outer loop
      vertex -13.6793 8.72387 4.81044
      vertex -14.5664 8.81319 4.27068
      vertex -13.854 8.43239 4.81044
    endloop
  endfacet
  facet normal -0 0 -1
    outer loop
      vertex -10 6.43034 0
      vertex -10.2435 6.24349 0
      vertex -10 7.8 0
    endloop
  endfacet
  facet normal 0 0 -1
    outer loop
      vertex 15.8 -6.8 0
      vertex 10.5454 -3.95 0
      vertex 15.8 6.8 0
    endloop
  endfacet
  facet normal 0 0 -1
    outer loop
      vertex 15.8 6.8 0
      vertex 10.7352 4.40825 0
      vertex 10.8 4.9 0
    endloop
  endfacet
  facet normal 0 0 -1
    outer loop
      vertex 10.5454 3.95 0
      vertex 15.8 6.8 0
      vertex 10.5454 -3.95 0
    endloop
  endfacet
  facet normal 0 0 -1
    outer loop
      vertex 15.8 6.8 0
      vertex 10.5454 3.95 0
      vertex 10.7352 4.40825 0
    endloop
  endfacet
  facet normal 0 0 -1
    outer loop
      vertex 10.2435 -3.55651 0
      vertex 10.5454 3.95 0
      vertex 10.5454 -3.95 0
    endloop
  endfacet
  facet normal 0 0 -1
    outer loop
      vertex 10.2435 -3.55651 0
      vertex 10.2435 3.55651 0
      vertex 10.5454 3.95 0
    endloop
  endfacet
  facet normal 0 0 -1
    outer loop
      vertex 10 -3.36966 0
      vertex 10.2435 3.55651 0
      vertex 10.2435 -3.55651 0
    endloop
  endfacet
  facet normal 0 0 -1
    outer loop
      vertex 10.2435 3.55651 0
      vertex 10 -3.36966 0
      vertex 10 3.36966 0
    endloop
  endfacet
  facet normal 0 0 -1
    outer loop
      vertex 10.5454 -5.85 0
      vertex 15.8 -6.8 0
      vertex 15.7759 -7.29008 0
    endloop
  endfacet
  facet normal 0 0 -1
    outer loop
      vertex 10.7352 -4.40825 0
      vertex 15.8 -6.8 0
      vertex 10.8 -4.9 0
    endloop
  endfacet
  facet normal 0 0 -1
    outer loop
      vertex 10.5454 -5.85 0
      vertex 15.7759 -7.29008 0
      vertex 15.7039 -7.77545 0
    endloop
  endfacet
  facet normal 0 0 -1
    outer loop
      vertex 10.5454 -3.95 0
      vertex 15.8 -6.8 0
      vertex 10.7352 -4.40825 0
    endloop
  endfacet
  facet normal 0 0 -1
    outer loop
      vertex 10.5454 -5.85 0
      vertex 15.7039 -7.77545 0
      vertex 15.5847 -8.25142 0
    endloop
  endfacet
  facet normal 0 0 -1
    outer loop
      vertex 10.7352 5.39174 0
      vertex 15.8 6.8 0
      vertex 10.8 4.9 0
    endloop
  endfacet
  facet normal 0 0 -1
    outer loop
      vertex 10.5454 -5.85 0
      vertex 15.5847 -8.25142 0
      vertex 15.4194 -8.71342 0
    endloop
  endfacet
  facet normal 0 0 -1
    outer loop
      vertex 10.5454 5.85 0
      vertex 15.8 6.8 0
      vertex 10.7352 5.39174 0
    endloop
  endfacet
  facet normal 0 0 -1
    outer loop
      vertex 10 -7.8 0
      vertex 15.4194 -8.71342 0
      vertex 15.2096 -9.15698 0
    endloop
  endfacet
  facet normal -0 0 -1
    outer loop
      vertex 15.8 6.8 0
      vertex 10.5454 5.85 0
      vertex 15.7759 7.29008 0
    endloop
  endfacet
  facet normal 0 0 -1
    outer loop
      vertex 10 -7.8 0
      vertex 15.2096 -9.15698 0
      vertex 14.9573 -9.57785 0
    endloop
  endfacet
  facet normal -0 0 -1
    outer loop
      vertex 15.7759 7.29008 0
      vertex 10.5454 5.85 0
      vertex 15.7039 7.77545 0
    endloop
  endfacet
  facet normal 0 0 -1
    outer loop
      vertex 10 -7.8 0
      vertex 14.9573 -9.57785 0
      vertex 14.6651 -9.97196 0
    endloop
  endfacet
  facet normal -0 0 -1
    outer loop
      vertex 15.7039 7.77545 0
      vertex 10.5454 5.85 0
      vertex 15.5847 8.25142 0
    endloop
  endfacet
  facet normal 0 0 -1
    outer loop
      vertex 10 -7.8 0
      vertex 14.6651 -9.97196 0
      vertex 14.3355 -10.3355 0
    endloop
  endfacet
  facet normal -0 0 -1
    outer loop
      vertex 15.5847 8.25142 0
      vertex 10.5454 5.85 0
      vertex 15.4194 8.71342 0
    endloop
  endfacet
  facet normal 0 0 -1
    outer loop
      vertex 10 -7.8 0
      vertex 14.3355 -10.3355 0
      vertex 13.972 -10.6651 0
    endloop
  endfacet
  facet normal 0 0 -1
    outer loop
      vertex 10 7.8 0
      vertex 15.4194 8.71342 0
      vertex 10.5454 5.85 0
    endloop
  endfacet
  facet normal 0 0 -1
    outer loop
      vertex 10 -7.8 0
      vertex 13.972 -10.6651 0
      vertex 13.5779 -10.9573 0
    endloop
  endfacet
  facet normal -0 0 -1
    outer loop
      vertex 15.4194 8.71342 0
      vertex 10 7.8 0
      vertex 15.2096 9.15698 0
    endloop
  endfacet
  facet normal 0 0 -1
    outer loop
      vertex 10 -7.8 0
      vertex 13.5779 -10.9573 0
      vertex 13.157 -11.2096 0
    endloop
  endfacet
  facet normal -0 0 -1
    outer loop
      vertex 15.2096 9.15698 0
      vertex 10 7.8 0
      vertex 14.9573 9.57785 0
    endloop
  endfacet
  facet normal 0 0 -1
    outer loop
      vertex 10 -7.8 0
      vertex 13.157 -11.2096 0
      vertex 12.7134 -11.4194 0
    endloop
  endfacet
  facet normal -0 0 -1
    outer loop
      vertex 14.9573 9.57785 0
      vertex 10 7.8 0
      vertex 14.6651 9.97196 0
    endloop
  endfacet
  facet normal 0 0 -1
    outer loop
      vertex 10 -7.8 0
      vertex 12.7134 -11.4194 0
      vertex 12.2514 -11.5847 0
    endloop
  endfacet
  facet normal -0 0 -1
    outer loop
      vertex 14.6651 9.97196 0
      vertex 10 7.8 0
      vertex 14.3355 10.3355 0
    endloop
  endfacet
  facet normal 0 0 -1
    outer loop
      vertex 10 -7.8 0
      vertex 12.2514 -11.5847 0
      vertex 11.7755 -11.7039 0
    endloop
  endfacet
  facet normal -0 0 -1
    outer loop
      vertex 14.3355 10.3355 0
      vertex 10 7.8 0
      vertex 13.972 10.6651 0
    endloop
  endfacet
  facet normal 0 0 -1
    outer loop
      vertex 10 -7.8 0
      vertex 11.7755 -11.7039 0
      vertex 11.2901 -11.7759 0
    endloop
  endfacet
  facet normal -0 0 -1
    outer loop
      vertex 13.972 10.6651 0
      vertex 10 7.8 0
      vertex 13.5779 10.9573 0
    endloop
  endfacet
  facet normal 0 0 -1
    outer loop
      vertex 10 -7.8 0
      vertex 11.2901 -11.7759 0
      vertex 10.8 -11.8 0
    endloop
  endfacet
  facet normal -0 0 -1
    outer loop
      vertex 13.5779 10.9573 0
      vertex 10 7.8 0
      vertex 13.157 11.2096 0
    endloop
  endfacet
  facet normal -0 0 -1
    outer loop
      vertex 13.157 11.2096 0
      vertex 10 7.8 0
      vertex 12.7134 11.4194 0
    endloop
  endfacet
  facet normal 0 0 -1
    outer loop
      vertex 15.8 -6.8 0
      vertex 10.7352 -5.39174 0
      vertex 10.8 -4.9 0
    endloop
  endfacet
  facet normal 0 0 -1
    outer loop
      vertex 15.8 -6.8 0
      vertex 10.5454 -5.85 0
      vertex 10.7352 -5.39174 0
    endloop
  endfacet
  facet normal 0 0 -1
    outer loop
      vertex 15.4194 -8.71342 0
      vertex 10 -7.8 0
      vertex 10.5454 -5.85 0
    endloop
  endfacet
  facet normal 0 0 -1
    outer loop
      vertex 10.5454 -5.85 0
      vertex 10 -7.8 0
      vertex 10.2435 -6.24349 0
    endloop
  endfacet
  facet normal 0 0 -1
    outer loop
      vertex 10.8 -11.8 0
      vertex -10 -7.8 0
      vertex 10 -7.8 0
    endloop
  endfacet
  facet normal 0 0 -1
    outer loop
      vertex -10 -7.8 0
      vertex -10.2435 -6.24349 0
      vertex -10 -6.43034 0
    endloop
  endfacet
  facet normal 0 0 -1
    outer loop
      vertex -10 -7.8 0
      vertex -10.5454 -5.85 0
      vertex -10.2435 -6.24349 0
    endloop
  endfacet
  facet normal 0 0 -1
    outer loop
      vertex -15.5847 -8.25142 0
      vertex -10.5454 -5.85 0
      vertex -10 -7.8 0
    endloop
  endfacet
  facet normal 0 0 -1
    outer loop
      vertex -12.2514 -11.5847 0
      vertex -10 -7.8 0
      vertex -11.7755 -11.7039 0
    endloop
  endfacet
  facet normal 0 0 -1
    outer loop
      vertex -11.7755 -11.7039 0
      vertex -10 -7.8 0
      vertex -11.2901 -11.7759 0
    endloop
  endfacet
  facet normal 0 0 -1
    outer loop
      vertex -11.2901 -11.7759 0
      vertex -10 -7.8 0
      vertex -10.8 -11.8 0
    endloop
  endfacet
  facet normal 0 0 -1
    outer loop
      vertex -10.8 -11.8 0
      vertex -10 -7.8 0
      vertex 10.8 -11.8 0
    endloop
  endfacet
  facet normal -0 0 -1
    outer loop
      vertex 12.7134 11.4194 0
      vertex 10 7.8 0
      vertex 12.2514 11.5847 0
    endloop
  endfacet
  facet normal -0 0 -1
    outer loop
      vertex 12.2514 11.5847 0
      vertex 10 7.8 0
      vertex 11.7755 11.7039 0
    endloop
  endfacet
  facet normal -0 0 -1
    outer loop
      vertex 11.7755 11.7039 0
      vertex 10 7.8 0
      vertex 11.2901 11.7759 0
    endloop
  endfacet
  facet normal 0 0 -1
    outer loop
      vertex 10 7.8 0
      vertex 10.5454 5.85 0
      vertex 10.2435 6.24349 0
    endloop
  endfacet
  facet normal 0 0 -1
    outer loop
      vertex 10 7.8 0
      vertex 10.2435 6.24349 0
      vertex 10 6.43034 0
    endloop
  endfacet
  facet normal -0 0 -1
    outer loop
      vertex 11.2901 11.7759 0
      vertex 10 7.8 0
      vertex 10.8 11.8 0
    endloop
  endfacet
  facet normal 0 0 -1
    outer loop
      vertex -10 7.8 0
      vertex 10.8 11.8 0
      vertex 10 7.8 0
    endloop
  endfacet
  facet normal 0 0 -1
    outer loop
      vertex -10.5454 5.85 0
      vertex -10 7.8 0
      vertex -10.2435 6.24349 0
    endloop
  endfacet
  facet normal 0 0 -1
    outer loop
      vertex -15.8 6.8 0
      vertex -10.5454 5.85 0
      vertex -10.7352 5.39174 0
    endloop
  endfacet
  facet normal 0 0 -1
    outer loop
      vertex -10 7.8 0
      vertex -10.8 11.8 0
      vertex 10.8 11.8 0
    endloop
  endfacet
  facet normal 0 0 -1
    outer loop
      vertex -10.5454 5.85 0
      vertex -15.5847 8.25142 0
      vertex -10 7.8 0
    endloop
  endfacet
  facet normal 0 0 -1
    outer loop
      vertex -15.8 6.8 0
      vertex -10.7352 5.39174 0
      vertex -10.8 4.9 0
    endloop
  endfacet
  facet normal -0 0 -1
    outer loop
      vertex -10.8 -4.9 0
      vertex -15.8 -6.8 0
      vertex -10.8 4.9 0
    endloop
  endfacet
  facet normal 0 0 -1
    outer loop
      vertex -12.7134 -11.4194 0
      vertex -10 -7.8 0
      vertex -12.2514 -11.5847 0
    endloop
  endfacet
  facet normal 0 0 -1
    outer loop
      vertex -15.8 6.8 0
      vertex -10.8 4.9 0
      vertex -15.8 -6.8 0
    endloop
  endfacet
  facet normal 0 0 -1
    outer loop
      vertex -13.157 -11.2096 0
      vertex -10 -7.8 0
      vertex -12.7134 -11.4194 0
    endloop
  endfacet
  facet normal 0 0 -1
    outer loop
      vertex -10.5454 5.85 0
      vertex -15.8 6.8 0
      vertex -15.7759 7.29008 0
    endloop
  endfacet
  facet normal 0 0 -1
    outer loop
      vertex -13.5779 -10.9573 0
      vertex -10 -7.8 0
      vertex -13.157 -11.2096 0
    endloop
  endfacet
  facet normal 0 0 -1
    outer loop
      vertex -10 7.8 0
      vertex -11.2901 11.7759 0
      vertex -10.8 11.8 0
    endloop
  endfacet
  facet normal 0 0 -1
    outer loop
      vertex -13.972 -10.6651 0
      vertex -10 -7.8 0
      vertex -13.5779 -10.9573 0
    endloop
  endfacet
  facet normal 0 0 -1
    outer loop
      vertex -10 7.8 0
      vertex -11.7755 11.7039 0
      vertex -11.2901 11.7759 0
    endloop
  endfacet
  facet normal 0 0 -1
    outer loop
      vertex -14.3355 -10.3355 0
      vertex -10 -7.8 0
      vertex -13.972 -10.6651 0
    endloop
  endfacet
  facet normal 0 0 -1
    outer loop
      vertex -10 7.8 0
      vertex -12.2514 11.5847 0
      vertex -11.7755 11.7039 0
    endloop
  endfacet
  facet normal 0 0 -1
    outer loop
      vertex -14.6651 -9.97196 0
      vertex -10 -7.8 0
      vertex -14.3355 -10.3355 0
    endloop
  endfacet
  facet normal 0 0 -1
    outer loop
      vertex -10 7.8 0
      vertex -12.7134 11.4194 0
      vertex -12.2514 11.5847 0
    endloop
  endfacet
  facet normal 0 0 -1
    outer loop
      vertex -14.9573 -9.57785 0
      vertex -10 -7.8 0
      vertex -14.6651 -9.97196 0
    endloop
  endfacet
  facet normal 0 0 -1
    outer loop
      vertex -10 7.8 0
      vertex -13.157 11.2096 0
      vertex -12.7134 11.4194 0
    endloop
  endfacet
  facet normal 0 0 -1
    outer loop
      vertex -15.2096 -9.15698 0
      vertex -10 -7.8 0
      vertex -14.9573 -9.57785 0
    endloop
  endfacet
  facet normal 0 0 -1
    outer loop
      vertex -10 7.8 0
      vertex -13.5779 10.9573 0
      vertex -13.157 11.2096 0
    endloop
  endfacet
  facet normal 0 0 -1
    outer loop
      vertex -15.4194 -8.71342 0
      vertex -10 -7.8 0
      vertex -15.2096 -9.15698 0
    endloop
  endfacet
  facet normal 0 0 -1
    outer loop
      vertex -10 7.8 0
      vertex -13.972 10.6651 0
      vertex -13.5779 10.9573 0
    endloop
  endfacet
  facet normal 0 0 -1
    outer loop
      vertex -15.5847 -8.25142 0
      vertex -10 -7.8 0
      vertex -15.4194 -8.71342 0
    endloop
  endfacet
  facet normal 0 0 -1
    outer loop
      vertex -10 7.8 0
      vertex -14.3355 10.3355 0
      vertex -13.972 10.6651 0
    endloop
  endfacet
  facet normal 0 0 -1
    outer loop
      vertex -15.7039 -7.77545 0
      vertex -10.5454 -5.85 0
      vertex -15.5847 -8.25142 0
    endloop
  endfacet
  facet normal 0 0 -1
    outer loop
      vertex -10 7.8 0
      vertex -14.6651 9.97196 0
      vertex -14.3355 10.3355 0
    endloop
  endfacet
  facet normal 0 0 -1
    outer loop
      vertex -15.7759 -7.29008 0
      vertex -10.5454 -5.85 0
      vertex -15.7039 -7.77545 0
    endloop
  endfacet
  facet normal 0 0 -1
    outer loop
      vertex -10 7.8 0
      vertex -14.9573 9.57785 0
      vertex -14.6651 9.97196 0
    endloop
  endfacet
  facet normal 0 0 -1
    outer loop
      vertex -15.8 -6.8 0
      vertex -10.5454 -5.85 0
      vertex -15.7759 -7.29008 0
    endloop
  endfacet
  facet normal 0 0 -1
    outer loop
      vertex -10 7.8 0
      vertex -15.2096 9.15698 0
      vertex -14.9573 9.57785 0
    endloop
  endfacet
  facet normal -0 0 -1
    outer loop
      vertex -10.5454 -5.85 0
      vertex -15.8 -6.8 0
      vertex -10.7352 -5.39174 0
    endloop
  endfacet
  facet normal 0 0 -1
    outer loop
      vertex -10 7.8 0
      vertex -15.4194 8.71342 0
      vertex -15.2096 9.15698 0
    endloop
  endfacet
  facet normal -0 0 -1
    outer loop
      vertex -10.7352 -5.39174 0
      vertex -15.8 -6.8 0
      vertex -10.8 -4.9 0
    endloop
  endfacet
  facet normal 0 0 -1
    outer loop
      vertex -10 7.8 0
      vertex -15.5847 8.25142 0
      vertex -15.4194 8.71342 0
    endloop
  endfacet
  facet normal 0 0 -1
    outer loop
      vertex -10.5454 5.85 0
      vertex -15.7039 7.77545 0
      vertex -15.5847 8.25142 0
    endloop
  endfacet
  facet normal 0 0 -1
    outer loop
      vertex -10.5454 5.85 0
      vertex -15.7759 7.29008 0
      vertex -15.7039 7.77545 0
    endloop
  endfacet
  facet normal 0 0 -1
    outer loop
      vertex 10.2435 -6.24349 0
      vertex 10 -7.8 0
      vertex 10 -6.43034 0
    endloop
  endfacet
  facet normal 0 0 -1
    outer loop
      vertex -10.2435 -3.55651 0
      vertex -10 3.36966 0
      vertex -10 -3.36966 0
    endloop
  endfacet
  facet normal 0 0 -1
    outer loop
      vertex -10.2435 -3.55651 0
      vertex -10.2435 3.55651 0
      vertex -10 3.36966 0
    endloop
  endfacet
  facet normal 0 0 -1
    outer loop
      vertex -10.5454 -3.95 0
      vertex -10.2435 3.55651 0
      vertex -10.2435 -3.55651 0
    endloop
  endfacet
  facet normal 0 0 -1
    outer loop
      vertex -10.5454 -3.95 0
      vertex -10.5454 3.95 0
      vertex -10.2435 3.55651 0
    endloop
  endfacet
  facet normal 0 0 -1
    outer loop
      vertex -10.7352 -4.40825 0
      vertex -10.5454 3.95 0
      vertex -10.5454 -3.95 0
    endloop
  endfacet
  facet normal 0 0 -1
    outer loop
      vertex -10.7352 -4.40825 0
      vertex -10.7352 4.40825 0
      vertex -10.5454 3.95 0
    endloop
  endfacet
  facet normal 0 0 -1
    outer loop
      vertex -10.8 -4.9 0
      vertex -10.7352 4.40825 0
      vertex -10.7352 -4.40825 0
    endloop
  endfacet
  facet normal -0 0 -1
    outer loop
      vertex -10.7352 4.40825 0
      vertex -10.8 -4.9 0
      vertex -10.8 4.9 0
    endloop
  endfacet
  facet normal -0.979654 0.0481751 0.194825
    outer loop
      vertex -15.7759 7.29008 2.51
      vertex -15.8 6.8 2.51
      vertex -15.6105 6.8 3.46288
    endloop
  endfacet
  facet normal -0.658626 0.726774 0.194965
    outer loop
      vertex -13.972 10.6651 2.51
      vertex -14.2015 10.2015 3.46288
      vertex -13.8517 10.5185 3.46288
    endloop
  endfacet
  facet normal -0.187337 0.523535 0.831153
    outer loop
      vertex -12.0397 10.8868 4.27068
      vertex -12.4343 10.7456 4.27068
      vertex -11.8052 10.1138 4.81044
    endloop
  endfacet
  facet normal -0.0273265 0.555367 0.831157
    outer loop
      vertex -10.8 11.0707 4.27068
      vertex -11.1394 10.2462 4.81044
      vertex -10.8 10.2629 4.81044
    endloop
  endfacet
  facet normal -0.514136 0.857709 0
    outer loop
      vertex -13.157 11.2096 0
      vertex -13.5779 10.9573 2.51
      vertex -13.157 11.2096 2.51
    endloop
  endfacet
  facet normal -0.514136 0.857709 0
    outer loop
      vertex -13.5779 10.9573 2.51
      vertex -13.157 11.2096 0
      vertex -13.5779 10.9573 0
    endloop
  endfacet
  facet normal 0.989176 0.146735 0
    outer loop
      vertex 15.7759 7.29008 2.51
      vertex 15.7039 7.77545 0
      vertex 15.7039 7.77545 2.51
    endloop
  endfacet
  facet normal 0.989176 0.146735 0
    outer loop
      vertex 15.7039 7.77545 0
      vertex 15.7759 7.29008 2.51
      vertex 15.7759 7.29008 0
    endloop
  endfacet
  facet normal 0.238326 0.951434 0.194872
    outer loop
      vertex 11.7755 11.7039 2.51
      vertex 11.7385 11.518 3.46288
      vertex 12.1964 11.4033 3.46288
    endloop
  endfacet
  facet normal 0.16755 0.100397 0.980738
    outer loop
      vertex 13.6793 8.72387 4.81044
      vertex 12.887 8.19448 4.99999
      vertex 13.0136 7.9832 4.99999
    endloop
  endfacet
  facet normal 0.20211 0.806854 0.555101
    outer loop
      vertex 12.1964 11.4033 3.46288
      vertex 11.7385 11.518 3.46288
      vertex 12.0397 10.8868 4.27068
    endloop
  endfacet
  facet normal 0.285888 0.476923 0.831151
    outer loop
      vertex 12.8132 10.5664 4.27068
      vertex 12.7239 9.67927 4.81044
      vertex 13.1727 10.3509 4.27068
    endloop
  endfacet
  facet normal 0.595588 0.80329 -0
    outer loop
      vertex 13.972 10.6651 0
      vertex 13.5779 10.9573 2.51
      vertex 13.972 10.6651 2.51
    endloop
  endfacet
  facet normal 0.595588 0.80329 0
    outer loop
      vertex 13.5779 10.9573 2.51
      vertex 13.972 10.6651 0
      vertex 13.5779 10.9573 0
    endloop
  endfacet
  facet normal -0.238309 0.951436 0.19488
    outer loop
      vertex -11.7755 11.7039 2.51
      vertex -12.2514 11.5847 2.51
      vertex -12.1964 11.4033 3.46288
    endloop
  endfacet
  facet normal -0.242967 0.970034 0
    outer loop
      vertex -11.7755 11.7039 0
      vertex -12.2514 11.5847 2.51
      vertex -11.7755 11.7039 2.51
    endloop
  endfacet
  facet normal -0.242967 0.970034 0
    outer loop
      vertex -12.2514 11.5847 2.51
      vertex -11.7755 11.7039 0
      vertex -12.2514 11.5847 0
    endloop
  endfacet
  facet normal 0 1 -0
    outer loop
      vertex 10.8 11.8 0
      vertex -10.8 11.8 2.51
      vertex 10.8 11.8 2.51
    endloop
  endfacet
  facet normal 0 1 0
    outer loop
      vertex -10.8 11.8 2.51
      vertex 10.8 11.8 0
      vertex -10.8 11.8 0
    endloop
  endfacet
  facet normal 0.0491143 0.998793 -0
    outer loop
      vertex 11.2901 11.7759 0
      vertex 10.8 11.8 2.51
      vertex 11.2901 11.7759 2.51
    endloop
  endfacet
  facet normal 0.0491143 0.998793 0
    outer loop
      vertex 10.8 11.8 2.51
      vertex 11.2901 11.7759 0
      vertex 10.8 11.8 0
    endloop
  endfacet
  facet normal 0.419349 0.88667 0.19484
    outer loop
      vertex 12.7134 11.4194 2.51
      vertex 12.6409 11.2443 3.46288
      vertex 13.157 11.2096 2.51
    endloop
  endfacet
  facet normal 0.187337 0.523535 0.831153
    outer loop
      vertex 12.0397 10.8868 4.27068
      vertex 11.8052 10.1138 4.81044
      vertex 12.4343 10.7456 4.27068
    endloop
  endfacet
  facet normal 0.237744 0.50265 0.831156
    outer loop
      vertex 12.4343 10.7456 4.27068
      vertex 12.1252 9.99928 4.81044
      vertex 12.4324 9.85398 4.81044
    endloop
  endfacet
  facet normal 0.831448 -0 0.555602
    outer loop
      vertex 15.0707 -6.8 4.27068
      vertex 15.6105 6.8 3.46288
      vertex 15.0707 6.8 4.27068
    endloop
  endfacet
  facet normal 0.831448 0 0.555602
    outer loop
      vertex 15.6105 6.8 3.46288
      vertex 15.0707 -6.8 4.27068
      vertex 15.6105 -6.8 3.46288
    endloop
  endfacet
  facet normal 0.502652 0.237747 0.831154
    outer loop
      vertex 14.5664 8.81319 4.27068
      vertex 13.854 8.43239 4.81044
      vertex 14.7456 8.43432 4.27068
    endloop
  endfacet
  facet normal 0.176565 0.0835092 0.98074
    outer loop
      vertex 13.854 8.43239 4.81044
      vertex 13.1189 7.76053 4.99999
      vertex 13.9993 8.12518 4.81044
    endloop
  endfacet
  facet normal 0.100413 0.16754 0.980738
    outer loop
      vertex 12.7239 9.67927 4.81044
      vertex 11.9832 9.01362 4.99999
      vertex 12.1945 8.88698 4.99999
    endloop
  endfacet
  facet normal -0.419349 -0.88667 0.19484
    outer loop
      vertex -12.6409 -11.2443 3.46288
      vertex -13.157 -11.2096 2.51
      vertex -12.7134 -11.4194 2.51
    endloop
  endfacet
  facet normal -0.831448 0 0.555602
    outer loop
      vertex -15.6105 -6.8 3.46288
      vertex -15.0707 6.8 4.27068
      vertex -15.6105 6.8 3.46288
    endloop
  endfacet
  facet normal -0.831448 0 0.555602
    outer loop
      vertex -15.0707 6.8 4.27068
      vertex -15.6105 -6.8 3.46288
      vertex -15.0707 -6.8 4.27068
    endloop
  endfacet
  facet normal -0.841249 -0.504306 0.194872
    outer loop
      vertex -14.7997 -9.47254 3.46288
      vertex -15.2096 -9.15698 2.51
      vertex -14.9573 -9.57785 2.51
    endloop
  endfacet
  facet normal -0.886603 -0.419461 0.194903
    outer loop
      vertex -15.0424 -9.06763 3.46288
      vertex -15.2443 -8.64088 3.46288
      vertex -15.2096 -9.15698 2.51
    endloop
  endfacet
  facet normal -0.970204 -0.143985 0.194868
    outer loop
      vertex -15.5873 -7.27151 3.46288
      vertex -15.7039 -7.77545 2.51
      vertex -15.518 -7.73847 3.46288
    endloop
  endfacet
  facet normal -0.550023 -0.0815939 0.831154
    outer loop
      vertex -14.2462 -7.13942 4.81044
      vertex -15.0501 -7.2186 4.27068
      vertex -14.9886 -7.63317 4.27068
    endloop
  endfacet
  facet normal -0.539392 -0.135067 0.831151
    outer loop
      vertex -14.1138 -7.80522 4.81044
      vertex -14.9886 -7.63317 4.27068
      vertex -14.8868 -8.03971 4.27068
    endloop
  endfacet
  facet normal -0.176572 -0.0835006 0.980739
    outer loop
      vertex -13.1189 -7.76053 4.99999
      vertex -13.854 -8.43239 4.81044
      vertex -13.0136 -7.9832 4.99999
    endloop
  endfacet
  facet normal -0.195097 0 0.980784
    outer loop
      vertex -14.2629 6.8 4.81044
      vertex -13.31 -6.8 4.99999
      vertex -13.31 6.8 4.99999
    endloop
  endfacet
  facet normal -0.195097 0 0.980784
    outer loop
      vertex -13.31 -6.8 4.99999
      vertex -14.2629 6.8 4.81044
      vertex -14.2629 -6.8 4.81044
    endloop
  endfacet
  facet normal -0.726761 0.658652 0.194924
    outer loop
      vertex -14.2015 10.2015 3.46288
      vertex -14.6651 9.97196 2.51
      vertex -14.5185 9.85172 3.46288
    endloop
  endfacet
  facet normal -0.616244 -0.558635 0.555131
    outer loop
      vertex -14.1013 -9.5093 4.27068
      vertex -14.2015 -10.2015 3.46288
      vertex -13.8198 -9.81983 4.27068
    endloop
  endfacet
  facet normal -0.122093 -0.822761 0.55512
    outer loop
      vertex -11.6332 -10.9886 4.27068
      vertex -11.7385 -11.518 3.46288
      vertex -11.2715 -11.5873 3.46288
    endloop
  endfacet
  facet normal -0.0273306 -0.555368 0.831156
    outer loop
      vertex -11.1394 -10.2462 4.81044
      vertex -11.2186 -11.0501 4.27068
      vertex -10.8 -11.0707 4.27068
    endloop
  endfacet
  facet normal -0.427661 -0.71343 0.555088
    outer loop
      vertex -13.1727 -10.3509 4.27068
      vertex -13.4725 -10.7997 3.46288
      vertex -12.8132 -10.5664 4.27068
    endloop
  endfacet
  facet normal -0.285848 -0.476932 0.83116
    outer loop
      vertex -12.7239 -9.67927 4.81044
      vertex -12.8132 -10.5664 4.27068
      vertex -12.4324 -9.85398 4.81044
    endloop
  endfacet
  facet normal -0.285888 -0.476923 0.831151
    outer loop
      vertex -12.7239 -9.67927 4.81044
      vertex -13.1727 -10.3509 4.27068
      vertex -12.8132 -10.5664 4.27068
    endloop
  endfacet
  facet normal -0.841274 -0.504253 0.1949
    outer loop
      vertex -15.0424 -9.06763 3.46288
      vertex -15.2096 -9.15698 2.51
      vertex -14.7997 -9.47254 3.46288
    endloop
  endfacet
  facet normal -0.595588 -0.80329 0
    outer loop
      vertex -13.972 -10.6651 0
      vertex -13.5779 -10.9573 2.51
      vertex -13.972 -10.6651 2.51
    endloop
  endfacet
  facet normal -0.595588 -0.80329 -0
    outer loop
      vertex -13.5779 -10.9573 2.51
      vertex -13.972 -10.6651 0
      vertex -13.5779 -10.9573 0
    endloop
  endfacet
  facet normal -0.427543 -0.903995 0
    outer loop
      vertex -13.157 -11.2096 0
      vertex -12.7134 -11.4194 2.51
      vertex -13.157 -11.2096 2.51
    endloop
  endfacet
  facet normal -0.427543 -0.903995 -0
    outer loop
      vertex -12.7134 -11.4194 2.51
      vertex -13.157 -11.2096 0
      vertex -12.7134 -11.4194 0
    endloop
  endfacet
  facet normal -0.20211 -0.806854 0.555101
    outer loop
      vertex -12.0397 -10.8868 4.27068
      vertex -12.1964 -11.4033 3.46288
      vertex -11.7385 -11.518 3.46288
    endloop
  endfacet
  facet normal -0.280141 -0.783162 0.555138
    outer loop
      vertex -12.4343 -10.7456 4.27068
      vertex -12.6409 -11.2443 3.46288
      vertex -12.1964 -11.4033 3.46288
    endloop
  endfacet
  facet normal -0.0815879 -0.550022 0.831155
    outer loop
      vertex -11.1394 -10.2462 4.81044
      vertex -11.6332 -10.9886 4.27068
      vertex -11.2186 -11.0501 4.27068
    endloop
  endfacet
  facet normal -0.0474289 -0.189485 0.980737
    outer loop
      vertex -11.2897 -9.26176 4.99999
      vertex -11.8052 -10.1138 4.81044
      vertex -11.4756 -10.1963 4.81044
    endloop
  endfacet
  facet normal 0 -1 0
    outer loop
      vertex -10.8 -11.8 0
      vertex 10.8 -11.8 2.51
      vertex -10.8 -11.8 2.51
    endloop
  endfacet
  facet normal 0 -1 -0
    outer loop
      vertex 10.8 -11.8 2.51
      vertex -10.8 -11.8 0
      vertex 10.8 -11.8 0
    endloop
  endfacet
  facet normal 0.336879 -0.941548 0
    outer loop
      vertex 12.2514 -11.5847 0
      vertex 12.7134 -11.4194 2.51
      vertex 12.2514 -11.5847 2.51
    endloop
  endfacet
  facet normal 0.336879 -0.941548 0
    outer loop
      vertex 12.7134 -11.4194 2.51
      vertex 12.2514 -11.5847 0
      vertex 12.7134 -11.4194 0
    endloop
  endfacet
  facet normal 0.0491143 -0.998793 0
    outer loop
      vertex 10.8 -11.8 0
      vertex 11.2901 -11.7759 2.51
      vertex 10.8 -11.8 2.51
    endloop
  endfacet
  facet normal 0.0491143 -0.998793 0
    outer loop
      vertex 11.2901 -11.7759 2.51
      vertex 10.8 -11.8 0
      vertex 11.2901 -11.7759 0
    endloop
  endfacet
  facet normal 0.146726 -0.989177 0
    outer loop
      vertex 11.2901 -11.7759 0
      vertex 11.7755 -11.7039 2.51
      vertex 11.2901 -11.7759 2.51
    endloop
  endfacet
  facet normal 0.146726 -0.989177 0
    outer loop
      vertex 11.7755 -11.7039 2.51
      vertex 11.2901 -11.7759 0
      vertex 11.7755 -11.7039 0
    endloop
  endfacet
  facet normal 0.0408769 -0.830753 0.555138
    outer loop
      vertex 10.8 -11.0707 4.27068
      vertex 10.8 -11.6105 3.46288
      vertex 11.2715 -11.5873 3.46288
    endloop
  endfacet
  facet normal 0.419349 -0.88667 0.19484
    outer loop
      vertex 13.157 -11.2096 2.51
      vertex 12.6409 -11.2443 3.46288
      vertex 12.7134 -11.4194 2.51
    endloop
  endfacet
  facet normal 0.671719 -0.740806 0
    outer loop
      vertex 13.972 -10.6651 0
      vertex 14.3355 -10.3355 2.51
      vertex 13.972 -10.6651 2.51
    endloop
  endfacet
  facet normal 0.671719 -0.740806 0
    outer loop
      vertex 14.3355 -10.3355 2.51
      vertex 13.972 -10.6651 0
      vertex 14.3355 -10.3355 0
    endloop
  endfacet
  facet normal 0.90398 -0.427575 0
    outer loop
      vertex 15.2096 -9.15698 2.51
      vertex 15.4194 -8.71342 0
      vertex 15.4194 -8.71342 2.51
    endloop
  endfacet
  facet normal 0.90398 -0.427575 0
    outer loop
      vertex 15.4194 -8.71342 0
      vertex 15.2096 -9.15698 2.51
      vertex 15.2096 -9.15698 0
    endloop
  endfacet
  facet normal 0.989176 -0.146735 0
    outer loop
      vertex 15.7039 -7.77545 2.51
      vertex 15.7759 -7.29008 0
      vertex 15.7759 -7.29008 2.51
    endloop
  endfacet
  facet normal 0.989176 -0.146735 0
    outer loop
      vertex 15.7759 -7.29008 0
      vertex 15.7039 -7.77545 2.51
      vertex 15.7039 -7.77545 0
    endloop
  endfacet
  facet normal 0.595588 -0.80329 0
    outer loop
      vertex 13.5779 -10.9573 0
      vertex 13.972 -10.6651 2.51
      vertex 13.5779 -10.9573 2.51
    endloop
  endfacet
  facet normal 0.595588 -0.80329 0
    outer loop
      vertex 13.972 -10.6651 2.51
      vertex 13.5779 -10.9573 0
      vertex 13.972 -10.6651 0
    endloop
  endfacet
  facet normal 0.783164 -0.280155 0.555128
    outer loop
      vertex 15.4033 -8.1964 3.46288
      vertex 14.7456 -8.43432 4.27068
      vertex 15.2443 -8.64088 3.46288
    endloop
  endfacet
  facet normal 0.167533 -0.100412 0.98074
    outer loop
      vertex 13.854 -8.43239 4.81044
      vertex 13.0136 -7.9832 4.99999
      vertex 13.6793 -8.72387 4.81044
    endloop
  endfacet
  facet normal 0.0273265 -0.555367 0.831157
    outer loop
      vertex 10.8 -10.2629 4.81044
      vertex 10.8 -11.0707 4.27068
      vertex 11.1394 -10.2462 4.81044
    endloop
  endfacet
  facet normal 0.0816329 -0.55 0.831166
    outer loop
      vertex 11.4756 -10.1963 4.81044
      vertex 11.1394 -10.2462 4.81044
      vertex 11.6332 -10.9886 4.27068
    endloop
  endfacet
  facet normal 0.280141 -0.783162 0.555138
    outer loop
      vertex 12.4343 -10.7456 4.27068
      vertex 12.1964 -11.4033 3.46288
      vertex 12.6409 -11.2443 3.46288
    endloop
  endfacet
  facet normal 0.100414 -0.167539 0.980738
    outer loop
      vertex 12.7239 -9.67927 4.81044
      vertex 11.9832 -9.01362 4.99999
      vertex 12.4324 -9.85398 4.81044
    endloop
  endfacet
  facet normal 0.0474289 -0.189485 0.980737
    outer loop
      vertex 11.8052 -10.1138 4.81044
      vertex 11.2897 -9.26176 4.99999
      vertex 11.4756 -10.1963 4.81044
    endloop
  endfacet
  facet normal 0.803297 -0.595578 0
    outer loop
      vertex 14.6651 -9.97196 2.51
      vertex 14.9573 -9.57785 0
      vertex 14.9573 -9.57785 2.51
    endloop
  endfacet
  facet normal 0.803297 -0.595578 0
    outer loop
      vertex 14.9573 -9.57785 0
      vertex 14.6651 -9.97196 2.51
      vertex 14.6651 -9.97196 0
    endloop
  endfacet
  facet normal 0.822754 -0.122053 0.555139
    outer loop
      vertex 15.0501 -7.2186 4.27068
      vertex 14.9886 -7.63317 4.27068
      vertex 15.5873 -7.27151 3.46288
    endloop
  endfacet
  facet normal 0.549997 -0.0816447 0.831166
    outer loop
      vertex 14.2462 -7.13942 4.81044
      vertex 14.1963 -7.47557 4.81044
      vertex 14.9886 -7.63317 4.27068
    endloop
  endfacet
  facet normal 0.841274 -0.504253 0.1949
    outer loop
      vertex 15.0424 -9.06763 3.46288
      vertex 14.7997 -9.47254 3.46288
      vertex 15.2096 -9.15698 2.51
    endloop
  endfacet
  facet normal 0.886603 -0.419461 0.194903
    outer loop
      vertex 15.2443 -8.64088 3.46288
      vertex 15.0424 -9.06763 3.46288
      vertex 15.2096 -9.15698 2.51
    endloop
  endfacet
  facet normal 0.941548 -0.336879 0
    outer loop
      vertex 15.4194 -8.71342 2.51
      vertex 15.5847 -8.25142 0
      vertex 15.5847 -8.25142 2.51
    endloop
  endfacet
  facet normal 0.941548 -0.336879 0
    outer loop
      vertex 15.5847 -8.25142 0
      vertex 15.4194 -8.71342 2.51
      vertex 15.4194 -8.71342 0
    endloop
  endfacet
  facet normal 0.923521 -0.330363 0.194855
    outer loop
      vertex 15.4033 -8.1964 3.46288
      vertex 15.2443 -8.64088 3.46288
      vertex 15.4194 -8.71342 2.51
    endloop
  endfacet
  facet normal 0.0835007 0.17658 0.980738
    outer loop
      vertex 12.4324 9.85398 4.81044
      vertex 11.7605 9.11893 4.99999
      vertex 11.9832 9.01362 4.99999
    endloop
  endfacet
  facet normal -0.0474289 0.189485 0.980737
    outer loop
      vertex -11.4756 10.1963 4.81044
      vertex -11.8052 10.1138 4.81044
      vertex -11.2897 9.26176 4.99999
    endloop
  endfacet
  facet normal 0.122044 0.822756 0.555138
    outer loop
      vertex 11.2715 11.5873 3.46288
      vertex 11.2186 11.0501 4.27068
      vertex 11.6332 10.9886 4.27068
    endloop
  endfacet
  facet normal 0.0286777 0.193215 0.980737
    outer loop
      vertex 11.4756 10.1963 4.81044
      vertex 11.1394 10.2462 4.81044
      vertex 11.2897 9.26176 4.99999
    endloop
  endfacet
  facet normal 0.0408827 0.830751 0.55514
    outer loop
      vertex 11.2715 11.5873 3.46288
      vertex 10.8 11.0707 4.27068
      vertex 11.2186 11.0501 4.27068
    endloop
  endfacet
  facet normal 0.0273265 0.555367 0.831157
    outer loop
      vertex 10.8 11.0707 4.27068
      vertex 10.8 10.2629 4.81044
      vertex 11.1394 10.2462 4.81044
    endloop
  endfacet
  facet normal -0.803297 0.595578 0
    outer loop
      vertex -14.9573 9.57785 0
      vertex -14.6651 9.97196 2.51
      vertex -14.6651 9.97196 0
    endloop
  endfacet
  facet normal -0.803297 0.595578 0
    outer loop
      vertex -14.6651 9.97196 2.51
      vertex -14.9573 9.57785 0
      vertex -14.9573 9.57785 2.51
    endloop
  endfacet
  facet normal -0.97965 0.0482023 0.194838
    outer loop
      vertex -15.5873 7.27151 3.46288
      vertex -15.7759 7.29008 2.51
      vertex -15.6105 6.8 3.46288
    endloop
  endfacet
  facet normal -0.979654 -0.0481751 0.194825
    outer loop
      vertex -15.6105 -6.8 3.46288
      vertex -15.8 -6.8 2.51
      vertex -15.7759 -7.29008 2.51
    endloop
  endfacet
  facet normal -0.237728 0.502652 0.831159
    outer loop
      vertex -12.4343 10.7456 4.27068
      vertex -12.8132 10.5664 4.27068
      vertex -12.4324 9.85398 4.81044
    endloop
  endfacet
  facet normal -0.446536 0.331282 0.831179
    outer loop
      vertex -13.4768 8.99682 4.81044
      vertex -14.1013 9.5093 4.27068
      vertex -13.6793 8.72387 4.81044
    endloop
  endfacet
  facet normal -0.806859 0.202042 0.55512
    outer loop
      vertex -14.8868 8.03971 4.27068
      vertex -15.518 7.73847 3.46288
      vertex -14.9886 7.63317 4.27068
    endloop
  endfacet
  facet normal -0.280141 0.783162 0.555138
    outer loop
      vertex -12.1964 11.4033 3.46288
      vertex -12.6409 11.2443 3.46288
      vertex -12.4343 10.7456 4.27068
    endloop
  endfacet
  facet normal -0.427661 0.71343 0.555088
    outer loop
      vertex -12.8132 10.5664 4.27068
      vertex -13.4725 10.7997 3.46288
      vertex -13.1727 10.3509 4.27068
    endloop
  endfacet
  facet normal -0.285848 0.476932 0.83116
    outer loop
      vertex -12.4324 9.85398 4.81044
      vertex -12.8132 10.5664 4.27068
      vertex -12.7239 9.67927 4.81044
    endloop
  endfacet
  facet normal -0.0835007 0.17658 0.980738
    outer loop
      vertex -11.7605 9.11893 4.99999
      vertex -12.4324 9.85398 4.81044
      vertex -11.9832 9.01362 4.99999
    endloop
  endfacet
  facet normal -0.20211 0.806854 0.555101
    outer loop
      vertex -11.7385 11.518 3.46288
      vertex -12.1964 11.4033 3.46288
      vertex -12.0397 10.8868 4.27068
    endloop
  endfacet
  facet normal -0.135079 0.539388 0.831152
    outer loop
      vertex -11.6332 10.9886 4.27068
      vertex -12.0397 10.8868 4.27068
      vertex -11.8052 10.1138 4.81044
    endloop
  endfacet
  facet normal -0.0482033 0.97965 0.194839
    outer loop
      vertex -10.8 11.6105 3.46288
      vertex -11.2901 11.7759 2.51
      vertex -11.2715 11.5873 3.46288
    endloop
  endfacet
  facet normal -0.740843 0.671678 0
    outer loop
      vertex -14.6651 9.97196 0
      vertex -14.3355 10.3355 2.51
      vertex -14.3355 10.3355 0
    endloop
  endfacet
  facet normal -0.740843 0.671678 0
    outer loop
      vertex -14.3355 10.3355 2.51
      vertex -14.6651 9.97196 0
      vertex -14.6651 9.97196 2.51
    endloop
  endfacet
  facet normal -0.787897 0.58416 0.194873
    outer loop
      vertex -14.6651 9.97196 2.51
      vertex -14.9573 9.57785 2.51
      vertex -14.7997 9.47254 3.46288
    endloop
  endfacet
  facet normal 0.970219 0.143923 0.194837
    outer loop
      vertex 15.7039 7.77545 2.51
      vertex 15.5873 7.27151 3.46288
      vertex 15.7759 7.29008 2.51
    endloop
  endfacet
  facet normal 0.97965 0.0482023 0.194838
    outer loop
      vertex 15.7759 7.29008 2.51
      vertex 15.5873 7.27151 3.46288
      vertex 15.6105 6.8 3.46288
    endloop
  endfacet
  facet normal 0.539387 0.13499 0.831167
    outer loop
      vertex 14.9886 7.63317 4.27068
      vertex 14.1138 7.80522 4.81044
      vertex 14.1963 7.47557 4.81044
    endloop
  endfacet
  facet normal 0.970204 0.143985 0.194868
    outer loop
      vertex 15.7039 7.77545 2.51
      vertex 15.518 7.73847 3.46288
      vertex 15.5873 7.27151 3.46288
    endloop
  endfacet
  facet normal 0.446667 0.331189 0.831145
    outer loop
      vertex 14.1013 9.5093 4.27068
      vertex 13.6793 8.72387 4.81044
      vertex 14.3509 9.17267 4.27068
    endloop
  endfacet
  facet normal 0.822759 0.122103 0.55512
    outer loop
      vertex 15.518 7.73847 3.46288
      vertex 14.9886 7.63317 4.27068
      vertex 15.5873 7.27151 3.46288
    endloop
  endfacet
  facet normal 0.740843 0.671678 0
    outer loop
      vertex 14.6651 9.97196 2.51
      vertex 14.3355 10.3355 0
      vertex 14.3355 10.3355 2.51
    endloop
  endfacet
  facet normal 0.740843 0.671678 0
    outer loop
      vertex 14.3355 10.3355 0
      vertex 14.6651 9.97196 2.51
      vertex 14.6651 9.97196 0
    endloop
  endfacet
  facet normal 0.787897 0.58416 0.194873
    outer loop
      vertex 14.9573 9.57785 2.51
      vertex 14.6651 9.97196 2.51
      vertex 14.7997 9.47254 3.46288
    endloop
  endfacet
  facet normal 0.803297 0.595578 0
    outer loop
      vertex 14.9573 9.57785 2.51
      vertex 14.6651 9.97196 0
      vertex 14.6651 9.97196 2.51
    endloop
  endfacet
  facet normal 0.803297 0.595578 0
    outer loop
      vertex 14.6651 9.97196 0
      vertex 14.9573 9.57785 2.51
      vertex 14.9573 9.57785 0
    endloop
  endfacet
  facet normal 0.446536 0.331282 0.831179
    outer loop
      vertex 14.1013 9.5093 4.27068
      vertex 13.4768 8.99682 4.81044
      vertex 13.6793 8.72387 4.81044
    endloop
  endfacet
  facet normal 0.726761 0.658652 0.194924
    outer loop
      vertex 14.6651 9.97196 2.51
      vertex 14.2015 10.2015 3.46288
      vertex 14.5185 9.85172 3.46288
    endloop
  endfacet
  facet normal 0.584223 0.787828 0.194964
    outer loop
      vertex 13.972 10.6651 2.51
      vertex 13.4725 10.7997 3.46288
      vertex 13.8517 10.5185 3.46288
    endloop
  endfacet
  facet normal 0.336879 0.941548 -0
    outer loop
      vertex 12.7134 11.4194 0
      vertex 12.2514 11.5847 2.51
      vertex 12.7134 11.4194 2.51
    endloop
  endfacet
  facet normal 0.336879 0.941548 0
    outer loop
      vertex 12.2514 11.5847 2.51
      vertex 12.7134 11.4194 0
      vertex 12.2514 11.5847 0
    endloop
  endfacet
  facet normal 0.671719 0.740806 -0
    outer loop
      vertex 14.3355 10.3355 0
      vertex 13.972 10.6651 2.51
      vertex 14.3355 10.3355 2.51
    endloop
  endfacet
  facet normal 0.671719 0.740806 0
    outer loop
      vertex 13.972 10.6651 2.51
      vertex 14.3355 10.3355 0
      vertex 13.972 10.6651 0
    endloop
  endfacet
  facet normal -0.0491143 0.998793 0
    outer loop
      vertex -10.8 11.8 0
      vertex -11.2901 11.7759 2.51
      vertex -10.8 11.8 2.51
    endloop
  endfacet
  facet normal -0.0491143 0.998793 0
    outer loop
      vertex -11.2901 11.7759 2.51
      vertex -10.8 11.8 0
      vertex -11.2901 11.7759 0
    endloop
  endfacet
  facet normal -0.336879 0.941548 0
    outer loop
      vertex -12.2514 11.5847 0
      vertex -12.7134 11.4194 2.51
      vertex -12.2514 11.5847 2.51
    endloop
  endfacet
  facet normal -0.336879 0.941548 0
    outer loop
      vertex -12.7134 11.4194 2.51
      vertex -12.2514 11.5847 0
      vertex -12.7134 11.4194 0
    endloop
  endfacet
  facet normal 0.0481732 0.979654 0.194825
    outer loop
      vertex 10.8 11.8 2.51
      vertex 10.8 11.6105 3.46288
      vertex 11.2901 11.7759 2.51
    endloop
  endfacet
  facet normal 0.280141 0.783162 0.555138
    outer loop
      vertex 12.6409 11.2443 3.46288
      vertex 12.1964 11.4033 3.46288
      vertex 12.4343 10.7456 4.27068
    endloop
  endfacet
  facet normal 0.4195 0.88658 0.194924
    outer loop
      vertex 13.157 11.2096 2.51
      vertex 12.6409 11.2443 3.46288
      vertex 13.0676 11.0424 3.46288
    endloop
  endfacet
  facet normal 0.50426 0.841265 0.194925
    outer loop
      vertex 13.157 11.2096 2.51
      vertex 13.0676 11.0424 3.46288
      vertex 13.4725 10.7997 3.46288
    endloop
  endfacet
  facet normal 0.0658134 0.183901 0.980739
    outer loop
      vertex 11.8052 10.1138 4.81044
      vertex 11.7605 9.11893 4.99999
      vertex 12.1252 9.99928 4.81044
    endloop
  endfacet
  facet normal 0.0835135 0.176568 0.980739
    outer loop
      vertex 12.1252 9.99928 4.81044
      vertex 11.7605 9.11893 4.99999
      vertex 12.4324 9.85398 4.81044
    endloop
  endfacet
  facet normal 0.195088 0.00959862 0.980739
    outer loop
      vertex 14.2462 7.13942 4.81044
      vertex 13.31 6.8 4.99999
      vertex 14.2629 6.8 4.81044
    endloop
  endfacet
  facet normal 0.193222 0.028683 0.980736
    outer loop
      vertex 14.1963 7.47557 4.81044
      vertex 13.2618 7.28967 4.99999
      vertex 14.2462 7.13942 4.81044
    endloop
  endfacet
  facet normal 0.523538 0.187333 0.831152
    outer loop
      vertex 14.7456 8.43432 4.27068
      vertex 14.1138 7.80522 4.81044
      vertex 14.8868 8.03971 4.27068
    endloop
  endfacet
  facet normal 0.116368 0.156878 0.980738
    outer loop
      vertex 12.7239 9.67927 4.81044
      vertex 12.3923 8.74025 4.99999
      vertex 12.9968 9.47684 4.81044
    endloop
  endfacet
  facet normal 0.195089 0.00959506 0.980739
    outer loop
      vertex 14.2462 7.13942 4.81044
      vertex 13.2979 7.04602 4.99999
      vertex 13.31 6.8 4.99999
    endloop
  endfacet
  facet normal 0.193214 0.0286273 0.980739
    outer loop
      vertex 14.2462 7.13942 4.81044
      vertex 13.2618 7.28967 4.99999
      vertex 13.2979 7.04602 4.99999
    endloop
  endfacet
  facet normal 0.331254 0.44657 0.831171
    outer loop
      vertex 13.5093 10.1013 4.27068
      vertex 12.7239 9.67927 4.81044
      vertex 12.9968 9.47684 4.81044
    endloop
  endfacet
  facet normal 0.131179 0.144723 0.980738
    outer loop
      vertex 12.9968 9.47684 4.81044
      vertex 12.3923 8.74025 4.99999
      vertex 12.5748 8.57483 4.99999
    endloop
  endfacet
  facet normal 0.116372 0.156876 0.980738
    outer loop
      vertex 12.7239 9.67927 4.81044
      vertex 12.1945 8.88698 4.99999
      vertex 12.3923 8.74025 4.99999
    endloop
  endfacet
  facet normal -0.740843 -0.671678 0
    outer loop
      vertex -14.3355 -10.3355 0
      vertex -14.6651 -9.97196 2.51
      vertex -14.6651 -9.97196 0
    endloop
  endfacet
  facet normal -0.740843 -0.671678 0
    outer loop
      vertex -14.6651 -9.97196 2.51
      vertex -14.3355 -10.3355 0
      vertex -14.3355 -10.3355 2.51
    endloop
  endfacet
  facet normal -0.751883 -0.355724 0.555096
    outer loop
      vertex -14.5664 -8.81319 4.27068
      vertex -15.2443 -8.64088 3.46288
      vertex -15.0424 -9.06763 3.46288
    endloop
  endfacet
  facet normal -0.523538 -0.187333 0.831152
    outer loop
      vertex -14.1138 -7.80522 4.81044
      vertex -14.8868 -8.03971 4.27068
      vertex -14.7456 -8.43432 4.27068
    endloop
  endfacet
  facet normal -0.923495 -0.330419 0.194885
    outer loop
      vertex -15.4033 -8.1964 3.46288
      vertex -15.5847 -8.25142 2.51
      vertex -15.4194 -8.71342 2.51
    endloop
  endfacet
  facet normal -0.980793 0 0.195051
    outer loop
      vertex -15.8 -6.8 2.51
      vertex -15.6105 6.8 3.46288
      vertex -15.8 6.8 2.51
    endloop
  endfacet
  facet normal -0.980793 0 0.195051
    outer loop
      vertex -15.6105 6.8 3.46288
      vertex -15.8 -6.8 2.51
      vertex -15.6105 -6.8 3.46288
    endloop
  endfacet
  facet normal -0.555574 0 0.831467
    outer loop
      vertex -15.0707 6.8 4.27068
      vertex -14.2629 -6.8 4.81044
      vertex -14.2629 6.8 4.81044
    endloop
  endfacet
  facet normal -0.555574 0 0.831467
    outer loop
      vertex -14.2629 -6.8 4.81044
      vertex -15.0707 6.8 4.27068
      vertex -15.0707 -6.8 4.27068
    endloop
  endfacet
  facet normal -0.941548 -0.336879 0
    outer loop
      vertex -15.4194 -8.71342 0
      vertex -15.5847 -8.25142 2.51
      vertex -15.5847 -8.25142 0
    endloop
  endfacet
  facet normal -0.941548 -0.336879 0
    outer loop
      vertex -15.5847 -8.25142 2.51
      vertex -15.4194 -8.71342 0
      vertex -15.4194 -8.71342 2.51
    endloop
  endfacet
  facet normal -0.803297 -0.595578 0
    outer loop
      vertex -14.6651 -9.97196 0
      vertex -14.9573 -9.57785 2.51
      vertex -14.9573 -9.57785 0
    endloop
  endfacet
  facet normal -0.803297 -0.595578 0
    outer loop
      vertex -14.9573 -9.57785 2.51
      vertex -14.6651 -9.97196 0
      vertex -14.6651 -9.97196 2.51
    endloop
  endfacet
  facet normal -0.555368 -0.0273306 0.831155
    outer loop
      vertex -14.2462 -7.13942 4.81044
      vertex -15.0707 -6.8 4.27068
      vertex -15.0501 -7.2186 4.27068
    endloop
  endfacet
  facet normal -0.822754 -0.122053 0.555139
    outer loop
      vertex -15.0501 -7.2186 4.27068
      vertex -15.5873 -7.27151 3.46288
      vertex -14.9886 -7.63317 4.27068
    endloop
  endfacet
  facet normal -0.502652 -0.237747 0.831154
    outer loop
      vertex -13.854 -8.43239 4.81044
      vertex -14.7456 -8.43432 4.27068
      vertex -14.5664 -8.81319 4.27068
    endloop
  endfacet
  facet normal -0.539387 -0.13499 0.831167
    outer loop
      vertex -14.1963 -7.47557 4.81044
      vertex -14.9886 -7.63317 4.27068
      vertex -14.1138 -7.80522 4.81044
    endloop
  endfacet
  facet normal -0.189494 -0.0474239 0.980736
    outer loop
      vertex -13.2618 -7.28967 4.99999
      vertex -14.1963 -7.47557 4.81044
      vertex -14.1138 -7.80522 4.81044
    endloop
  endfacet
  facet normal -0.131173 -0.144726 0.980739
    outer loop
      vertex -12.5748 -8.57483 4.99999
      vertex -13.2486 -9.24862 4.81044
      vertex -12.9968 -9.47684 4.81044
    endloop
  endfacet
  facet normal -0.558632 0.616248 0.555129
    outer loop
      vertex -13.5093 10.1013 4.27068
      vertex -14.2015 10.2015 3.46288
      vertex -13.8198 9.81983 4.27068
    endloop
  endfacet
  facet normal -0.886652 0.419379 0.194856
    outer loop
      vertex -15.2096 9.15698 2.51
      vertex -15.4194 8.71342 2.51
      vertex -15.2443 8.64088 3.46288
    endloop
  endfacet
  facet normal -0.550023 0.0815939 0.831154
    outer loop
      vertex -14.9886 7.63317 4.27068
      vertex -15.0501 7.2186 4.27068
      vertex -14.2462 7.13942 4.81044
    endloop
  endfacet
  facet normal -0.189494 0.0474239 0.980736
    outer loop
      vertex -14.1138 7.80522 4.81044
      vertex -14.1963 7.47557 4.81044
      vertex -13.2618 7.28967 4.99999
    endloop
  endfacet
  facet normal -0.373444 0.41196 0.831161
    outer loop
      vertex -13.5093 10.1013 4.27068
      vertex -13.8198 9.81983 4.27068
      vertex -13.2486 9.24862 4.81044
    endloop
  endfacet
  facet normal -0.558561 0.616355 0.555081
    outer loop
      vertex -13.8517 10.5185 3.46288
      vertex -14.2015 10.2015 3.46288
      vertex -13.5093 10.1013 4.27068
    endloop
  endfacet
  facet normal -0.100413 -0.16754 0.980738
    outer loop
      vertex -12.1945 -8.88698 4.99999
      vertex -12.7239 -9.67927 4.81044
      vertex -11.9832 -9.01362 4.99999
    endloop
  endfacet
  facet normal -0.100414 -0.167539 0.980738
    outer loop
      vertex -11.9832 -9.01362 4.99999
      vertex -12.7239 -9.67927 4.81044
      vertex -12.4324 -9.85398 4.81044
    endloop
  endfacet
  facet normal -0.0835135 -0.176568 0.980739
    outer loop
      vertex -11.7605 -9.11893 4.99999
      vertex -12.4324 -9.85398 4.81044
      vertex -12.1252 -9.99928 4.81044
    endloop
  endfacet
  facet normal -0.0658134 -0.183901 0.980739
    outer loop
      vertex -11.7605 -9.11893 4.99999
      vertex -12.1252 -9.99928 4.81044
      vertex -11.8052 -10.1138 4.81044
    endloop
  endfacet
  facet normal -0.0286777 -0.193215 0.980737
    outer loop
      vertex -11.2897 -9.26176 4.99999
      vertex -11.4756 -10.1963 4.81044
      vertex -11.1394 -10.2462 4.81044
    endloop
  endfacet
  facet normal -0.135079 -0.539388 0.831152
    outer loop
      vertex -11.8052 -10.1138 4.81044
      vertex -12.0397 -10.8868 4.27068
      vertex -11.6332 -10.9886 4.27068
    endloop
  endfacet
  facet normal -0.202061 -0.806854 0.55512
    outer loop
      vertex -11.6332 -10.9886 4.27068
      vertex -12.0397 -10.8868 4.27068
      vertex -11.7385 -11.518 3.46288
    endloop
  endfacet
  facet normal -0.116368 -0.156878 0.980738
    outer loop
      vertex -12.3923 -8.74025 4.99999
      vertex -12.9968 -9.47684 4.81044
      vertex -12.7239 -9.67927 4.81044
    endloop
  endfacet
  facet normal -0.116372 -0.156876 0.980738
    outer loop
      vertex -12.3923 -8.74025 4.99999
      vertex -12.7239 -9.67927 4.81044
      vertex -12.1945 -8.88698 4.99999
    endloop
  endfacet
  facet normal -0.495463 -0.668135 0.555079
    outer loop
      vertex -13.5093 -10.1013 4.27068
      vertex -13.8517 -10.5185 3.46288
      vertex -13.4725 -10.7997 3.46288
    endloop
  endfacet
  facet normal -0.427645 -0.713447 0.55508
    outer loop
      vertex -12.8132 -10.5664 4.27068
      vertex -13.4725 -10.7997 3.46288
      vertex -13.0676 -11.0424 3.46288
    endloop
  endfacet
  facet normal -0.726646 -0.658807 0.194831
    outer loop
      vertex -14.2015 -10.2015 3.46288
      vertex -14.6651 -9.97196 2.51
      vertex -14.3355 -10.3355 2.51
    endloop
  endfacet
  facet normal -0.658846 -0.72661 0.194832
    outer loop
      vertex -14.2015 -10.2015 3.46288
      vertex -14.3355 -10.3355 2.51
      vertex -13.972 -10.6651 2.51
    endloop
  endfacet
  facet normal -0.355611 -0.751903 0.555142
    outer loop
      vertex -12.4343 -10.7456 4.27068
      vertex -12.8132 -10.5664 4.27068
      vertex -12.6409 -11.2443 3.46288
    endloop
  endfacet
  facet normal -0.355761 -0.751874 0.555085
    outer loop
      vertex -12.8132 -10.5664 4.27068
      vertex -13.0676 -11.0424 3.46288
      vertex -12.6409 -11.2443 3.46288
    endloop
  endfacet
  facet normal -0.33042 -0.923496 0.194878
    outer loop
      vertex -12.1964 -11.4033 3.46288
      vertex -12.7134 -11.4194 2.51
      vertex -12.2514 -11.5847 2.51
    endloop
  endfacet
  facet normal 0.427543 -0.903995 0
    outer loop
      vertex 12.7134 -11.4194 0
      vertex 13.157 -11.2096 2.51
      vertex 12.7134 -11.4194 2.51
    endloop
  endfacet
  facet normal 0.427543 -0.903995 0
    outer loop
      vertex 13.157 -11.2096 2.51
      vertex 12.7134 -11.4194 0
      vertex 13.157 -11.2096 0
    endloop
  endfacet
  facet normal 0.0482033 -0.97965 0.194839
    outer loop
      vertex 11.2715 -11.5873 3.46288
      vertex 10.8 -11.6105 3.46288
      vertex 11.2901 -11.7759 2.51
    endloop
  endfacet
  facet normal 0.238326 -0.951434 0.194872
    outer loop
      vertex 12.1964 -11.4033 3.46288
      vertex 11.7385 -11.518 3.46288
      vertex 11.7755 -11.7039 2.51
    endloop
  endfacet
  facet normal 0.122044 -0.822756 0.555138
    outer loop
      vertex 11.6332 -10.9886 4.27068
      vertex 11.2186 -11.0501 4.27068
      vertex 11.2715 -11.5873 3.46288
    endloop
  endfacet
  facet normal 0.330351 -0.923529 0.194841
    outer loop
      vertex 12.6409 -11.2443 3.46288
      vertex 12.1964 -11.4033 3.46288
      vertex 12.7134 -11.4194 2.51
    endloop
  endfacet
  facet normal 0.584164 -0.787881 0.194926
    outer loop
      vertex 13.972 -10.6651 2.51
      vertex 13.4725 -10.7997 3.46288
      vertex 13.5779 -10.9573 2.51
    endloop
  endfacet
  facet normal 0.504275 -0.841258 0.194917
    outer loop
      vertex 13.4725 -10.7997 3.46288
      vertex 13.157 -11.2096 2.51
      vertex 13.5779 -10.9573 2.51
    endloop
  endfacet
  facet normal 0.857692 -0.514163 0
    outer loop
      vertex 14.9573 -9.57785 2.51
      vertex 15.2096 -9.15698 0
      vertex 15.2096 -9.15698 2.51
    endloop
  endfacet
  facet normal 0.857692 -0.514163 0
    outer loop
      vertex 15.2096 -9.15698 0
      vertex 14.9573 -9.57785 2.51
      vertex 14.9573 -9.57785 0
    endloop
  endfacet
  facet normal 0.658626 -0.726774 0.194965
    outer loop
      vertex 14.2015 -10.2015 3.46288
      vertex 13.8517 -10.5185 3.46288
      vertex 13.972 -10.6651 2.51
    endloop
  endfacet
  facet normal 0.495463 -0.668135 0.555079
    outer loop
      vertex 13.5093 -10.1013 4.27068
      vertex 13.4725 -10.7997 3.46288
      vertex 13.8517 -10.5185 3.46288
    endloop
  endfacet
  facet normal 0.539387 -0.13499 0.831167
    outer loop
      vertex 14.1963 -7.47557 4.81044
      vertex 14.1138 -7.80522 4.81044
      vertex 14.9886 -7.63317 4.27068
    endloop
  endfacet
  facet normal 0.195089 -0.00959506 0.980739
    outer loop
      vertex 13.31 -6.8 4.99999
      vertex 13.2979 -7.04602 4.99999
      vertex 14.2462 -7.13942 4.81044
    endloop
  endfacet
  facet normal 0.193222 -0.028683 0.980736
    outer loop
      vertex 14.2462 -7.13942 4.81044
      vertex 13.2618 -7.28967 4.99999
      vertex 14.1963 -7.47557 4.81044
    endloop
  endfacet
  facet normal 0.476926 -0.285906 0.831143
    outer loop
      vertex 14.5664 -8.81319 4.27068
      vertex 13.6793 -8.72387 4.81044
      vertex 14.3509 -9.17267 4.27068
    endloop
  endfacet
  facet normal 0.806859 -0.202042 0.55512
    outer loop
      vertex 14.9886 -7.63317 4.27068
      vertex 14.8868 -8.03971 4.27068
      vertex 15.518 -7.73847 3.46288
    endloop
  endfacet
  facet normal 0.331254 -0.44657 0.831171
    outer loop
      vertex 12.9968 -9.47684 4.81044
      vertex 12.7239 -9.67927 4.81044
      vertex 13.5093 -10.1013 4.27068
    endloop
  endfacet
  facet normal 0.355611 -0.751903 0.555142
    outer loop
      vertex 12.8132 -10.5664 4.27068
      vertex 12.4343 -10.7456 4.27068
      vertex 12.6409 -11.2443 3.46288
    endloop
  endfacet
  facet normal 0.135079 -0.539388 0.831152
    outer loop
      vertex 11.8052 -10.1138 4.81044
      vertex 11.6332 -10.9886 4.27068
      vertex 12.0397 -10.8868 4.27068
    endloop
  endfacet
  facet normal 0.00958014 -0.195092 0.980738
    outer loop
      vertex 11.046 -9.29791 4.99999
      vertex 10.8 -9.30999 4.99999
      vertex 11.1394 -10.2462 4.81044
    endloop
  endfacet
  facet normal 0.979654 -0.0481751 0.194825
    outer loop
      vertex 15.8 -6.8 2.51
      vertex 15.6105 -6.8 3.46288
      vertex 15.7759 -7.29008 2.51
    endloop
  endfacet
  facet normal 0.980793 -0 0.195051
    outer loop
      vertex 15.6105 -6.8 3.46288
      vertex 15.8 6.8 2.51
      vertex 15.6105 6.8 3.46288
    endloop
  endfacet
  facet normal 0.980793 0 0.195051
    outer loop
      vertex 15.8 6.8 2.51
      vertex 15.6105 -6.8 3.46288
      vertex 15.8 -6.8 2.51
    endloop
  endfacet
  facet normal 0.923495 -0.330419 0.194885
    outer loop
      vertex 15.5847 -8.25142 2.51
      vertex 15.4033 -8.1964 3.46288
      vertex 15.4194 -8.71342 2.51
    endloop
  endfacet
  facet normal 0.951443 -0.238276 0.194885
    outer loop
      vertex 15.7039 -7.77545 2.51
      vertex 15.4033 -8.1964 3.46288
      vertex 15.5847 -8.25142 2.51
    endloop
  endfacet
  facet normal -0 0.195095 0.980784
    outer loop
      vertex -10.8 10.2629 4.81044
      vertex 10.8 9.30999 4.99999
      vertex 10.8 10.2629 4.81044
    endloop
  endfacet
  facet normal 0 0.195095 0.980784
    outer loop
      vertex 10.8 9.30999 4.99999
      vertex -10.8 10.2629 4.81044
      vertex -10.8 9.30999 4.99999
    endloop
  endfacet
  facet normal 0.00958014 0.195092 0.980738
    outer loop
      vertex 11.1394 10.2462 4.81044
      vertex 10.8 9.30999 4.99999
      vertex 11.046 9.29791 4.99999
    endloop
  endfacet
  facet normal -0.90398 0.427575 0
    outer loop
      vertex -15.4194 8.71342 0
      vertex -15.2096 9.15698 2.51
      vertex -15.2096 9.15698 0
    endloop
  endfacet
  facet normal -0.90398 0.427575 0
    outer loop
      vertex -15.2096 9.15698 2.51
      vertex -15.4194 8.71342 0
      vertex -15.4194 8.71342 2.51
    endloop
  endfacet
  facet normal -0.970043 0.242934 0
    outer loop
      vertex -15.7039 7.77545 0
      vertex -15.5847 8.25142 2.51
      vertex -15.5847 8.25142 0
    endloop
  endfacet
  facet normal -0.970043 0.242934 0
    outer loop
      vertex -15.5847 8.25142 2.51
      vertex -15.7039 7.77545 0
      vertex -15.7039 7.77545 2.51
    endloop
  endfacet
  facet normal -0.941548 0.336879 0
    outer loop
      vertex -15.5847 8.25142 0
      vertex -15.4194 8.71342 2.51
      vertex -15.4194 8.71342 0
    endloop
  endfacet
  facet normal -0.941548 0.336879 0
    outer loop
      vertex -15.4194 8.71342 2.51
      vertex -15.5847 8.25142 0
      vertex -15.5847 8.25142 2.51
    endloop
  endfacet
  facet normal -0.998793 0.0491163 0
    outer loop
      vertex -15.8 6.8 0
      vertex -15.7759 7.29008 2.51
      vertex -15.7759 7.29008 0
    endloop
  endfacet
  facet normal -0.998793 0.0491163 0
    outer loop
      vertex -15.7759 7.29008 2.51
      vertex -15.8 6.8 0
      vertex -15.8 6.8 2.51
    endloop
  endfacet
  facet normal -0.0658047 0.183901 0.98074
    outer loop
      vertex -11.5286 9.20191 4.99999
      vertex -11.8052 10.1138 4.81044
      vertex -11.7605 9.11893 4.99999
    endloop
  endfacet
  facet normal -0.331254 0.44657 0.831171
    outer loop
      vertex -12.7239 9.67927 4.81044
      vertex -13.5093 10.1013 4.27068
      vertex -12.9968 9.47684 4.81044
    endloop
  endfacet
  facet normal -0.100413 0.16754 0.980738
    outer loop
      vertex -11.9832 9.01362 4.99999
      vertex -12.7239 9.67927 4.81044
      vertex -12.1945 8.88698 4.99999
    endloop
  endfacet
  facet normal -0.167533 0.100412 0.98074
    outer loop
      vertex -13.6793 8.72387 4.81044
      vertex -13.854 8.43239 4.81044
      vertex -13.0136 7.9832 4.99999
    endloop
  endfacet
  facet normal -0.144706 0.13122 0.980735
    outer loop
      vertex -12.5748 8.57483 4.99999
      vertex -13.4768 8.99682 4.81044
      vertex -12.7403 8.39232 4.99999
    endloop
  endfacet
  facet normal -0.189453 0.047494 0.980741
    outer loop
      vertex -13.2019 7.52861 4.99999
      vertex -14.1138 7.80522 4.81044
      vertex -13.2618 7.28967 4.99999
    endloop
  endfacet
  facet normal -0.504275 0.841258 0.194917
    outer loop
      vertex -13.157 11.2096 2.51
      vertex -13.5779 10.9573 2.51
      vertex -13.4725 10.7997 3.46288
    endloop
  endfacet
  facet normal -0.355611 0.751903 0.555142
    outer loop
      vertex -12.6409 11.2443 3.46288
      vertex -12.8132 10.5664 4.27068
      vertex -12.4343 10.7456 4.27068
    endloop
  endfacet
  facet normal -0.331201 0.446644 0.831153
    outer loop
      vertex -13.1727 10.3509 4.27068
      vertex -13.5093 10.1013 4.27068
      vertex -12.7239 9.67927 4.81044
    endloop
  endfacet
  facet normal -0.285888 0.476923 0.831151
    outer loop
      vertex -12.8132 10.5664 4.27068
      vertex -13.1727 10.3509 4.27068
      vertex -12.7239 9.67927 4.81044
    endloop
  endfacet
  facet normal -0.202061 0.806854 0.55512
    outer loop
      vertex -11.7385 11.518 3.46288
      vertex -12.0397 10.8868 4.27068
      vertex -11.6332 10.9886 4.27068
    endloop
  endfacet
  facet normal -0.280236 0.783153 0.555102
    outer loop
      vertex -12.1964 11.4033 3.46288
      vertex -12.4343 10.7456 4.27068
      vertex -12.0397 10.8868 4.27068
    endloop
  endfacet
  facet normal -0.00958014 0.195092 0.980738
    outer loop
      vertex -10.8 9.30999 4.99999
      vertex -11.1394 10.2462 4.81044
      vertex -11.046 9.29791 4.99999
    endloop
  endfacet
  facet normal -0.00959909 0.195086 0.980739
    outer loop
      vertex -10.8 10.2629 4.81044
      vertex -11.1394 10.2462 4.81044
      vertex -10.8 9.30999 4.99999
    endloop
  endfacet
  facet normal -0.143973 0.970205 0.19487
    outer loop
      vertex -11.2715 11.5873 3.46288
      vertex -11.7755 11.7039 2.51
      vertex -11.7385 11.518 3.46288
    endloop
  endfacet
  facet normal -0.238326 0.951434 0.194872
    outer loop
      vertex -11.7755 11.7039 2.51
      vertex -12.1964 11.4033 3.46288
      vertex -11.7385 11.518 3.46288
    endloop
  endfacet
  facet normal -0.584164 0.787881 0.194926
    outer loop
      vertex -13.5779 10.9573 2.51
      vertex -13.972 10.6651 2.51
      vertex -13.4725 10.7997 3.46288
    endloop
  endfacet
  facet normal -0.427645 0.713447 0.55508
    outer loop
      vertex -13.0676 11.0424 3.46288
      vertex -13.4725 10.7997 3.46288
      vertex -12.8132 10.5664 4.27068
    endloop
  endfacet
  facet normal 0.951443 0.238276 0.194885
    outer loop
      vertex 15.5847 8.25142 2.51
      vertex 15.4033 8.1964 3.46288
      vertex 15.7039 7.77545 2.51
    endloop
  endfacet
  facet normal 0.923495 0.330419 0.194885
    outer loop
      vertex 15.4194 8.71342 2.51
      vertex 15.4033 8.1964 3.46288
      vertex 15.5847 8.25142 2.51
    endloop
  endfacet
  facet normal 0.841274 0.504253 0.1949
    outer loop
      vertex 15.2096 9.15698 2.51
      vertex 14.7997 9.47254 3.46288
      vertex 15.0424 9.06763 3.46288
    endloop
  endfacet
  facet normal 0.886603 0.419461 0.194903
    outer loop
      vertex 15.2096 9.15698 2.51
      vertex 15.0424 9.06763 3.46288
      vertex 15.2443 8.64088 3.46288
    endloop
  endfacet
  facet normal 0.616244 0.558635 0.555131
    outer loop
      vertex 14.2015 10.2015 3.46288
      vertex 13.8198 9.81983 4.27068
      vertex 14.1013 9.5093 4.27068
    endloop
  endfacet
  facet normal 0.558561 0.616355 0.555081
    outer loop
      vertex 13.8517 10.5185 3.46288
      vertex 13.5093 10.1013 4.27068
      vertex 14.2015 10.2015 3.46288
    endloop
  endfacet
  facet normal 0.15688 0.116388 0.980736
    outer loop
      vertex 13.4768 8.99682 4.81044
      vertex 12.7403 8.39232 4.99999
      vertex 13.6793 8.72387 4.81044
    endloop
  endfacet
  facet normal 0.156897 0.11634 0.980739
    outer loop
      vertex 13.6793 8.72387 4.81044
      vertex 12.7403 8.39232 4.99999
      vertex 12.887 8.19448 4.99999
    endloop
  endfacet
  facet normal 0.886652 0.419379 0.194856
    outer loop
      vertex 15.4194 8.71342 2.51
      vertex 15.2096 9.15698 2.51
      vertex 15.2443 8.64088 3.46288
    endloop
  endfacet
  facet normal 0.476938 0.285855 0.831154
    outer loop
      vertex 14.5664 8.81319 4.27068
      vertex 13.6793 8.72387 4.81044
      vertex 13.854 8.43239 4.81044
    endloop
  endfacet
  facet normal 0.726646 0.658807 0.194831
    outer loop
      vertex 14.3355 10.3355 2.51
      vertex 14.2015 10.2015 3.46288
      vertex 14.6651 9.97196 2.51
    endloop
  endfacet
  facet normal 0.787819 0.584247 0.194929
    outer loop
      vertex 14.6651 9.97196 2.51
      vertex 14.5185 9.85172 3.46288
      vertex 14.7997 9.47254 3.46288
    endloop
  endfacet
  facet normal 0.504275 0.841258 0.194917
    outer loop
      vertex 13.5779 10.9573 2.51
      vertex 13.157 11.2096 2.51
      vertex 13.4725 10.7997 3.46288
    endloop
  endfacet
  facet normal 0.355611 0.751903 0.555142
    outer loop
      vertex 12.6409 11.2443 3.46288
      vertex 12.4343 10.7456 4.27068
      vertex 12.8132 10.5664 4.27068
    endloop
  endfacet
  facet normal 0.584164 0.787881 0.194926
    outer loop
      vertex 13.5779 10.9573 2.51
      vertex 13.4725 10.7997 3.46288
      vertex 13.972 10.6651 2.51
    endloop
  endfacet
  facet normal 0.242967 0.970034 -0
    outer loop
      vertex 12.2514 11.5847 0
      vertex 11.7755 11.7039 2.51
      vertex 12.2514 11.5847 2.51
    endloop
  endfacet
  facet normal 0.242967 0.970034 0
    outer loop
      vertex 11.7755 11.7039 2.51
      vertex 12.2514 11.5847 0
      vertex 11.7755 11.7039 0
    endloop
  endfacet
  facet normal 0.122093 0.822761 0.55512
    outer loop
      vertex 11.7385 11.518 3.46288
      vertex 11.2715 11.5873 3.46288
      vertex 11.6332 10.9886 4.27068
    endloop
  endfacet
  facet normal 0.143973 0.970205 0.19487
    outer loop
      vertex 11.7755 11.7039 2.51
      vertex 11.2715 11.5873 3.46288
      vertex 11.7385 11.518 3.46288
    endloop
  endfacet
  facet normal 0.183896 0.0658131 0.98074
    outer loop
      vertex 14.1138 7.80522 4.81044
      vertex 13.1189 7.76053 4.99999
      vertex 13.2019 7.52861 4.99999
    endloop
  endfacet
  facet normal -0.923521 -0.330363 0.194855
    outer loop
      vertex -15.4033 -8.1964 3.46288
      vertex -15.4194 -8.71342 2.51
      vertex -15.2443 -8.64088 3.46288
    endloop
  endfacet
  facet normal -0.998793 -0.0491163 0
    outer loop
      vertex -15.7759 -7.29008 0
      vertex -15.8 -6.8 2.51
      vertex -15.8 -6.8 0
    endloop
  endfacet
  facet normal -0.998793 -0.0491163 0
    outer loop
      vertex -15.8 -6.8 2.51
      vertex -15.7759 -7.29008 0
      vertex -15.7759 -7.29008 2.51
    endloop
  endfacet
  facet normal -1 0 0
    outer loop
      vertex -15.8 -6.8 0
      vertex -15.8 6.8 2.51
      vertex -15.8 6.8 0
    endloop
  endfacet
  facet normal -1 -0 0
    outer loop
      vertex -15.8 6.8 2.51
      vertex -15.8 -6.8 0
      vertex -15.8 -6.8 2.51
    endloop
  endfacet
  facet normal -0.951443 -0.238276 0.194885
    outer loop
      vertex -15.4033 -8.1964 3.46288
      vertex -15.7039 -7.77545 2.51
      vertex -15.5847 -8.25142 2.51
    endloop
  endfacet
  facet normal -0.989176 -0.146735 0
    outer loop
      vertex -15.7039 -7.77545 0
      vertex -15.7759 -7.29008 2.51
      vertex -15.7759 -7.29008 0
    endloop
  endfacet
  facet normal -0.989176 -0.146735 0
    outer loop
      vertex -15.7759 -7.29008 2.51
      vertex -15.7039 -7.77545 0
      vertex -15.7039 -7.77545 2.51
    endloop
  endfacet
  facet normal -0.90398 -0.427575 0
    outer loop
      vertex -15.2096 -9.15698 0
      vertex -15.4194 -8.71342 2.51
      vertex -15.4194 -8.71342 0
    endloop
  endfacet
  facet normal -0.90398 -0.427575 0
    outer loop
      vertex -15.4194 -8.71342 2.51
      vertex -15.2096 -9.15698 0
      vertex -15.2096 -9.15698 2.51
    endloop
  endfacet
  facet normal -0.616335 -0.558575 0.555091
    outer loop
      vertex -14.1013 -9.5093 4.27068
      vertex -14.5185 -9.85172 3.46288
      vertex -14.2015 -10.2015 3.46288
    endloop
  endfacet
  facet normal -0.857692 -0.514163 0
    outer loop
      vertex -14.9573 -9.57785 0
      vertex -15.2096 -9.15698 2.51
      vertex -15.2096 -9.15698 0
    endloop
  endfacet
  facet normal -0.857692 -0.514163 0
    outer loop
      vertex -15.2096 -9.15698 2.51
      vertex -14.9573 -9.57785 0
      vertex -14.9573 -9.57785 2.51
    endloop
  endfacet
  facet normal -0.668118 -0.495476 0.555087
    outer loop
      vertex -14.1013 -9.5093 4.27068
      vertex -14.7997 -9.47254 3.46288
      vertex -14.5185 -9.85172 3.46288
    endloop
  endfacet
  facet normal -0.195089 -0.00959506 0.980739
    outer loop
      vertex -13.31 -6.8 4.99999
      vertex -14.2462 -7.13942 4.81044
      vertex -13.2979 -7.04602 4.99999
    endloop
  endfacet
  facet normal -0.193214 -0.0286273 0.980739
    outer loop
      vertex -13.2979 -7.04602 4.99999
      vertex -14.2462 -7.13942 4.81044
      vertex -13.2618 -7.28967 4.99999
    endloop
  endfacet
  facet normal -0.783164 -0.280155 0.555128
    outer loop
      vertex -14.7456 -8.43432 4.27068
      vertex -15.4033 -8.1964 3.46288
      vertex -15.2443 -8.64088 3.46288
    endloop
  endfacet
  facet normal -0.7519 -0.355638 0.555129
    outer loop
      vertex -14.7456 -8.43432 4.27068
      vertex -15.2443 -8.64088 3.46288
      vertex -14.5664 -8.81319 4.27068
    endloop
  endfacet
  facet normal -0.476938 -0.285855 0.831154
    outer loop
      vertex -13.854 -8.43239 4.81044
      vertex -14.5664 -8.81319 4.27068
      vertex -13.6793 -8.72387 4.81044
    endloop
  endfacet
  facet normal -0.167533 -0.100412 0.98074
    outer loop
      vertex -13.0136 -7.9832 4.99999
      vertex -13.854 -8.43239 4.81044
      vertex -13.6793 -8.72387 4.81044
    endloop
  endfacet
  facet normal -0.189453 -0.047494 0.980741
    outer loop
      vertex -13.2618 -7.28967 4.99999
      vertex -14.1138 -7.80522 4.81044
      vertex -13.2019 -7.52861 4.99999
    endloop
  endfacet
  facet normal -0.183896 -0.0658131 0.98074
    outer loop
      vertex -13.2019 -7.52861 4.99999
      vertex -14.1138 -7.80522 4.81044
      vertex -13.1189 -7.76053 4.99999
    endloop
  endfacet
  facet normal -0.193222 -0.028683 0.980736
    outer loop
      vertex -13.2618 -7.28967 4.99999
      vertex -14.2462 -7.13942 4.81044
      vertex -14.1963 -7.47557 4.81044
    endloop
  endfacet
  facet normal -0.549997 -0.0816447 0.831166
    outer loop
      vertex -14.2462 -7.13942 4.81044
      vertex -14.9886 -7.63317 4.27068
      vertex -14.1963 -7.47557 4.81044
    endloop
  endfacet
  facet normal -0.156897 -0.11634 0.980739
    outer loop
      vertex -12.887 -8.19448 4.99999
      vertex -13.6793 -8.72387 4.81044
      vertex -12.7403 -8.39232 4.99999
    endloop
  endfacet
  facet normal -0.446536 -0.331282 0.831179
    outer loop
      vertex -13.6793 -8.72387 4.81044
      vertex -14.1013 -9.5093 4.27068
      vertex -13.4768 -8.99682 4.81044
    endloop
  endfacet
  facet normal -0.41199 -0.373376 0.831176
    outer loop
      vertex -13.4768 -8.99682 4.81044
      vertex -14.1013 -9.5093 4.27068
      vertex -13.2486 -9.24862 4.81044
    endloop
  endfacet
  facet normal -0.783164 0.280155 0.555128
    outer loop
      vertex -15.2443 8.64088 3.46288
      vertex -15.4033 8.1964 3.46288
      vertex -14.7456 8.43432 4.27068
    endloop
  endfacet
  facet normal -0.923521 0.330363 0.194855
    outer loop
      vertex -15.2443 8.64088 3.46288
      vertex -15.4194 8.71342 2.51
      vertex -15.4033 8.1964 3.46288
    endloop
  endfacet
  facet normal -0.830751 0.0408826 0.555141
    outer loop
      vertex -15.0501 7.2186 4.27068
      vertex -15.5873 7.27151 3.46288
      vertex -15.0707 6.8 4.27068
    endloop
  endfacet
  facet normal -0.830753 0.0408761 0.555138
    outer loop
      vertex -15.5873 7.27151 3.46288
      vertex -15.6105 6.8 3.46288
      vertex -15.0707 6.8 4.27068
    endloop
  endfacet
  facet normal -0.523527 0.187348 0.831156
    outer loop
      vertex -13.9993 8.12518 4.81044
      vertex -14.7456 8.43432 4.27068
      vertex -14.1138 7.80522 4.81044
    endloop
  endfacet
  facet normal -0.539387 0.13499 0.831167
    outer loop
      vertex -14.1138 7.80522 4.81044
      vertex -14.9886 7.63317 4.27068
      vertex -14.1963 7.47557 4.81044
    endloop
  endfacet
  facet normal -0.713443 0.427632 0.555095
    outer loop
      vertex -14.7997 9.47254 3.46288
      vertex -15.0424 9.06763 3.46288
      vertex -14.5664 8.81319 4.27068
    endloop
  endfacet
  facet normal -0.841274 0.504253 0.1949
    outer loop
      vertex -14.7997 9.47254 3.46288
      vertex -15.2096 9.15698 2.51
      vertex -15.0424 9.06763 3.46288
    endloop
  endfacet
  facet normal -0.0835007 -0.17658 0.980738
    outer loop
      vertex -11.9832 -9.01362 4.99999
      vertex -12.4324 -9.85398 4.81044
      vertex -11.7605 -9.11893 4.99999
    endloop
  endfacet
  facet normal -0.0286609 -0.193213 0.980738
    outer loop
      vertex -11.046 -9.29791 4.99999
      vertex -11.2897 -9.26176 4.99999
      vertex -11.1394 -10.2462 4.81044
    endloop
  endfacet
  facet normal -0.135009 -0.539383 0.831167
    outer loop
      vertex -11.4756 -10.1963 4.81044
      vertex -11.8052 -10.1138 4.81044
      vertex -11.6332 -10.9886 4.27068
    endloop
  endfacet
  facet normal -0.0816329 -0.55 0.831166
    outer loop
      vertex -11.4756 -10.1963 4.81044
      vertex -11.6332 -10.9886 4.27068
      vertex -11.1394 -10.2462 4.81044
    endloop
  endfacet
  facet normal -0.122044 -0.822756 0.555138
    outer loop
      vertex -11.2186 -11.0501 4.27068
      vertex -11.6332 -10.9886 4.27068
      vertex -11.2715 -11.5873 3.46288
    endloop
  endfacet
  facet normal -0.0408827 -0.830751 0.55514
    outer loop
      vertex -11.2186 -11.0501 4.27068
      vertex -11.2715 -11.5873 3.46288
      vertex -10.8 -11.0707 4.27068
    endloop
  endfacet
  facet normal -0.131179 -0.144723 0.980738
    outer loop
      vertex -12.5748 -8.57483 4.99999
      vertex -12.9968 -9.47684 4.81044
      vertex -12.3923 -8.74025 4.99999
    endloop
  endfacet
  facet normal -0.331254 -0.44657 0.831171
    outer loop
      vertex -12.9968 -9.47684 4.81044
      vertex -13.5093 -10.1013 4.27068
      vertex -12.7239 -9.67927 4.81044
    endloop
  endfacet
  facet normal -0.3734 -0.41198 0.831171
    outer loop
      vertex -13.2486 -9.24862 4.81044
      vertex -13.5093 -10.1013 4.27068
      vertex -12.9968 -9.47684 4.81044
    endloop
  endfacet
  facet normal -0.558561 -0.616355 0.555081
    outer loop
      vertex -13.5093 -10.1013 4.27068
      vertex -14.2015 -10.2015 3.46288
      vertex -13.8517 -10.5185 3.46288
    endloop
  endfacet
  facet normal -0.658626 -0.726774 0.194965
    outer loop
      vertex -13.8517 -10.5185 3.46288
      vertex -14.2015 -10.2015 3.46288
      vertex -13.972 -10.6651 2.51
    endloop
  endfacet
  facet normal -0.713405 -0.42767 0.555114
    outer loop
      vertex -14.5664 -8.81319 4.27068
      vertex -14.7997 -9.47254 3.46288
      vertex -14.3509 -9.17267 4.27068
    endloop
  endfacet
  facet normal -0.713443 -0.427632 0.555095
    outer loop
      vertex -14.5664 -8.81319 4.27068
      vertex -15.0424 -9.06763 3.46288
      vertex -14.7997 -9.47254 3.46288
    endloop
  endfacet
  facet normal -0.187355 -0.523521 0.831158
    outer loop
      vertex -12.1252 -9.99928 4.81044
      vertex -12.4343 -10.7456 4.27068
      vertex -11.8052 -10.1138 4.81044
    endloop
  endfacet
  facet normal -0.237744 -0.50265 0.831156
    outer loop
      vertex -12.4324 -9.85398 4.81044
      vertex -12.4343 -10.7456 4.27068
      vertex -12.1252 -9.99928 4.81044
    endloop
  endfacet
  facet normal -0.143914 -0.970219 0.194841
    outer loop
      vertex -11.2715 -11.5873 3.46288
      vertex -11.7755 -11.7039 2.51
      vertex -11.2901 -11.7759 2.51
    endloop
  endfacet
  facet normal -0.143973 -0.970205 0.19487
    outer loop
      vertex -11.7385 -11.518 3.46288
      vertex -11.7755 -11.7039 2.51
      vertex -11.2715 -11.5873 3.46288
    endloop
  endfacet
  facet normal 0.584223 -0.787828 0.194964
    outer loop
      vertex 13.8517 -10.5185 3.46288
      vertex 13.4725 -10.7997 3.46288
      vertex 13.972 -10.6651 2.51
    endloop
  endfacet
  facet normal 0.143973 -0.970205 0.19487
    outer loop
      vertex 11.7385 -11.518 3.46288
      vertex 11.2715 -11.5873 3.46288
      vertex 11.7755 -11.7039 2.51
    endloop
  endfacet
  facet normal 0.0481732 -0.979654 0.194825
    outer loop
      vertex 10.8 -11.6105 3.46288
      vertex 10.8 -11.8 2.51
      vertex 11.2901 -11.7759 2.51
    endloop
  endfacet
  facet normal 0.558561 -0.616355 0.555081
    outer loop
      vertex 14.2015 -10.2015 3.46288
      vertex 13.5093 -10.1013 4.27068
      vertex 13.8517 -10.5185 3.46288
    endloop
  endfacet
  facet normal 0.4195 -0.88658 0.194924
    outer loop
      vertex 13.0676 -11.0424 3.46288
      vertex 12.6409 -11.2443 3.46288
      vertex 13.157 -11.2096 2.51
    endloop
  endfacet
  facet normal 0.3734 -0.41198 0.831171
    outer loop
      vertex 13.2486 -9.24862 4.81044
      vertex 12.9968 -9.47684 4.81044
      vertex 13.5093 -10.1013 4.27068
    endloop
  endfacet
  facet normal 0.331201 -0.446644 0.831153
    outer loop
      vertex 13.5093 -10.1013 4.27068
      vertex 12.7239 -9.67927 4.81044
      vertex 13.1727 -10.3509 4.27068
    endloop
  endfacet
  facet normal 0.806859 -0.202098 0.555099
    outer loop
      vertex 15.518 -7.73847 3.46288
      vertex 14.8868 -8.03971 4.27068
      vertex 15.4033 -8.1964 3.46288
    endloop
  endfacet
  facet normal 0.555367 -0.0273249 0.831157
    outer loop
      vertex 14.2629 -6.8 4.81044
      vertex 14.2462 -7.13942 4.81044
      vertex 15.0707 -6.8 4.27068
    endloop
  endfacet
  facet normal 0.15688 -0.116388 0.980736
    outer loop
      vertex 13.6793 -8.72387 4.81044
      vertex 12.7403 -8.39232 4.99999
      vertex 13.4768 -8.99682 4.81044
    endloop
  endfacet
  facet normal 0.476938 -0.285855 0.831154
    outer loop
      vertex 13.854 -8.43239 4.81044
      vertex 13.6793 -8.72387 4.81044
      vertex 14.5664 -8.81319 4.27068
    endloop
  endfacet
  facet normal 0.193214 -0.0286273 0.980739
    outer loop
      vertex 13.2979 -7.04602 4.99999
      vertex 13.2618 -7.28967 4.99999
      vertex 14.2462 -7.13942 4.81044
    endloop
  endfacet
  facet normal 0.183896 -0.0658086 0.98074
    outer loop
      vertex 14.1138 -7.80522 4.81044
      vertex 13.1189 -7.76053 4.99999
      vertex 13.9993 -8.12518 4.81044
    endloop
  endfacet
  facet normal 0.183896 -0.0658131 0.98074
    outer loop
      vertex 13.2019 -7.52861 4.99999
      vertex 13.1189 -7.76053 4.99999
      vertex 14.1138 -7.80522 4.81044
    endloop
  endfacet
  facet normal 0.189494 -0.0474239 0.980736
    outer loop
      vertex 14.1963 -7.47557 4.81044
      vertex 13.2618 -7.28967 4.99999
      vertex 14.1138 -7.80522 4.81044
    endloop
  endfacet
  facet normal 0.116372 -0.156876 0.980738
    outer loop
      vertex 12.3923 -8.74025 4.99999
      vertex 12.1945 -8.88698 4.99999
      vertex 12.7239 -9.67927 4.81044
    endloop
  endfacet
  facet normal 0.116368 -0.156878 0.980738
    outer loop
      vertex 12.9968 -9.47684 4.81044
      vertex 12.3923 -8.74025 4.99999
      vertex 12.7239 -9.67927 4.81044
    endloop
  endfacet
  facet normal 0.131179 -0.144723 0.980738
    outer loop
      vertex 12.5748 -8.57483 4.99999
      vertex 12.3923 -8.74025 4.99999
      vertex 12.9968 -9.47684 4.81044
    endloop
  endfacet
  facet normal 0.0474651 -0.189464 0.98074
    outer loop
      vertex 11.5286 -9.20191 4.99999
      vertex 11.2897 -9.26176 4.99999
      vertex 11.8052 -10.1138 4.81044
    endloop
  endfacet
  facet normal 0.0658134 -0.183901 0.980739
    outer loop
      vertex 12.1252 -9.99928 4.81044
      vertex 11.7605 -9.11893 4.99999
      vertex 11.8052 -10.1138 4.81044
    endloop
  endfacet
  facet normal 0.122093 -0.822761 0.55512
    outer loop
      vertex 11.6332 -10.9886 4.27068
      vertex 11.2715 -11.5873 3.46288
      vertex 11.7385 -11.518 3.46288
    endloop
  endfacet
  facet normal 0.237728 -0.502652 0.831159
    outer loop
      vertex 12.8132 -10.5664 4.27068
      vertex 12.4324 -9.85398 4.81044
      vertex 12.4343 -10.7456 4.27068
    endloop
  endfacet
  facet normal 0.830751 -0.0408826 0.555141
    outer loop
      vertex 15.0707 -6.8 4.27068
      vertex 15.0501 -7.2186 4.27068
      vertex 15.5873 -7.27151 3.46288
    endloop
  endfacet
  facet normal 0.951438 -0.238311 0.194867
    outer loop
      vertex 15.518 -7.73847 3.46288
      vertex 15.4033 -8.1964 3.46288
      vertex 15.7039 -7.77545 2.51
    endloop
  endfacet
  facet normal 0.713443 -0.427632 0.555095
    outer loop
      vertex 15.0424 -9.06763 3.46288
      vertex 14.5664 -8.81319 4.27068
      vertex 14.7997 -9.47254 3.46288
    endloop
  endfacet
  facet normal 0.751883 -0.355724 0.555096
    outer loop
      vertex 15.2443 -8.64088 3.46288
      vertex 14.5664 -8.81319 4.27068
      vertex 15.0424 -9.06763 3.46288
    endloop
  endfacet
  facet normal 0.0474289 0.189485 0.980737
    outer loop
      vertex 11.4756 10.1963 4.81044
      vertex 11.2897 9.26176 4.99999
      vertex 11.8052 10.1138 4.81044
    endloop
  endfacet
  facet normal 0.135009 0.539383 0.831167
    outer loop
      vertex 11.6332 10.9886 4.27068
      vertex 11.4756 10.1963 4.81044
      vertex 11.8052 10.1138 4.81044
    endloop
  endfacet
  facet normal 0.0286609 0.193213 0.980738
    outer loop
      vertex 11.1394 10.2462 4.81044
      vertex 11.046 9.29791 4.99999
      vertex 11.2897 9.26176 4.99999
    endloop
  endfacet
  facet normal -0.857692 0.514163 0
    outer loop
      vertex -15.2096 9.15698 0
      vertex -14.9573 9.57785 2.51
      vertex -14.9573 9.57785 0
    endloop
  endfacet
  facet normal -0.857692 0.514163 0
    outer loop
      vertex -14.9573 9.57785 2.51
      vertex -15.2096 9.15698 0
      vertex -15.2096 9.15698 2.51
    endloop
  endfacet
  facet normal -0.951443 0.238276 0.194885
    outer loop
      vertex -15.5847 8.25142 2.51
      vertex -15.7039 7.77545 2.51
      vertex -15.4033 8.1964 3.46288
    endloop
  endfacet
  facet normal -0.923495 0.330419 0.194885
    outer loop
      vertex -15.4194 8.71342 2.51
      vertex -15.5847 8.25142 2.51
      vertex -15.4033 8.1964 3.46288
    endloop
  endfacet
  facet normal -0.989176 0.146735 0
    outer loop
      vertex -15.7759 7.29008 0
      vertex -15.7039 7.77545 2.51
      vertex -15.7039 7.77545 0
    endloop
  endfacet
  facet normal -0.989176 0.146735 0
    outer loop
      vertex -15.7039 7.77545 2.51
      vertex -15.7759 7.29008 0
      vertex -15.7759 7.29008 2.51
    endloop
  endfacet
  facet normal -0.0658134 0.183901 0.980739
    outer loop
      vertex -11.8052 10.1138 4.81044
      vertex -12.1252 9.99928 4.81044
      vertex -11.7605 9.11893 4.99999
    endloop
  endfacet
  facet normal -0.100414 0.167539 0.980738
    outer loop
      vertex -12.4324 9.85398 4.81044
      vertex -12.7239 9.67927 4.81044
      vertex -11.9832 9.01362 4.99999
    endloop
  endfacet
  facet normal -0.116372 0.156876 0.980738
    outer loop
      vertex -12.1945 8.88698 4.99999
      vertex -12.7239 9.67927 4.81044
      vertex -12.3923 8.74025 4.99999
    endloop
  endfacet
  facet normal -0.0835135 0.176568 0.980739
    outer loop
      vertex -12.1252 9.99928 4.81044
      vertex -12.4324 9.85398 4.81044
      vertex -11.7605 9.11893 4.99999
    endloop
  endfacet
  facet normal -0.237744 0.50265 0.831156
    outer loop
      vertex -12.1252 9.99928 4.81044
      vertex -12.4343 10.7456 4.27068
      vertex -12.4324 9.85398 4.81044
    endloop
  endfacet
  facet normal -0.41199 0.373376 0.831176
    outer loop
      vertex -13.2486 9.24862 4.81044
      vertex -14.1013 9.5093 4.27068
      vertex -13.4768 8.99682 4.81044
    endloop
  endfacet
  facet normal -0.144732 0.131167 0.980739
    outer loop
      vertex -13.2486 9.24862 4.81044
      vertex -13.4768 8.99682 4.81044
      vertex -12.5748 8.57483 4.99999
    endloop
  endfacet
  facet normal -0.616335 0.558575 0.555091
    outer loop
      vertex -14.2015 10.2015 3.46288
      vertex -14.5185 9.85172 3.46288
      vertex -14.1013 9.5093 4.27068
    endloop
  endfacet
  facet normal -0.156897 0.11634 0.980739
    outer loop
      vertex -12.7403 8.39232 4.99999
      vertex -13.6793 8.72387 4.81044
      vertex -12.887 8.19448 4.99999
    endloop
  endfacet
  facet normal -0.15688 0.116388 0.980736
    outer loop
      vertex -13.4768 8.99682 4.81044
      vertex -13.6793 8.72387 4.81044
      vertex -12.7403 8.39232 4.99999
    endloop
  endfacet
  facet normal -0.555367 0.0273249 0.831157
    outer loop
      vertex -14.2462 7.13942 4.81044
      vertex -15.0707 6.8 4.27068
      vertex -14.2629 6.8 4.81044
    endloop
  endfacet
  facet normal -0.355761 0.751874 0.555085
    outer loop
      vertex -12.6409 11.2443 3.46288
      vertex -13.0676 11.0424 3.46288
      vertex -12.8132 10.5664 4.27068
    endloop
  endfacet
  facet normal -0.50426 0.841265 0.194925
    outer loop
      vertex -13.157 11.2096 2.51
      vertex -13.4725 10.7997 3.46288
      vertex -13.0676 11.0424 3.46288
    endloop
  endfacet
  facet normal -0.0408827 0.830751 0.55514
    outer loop
      vertex -10.8 11.0707 4.27068
      vertex -11.2715 11.5873 3.46288
      vertex -11.2186 11.0501 4.27068
    endloop
  endfacet
  facet normal -0.122044 0.822756 0.555138
    outer loop
      vertex -11.2715 11.5873 3.46288
      vertex -11.6332 10.9886 4.27068
      vertex -11.2186 11.0501 4.27068
    endloop
  endfacet
  facet normal -0.0816329 0.55 0.831166
    outer loop
      vertex -11.1394 10.2462 4.81044
      vertex -11.6332 10.9886 4.27068
      vertex -11.4756 10.1963 4.81044
    endloop
  endfacet
  facet normal -0.4195 0.88658 0.194924
    outer loop
      vertex -12.6409 11.2443 3.46288
      vertex -13.157 11.2096 2.51
      vertex -13.0676 11.0424 3.46288
    endloop
  endfacet
  facet normal -0.419349 0.88667 0.19484
    outer loop
      vertex -12.7134 11.4194 2.51
      vertex -13.157 11.2096 2.51
      vertex -12.6409 11.2443 3.46288
    endloop
  endfacet
  facet normal -0.726646 0.658807 0.194831
    outer loop
      vertex -14.3355 10.3355 2.51
      vertex -14.6651 9.97196 2.51
      vertex -14.2015 10.2015 3.46288
    endloop
  endfacet
  facet normal -0.658846 0.72661 0.194832
    outer loop
      vertex -13.972 10.6651 2.51
      vertex -14.3355 10.3355 2.51
      vertex -14.2015 10.2015 3.46288
    endloop
  endfacet
  facet normal -0.671719 0.740806 0
    outer loop
      vertex -13.972 10.6651 0
      vertex -14.3355 10.3355 2.51
      vertex -13.972 10.6651 2.51
    endloop
  endfacet
  facet normal -0.671719 0.740806 0
    outer loop
      vertex -14.3355 10.3355 2.51
      vertex -13.972 10.6651 0
      vertex -14.3355 10.3355 0
    endloop
  endfacet
  facet normal -0.595588 0.80329 0
    outer loop
      vertex -13.5779 10.9573 0
      vertex -13.972 10.6651 2.51
      vertex -13.5779 10.9573 2.51
    endloop
  endfacet
  facet normal -0.595588 0.80329 0
    outer loop
      vertex -13.972 10.6651 2.51
      vertex -13.5779 10.9573 0
      vertex -13.972 10.6651 0
    endloop
  endfacet
  facet normal 0.857692 0.514163 0
    outer loop
      vertex 15.2096 9.15698 2.51
      vertex 14.9573 9.57785 0
      vertex 14.9573 9.57785 2.51
    endloop
  endfacet
  facet normal 0.857692 0.514163 0
    outer loop
      vertex 14.9573 9.57785 0
      vertex 15.2096 9.15698 2.51
      vertex 15.2096 9.15698 0
    endloop
  endfacet
  facet normal 0.941548 0.336879 0
    outer loop
      vertex 15.5847 8.25142 2.51
      vertex 15.4194 8.71342 0
      vertex 15.4194 8.71342 2.51
    endloop
  endfacet
  facet normal 0.941548 0.336879 0
    outer loop
      vertex 15.4194 8.71342 0
      vertex 15.5847 8.25142 2.51
      vertex 15.5847 8.25142 0
    endloop
  endfacet
  facet normal 0.970043 0.242934 0
    outer loop
      vertex 15.7039 7.77545 2.51
      vertex 15.5847 8.25142 0
      vertex 15.5847 8.25142 2.51
    endloop
  endfacet
  facet normal 0.970043 0.242934 0
    outer loop
      vertex 15.5847 8.25142 0
      vertex 15.7039 7.77545 2.51
      vertex 15.7039 7.77545 0
    endloop
  endfacet
  facet normal 0.539392 0.135067 0.831151
    outer loop
      vertex 14.8868 8.03971 4.27068
      vertex 14.1138 7.80522 4.81044
      vertex 14.9886 7.63317 4.27068
    endloop
  endfacet
  facet normal 0.951438 0.238311 0.194867
    outer loop
      vertex 15.7039 7.77545 2.51
      vertex 15.4033 8.1964 3.46288
      vertex 15.518 7.73847 3.46288
    endloop
  endfacet
  facet normal 0.841249 0.504306 0.194872
    outer loop
      vertex 14.9573 9.57785 2.51
      vertex 14.7997 9.47254 3.46288
      vertex 15.2096 9.15698 2.51
    endloop
  endfacet
  facet normal 0.331201 0.446644 0.831153
    outer loop
      vertex 13.1727 10.3509 4.27068
      vertex 12.7239 9.67927 4.81044
      vertex 13.5093 10.1013 4.27068
    endloop
  endfacet
  facet normal 0.427661 0.71343 0.555088
    outer loop
      vertex 13.4725 10.7997 3.46288
      vertex 12.8132 10.5664 4.27068
      vertex 13.1727 10.3509 4.27068
    endloop
  endfacet
  facet normal 0.131173 0.144726 0.980739
    outer loop
      vertex 12.9968 9.47684 4.81044
      vertex 12.5748 8.57483 4.99999
      vertex 13.2486 9.24862 4.81044
    endloop
  endfacet
  facet normal 0.144706 0.13122 0.980735
    outer loop
      vertex 13.4768 8.99682 4.81044
      vertex 12.5748 8.57483 4.99999
      vertex 12.7403 8.39232 4.99999
    endloop
  endfacet
  facet normal 0.167533 0.100412 0.98074
    outer loop
      vertex 13.6793 8.72387 4.81044
      vertex 13.0136 7.9832 4.99999
      vertex 13.854 8.43239 4.81044
    endloop
  endfacet
  facet normal 0.176572 0.0835006 0.980739
    outer loop
      vertex 13.854 8.43239 4.81044
      vertex 13.0136 7.9832 4.99999
      vertex 13.1189 7.76053 4.99999
    endloop
  endfacet
  facet normal 0.751883 0.355724 0.555096
    outer loop
      vertex 15.0424 9.06763 3.46288
      vertex 14.5664 8.81319 4.27068
      vertex 15.2443 8.64088 3.46288
    endloop
  endfacet
  facet normal 0.713443 0.427632 0.555095
    outer loop
      vertex 14.7997 9.47254 3.46288
      vertex 14.5664 8.81319 4.27068
      vertex 15.0424 9.06763 3.46288
    endloop
  endfacet
  facet normal 0.549997 0.0816447 0.831166
    outer loop
      vertex 14.9886 7.63317 4.27068
      vertex 14.1963 7.47557 4.81044
      vertex 14.2462 7.13942 4.81044
    endloop
  endfacet
  facet normal 0.822754 0.122053 0.555139
    outer loop
      vertex 15.5873 7.27151 3.46288
      vertex 14.9886 7.63317 4.27068
      vertex 15.0501 7.2186 4.27068
    endloop
  endfacet
  facet normal 0.616335 0.558575 0.555091
    outer loop
      vertex 14.2015 10.2015 3.46288
      vertex 14.1013 9.5093 4.27068
      vertex 14.5185 9.85172 3.46288
    endloop
  endfacet
  facet normal 0.668118 0.495476 0.555087
    outer loop
      vertex 14.5185 9.85172 3.46288
      vertex 14.1013 9.5093 4.27068
      vertex 14.7997 9.47254 3.46288
    endloop
  endfacet
  facet normal 0.495448 0.668141 0.555084
    outer loop
      vertex 13.4725 10.7997 3.46288
      vertex 13.1727 10.3509 4.27068
      vertex 13.5093 10.1013 4.27068
    endloop
  endfacet
  facet normal 0.495463 0.668135 0.555079
    outer loop
      vertex 13.8517 10.5185 3.46288
      vertex 13.4725 10.7997 3.46288
      vertex 13.5093 10.1013 4.27068
    endloop
  endfacet
  facet normal 0.427543 0.903995 -0
    outer loop
      vertex 13.157 11.2096 0
      vertex 12.7134 11.4194 2.51
      vertex 13.157 11.2096 2.51
    endloop
  endfacet
  facet normal 0.427543 0.903995 0
    outer loop
      vertex 12.7134 11.4194 2.51
      vertex 13.157 11.2096 0
      vertex 12.7134 11.4194 0
    endloop
  endfacet
  facet normal 0.514136 0.857709 -0
    outer loop
      vertex 13.5779 10.9573 0
      vertex 13.157 11.2096 2.51
      vertex 13.5779 10.9573 2.51
    endloop
  endfacet
  facet normal 0.514136 0.857709 0
    outer loop
      vertex 13.157 11.2096 2.51
      vertex 13.5779 10.9573 0
      vertex 13.157 11.2096 0
    endloop
  endfacet
  facet normal 0.146726 0.989177 -0
    outer loop
      vertex 11.7755 11.7039 0
      vertex 11.2901 11.7759 2.51
      vertex 11.7755 11.7039 2.51
    endloop
  endfacet
  facet normal 0.146726 0.989177 0
    outer loop
      vertex 11.2901 11.7759 2.51
      vertex 11.7755 11.7039 0
      vertex 11.2901 11.7759 0
    endloop
  endfacet
  facet normal 0.0273306 0.555368 0.831156
    outer loop
      vertex 11.2186 11.0501 4.27068
      vertex 10.8 11.0707 4.27068
      vertex 11.1394 10.2462 4.81044
    endloop
  endfacet
  facet normal 0.0815879 0.550022 0.831155
    outer loop
      vertex 11.2186 11.0501 4.27068
      vertex 11.1394 10.2462 4.81044
      vertex 11.6332 10.9886 4.27068
    endloop
  endfacet
  facet normal -0.97965 -0.0482023 0.194838
    outer loop
      vertex -15.6105 -6.8 3.46288
      vertex -15.7759 -7.29008 2.51
      vertex -15.5873 -7.27151 3.46288
    endloop
  endfacet
  facet normal -0.970219 -0.143923 0.194837
    outer loop
      vertex -15.5873 -7.27151 3.46288
      vertex -15.7759 -7.29008 2.51
      vertex -15.7039 -7.77545 2.51
    endloop
  endfacet
  facet normal -0.502653 -0.237738 0.831156
    outer loop
      vertex -13.9993 -8.12518 4.81044
      vertex -14.7456 -8.43432 4.27068
      vertex -13.854 -8.43239 4.81044
    endloop
  endfacet
  facet normal -0.176565 -0.0835092 0.98074
    outer loop
      vertex -13.1189 -7.76053 4.99999
      vertex -13.9993 -8.12518 4.81044
      vertex -13.854 -8.43239 4.81044
    endloop
  endfacet
  facet normal -0.16755 -0.100397 0.980738
    outer loop
      vertex -13.0136 -7.9832 4.99999
      vertex -13.6793 -8.72387 4.81044
      vertex -12.887 -8.19448 4.99999
    endloop
  endfacet
  facet normal -0.822754 0.122053 0.555139
    outer loop
      vertex -14.9886 7.63317 4.27068
      vertex -15.5873 7.27151 3.46288
      vertex -15.0501 7.2186 4.27068
    endloop
  endfacet
  facet normal -0.951438 0.238311 0.194867
    outer loop
      vertex -15.4033 8.1964 3.46288
      vertex -15.7039 7.77545 2.51
      vertex -15.518 7.73847 3.46288
    endloop
  endfacet
  facet normal -0.502652 0.237747 0.831154
    outer loop
      vertex -14.5664 8.81319 4.27068
      vertex -14.7456 8.43432 4.27068
      vertex -13.854 8.43239 4.81044
    endloop
  endfacet
  facet normal -0.195088 0.00959862 0.980739
    outer loop
      vertex -14.2462 7.13942 4.81044
      vertex -14.2629 6.8 4.81044
      vertex -13.31 6.8 4.99999
    endloop
  endfacet
  facet normal -0.193214 0.0286273 0.980739
    outer loop
      vertex -13.2618 7.28967 4.99999
      vertex -14.2462 7.13942 4.81044
      vertex -13.2979 7.04602 4.99999
    endloop
  endfacet
  facet normal -0.183896 0.0658131 0.98074
    outer loop
      vertex -13.1189 7.76053 4.99999
      vertex -14.1138 7.80522 4.81044
      vertex -13.2019 7.52861 4.99999
    endloop
  endfacet
  facet normal -0.502653 0.237738 0.831156
    outer loop
      vertex -13.854 8.43239 4.81044
      vertex -14.7456 8.43432 4.27068
      vertex -13.9993 8.12518 4.81044
    endloop
  endfacet
  facet normal -0.886603 0.419461 0.194903
    outer loop
      vertex -15.2096 9.15698 2.51
      vertex -15.2443 8.64088 3.46288
      vertex -15.0424 9.06763 3.46288
    endloop
  endfacet
  facet normal -0.751883 0.355724 0.555096
    outer loop
      vertex -15.0424 9.06763 3.46288
      vertex -15.2443 8.64088 3.46288
      vertex -14.5664 8.81319 4.27068
    endloop
  endfacet
  facet normal -0.0658047 -0.183901 0.98074
    outer loop
      vertex -11.7605 -9.11893 4.99999
      vertex -11.8052 -10.1138 4.81044
      vertex -11.5286 -9.20191 4.99999
    endloop
  endfacet
  facet normal -0.0474651 -0.189464 0.98074
    outer loop
      vertex -11.5286 -9.20191 4.99999
      vertex -11.8052 -10.1138 4.81044
      vertex -11.2897 -9.26176 4.99999
    endloop
  endfacet
  facet normal -0.144706 -0.13122 0.980735
    outer loop
      vertex -12.7403 -8.39232 4.99999
      vertex -13.4768 -8.99682 4.81044
      vertex -12.5748 -8.57483 4.99999
    endloop
  endfacet
  facet normal -0.144732 -0.131167 0.980739
    outer loop
      vertex -12.5748 -8.57483 4.99999
      vertex -13.4768 -8.99682 4.81044
      vertex -13.2486 -9.24862 4.81044
    endloop
  endfacet
  facet normal -0.558632 -0.616248 0.555129
    outer loop
      vertex -13.8198 -9.81983 4.27068
      vertex -14.2015 -10.2015 3.46288
      vertex -13.5093 -10.1013 4.27068
    endloop
  endfacet
  facet normal -0.373444 -0.41196 0.831161
    outer loop
      vertex -13.2486 -9.24862 4.81044
      vertex -13.8198 -9.81983 4.27068
      vertex -13.5093 -10.1013 4.27068
    endloop
  endfacet
  facet normal -0.331201 -0.446644 0.831153
    outer loop
      vertex -12.7239 -9.67927 4.81044
      vertex -13.5093 -10.1013 4.27068
      vertex -13.1727 -10.3509 4.27068
    endloop
  endfacet
  facet normal -0.495448 -0.668141 0.555084
    outer loop
      vertex -13.1727 -10.3509 4.27068
      vertex -13.5093 -10.1013 4.27068
      vertex -13.4725 -10.7997 3.46288
    endloop
  endfacet
  facet normal -0.787819 -0.584247 0.194929
    outer loop
      vertex -14.5185 -9.85172 3.46288
      vertex -14.7997 -9.47254 3.46288
      vertex -14.6651 -9.97196 2.51
    endloop
  endfacet
  facet normal -0.726761 -0.658652 0.194924
    outer loop
      vertex -14.5185 -9.85172 3.46288
      vertex -14.6651 -9.97196 2.51
      vertex -14.2015 -10.2015 3.46288
    endloop
  endfacet
  facet normal 0.514136 -0.857709 0
    outer loop
      vertex 13.157 -11.2096 0
      vertex 13.5779 -10.9573 2.51
      vertex 13.157 -11.2096 2.51
    endloop
  endfacet
  facet normal 0.514136 -0.857709 0
    outer loop
      vertex 13.5779 -10.9573 2.51
      vertex 13.157 -11.2096 0
      vertex 13.5779 -10.9573 0
    endloop
  endfacet
  facet normal 0.242967 -0.970034 0
    outer loop
      vertex 11.7755 -11.7039 0
      vertex 12.2514 -11.5847 2.51
      vertex 11.7755 -11.7039 2.51
    endloop
  endfacet
  facet normal 0.242967 -0.970034 0
    outer loop
      vertex 12.2514 -11.5847 2.51
      vertex 11.7755 -11.7039 0
      vertex 12.2514 -11.5847 0
    endloop
  endfacet
  facet normal 0.238309 -0.951436 0.19488
    outer loop
      vertex 12.1964 -11.4033 3.46288
      vertex 11.7755 -11.7039 2.51
      vertex 12.2514 -11.5847 2.51
    endloop
  endfacet
  facet normal 0.355761 -0.751874 0.555085
    outer loop
      vertex 12.8132 -10.5664 4.27068
      vertex 12.6409 -11.2443 3.46288
      vertex 13.0676 -11.0424 3.46288
    endloop
  endfacet
  facet normal 0.237744 -0.50265 0.831156
    outer loop
      vertex 12.4324 -9.85398 4.81044
      vertex 12.1252 -9.99928 4.81044
      vertex 12.4343 -10.7456 4.27068
    endloop
  endfacet
  facet normal 0.427645 -0.713447 0.55508
    outer loop
      vertex 13.4725 -10.7997 3.46288
      vertex 12.8132 -10.5664 4.27068
      vertex 13.0676 -11.0424 3.46288
    endloop
  endfacet
  facet normal 0.50426 -0.841265 0.194925
    outer loop
      vertex 13.4725 -10.7997 3.46288
      vertex 13.0676 -11.0424 3.46288
      vertex 13.157 -11.2096 2.51
    endloop
  endfacet
  facet normal 0.373444 -0.41196 0.831161
    outer loop
      vertex 13.8198 -9.81983 4.27068
      vertex 13.2486 -9.24862 4.81044
      vertex 13.5093 -10.1013 4.27068
    endloop
  endfacet
  facet normal 0.558632 -0.616248 0.555129
    outer loop
      vertex 13.8198 -9.81983 4.27068
      vertex 13.5093 -10.1013 4.27068
      vertex 14.2015 -10.2015 3.46288
    endloop
  endfacet
  facet normal 0.446536 -0.331282 0.831179
    outer loop
      vertex 13.6793 -8.72387 4.81044
      vertex 13.4768 -8.99682 4.81044
      vertex 14.1013 -9.5093 4.27068
    endloop
  endfacet
  facet normal 0.144706 -0.13122 0.980735
    outer loop
      vertex 12.7403 -8.39232 4.99999
      vertex 12.5748 -8.57483 4.99999
      vertex 13.4768 -8.99682 4.81044
    endloop
  endfacet
  facet normal 0.502653 -0.237738 0.831156
    outer loop
      vertex 13.9993 -8.12518 4.81044
      vertex 13.854 -8.43239 4.81044
      vertex 14.7456 -8.43432 4.27068
    endloop
  endfacet
  facet normal 0.189453 -0.047494 0.980741
    outer loop
      vertex 13.2618 -7.28967 4.99999
      vertex 13.2019 -7.52861 4.99999
      vertex 14.1138 -7.80522 4.81044
    endloop
  endfacet
  facet normal 0.100413 -0.16754 0.980738
    outer loop
      vertex 12.1945 -8.88698 4.99999
      vertex 11.9832 -9.01362 4.99999
      vertex 12.7239 -9.67927 4.81044
    endloop
  endfacet
  facet normal 0.0835135 -0.176568 0.980739
    outer loop
      vertex 12.4324 -9.85398 4.81044
      vertex 11.7605 -9.11893 4.99999
      vertex 12.1252 -9.99928 4.81044
    endloop
  endfacet
  facet normal 0.0286609 -0.193213 0.980738
    outer loop
      vertex 11.2897 -9.26176 4.99999
      vertex 11.046 -9.29791 4.99999
      vertex 11.1394 -10.2462 4.81044
    endloop
  endfacet
  facet normal 0.0286777 -0.193215 0.980737
    outer loop
      vertex 11.2897 -9.26176 4.99999
      vertex 11.1394 -10.2462 4.81044
      vertex 11.4756 -10.1963 4.81044
    endloop
  endfacet
  facet normal 0.202061 -0.806854 0.55512
    outer loop
      vertex 12.0397 -10.8868 4.27068
      vertex 11.6332 -10.9886 4.27068
      vertex 11.7385 -11.518 3.46288
    endloop
  endfacet
  facet normal 0.20211 -0.806854 0.555101
    outer loop
      vertex 12.0397 -10.8868 4.27068
      vertex 11.7385 -11.518 3.46288
      vertex 12.1964 -11.4033 3.46288
    endloop
  endfacet
  facet normal 0.539392 -0.135067 0.831151
    outer loop
      vertex 14.9886 -7.63317 4.27068
      vertex 14.1138 -7.80522 4.81044
      vertex 14.8868 -8.03971 4.27068
    endloop
  endfacet
  facet normal 0.822759 -0.122103 0.55512
    outer loop
      vertex 15.5873 -7.27151 3.46288
      vertex 14.9886 -7.63317 4.27068
      vertex 15.518 -7.73847 3.46288
    endloop
  endfacet
  facet normal 0.176565 -0.0835092 0.98074
    outer loop
      vertex 13.9993 -8.12518 4.81044
      vertex 13.1189 -7.76053 4.99999
      vertex 13.854 -8.43239 4.81044
    endloop
  endfacet
  facet normal 0.176572 -0.0835006 0.980739
    outer loop
      vertex 13.1189 -7.76053 4.99999
      vertex 13.0136 -7.9832 4.99999
      vertex 13.854 -8.43239 4.81044
    endloop
  endfacet
  facet normal -0.116368 0.156878 0.980738
    outer loop
      vertex -12.7239 9.67927 4.81044
      vertex -12.9968 9.47684 4.81044
      vertex -12.3923 8.74025 4.99999
    endloop
  endfacet
  facet normal -0.131179 0.144723 0.980738
    outer loop
      vertex -12.3923 8.74025 4.99999
      vertex -12.9968 9.47684 4.81044
      vertex -12.5748 8.57483 4.99999
    endloop
  endfacet
  facet normal -0.668146 0.495408 0.555115
    outer loop
      vertex -14.1013 9.5093 4.27068
      vertex -14.7997 9.47254 3.46288
      vertex -14.3509 9.17267 4.27068
    endloop
  endfacet
  facet normal -0.713405 0.42767 0.555114
    outer loop
      vertex -14.3509 9.17267 4.27068
      vertex -14.7997 9.47254 3.46288
      vertex -14.5664 8.81319 4.27068
    endloop
  endfacet
  facet normal -0.616244 0.558635 0.555131
    outer loop
      vertex -13.8198 9.81983 4.27068
      vertex -14.2015 10.2015 3.46288
      vertex -14.1013 9.5093 4.27068
    endloop
  endfacet
  facet normal -0.411959 0.373447 0.83116
    outer loop
      vertex -13.8198 9.81983 4.27068
      vertex -14.1013 9.5093 4.27068
      vertex -13.2486 9.24862 4.81044
    endloop
  endfacet
  facet normal -0.787819 0.584247 0.194929
    outer loop
      vertex -14.6651 9.97196 2.51
      vertex -14.7997 9.47254 3.46288
      vertex -14.5185 9.85172 3.46288
    endloop
  endfacet
  facet normal -0.668118 0.495476 0.555087
    outer loop
      vertex -14.5185 9.85172 3.46288
      vertex -14.7997 9.47254 3.46288
      vertex -14.1013 9.5093 4.27068
    endloop
  endfacet
  facet normal -0.183896 0.0658086 0.98074
    outer loop
      vertex -13.9993 8.12518 4.81044
      vertex -14.1138 7.80522 4.81044
      vertex -13.1189 7.76053 4.99999
    endloop
  endfacet
  facet normal -0.0286609 0.193213 0.980738
    outer loop
      vertex -11.1394 10.2462 4.81044
      vertex -11.2897 9.26176 4.99999
      vertex -11.046 9.29791 4.99999
    endloop
  endfacet
  facet normal -0.0286777 0.193215 0.980737
    outer loop
      vertex -11.1394 10.2462 4.81044
      vertex -11.4756 10.1963 4.81044
      vertex -11.2897 9.26176 4.99999
    endloop
  endfacet
  facet normal 0.90398 0.427575 0
    outer loop
      vertex 15.4194 8.71342 2.51
      vertex 15.2096 9.15698 0
      vertex 15.2096 9.15698 2.51
    endloop
  endfacet
  facet normal 0.90398 0.427575 0
    outer loop
      vertex 15.2096 9.15698 0
      vertex 15.4194 8.71342 2.51
      vertex 15.4194 8.71342 0
    endloop
  endfacet
  facet normal 0.7519 0.355638 0.555129
    outer loop
      vertex 15.2443 8.64088 3.46288
      vertex 14.5664 8.81319 4.27068
      vertex 14.7456 8.43432 4.27068
    endloop
  endfacet
  facet normal 0.783164 0.280155 0.555128
    outer loop
      vertex 15.2443 8.64088 3.46288
      vertex 14.7456 8.43432 4.27068
      vertex 15.4033 8.1964 3.46288
    endloop
  endfacet
  facet normal 0.558632 0.616248 0.555129
    outer loop
      vertex 14.2015 10.2015 3.46288
      vertex 13.5093 10.1013 4.27068
      vertex 13.8198 9.81983 4.27068
    endloop
  endfacet
  facet normal 0.411959 0.373447 0.83116
    outer loop
      vertex 13.8198 9.81983 4.27068
      vertex 13.2486 9.24862 4.81044
      vertex 14.1013 9.5093 4.27068
    endloop
  endfacet
  facet normal 0.41199 0.373376 0.831176
    outer loop
      vertex 14.1013 9.5093 4.27068
      vertex 13.2486 9.24862 4.81044
      vertex 13.4768 8.99682 4.81044
    endloop
  endfacet
  facet normal 0.144732 0.131167 0.980739
    outer loop
      vertex 13.2486 9.24862 4.81044
      vertex 12.5748 8.57483 4.99999
      vertex 13.4768 8.99682 4.81044
    endloop
  endfacet
  facet normal 0.523527 0.187348 0.831156
    outer loop
      vertex 14.7456 8.43432 4.27068
      vertex 13.9993 8.12518 4.81044
      vertex 14.1138 7.80522 4.81044
    endloop
  endfacet
  facet normal 0.502653 0.237738 0.831156
    outer loop
      vertex 14.7456 8.43432 4.27068
      vertex 13.854 8.43239 4.81044
      vertex 13.9993 8.12518 4.81044
    endloop
  endfacet
  facet normal 0.476926 0.285906 0.831143
    outer loop
      vertex 14.3509 9.17267 4.27068
      vertex 13.6793 8.72387 4.81044
      vertex 14.5664 8.81319 4.27068
    endloop
  endfacet
  facet normal 0.713405 0.42767 0.555114
    outer loop
      vertex 14.7997 9.47254 3.46288
      vertex 14.3509 9.17267 4.27068
      vertex 14.5664 8.81319 4.27068
    endloop
  endfacet
  facet normal 0.550023 0.0815939 0.831154
    outer loop
      vertex 14.9886 7.63317 4.27068
      vertex 14.2462 7.13942 4.81044
      vertex 15.0501 7.2186 4.27068
    endloop
  endfacet
  facet normal 0.555368 0.0273306 0.831155
    outer loop
      vertex 15.0501 7.2186 4.27068
      vertex 14.2462 7.13942 4.81044
      vertex 15.0707 6.8 4.27068
    endloop
  endfacet
  facet normal 0.806859 0.202042 0.55512
    outer loop
      vertex 15.518 7.73847 3.46288
      vertex 14.8868 8.03971 4.27068
      vertex 14.9886 7.63317 4.27068
    endloop
  endfacet
  facet normal 0.806859 0.202098 0.555099
    outer loop
      vertex 15.4033 8.1964 3.46288
      vertex 14.8868 8.03971 4.27068
      vertex 15.518 7.73847 3.46288
    endloop
  endfacet
  facet normal 0.280236 0.783153 0.555102
    outer loop
      vertex 12.1964 11.4033 3.46288
      vertex 12.0397 10.8868 4.27068
      vertex 12.4343 10.7456 4.27068
    endloop
  endfacet
  facet normal 0.330351 0.923529 0.194841
    outer loop
      vertex 12.7134 11.4194 2.51
      vertex 12.1964 11.4033 3.46288
      vertex 12.6409 11.2443 3.46288
    endloop
  endfacet
  facet normal -0.830751 -0.0408826 0.555141
    outer loop
      vertex -15.0707 -6.8 4.27068
      vertex -15.5873 -7.27151 3.46288
      vertex -15.0501 -7.2186 4.27068
    endloop
  endfacet
  facet normal -0.830753 -0.0408761 0.555138
    outer loop
      vertex -15.0707 -6.8 4.27068
      vertex -15.6105 -6.8 3.46288
      vertex -15.5873 -7.27151 3.46288
    endloop
  endfacet
  facet normal -0.539392 0.135067 0.831151
    outer loop
      vertex -14.8868 8.03971 4.27068
      vertex -14.9886 7.63317 4.27068
      vertex -14.1138 7.80522 4.81044
    endloop
  endfacet
  facet normal -0.523538 0.187333 0.831152
    outer loop
      vertex -14.7456 8.43432 4.27068
      vertex -14.8868 8.03971 4.27068
      vertex -14.1138 7.80522 4.81044
    endloop
  endfacet
  facet normal -0.549997 0.0816447 0.831166
    outer loop
      vertex -14.1963 7.47557 4.81044
      vertex -14.9886 7.63317 4.27068
      vertex -14.2462 7.13942 4.81044
    endloop
  endfacet
  facet normal -0.193222 0.028683 0.980736
    outer loop
      vertex -14.1963 7.47557 4.81044
      vertex -14.2462 7.13942 4.81044
      vertex -13.2618 7.28967 4.99999
    endloop
  endfacet
  facet normal -0.195089 0.00959506 0.980739
    outer loop
      vertex -13.2979 7.04602 4.99999
      vertex -14.2462 7.13942 4.81044
      vertex -13.31 6.8 4.99999
    endloop
  endfacet
  facet normal 0.285888 -0.476923 0.831151
    outer loop
      vertex 13.1727 -10.3509 4.27068
      vertex 12.7239 -9.67927 4.81044
      vertex 12.8132 -10.5664 4.27068
    endloop
  endfacet
  facet normal 0.427661 -0.71343 0.555088
    outer loop
      vertex 13.1727 -10.3509 4.27068
      vertex 12.8132 -10.5664 4.27068
      vertex 13.4725 -10.7997 3.46288
    endloop
  endfacet
  facet normal 0.0835007 -0.17658 0.980738
    outer loop
      vertex 11.9832 -9.01362 4.99999
      vertex 11.7605 -9.11893 4.99999
      vertex 12.4324 -9.85398 4.81044
    endloop
  endfacet
  facet normal 0.0658047 -0.183901 0.98074
    outer loop
      vertex 11.7605 -9.11893 4.99999
      vertex 11.5286 -9.20191 4.99999
      vertex 11.8052 -10.1138 4.81044
    endloop
  endfacet
  facet normal 0.187337 -0.523535 0.831153
    outer loop
      vertex 12.4343 -10.7456 4.27068
      vertex 11.8052 -10.1138 4.81044
      vertex 12.0397 -10.8868 4.27068
    endloop
  endfacet
  facet normal 0.280236 -0.783153 0.555102
    outer loop
      vertex 12.4343 -10.7456 4.27068
      vertex 12.0397 -10.8868 4.27068
      vertex 12.1964 -11.4033 3.46288
    endloop
  endfacet
  facet normal 0.555368 -0.0273306 0.831155
    outer loop
      vertex 15.0707 -6.8 4.27068
      vertex 14.2462 -7.13942 4.81044
      vertex 15.0501 -7.2186 4.27068
    endloop
  endfacet
  facet normal 0.550023 -0.0815939 0.831154
    outer loop
      vertex 15.0501 -7.2186 4.27068
      vertex 14.2462 -7.13942 4.81044
      vertex 14.9886 -7.63317 4.27068
    endloop
  endfacet
  facet normal 0.523538 -0.187333 0.831152
    outer loop
      vertex 14.8868 -8.03971 4.27068
      vertex 14.1138 -7.80522 4.81044
      vertex 14.7456 -8.43432 4.27068
    endloop
  endfacet
  facet normal 0.783157 -0.28023 0.5551
    outer loop
      vertex 14.8868 -8.03971 4.27068
      vertex 14.7456 -8.43432 4.27068
      vertex 15.4033 -8.1964 3.46288
    endloop
  endfacet
  facet normal -0.446667 0.331189 0.831145
    outer loop
      vertex -14.1013 9.5093 4.27068
      vertex -14.3509 9.17267 4.27068
      vertex -13.6793 8.72387 4.81044
    endloop
  endfacet
  facet normal -0.476926 0.285906 0.831143
    outer loop
      vertex -14.3509 9.17267 4.27068
      vertex -14.5664 8.81319 4.27068
      vertex -13.6793 8.72387 4.81044
    endloop
  endfacet
  facet normal -0.16755 0.100397 0.980738
    outer loop
      vertex -12.887 8.19448 4.99999
      vertex -13.6793 8.72387 4.81044
      vertex -13.0136 7.9832 4.99999
    endloop
  endfacet
  facet normal -0.176565 0.0835092 0.98074
    outer loop
      vertex -13.854 8.43239 4.81044
      vertex -13.9993 8.12518 4.81044
      vertex -13.1189 7.76053 4.99999
    endloop
  endfacet
  facet normal 0.373444 0.41196 0.831161
    outer loop
      vertex 13.5093 10.1013 4.27068
      vertex 13.2486 9.24862 4.81044
      vertex 13.8198 9.81983 4.27068
    endloop
  endfacet
  facet normal 0.3734 0.41198 0.831171
    outer loop
      vertex 13.5093 10.1013 4.27068
      vertex 12.9968 9.47684 4.81044
      vertex 13.2486 9.24862 4.81044
    endloop
  endfacet
  facet normal 0.355761 0.751874 0.555085
    outer loop
      vertex 13.0676 11.0424 3.46288
      vertex 12.6409 11.2443 3.46288
      vertex 12.8132 10.5664 4.27068
    endloop
  endfacet
  facet normal 0.427645 0.713447 0.55508
    outer loop
      vertex 13.0676 11.0424 3.46288
      vertex 12.8132 10.5664 4.27068
      vertex 13.4725 10.7997 3.46288
    endloop
  endfacet
  facet normal 0.33042 0.923496 0.194878
    outer loop
      vertex 12.2514 11.5847 2.51
      vertex 12.1964 11.4033 3.46288
      vertex 12.7134 11.4194 2.51
    endloop
  endfacet
  facet normal 0.238309 0.951436 0.19488
    outer loop
      vertex 12.2514 11.5847 2.51
      vertex 11.7755 11.7039 2.51
      vertex 12.1964 11.4033 3.46288
    endloop
  endfacet
  facet normal -0.806859 -0.202098 0.555099
    outer loop
      vertex -14.8868 -8.03971 4.27068
      vertex -15.518 -7.73847 3.46288
      vertex -15.4033 -8.1964 3.46288
    endloop
  endfacet
  facet normal -0.806859 -0.202042 0.55512
    outer loop
      vertex -14.9886 -7.63317 4.27068
      vertex -15.518 -7.73847 3.46288
      vertex -14.8868 -8.03971 4.27068
    endloop
  endfacet
  facet normal -0.783157 0.28023 0.5551
    outer loop
      vertex -14.7456 8.43432 4.27068
      vertex -15.4033 8.1964 3.46288
      vertex -14.8868 8.03971 4.27068
    endloop
  endfacet
  facet normal -0.806859 0.202098 0.555099
    outer loop
      vertex -15.4033 8.1964 3.46288
      vertex -15.518 7.73847 3.46288
      vertex -14.8868 8.03971 4.27068
    endloop
  endfacet
  facet normal 0.156897 -0.11634 0.980739
    outer loop
      vertex 12.887 -8.19448 4.99999
      vertex 12.7403 -8.39232 4.99999
      vertex 13.6793 -8.72387 4.81044
    endloop
  endfacet
  facet normal 0.16755 -0.100397 0.980738
    outer loop
      vertex 13.0136 -7.9832 4.99999
      vertex 12.887 -8.19448 4.99999
      vertex 13.6793 -8.72387 4.81044
    endloop
  endfacet
  facet normal 0.502652 -0.237747 0.831154
    outer loop
      vertex 14.7456 -8.43432 4.27068
      vertex 13.854 -8.43239 4.81044
      vertex 14.5664 -8.81319 4.27068
    endloop
  endfacet
  facet normal 0.7519 -0.355638 0.555129
    outer loop
      vertex 14.7456 -8.43432 4.27068
      vertex 14.5664 -8.81319 4.27068
      vertex 15.2443 -8.64088 3.46288
    endloop
  endfacet
  facet normal -0.176572 0.0835006 0.980739
    outer loop
      vertex -13.0136 7.9832 4.99999
      vertex -13.854 8.43239 4.81044
      vertex -13.1189 7.76053 4.99999
    endloop
  endfacet
  facet normal -1 0 0
    outer loop
      vertex 10 -7.8 0
      vertex 10 -6.43034 0.389999
      vertex 10 -6.43034 0
    endloop
  endfacet
  facet normal -1 -0 0
    outer loop
      vertex 10 -6.43034 0.389999
      vertex 10 -7.8 0
      vertex 10 -7.8 0.389999
    endloop
  endfacet
  facet normal -1 0 0
    outer loop
      vertex 10 6.43034 0
      vertex 10 7.8 0.389999
      vertex 10 7.8 0
    endloop
  endfacet
  facet normal -1 -0 0
    outer loop
      vertex 10 7.8 0.389999
      vertex 10 6.43034 0
      vertex 10 6.43034 0.389999
    endloop
  endfacet
  facet normal -1 0 0
    outer loop
      vertex 10 -3.36966 0
      vertex 10 3.36966 0.389999
      vertex 10 3.36966 0
    endloop
  endfacet
  facet normal -1 -0 0
    outer loop
      vertex 10 3.36966 0.389999
      vertex 10 -3.36966 0
      vertex 10 -3.36966 0.389999
    endloop
  endfacet
  facet normal 1 -0 0
    outer loop
      vertex -10 -7.8 0.389999
      vertex -10 -6.43034 0
      vertex -10 -6.43034 0.389999
    endloop
  endfacet
  facet normal 1 0 0
    outer loop
      vertex -10 -6.43034 0
      vertex -10 -7.8 0.389999
      vertex -10 -7.8 0
    endloop
  endfacet
  facet normal 1 -0 0
    outer loop
      vertex -10 6.43034 0.389999
      vertex -10 7.8 0
      vertex -10 7.8 0.389999
    endloop
  endfacet
  facet normal 1 0 0
    outer loop
      vertex -10 7.8 0
      vertex -10 6.43034 0.389999
      vertex -10 6.43034 0
    endloop
  endfacet
  facet normal 1 -0 0
    outer loop
      vertex -10 -3.36966 0.389999
      vertex -10 3.36966 0
      vertex -10 3.36966 0.389999
    endloop
  endfacet
  facet normal 1 0 0
    outer loop
      vertex -10 3.36966 0
      vertex -10 -3.36966 0.389999
      vertex -10 -3.36966 0
    endloop
  endfacet
  facet normal 0 1 -0
    outer loop
      vertex 10 -7.8 0
      vertex -10 -7.8 0.389999
      vertex 10 -7.8 0.389999
    endloop
  endfacet
  facet normal 0 1 0
    outer loop
      vertex -10 -7.8 0.389999
      vertex 10 -7.8 0
      vertex -10 -7.8 0
    endloop
  endfacet
  facet normal 0 -1 0
    outer loop
      vertex -10 7.8 0
      vertex 10 7.8 0.389999
      vertex -10 7.8 0.389999
    endloop
  endfacet
  facet normal 0 -1 -0
    outer loop
      vertex 10 7.8 0.389999
      vertex -10 7.8 0
      vertex 10 7.8 0
    endloop
  endfacet
  facet normal 0 0 -1
    outer loop
      vertex 10 -7.8 0.389999
      vertex 9.84999 -6.54545 0.389999
      vertex 10 -6.43034 0.389999
    endloop
  endfacet
  facet normal 0 0 -1
    outer loop
      vertex 10 -7.8 0.389999
      vertex 9.39175 -6.73525 0.389999
      vertex 9.84999 -6.54545 0.389999
    endloop
  endfacet
  facet normal 0 0 -1
    outer loop
      vertex 10 -7.8 0.389999
      vertex 8.89999 -6.79999 0.389999
      vertex 9.39175 -6.73525 0.389999
    endloop
  endfacet
  facet normal 0 0 -1
    outer loop
      vertex 10 -7.8 0.389999
      vertex -8.89999 -6.79999 0.389999
      vertex 8.89999 -6.79999 0.389999
    endloop
  endfacet
  facet normal 0 0 -1
    outer loop
      vertex -10 -7.8 0.389999
      vertex -8.89999 -6.79999 0.389999
      vertex 10 -7.8 0.389999
    endloop
  endfacet
  facet normal 0 0 -1
    outer loop
      vertex -10 -7.8 0.389999
      vertex -9.39175 -6.73525 0.389999
      vertex -8.89999 -6.79999 0.389999
    endloop
  endfacet
  facet normal 0 0 -1
    outer loop
      vertex -10 -7.8 0.389999
      vertex -9.84999 -6.54545 0.389999
      vertex -9.39175 -6.73525 0.389999
    endloop
  endfacet
  facet normal -0 0 -1
    outer loop
      vertex -9.84999 -6.54545 0.389999
      vertex -10 -7.8 0.389999
      vertex -10 -6.43034 0.389999
    endloop
  endfacet
  facet normal 0 0 -1
    outer loop
      vertex 9.84999 6.54545 0.389999
      vertex 10 7.8 0.389999
      vertex 10 6.43034 0.389999
    endloop
  endfacet
  facet normal 0 0 -1
    outer loop
      vertex 9.39175 6.73525 0.389999
      vertex 10 7.8 0.389999
      vertex 9.84999 6.54545 0.389999
    endloop
  endfacet
  facet normal 0 0 -1
    outer loop
      vertex 8.89999 6.79999 0.389999
      vertex 10 7.8 0.389999
      vertex 9.39175 6.73525 0.389999
    endloop
  endfacet
  facet normal 0 0 -1
    outer loop
      vertex -8.89999 6.79999 0.389999
      vertex 10 7.8 0.389999
      vertex 8.89999 6.79999 0.389999
    endloop
  endfacet
  facet normal 0 0 -1
    outer loop
      vertex -8.89999 6.79999 0.389999
      vertex -10 7.8 0.389999
      vertex 10 7.8 0.389999
    endloop
  endfacet
  facet normal 0 0 -1
    outer loop
      vertex -9.39175 6.73525 0.389999
      vertex -10 7.8 0.389999
      vertex -8.89999 6.79999 0.389999
    endloop
  endfacet
  facet normal 0 0 -1
    outer loop
      vertex -9.84999 6.54545 0.389999
      vertex -10 7.8 0.389999
      vertex -9.39175 6.73525 0.389999
    endloop
  endfacet
  facet normal 0 0 -1
    outer loop
      vertex -10 7.8 0.389999
      vertex -9.84999 6.54545 0.389999
      vertex -10 6.43034 0.389999
    endloop
  endfacet
  facet normal 0 0 -1
    outer loop
      vertex 9.84999 -3.25455 0.389999
      vertex 10 3.36966 0.389999
      vertex 10 -3.36966 0.389999
    endloop
  endfacet
  facet normal 0 0 -1
    outer loop
      vertex 9.84999 -3.25455 0.389999
      vertex 9.84999 3.25455 0.389999
      vertex 10 3.36966 0.389999
    endloop
  endfacet
  facet normal 0 0 -1
    outer loop
      vertex 9.39175 -3.06475 0.389999
      vertex 9.84999 3.25455 0.389999
      vertex 9.84999 -3.25455 0.389999
    endloop
  endfacet
  facet normal 0 0 -1
    outer loop
      vertex 9.39175 -3.06475 0.389999
      vertex 9.39175 3.06475 0.389999
      vertex 9.84999 3.25455 0.389999
    endloop
  endfacet
  facet normal 0 0 -1
    outer loop
      vertex 8.89999 -3.00001 0.389999
      vertex 9.39175 3.06475 0.389999
      vertex 9.39175 -3.06475 0.389999
    endloop
  endfacet
  facet normal 0 0 -1
    outer loop
      vertex 8.89999 -3.00001 0.389999
      vertex 8.89999 3.00001 0.389999
      vertex 9.39175 3.06475 0.389999
    endloop
  endfacet
  facet normal 0 0 -1
    outer loop
      vertex -8.89999 -3.00001 0.389999
      vertex 8.89999 3.00001 0.389999
      vertex 8.89999 -3.00001 0.389999
    endloop
  endfacet
  facet normal 0 0 -1
    outer loop
      vertex -8.89999 -3.00001 0.389999
      vertex -8.89999 3.00001 0.389999
      vertex 8.89999 3.00001 0.389999
    endloop
  endfacet
  facet normal 0 0 -1
    outer loop
      vertex -9.39175 -3.06475 0.389999
      vertex -8.89999 3.00001 0.389999
      vertex -8.89999 -3.00001 0.389999
    endloop
  endfacet
  facet normal 0 0 -1
    outer loop
      vertex -9.39175 -3.06475 0.389999
      vertex -9.39175 3.06475 0.389999
      vertex -8.89999 3.00001 0.389999
    endloop
  endfacet
  facet normal 0 0 -1
    outer loop
      vertex -9.84999 -3.25455 0.389999
      vertex -9.39175 3.06475 0.389999
      vertex -9.39175 -3.06475 0.389999
    endloop
  endfacet
  facet normal 0 0 -1
    outer loop
      vertex -9.84999 -3.25455 0.389999
      vertex -9.84999 3.25455 0.389999
      vertex -9.39175 3.06475 0.389999
    endloop
  endfacet
  facet normal 0 0 -1
    outer loop
      vertex -10 -3.36966 0.389999
      vertex -9.84999 3.25455 0.389999
      vertex -9.84999 -3.25455 0.389999
    endloop
  endfacet
  facet normal -0 0 -1
    outer loop
      vertex -9.84999 3.25455 0.389999
      vertex -10 -3.36966 0.389999
      vertex -10 3.36966 0.389999
    endloop
  endfacet
endsolid OpenSCAD_Model
