solid OpenSCAD_Model
  facet normal -1 0 0
    outer loop
      vertex -53.794 27.2613 16.2941
      vertex -53.794 25.8729 17.5658
      vertex -53.794 26.8462 16.9155
    endloop
  endfacet
  facet normal -1 0 0
    outer loop
      vertex -53.794 27.2613 16.2941
      vertex -53.794 24.7248 17.7941
      vertex -53.794 25.8729 17.5658
    endloop
  endfacet
  facet normal -1 0 0
    outer loop
      vertex -53.794 27.2613 16.2941
      vertex -53.794 16.8441 17.7941
      vertex -53.794 24.7248 17.7941
    endloop
  endfacet
  facet normal -1 0 0
    outer loop
      vertex -53.794 14.3076 16.2941
      vertex -53.794 16.8441 17.7941
      vertex -53.794 27.2613 16.2941
    endloop
  endfacet
  facet normal -1 0 0
    outer loop
      vertex -53.794 16.8441 17.7941
      vertex -53.794 14.3076 16.2941
      vertex -53.794 15.6961 17.5658
    endloop
  endfacet
  facet normal -1 0 0
    outer loop
      vertex -53.794 15.6961 17.5658
      vertex -53.794 14.3076 16.2941
      vertex -53.794 14.7228 16.9155
    endloop
  endfacet
  facet normal -0.487426 0 0.873164
    outer loop
      vertex -53.794 16.8441 17.7941
      vertex -53.4325 26.4076 17.9959
      vertex -53.794 24.7248 17.7941
    endloop
  endfacet
  facet normal -0.487426 0 0.873164
    outer loop
      vertex -53.4325 26.4076 17.9959
      vertex -53.794 16.8441 17.7941
      vertex -53.4325 14.9283 17.9959
    endloop
  endfacet
  facet normal -0.972592 0.193348 0.129157
    outer loop
      vertex -53.794 26.8462 16.9155
      vertex -53.6654 27.8639 16.3604
      vertex -53.784 27.3116 16.2941
    endloop
  endfacet
  facet normal -0.972589 0.193358 0.129164
    outer loop
      vertex -53.794 26.8462 16.9155
      vertex -53.784 27.3116 16.2941
      vertex -53.794 27.2613 16.2941
    endloop
  endfacet
  facet normal -0.972556 0.193426 0.129308
    outer loop
      vertex -53.6654 27.8639 16.3604
      vertex -53.794 26.8462 16.9155
      vertex -53.4325 28.529 17.1172
    endloop
  endfacet
  facet normal -0.972552 0.193484 0.129257
    outer loop
      vertex -53.4325 28.9478 16.4903
      vertex -53.6654 27.8639 16.3604
      vertex -53.4325 28.529 17.1172
    endloop
  endfacet
  facet normal -0.959559 -0.156408 0.234059
    outer loop
      vertex -53.4325 13.7803 17.7676
      vertex -53.794 15.6961 17.5658
      vertex -53.4325 12.807 17.1172
    endloop
  endfacet
  facet normal -0.845161 -0.104256 0.524246
    outer loop
      vertex -53.794 15.6961 17.5658
      vertex -53.4325 14.9283 17.9959
      vertex -53.794 16.8441 17.7941
    endloop
  endfacet
  facet normal -0.845161 -0.104256 0.524246
    outer loop
      vertex -53.4325 14.9283 17.9959
      vertex -53.794 15.6961 17.5658
      vertex -53.4325 13.7803 17.7676
    endloop
  endfacet
  facet normal -0.978246 -0.17245 0.115305
    outer loop
      vertex -53.5612 13.0699 16.4185
      vertex -53.4325 12.807 17.1172
      vertex -53.794 14.7228 16.9155
    endloop
  endfacet
  facet normal -0.978238 -0.172517 0.115278
    outer loop
      vertex -53.4325 12.807 17.1172
      vertex -53.5612 13.0699 16.4185
      vertex -53.4325 12.3881 16.4903
    endloop
  endfacet
  facet normal -0.978236 -0.172528 0.115278
    outer loop
      vertex -53.784 14.2509 16.2941
      vertex -53.794 14.7228 16.9155
      vertex -53.794 14.3076 16.2941
    endloop
  endfacet
  facet normal -0.978265 -0.172419 0.115195
    outer loop
      vertex -53.794 14.7228 16.9155
      vertex -53.784 14.2509 16.2941
      vertex -53.5612 13.0699 16.4185
    endloop
  endfacet
  facet normal -0.959547 -0.156414 0.234104
    outer loop
      vertex -53.794 15.6961 17.5658
      vertex -53.794 14.7228 16.9155
      vertex -53.4325 12.807 17.1172
    endloop
  endfacet
  facet normal -0.824196 0.110447 0.55543
    outer loop
      vertex -53.794 25.8729 17.5658
      vertex -53.4325 26.4076 17.9959
      vertex -53.4325 27.5557 17.7676
    endloop
  endfacet
  facet normal -0.824196 0.110447 0.55543
    outer loop
      vertex -53.4325 26.4076 17.9959
      vertex -53.794 25.8729 17.5658
      vertex -53.794 24.7248 17.7941
    endloop
  endfacet
  facet normal -0.950245 0.173073 0.258998
    outer loop
      vertex -53.4325 28.529 17.1172
      vertex -53.794 25.8729 17.5658
      vertex -53.4325 27.5557 17.7676
    endloop
  endfacet
  facet normal -0.95023 0.17308 0.259047
    outer loop
      vertex -53.794 26.8462 16.9155
      vertex -53.794 25.8729 17.5658
      vertex -53.4325 28.529 17.1172
    endloop
  endfacet
  facet normal -0.479425 0 0.877583
    outer loop
      vertex -53.4325 14.9283 17.9959
      vertex -52.0384 28.1472 18.7575
      vertex -53.4325 26.4076 17.9959
    endloop
  endfacet
  facet normal -0.479425 0 0.877583
    outer loop
      vertex -52.0384 28.1472 18.7575
      vertex -53.4325 14.9283 17.9959
      vertex -52.0384 12.3093 18.7575
    endloop
  endfacet
  facet normal -0.801674 0.497046 0.332061
    outer loop
      vertex -53.4225 28.9602 16.4959
      vertex -53.4325 28.529 17.1172
      vertex -52.5347 30.0681 16.9809
    endloop
  endfacet
  facet normal -0.801895 0.496804 0.331889
    outer loop
      vertex -53.4325 28.529 17.1172
      vertex -53.4225 28.9602 16.4959
      vertex -53.4325 28.9478 16.4903
    endloop
  endfacet
  facet normal -0.80167 0.497005 0.33213
    outer loop
      vertex -52.5347 30.0681 16.9809
      vertex -52.0384 30.2686 17.8788
      vertex -52.0384 30.6874 17.2521
    endloop
  endfacet
  facet normal -0.801656 0.49704 0.332114
    outer loop
      vertex -52.0384 30.2686 17.8788
      vertex -52.5347 30.0681 16.9809
      vertex -53.4325 28.529 17.1172
    endloop
  endfacet
  facet normal -0.614629 0.153844 0.773669
    outer loop
      vertex -53.4325 27.5557 17.7676
      vertex -52.0384 28.1472 18.7575
      vertex -52.0384 29.2953 18.5292
    endloop
  endfacet
  facet normal -0.614629 0.153844 0.773669
    outer loop
      vertex -52.0384 28.1472 18.7575
      vertex -53.4325 27.5557 17.7676
      vertex -53.4325 26.4076 17.9959
    endloop
  endfacet
  facet normal -0.753904 0.365025 0.546246
    outer loop
      vertex -53.4325 28.529 17.1172
      vertex -52.0384 29.2953 18.5292
      vertex -52.0384 30.2686 17.8788
    endloop
  endfacet
  facet normal -0.753904 0.365025 0.546246
    outer loop
      vertex -52.0384 29.2953 18.5292
      vertex -53.4325 28.529 17.1172
      vertex -53.4325 27.5557 17.7676
    endloop
  endfacet
  facet normal -0.881405 -0.392749 0.262438
    outer loop
      vertex -53.4225 12.3694 16.4959
      vertex -53.4325 12.807 17.1172
      vertex -53.4325 12.3881 16.4903
    endloop
  endfacet
  facet normal -0.881367 -0.392806 0.262479
    outer loop
      vertex -52.9362 11.4558 16.7616
      vertex -53.4325 12.807 17.1172
      vertex -53.4225 12.3694 16.4959
    endloop
  endfacet
  facet normal -0.881356 -0.392811 0.26251
    outer loop
      vertex -53.4325 12.807 17.1172
      vertex -52.9362 11.4558 16.7616
      vertex -52.0384 10.188 17.8788
    endloop
  endfacet
  facet normal -0.881357 -0.392799 0.262524
    outer loop
      vertex -52.0384 10.188 17.8788
      vertex -52.9362 11.4558 16.7616
      vertex -52.0384 9.76915 17.2521
    endloop
  endfacet
  facet normal -0.831715 -0.308474 0.46162
    outer loop
      vertex -53.4325 12.807 17.1172
      vertex -52.0384 11.1612 18.5292
      vertex -53.4325 13.7803 17.7676
    endloop
  endfacet
  facet normal -0.831719 -0.308493 0.461601
    outer loop
      vertex -52.0384 11.1612 18.5292
      vertex -53.4325 12.807 17.1172
      vertex -52.0384 10.188 17.8788
    endloop
  endfacet
  facet normal -0.66988 -0.144817 0.728209
    outer loop
      vertex -53.4325 13.7803 17.7676
      vertex -52.0384 12.3093 18.7575
      vertex -53.4325 14.9283 17.9959
    endloop
  endfacet
  facet normal -0.669874 -0.144806 0.728217
    outer loop
      vertex -52.0384 12.3093 18.7575
      vertex -53.4325 13.7803 17.7676
      vertex -52.0384 11.1612 18.5292
    endloop
  endfacet
  facet normal -0.690869 -0.401701 0.601113
    outer loop
      vertex -49.8501 9.10894 19.6728
      vertex -52.0384 11.1612 18.5292
      vertex -49.8501 8.13567 19.0224
    endloop
  endfacet
  facet normal -0.570965 -0.160116 0.805209
    outer loop
      vertex -52.0384 12.3093 18.7575
      vertex -52.0384 11.1612 18.5292
      vertex -49.8501 10.257 19.9011
    endloop
  endfacet
  facet normal -0.570966 -0.160121 0.805207
    outer loop
      vertex -49.8501 10.257 19.9011
      vertex -52.0384 11.1612 18.5292
      vertex -49.8501 9.10894 19.6728
    endloop
  endfacet
  facet normal -0.494173 0.722803 0.483061
    outer loop
      vertex -49.8501 31.419 18.3959
      vertex -51.2588 30.9479 17.6597
      vertex -49.8501 31.0003 19.0224
    endloop
  endfacet
  facet normal -0.463164 0 0.886273
    outer loop
      vertex -52.0384 28.1472 18.7575
      vertex -49.8501 13.9075 19.9011
      vertex -49.8501 28.879 19.9011
    endloop
  endfacet
  facet normal -0.463216 -1.02334e-05 0.886245
    outer loop
      vertex -49.8501 13.9075 19.9011
      vertex -52.0384 28.1472 18.7575
      vertex -50.0485 13.7552 19.7974
    endloop
  endfacet
  facet normal -0.463158 0 0.886276
    outer loop
      vertex -52.0384 12.3093 18.7575
      vertex -50.0485 13.7552 19.7974
      vertex -52.0384 28.1472 18.7575
    endloop
  endfacet
  facet normal -0.463424 0.000465394 0.886137
    outer loop
      vertex -50.0485 13.7552 19.7974
      vertex -52.0384 12.3093 18.7575
      vertex -50.2392 13.5067 19.6978
    endloop
  endfacet
  facet normal -0.463097 -0.000159432 0.886308
    outer loop
      vertex -50.2392 13.5067 19.6978
      vertex -52.0384 12.3093 18.7575
      vertex -50.3591 13.2172 19.6351
    endloop
  endfacet
  facet normal -0.463222 0 0.886242
    outer loop
      vertex -50.0485 12.0581 19.7974
      vertex -49.8501 10.257 19.9011
      vertex -49.8501 11.9058 19.9011
    endloop
  endfacet
  facet normal -0.463181 -0.000227901 0.886264
    outer loop
      vertex -52.0384 12.3093 18.7575
      vertex -50.0485 12.0581 19.7974
      vertex -50.2392 12.3067 19.6978
    endloop
  endfacet
  facet normal -0.46318 0.000115591 0.886264
    outer loop
      vertex -52.0384 12.3093 18.7575
      vertex -50.2392 12.3067 19.6978
      vertex -50.3591 12.5961 19.6351
    endloop
  endfacet
  facet normal -0.463157 9.14571e-06 0.886276
    outer loop
      vertex -50.0485 12.0581 19.7974
      vertex -52.0384 12.3093 18.7575
      vertex -49.8501 10.257 19.9011
    endloop
  endfacet
  facet normal -0.463174 7.17561e-05 0.886267
    outer loop
      vertex -50.4 12.9067 19.6137
      vertex -52.0384 12.3093 18.7575
      vertex -50.3591 12.5961 19.6351
    endloop
  endfacet
  facet normal -0.463131 -7.9023e-05 0.88629
    outer loop
      vertex -50.3591 13.2172 19.6351
      vertex -52.0384 12.3093 18.7575
      vertex -50.4 12.9067 19.6137
    endloop
  endfacet
  facet normal -0.690882 -0.401714 0.601089
    outer loop
      vertex -52.0384 11.1612 18.5292
      vertex -52.0384 10.188 17.8788
      vertex -49.8501 8.13567 19.0224
    endloop
  endfacet
  facet normal -0.500281 0.168871 0.849236
    outer loop
      vertex -52.0384 29.2953 18.5292
      vertex -52.0384 28.1472 18.7575
      vertex -49.8501 28.879 19.9011
    endloop
  endfacet
  facet normal -0.494125 0.722872 0.483008
    outer loop
      vertex -51.2588 30.9479 17.6597
      vertex -52.0384 30.2686 17.8788
      vertex -49.8501 31.0003 19.0224
    endloop
  endfacet
  facet normal -0.494112 0.722865 0.483032
    outer loop
      vertex -52.0284 30.6906 17.2575
      vertex -52.0384 30.2686 17.8788
      vertex -51.2588 30.9479 17.6597
    endloop
  endfacet
  facet normal -0.492635 0.723547 0.483519
    outer loop
      vertex -52.0384 30.2686 17.8788
      vertex -52.0284 30.6906 17.2575
      vertex -52.0384 30.6874 17.2521
    endloop
  endfacet
  facet normal -0.730791 -0.56738 0.379506
    outer loop
      vertex -49.8501 8.13567 19.0224
      vertex -50.6414 8.46272 17.9876
      vertex -50.5051 8.33131 18.0536
    endloop
  endfacet
  facet normal -0.730649 -0.567704 0.379295
    outer loop
      vertex -50.6414 8.46272 17.9876
      vertex -49.8501 8.13567 19.0224
      vertex -52.0384 10.188 17.8788
    endloop
  endfacet
  facet normal -0.730638 -0.567688 0.379341
    outer loop
      vertex -49.8501 8.13567 19.0224
      vertex -50.5051 8.33131 18.0536
      vertex -49.8501 7.71703 18.3959
    endloop
  endfacet
  facet normal -0.730643 -0.567709 0.379299
    outer loop
      vertex -52.0284 9.75993 17.2575
      vertex -51.1 8.88925 17.7427
      vertex -51.1 8.90455 17.7656
    endloop
  endfacet
  facet normal -0.729521 -0.568648 0.380051
    outer loop
      vertex -52.0284 9.75993 17.2575
      vertex -52.0384 10.188 17.8788
      vertex -52.0384 9.76915 17.2521
    endloop
  endfacet
  facet normal -0.730641 -0.567671 0.37936
    outer loop
      vertex -51.1 8.90455 17.7656
      vertex -52.0384 10.188 17.8788
      vertex -52.0284 9.75993 17.2575
    endloop
  endfacet
  facet normal -0.730593 -0.567647 0.379488
    outer loop
      vertex -52.0384 10.188 17.8788
      vertex -51.1 8.90455 17.7656
      vertex -50.6414 8.46272 17.9876
    endloop
  endfacet
  facet normal -0.500281 0.168871 0.849236
    outer loop
      vertex -49.8501 30.0271 19.6728
      vertex -52.0384 29.2953 18.5292
      vertex -49.8501 28.879 19.9011
    endloop
  endfacet
  facet normal -0.527132 0.472179 0.706526
    outer loop
      vertex -49.8501 31.0003 19.0224
      vertex -52.0384 29.2953 18.5292
      vertex -49.8501 30.0271 19.6728
    endloop
  endfacet
  facet normal -0.527117 0.472151 0.706556
    outer loop
      vertex -52.0384 30.2686 17.8788
      vertex -52.0384 29.2953 18.5292
      vertex -49.8501 31.0003 19.0224
    endloop
  endfacet
  facet normal -0.180866 0.817745 0.546425
    outer loop
      vertex -47.8 31.1936 19.4117
      vertex -49.8501 31.0003 19.0224
      vertex -47.8 30.7751 20.038
    endloop
  endfacet
  facet normal -0.180869 0.817727 0.546452
    outer loop
      vertex -49.8401 31.4177 18.4011
      vertex -49.8501 31.0003 19.0224
      vertex -47.8 31.1936 19.4117
    endloop
  endfacet
  facet normal -0.177966 0.818145 0.546779
    outer loop
      vertex -49.8501 31.0003 19.0224
      vertex -49.8401 31.4177 18.4011
      vertex -49.8501 31.419 18.3959
    endloop
  endfacet
  facet normal -0.550519 -0.694125 0.46381
    outer loop
      vertex -49.8501 8.13567 19.0224
      vertex -49.8401 7.71259 18.4011
      vertex -48.5309 7.10757 19.0496
    endloop
  endfacet
  facet normal -0.549721 -0.694553 0.464115
    outer loop
      vertex -49.8401 7.71259 18.4011
      vertex -49.8501 8.13567 19.0224
      vertex -49.8501 7.71703 18.3959
    endloop
  endfacet
  facet normal -0.443985 0 0.896034
    outer loop
      vertex -47.8 28.6538 20.9167
      vertex -48 12.9067 20.8176
      vertex -47.8 9.30958 20.9167
    endloop
  endfacet
  facet normal -0.444531 8.63852e-06 0.895763
    outer loop
      vertex -47.8 28.6538 20.9167
      vertex -48.0409 13.2172 20.7973
      vertex -48 12.9067 20.8176
    endloop
  endfacet
  facet normal -0.443928 -3.07927e-06 0.896062
    outer loop
      vertex -47.8 28.6538 20.9167
      vertex -48.1608 13.5067 20.7379
      vertex -48.0409 13.2172 20.7973
    endloop
  endfacet
  facet normal -0.44365 -1.13266e-05 0.8962
    outer loop
      vertex -47.8 28.6538 20.9167
      vertex -48.3515 13.7552 20.6435
      vertex -48.1608 13.5067 20.7379
    endloop
  endfacet
  facet normal -0.443893 -1.29441e-07 0.89608
    outer loop
      vertex -47.8 28.6538 20.9167
      vertex -48.6 13.9459 20.5204
      vertex -48.3515 13.7552 20.6435
    endloop
  endfacet
  facet normal -0.443989 6.33673e-06 0.896032
    outer loop
      vertex -47.8 28.6538 20.9167
      vertex -48.8894 14.0658 20.377
      vertex -48.6 13.9459 20.5204
    endloop
  endfacet
  facet normal -0.443979 5.4519e-06 0.896037
    outer loop
      vertex -47.8 28.6538 20.9167
      vertex -49.2 14.1067 20.2231
      vertex -48.8894 14.0658 20.377
    endloop
  endfacet
  facet normal -0.443906 -3.2515e-06 0.896073
    outer loop
      vertex -49.8501 28.879 19.9011
      vertex -49.2 14.1067 20.2231
      vertex -47.8 28.6538 20.9167
    endloop
  endfacet
  facet normal -0.443749 5.40231e-06 0.896151
    outer loop
      vertex -49.2 14.1067 20.2231
      vertex -49.8501 28.879 19.9011
      vertex -49.5106 14.0658 20.0693
    endloop
  endfacet
  facet normal -0.44399 -1.49489e-06 0.896032
    outer loop
      vertex -49.5106 14.0658 20.0693
      vertex -49.8501 28.879 19.9011
      vertex -49.8 13.9459 19.9259
    endloop
  endfacet
  facet normal -0.443632 0 0.896209
    outer loop
      vertex -49.8 13.9459 19.9259
      vertex -49.8501 28.879 19.9011
      vertex -49.8501 13.9075 19.9011
    endloop
  endfacet
  facet normal -0.444406 -2.91556e-05 0.895826
    outer loop
      vertex -48.0409 12.5961 20.7973
      vertex -47.8 9.30958 20.9167
      vertex -48 12.9067 20.8176
    endloop
  endfacet
  facet normal -0.443947 1.27519e-05 0.896053
    outer loop
      vertex -48.1608 12.3067 20.7379
      vertex -47.8 9.30958 20.9167
      vertex -48.0409 12.5961 20.7973
    endloop
  endfacet
  facet normal -0.443692 5.10131e-05 0.896179
    outer loop
      vertex -48.3515 12.0581 20.6435
      vertex -47.8 9.30958 20.9167
      vertex -48.1608 12.3067 20.7379
    endloop
  endfacet
  facet normal -0.443893 6.25295e-07 0.89608
    outer loop
      vertex -48.6 11.8674 20.5204
      vertex -47.8 9.30958 20.9167
      vertex -48.3515 12.0581 20.6435
    endloop
  endfacet
  facet normal -0.44398 -3.29844e-05 0.896037
    outer loop
      vertex -48.8894 11.7475 20.377
      vertex -47.8 9.30958 20.9167
      vertex -48.6 11.8674 20.5204
    endloop
  endfacet
  facet normal -0.443988 7.86389e-05 0.896033
    outer loop
      vertex -49.8501 10.257 19.9011
      vertex -48.8894 11.7475 20.377
      vertex -49.2 11.7067 20.2231
    endloop
  endfacet
  facet normal -0.443753 -5.22878e-05 0.896149
    outer loop
      vertex -49.8501 10.257 19.9011
      vertex -49.2 11.7067 20.2231
      vertex -49.5106 11.7475 20.0693
    endloop
  endfacet
  facet normal -0.443986 1.37046e-05 0.896034
    outer loop
      vertex -49.8501 10.257 19.9011
      vertex -49.5106 11.7475 20.0693
      vertex -49.8 11.8674 19.9259
    endloop
  endfacet
  facet normal -0.443632 0 0.896209
    outer loop
      vertex -49.8501 10.257 19.9011
      vertex -49.8 11.8674 19.9259
      vertex -49.8501 11.9058 19.9011
    endloop
  endfacet
  facet normal -0.443902 1.00162e-05 0.896075
    outer loop
      vertex -48.8894 11.7475 20.377
      vertex -49.8501 10.257 19.9011
      vertex -47.8 9.30958 20.9167
    endloop
  endfacet
  facet normal -0.331 0.524325 0.784552
    outer loop
      vertex -49.8501 31.0003 19.0224
      vertex -49.8501 30.0271 19.6728
      vertex -47.8 29.8018 20.6883
    endloop
  endfacet
  facet normal -0.555839 -0.461831 0.691199
    outer loop
      vertex -47.8 8.16153 20.6883
      vertex -49.8501 8.13567 19.0224
      vertex -47.8 7.18826 20.038
    endloop
  endfacet
  facet normal -0.331093 0.524214 0.784587
    outer loop
      vertex -47.8 30.7751 20.038
      vertex -49.8501 31.0003 19.0224
      vertex -47.8 29.8018 20.6883
    endloop
  endfacet
  facet normal -0.550548 -0.694119 0.463784
    outer loop
      vertex -47.8 7.18826 20.038
      vertex -48.5309 7.10757 19.0496
      vertex -47.8 6.76979 19.4117
    endloop
  endfacet
  facet normal -0.550531 -0.69414 0.463773
    outer loop
      vertex -48.5309 7.10757 19.0496
      vertex -47.8 7.18826 20.038
      vertex -49.8501 8.13567 19.0224
    endloop
  endfacet
  facet normal -0.55582 -0.461887 0.691176
    outer loop
      vertex -49.8501 9.10894 19.6728
      vertex -49.8501 8.13567 19.0224
      vertex -47.8 8.16153 20.6883
    endloop
  endfacet
  facet normal -0.499129 -0.169006 0.849887
    outer loop
      vertex -49.8501 9.10894 19.6728
      vertex -47.8 9.30958 20.9167
      vertex -49.8501 10.257 19.9011
    endloop
  endfacet
  facet normal -0.499117 -0.16908 0.849879
    outer loop
      vertex -47.8 9.30958 20.9167
      vertex -49.8501 9.10894 19.6728
      vertex -47.8 8.16153 20.6883
    endloop
  endfacet
  facet normal -0.421194 0.176888 0.889554
    outer loop
      vertex -49.8501 28.879 19.9011
      vertex -47.8 29.8018 20.6883
      vertex -49.8501 30.0271 19.6728
    endloop
  endfacet
  facet normal -0.421221 0.176975 0.889524
    outer loop
      vertex -47.8 29.8018 20.6883
      vertex -49.8501 28.879 19.9011
      vertex -47.8 28.6538 20.9167
    endloop
  endfacet
  facet normal -0.438573 -0.175355 0.881422
    outer loop
      vertex -41.825 7.76993 23.5834
      vertex -47.8 9.30958 20.9167
      vertex -41.825 6.62188 23.355
    endloop
  endfacet
  facet normal -0.438573 -0.175355 0.881422
    outer loop
      vertex -47.8 9.30958 20.9167
      vertex -47.8 8.16153 20.6883
      vertex -41.825 6.62188 23.355
    endloop
  endfacet
  facet normal -0.033749 0.830995 0.555254
    outer loop
      vertex -45.6667 30.6435 20.3643
      vertex -44.8 30.0021 21.3769
      vertex -44.8 30.3259 20.8923
    endloop
  endfacet
  facet normal -0.0336556 0.831036 0.5552
    outer loop
      vertex -45.6667 30.6435 20.3643
      vertex -47.8 30.7751 20.038
      vertex -44.8 30.0021 21.3769
    endloop
  endfacet
  facet normal -0.0336763 0.830964 0.555306
    outer loop
      vertex -47.79 31.1907 19.4167
      vertex -47.8 30.7751 20.038
      vertex -45.6667 30.6435 20.3643
    endloop
  endfacet
  facet normal -0.0366469 0.830899 0.555215
    outer loop
      vertex -47.8 30.7751 20.038
      vertex -47.79 31.1907 19.4167
      vertex -47.8 31.1936 19.4117
    endloop
  endfacet
  facet normal -0.407553 0 0.913182
    outer loop
      vertex -44.8 27.8807 22.2556
      vertex -47.8 28.6538 20.9167
      vertex -44.8 26.5821 22.2556
    endloop
  endfacet
  facet normal -0.407582 0 0.913169
    outer loop
      vertex -43.1863 26.4649 22.9758
      vertex -41.825 27.1141 23.5834
      vertex -43.1863 27.4649 22.9758
    endloop
  endfacet
  facet normal -0.407582 0 0.913169
    outer loop
      vertex -41.825 27.1141 23.5834
      vertex -43.1863 26.4649 22.9758
      vertex -41.825 7.76993 23.5834
    endloop
  endfacet
  facet normal -0.407556 5.5229e-07 0.91318
    outer loop
      vertex -47.8 9.30958 20.9167
      vertex -43.1863 26.4649 22.9758
      vertex -44.8 26.5821 22.2556
    endloop
  endfacet
  facet normal -0.407553 0 0.913182
    outer loop
      vertex -47.8 9.30958 20.9167
      vertex -44.8 26.5821 22.2556
      vertex -47.8 28.6538 20.9167
    endloop
  endfacet
  facet normal -0.40756 1.92698e-06 0.913178
    outer loop
      vertex -43.1863 26.4649 22.9758
      vertex -47.8 9.30958 20.9167
      vertex -41.825 7.76993 23.5834
    endloop
  endfacet
  facet normal -0.457326 -0.494059 0.739432
    outer loop
      vertex -47.8 7.18826 20.038
      vertex -41.825 6.62188 23.355
      vertex -47.8 8.16153 20.6883
    endloop
  endfacet
  facet normal -0.457326 -0.494059 0.739432
    outer loop
      vertex -41.825 6.62188 23.355
      vertex -47.8 7.18826 20.038
      vertex -41.825 5.64861 22.7047
    endloop
  endfacet
  facet normal -0.222245 0.541654 0.81069
    outer loop
      vertex -47.8 29.8018 20.6883
      vertex -44.8 30.0021 21.3769
      vertex -47.8 30.7751 20.038
    endloop
  endfacet
  facet normal -0.222245 0.541654 0.81069
    outer loop
      vertex -44.8 30.0021 21.3769
      vertex -47.8 29.8018 20.6883
      vertex -44.8 29.0288 22.0272
    endloop
  endfacet
  facet normal -0.361274 0.181951 0.914535
    outer loop
      vertex -47.8 28.6538 20.9167
      vertex -44.8 29.0288 22.0272
      vertex -47.8 29.8018 20.6883
    endloop
  endfacet
  facet normal -0.36128 0.18207 0.914509
    outer loop
      vertex -44.8 29.0288 22.0272
      vertex -47.8 28.6538 20.9167
      vertex -44.8 28.4572 22.141
    endloop
  endfacet
  facet normal -0.361375 0.181695 0.914546
    outer loop
      vertex -41.825 27.3401 23.5385
      vertex -43.1863 27.4649 22.9758
      vertex -41.825 27.1141 23.5834
    endloop
  endfacet
  facet normal -0.361314 0.181799 0.91455
    outer loop
      vertex -44.8 28.4572 22.141
      vertex -47.8 28.6538 20.9167
      vertex -44.8 27.8807 22.2556
    endloop
  endfacet
  facet normal -0.41957 -0.754719 0.504341
    outer loop
      vertex -47.8 7.18826 20.038
      vertex -45.4142 6.18282 20.5182
      vertex -41.825 5.64861 22.7047
    endloop
  endfacet
  facet normal -0.419571 -0.754735 0.504317
    outer loop
      vertex -47.8 7.18826 20.038
      vertex -46.5028 6.43585 19.9912
      vertex -45.4142 6.18282 20.5182
    endloop
  endfacet
  facet normal -0.419573 -0.754737 0.504313
    outer loop
      vertex -47.8 7.18826 20.038
      vertex -47.79 6.76755 19.4167
      vertex -46.5028 6.43585 19.9912
    endloop
  endfacet
  facet normal -0.420921 -0.754229 0.503948
    outer loop
      vertex -47.79 6.76755 19.4167
      vertex -47.8 7.18826 20.038
      vertex -47.8 6.76979 19.4117
    endloop
  endfacet
  facet normal -0.419548 -0.754756 0.504304
    outer loop
      vertex -41.825 5.64861 22.7047
      vertex -42.9546 5.52156 21.5748
      vertex -41.825 5.23047 22.0789
    endloop
  endfacet
  facet normal -0.419558 -0.754745 0.504313
    outer loop
      vertex -41.825 5.64861 22.7047
      vertex -44.7125 6.01974 20.8579
      vertex -42.9546 5.52156 21.5748
    endloop
  endfacet
  facet normal -0.419544 -0.754771 0.504285
    outer loop
      vertex -44.7125 6.01974 20.8579
      vertex -41.825 5.64861 22.7047
      vertex -45.4142 6.18282 20.5182
    endloop
  endfacet
  facet normal -0.0335858 0.831128 0.555066
    outer loop
      vertex -44.8 30.4202 20.7511
      vertex -45.6667 30.6435 20.3643
      vertex -44.8 30.3259 20.8923
    endloop
  endfacet
  facet normal -0.398918 -0.509441 0.762453
    outer loop
      vertex -35.85 5.31944 25.6109
      vertex -41.825 6.62188 23.355
      vertex -35.85 4.34617 24.9606
    endloop
  endfacet
  facet normal -0.381594 -0.180357 0.906564
    outer loop
      vertex -41.825 7.76993 23.5834
      vertex -41.825 6.62188 23.355
      vertex -35.85 6.46749 25.8393
    endloop
  endfacet
  facet normal -0.311536 0.185167 0.932019
    outer loop
      vertex -41.825 27.3401 23.5385
      vertex -41.825 27.1141 23.5834
      vertex -40.5677 26.8401 24.0581
    endloop
  endfacet
  facet normal -0.311599 0.185004 0.93203
    outer loop
      vertex -36.4766 26.0687 25.5788
      vertex -37.372 26.1435 25.2646
      vertex -35.85 25.8117 25.8393
    endloop
  endfacet
  facet normal -0.381594 -0.180357 0.906564
    outer loop
      vertex -35.85 6.46749 25.8393
      vertex -41.825 6.62188 23.355
      vertex -35.85 5.31944 25.6109
    endloop
  endfacet
  facet normal -0.353218 0 0.935541
    outer loop
      vertex -40.5677 26.8401 24.0581
      vertex -41.825 27.1141 23.5834
      vertex -40.5677 25.8401 24.0581
    endloop
  endfacet
  facet normal -0.353251 0 0.935529
    outer loop
      vertex -37.372 25.1435 25.2646
      vertex -35.85 25.8117 25.8393
      vertex -37.372 26.1435 25.2646
    endloop
  endfacet
  facet normal -0.353251 0 0.935529
    outer loop
      vertex -35.85 25.8117 25.8393
      vertex -37.372 25.1435 25.2646
      vertex -35.85 6.46749 25.8393
    endloop
  endfacet
  facet normal -0.353203 -1.64915e-06 0.935547
    outer loop
      vertex -41.825 7.76993 23.5834
      vertex -37.372 25.1435 25.2646
      vertex -38.476 25.2186 24.8478
    endloop
  endfacet
  facet normal -0.353162 -1.05195e-05 0.935562
    outer loop
      vertex -41.825 7.76993 23.5834
      vertex -38.476 25.2186 24.8478
      vertex -39.2 25.2679 24.5745
    endloop
  endfacet
  facet normal -0.353195 -5.02299e-06 0.93555
    outer loop
      vertex -41.825 7.76993 23.5834
      vertex -39.2 25.2679 24.5745
      vertex -39.8389 25.5352 24.3333
    endloop
  endfacet
  facet normal -0.35326 3.28572e-06 0.935525
    outer loop
      vertex -41.825 7.76993 23.5834
      vertex -39.8389 25.5352 24.3333
      vertex -40.5677 25.8401 24.0581
    endloop
  endfacet
  facet normal -0.353218 0 0.935541
    outer loop
      vertex -41.825 7.76993 23.5834
      vertex -40.5677 25.8401 24.0581
      vertex -41.825 27.1141 23.5834
    endloop
  endfacet
  facet normal -0.353219 3.01044e-06 0.935541
    outer loop
      vertex -37.372 25.1435 25.2646
      vertex -41.825 7.76993 23.5834
      vertex -35.85 6.46749 25.8393
    endloop
  endfacet
  facet normal -0.398918 -0.509441 0.762453
    outer loop
      vertex -41.825 6.62188 23.355
      vertex -41.825 5.64861 22.7047
      vertex -35.85 4.34617 24.9606
    endloop
  endfacet
  facet normal -0.364165 -0.774381 0.517414
    outer loop
      vertex -35.85 4.34617 24.9606
      vertex -36.7939 4.13425 23.9791
      vertex -35.85 3.9285 24.3355
    endloop
  endfacet
  facet normal -0.364155 -0.774391 0.517406
    outer loop
      vertex -35.85 4.34617 24.9606
      vertex -38.325 4.50928 23.4628
      vertex -36.7939 4.13425 23.9791
    endloop
  endfacet
  facet normal -0.363102 -0.776173 0.515473
    outer loop
      vertex -35.85 4.34617 24.9606
      vertex -38.3602 4.51625 23.4485
      vertex -38.325 4.50928 23.4628
    endloop
  endfacet
  facet normal -0.364158 -0.774375 0.517429
    outer loop
      vertex -38.3602 4.51625 23.4485
      vertex -35.85 4.34617 24.9606
      vertex -41.825 5.64861 22.7047
    endloop
  endfacet
  facet normal -0.364158 -0.774381 0.517419
    outer loop
      vertex -41.825 5.64861 22.7047
      vertex -40.3659 4.91288 22.6305
      vertex -38.3602 4.51625 23.4485
    endloop
  endfacet
  facet normal -0.364151 -0.77437 0.51744
    outer loop
      vertex -41.825 5.64861 22.7047
      vertex -41.815 5.22875 22.0834
      vertex -40.3659 4.91288 22.6305
    endloop
  endfacet
  facet normal -0.365782 -0.773853 0.517064
    outer loop
      vertex -41.815 5.22875 22.0834
      vertex -41.825 5.64861 22.7047
      vertex -41.825 5.23047 22.0789
    endloop
  endfacet
  facet normal -0.311466 0.18531 0.932013
    outer loop
      vertex -35.85 26.0164 25.7986
      vertex -36.4766 26.0687 25.5788
      vertex -35.85 25.8117 25.8393
    endloop
  endfacet
  facet normal -0.30852 -0.790891 0.528494
    outer loop
      vertex -35.85 4.34617 24.9606
      vertex -34.2372 3.63731 24.8413
      vertex -32.3018 3.31841 25.4939
    endloop
  endfacet
  facet normal -0.308526 -0.790901 0.528476
    outer loop
      vertex -35.85 4.34617 24.9606
      vertex -35.84 3.92712 24.3393
      vertex -34.2372 3.63731 24.8413
    endloop
  endfacet
  facet normal -0.309823 -0.790561 0.528226
    outer loop
      vertex -35.84 3.92712 24.3393
      vertex -35.85 4.34617 24.9606
      vertex -35.85 3.9285 24.3355
    endloop
  endfacet
  facet normal -0.298898 0 0.954285
    outer loop
      vertex -34.768 25.6161 26.1782
      vertex -35.85 25.8117 25.8393
      vertex -34.768 24.6161 26.1782
    endloop
  endfacet
  facet normal -0.298886 0 0.954289
    outer loop
      vertex -31.5474 24.0337 27.1868
      vertex -29.875 24.7313 27.7106
      vertex -31.5474 25.0337 27.1868
    endloop
  endfacet
  facet normal -0.298886 0 0.954289
    outer loop
      vertex -29.875 24.7313 27.7106
      vertex -31.5474 24.0337 27.1868
      vertex -29.875 5.38711 27.7106
    endloop
  endfacet
  facet normal -0.298852 -4.36079e-06 0.954299
    outer loop
      vertex -35.85 6.46749 25.8393
      vertex -31.5474 24.0337 27.1868
      vertex -33.6 24.1586 26.544
    endloop
  endfacet
  facet normal -0.298871 -1.74207e-06 0.954294
    outer loop
      vertex -35.85 6.46749 25.8393
      vertex -33.6 24.1586 26.544
      vertex -34.768 24.6161 26.1782
    endloop
  endfacet
  facet normal -0.298898 0 0.954285
    outer loop
      vertex -35.85 6.46749 25.8393
      vertex -34.768 24.6161 26.1782
      vertex -35.85 25.8117 25.8393
    endloop
  endfacet
  facet normal -0.298873 1.24399e-06 0.954293
    outer loop
      vertex -31.5474 24.0337 27.1868
      vertex -35.85 6.46749 25.8393
      vertex -29.875 5.38711 27.7106
    endloop
  endfacet
  facet normal -0.339438 -0.522575 0.782111
    outer loop
      vertex -29.875 4.23906 27.4822
      vertex -35.85 4.34617 24.9606
      vertex -29.875 3.26579 26.8319
    endloop
  endfacet
  facet normal -0.262419 0.188176 0.946428
    outer loop
      vertex -35.85 26.0164 25.7986
      vertex -35.85 25.8117 25.8393
      vertex -34.768 25.6161 26.1782
    endloop
  endfacet
  facet normal -0.262387 0.188234 0.946426
    outer loop
      vertex -29.875 24.9113 27.6748
      vertex -31.5474 25.0337 27.1868
      vertex -29.875 24.7313 27.7106
    endloop
  endfacet
  facet normal -0.3085 -0.79093 0.528448
    outer loop
      vertex -29.875 3.26579 26.8319
      vertex -30.6331 2.98562 25.97
      vertex -29.875 2.84854 26.2074
    endloop
  endfacet
  facet normal -0.308521 -0.790914 0.52846
    outer loop
      vertex -29.875 3.26579 26.8319
      vertex -31.9375 3.25838 25.6167
      vertex -30.6331 2.98562 25.97
    endloop
  endfacet
  facet normal -0.308438 -0.79104 0.52832
    outer loop
      vertex -29.875 3.26579 26.8319
      vertex -32.3018 3.31841 25.4939
      vertex -31.9375 3.25838 25.6167
    endloop
  endfacet
  facet normal -0.308521 -0.790903 0.528477
    outer loop
      vertex -32.3018 3.31841 25.4939
      vertex -29.875 3.26579 26.8319
      vertex -35.85 4.34617 24.9606
    endloop
  endfacet
  facet normal -0.339438 -0.522575 0.782111
    outer loop
      vertex -35.85 5.31944 25.6109
      vertex -35.85 4.34617 24.9606
      vertex -29.875 4.23906 27.4822
    endloop
  endfacet
  facet normal -0.323979 -0.184598 0.92788
    outer loop
      vertex -35.85 5.31944 25.6109
      vertex -29.875 5.38711 27.7106
      vertex -35.85 6.46749 25.8393
    endloop
  endfacet
  facet normal -0.323979 -0.184598 0.92788
    outer loop
      vertex -29.875 5.38711 27.7106
      vertex -35.85 5.31944 25.6109
      vertex -29.875 4.23906 27.4822
    endloop
  endfacet
  facet normal -0.265825 -0.188102 0.945492
    outer loop
      vertex -23.9 4.51716 29.2174
      vertex -29.875 5.38711 27.7106
      vertex -23.9 3.36911 28.989
    endloop
  endfacet
  facet normal -0.244503 0 0.969648
    outer loop
      vertex -28.9708 24.5997 27.9386
      vertex -29.875 24.7313 27.7106
      vertex -28.9708 23.5997 27.9386
    endloop
  endfacet
  facet normal -0.244532 0 0.969641
    outer loop
      vertex -25.705 23.1242 28.7622
      vertex -23.9 23.8614 29.2174
      vertex -25.705 24.1242 28.7622
    endloop
  endfacet
  facet normal -0.244532 0 0.969641
    outer loop
      vertex -23.9 23.8614 29.2174
      vertex -25.705 23.1242 28.7622
      vertex -23.9 4.51716 29.2174
    endloop
  endfacet
  facet normal -0.244543 4.09492e-06 0.969638
    outer loop
      vertex -29.875 5.38711 27.7106
      vertex -25.705 23.1242 28.7622
      vertex -28 23.2429 28.1834
    endloop
  endfacet
  facet normal -0.244509 3.10228e-07 0.969647
    outer loop
      vertex -29.875 5.38711 27.7106
      vertex -28 23.2429 28.1834
      vertex -28.9708 23.5997 27.9386
    endloop
  endfacet
  facet normal -0.244503 0 0.969648
    outer loop
      vertex -29.875 5.38711 27.7106
      vertex -28.9708 23.5997 27.9386
      vertex -29.875 24.7313 27.7106
    endloop
  endfacet
  facet normal -0.244528 4.06941e-07 0.969642
    outer loop
      vertex -25.705 23.1242 28.7622
      vertex -29.875 5.38711 27.7106
      vertex -23.9 4.51716 29.2174
    endloop
  endfacet
  facet normal -0.213798 0.190975 0.958028
    outer loop
      vertex -23.9 24.0134 29.1871
      vertex -25.705 24.1242 28.7622
      vertex -23.9 23.8614 29.2174
    endloop
  endfacet
  facet normal -0.213774 0.191003 0.958028
    outer loop
      vertex -29.4149 24.7527 27.809
      vertex -29.875 24.7313 27.7106
      vertex -28.9708 24.5997 27.9386
    endloop
  endfacet
  facet normal -0.252692 -0.80448 0.537548
    outer loop
      vertex -29.875 3.26579 26.8319
      vertex -27.6791 2.53475 26.7701
      vertex -23.9 2.39584 28.3387
    endloop
  endfacet
  facet normal -0.252716 -0.804543 0.537443
    outer loop
      vertex -29.875 3.26579 26.8319
      vertex -28.1221 2.59374 26.6501
      vertex -27.6791 2.53475 26.7701
    endloop
  endfacet
  facet normal -0.252679 -0.804477 0.53756
    outer loop
      vertex -29.875 3.26579 26.8319
      vertex -29.865 2.84749 26.2106
      vertex -28.1221 2.59374 26.6501
    endloop
  endfacet
  facet normal -0.256231 -0.803728 0.536998
    outer loop
      vertex -29.865 2.84749 26.2106
      vertex -29.875 3.26579 26.8319
      vertex -29.875 2.84854 26.2074
    endloop
  endfacet
  facet normal -0.213772 0.190559 0.958117
    outer loop
      vertex -29.875 24.9113 27.6748
      vertex -29.875 24.7313 27.7106
      vertex -29.4149 24.7527 27.809
    endloop
  endfacet
  facet normal -0.252696 -0.804507 0.537507
    outer loop
      vertex -23.9 2.39584 28.3387
      vertex -24.4718 2.06226 27.5706
      vertex -23.9 1.979 27.7148
    endloop
  endfacet
  facet normal -0.25268 -0.804517 0.537499
    outer loop
      vertex -23.9 2.39584 28.3387
      vertex -25.55 2.25131 27.3467
      vertex -24.4718 2.06226 27.5706
    endloop
  endfacet
  facet normal -0.252664 -0.804538 0.537475
    outer loop
      vertex -25.55 2.25131 27.3467
      vertex -23.9 2.39584 28.3387
      vertex -27.6791 2.53475 26.7701
    endloop
  endfacet
  facet normal -0.279033 -0.533494 0.798452
    outer loop
      vertex -29.875 3.26579 26.8319
      vertex -23.9 3.36911 28.989
      vertex -29.875 4.23906 27.4822
    endloop
  endfacet
  facet normal -0.279033 -0.533494 0.798452
    outer loop
      vertex -23.9 3.36911 28.989
      vertex -29.875 3.26579 26.8319
      vertex -23.9 2.39584 28.3387
    endloop
  endfacet
  facet normal -0.265825 -0.188102 0.945492
    outer loop
      vertex -29.875 5.38711 27.7106
      vertex -29.875 4.23906 27.4822
      vertex -23.9 3.36911 28.989
    endloop
  endfacet
  facet normal -0.217853 -0.542216 0.811506
    outer loop
      vertex -17.925 2.70083 30.1465
      vertex -23.9 3.36911 28.989
      vertex -17.925 1.72756 29.4962
    endloop
  endfacet
  facet normal -0.207226 -0.190887 0.959489
    outer loop
      vertex -23.9 4.51716 29.2174
      vertex -23.9 3.36911 28.989
      vertex -17.925 3.84888 30.3749
    endloop
  endfacet
  facet normal -0.165793 0.19279 0.967132
    outer loop
      vertex -23.9 24.0134 29.1871
      vertex -23.9 23.8614 29.2174
      vertex -23.1753 23.7803 29.3578
    endloop
  endfacet
  facet normal -0.165903 0.192283 0.967214
    outer loop
      vertex -18.3966 23.3365 30.2655
      vertex -19.8294 23.4061 30.0059
      vertex -17.925 23.1931 30.3749
    endloop
  endfacet
  facet normal -0.207226 -0.190887 0.959489
    outer loop
      vertex -17.925 3.84888 30.3749
      vertex -23.9 3.36911 28.989
      vertex -17.925 2.70083 30.1465
    endloop
  endfacet
  facet normal -0.190199 0 0.981746
    outer loop
      vertex -23.1753 23.7803 29.3578
      vertex -23.9 23.8614 29.2174
      vertex -23.1753 22.7803 29.3578
    endloop
  endfacet
  facet normal -0.190224 0 0.981741
    outer loop
      vertex -19.8294 22.4061 30.0059
      vertex -17.925 23.1931 30.3749
      vertex -19.8294 23.4061 30.0059
    endloop
  endfacet
  facet normal -0.190224 0 0.981741
    outer loop
      vertex -17.925 23.1931 30.3749
      vertex -19.8294 22.4061 30.0059
      vertex -17.925 3.84888 30.3749
    endloop
  endfacet
  facet normal -0.190156 -3.51856e-06 0.981754
    outer loop
      vertex -23.9 4.51716 29.2174
      vertex -19.8294 22.4061 30.0059
      vertex -22.4 22.5124 29.508
    endloop
  endfacet
  facet normal -0.190195 -1.49106e-07 0.981746
    outer loop
      vertex -23.9 4.51716 29.2174
      vertex -22.4 22.5124 29.508
      vertex -23.1753 22.7803 29.3578
    endloop
  endfacet
  facet normal -0.190199 0 0.981746
    outer loop
      vertex -23.9 4.51716 29.2174
      vertex -23.1753 22.7803 29.3578
      vertex -23.9 23.8614 29.2174
    endloop
  endfacet
  facet normal -0.190188 3.86943e-06 0.981748
    outer loop
      vertex -19.8294 22.4061 30.0059
      vertex -23.9 4.51716 29.2174
      vertex -17.925 3.84888 30.3749
    endloop
  endfacet
  facet normal -0.217853 -0.542216 0.811506
    outer loop
      vertex -23.9 3.36911 28.989
      vertex -23.9 2.39584 28.3387
      vertex -17.925 1.72756 29.4962
    endloop
  endfacet
  facet normal -0.196664 -0.815247 0.544697
    outer loop
      vertex -17.925 1.72756 29.4962
      vertex -18.3098 1.35416 28.7984
      vertex -17.925 1.31111 28.8729
    endloop
  endfacet
  facet normal -0.196713 -0.815225 0.544712
    outer loop
      vertex -17.925 1.72756 29.4962
      vertex -19.1625 1.47626 28.6732
      vertex -18.3098 1.35416 28.7984
    endloop
  endfacet
  facet normal -0.196699 -0.815239 0.544696
    outer loop
      vertex -17.925 1.72756 29.4962
      vertex -20.2282 1.58553 28.4519
      vertex -19.1625 1.47626 28.6732
    endloop
  endfacet
  facet normal -0.196703 -0.815234 0.544703
    outer loop
      vertex -20.2282 1.58553 28.4519
      vertex -17.925 1.72756 29.4962
      vertex -23.9 2.39584 28.3387
    endloop
  endfacet
  facet normal -0.196703 -0.815234 0.544703
    outer loop
      vertex -23.9 2.39584 28.3387
      vertex -22.0325 1.77052 28.0772
      vertex -20.2282 1.58553 28.4519
    endloop
  endfacet
  facet normal -0.196692 -0.815216 0.544733
    outer loop
      vertex -23.9 2.39584 28.3387
      vertex -23.89 1.97827 27.7174
      vertex -22.0325 1.77052 28.0772
    endloop
  endfacet
  facet normal -0.200954 -0.81453 0.544204
    outer loop
      vertex -23.89 1.97827 27.7174
      vertex -23.9 2.39584 28.3387
      vertex -23.9 1.979 27.7148
    endloop
  endfacet
  facet normal -0.165734 0.192786 0.967143
    outer loop
      vertex -17.925 23.3135 30.3509
      vertex -18.3966 23.3365 30.2655
      vertex -17.925 23.1931 30.3749
    endloop
  endfacet
  facet normal -0.148259 -0.192966 0.96994
    outer loop
      vertex -17.925 2.70083 30.1465
      vertex -11.95 3.37587 31.1941
      vertex -17.925 3.84888 30.3749
    endloop
  endfacet
  facet normal -0.148271 -0.192884 0.969954
    outer loop
      vertex -11.95 3.37587 31.1941
      vertex -17.925 2.70083 30.1465
      vertex -11.95 2.22782 30.9658
    endloop
  endfacet
  facet normal -0.140597 -0.823215 0.550045
    outer loop
      vertex -11.95 1.25455 30.3155
      vertex -12.1469 0.85407 29.6658
      vertex -11.95 0.838482 29.6928
    endloop
  endfacet
  facet normal -0.140641 -0.823203 0.550052
    outer loop
      vertex -11.95 1.25455 30.3155
      vertex -12.775 0.924628 29.6108
      vertex -12.1469 0.85407 29.6658
    endloop
  endfacet
  facet normal -0.140593 -0.823213 0.550049
    outer loop
      vertex -15.999 1.15902 29.1376
      vertex -11.95 1.25455 30.3155
      vertex -17.925 1.72756 29.4962
    endloop
  endfacet
  facet normal -0.140578 -0.823249 0.549999
    outer loop
      vertex -11.95 1.25455 30.3155
      vertex -15.999 1.15902 29.1376
      vertex -12.775 0.924628 29.6108
    endloop
  endfacet
  facet normal -0.140587 -0.823204 0.550064
    outer loop
      vertex -17.925 1.72756 29.4962
      vertex -17.915 1.3107 28.8749
      vertex -15.999 1.15902 29.1376
    endloop
  endfacet
  facet normal -0.143693 -0.822857 0.549781
    outer loop
      vertex -17.915 1.3107 28.8749
      vertex -17.925 1.72756 29.4962
      vertex -17.925 1.31111 28.8729
    endloop
  endfacet
  facet normal -0.118122 0.194121 0.97384
    outer loop
      vertex -17.925 23.3135 30.3509
      vertex -17.925 23.1931 30.3749
      vertex -17.3808 23.15 30.4495
    endloop
  endfacet
  facet normal -0.118213 0.193639 0.973925
    outer loop
      vertex -11.95 22.8051 31.1772
      vertex -13.8805 22.8729 30.9294
      vertex -11.95 22.7201 31.1941
    endloop
  endfacet
  facet normal -0.135812 0 0.990735
    outer loop
      vertex -17.3808 23.15 30.4495
      vertex -17.925 23.1931 30.3749
      vertex -17.3808 22.15 30.4495
    endloop
  endfacet
  facet normal -0.135774 0 0.99074
    outer loop
      vertex -11.95 22.7201 31.1941
      vertex -13.1 16.0817 31.0365
      vertex -11.95 3.37587 31.1941
    endloop
  endfacet
  facet normal -0.136749 0.000171997 0.990606
    outer loop
      vertex -11.95 22.7201 31.1941
      vertex -13.1409 16.3923 31.0308
      vertex -13.1 16.0817 31.0365
    endloop
  endfacet
  facet normal -0.135623 -4.39191e-05 0.990761
    outer loop
      vertex -11.95 22.7201 31.1941
      vertex -13.2608 16.6817 31.0144
      vertex -13.1409 16.3923 31.0308
    endloop
  endfacet
  facet normal -0.135649 -3.8168e-05 0.990757
    outer loop
      vertex -11.95 22.7201 31.1941
      vertex -13.4515 16.9302 30.9883
      vertex -13.2608 16.6817 31.0144
    endloop
  endfacet
  facet normal -0.135923 3.43711e-05 0.990719
    outer loop
      vertex -11.95 22.7201 31.1941
      vertex -13.7 17.1209 30.9542
      vertex -13.4515 16.9302 30.9883
    endloop
  endfacet
  facet normal -0.135844 0 0.99073
    outer loop
      vertex -13.8805 21.8729 30.9294
      vertex -11.95 22.7201 31.1941
      vertex -13.8805 22.8729 30.9294
    endloop
  endfacet
  facet normal -0.135848 1.04154e-05 0.99073
    outer loop
      vertex -11.95 22.7201 31.1941
      vertex -13.8805 21.8729 30.9294
      vertex -13.7 17.1209 30.9542
    endloop
  endfacet
  facet normal -0.135904 8.24878e-06 0.990722
    outer loop
      vertex -13.8805 21.8729 30.9294
      vertex -13.9894 17.2408 30.9145
      vertex -13.7 17.1209 30.9542
    endloop
  endfacet
  facet normal -0.135881 7.68864e-06 0.990725
    outer loop
      vertex -13.8805 21.8729 30.9294
      vertex -14.3 17.2817 30.8719
      vertex -13.9894 17.2408 30.9145
    endloop
  endfacet
  facet normal -0.135883 7.8759e-06 0.990725
    outer loop
      vertex -13.8805 21.8729 30.9294
      vertex -14.6106 17.2408 30.8293
      vertex -14.3 17.2817 30.8719
    endloop
  endfacet
  facet normal -0.135832 -2.10811e-07 0.990732
    outer loop
      vertex -16.2838 21.9452 30.5999
      vertex -14.6106 17.2408 30.8293
      vertex -13.8805 21.8729 30.9294
    endloop
  endfacet
  facet normal -0.135898 -2.38981e-05 0.990723
    outer loop
      vertex -14.6106 17.2408 30.8293
      vertex -16.2838 21.9452 30.5999
      vertex -14.9 17.1209 30.7896
    endloop
  endfacet
  facet normal -0.135885 -2.00243e-05 0.990725
    outer loop
      vertex -16.8 21.9607 30.5291
      vertex -14.9 17.1209 30.7896
      vertex -16.2838 21.9452 30.5999
    endloop
  endfacet
  facet normal -0.135622 8.49891e-05 0.990761
    outer loop
      vertex -14.9 17.1209 30.7896
      vertex -16.8 21.9607 30.5291
      vertex -15.1485 16.9302 30.7556
    endloop
  endfacet
  facet normal -0.135701 4.06489e-05 0.99075
    outer loop
      vertex -17.1015 22.059 30.4878
      vertex -15.3392 16.6817 30.7294
      vertex -16.8 21.9607 30.5291
    endloop
  endfacet
  facet normal -0.13604 -5.47894e-05 0.990703
    outer loop
      vertex -15.1485 16.9302 30.7556
      vertex -16.8 21.9607 30.5291
      vertex -15.3392 16.6817 30.7294
    endloop
  endfacet
  facet normal -0.137112 -0.000123314 0.990556
    outer loop
      vertex -13.1409 15.7711 31.0308
      vertex -11.95 3.37587 31.1941
      vertex -13.1 16.0817 31.0365
    endloop
  endfacet
  facet normal -0.135582 2.64679e-05 0.990766
    outer loop
      vertex -13.2608 15.4817 31.0144
      vertex -11.95 3.37587 31.1941
      vertex -13.1409 15.7711 31.0308
    endloop
  endfacet
  facet normal -0.135627 2.14037e-05 0.99076
    outer loop
      vertex -13.4515 15.2332 30.9883
      vertex -11.95 3.37587 31.1941
      vertex -13.2608 15.4817 31.0144
    endloop
  endfacet
  facet normal -0.135936 -1.8341e-05 0.990718
    outer loop
      vertex -13.7 15.0425 30.9542
      vertex -11.95 3.37587 31.1941
      vertex -13.4515 15.2332 30.9883
    endloop
  endfacet
  facet normal -0.135902 -1.32441e-05 0.990722
    outer loop
      vertex -13.9894 14.9226 30.9145
      vertex -11.95 3.37587 31.1941
      vertex -13.7 15.0425 30.9542
    endloop
  endfacet
  facet normal -0.135881 -9.36239e-06 0.990725
    outer loop
      vertex -14.3 14.8817 30.8719
      vertex -11.95 3.37587 31.1941
      vertex -13.9894 14.9226 30.9145
    endloop
  endfacet
  facet normal -0.13588 1.57405e-05 0.990725
    outer loop
      vertex -17.925 3.84888 30.3749
      vertex -14.3 14.8817 30.8719
      vertex -14.6106 14.9226 30.8293
    endloop
  endfacet
  facet normal -0.135899 2.1541e-05 0.990723
    outer loop
      vertex -17.925 3.84888 30.3749
      vertex -14.6106 14.9226 30.8293
      vertex -14.9 15.0425 30.7896
    endloop
  endfacet
  facet normal -0.135603 -5.98709e-05 0.990763
    outer loop
      vertex -17.925 3.84888 30.3749
      vertex -14.9 15.0425 30.7896
      vertex -15.1485 15.2332 30.7556
    endloop
  endfacet
  facet normal -0.136046 5.01455e-05 0.990703
    outer loop
      vertex -17.925 3.84888 30.3749
      vertex -15.1485 15.2332 30.7556
      vertex -15.3392 15.4817 30.7294
    endloop
  endfacet
  facet normal -0.135626 -4.5042e-05 0.99076
    outer loop
      vertex -17.925 3.84888 30.3749
      vertex -15.3392 15.4817 30.7294
      vertex -15.4591 15.7711 30.713
    endloop
  endfacet
  facet normal -0.135861 -1.27099e-05 0.990728
    outer loop
      vertex -17.3808 22.15 30.4495
      vertex -15.3392 16.6817 30.7294
      vertex -17.1015 22.059 30.4878
    endloop
  endfacet
  facet normal -0.135665 6.18145e-05 0.990755
    outer loop
      vertex -15.3392 16.6817 30.7294
      vertex -17.3808 22.15 30.4495
      vertex -15.4591 16.3923 30.713
    endloop
  endfacet
  facet normal -0.135792 1.86038e-05 0.990737
    outer loop
      vertex -15.4591 16.3923 30.713
      vertex -17.3808 22.15 30.4495
      vertex -15.5 16.0817 30.7074
    endloop
  endfacet
  facet normal -0.135997 -4.6088e-05 0.990709
    outer loop
      vertex -15.5 16.0817 30.7074
      vertex -17.3808 22.15 30.4495
      vertex -15.4591 15.7711 30.713
    endloop
  endfacet
  facet normal -0.135844 9.71227e-07 0.99073
    outer loop
      vertex -17.925 3.84888 30.3749
      vertex -15.4591 15.7711 30.713
      vertex -17.3808 22.15 30.4495
    endloop
  endfacet
  facet normal -0.135812 0 0.990735
    outer loop
      vertex -17.925 3.84888 30.3749
      vertex -17.3808 22.15 30.4495
      vertex -17.925 23.1931 30.3749
    endloop
  endfacet
  facet normal -0.135834 3.66201e-07 0.990732
    outer loop
      vertex -14.3 14.8817 30.8719
      vertex -17.925 3.84888 30.3749
      vertex -11.95 3.37587 31.1941
    endloop
  endfacet
  facet normal -0.156058 -0.548753 0.821289
    outer loop
      vertex -17.925 1.72756 29.4962
      vertex -11.95 2.22782 30.9658
      vertex -17.925 2.70083 30.1465
    endloop
  endfacet
  facet normal -0.156058 -0.548753 0.821289
    outer loop
      vertex -11.95 2.22782 30.9658
      vertex -17.925 1.72756 29.4962
      vertex -11.95 1.25455 30.3155
    endloop
  endfacet
  facet normal -0.0890734 -0.194265 0.976897
    outer loop
      vertex -11.95 2.22782 30.9658
      vertex -5.975 3.09376 31.6828
      vertex -11.95 3.37587 31.1941
    endloop
  endfacet
  facet normal -0.0890597 -0.194347 0.976882
    outer loop
      vertex -5.975 3.09376 31.6828
      vertex -11.95 2.22782 30.9658
      vertex -5.975 1.94571 31.4544
    endloop
  endfacet
  facet normal -0.0843861 -0.828521 0.553564
    outer loop
      vertex -10.1355 0.753178 29.8417
      vertex -5.975 0.972438 30.8041
      vertex -11.95 1.25455 30.3155
    endloop
  endfacet
  facet normal -0.0843104 -0.828519 0.553578
    outer loop
      vertex -5.98282 0.557108 30.1813
      vertex -5.975 0.972438 30.8041
      vertex -6.3875 0.590471 30.1696
    endloop
  endfacet
  facet normal -0.088617 -0.828183 0.553408
    outer loop
      vertex -5.975 0.972438 30.8041
      vertex -5.98282 0.557108 30.1813
      vertex -5.975 0.556739 30.182
    endloop
  endfacet
  facet normal -0.0843999 -0.828485 0.553615
    outer loop
      vertex -5.975 0.972438 30.8041
      vertex -10.1355 0.753178 29.8417
      vertex -6.3875 0.590471 30.1696
    endloop
  endfacet
  facet normal -0.0843974 -0.828537 0.553538
    outer loop
      vertex -11.95 1.25455 30.3155
      vertex -11.94 0.83838 29.6941
      vertex -10.1355 0.753178 29.8417
    endloop
  endfacet
  facet normal -0.0804428 -0.828779 0.553763
    outer loop
      vertex -11.94 0.83838 29.6941
      vertex -11.95 1.25455 30.3155
      vertex -11.95 0.838482 29.6928
    endloop
  endfacet
  facet normal -0.0708291 0.194517 0.978339
    outer loop
      vertex -11.95 22.8051 31.1772
      vertex -11.95 22.7201 31.1941
      vertex -11.587 22.7029 31.2238
    endloop
  endfacet
  facet normal -0.0707771 0.195207 0.978205
    outer loop
      vertex -5.975 22.4831 31.6738
      vertex -7.71141 22.52 31.5408
      vertex -5.975 22.438 31.6828
    endloop
  endfacet
  facet normal -0.0815457 0 0.99667
    outer loop
      vertex -11.587 22.7029 31.2238
      vertex -11.95 22.7201 31.1941
      vertex -11.587 21.7029 31.2238
    endloop
  endfacet
  facet normal -0.0815058 0 0.996673
    outer loop
      vertex -7.71141 21.52 31.5408
      vertex -5.975 22.438 31.6828
      vertex -7.71141 22.52 31.5408
    endloop
  endfacet
  facet normal -0.0815058 0 0.996673
    outer loop
      vertex -5.975 22.438 31.6828
      vertex -7.71141 21.52 31.5408
      vertex -5.975 3.09376 31.6828
    endloop
  endfacet
  facet normal -0.0815088 -3.51879e-06 0.996673
    outer loop
      vertex -11.95 3.37587 31.1941
      vertex -7.71141 21.52 31.5408
      vertex -11.2 21.5836 31.2555
    endloop
  endfacet
  facet normal -0.0816382 1.84364e-06 0.996662
    outer loop
      vertex -11.95 3.37587 31.1941
      vertex -11.2 21.5836 31.2555
      vertex -11.587 21.7029 31.2238
    endloop
  endfacet
  facet normal -0.0815457 0 0.99667
    outer loop
      vertex -11.95 3.37587 31.1941
      vertex -11.587 21.7029 31.2238
      vertex -11.95 22.7201 31.1941
    endloop
  endfacet
  facet normal -0.0815186 -1.21454e-06 0.996672
    outer loop
      vertex -7.71141 21.52 31.5408
      vertex -11.95 3.37587 31.1941
      vertex -5.975 3.09376 31.6828
    endloop
  endfacet
  facet normal -0.0938085 -0.55311 0.82781
    outer loop
      vertex -11.95 1.25455 30.3155
      vertex -5.975 1.94571 31.4544
      vertex -11.95 2.22782 30.9658
    endloop
  endfacet
  facet normal -0.0938087 -0.553109 0.827811
    outer loop
      vertex -5.975 1.94571 31.4544
      vertex -11.95 1.25455 30.3155
      vertex -5.975 0.972438 30.8041
    endloop
  endfacet
  facet normal -0.0297062 -0.195036 0.980346
    outer loop
      vertex -5.975 1.94571 31.4544
      vertex 0 3 31.8452
      vertex -5.975 3.09376 31.6828
    endloop
  endfacet
  facet normal -0.0297062 -0.195036 0.980346
    outer loop
      vertex 0 3 31.8452
      vertex -5.975 1.94571 31.4544
      vertex 0 1.85195 31.6168
    endloop
  endfacet
  facet normal -0 0 1
    outer loop
      vertex 0 18.6122 31.8452
      vertex 0.00999928 3 31.8452
      vertex 0.00999928 18.6122 31.8452
    endloop
  endfacet
  facet normal 0 0 1
    outer loop
      vertex 0.00999928 3 31.8452
      vertex 0 18.6122 31.8452
      vertex 0 3 31.8452
    endloop
  endfacet
  facet normal -0.0230411 0.195646 0.980404
    outer loop
      vertex -5.975 22.438 31.6828
      vertex -5.85184 22.4505 31.6832
      vertex -5.975 22.4831 31.6738
    endloop
  endfacet
  facet normal -0.0231436 0.196663 0.980198
    outer loop
      vertex -5.85184 22.4505 31.6832
      vertex -5.975 22.438 31.6828
      vertex -5.84461 22.4359 31.6863
    endloop
  endfacet
  facet normal -0.0268285 0.00027127 0.99964
    outer loop
      vertex -5.975 22.438 31.6828
      vertex -5.79349 22.3326 31.6877
      vertex -5.84461 22.4359 31.6863
    endloop
  endfacet
  facet normal -0.0271675 0 0.999631
    outer loop
      vertex -2.09732 18.6122 31.7882
      vertex 0 3 31.8452
      vertex 0 18.6122 31.8452
    endloop
  endfacet
  facet normal -0.0271648 -1.59321e-06 0.999631
    outer loop
      vertex -5.975 3.09376 31.6828
      vertex -2.09732 18.6122 31.7882
      vertex -2.87378 18.7144 31.7671
    endloop
  endfacet
  facet normal -0.0272138 8.14081e-06 0.99963
    outer loop
      vertex -5.975 3.09376 31.6828
      vertex -2.87378 18.7144 31.7671
      vertex -3.59732 19.0141 31.7474
    endloop
  endfacet
  facet normal -0.0271869 4.12725e-06 0.99963
    outer loop
      vertex -5.975 3.09376 31.6828
      vertex -3.59732 19.0141 31.7474
      vertex -4.21864 19.4908 31.7305
    endloop
  endfacet
  facet normal -0.0272439 1.02363e-05 0.999629
    outer loop
      vertex -5.975 3.09376 31.6828
      vertex -4.21864 19.4908 31.7305
      vertex -4.6954 20.1122 31.7175
    endloop
  endfacet
  facet normal -0.0272121 -9.88411e-05 0.99963
    outer loop
      vertex -5.6 21.3785 31.693
      vertex -4.6954 20.1122 31.7175
      vertex -5.32081 21.3768 31.7006
    endloop
  endfacet
  facet normal -0.0274625 -0.000277865 0.999623
    outer loop
      vertex -5.79349 21.4351 31.6877
      vertex -4.6954 20.1122 31.7175
      vertex -5.6 21.3785 31.693
    endloop
  endfacet
  facet normal -0.0271264 1.39086e-06 0.999632
    outer loop
      vertex -4.6954 20.1122 31.7175
      vertex -5.79349 21.4351 31.6877
      vertex -5.975 3.09376 31.6828
    endloop
  endfacet
  facet normal -0.0269859 0 0.999636
    outer loop
      vertex -5.79349 22.3326 31.6877
      vertex -5.975 22.438 31.6828
      vertex -5.79349 21.4351 31.6877
    endloop
  endfacet
  facet normal -0.0271699 -3.19671e-07 0.999631
    outer loop
      vertex -2.09732 18.6122 31.7882
      vertex -5.975 3.09376 31.6828
      vertex 0 3 31.8452
    endloop
  endfacet
  facet normal -0.0269859 0 0.999636
    outer loop
      vertex -5.975 3.09376 31.6828
      vertex -5.79349 21.4351 31.6877
      vertex -5.975 22.438 31.6828
    endloop
  endfacet
  facet normal -0.0281368 -0.831128 0.555369
    outer loop
      vertex -5.465 0.549101 30.1964
      vertex 0 0.878679 30.9665
      vertex -5.975 0.972438 30.8041
    endloop
  endfacet
  facet normal -0.0281358 -0.831132 0.555363
    outer loop
      vertex 0 0.878679 30.9665
      vertex -5.465 0.549101 30.1964
      vertex 0 0.470208 30.3552
    endloop
  endfacet
  facet normal -0.028148 -0.831132 0.555362
    outer loop
      vertex -5.975 0.972438 30.8041
      vertex -5.965 0.556947 30.1828
      vertex -5.465 0.549101 30.1964
    endloop
  endfacet
  facet normal -0.0271432 -0.831148 0.555389
    outer loop
      vertex -5.965 0.556947 30.1828
      vertex -5.975 0.972438 30.8041
      vertex -5.975 0.556739 30.182
    endloop
  endfacet
  facet normal 0 -0.195122 0.980779
    outer loop
      vertex 0 3 31.8452
      vertex 0.00999928 1.85195 31.6168
      vertex 0.00999928 3 31.8452
    endloop
  endfacet
  facet normal 0 -0.195122 0.980779
    outer loop
      vertex 0.00999928 1.85195 31.6168
      vertex 0 3 31.8452
      vertex 0 1.85195 31.6168
    endloop
  endfacet
  facet normal -0.031302 -0.555286 0.83107
    outer loop
      vertex -5.975 0.972438 30.8041
      vertex 0 1.85195 31.6168
      vertex -5.975 1.94571 31.4544
    endloop
  endfacet
  facet normal -0.0313019 -0.555287 0.83107
    outer loop
      vertex 0 1.85195 31.6168
      vertex -5.975 0.972438 30.8041
      vertex 0 0.878679 30.9665
    endloop
  endfacet
  facet normal 0 -0.831461 0.555583
    outer loop
      vertex 0 0.470208 30.3552
      vertex 0.00999928 0.878679 30.9665
      vertex 0 0.878679 30.9665
    endloop
  endfacet
  facet normal 0 -0.831461 0.555583
    outer loop
      vertex 0.00999928 0.878679 30.9665
      vertex 0 0.470208 30.3552
      vertex 0.00999928 0.470208 30.3552
    endloop
  endfacet
  facet normal 0 -0.555559 0.831477
    outer loop
      vertex 0 1.85195 31.6168
      vertex 0.00999928 0.878679 30.9665
      vertex 0.00999928 1.85195 31.6168
    endloop
  endfacet
  facet normal 0 -0.555559 0.831477
    outer loop
      vertex 0.00999928 0.878679 30.9665
      vertex 0 1.85195 31.6168
      vertex 0 0.878679 30.9665
    endloop
  endfacet
  facet normal 0.0270441 -0.000123996 0.999634
    outer loop
      vertex 5.80349 22.3528 31.6877
      vertex 5.985 22.438 31.6828
      vertex 5.84453 22.4358 31.6866
    endloop
  endfacet
  facet normal 0.0269859 0 0.999636
    outer loop
      vertex 5.985 22.438 31.6828
      vertex 5.80349 22.3528 31.6877
      vertex 5.80349 21.4351 31.6877
    endloop
  endfacet
  facet normal 0.0269859 0 0.999636
    outer loop
      vertex 5.985 22.438 31.6828
      vertex 5.80349 21.4351 31.6877
      vertex 5.985 3.09376 31.6828
    endloop
  endfacet
  facet normal 0.0274552 -0.000252572 0.999623
    outer loop
      vertex 4.6954 20.1122 31.7178
      vertex 5.80349 21.4351 31.6877
      vertex 5.61 21.3785 31.693
    endloop
  endfacet
  facet normal 0.0269586 0.000106316 0.999637
    outer loop
      vertex 4.6954 20.1122 31.7178
      vertex 5.61 21.3785 31.693
      vertex 5.32078 21.3767 31.7008
    endloop
  endfacet
  facet normal 0.0271519 1.64353e-06 0.999631
    outer loop
      vertex 5.80349 21.4351 31.6877
      vertex 4.6954 20.1122 31.7178
      vertex 5.985 3.09376 31.6828
    endloop
  endfacet
  facet normal 0.0272458 8.76841e-06 0.999629
    outer loop
      vertex 4.21864 19.4908 31.7308
      vertex 5.985 3.09376 31.6828
      vertex 4.6954 20.1122 31.7178
    endloop
  endfacet
  facet normal 0.0271881 2.54887e-06 0.99963
    outer loop
      vertex 3.59732 19.0141 31.7477
      vertex 5.985 3.09376 31.6828
      vertex 4.21864 19.4908 31.7308
    endloop
  endfacet
  facet normal 0.0270845 -1.3009e-05 0.999633
    outer loop
      vertex 2.87378 18.7144 31.7673
      vertex 5.985 3.09376 31.6828
      vertex 3.59732 19.0141 31.7477
    endloop
  endfacet
  facet normal 0.0271642 2.88097e-06 0.999631
    outer loop
      vertex 2.09732 18.6122 31.7884
      vertex 5.985 3.09376 31.6828
      vertex 2.87378 18.7144 31.7673
    endloop
  endfacet
  facet normal 0.0272018 -0 0.99963
    outer loop
      vertex 0.00999928 3 31.8452
      vertex 2.09732 18.6122 31.7884
      vertex 0.00999928 18.6122 31.8452
    endloop
  endfacet
  facet normal 0.0271698 4.2864e-06 0.999631
    outer loop
      vertex 2.09732 18.6122 31.7884
      vertex 0.00999928 3 31.8452
      vertex 5.985 3.09376 31.6828
    endloop
  endfacet
  facet normal 0.0232654 0.195645 0.980399
    outer loop
      vertex 5.85033 22.4475 31.6841
      vertex 5.985 22.438 31.6828
      vertex 5.985 22.4831 31.6738
    endloop
  endfacet
  facet normal 0.0234124 0.197788 0.979965
    outer loop
      vertex 5.985 22.438 31.6828
      vertex 5.85033 22.4475 31.6841
      vertex 5.84453 22.4358 31.6866
    endloop
  endfacet
  facet normal 0.0297062 -0.195036 0.980346
    outer loop
      vertex 0.00999928 3 31.8452
      vertex 5.985 1.94571 31.4544
      vertex 5.985 3.09376 31.6828
    endloop
  endfacet
  facet normal 0.0297062 -0.195036 0.980346
    outer loop
      vertex 5.985 1.94571 31.4544
      vertex 0.00999928 3 31.8452
      vertex 0.00999928 1.85195 31.6168
    endloop
  endfacet
  facet normal 0.031302 -0.555286 0.83107
    outer loop
      vertex 0.00999928 1.85195 31.6168
      vertex 5.985 0.972438 30.8041
      vertex 5.985 1.94571 31.4544
    endloop
  endfacet
  facet normal 0.0313019 -0.555287 0.83107
    outer loop
      vertex 5.985 0.972438 30.8041
      vertex 0.00999928 1.85195 31.6168
      vertex 0.00999928 0.878679 30.9665
    endloop
  endfacet
  facet normal 0.0281358 -0.831132 0.555363
    outer loop
      vertex 5.47499 0.549101 30.1964
      vertex 0.00999928 0.878679 30.9665
      vertex 0.00999928 0.470208 30.3552
    endloop
  endfacet
  facet normal 0.0281368 -0.831128 0.555368
    outer loop
      vertex 0.00999928 0.878679 30.9665
      vertex 5.47499 0.549101 30.1964
      vertex 5.985 0.972438 30.8041
    endloop
  endfacet
  facet normal 0.0281474 -0.831132 0.555362
    outer loop
      vertex 5.975 0.556947 30.1828
      vertex 5.985 0.972438 30.8041
      vertex 5.47499 0.549101 30.1964
    endloop
  endfacet
  facet normal 0.0271432 -0.831148 0.555389
    outer loop
      vertex 5.985 0.972438 30.8041
      vertex 5.975 0.556947 30.1828
      vertex 5.985 0.556739 30.182
    endloop
  endfacet
  facet normal 0.0815058 0 0.996673
    outer loop
      vertex 7.72141 22.52 31.5408
      vertex 5.985 22.438 31.6828
      vertex 7.72141 21.52 31.5408
    endloop
  endfacet
  facet normal 0.0815457 -0 0.99667
    outer loop
      vertex 11.597 21.7029 31.2238
      vertex 11.96 22.7201 31.1941
      vertex 11.597 22.7029 31.2238
    endloop
  endfacet
  facet normal 0.0815457 0 0.99667
    outer loop
      vertex 11.96 22.7201 31.1941
      vertex 11.597 21.7029 31.2238
      vertex 11.96 3.37587 31.1941
    endloop
  endfacet
  facet normal 0.0816382 1.84364e-06 0.996662
    outer loop
      vertex 11.21 21.5836 31.2555
      vertex 11.96 3.37587 31.1941
      vertex 11.597 21.7029 31.2238
    endloop
  endfacet
  facet normal 0.0815088 -3.51879e-06 0.996673
    outer loop
      vertex 7.72141 21.52 31.5408
      vertex 11.96 3.37587 31.1941
      vertex 11.21 21.5836 31.2555
    endloop
  endfacet
  facet normal 0.0815058 -0 0.996673
    outer loop
      vertex 5.985 3.09376 31.6828
      vertex 7.72141 21.52 31.5408
      vertex 5.985 22.438 31.6828
    endloop
  endfacet
  facet normal 0.0815186 -1.21454e-06 0.996672
    outer loop
      vertex 7.72141 21.52 31.5408
      vertex 5.985 3.09376 31.6828
      vertex 11.96 3.37587 31.1941
    endloop
  endfacet
  facet normal 0.0708291 0.194517 0.978339
    outer loop
      vertex 11.96 22.8051 31.1772
      vertex 11.597 22.7029 31.2238
      vertex 11.96 22.7201 31.1941
    endloop
  endfacet
  facet normal 0.0707771 0.195207 0.978205
    outer loop
      vertex 5.985 22.4831 31.6738
      vertex 5.985 22.438 31.6828
      vertex 7.72141 22.52 31.5408
    endloop
  endfacet
  facet normal 0.0890734 -0.194265 0.976897
    outer loop
      vertex 5.985 3.09376 31.6828
      vertex 11.96 2.22782 30.9658
      vertex 11.96 3.37587 31.1941
    endloop
  endfacet
  facet normal 0.0890597 -0.194347 0.976882
    outer loop
      vertex 11.96 2.22782 30.9658
      vertex 5.985 3.09376 31.6828
      vertex 5.985 1.94571 31.4544
    endloop
  endfacet
  facet normal 0.088617 -0.828183 0.553408
    outer loop
      vertex 5.99282 0.557108 30.1813
      vertex 5.985 0.972438 30.8041
      vertex 5.985 0.556739 30.182
    endloop
  endfacet
  facet normal 0.0843104 -0.828519 0.553578
    outer loop
      vertex 5.985 0.972438 30.8041
      vertex 5.99282 0.557108 30.1813
      vertex 6.3975 0.590471 30.1696
    endloop
  endfacet
  facet normal 0.0843999 -0.828485 0.553615
    outer loop
      vertex 10.1455 0.753178 29.8417
      vertex 5.985 0.972438 30.8041
      vertex 6.3975 0.590471 30.1696
    endloop
  endfacet
  facet normal 0.0843861 -0.828521 0.553564
    outer loop
      vertex 5.985 0.972438 30.8041
      vertex 10.1455 0.753178 29.8417
      vertex 11.96 1.25455 30.3155
    endloop
  endfacet
  facet normal 0.0843974 -0.828537 0.553538
    outer loop
      vertex 11.95 0.83838 29.6941
      vertex 11.96 1.25455 30.3155
      vertex 10.1455 0.753178 29.8417
    endloop
  endfacet
  facet normal 0.0804428 -0.828779 0.553763
    outer loop
      vertex 11.96 1.25455 30.3155
      vertex 11.95 0.83838 29.6941
      vertex 11.96 0.838482 29.6928
    endloop
  endfacet
  facet normal 0.0938085 -0.55311 0.82781
    outer loop
      vertex 5.985 1.94571 31.4544
      vertex 11.96 1.25455 30.3155
      vertex 11.96 2.22782 30.9658
    endloop
  endfacet
  facet normal 0.0938087 -0.553109 0.827811
    outer loop
      vertex 11.96 1.25455 30.3155
      vertex 5.985 1.94571 31.4544
      vertex 5.985 0.972438 30.8041
    endloop
  endfacet
  facet normal 0.140597 -0.823215 0.550045
    outer loop
      vertex 12.1569 0.85407 29.6658
      vertex 11.96 1.25455 30.3155
      vertex 11.96 0.838482 29.6928
    endloop
  endfacet
  facet normal 0.140641 -0.823203 0.550052
    outer loop
      vertex 12.785 0.924628 29.6108
      vertex 11.96 1.25455 30.3155
      vertex 12.1569 0.85407 29.6658
    endloop
  endfacet
  facet normal 0.140578 -0.823249 0.549999
    outer loop
      vertex 16.009 1.15902 29.1376
      vertex 11.96 1.25455 30.3155
      vertex 12.785 0.924628 29.6108
    endloop
  endfacet
  facet normal 0.140593 -0.823213 0.550049
    outer loop
      vertex 11.96 1.25455 30.3155
      vertex 16.009 1.15902 29.1376
      vertex 17.935 1.72756 29.4962
    endloop
  endfacet
  facet normal 0.140587 -0.823204 0.550064
    outer loop
      vertex 17.925 1.3107 28.8749
      vertex 17.935 1.72756 29.4962
      vertex 16.009 1.15902 29.1376
    endloop
  endfacet
  facet normal 0.143693 -0.822857 0.549781
    outer loop
      vertex 17.935 1.72756 29.4962
      vertex 17.925 1.3107 28.8749
      vertex 17.935 1.31111 28.8729
    endloop
  endfacet
  facet normal 0.135844 0 0.99073
    outer loop
      vertex 11.96 22.7201 31.1941
      vertex 13.8905 21.8729 30.9294
      vertex 13.8905 22.8729 30.9294
    endloop
  endfacet
  facet normal 0.135851 1.63174e-05 0.990729
    outer loop
      vertex 13.8905 21.8729 30.9294
      vertex 11.96 22.7201 31.1941
      vertex 13.7 17.1209 30.9556
    endloop
  endfacet
  facet normal 0.135604 -6.16633e-05 0.990763
    outer loop
      vertex 13.7 17.1209 30.9556
      vertex 11.96 22.7201 31.1941
      vertex 13.4515 16.9302 30.9896
    endloop
  endfacet
  facet normal 0.136042 5.31704e-05 0.990703
    outer loop
      vertex 13.4515 16.9302 30.9896
      vertex 11.96 22.7201 31.1941
      vertex 13.2608 16.6817 31.0158
    endloop
  endfacet
  facet normal 0.135615 -4.05594e-05 0.990762
    outer loop
      vertex 13.2608 16.6817 31.0158
      vertex 11.96 22.7201 31.1941
      vertex 13.1409 16.3923 31.0322
    endloop
  endfacet
  facet normal 0.135756 -1.37305e-05 0.990742
    outer loop
      vertex 13.1409 16.3923 31.0322
      vertex 11.96 22.7201 31.1941
      vertex 13.1 16.0817 31.0378
    endloop
  endfacet
  facet normal 0.135767 1.51788e-05 0.990741
    outer loop
      vertex 17.3908 22.15 30.4495
      vertex 15.4591 16.3923 30.7143
      vertex 15.5 16.0817 30.7087
    endloop
  endfacet
  facet normal 0.136143 -7.89574e-05 0.990689
    outer loop
      vertex 16.81 21.9607 30.5291
      vertex 15.3392 16.6817 30.7308
      vertex 15.4591 16.3923 30.7143
    endloop
  endfacet
  facet normal 0.135671 5.50973e-05 0.990754
    outer loop
      vertex 16.81 21.9607 30.5291
      vertex 15.1485 16.9302 30.7569
      vertex 15.3392 16.6817 30.7308
    endloop
  endfacet
  facet normal 0.135926 -3.08863e-05 0.990719
    outer loop
      vertex 16.81 21.9607 30.5291
      vertex 14.9 17.1209 30.791
      vertex 15.1485 16.9302 30.7569
    endloop
  endfacet
  facet normal 0.1359 -1.87083e-05 0.990723
    outer loop
      vertex 16.2938 21.9452 30.5999
      vertex 14.6106 17.2408 30.8307
      vertex 14.9 17.1209 30.791
    endloop
  endfacet
  facet normal 0.135832 5.95623e-06 0.990732
    outer loop
      vertex 13.8905 21.8729 30.9294
      vertex 14.6106 17.2408 30.8307
      vertex 16.2938 21.9452 30.5999
    endloop
  endfacet
  facet normal 0.135884 1.40882e-05 0.990725
    outer loop
      vertex 14.6106 17.2408 30.8307
      vertex 13.8905 21.8729 30.9294
      vertex 14.3 17.2817 30.8733
    endloop
  endfacet
  facet normal 0.13588 1.37611e-05 0.990725
    outer loop
      vertex 14.3 17.2817 30.8733
      vertex 13.8905 21.8729 30.9294
      vertex 13.9894 17.2408 30.9159
    endloop
  endfacet
  facet normal 0.135902 1.42339e-05 0.990722
    outer loop
      vertex 13.9894 17.2408 30.9159
      vertex 13.8905 21.8729 30.9294
      vertex 13.7 17.1209 30.9556
    endloop
  endfacet
  facet normal 0.135812 -0 0.990735
    outer loop
      vertex 17.3908 22.15 30.4495
      vertex 17.935 23.1931 30.3749
      vertex 17.3908 23.15 30.4495
    endloop
  endfacet
  facet normal 0.135812 0 0.990735
    outer loop
      vertex 17.935 23.1931 30.3749
      vertex 17.3908 22.15 30.4495
      vertex 17.935 3.84888 30.3749
    endloop
  endfacet
  facet normal 0.135863 -1.76172e-05 0.990728
    outer loop
      vertex 15.4591 16.3923 30.7143
      vertex 17.3908 22.15 30.4495
      vertex 17.1115 22.059 30.4878
    endloop
  endfacet
  facet normal 0.135705 2.92403e-05 0.990749
    outer loop
      vertex 15.4591 16.3923 30.7143
      vertex 17.1115 22.059 30.4878
      vertex 16.81 21.9607 30.5291
    endloop
  endfacet
  facet normal 0.135884 -1.41343e-05 0.990725
    outer loop
      vertex 14.9 17.1209 30.791
      vertex 16.81 21.9607 30.5291
      vertex 16.2938 21.9452 30.5999
    endloop
  endfacet
  facet normal 0.135814 7.73641e-08 0.990734
    outer loop
      vertex 17.3908 22.15 30.4495
      vertex 15.5 16.0817 30.7087
      vertex 17.935 3.84888 30.3749
    endloop
  endfacet
  facet normal 0.13575 -1.29457e-05 0.990743
    outer loop
      vertex 15.4591 15.7711 30.7143
      vertex 17.935 3.84888 30.3749
      vertex 15.5 16.0817 30.7087
    endloop
  endfacet
  facet normal 0.136157 7.30736e-05 0.990687
    outer loop
      vertex 15.3392 15.4817 30.7308
      vertex 17.935 3.84888 30.3749
      vertex 15.4591 15.7711 30.7143
    endloop
  endfacet
  facet normal 0.135653 -4.14338e-05 0.990756
    outer loop
      vertex 15.1485 15.2332 30.7569
      vertex 17.935 3.84888 30.3749
      vertex 15.3392 15.4817 30.7308
    endloop
  endfacet
  facet normal 0.135929 2.73153e-05 0.990719
    outer loop
      vertex 14.9 15.0425 30.791
      vertex 17.935 3.84888 30.3749
      vertex 15.1485 15.2332 30.7569
    endloop
  endfacet
  facet normal 0.1359 1.92902e-05 0.990723
    outer loop
      vertex 14.6106 14.9226 30.8307
      vertex 17.935 3.84888 30.3749
      vertex 14.9 15.0425 30.791
    endloop
  endfacet
  facet normal 0.13588 1.32892e-05 0.990725
    outer loop
      vertex 14.3 14.8817 30.8733
      vertex 17.935 3.84888 30.3749
      vertex 14.6106 14.9226 30.8307
    endloop
  endfacet
  facet normal 0.13588 -1.17502e-05 0.990725
    outer loop
      vertex 11.96 3.37587 31.1941
      vertex 14.3 14.8817 30.8733
      vertex 13.9894 14.9226 30.9159
    endloop
  endfacet
  facet normal 0.135901 -1.55036e-05 0.990722
    outer loop
      vertex 11.96 3.37587 31.1941
      vertex 13.9894 14.9226 30.9159
      vertex 13.7 15.0425 30.9556
    endloop
  endfacet
  facet normal 0.135583 3.28878e-05 0.990766
    outer loop
      vertex 11.96 3.37587 31.1941
      vertex 13.7 15.0425 30.9556
      vertex 13.4515 15.2332 30.9896
    endloop
  endfacet
  facet normal 0.136072 -2.97944e-05 0.990699
    outer loop
      vertex 11.96 3.37587 31.1941
      vertex 13.4515 15.2332 30.9896
      vertex 13.2608 15.4817 31.0158
    endloop
  endfacet
  facet normal 0.135577 2.44177e-05 0.990767
    outer loop
      vertex 11.96 3.37587 31.1941
      vertex 13.2608 15.4817 31.0158
      vertex 13.1409 15.7711 31.0322
    endloop
  endfacet
  facet normal 0.135835 -0 0.990732
    outer loop
      vertex 11.96 3.37587 31.1941
      vertex 13.1 16.0817 31.0378
      vertex 11.96 22.7201 31.1941
    endloop
  endfacet
  facet normal 0.135834 -2.16776e-06 0.990732
    outer loop
      vertex 14.3 14.8817 30.8733
      vertex 11.96 3.37587 31.1941
      vertex 17.935 3.84888 30.3749
    endloop
  endfacet
  facet normal 0.135727 9.8309e-06 0.990746
    outer loop
      vertex 13.1 16.0817 31.0378
      vertex 11.96 3.37587 31.1941
      vertex 13.1409 15.7711 31.0322
    endloop
  endfacet
  facet normal 0.118122 0.194121 0.97384
    outer loop
      vertex 17.935 23.3135 30.3509
      vertex 17.3908 23.15 30.4495
      vertex 17.935 23.1931 30.3749
    endloop
  endfacet
  facet normal 0.118213 0.193639 0.973925
    outer loop
      vertex 11.96 22.8051 31.1772
      vertex 11.96 22.7201 31.1941
      vertex 13.8905 22.8729 30.9294
    endloop
  endfacet
  facet normal 0.156058 -0.548753 0.821289
    outer loop
      vertex 11.96 2.22782 30.9658
      vertex 17.935 1.72756 29.4962
      vertex 17.935 2.70083 30.1465
    endloop
  endfacet
  facet normal 0.156058 -0.548753 0.821289
    outer loop
      vertex 17.935 1.72756 29.4962
      vertex 11.96 2.22782 30.9658
      vertex 11.96 1.25455 30.3155
    endloop
  endfacet
  facet normal 0.148259 -0.192966 0.96994
    outer loop
      vertex 11.96 3.37587 31.1941
      vertex 17.935 2.70083 30.1465
      vertex 17.935 3.84888 30.3749
    endloop
  endfacet
  facet normal 0.148271 -0.192884 0.969954
    outer loop
      vertex 17.935 2.70083 30.1465
      vertex 11.96 3.37587 31.1941
      vertex 11.96 2.22782 30.9658
    endloop
  endfacet
  facet normal 0.196664 -0.815247 0.544697
    outer loop
      vertex 18.3198 1.35416 28.7984
      vertex 17.935 1.72756 29.4962
      vertex 17.935 1.31111 28.8729
    endloop
  endfacet
  facet normal 0.196713 -0.815225 0.544712
    outer loop
      vertex 19.1725 1.47626 28.6732
      vertex 17.935 1.72756 29.4962
      vertex 18.3198 1.35416 28.7984
    endloop
  endfacet
  facet normal 0.196699 -0.815239 0.544696
    outer loop
      vertex 20.2382 1.58553 28.4519
      vertex 17.935 1.72756 29.4962
      vertex 19.1725 1.47626 28.6732
    endloop
  endfacet
  facet normal 0.196703 -0.815234 0.544703
    outer loop
      vertex 17.935 1.72756 29.4962
      vertex 20.2382 1.58553 28.4519
      vertex 23.91 2.39584 28.3387
    endloop
  endfacet
  facet normal 0.190224 0 0.981741
    outer loop
      vertex 19.8394 23.4061 30.0059
      vertex 17.935 23.1931 30.3749
      vertex 19.8394 22.4061 30.0059
    endloop
  endfacet
  facet normal 0.190199 -0 0.981746
    outer loop
      vertex 23.1853 22.7803 29.3578
      vertex 23.91 23.8614 29.2174
      vertex 23.1853 23.7803 29.3578
    endloop
  endfacet
  facet normal 0.190199 0 0.981746
    outer loop
      vertex 23.91 23.8614 29.2174
      vertex 23.1853 22.7803 29.3578
      vertex 23.91 4.51716 29.2174
    endloop
  endfacet
  facet normal 0.190195 -1.49106e-07 0.981746
    outer loop
      vertex 22.41 22.5124 29.508
      vertex 23.91 4.51716 29.2174
      vertex 23.1853 22.7803 29.3578
    endloop
  endfacet
  facet normal 0.190156 -3.51856e-06 0.981754
    outer loop
      vertex 19.8394 22.4061 30.0059
      vertex 23.91 4.51716 29.2174
      vertex 22.41 22.5124 29.508
    endloop
  endfacet
  facet normal 0.190224 -0 0.981741
    outer loop
      vertex 17.935 3.84888 30.3749
      vertex 19.8394 22.4061 30.0059
      vertex 17.935 23.1931 30.3749
    endloop
  endfacet
  facet normal 0.190188 3.86943e-06 0.981748
    outer loop
      vertex 19.8394 22.4061 30.0059
      vertex 17.935 3.84888 30.3749
      vertex 23.91 4.51716 29.2174
    endloop
  endfacet
  facet normal 0.217853 -0.542216 0.811506
    outer loop
      vertex 23.91 3.36911 28.989
      vertex 17.935 1.72756 29.4962
      vertex 23.91 2.39584 28.3387
    endloop
  endfacet
  facet normal 0.196703 -0.815234 0.544703
    outer loop
      vertex 22.0425 1.77052 28.0772
      vertex 23.91 2.39584 28.3387
      vertex 20.2382 1.58553 28.4519
    endloop
  endfacet
  facet normal 0.196692 -0.815216 0.544733
    outer loop
      vertex 23.9 1.97827 27.7174
      vertex 23.91 2.39584 28.3387
      vertex 22.0425 1.77052 28.0772
    endloop
  endfacet
  facet normal 0.200954 -0.81453 0.544204
    outer loop
      vertex 23.91 2.39584 28.3387
      vertex 23.9 1.97827 27.7174
      vertex 23.91 1.979 27.7148
    endloop
  endfacet
  facet normal 0.207226 -0.190887 0.959489
    outer loop
      vertex 23.91 4.51716 29.2174
      vertex 17.935 3.84888 30.3749
      vertex 23.91 3.36911 28.989
    endloop
  endfacet
  facet normal 0.165734 0.192786 0.967143
    outer loop
      vertex 17.935 23.3135 30.3509
      vertex 17.935 23.1931 30.3749
      vertex 18.4066 23.3365 30.2655
    endloop
  endfacet
  facet normal 0.165903 0.192283 0.967214
    outer loop
      vertex 18.4066 23.3365 30.2655
      vertex 17.935 23.1931 30.3749
      vertex 19.8394 23.4061 30.0059
    endloop
  endfacet
  facet normal 0.165793 0.19279 0.967132
    outer loop
      vertex 23.91 24.0134 29.1871
      vertex 23.1853 23.7803 29.3578
      vertex 23.91 23.8614 29.2174
    endloop
  endfacet
  facet normal 0.217853 -0.542216 0.811506
    outer loop
      vertex 17.935 2.70083 30.1465
      vertex 17.935 1.72756 29.4962
      vertex 23.91 3.36911 28.989
    endloop
  endfacet
  facet normal 0.207226 -0.190887 0.959489
    outer loop
      vertex 17.935 3.84888 30.3749
      vertex 17.935 2.70083 30.1465
      vertex 23.91 3.36911 28.989
    endloop
  endfacet
  facet normal 0.252692 -0.80448 0.537548
    outer loop
      vertex 27.6891 2.53475 26.7701
      vertex 29.885 3.26579 26.8319
      vertex 23.91 2.39584 28.3387
    endloop
  endfacet
  facet normal 0.252716 -0.804543 0.537443
    outer loop
      vertex 28.1321 2.59374 26.6501
      vertex 29.885 3.26579 26.8319
      vertex 27.6891 2.53475 26.7701
    endloop
  endfacet
  facet normal 0.252679 -0.804477 0.53756
    outer loop
      vertex 29.875 2.84749 26.2106
      vertex 29.885 3.26579 26.8319
      vertex 28.1321 2.59374 26.6501
    endloop
  endfacet
  facet normal 0.256231 -0.803728 0.536998
    outer loop
      vertex 29.885 3.26579 26.8319
      vertex 29.875 2.84749 26.2106
      vertex 29.885 2.84854 26.2074
    endloop
  endfacet
  facet normal 0.244532 0 0.969641
    outer loop
      vertex 25.715 24.1242 28.7622
      vertex 23.91 23.8614 29.2174
      vertex 25.715 23.1242 28.7622
    endloop
  endfacet
  facet normal 0.244503 -0 0.969648
    outer loop
      vertex 28.9808 23.5997 27.9386
      vertex 29.885 24.7313 27.7106
      vertex 28.9808 24.5997 27.9386
    endloop
  endfacet
  facet normal 0.244503 0 0.969648
    outer loop
      vertex 29.885 24.7313 27.7106
      vertex 28.9808 23.5997 27.9386
      vertex 29.885 5.38711 27.7106
    endloop
  endfacet
  facet normal 0.244509 3.10228e-07 0.969647
    outer loop
      vertex 28.01 23.2429 28.1834
      vertex 29.885 5.38711 27.7106
      vertex 28.9808 23.5997 27.9386
    endloop
  endfacet
  facet normal 0.244543 4.09492e-06 0.969638
    outer loop
      vertex 25.715 23.1242 28.7622
      vertex 29.885 5.38711 27.7106
      vertex 28.01 23.2429 28.1834
    endloop
  endfacet
  facet normal 0.244532 -0 0.969641
    outer loop
      vertex 23.91 4.51716 29.2174
      vertex 25.715 23.1242 28.7622
      vertex 23.91 23.8614 29.2174
    endloop
  endfacet
  facet normal 0.244528 4.06941e-07 0.969642
    outer loop
      vertex 25.715 23.1242 28.7622
      vertex 23.91 4.51716 29.2174
      vertex 29.885 5.38711 27.7106
    endloop
  endfacet
  facet normal 0.213798 0.190975 0.958028
    outer loop
      vertex 23.91 24.0134 29.1871
      vertex 23.91 23.8614 29.2174
      vertex 25.715 24.1242 28.7622
    endloop
  endfacet
  facet normal 0.213774 0.191003 0.958028
    outer loop
      vertex 29.4249 24.7527 27.809
      vertex 28.9808 24.5997 27.9386
      vertex 29.885 24.7313 27.7106
    endloop
  endfacet
  facet normal 0.279033 -0.533494 0.798452
    outer loop
      vertex 23.91 3.36911 28.989
      vertex 29.885 3.26579 26.8319
      vertex 29.885 4.23906 27.4822
    endloop
  endfacet
  facet normal 0.279033 -0.533494 0.798452
    outer loop
      vertex 29.885 3.26579 26.8319
      vertex 23.91 3.36911 28.989
      vertex 23.91 2.39584 28.3387
    endloop
  endfacet
  facet normal 0.213772 0.190559 0.958117
    outer loop
      vertex 29.885 24.9113 27.6748
      vertex 29.4249 24.7527 27.809
      vertex 29.885 24.7313 27.7106
    endloop
  endfacet
  facet normal 0.265825 -0.188102 0.945492
    outer loop
      vertex 23.91 4.51716 29.2174
      vertex 23.91 3.36911 28.989
      vertex 29.885 5.38711 27.7106
    endloop
  endfacet
  facet normal 0.252696 -0.804507 0.537507
    outer loop
      vertex 24.4818 2.06226 27.5706
      vertex 23.91 2.39584 28.3387
      vertex 23.91 1.979 27.7148
    endloop
  endfacet
  facet normal 0.25268 -0.804517 0.537499
    outer loop
      vertex 25.56 2.25131 27.3467
      vertex 23.91 2.39584 28.3387
      vertex 24.4818 2.06226 27.5706
    endloop
  endfacet
  facet normal 0.252664 -0.804538 0.537475
    outer loop
      vertex 23.91 2.39584 28.3387
      vertex 25.56 2.25131 27.3467
      vertex 27.6891 2.53475 26.7701
    endloop
  endfacet
  facet normal 0.265825 -0.188102 0.945492
    outer loop
      vertex 29.885 5.38711 27.7106
      vertex 23.91 3.36911 28.989
      vertex 29.885 4.23906 27.4822
    endloop
  endfacet
  facet normal 0.298886 0 0.954289
    outer loop
      vertex 31.5574 25.0337 27.1868
      vertex 29.885 24.7313 27.7106
      vertex 31.5574 24.0337 27.1868
    endloop
  endfacet
  facet normal 0.298898 -0 0.954285
    outer loop
      vertex 34.778 24.6161 26.1782
      vertex 35.86 25.8117 25.8393
      vertex 34.778 25.6161 26.1782
    endloop
  endfacet
  facet normal 0.298898 0 0.954285
    outer loop
      vertex 35.86 25.8117 25.8393
      vertex 34.778 24.6161 26.1782
      vertex 35.86 6.46749 25.8393
    endloop
  endfacet
  facet normal 0.298871 -1.74207e-06 0.954294
    outer loop
      vertex 33.61 24.1586 26.544
      vertex 35.86 6.46749 25.8393
      vertex 34.778 24.6161 26.1782
    endloop
  endfacet
  facet normal 0.298852 -4.36079e-06 0.954299
    outer loop
      vertex 31.5574 24.0337 27.1868
      vertex 35.86 6.46749 25.8393
      vertex 33.61 24.1586 26.544
    endloop
  endfacet
  facet normal 0.298886 -0 0.954289
    outer loop
      vertex 29.885 5.38711 27.7106
      vertex 31.5574 24.0337 27.1868
      vertex 29.885 24.7313 27.7106
    endloop
  endfacet
  facet normal 0.298873 1.24399e-06 0.954293
    outer loop
      vertex 31.5574 24.0337 27.1868
      vertex 29.885 5.38711 27.7106
      vertex 35.86 6.46749 25.8393
    endloop
  endfacet
  facet normal 0.3085 -0.79093 0.528448
    outer loop
      vertex 30.6431 2.98562 25.97
      vertex 29.885 3.26579 26.8319
      vertex 29.885 2.84854 26.2074
    endloop
  endfacet
  facet normal 0.308521 -0.790914 0.52846
    outer loop
      vertex 31.9475 3.25838 25.6167
      vertex 29.885 3.26579 26.8319
      vertex 30.6431 2.98562 25.97
    endloop
  endfacet
  facet normal 0.308438 -0.79104 0.52832
    outer loop
      vertex 32.3118 3.31841 25.4939
      vertex 29.885 3.26579 26.8319
      vertex 31.9475 3.25838 25.6167
    endloop
  endfacet
  facet normal 0.308521 -0.790903 0.528477
    outer loop
      vertex 29.885 3.26579 26.8319
      vertex 32.3118 3.31841 25.4939
      vertex 35.86 4.34617 24.9606
    endloop
  endfacet
  facet normal 0.262419 0.188176 0.946428
    outer loop
      vertex 35.86 26.0164 25.7986
      vertex 34.778 25.6161 26.1782
      vertex 35.86 25.8117 25.8393
    endloop
  endfacet
  facet normal 0.262387 0.188234 0.946426
    outer loop
      vertex 29.885 24.9113 27.6748
      vertex 29.885 24.7313 27.7106
      vertex 31.5574 25.0337 27.1868
    endloop
  endfacet
  facet normal 0.339438 -0.522575 0.782111
    outer loop
      vertex 35.86 5.31944 25.6109
      vertex 29.885 4.23906 27.4822
      vertex 35.86 4.34617 24.9606
    endloop
  endfacet
  facet normal 0.323979 -0.184598 0.92788
    outer loop
      vertex 29.885 5.38711 27.7106
      vertex 35.86 5.31944 25.6109
      vertex 35.86 6.46749 25.8393
    endloop
  endfacet
  facet normal 0.323979 -0.184598 0.92788
    outer loop
      vertex 35.86 5.31944 25.6109
      vertex 29.885 5.38711 27.7106
      vertex 29.885 4.23906 27.4822
    endloop
  endfacet
  facet normal 0.30852 -0.790891 0.528494
    outer loop
      vertex 34.2472 3.63731 24.8413
      vertex 35.86 4.34617 24.9606
      vertex 32.3118 3.31841 25.4939
    endloop
  endfacet
  facet normal 0.308526 -0.790901 0.528476
    outer loop
      vertex 35.85 3.92712 24.3393
      vertex 35.86 4.34617 24.9606
      vertex 34.2472 3.63731 24.8413
    endloop
  endfacet
  facet normal 0.309823 -0.790561 0.528226
    outer loop
      vertex 35.86 4.34617 24.9606
      vertex 35.85 3.92712 24.3393
      vertex 35.86 3.9285 24.3355
    endloop
  endfacet
  facet normal 0.339438 -0.522575 0.782111
    outer loop
      vertex 29.885 4.23906 27.4822
      vertex 29.885 3.26579 26.8319
      vertex 35.86 4.34617 24.9606
    endloop
  endfacet
  facet normal 0.364172 -0.774379 0.517413
    outer loop
      vertex 36.8039 4.13426 23.9791
      vertex 35.86 4.34617 24.9606
      vertex 35.86 3.9285 24.3355
    endloop
  endfacet
  facet normal 0.364148 -0.774402 0.517395
    outer loop
      vertex 38.335 4.50928 23.4628
      vertex 35.86 4.34617 24.9606
      vertex 36.8039 4.13426 23.9791
    endloop
  endfacet
  facet normal 0.363102 -0.776173 0.515473
    outer loop
      vertex 38.3702 4.51625 23.4485
      vertex 35.86 4.34617 24.9606
      vertex 38.335 4.50928 23.4628
    endloop
  endfacet
  facet normal 0.364158 -0.774375 0.517429
    outer loop
      vertex 35.86 4.34617 24.9606
      vertex 38.3702 4.51625 23.4485
      vertex 41.835 5.64861 22.7047
    endloop
  endfacet
  facet normal 0.353251 0 0.935529
    outer loop
      vertex 37.382 26.1435 25.2646
      vertex 35.86 25.8117 25.8393
      vertex 37.382 25.1435 25.2646
    endloop
  endfacet
  facet normal 0.353218 -0 0.935541
    outer loop
      vertex 40.5777 25.8401 24.0581
      vertex 41.835 27.1141 23.5834
      vertex 40.5777 26.8401 24.0581
    endloop
  endfacet
  facet normal 0.353218 0 0.935541
    outer loop
      vertex 41.835 27.1141 23.5834
      vertex 40.5777 25.8401 24.0581
      vertex 41.835 7.76993 23.5834
    endloop
  endfacet
  facet normal 0.35326 3.28572e-06 0.935525
    outer loop
      vertex 39.8489 25.5352 24.3333
      vertex 41.835 7.76993 23.5834
      vertex 40.5777 25.8401 24.0581
    endloop
  endfacet
  facet normal 0.353195 -5.02299e-06 0.93555
    outer loop
      vertex 39.21 25.2679 24.5745
      vertex 41.835 7.76993 23.5834
      vertex 39.8489 25.5352 24.3333
    endloop
  endfacet
  facet normal 0.353162 -1.05195e-05 0.935562
    outer loop
      vertex 38.486 25.2186 24.8478
      vertex 41.835 7.76993 23.5834
      vertex 39.21 25.2679 24.5745
    endloop
  endfacet
  facet normal 0.353203 -1.64915e-06 0.935547
    outer loop
      vertex 37.382 25.1435 25.2646
      vertex 41.835 7.76993 23.5834
      vertex 38.486 25.2186 24.8478
    endloop
  endfacet
  facet normal 0.353251 -0 0.935529
    outer loop
      vertex 35.86 6.46749 25.8393
      vertex 37.382 25.1435 25.2646
      vertex 35.86 25.8117 25.8393
    endloop
  endfacet
  facet normal 0.353219 3.01044e-06 0.935541
    outer loop
      vertex 37.382 25.1435 25.2646
      vertex 35.86 6.46749 25.8393
      vertex 41.835 7.76993 23.5834
    endloop
  endfacet
  facet normal 0.398918 -0.509441 0.762453
    outer loop
      vertex 41.835 6.62188 23.355
      vertex 35.86 4.34617 24.9606
      vertex 41.835 5.64861 22.7047
    endloop
  endfacet
  facet normal 0.364158 -0.774381 0.517419
    outer loop
      vertex 40.3759 4.91288 22.6305
      vertex 41.835 5.64861 22.7047
      vertex 38.3702 4.51625 23.4485
    endloop
  endfacet
  facet normal 0.364151 -0.77437 0.51744
    outer loop
      vertex 41.825 5.22875 22.0834
      vertex 41.835 5.64861 22.7047
      vertex 40.3759 4.91288 22.6305
    endloop
  endfacet
  facet normal 0.365782 -0.773853 0.517064
    outer loop
      vertex 41.835 5.64861 22.7047
      vertex 41.825 5.22875 22.0834
      vertex 41.835 5.23047 22.0789
    endloop
  endfacet
  facet normal 0.381594 -0.180357 0.906564
    outer loop
      vertex 41.835 7.76993 23.5834
      vertex 35.86 6.46749 25.8393
      vertex 41.835 6.62188 23.355
    endloop
  endfacet
  facet normal 0.311466 0.18531 0.932013
    outer loop
      vertex 35.86 26.0164 25.7986
      vertex 35.86 25.8117 25.8393
      vertex 36.4866 26.0687 25.5788
    endloop
  endfacet
  facet normal 0.311599 0.185004 0.93203
    outer loop
      vertex 36.4866 26.0687 25.5788
      vertex 35.86 25.8117 25.8393
      vertex 37.382 26.1435 25.2646
    endloop
  endfacet
  facet normal 0.311536 0.185167 0.932019
    outer loop
      vertex 41.835 27.3401 23.5385
      vertex 40.5777 26.8401 24.0581
      vertex 41.835 27.1141 23.5834
    endloop
  endfacet
  facet normal 0.398918 -0.509441 0.762453
    outer loop
      vertex 35.86 5.31944 25.6109
      vertex 35.86 4.34617 24.9606
      vertex 41.835 6.62188 23.355
    endloop
  endfacet
  facet normal 0.381594 -0.180357 0.906564
    outer loop
      vertex 35.86 6.46749 25.8393
      vertex 35.86 5.31944 25.6109
      vertex 41.835 6.62188 23.355
    endloop
  endfacet
  facet normal 0.419559 -0.754757 0.504294
    outer loop
      vertex 45.4241 6.18282 20.5182
      vertex 47.81 7.18826 20.038
      vertex 41.835 5.64861 22.7047
    endloop
  endfacet
  facet normal 0.419553 -0.754707 0.504372
    outer loop
      vertex 46.5128 6.43585 19.9912
      vertex 47.81 7.18826 20.038
      vertex 45.4241 6.18282 20.5182
    endloop
  endfacet
  facet normal 0.419573 -0.754737 0.504313
    outer loop
      vertex 47.8 6.76755 19.4167
      vertex 47.81 7.18826 20.038
      vertex 46.5128 6.43585 19.9912
    endloop
  endfacet
  facet normal 0.420921 -0.754229 0.503948
    outer loop
      vertex 47.81 7.18826 20.038
      vertex 47.8 6.76755 19.4167
      vertex 47.81 6.76979 19.4117
    endloop
  endfacet
  facet normal 0.407582 0 0.913169
    outer loop
      vertex 43.1963 27.4649 22.9758
      vertex 41.835 27.1141 23.5834
      vertex 43.1963 26.4649 22.9758
    endloop
  endfacet
  facet normal 0.407553 -0 0.913182
    outer loop
      vertex 44.81 26.5821 22.2556
      vertex 47.81 28.6538 20.9167
      vertex 44.81 27.8807 22.2556
    endloop
  endfacet
  facet normal 0.407553 0 0.913182
    outer loop
      vertex 47.81 28.6538 20.9167
      vertex 44.81 26.5821 22.2556
      vertex 47.81 9.30958 20.9167
    endloop
  endfacet
  facet normal 0.407556 5.5229e-07 0.91318
    outer loop
      vertex 43.1963 26.4649 22.9758
      vertex 47.81 9.30958 20.9167
      vertex 44.81 26.5821 22.2556
    endloop
  endfacet
  facet normal 0.407582 -0 0.913169
    outer loop
      vertex 41.835 7.76993 23.5834
      vertex 43.1963 26.4649 22.9758
      vertex 41.835 27.1141 23.5834
    endloop
  endfacet
  facet normal 0.40756 1.92698e-06 0.913178
    outer loop
      vertex 43.1963 26.4649 22.9758
      vertex 41.835 7.76993 23.5834
      vertex 47.81 9.30958 20.9167
    endloop
  endfacet
  facet normal 0.361375 0.181695 0.914546
    outer loop
      vertex 41.835 27.3401 23.5385
      vertex 41.835 27.1141 23.5834
      vertex 43.1963 27.4649 22.9758
    endloop
  endfacet
  facet normal 0.361268 0.181956 0.914537
    outer loop
      vertex 44.81 28.4572 22.1409
      vertex 44.81 27.8807 22.2556
      vertex 47.81 28.6538 20.9167
    endloop
  endfacet
  facet normal 0.457326 -0.494059 0.739432
    outer loop
      vertex 41.835 6.62188 23.355
      vertex 47.81 7.18826 20.038
      vertex 47.81 8.16153 20.6883
    endloop
  endfacet
  facet normal 0.457326 -0.494059 0.739432
    outer loop
      vertex 47.81 7.18826 20.038
      vertex 41.835 6.62188 23.355
      vertex 41.835 5.64861 22.7047
    endloop
  endfacet
  facet normal 0.222245 0.541654 0.81069
    outer loop
      vertex 44.81 30.0021 21.3769
      vertex 47.81 29.8018 20.6883
      vertex 47.81 30.7751 20.038
    endloop
  endfacet
  facet normal 0.222245 0.541654 0.81069
    outer loop
      vertex 47.81 29.8018 20.6883
      vertex 44.81 30.0021 21.3769
      vertex 44.81 29.0288 22.0272
    endloop
  endfacet
  facet normal 0.361274 0.181951 0.914535
    outer loop
      vertex 44.81 29.0288 22.0272
      vertex 47.81 28.6538 20.9167
      vertex 47.81 29.8018 20.6883
    endloop
  endfacet
  facet normal 0.361273 0.181917 0.914543
    outer loop
      vertex 47.81 28.6538 20.9167
      vertex 44.81 29.0288 22.0272
      vertex 44.81 28.4572 22.1409
    endloop
  endfacet
  facet normal 0.438573 -0.175355 0.881422
    outer loop
      vertex 41.835 7.76993 23.5834
      vertex 41.835 6.62188 23.355
      vertex 47.81 9.30958 20.9167
    endloop
  endfacet
  facet normal 0.419548 -0.754756 0.504304
    outer loop
      vertex 42.9646 5.52156 21.5748
      vertex 41.835 5.64861 22.7047
      vertex 41.835 5.23047 22.0789
    endloop
  endfacet
  facet normal 0.419558 -0.754745 0.504313
    outer loop
      vertex 44.7225 6.01974 20.8579
      vertex 41.835 5.64861 22.7047
      vertex 42.9646 5.52156 21.5748
    endloop
  endfacet
  facet normal 0.419665 -0.754547 0.50452
    outer loop
      vertex 41.835 5.64861 22.7047
      vertex 44.7225 6.01974 20.8579
      vertex 45.4241 6.18282 20.5182
    endloop
  endfacet
  facet normal 0.0335858 0.831128 0.555066
    outer loop
      vertex 44.81 30.4202 20.7511
      vertex 44.81 30.3259 20.8923
      vertex 45.6767 30.6435 20.3643
    endloop
  endfacet
  facet normal 0.033749 0.830995 0.555254
    outer loop
      vertex 44.81 30.0021 21.3769
      vertex 45.6767 30.6435 20.3643
      vertex 44.81 30.3259 20.8923
    endloop
  endfacet
  facet normal 0.0336556 0.831036 0.5552
    outer loop
      vertex 47.81 30.7751 20.038
      vertex 45.6767 30.6435 20.3643
      vertex 44.81 30.0021 21.3769
    endloop
  endfacet
  facet normal 0.0336763 0.830964 0.555306
    outer loop
      vertex 47.81 30.7751 20.038
      vertex 47.8 31.1907 19.4167
      vertex 45.6767 30.6435 20.3643
    endloop
  endfacet
  facet normal 0.0366469 0.830899 0.555215
    outer loop
      vertex 47.8 31.1907 19.4167
      vertex 47.81 30.7751 20.038
      vertex 47.81 31.1936 19.4117
    endloop
  endfacet
  facet normal 0.438573 -0.175355 0.881422
    outer loop
      vertex 47.81 9.30958 20.9167
      vertex 41.835 6.62188 23.355
      vertex 47.81 8.16153 20.6883
    endloop
  endfacet
  facet normal 0.550548 -0.694119 0.463784
    outer loop
      vertex 48.5409 7.10757 19.0496
      vertex 47.81 7.18826 20.038
      vertex 47.81 6.76979 19.4117
    endloop
  endfacet
  facet normal 0.550531 -0.69414 0.463773
    outer loop
      vertex 47.81 7.18826 20.038
      vertex 48.5409 7.10757 19.0496
      vertex 49.8601 8.13567 19.0224
    endloop
  endfacet
  facet normal 0.180866 0.817745 0.546425
    outer loop
      vertex 49.8601 31.0003 19.0224
      vertex 47.81 31.1936 19.4117
      vertex 47.81 30.7751 20.038
    endloop
  endfacet
  facet normal 0.180869 0.817727 0.546452
    outer loop
      vertex 49.8601 31.0003 19.0224
      vertex 49.8501 31.4177 18.4011
      vertex 47.81 31.1936 19.4117
    endloop
  endfacet
  facet normal 0.177966 0.818145 0.546779
    outer loop
      vertex 49.8501 31.4177 18.4011
      vertex 49.8601 31.0003 19.0224
      vertex 49.8601 31.419 18.3959
    endloop
  endfacet
  facet normal 0.550519 -0.694125 0.46381
    outer loop
      vertex 49.8501 7.71259 18.4011
      vertex 49.8601 8.13567 19.0224
      vertex 48.5409 7.10757 19.0496
    endloop
  endfacet
  facet normal 0.549721 -0.694553 0.464115
    outer loop
      vertex 49.8601 8.13567 19.0224
      vertex 49.8501 7.71259 18.4011
      vertex 49.8601 7.71703 18.3959
    endloop
  endfacet
  facet normal 0.555839 -0.461831 0.691199
    outer loop
      vertex 47.81 8.16153 20.6883
      vertex 47.81 7.18826 20.038
      vertex 49.8601 8.13567 19.0224
    endloop
  endfacet
  facet normal 0.331 0.524325 0.784552
    outer loop
      vertex 49.8601 31.0003 19.0224
      vertex 47.81 29.8018 20.6883
      vertex 49.8601 30.0271 19.6728
    endloop
  endfacet
  facet normal 0.44423 0 0.895913
    outer loop
      vertex 49.8601 28.879 19.9011
      vertex 49.8 13.9459 19.9309
      vertex 49.8601 13.8998 19.9011
    endloop
  endfacet
  facet normal 0.443743 2.44076e-06 0.896154
    outer loop
      vertex 49.8601 28.879 19.9011
      vertex 49.5106 14.0658 20.0742
      vertex 49.8 13.9459 19.9309
    endloop
  endfacet
  facet normal 0.443979 -4.50225e-06 0.896037
    outer loop
      vertex 49.8601 28.879 19.9011
      vertex 49.2 14.1067 20.2281
      vertex 49.5106 14.0658 20.0742
    endloop
  endfacet
  facet normal 0.443906 -4.41851e-07 0.896073
    outer loop
      vertex 47.81 28.6538 20.9167
      vertex 49.2 14.1067 20.2281
      vertex 49.8601 28.879 19.9011
    endloop
  endfacet
  facet normal 0.44375 -1.90309e-05 0.896151
    outer loop
      vertex 49.2 14.1067 20.2281
      vertex 47.81 28.6538 20.9167
      vertex 48.8894 14.0658 20.3819
    endloop
  endfacet
  facet normal 0.44399 3.05597e-06 0.896032
    outer loop
      vertex 48.8894 14.0658 20.3819
      vertex 47.81 28.6538 20.9167
      vertex 48.6 13.9459 20.5253
    endloop
  endfacet
  facet normal 0.443895 -3.27297e-06 0.896079
    outer loop
      vertex 48.6 13.9459 20.5253
      vertex 47.81 28.6538 20.9167
      vertex 48.3515 13.7552 20.6484
    endloop
  endfacet
  facet normal 0.444014 2.0897e-06 0.89602
    outer loop
      vertex 48.3515 13.7552 20.6484
      vertex 47.81 28.6538 20.9167
      vertex 48.1608 13.5067 20.7429
    endloop
  endfacet
  facet normal 0.443923 -5.13988e-07 0.896065
    outer loop
      vertex 48.1608 13.5067 20.7429
      vertex 47.81 28.6538 20.9167
      vertex 48.0409 13.2172 20.8023
    endloop
  endfacet
  facet normal 0.442939 -1.88479e-05 0.896552
    outer loop
      vertex 48.0409 13.2172 20.8023
      vertex 47.81 28.6538 20.9167
      vertex 48 12.9067 20.8225
    endloop
  endfacet
  facet normal 0.44423 0 0.895913
    outer loop
      vertex 49.8 11.8674 19.9309
      vertex 49.8601 10.257 19.9011
      vertex 49.8601 11.9135 19.9011
    endloop
  endfacet
  facet normal 0.443749 -2.23254e-05 0.896151
    outer loop
      vertex 49.5106 11.7475 20.0742
      vertex 49.8601 10.257 19.9011
      vertex 49.8 11.8674 19.9309
    endloop
  endfacet
  facet normal 0.443975 4.35431e-05 0.896039
    outer loop
      vertex 49.2 11.7067 20.2281
      vertex 49.8601 10.257 19.9011
      vertex 49.5106 11.7475 20.0742
    endloop
  endfacet
  facet normal 0.443738 -9.06434e-05 0.896156
    outer loop
      vertex 48.8894 11.7475 20.3819
      vertex 49.8601 10.257 19.9011
      vertex 49.2 11.7067 20.2281
    endloop
  endfacet
  facet normal 0.443985 -1.59256e-05 0.896034
    outer loop
      vertex 47.81 9.30958 20.9167
      vertex 48.8894 11.7475 20.3819
      vertex 48.6 11.8674 20.5253
    endloop
  endfacet
  facet normal 0.443903 1.58412e-05 0.896075
    outer loop
      vertex 47.81 9.30958 20.9167
      vertex 48.6 11.8674 20.5253
      vertex 48.3515 12.0581 20.6484
    endloop
  endfacet
  facet normal 0.443893 3.49025e-05 0.89608
    outer loop
      vertex 48.8894 11.7475 20.3819
      vertex 47.81 9.30958 20.9167
      vertex 49.8601 10.257 19.9011
    endloop
  endfacet
  facet normal 0.444006 -9.43957e-06 0.896024
    outer loop
      vertex 48.1608 12.3067 20.7429
      vertex 47.81 9.30958 20.9167
      vertex 48.3515 12.0581 20.6484
    endloop
  endfacet
  facet normal 0.443926 2.13869e-06 0.896063
    outer loop
      vertex 48.0409 12.5961 20.8023
      vertex 47.81 9.30958 20.9167
      vertex 48.1608 12.3067 20.7429
    endloop
  endfacet
  facet normal 0.443216 6.42731e-05 0.896415
    outer loop
      vertex 48 12.9067 20.8225
      vertex 47.81 9.30958 20.9167
      vertex 48.0409 12.5961 20.8023
    endloop
  endfacet
  facet normal 0.444193 -0 0.895931
    outer loop
      vertex 47.81 9.30958 20.9167
      vertex 48 12.9067 20.8225
      vertex 47.81 28.6538 20.9167
    endloop
  endfacet
  facet normal 0.421194 0.176888 0.889554
    outer loop
      vertex 47.81 29.8018 20.6883
      vertex 49.8601 28.879 19.9011
      vertex 49.8601 30.0271 19.6728
    endloop
  endfacet
  facet normal 0.421221 0.176975 0.889524
    outer loop
      vertex 49.8601 28.879 19.9011
      vertex 47.81 29.8018 20.6883
      vertex 47.81 28.6538 20.9167
    endloop
  endfacet
  facet normal 0.331093 0.524214 0.784587
    outer loop
      vertex 47.81 30.7751 20.038
      vertex 47.81 29.8018 20.6883
      vertex 49.8601 31.0003 19.0224
    endloop
  endfacet
  facet normal 0.55582 -0.461887 0.691176
    outer loop
      vertex 49.8601 9.10894 19.6728
      vertex 47.81 8.16153 20.6883
      vertex 49.8601 8.13567 19.0224
    endloop
  endfacet
  facet normal 0.499129 -0.169006 0.849887
    outer loop
      vertex 47.81 9.30958 20.9167
      vertex 49.8601 9.10894 19.6728
      vertex 49.8601 10.257 19.9011
    endloop
  endfacet
  facet normal 0.499117 -0.16908 0.849879
    outer loop
      vertex 49.8601 9.10894 19.6728
      vertex 47.81 9.30958 20.9167
      vertex 47.81 8.16153 20.6883
    endloop
  endfacet
  facet normal 0.690869 -0.401701 0.601113
    outer loop
      vertex 49.8601 9.10894 19.6728
      vertex 49.8601 8.13567 19.0224
      vertex 52.0484 11.1612 18.5292
    endloop
  endfacet
  facet normal 0.463149 0 0.88628
    outer loop
      vertex 50.0485 13.7552 19.8026
      vertex 52.0484 12.3093 18.7575
      vertex 52.0484 28.1472 18.7575
    endloop
  endfacet
  facet normal 0.46325 0.000226251 0.886228
    outer loop
      vertex 52.0484 12.3093 18.7575
      vertex 50.3591 13.2172 19.6403
      vertex 50.4 12.9067 19.619
    endloop
  endfacet
  facet normal 0.463084 -0.000166425 0.886315
    outer loop
      vertex 52.0484 12.3093 18.7575
      vertex 50.2392 13.5067 19.703
      vertex 50.3591 13.2172 19.6403
    endloop
  endfacet
  facet normal 0.4634 0.00044271 0.886149
    outer loop
      vertex 52.0484 12.3093 18.7575
      vertex 50.0485 13.7552 19.8026
      vertex 50.2392 13.5067 19.703
    endloop
  endfacet
  facet normal 0.463164 -0 0.886273
    outer loop
      vertex 49.8601 13.8998 19.9011
      vertex 52.0484 28.1472 18.7575
      vertex 49.8601 28.879 19.9011
    endloop
  endfacet
  facet normal 0.463305 -2.75579e-05 0.886199
    outer loop
      vertex 52.0484 28.1472 18.7575
      vertex 49.8601 13.8998 19.9011
      vertex 50.0485 13.7552 19.8026
    endloop
  endfacet
  facet normal 0.463127 -0.000205585 0.886292
    outer loop
      vertex 50.3591 12.5961 19.6403
      vertex 52.0484 12.3093 18.7575
      vertex 50.4 12.9067 19.619
    endloop
  endfacet
  facet normal 0.46317 0.000120914 0.886269
    outer loop
      vertex 50.2392 12.3067 19.703
      vertex 52.0484 12.3093 18.7575
      vertex 50.3591 12.5961 19.6403
    endloop
  endfacet
  facet normal 0.46317 -0.00021804 0.886269
    outer loop
      vertex 50.0485 12.0581 19.8026
      vertex 52.0484 12.3093 18.7575
      vertex 50.2392 12.3067 19.703
    endloop
  endfacet
  facet normal 0.463321 -0 0.88619
    outer loop
      vertex 49.8601 10.257 19.9011
      vertex 50.0485 12.0581 19.8026
      vertex 49.8601 11.9135 19.9011
    endloop
  endfacet
  facet normal 0.463147 2.32647e-05 0.886282
    outer loop
      vertex 50.0485 12.0581 19.8026
      vertex 49.8601 10.257 19.9011
      vertex 52.0484 12.3093 18.7575
    endloop
  endfacet
  facet normal 0.527117 0.472151 0.706556
    outer loop
      vertex 52.0484 30.2686 17.8788
      vertex 49.8601 31.0003 19.0224
      vertex 52.0484 29.2953 18.5292
    endloop
  endfacet
  facet normal 0.494125 0.722872 0.483008
    outer loop
      vertex 52.0484 30.2686 17.8788
      vertex 51.2688 30.9479 17.6597
      vertex 49.8601 31.0003 19.0224
    endloop
  endfacet
  facet normal 0.494112 0.722865 0.483032
    outer loop
      vertex 52.0484 30.2686 17.8788
      vertex 52.0384 30.6906 17.2575
      vertex 51.2688 30.9479 17.6597
    endloop
  endfacet
  facet normal 0.492635 0.723547 0.483519
    outer loop
      vertex 52.0384 30.6906 17.2575
      vertex 52.0484 30.2686 17.8788
      vertex 52.0484 30.6874 17.2521
    endloop
  endfacet
  facet normal 0.690882 -0.401714 0.601089
    outer loop
      vertex 52.0484 11.1612 18.5292
      vertex 49.8601 8.13567 19.0224
      vertex 52.0484 10.188 17.8788
    endloop
  endfacet
  facet normal 0.527132 0.472179 0.706526
    outer loop
      vertex 49.8601 31.0003 19.0224
      vertex 49.8601 30.0271 19.6728
      vertex 52.0484 29.2953 18.5292
    endloop
  endfacet
  facet normal 0.494173 0.722803 0.483061
    outer loop
      vertex 49.8601 31.419 18.3959
      vertex 49.8601 31.0003 19.0224
      vertex 51.2688 30.9479 17.6597
    endloop
  endfacet
  facet normal 0.500281 0.168871 0.849236
    outer loop
      vertex 49.8601 30.0271 19.6728
      vertex 49.8601 28.879 19.9011
      vertex 52.0484 29.2953 18.5292
    endloop
  endfacet
  facet normal 0.730645 -0.567653 0.379379
    outer loop
      vertex 49.8601 8.13567 19.0224
      vertex 50.6515 8.46272 17.9876
      vertex 52.0484 10.188 17.8788
    endloop
  endfacet
  facet normal 0.730569 -0.567826 0.379266
    outer loop
      vertex 50.6515 8.46272 17.9876
      vertex 49.8601 8.13567 19.0224
      vertex 50.5151 8.33131 18.0536
    endloop
  endfacet
  facet normal 0.730638 -0.567688 0.379341
    outer loop
      vertex 50.5151 8.33131 18.0536
      vertex 49.8601 8.13567 19.0224
      vertex 49.8601 7.71703 18.3959
    endloop
  endfacet
  facet normal 0.500281 0.168871 0.849236
    outer loop
      vertex 52.0484 29.2953 18.5292
      vertex 49.8601 28.879 19.9011
      vertex 52.0484 28.1472 18.7575
    endloop
  endfacet
  facet normal 0.570965 -0.160116 0.805209
    outer loop
      vertex 52.0484 12.3093 18.7575
      vertex 49.8601 10.257 19.9011
      vertex 52.0484 11.1612 18.5292
    endloop
  endfacet
  facet normal 0.570966 -0.160121 0.805207
    outer loop
      vertex 49.8601 10.257 19.9011
      vertex 49.8601 9.10894 19.6728
      vertex 52.0484 11.1612 18.5292
    endloop
  endfacet
  facet normal 0.729521 -0.568648 0.380051
    outer loop
      vertex 52.0484 10.188 17.8788
      vertex 52.0384 9.75993 17.2575
      vertex 52.0484 9.76915 17.2521
    endloop
  endfacet
  facet normal 0.730641 -0.567671 0.37936
    outer loop
      vertex 52.0484 10.188 17.8788
      vertex 51.11 8.90455 17.7656
      vertex 52.0384 9.75993 17.2575
    endloop
  endfacet
  facet normal 0.730681 -0.56769 0.379254
    outer loop
      vertex 51.11 8.90455 17.7656
      vertex 52.0484 10.188 17.8788
      vertex 50.6515 8.46272 17.9876
    endloop
  endfacet
  facet normal 0.730643 -0.567709 0.379299
    outer loop
      vertex 52.0384 9.75993 17.2575
      vertex 51.11 8.90455 17.7656
      vertex 51.11 8.88925 17.7427
    endloop
  endfacet
  facet normal 0.881357 -0.392799 0.262524
    outer loop
      vertex 52.0484 10.188 17.8788
      vertex 52.0484 9.76915 17.2521
      vertex 52.9462 11.4558 16.7616
    endloop
  endfacet
  facet normal 0.614629 0.153844 0.773669
    outer loop
      vertex 52.0484 28.1472 18.7575
      vertex 53.4425 27.5557 17.7676
      vertex 52.0484 29.2953 18.5292
    endloop
  endfacet
  facet normal 0.614629 0.153844 0.773669
    outer loop
      vertex 53.4425 27.5557 17.7676
      vertex 52.0484 28.1472 18.7575
      vertex 53.4425 26.4076 17.9959
    endloop
  endfacet
  facet normal 0.479425 0 0.877583
    outer loop
      vertex 52.0484 28.1472 18.7575
      vertex 53.4425 14.9283 17.9959
      vertex 53.4425 26.4076 17.9959
    endloop
  endfacet
  facet normal 0.479425 0 0.877583
    outer loop
      vertex 53.4425 14.9283 17.9959
      vertex 52.0484 28.1472 18.7575
      vertex 52.0484 12.3093 18.7575
    endloop
  endfacet
  facet normal 0.80167 0.497005 0.33213
    outer loop
      vertex 52.0484 30.2686 17.8788
      vertex 52.5447 30.0681 16.9809
      vertex 52.0484 30.6874 17.2521
    endloop
  endfacet
  facet normal 0.801656 0.49704 0.332114
    outer loop
      vertex 52.5447 30.0681 16.9809
      vertex 52.0484 30.2686 17.8788
      vertex 53.4425 28.529 17.1172
    endloop
  endfacet
  facet normal 0.831715 -0.308474 0.46162
    outer loop
      vertex 52.0484 11.1612 18.5292
      vertex 53.4425 12.807 17.1172
      vertex 53.4425 13.7803 17.7676
    endloop
  endfacet
  facet normal 0.831719 -0.308493 0.461601
    outer loop
      vertex 53.4425 12.807 17.1172
      vertex 52.0484 11.1612 18.5292
      vertex 52.0484 10.188 17.8788
    endloop
  endfacet
  facet normal 0.753904 0.365025 0.546246
    outer loop
      vertex 52.0484 29.2953 18.5292
      vertex 53.4425 28.529 17.1172
      vertex 52.0484 30.2686 17.8788
    endloop
  endfacet
  facet normal 0.753904 0.365025 0.546246
    outer loop
      vertex 53.4425 28.529 17.1172
      vertex 52.0484 29.2953 18.5292
      vertex 53.4425 27.5557 17.7676
    endloop
  endfacet
  facet normal 0.801895 0.496804 0.331889
    outer loop
      vertex 53.4325 28.9602 16.4959
      vertex 53.4425 28.529 17.1172
      vertex 53.4425 28.9478 16.4903
    endloop
  endfacet
  facet normal 0.801674 0.497046 0.332061
    outer loop
      vertex 53.4425 28.529 17.1172
      vertex 53.4325 28.9602 16.4959
      vertex 52.5447 30.0681 16.9809
    endloop
  endfacet
  facet normal 0.66988 -0.144817 0.728209
    outer loop
      vertex 52.0484 12.3093 18.7575
      vertex 53.4425 13.7803 17.7676
      vertex 53.4425 14.9283 17.9959
    endloop
  endfacet
  facet normal 0.669874 -0.144806 0.728217
    outer loop
      vertex 53.4425 13.7803 17.7676
      vertex 52.0484 12.3093 18.7575
      vertex 52.0484 11.1612 18.5292
    endloop
  endfacet
  facet normal 0.881405 -0.392749 0.262438
    outer loop
      vertex 53.4425 12.807 17.1172
      vertex 53.4325 12.3694 16.4959
      vertex 53.4425 12.3881 16.4903
    endloop
  endfacet
  facet normal 0.881367 -0.392806 0.262479
    outer loop
      vertex 53.4425 12.807 17.1172
      vertex 52.9462 11.4558 16.7616
      vertex 53.4325 12.3694 16.4959
    endloop
  endfacet
  facet normal 0.881356 -0.392811 0.26251
    outer loop
      vertex 52.9462 11.4558 16.7616
      vertex 53.4425 12.807 17.1172
      vertex 52.0484 10.188 17.8788
    endloop
  endfacet
  facet normal 0.487426 0 0.873164
    outer loop
      vertex 53.4425 26.4076 17.9959
      vertex 53.804 16.8441 17.7941
      vertex 53.804 24.7248 17.7941
    endloop
  endfacet
  facet normal 0.487426 0 0.873164
    outer loop
      vertex 53.804 16.8441 17.7941
      vertex 53.4425 26.4076 17.9959
      vertex 53.4425 14.9283 17.9959
    endloop
  endfacet
  facet normal 1 0 0
    outer loop
      vertex 53.804 25.8729 17.5658
      vertex 53.804 27.2613 16.2941
      vertex 53.804 26.8462 16.9155
    endloop
  endfacet
  facet normal 1 0 0
    outer loop
      vertex 53.804 24.7248 17.7941
      vertex 53.804 27.2613 16.2941
      vertex 53.804 25.8729 17.5658
    endloop
  endfacet
  facet normal 1 -0 0
    outer loop
      vertex 53.804 16.8441 17.7941
      vertex 53.804 27.2613 16.2941
      vertex 53.804 24.7248 17.7941
    endloop
  endfacet
  facet normal 1 0 0
    outer loop
      vertex 53.804 14.3076 16.2941
      vertex 53.804 16.8441 17.7941
      vertex 53.804 15.6961 17.5658
    endloop
  endfacet
  facet normal 1 0 0
    outer loop
      vertex 53.804 14.3076 16.2941
      vertex 53.804 15.6961 17.5658
      vertex 53.804 14.7228 16.9155
    endloop
  endfacet
  facet normal 1 0 0
    outer loop
      vertex 53.804 16.8441 17.7941
      vertex 53.804 14.3076 16.2941
      vertex 53.804 27.2613 16.2941
    endloop
  endfacet
  facet normal 0.845161 -0.104256 0.524246
    outer loop
      vertex 53.4425 14.9283 17.9959
      vertex 53.804 15.6961 17.5658
      vertex 53.804 16.8441 17.7941
    endloop
  endfacet
  facet normal 0.845161 -0.104256 0.524246
    outer loop
      vertex 53.804 15.6961 17.5658
      vertex 53.4425 14.9283 17.9959
      vertex 53.4425 13.7803 17.7676
    endloop
  endfacet
  facet normal 0.972552 0.193484 0.129257
    outer loop
      vertex 53.4425 28.9478 16.4903
      vertex 53.4425 28.529 17.1172
      vertex 53.6754 27.8639 16.3604
    endloop
  endfacet
  facet normal 0.959559 -0.156408 0.234059
    outer loop
      vertex 53.4425 13.7803 17.7676
      vertex 53.4425 12.807 17.1172
      vertex 53.804 15.6961 17.5658
    endloop
  endfacet
  facet normal 0.824196 0.110447 0.55543
    outer loop
      vertex 53.4425 26.4076 17.9959
      vertex 53.804 25.8729 17.5658
      vertex 53.4425 27.5557 17.7676
    endloop
  endfacet
  facet normal 0.824196 0.110447 0.55543
    outer loop
      vertex 53.804 25.8729 17.5658
      vertex 53.4425 26.4076 17.9959
      vertex 53.804 24.7248 17.7941
    endloop
  endfacet
  facet normal 0.959547 -0.156414 0.234104
    outer loop
      vertex 53.804 15.6961 17.5658
      vertex 53.4425 12.807 17.1172
      vertex 53.804 14.7228 16.9155
    endloop
  endfacet
  facet normal 0.950245 0.173073 0.258998
    outer loop
      vertex 53.4425 28.529 17.1172
      vertex 53.4425 27.5557 17.7676
      vertex 53.804 25.8729 17.5658
    endloop
  endfacet
  facet normal 0.95023 0.17308 0.259047
    outer loop
      vertex 53.804 26.8462 16.9155
      vertex 53.4425 28.529 17.1172
      vertex 53.804 25.8729 17.5658
    endloop
  endfacet
  facet normal 0.978246 -0.17245 0.115305
    outer loop
      vertex 53.4425 12.807 17.1172
      vertex 53.5712 13.0699 16.4185
      vertex 53.804 14.7228 16.9155
    endloop
  endfacet
  facet normal 0.978238 -0.172517 0.115278
    outer loop
      vertex 53.5712 13.0699 16.4185
      vertex 53.4425 12.807 17.1172
      vertex 53.4425 12.3881 16.4903
    endloop
  endfacet
  facet normal 0.972556 0.193426 0.129308
    outer loop
      vertex 53.804 26.8462 16.9155
      vertex 53.6754 27.8639 16.3604
      vertex 53.4425 28.529 17.1172
    endloop
  endfacet
  facet normal 0.972592 0.193348 0.129157
    outer loop
      vertex 53.6754 27.8639 16.3604
      vertex 53.804 26.8462 16.9155
      vertex 53.794 27.3116 16.2941
    endloop
  endfacet
  facet normal 0.972589 0.193358 0.129164
    outer loop
      vertex 53.794 27.3116 16.2941
      vertex 53.804 26.8462 16.9155
      vertex 53.804 27.2613 16.2941
    endloop
  endfacet
  facet normal 0.978236 -0.172528 0.115278
    outer loop
      vertex 53.804 14.7228 16.9155
      vertex 53.794 14.2509 16.2941
      vertex 53.804 14.3076 16.2941
    endloop
  endfacet
  facet normal 0.978265 -0.172419 0.115195
    outer loop
      vertex 53.794 14.2509 16.2941
      vertex 53.804 14.7228 16.9155
      vertex 53.5712 13.0699 16.4185
    endloop
  endfacet
  facet normal -1 0 0
    outer loop
      vertex -44.8 35.425 20.7511
      vertex -44.8 33.998 22.0805
      vertex -44.8 34.9713 21.4302
    endloop
  endfacet
  facet normal -1 0 0
    outer loop
      vertex -44.8 30.4202 20.7511
      vertex -44.8 33.998 22.0805
      vertex -44.8 35.425 20.7511
    endloop
  endfacet
  facet normal -1 -0 0
    outer loop
      vertex -44.8 33.998 22.0805
      vertex -44.8 30.4202 20.7511
      vertex -44.8 32.85 22.3089
    endloop
  endfacet
  facet normal -1 0 0
    outer loop
      vertex -44.8 30.3259 20.8923
      vertex -44.8 32.85 22.3089
      vertex -44.8 30.4202 20.7511
    endloop
  endfacet
  facet normal -1 0 0
    outer loop
      vertex -44.8 30.0021 21.3769
      vertex -44.8 32.85 22.3089
      vertex -44.8 30.3259 20.8923
    endloop
  endfacet
  facet normal -1 0 0
    outer loop
      vertex -44.8 29.0288 22.0272
      vertex -44.8 32.85 22.3089
      vertex -44.8 30.0021 21.3769
    endloop
  endfacet
  facet normal -1 0 0
    outer loop
      vertex -44.8 28.4572 22.141
      vertex -44.8 32.85 22.3089
      vertex -44.8 29.0288 22.0272
    endloop
  endfacet
  facet normal -1 0 0
    outer loop
      vertex -44.8 27.8807 22.2556
      vertex -44.8 32.85 22.3089
      vertex -44.8 28.4572 22.141
    endloop
  endfacet
  facet normal -1 0 0
    outer loop
      vertex -44.8 27.8807 22.2556
      vertex -44.8 26.85 22.3089
      vertex -44.8 32.85 22.3089
    endloop
  endfacet
  facet normal -1 0 -0
    outer loop
      vertex -44.8 26.85 22.3089
      vertex -44.8 27.8807 22.2556
      vertex -44.8 26.5821 22.2556
    endloop
  endfacet
  facet normal -0.411813 -0.177627 0.893789
    outer loop
      vertex -39.2 25.5137 24.6234
      vertex -40.5677 25.8401 24.0581
      vertex -39.8389 25.5352 24.3333
    endloop
  endfacet
  facet normal -0.411801 -0.177817 0.893757
    outer loop
      vertex -44.8 26.85 22.3089
      vertex -44.8 26.5821 22.2556
      vertex -43.1863 26.4649 22.9758
    endloop
  endfacet
  facet normal -0.38198 0 0.924171
    outer loop
      vertex -39.2 31.5137 24.6234
      vertex -40.5677 26.8401 24.0581
      vertex -39.2 25.5137 24.6234
    endloop
  endfacet
  facet normal -0.381941 -1.33515e-05 0.924187
    outer loop
      vertex -39.2 31.5137 24.6234
      vertex -41.825 27.3401 23.5385
      vertex -40.5677 26.8401 24.0581
    endloop
  endfacet
  facet normal -0.382003 3.27779e-05 0.924161
    outer loop
      vertex -39.2 31.5137 24.6234
      vertex -43.1863 27.4649 22.9758
      vertex -41.825 27.3401 23.5385
    endloop
  endfacet
  facet normal -0.381967 -8.86708e-06 0.924176
    outer loop
      vertex -44.8 32.85 22.3089
      vertex -43.1863 27.4649 22.9758
      vertex -39.2 31.5137 24.6234
    endloop
  endfacet
  facet normal -0.381942 0 0.924186
    outer loop
      vertex -44.8 26.85 22.3089
      vertex -43.1863 27.4649 22.9758
      vertex -44.8 32.85 22.3089
    endloop
  endfacet
  facet normal -0.381942 0 0.924186
    outer loop
      vertex -43.1863 27.4649 22.9758
      vertex -44.8 26.85 22.3089
      vertex -43.1863 26.4649 22.9758
    endloop
  endfacet
  facet normal -0.38198 0 0.924171
    outer loop
      vertex -39.2 25.5137 24.6234
      vertex -40.5677 26.8401 24.0581
      vertex -40.5677 25.8401 24.0581
    endloop
  endfacet
  facet normal -0.337716 0.183666 0.923155
    outer loop
      vertex -44.8 33.998 22.0805
      vertex -44.8 32.85 22.3089
      vertex -39.2 31.5137 24.6234
    endloop
  endfacet
  facet normal -0.411804 -0.177806 0.893757
    outer loop
      vertex -39.2 25.5137 24.6234
      vertex -39.8389 25.5352 24.3333
      vertex -39.2 25.2679 24.5745
    endloop
  endfacet
  facet normal -0.337723 0.18365 0.923155
    outer loop
      vertex -39.2 32.6618 24.395
      vertex -44.8 33.998 22.0805
      vertex -39.2 31.5137 24.6234
    endloop
  endfacet
  facet normal -0.206537 0.543569 0.813557
    outer loop
      vertex -44.8 33.998 22.0805
      vertex -39.2 33.635 23.7447
      vertex -44.8 34.9713 21.4302
    endloop
  endfacet
  facet normal -0.206527 0.543609 0.813533
    outer loop
      vertex -39.2 33.635 23.7447
      vertex -44.8 33.998 22.0805
      vertex -39.2 32.6618 24.395
    endloop
  endfacet
  facet normal -0.0311861 0.831091 0.555261
    outer loop
      vertex -41.815 34.6469 22.0834
      vertex -44.8 34.9713 21.4302
      vertex -41.3679 34.5509 22.2522
    endloop
  endfacet
  facet normal -0.0311826 0.831099 0.555249
    outer loop
      vertex -44.8 34.9713 21.4302
      vertex -41.815 34.6469 22.0834
      vertex -44.8 35.425 20.7511
    endloop
  endfacet
  facet normal -0.0312274 0.831037 0.55534
    outer loop
      vertex -41.3679 34.5509 22.2522
      vertex -39.2 33.635 23.7447
      vertex -39.2 34.0854 23.0707
    endloop
  endfacet
  facet normal -0.0312038 0.831054 0.555316
    outer loop
      vertex -39.2 33.635 23.7447
      vertex -41.3679 34.5509 22.2522
      vertex -44.8 34.9713 21.4302
    endloop
  endfacet
  facet normal -0.291329 0.186666 0.938234
    outer loop
      vertex -33.6 31.5275 26.3595
      vertex -39.2 31.5137 24.6234
      vertex -33.6 30.3795 26.5879
    endloop
  endfacet
  facet normal -0.176335 0.546881 0.81843
    outer loop
      vertex -39.2 33.635 23.7447
      vertex -39.2 32.6618 24.395
      vertex -33.6 31.5275 26.3595
    endloop
  endfacet
  facet normal -0.0264521 0.831185 0.555367
    outer loop
      vertex -35.8388 33.3446 24.3397
      vertex -33.6 32.5008 25.7092
      vertex -33.6 32.9474 25.0408
    endloop
  endfacet
  facet normal -0.0265159 0.831134 0.55544
    outer loop
      vertex -33.6 32.5008 25.7092
      vertex -35.8388 33.3446 24.3397
      vertex -39.2 33.635 23.7447
    endloop
  endfacet
  facet normal -0.29133 0.18665 0.938237
    outer loop
      vertex -39.2 32.6618 24.395
      vertex -39.2 31.5137 24.6234
      vertex -33.6 31.5275 26.3595
    endloop
  endfacet
  facet normal -0.358086 -0.18218 0.915743
    outer loop
      vertex -39.2 25.5137 24.6234
      vertex -39.2 25.2679 24.5745
      vertex -38.476 25.2186 24.8478
    endloop
  endfacet
  facet normal -0.00400703 0.88956 0.456801
    outer loop
      vertex -35.84 33.3448 24.3393
      vertex -39.2 33.635 23.7447
      vertex -35.8388 33.3446 24.3397
    endloop
  endfacet
  facet normal -0.0265031 0.83115 0.555416
    outer loop
      vertex -39.2 33.635 23.7447
      vertex -35.84 33.3448 24.3393
      vertex -39.2 34.0854 23.0707
    endloop
  endfacet
  facet normal -0.358094 -0.181995 0.915777
    outer loop
      vertex -33.6 24.3795 26.5879
      vertex -34.768 24.6161 26.1782
      vertex -33.6 24.1586 26.544
    endloop
  endfacet
  facet normal -0.358114 -0.182272 0.915713
    outer loop
      vertex -37.372 25.1435 25.2646
      vertex -39.2 25.5137 24.6234
      vertex -38.476 25.2186 24.8478
    endloop
  endfacet
  facet normal -0.176361 0.54684 0.818452
    outer loop
      vertex -33.6 32.5008 25.7092
      vertex -39.2 33.635 23.7447
      vertex -33.6 31.5275 26.3595
    endloop
  endfacet
  facet normal -0.330998 0 0.943631
    outer loop
      vertex -33.6 30.3795 26.5879
      vertex -34.768 25.6161 26.1782
      vertex -33.6 24.3795 26.5879
    endloop
  endfacet
  facet normal -0.331045 1.29921e-05 0.943615
    outer loop
      vertex -33.6 30.3795 26.5879
      vertex -35.85 26.0164 25.7986
      vertex -34.768 25.6161 26.1782
    endloop
  endfacet
  facet normal -0.331008 -8.39856e-06 0.943628
    outer loop
      vertex -33.6 30.3795 26.5879
      vertex -36.4766 26.0687 25.5788
      vertex -35.85 26.0164 25.7986
    endloop
  endfacet
  facet normal -0.331106 6.47377e-05 0.943594
    outer loop
      vertex -33.6 30.3795 26.5879
      vertex -37.372 26.1435 25.2646
      vertex -36.4766 26.0687 25.5788
    endloop
  endfacet
  facet normal -0.331028 -1.30086e-05 0.943621
    outer loop
      vertex -39.2 31.5137 24.6234
      vertex -37.372 26.1435 25.2646
      vertex -33.6 30.3795 26.5879
    endloop
  endfacet
  facet normal -0.330994 0 0.943633
    outer loop
      vertex -39.2 25.5137 24.6234
      vertex -37.372 26.1435 25.2646
      vertex -39.2 31.5137 24.6234
    endloop
  endfacet
  facet normal -0.330994 0 0.943633
    outer loop
      vertex -37.372 26.1435 25.2646
      vertex -39.2 25.5137 24.6234
      vertex -37.372 25.1435 25.2646
    endloop
  endfacet
  facet normal -0.330998 0 0.943631
    outer loop
      vertex -33.6 24.3795 26.5879
      vertex -34.768 25.6161 26.1782
      vertex -34.768 24.6161 26.1782
    endloop
  endfacet
  facet normal -0.280137 0 0.95996
    outer loop
      vertex -28 29.4361 28.2219
      vertex -28.9708 24.5997 27.9386
      vertex -28 23.4361 28.2219
    endloop
  endfacet
  facet normal -0.280141 8.98768e-07 0.959959
    outer loop
      vertex -28 29.4361 28.2219
      vertex -29.4149 24.7527 27.809
      vertex -28.9708 24.5997 27.9386
    endloop
  endfacet
  facet normal -0.28002 -3.86179e-05 0.959994
    outer loop
      vertex -28 29.4361 28.2219
      vertex -29.875 24.9113 27.6748
      vertex -29.4149 24.7527 27.809
    endloop
  endfacet
  facet normal -0.280114 3.68878e-06 0.959967
    outer loop
      vertex -28 29.4361 28.2219
      vertex -31.5474 25.0337 27.1868
      vertex -29.875 24.9113 27.6748
    endloop
  endfacet
  facet normal -0.280106 -3.71644e-06 0.959969
    outer loop
      vertex -33.6 30.3795 26.5879
      vertex -31.5474 25.0337 27.1868
      vertex -28 29.4361 28.2219
    endloop
  endfacet
  facet normal -0.280097 0 0.959972
    outer loop
      vertex -33.6 24.3795 26.5879
      vertex -31.5474 25.0337 27.1868
      vertex -33.6 30.3795 26.5879
    endloop
  endfacet
  facet normal -0.280097 0 0.959972
    outer loop
      vertex -31.5474 25.0337 27.1868
      vertex -33.6 24.3795 26.5879
      vertex -31.5474 24.0337 27.1868
    endloop
  endfacet
  facet normal -0.280137 0 0.95996
    outer loop
      vertex -28 23.4361 28.2219
      vertex -28.9708 24.5997 27.9386
      vertex -28.9708 23.5997 27.9386
    endloop
  endfacet
  facet normal -0.245552 0.189156 0.950749
    outer loop
      vertex -33.6 30.3795 26.5879
      vertex -28 30.5842 27.9935
      vertex -33.6 31.5275 26.3595
    endloop
  endfacet
  facet normal -0.245553 0.18914 0.950752
    outer loop
      vertex -28 30.5842 27.9935
      vertex -33.6 30.3795 26.5879
      vertex -28 29.4361 28.2219
    endloop
  endfacet
  facet normal -0.304023 -0.186182 0.934295
    outer loop
      vertex -28 23.4361 28.2219
      vertex -28.9708 23.5997 27.9386
      vertex -28 23.2429 28.1834
    endloop
  endfacet
  facet normal -0.303927 -0.1857 0.934422
    outer loop
      vertex -33.6 24.3795 26.5879
      vertex -33.6 24.1586 26.544
      vertex -31.5474 24.0337 27.1868
    endloop
  endfacet
  facet normal -0.147407 0.549479 0.822401
    outer loop
      vertex -33.6 31.5275 26.3595
      vertex -28 31.5575 27.3432
      vertex -33.6 32.5008 25.7092
    endloop
  endfacet
  facet normal -0.147407 0.549479 0.822401
    outer loop
      vertex -28 31.5575 27.3432
      vertex -33.6 31.5275 26.3595
      vertex -28 30.5842 27.9935
    endloop
  endfacet
  facet normal -0.0220279 0.831288 0.555405
    outer loop
      vertex -29.865 32.2648 26.2106
      vertex -28 31.5575 27.3432
      vertex -28 32 26.6809
    endloop
  endfacet
  facet normal -0.021996 0.831313 0.555369
    outer loop
      vertex -28 31.5575 27.3432
      vertex -29.865 32.2648 26.2106
      vertex -31.5994 32.5818 25.6674
    endloop
  endfacet
  facet normal -0.0220504 0.831257 0.555451
    outer loop
      vertex -31.5994 32.5818 25.6674
      vertex -33.6 32.5008 25.7092
      vertex -28 31.5575 27.3432
    endloop
  endfacet
  facet normal -0.0220516 0.831274 0.555426
    outer loop
      vertex -33.6 32.5008 25.7092
      vertex -31.5994 32.5818 25.6674
      vertex -33.6 32.9474 25.0408
    endloop
  endfacet
  facet normal -0.200243 0.191162 0.960916
    outer loop
      vertex -28 29.4361 28.2219
      vertex -22.4 29.823 29.3119
      vertex -28 30.5842 27.9935
    endloop
  endfacet
  facet normal -0.200243 0.191162 0.960916
    outer loop
      vertex -22.4 29.823 29.3119
      vertex -28 29.4361 28.2219
      vertex -22.4 28.6749 29.5403
    endloop
  endfacet
  facet normal -0.249256 -0.188802 0.949855
    outer loop
      vertex -22.4 22.6749 29.5403
      vertex -23.1753 22.7803 29.3578
      vertex -22.4 22.5124 29.508
    endloop
  endfacet
  facet normal -0.249316 -0.189261 0.949748
    outer loop
      vertex -28 23.4361 28.2219
      vertex -28 23.2429 28.1834
      vertex -25.705 23.1242 28.7622
    endloop
  endfacet
  facet normal -0.119381 0.551575 0.825538
    outer loop
      vertex -22.4 30.7963 28.6616
      vertex -28 30.5842 27.9935
      vertex -22.4 29.823 29.3119
    endloop
  endfacet
  facet normal -0.22913 0 0.973396
    outer loop
      vertex -22.4 28.6749 29.5403
      vertex -23.1753 23.7803 29.3578
      vertex -22.4 22.6749 29.5403
    endloop
  endfacet
  facet normal -0.229265 2.24447e-05 0.973364
    outer loop
      vertex -22.4 28.6749 29.5403
      vertex -23.9 24.0134 29.1871
      vertex -23.1753 23.7803 29.3578
    endloop
  endfacet
  facet normal -0.22914 -1.99666e-05 0.973394
    outer loop
      vertex -22.4 28.6749 29.5403
      vertex -25.705 24.1242 28.7622
      vertex -23.9 24.0134 29.1871
    endloop
  endfacet
  facet normal -0.229164 -1.66868e-06 0.973388
    outer loop
      vertex -28 29.4361 28.2219
      vertex -25.705 24.1242 28.7622
      vertex -22.4 28.6749 29.5403
    endloop
  endfacet
  facet normal -0.22916 0 0.973389
    outer loop
      vertex -28 23.4361 28.2219
      vertex -25.705 24.1242 28.7622
      vertex -28 29.4361 28.2219
    endloop
  endfacet
  facet normal -0.22916 0 0.973389
    outer loop
      vertex -25.705 24.1242 28.7622
      vertex -28 23.4361 28.2219
      vertex -25.705 23.1242 28.7622
    endloop
  endfacet
  facet normal -0.22913 0 0.973396
    outer loop
      vertex -22.4 22.6749 29.5403
      vertex -23.1753 23.7803 29.3578
      vertex -23.1753 22.7803 29.3578
    endloop
  endfacet
  facet normal -0.0177494 0.831373 0.555432
    outer loop
      vertex -23.89 31.3953 27.7174
      vertex -22.4 30.7963 28.6616
      vertex -22.4 31.2343 28.006
    endloop
  endfacet
  facet normal -0.0177617 0.831363 0.555445
    outer loop
      vertex -23.89 31.3953 27.7174
      vertex -28 31.5575 27.3432
      vertex -22.4 30.7963 28.6616
    endloop
  endfacet
  facet normal -0.0177625 0.831359 0.555452
    outer loop
      vertex -28 31.5575 27.3432
      vertex -23.89 31.3953 27.7174
      vertex -28 32 26.6809
    endloop
  endfacet
  facet normal -0.119381 0.551575 0.825538
    outer loop
      vertex -28 31.5575 27.3432
      vertex -28 30.5842 27.9935
      vertex -22.4 30.7963 28.6616
    endloop
  endfacet
  facet normal -0.0136704 0.831426 0.555468
    outer loop
      vertex -22.4 31.2343 28.006
      vertex -22.4 30.7963 28.6616
      vertex -18.8824 30.8369 28.6874
    endloop
  endfacet
  facet normal -0.0921198 0.553185 0.827949
    outer loop
      vertex -22.4 29.823 29.3119
      vertex -16.8 30.2106 29.676
      vertex -22.4 30.7963 28.6616
    endloop
  endfacet
  facet normal -0.0921198 0.553185 0.827949
    outer loop
      vertex -16.8 30.2106 29.676
      vertex -22.4 29.823 29.3119
      vertex -16.8 29.2373 30.3263
    endloop
  endfacet
  facet normal -0.194263 -0.191241 0.962127
    outer loop
      vertex -22.4 22.6749 29.5403
      vertex -22.4 22.5124 29.508
      vertex -19.8294 22.4061 30.0059
    endloop
  endfacet
  facet normal -0.19426 -0.191294 0.962117
    outer loop
      vertex -16.8 22.0893 30.5547
      vertex -17.3808 22.15 30.4495
      vertex -17.1015 22.059 30.4878
    endloop
  endfacet
  facet normal -0.178229 0 0.983989
    outer loop
      vertex -16.8 28.0893 30.5547
      vertex -17.3808 23.15 30.4495
      vertex -16.8 22.0893 30.5547
    endloop
  endfacet
  facet normal -0.178279 6.02496e-06 0.98398
    outer loop
      vertex -16.8 28.0893 30.5547
      vertex -17.925 23.3135 30.3509
      vertex -17.3808 23.15 30.4495
    endloop
  endfacet
  facet normal -0.178188 -1.60159e-05 0.983996
    outer loop
      vertex -16.8 28.0893 30.5547
      vertex -18.3966 23.3365 30.2655
      vertex -17.925 23.3135 30.3509
    endloop
  endfacet
  facet normal -0.17828 1.58667e-05 0.98398
    outer loop
      vertex -16.8 28.0893 30.5547
      vertex -19.8294 23.4061 30.0059
      vertex -18.3966 23.3365 30.2655
    endloop
  endfacet
  facet normal -0.178243 -9.01896e-06 0.983986
    outer loop
      vertex -22.4 28.6749 29.5403
      vertex -19.8294 23.4061 30.0059
      vertex -16.8 28.0893 30.5547
    endloop
  endfacet
  facet normal -0.178225 0 0.98399
    outer loop
      vertex -22.4 22.6749 29.5403
      vertex -19.8294 23.4061 30.0059
      vertex -22.4 28.6749 29.5403
    endloop
  endfacet
  facet normal -0.178225 0 0.98399
    outer loop
      vertex -19.8294 23.4061 30.0059
      vertex -22.4 22.6749 29.5403
      vertex -19.8294 22.4061 30.0059
    endloop
  endfacet
  facet normal -0.178229 0 0.983989
    outer loop
      vertex -16.8 22.0893 30.5547
      vertex -17.3808 23.15 30.4495
      vertex -17.3808 22.15 30.4495
    endloop
  endfacet
  facet normal -0.194229 -0.191518 0.962079
    outer loop
      vertex -16.8 22.0893 30.5547
      vertex -17.1015 22.059 30.4878
      vertex -16.8 21.9607 30.5291
    endloop
  endfacet
  facet normal -0.155349 0.192745 0.968874
    outer loop
      vertex -22.4 29.823 29.3119
      vertex -22.4 28.6749 29.5403
      vertex -16.8 28.0893 30.5547
    endloop
  endfacet
  facet normal -0.155343 0.192761 0.968871
    outer loop
      vertex -16.8 29.2373 30.3263
      vertex -22.4 29.823 29.3119
      vertex -16.8 28.0893 30.5547
    endloop
  endfacet
  facet normal -0.0135557 0.831441 0.555448
    outer loop
      vertex -17.915 30.7276 28.8749
      vertex -16.8 30.2106 29.676
      vertex -16.8 30.6437 29.0277
    endloop
  endfacet
  facet normal -0.0137745 0.831296 0.555659
    outer loop
      vertex -18.8824 30.8369 28.6874
      vertex -16.8 30.2106 29.676
      vertex -17.915 30.7276 28.8749
    endloop
  endfacet
  facet normal -0.0136704 0.8314 0.555506
    outer loop
      vertex -16.8 30.2106 29.676
      vertex -18.8824 30.8369 28.6874
      vertex -22.4 30.7963 28.6616
    endloop
  endfacet
  facet normal -0.110744 0.19393 0.974745
    outer loop
      vertex -11.2 28.8223 31.0451
      vertex -16.8 28.0893 30.5547
      vertex -11.2 27.6743 31.2735
    endloop
  endfacet
  facet normal -0.127378 0 0.991854
    outer loop
      vertex -11.2 27.6743 31.2735
      vertex -11.587 22.7029 31.2238
      vertex -11.2 21.6743 31.2735
    endloop
  endfacet
  facet normal -0.127331 -3.71107e-06 0.99186
    outer loop
      vertex -11.2 27.6743 31.2735
      vertex -11.95 22.8051 31.1772
      vertex -11.587 22.7029 31.2238
    endloop
  endfacet
  facet normal -0.127316 -5.99787e-06 0.991862
    outer loop
      vertex -11.2 27.6743 31.2735
      vertex -13.8805 22.8729 30.9294
      vertex -11.95 22.8051 31.1772
    endloop
  endfacet
  facet normal -0.127313 -7.6727e-06 0.991863
    outer loop
      vertex -16.8 28.0893 30.5547
      vertex -13.8805 22.8729 30.9294
      vertex -11.2 27.6743 31.2735
    endloop
  endfacet
  facet normal -0.1273 0 0.991864
    outer loop
      vertex -16.8 22.0893 30.5547
      vertex -13.8805 22.8729 30.9294
      vertex -16.8 28.0893 30.5547
    endloop
  endfacet
  facet normal -0.1273 0 0.991864
    outer loop
      vertex -13.8805 22.8729 30.9294
      vertex -16.8 22.0893 30.5547
      vertex -13.8805 21.8729 30.9294
    endloop
  endfacet
  facet normal -0.127378 0 0.991854
    outer loop
      vertex -11.2 21.6743 31.2735
      vertex -11.587 22.7029 31.2238
      vertex -11.587 21.7029 31.2238
    endloop
  endfacet
  facet normal -0.138976 -0.193185 0.97127
    outer loop
      vertex -13.8805 21.8729 30.9294
      vertex -16.8 22.0893 30.5547
      vertex -16.2838 21.9452 30.5999
    endloop
  endfacet
  facet normal -0.138991 -0.192771 0.97135
    outer loop
      vertex -11.2 21.6743 31.2735
      vertex -11.587 21.7029 31.2238
      vertex -11.2 21.5836 31.2555
    endloop
  endfacet
  facet normal -0.110744 0.19393 0.974745
    outer loop
      vertex -16.8 29.2373 30.3263
      vertex -16.8 28.0893 30.5547
      vertex -11.2 28.8223 31.0451
    endloop
  endfacet
  facet normal -0.0654165 0.554358 0.829704
    outer loop
      vertex -11.2 29.7956 30.3948
      vertex -16.8 30.2106 29.676
      vertex -11.2 28.8223 31.0451
    endloop
  endfacet
  facet normal -0.139016 -0.19334 0.971233
    outer loop
      vertex -16.8 22.0893 30.5547
      vertex -16.8 21.9607 30.5291
      vertex -16.2838 21.9452 30.5999
    endloop
  endfacet
  facet normal -0.0654165 0.554358 0.829704
    outer loop
      vertex -16.8 30.2106 29.676
      vertex -16.8 29.2373 30.3263
      vertex -11.2 28.8223 31.0451
    endloop
  endfacet
  facet normal -0.00970395 0.831478 0.555473
    outer loop
      vertex -16.8 30.6437 29.0277
      vertex -16.8 30.2106 29.676
      vertex -13.249 30.3598 29.5147
    endloop
  endfacet
  facet normal -0.00971722 0.831472 0.555482
    outer loop
      vertex -11.94 30.2551 29.6941
      vertex -11.2 29.876 30.2745
      vertex -11.4071 30.2322 29.7377
    endloop
  endfacet
  facet normal -0.00988461 0.831371 0.55563
    outer loop
      vertex -11.2 29.876 30.2745
      vertex -11.94 30.2551 29.6941
      vertex -11.2 29.7956 30.3948
    endloop
  endfacet
  facet normal -0.00961501 0.831506 0.555433
    outer loop
      vertex -13.249 30.3598 29.5147
      vertex -11.2 29.7956 30.3948
      vertex -11.94 30.2551 29.6941
    endloop
  endfacet
  facet normal -0.00969708 0.831416 0.555566
    outer loop
      vertex -11.2 29.7956 30.3948
      vertex -13.249 30.3598 29.5147
      vertex -16.8 30.2106 29.676
    endloop
  endfacet
  facet normal -0.066374 0.1947 0.978615
    outer loop
      vertex -11.2 27.6743 31.2735
      vertex -8.95385 28.723 31.2172
      vertex -11.2 28.8223 31.0451
    endloop
  endfacet
  facet normal -0.0663732 0.194698 0.978615
    outer loop
      vertex -8.95385 28.723 31.2172
      vertex -11.2 27.6743 31.2735
      vertex -8.37339 27.5492 31.4901
    endloop
  endfacet
  facet normal -0.0391054 0.555257 0.830759
    outer loop
      vertex -9.13529 29.0898 30.9635
      vertex -11.2 28.8223 31.0451
      vertex -8.95385 28.723 31.2172
    endloop
  endfacet
  facet normal -0.00578689 0.831456 0.555561
    outer loop
      vertex -11.1708 29.826 30.3496
      vertex -9.44595 29.718 30.5292
      vertex -9.50223 29.8318 30.3583
    endloop
  endfacet
  facet normal -0.00577837 0.831495 0.555503
    outer loop
      vertex -9.44595 29.718 30.5292
      vertex -11.1708 29.826 30.3496
      vertex -11.2 29.7956 30.3948
    endloop
  endfacet
  facet normal -0.0054531 0.831399 0.555648
    outer loop
      vertex -11.2 29.7956 30.3948
      vertex -11.1708 29.826 30.3496
      vertex -11.2 29.876 30.2745
    endloop
  endfacet
  facet normal -0.083262 -0.193089 0.977642
    outer loop
      vertex -5.6 21.4266 31.7025
      vertex -5.79349 21.4351 31.6877
      vertex -5.6 21.3785 31.693
    endloop
  endfacet
  facet normal -0.083473 -0.193981 0.977448
    outer loop
      vertex -11.2 21.6743 31.2735
      vertex -11.2 21.5836 31.2555
      vertex -7.71141 21.52 31.5408
    endloop
  endfacet
  facet normal -0.076267 0 0.997087
    outer loop
      vertex -5.79349 21.4351 31.6877
      vertex -5.6 21.9413 31.7025
      vertex -5.79349 22.3326 31.6877
    endloop
  endfacet
  facet normal -0.076267 0 0.997087
    outer loop
      vertex -5.6 21.9413 31.7025
      vertex -5.79349 21.4351 31.6877
      vertex -5.6 21.4266 31.7025
    endloop
  endfacet
  facet normal -0.0760639 0.000145478 0.997103
    outer loop
      vertex -8.37339 27.5492 31.4901
      vertex -5.975 22.4831 31.6738
      vertex -5.85184 22.4505 31.6832
    endloop
  endfacet
  facet normal -0.0763711 -8.41898e-07 0.997079
    outer loop
      vertex -8.37339 27.5492 31.4901
      vertex -7.71141 22.52 31.5408
      vertex -5.975 22.4831 31.6738
    endloop
  endfacet
  facet normal -0.0764051 -5.34358e-06 0.997077
    outer loop
      vertex -11.2 27.6743 31.2735
      vertex -7.71141 22.52 31.5408
      vertex -8.37339 27.5492 31.4901
    endloop
  endfacet
  facet normal -0.0763973 0 0.997077
    outer loop
      vertex -7.71141 22.52 31.5408
      vertex -11.2 27.6743 31.2735
      vertex -11.2 21.6743 31.2735
    endloop
  endfacet
  facet normal -0.0763973 0 0.997077
    outer loop
      vertex -7.71141 22.52 31.5408
      vertex -11.2 21.6743 31.2735
      vertex -7.71141 21.52 31.5408
    endloop
  endfacet
  facet normal -0.039103 0.555123 0.830849
    outer loop
      vertex -11.2 28.8223 31.0451
      vertex -9.44595 29.718 30.5292
      vertex -11.2 29.7956 30.3948
    endloop
  endfacet
  facet normal -0.0390793 0.55509 0.830872
    outer loop
      vertex -9.44595 29.718 30.5292
      vertex -11.2 28.8223 31.0451
      vertex -9.13529 29.0898 30.9635
    endloop
  endfacet
  facet normal -0.0257295 0 0.999669
    outer loop
      vertex -5.6 21.9413 31.7025
      vertex -5.6 21.4266 31.7025
      vertex -5.34357 21.4228 31.7091
    endloop
  endfacet
  facet normal -0.0281105 -0.193686 0.980661
    outer loop
      vertex -5.6 21.3785 31.693
      vertex -5.34357 21.4228 31.7091
      vertex -5.6 21.4266 31.7025
    endloop
  endfacet
  facet normal -0.0278756 -0.194956 0.980416
    outer loop
      vertex -5.34357 21.4228 31.7091
      vertex -5.6 21.3785 31.693
      vertex -5.32081 21.3768 31.7006
    endloop
  endfacet
  facet normal 0.0255076 0 0.999675
    outer loop
      vertex 5.61 21.9615 31.7025
      vertex 5.3435 21.4226 31.7093
      vertex 5.61 21.4266 31.7025
    endloop
  endfacet
  facet normal 0.0279297 -0.193687 0.980666
    outer loop
      vertex 5.3435 21.4226 31.7093
      vertex 5.61 21.3785 31.693
      vertex 5.61 21.4266 31.7025
    endloop
  endfacet
  facet normal 0.0276547 -0.195238 0.980366
    outer loop
      vertex 5.61 21.3785 31.693
      vertex 5.3435 21.4226 31.7093
      vertex 5.32078 21.3767 31.7008
    endloop
  endfacet
  facet normal 0.0663771 0.1947 0.978614
    outer loop
      vertex 8.95363 28.7225 31.218
      vertex 11.21 27.6743 31.2735
      vertex 11.21 28.8223 31.0451
    endloop
  endfacet
  facet normal 0.0663514 0.194645 0.978627
    outer loop
      vertex 11.21 27.6743 31.2735
      vertex 8.95363 28.7225 31.218
      vertex 8.37317 27.5488 31.4908
    endloop
  endfacet
  facet normal 0.0391271 0.555122 0.830848
    outer loop
      vertex 9.44572 29.7176 30.53
      vertex 11.21 28.8223 31.0451
      vertex 11.21 29.7956 30.3948
    endloop
  endfacet
  facet normal 0.0391373 0.555137 0.830838
    outer loop
      vertex 11.21 28.8223 31.0451
      vertex 9.44572 29.7176 30.53
      vertex 9.13589 29.0911 30.9632
    endloop
  endfacet
  facet normal 0.083262 -0.193089 0.977642
    outer loop
      vertex 5.61 21.4266 31.7025
      vertex 5.61 21.3785 31.693
      vertex 5.80349 21.4351 31.6877
    endloop
  endfacet
  facet normal 0.083473 -0.193981 0.977448
    outer loop
      vertex 11.21 21.6743 31.2735
      vertex 7.72141 21.52 31.5408
      vertex 11.21 21.5836 31.2555
    endloop
  endfacet
  facet normal 0.076267 0 0.997087
    outer loop
      vertex 5.61 21.9615 31.7025
      vertex 5.80349 21.4351 31.6877
      vertex 5.80349 22.3528 31.6877
    endloop
  endfacet
  facet normal 0.076267 0 0.997087
    outer loop
      vertex 5.80349 21.4351 31.6877
      vertex 5.61 21.9615 31.7025
      vertex 5.61 21.4266 31.7025
    endloop
  endfacet
  facet normal 0.0763708 1.56203e-05 0.997079
    outer loop
      vertex 8.37317 27.5488 31.4908
      vertex 5.985 22.4831 31.6738
      vertex 7.72141 22.52 31.5408
    endloop
  endfacet
  facet normal 0.0762401 7.7571e-05 0.997089
    outer loop
      vertex 5.985 22.4831 31.6738
      vertex 8.37317 27.5488 31.4908
      vertex 5.85033 22.4475 31.6841
    endloop
  endfacet
  facet normal 0.0763752 1.5047e-05 0.997079
    outer loop
      vertex 7.72141 22.52 31.5408
      vertex 11.21 27.6743 31.2735
      vertex 8.37317 27.5488 31.4908
    endloop
  endfacet
  facet normal 0.0763973 0 0.997077
    outer loop
      vertex 11.21 27.6743 31.2735
      vertex 7.72141 22.52 31.5408
      vertex 11.21 21.6743 31.2735
    endloop
  endfacet
  facet normal 0.0763973 0 0.997077
    outer loop
      vertex 11.21 21.6743 31.2735
      vertex 7.72141 22.52 31.5408
      vertex 7.72141 21.52 31.5408
    endloop
  endfacet
  facet normal 0.0391211 0.555033 0.830908
    outer loop
      vertex 9.13589 29.0911 30.9632
      vertex 8.95363 28.7225 31.218
      vertex 11.21 28.8223 31.0451
    endloop
  endfacet
  facet normal 0.00571926 0.832054 0.554664
    outer loop
      vertex 11.1709 29.826 30.3496
      vertex 9.44572 29.7176 30.53
      vertex 11.21 29.7956 30.3948
    endloop
  endfacet
  facet normal 0.00583615 0.831521 0.555462
    outer loop
      vertex 9.44572 29.7176 30.53
      vertex 11.1709 29.826 30.3496
      vertex 9.50225 29.8319 30.3583
    endloop
  endfacet
  facet normal 0.00413332 0.831429 0.555616
    outer loop
      vertex 11.1709 29.826 30.3496
      vertex 11.21 29.7956 30.3948
      vertex 11.21 29.8931 30.2489
    endloop
  endfacet
  facet normal 0.0654165 0.554358 0.829704
    outer loop
      vertex 16.81 30.2106 29.676
      vertex 11.21 28.8223 31.0451
      vertex 16.81 29.2373 30.3263
    endloop
  endfacet
  facet normal 0.1273 0 0.991864
    outer loop
      vertex 16.81 28.0893 30.5547
      vertex 13.8905 22.8729 30.9294
      vertex 16.81 22.0893 30.5547
    endloop
  endfacet
  facet normal 0.127313 -7.6727e-06 0.991863
    outer loop
      vertex 11.21 27.6743 31.2735
      vertex 13.8905 22.8729 30.9294
      vertex 16.81 28.0893 30.5547
    endloop
  endfacet
  facet normal 0.127316 -5.99787e-06 0.991862
    outer loop
      vertex 13.8905 22.8729 30.9294
      vertex 11.21 27.6743 31.2735
      vertex 11.96 22.8051 31.1772
    endloop
  endfacet
  facet normal 0.127331 -3.71107e-06 0.99186
    outer loop
      vertex 11.96 22.8051 31.1772
      vertex 11.21 27.6743 31.2735
      vertex 11.597 22.7029 31.2238
    endloop
  endfacet
  facet normal 0.127378 -0 0.991854
    outer loop
      vertex 11.21 21.6743 31.2735
      vertex 11.597 22.7029 31.2238
      vertex 11.21 27.6743 31.2735
    endloop
  endfacet
  facet normal 0.127378 0 0.991854
    outer loop
      vertex 11.597 22.7029 31.2238
      vertex 11.21 21.6743 31.2735
      vertex 11.597 21.7029 31.2238
    endloop
  endfacet
  facet normal 0.1273 0 0.991864
    outer loop
      vertex 16.81 22.0893 30.5547
      vertex 13.8905 22.8729 30.9294
      vertex 13.8905 21.8729 30.9294
    endloop
  endfacet
  facet normal 0.138976 -0.193185 0.97127
    outer loop
      vertex 16.81 22.0893 30.5547
      vertex 13.8905 21.8729 30.9294
      vertex 16.2938 21.9452 30.5999
    endloop
  endfacet
  facet normal 0.138991 -0.192771 0.97135
    outer loop
      vertex 11.21 21.6743 31.2735
      vertex 11.21 21.5836 31.2555
      vertex 11.597 21.7029 31.2238
    endloop
  endfacet
  facet normal 0.139016 -0.19334 0.971233
    outer loop
      vertex 16.81 22.0893 30.5547
      vertex 16.2938 21.9452 30.5999
      vertex 16.81 21.9607 30.5291
    endloop
  endfacet
  facet normal 0.110744 0.19393 0.974745
    outer loop
      vertex 11.21 28.8223 31.0451
      vertex 11.21 27.6743 31.2735
      vertex 16.81 28.0893 30.5547
    endloop
  endfacet
  facet normal 0.110744 0.19393 0.974745
    outer loop
      vertex 16.81 29.2373 30.3263
      vertex 11.21 28.8223 31.0451
      vertex 16.81 28.0893 30.5547
    endloop
  endfacet
  facet normal 0.0654165 0.554358 0.829704
    outer loop
      vertex 11.21 29.7956 30.3948
      vertex 11.21 28.8223 31.0451
      vertex 16.81 30.2106 29.676
    endloop
  endfacet
  facet normal 0.00983512 0.831396 0.555594
    outer loop
      vertex 11.95 30.2551 29.6941
      vertex 11.21 29.8931 30.2489
      vertex 11.21 29.7956 30.3948
    endloop
  endfacet
  facet normal 0.00985756 0.831382 0.555614
    outer loop
      vertex 11.21 29.8931 30.2489
      vertex 11.95 30.2551 29.6941
      vertex 11.4069 30.2318 29.7386
    endloop
  endfacet
  facet normal 0.00969708 0.831416 0.555566
    outer loop
      vertex 13.259 30.3598 29.5147
      vertex 11.21 29.7956 30.3948
      vertex 16.81 30.2106 29.676
    endloop
  endfacet
  facet normal 0.00961501 0.831506 0.555433
    outer loop
      vertex 11.21 29.7956 30.3948
      vertex 13.259 30.3598 29.5147
      vertex 11.95 30.2551 29.6941
    endloop
  endfacet
  facet normal 0.00970395 0.831478 0.555473
    outer loop
      vertex 16.81 30.6437 29.0277
      vertex 13.259 30.3598 29.5147
      vertex 16.81 30.2106 29.676
    endloop
  endfacet
  facet normal 0.194263 -0.191241 0.962127
    outer loop
      vertex 22.41 22.6749 29.5403
      vertex 19.8394 22.4061 30.0059
      vertex 22.41 22.5124 29.508
    endloop
  endfacet
  facet normal 0.19426 -0.191294 0.962117
    outer loop
      vertex 17.3908 22.15 30.4495
      vertex 16.81 22.0893 30.5547
      vertex 17.1115 22.059 30.4878
    endloop
  endfacet
  facet normal 0.155343 0.192761 0.968871
    outer loop
      vertex 16.81 29.2373 30.3263
      vertex 16.81 28.0893 30.5547
      vertex 22.41 29.823 29.3119
    endloop
  endfacet
  facet normal 0.155349 0.192745 0.968874
    outer loop
      vertex 22.41 29.823 29.3119
      vertex 16.81 28.0893 30.5547
      vertex 22.41 28.6749 29.5403
    endloop
  endfacet
  facet normal 0.178225 0 0.98399
    outer loop
      vertex 22.41 28.6749 29.5403
      vertex 19.8394 23.4061 30.0059
      vertex 22.41 22.6749 29.5403
    endloop
  endfacet
  facet normal 0.178243 -9.01896e-06 0.983986
    outer loop
      vertex 16.81 28.0893 30.5547
      vertex 19.8394 23.4061 30.0059
      vertex 22.41 28.6749 29.5403
    endloop
  endfacet
  facet normal 0.17828 1.58667e-05 0.98398
    outer loop
      vertex 19.8394 23.4061 30.0059
      vertex 16.81 28.0893 30.5547
      vertex 18.4066 23.3365 30.2655
    endloop
  endfacet
  facet normal 0.178188 -1.60159e-05 0.983996
    outer loop
      vertex 18.4066 23.3365 30.2655
      vertex 16.81 28.0893 30.5547
      vertex 17.935 23.3135 30.3509
    endloop
  endfacet
  facet normal 0.178279 6.02496e-06 0.98398
    outer loop
      vertex 17.935 23.3135 30.3509
      vertex 16.81 28.0893 30.5547
      vertex 17.3908 23.15 30.4495
    endloop
  endfacet
  facet normal 0.178229 -0 0.983989
    outer loop
      vertex 16.81 22.0893 30.5547
      vertex 17.3908 23.15 30.4495
      vertex 16.81 28.0893 30.5547
    endloop
  endfacet
  facet normal 0.178229 0 0.983989
    outer loop
      vertex 17.3908 23.15 30.4495
      vertex 16.81 22.0893 30.5547
      vertex 17.3908 22.15 30.4495
    endloop
  endfacet
  facet normal 0.178225 0 0.98399
    outer loop
      vertex 22.41 22.6749 29.5403
      vertex 19.8394 23.4061 30.0059
      vertex 19.8394 22.4061 30.0059
    endloop
  endfacet
  facet normal 0.0136704 0.831426 0.555468
    outer loop
      vertex 22.41 31.2343 28.006
      vertex 18.8924 30.8369 28.6874
      vertex 22.41 30.7963 28.6616
    endloop
  endfacet
  facet normal 0.0921198 0.553185 0.827949
    outer loop
      vertex 16.81 30.2106 29.676
      vertex 22.41 29.823 29.3119
      vertex 22.41 30.7963 28.6616
    endloop
  endfacet
  facet normal 0.0921198 0.553185 0.827949
    outer loop
      vertex 22.41 29.823 29.3119
      vertex 16.81 30.2106 29.676
      vertex 16.81 29.2373 30.3263
    endloop
  endfacet
  facet normal 0.0135557 0.831441 0.555448
    outer loop
      vertex 16.81 30.2106 29.676
      vertex 17.925 30.7276 28.8749
      vertex 16.81 30.6437 29.0277
    endloop
  endfacet
  facet normal 0.0137745 0.831296 0.555659
    outer loop
      vertex 16.81 30.2106 29.676
      vertex 18.8924 30.8369 28.6874
      vertex 17.925 30.7276 28.8749
    endloop
  endfacet
  facet normal 0.0136704 0.8314 0.555506
    outer loop
      vertex 18.8924 30.8369 28.6874
      vertex 16.81 30.2106 29.676
      vertex 22.41 30.7963 28.6616
    endloop
  endfacet
  facet normal 0.194229 -0.191518 0.962079
    outer loop
      vertex 16.81 22.0893 30.5547
      vertex 16.81 21.9607 30.5291
      vertex 17.1115 22.059 30.4878
    endloop
  endfacet
  facet normal 0.22916 0 0.973389
    outer loop
      vertex 28.01 29.4361 28.2219
      vertex 25.715 24.1242 28.7622
      vertex 28.01 23.4361 28.2219
    endloop
  endfacet
  facet normal 0.229164 -1.66868e-06 0.973388
    outer loop
      vertex 22.41 28.6749 29.5403
      vertex 25.715 24.1242 28.7622
      vertex 28.01 29.4361 28.2219
    endloop
  endfacet
  facet normal 0.22914 -1.99666e-05 0.973394
    outer loop
      vertex 25.715 24.1242 28.7622
      vertex 22.41 28.6749 29.5403
      vertex 23.91 24.0134 29.1871
    endloop
  endfacet
  facet normal 0.229265 2.24447e-05 0.973364
    outer loop
      vertex 23.91 24.0134 29.1871
      vertex 22.41 28.6749 29.5403
      vertex 23.1853 23.7803 29.3578
    endloop
  endfacet
  facet normal 0.22913 -0 0.973396
    outer loop
      vertex 22.41 22.6749 29.5403
      vertex 23.1853 23.7803 29.3578
      vertex 22.41 28.6749 29.5403
    endloop
  endfacet
  facet normal 0.22913 0 0.973396
    outer loop
      vertex 23.1853 23.7803 29.3578
      vertex 22.41 22.6749 29.5403
      vertex 23.1853 22.7803 29.3578
    endloop
  endfacet
  facet normal 0.22916 0 0.973389
    outer loop
      vertex 28.01 23.4361 28.2219
      vertex 25.715 24.1242 28.7622
      vertex 25.715 23.1242 28.7622
    endloop
  endfacet
  facet normal 0.0177494 0.831373 0.555432
    outer loop
      vertex 22.41 30.7963 28.6616
      vertex 23.9 31.3953 27.7174
      vertex 22.41 31.2343 28.006
    endloop
  endfacet
  facet normal 0.0177617 0.831363 0.555445
    outer loop
      vertex 28.01 31.5575 27.3432
      vertex 23.9 31.3953 27.7174
      vertex 22.41 30.7963 28.6616
    endloop
  endfacet
  facet normal 0.0177625 0.831359 0.555452
    outer loop
      vertex 23.9 31.3953 27.7174
      vertex 28.01 31.5575 27.3432
      vertex 28.01 32 26.6809
    endloop
  endfacet
  facet normal 0.249256 -0.188802 0.949855
    outer loop
      vertex 22.41 22.6749 29.5403
      vertex 22.41 22.5124 29.508
      vertex 23.1853 22.7803 29.3578
    endloop
  endfacet
  facet normal 0.249316 -0.189261 0.949748
    outer loop
      vertex 28.01 23.4361 28.2219
      vertex 25.715 23.1242 28.7622
      vertex 28.01 23.2429 28.1834
    endloop
  endfacet
  facet normal 0.200243 0.191162 0.960916
    outer loop
      vertex 22.41 29.823 29.3119
      vertex 28.01 29.4361 28.2219
      vertex 28.01 30.5842 27.9935
    endloop
  endfacet
  facet normal 0.200243 0.191162 0.960916
    outer loop
      vertex 28.01 29.4361 28.2219
      vertex 22.41 29.823 29.3119
      vertex 22.41 28.6749 29.5403
    endloop
  endfacet
  facet normal 0.119381 0.551575 0.825538
    outer loop
      vertex 22.41 30.7963 28.6616
      vertex 22.41 29.823 29.3119
      vertex 28.01 30.5842 27.9935
    endloop
  endfacet
  facet normal 0.119381 0.551575 0.825538
    outer loop
      vertex 28.01 31.5575 27.3432
      vertex 22.41 30.7963 28.6616
      vertex 28.01 30.5842 27.9935
    endloop
  endfacet
  facet normal 0.147407 0.549479 0.822401
    outer loop
      vertex 28.01 31.5575 27.3432
      vertex 33.61 31.5275 26.3595
      vertex 33.61 32.5008 25.7092
    endloop
  endfacet
  facet normal 0.147407 0.549479 0.822401
    outer loop
      vertex 33.61 31.5275 26.3595
      vertex 28.01 31.5575 27.3432
      vertex 28.01 30.5842 27.9935
    endloop
  endfacet
  facet normal 0.280097 0 0.959972
    outer loop
      vertex 33.61 30.3795 26.5879
      vertex 31.5574 25.0337 27.1868
      vertex 33.61 24.3795 26.5879
    endloop
  endfacet
  facet normal 0.280106 -3.71644e-06 0.959969
    outer loop
      vertex 28.01 29.4361 28.2219
      vertex 31.5574 25.0337 27.1868
      vertex 33.61 30.3795 26.5879
    endloop
  endfacet
  facet normal 0.280114 3.68878e-06 0.959967
    outer loop
      vertex 31.5574 25.0337 27.1868
      vertex 28.01 29.4361 28.2219
      vertex 29.885 24.9113 27.6748
    endloop
  endfacet
  facet normal 0.28002 -3.86179e-05 0.959994
    outer loop
      vertex 29.885 24.9113 27.6748
      vertex 28.01 29.4361 28.2219
      vertex 29.4249 24.7527 27.809
    endloop
  endfacet
  facet normal 0.280141 8.98768e-07 0.959959
    outer loop
      vertex 29.4249 24.7527 27.809
      vertex 28.01 29.4361 28.2219
      vertex 28.9808 24.5997 27.9386
    endloop
  endfacet
  facet normal 0.280137 -0 0.95996
    outer loop
      vertex 28.01 23.4361 28.2219
      vertex 28.9808 24.5997 27.9386
      vertex 28.01 29.4361 28.2219
    endloop
  endfacet
  facet normal 0.280137 0 0.95996
    outer loop
      vertex 28.9808 24.5997 27.9386
      vertex 28.01 23.4361 28.2219
      vertex 28.9808 23.5997 27.9386
    endloop
  endfacet
  facet normal 0.280097 0 0.959972
    outer loop
      vertex 33.61 24.3795 26.5879
      vertex 31.5574 25.0337 27.1868
      vertex 31.5574 24.0337 27.1868
    endloop
  endfacet
  facet normal 0.304023 -0.186182 0.934295
    outer loop
      vertex 28.01 23.4361 28.2219
      vertex 28.01 23.2429 28.1834
      vertex 28.9808 23.5997 27.9386
    endloop
  endfacet
  facet normal 0.303927 -0.1857 0.934422
    outer loop
      vertex 33.61 24.3795 26.5879
      vertex 31.5574 24.0337 27.1868
      vertex 33.61 24.1586 26.544
    endloop
  endfacet
  facet normal 0.245552 0.189156 0.950749
    outer loop
      vertex 28.01 30.5842 27.9935
      vertex 33.61 30.3795 26.5879
      vertex 33.61 31.5275 26.3595
    endloop
  endfacet
  facet normal 0.245553 0.18914 0.950752
    outer loop
      vertex 33.61 30.3795 26.5879
      vertex 28.01 30.5842 27.9935
      vertex 28.01 29.4361 28.2219
    endloop
  endfacet
  facet normal 0.0220504 0.831257 0.555451
    outer loop
      vertex 33.61 32.5008 25.7092
      vertex 31.6094 32.5818 25.6674
      vertex 28.01 31.5575 27.3432
    endloop
  endfacet
  facet normal 0.0220516 0.831274 0.555426
    outer loop
      vertex 31.6094 32.5818 25.6674
      vertex 33.61 32.5008 25.7092
      vertex 33.61 32.9474 25.0408
    endloop
  endfacet
  facet normal 0.0220279 0.831288 0.555405
    outer loop
      vertex 28.01 31.5575 27.3432
      vertex 29.875 32.2648 26.2106
      vertex 28.01 32 26.6809
    endloop
  endfacet
  facet normal 0.021996 0.831313 0.555369
    outer loop
      vertex 29.875 32.2648 26.2106
      vertex 28.01 31.5575 27.3432
      vertex 31.6094 32.5818 25.6674
    endloop
  endfacet
  facet normal 0.291329 0.186666 0.938234
    outer loop
      vertex 33.61 31.5275 26.3595
      vertex 33.61 30.3795 26.5879
      vertex 39.21 31.5137 24.6234
    endloop
  endfacet
  facet normal 0.358086 -0.18218 0.915743
    outer loop
      vertex 39.21 25.5137 24.6234
      vertex 38.486 25.2186 24.8478
      vertex 39.21 25.2679 24.5745
    endloop
  endfacet
  facet normal 0.358094 -0.181995 0.915777
    outer loop
      vertex 33.61 24.3795 26.5879
      vertex 33.61 24.1586 26.544
      vertex 34.778 24.6161 26.1782
    endloop
  endfacet
  facet normal 0.358114 -0.182272 0.915713
    outer loop
      vertex 39.21 25.5137 24.6234
      vertex 37.382 25.1435 25.2646
      vertex 38.486 25.2186 24.8478
    endloop
  endfacet
  facet normal 0.330994 0 0.943633
    outer loop
      vertex 39.21 31.5137 24.6234
      vertex 37.382 26.1435 25.2646
      vertex 39.21 25.5137 24.6234
    endloop
  endfacet
  facet normal 0.331028 -1.30086e-05 0.943621
    outer loop
      vertex 33.61 30.3795 26.5879
      vertex 37.382 26.1435 25.2646
      vertex 39.21 31.5137 24.6234
    endloop
  endfacet
  facet normal 0.331106 6.47377e-05 0.943594
    outer loop
      vertex 37.382 26.1435 25.2646
      vertex 33.61 30.3795 26.5879
      vertex 36.4866 26.0687 25.5788
    endloop
  endfacet
  facet normal 0.331008 -8.39856e-06 0.943628
    outer loop
      vertex 36.4866 26.0687 25.5788
      vertex 33.61 30.3795 26.5879
      vertex 35.86 26.0164 25.7986
    endloop
  endfacet
  facet normal 0.331045 1.29921e-05 0.943615
    outer loop
      vertex 35.86 26.0164 25.7986
      vertex 33.61 30.3795 26.5879
      vertex 34.778 25.6161 26.1782
    endloop
  endfacet
  facet normal 0.330998 -0 0.943631
    outer loop
      vertex 33.61 24.3795 26.5879
      vertex 34.778 25.6161 26.1782
      vertex 33.61 30.3795 26.5879
    endloop
  endfacet
  facet normal 0.330998 0 0.943631
    outer loop
      vertex 34.778 25.6161 26.1782
      vertex 33.61 24.3795 26.5879
      vertex 34.778 24.6161 26.1782
    endloop
  endfacet
  facet normal 0.330994 0 0.943633
    outer loop
      vertex 39.21 25.5137 24.6234
      vertex 37.382 26.1435 25.2646
      vertex 37.382 25.1435 25.2646
    endloop
  endfacet
  facet normal 0.176361 0.54684 0.818452
    outer loop
      vertex 33.61 32.5008 25.7092
      vertex 33.61 31.5275 26.3595
      vertex 39.21 33.635 23.7447
    endloop
  endfacet
  facet normal 0.0264521 0.831185 0.555367
    outer loop
      vertex 33.61 32.5008 25.7092
      vertex 35.8488 33.3446 24.3397
      vertex 33.61 32.9474 25.0408
    endloop
  endfacet
  facet normal 0.0265159 0.831134 0.55544
    outer loop
      vertex 35.8488 33.3446 24.3397
      vertex 33.61 32.5008 25.7092
      vertex 39.21 33.635 23.7447
    endloop
  endfacet
  facet normal 0.176335 0.546881 0.81843
    outer loop
      vertex 39.21 33.635 23.7447
      vertex 33.61 31.5275 26.3595
      vertex 39.21 32.6618 24.395
    endloop
  endfacet
  facet normal 0.29133 0.18665 0.938237
    outer loop
      vertex 39.21 32.6618 24.395
      vertex 33.61 31.5275 26.3595
      vertex 39.21 31.5137 24.6234
    endloop
  endfacet
  facet normal 0.00400703 0.88956 0.456801
    outer loop
      vertex 39.21 33.635 23.7447
      vertex 35.85 33.3448 24.3393
      vertex 35.8488 33.3446 24.3397
    endloop
  endfacet
  facet normal 0.0265031 0.83115 0.555416
    outer loop
      vertex 35.85 33.3448 24.3393
      vertex 39.21 33.635 23.7447
      vertex 39.21 34.0854 23.0707
    endloop
  endfacet
  facet normal 0.0311861 0.831091 0.555261
    outer loop
      vertex 44.81 34.9713 21.4302
      vertex 41.825 34.6469 22.0834
      vertex 41.3779 34.5509 22.2522
    endloop
  endfacet
  facet normal 0.0311826 0.831099 0.555249
    outer loop
      vertex 41.825 34.6469 22.0834
      vertex 44.81 34.9713 21.4302
      vertex 44.81 35.425 20.7511
    endloop
  endfacet
  facet normal 0.411801 -0.177817 0.893757
    outer loop
      vertex 44.81 26.85 22.3089
      vertex 43.1963 26.4649 22.9758
      vertex 44.81 26.5821 22.2556
    endloop
  endfacet
  facet normal 0.411813 -0.177627 0.893789
    outer loop
      vertex 40.5777 25.8401 24.0581
      vertex 39.21 25.5137 24.6234
      vertex 39.8489 25.5352 24.3333
    endloop
  endfacet
  facet normal 1 0 0
    outer loop
      vertex 44.81 33.998 22.0805
      vertex 44.81 35.425 20.7511
      vertex 44.81 34.9713 21.4302
    endloop
  endfacet
  facet normal 1 0 0
    outer loop
      vertex 44.81 30.4202 20.7511
      vertex 44.81 33.998 22.0805
      vertex 44.81 32.85 22.3089
    endloop
  endfacet
  facet normal 1 0 0
    outer loop
      vertex 44.81 33.998 22.0805
      vertex 44.81 30.4202 20.7511
      vertex 44.81 35.425 20.7511
    endloop
  endfacet
  facet normal 1 0 0
    outer loop
      vertex 44.81 32.85 22.3089
      vertex 44.81 30.3259 20.8923
      vertex 44.81 30.4202 20.7511
    endloop
  endfacet
  facet normal 1 0 0
    outer loop
      vertex 44.81 32.85 22.3089
      vertex 44.81 30.0021 21.3769
      vertex 44.81 30.3259 20.8923
    endloop
  endfacet
  facet normal 1 0 0
    outer loop
      vertex 44.81 32.85 22.3089
      vertex 44.81 29.0288 22.0272
      vertex 44.81 30.0021 21.3769
    endloop
  endfacet
  facet normal 1 0 0
    outer loop
      vertex 44.81 32.85 22.3089
      vertex 44.81 28.4572 22.1409
      vertex 44.81 29.0288 22.0272
    endloop
  endfacet
  facet normal 1 0 0
    outer loop
      vertex 44.81 32.85 22.3089
      vertex 44.81 27.8807 22.2556
      vertex 44.81 28.4572 22.1409
    endloop
  endfacet
  facet normal 1 -0 0
    outer loop
      vertex 44.81 26.85 22.3089
      vertex 44.81 27.8807 22.2556
      vertex 44.81 32.85 22.3089
    endloop
  endfacet
  facet normal 1 0 0
    outer loop
      vertex 44.81 27.8807 22.2556
      vertex 44.81 26.85 22.3089
      vertex 44.81 26.5821 22.2556
    endloop
  endfacet
  facet normal 0.0312274 0.831037 0.55534
    outer loop
      vertex 39.21 33.635 23.7447
      vertex 41.3779 34.5509 22.2522
      vertex 39.21 34.0854 23.0707
    endloop
  endfacet
  facet normal 0.0312038 0.831054 0.555316
    outer loop
      vertex 41.3779 34.5509 22.2522
      vertex 39.21 33.635 23.7447
      vertex 44.81 34.9713 21.4302
    endloop
  endfacet
  facet normal 0.411804 -0.177806 0.893757
    outer loop
      vertex 39.21 25.5137 24.6234
      vertex 39.21 25.2679 24.5745
      vertex 39.8489 25.5352 24.3333
    endloop
  endfacet
  facet normal 0.381942 0 0.924186
    outer loop
      vertex 44.81 32.85 22.3089
      vertex 43.1963 27.4649 22.9758
      vertex 44.81 26.85 22.3089
    endloop
  endfacet
  facet normal 0.381967 -8.86708e-06 0.924176
    outer loop
      vertex 39.21 31.5137 24.6234
      vertex 43.1963 27.4649 22.9758
      vertex 44.81 32.85 22.3089
    endloop
  endfacet
  facet normal 0.382003 3.27779e-05 0.924161
    outer loop
      vertex 43.1963 27.4649 22.9758
      vertex 39.21 31.5137 24.6234
      vertex 41.835 27.3401 23.5385
    endloop
  endfacet
  facet normal 0.381941 -1.33515e-05 0.924187
    outer loop
      vertex 41.835 27.3401 23.5385
      vertex 39.21 31.5137 24.6234
      vertex 40.5777 26.8401 24.0581
    endloop
  endfacet
  facet normal 0.38198 -0 0.924171
    outer loop
      vertex 39.21 25.5137 24.6234
      vertex 40.5777 26.8401 24.0581
      vertex 39.21 31.5137 24.6234
    endloop
  endfacet
  facet normal 0.38198 0 0.924171
    outer loop
      vertex 40.5777 26.8401 24.0581
      vertex 39.21 25.5137 24.6234
      vertex 40.5777 25.8401 24.0581
    endloop
  endfacet
  facet normal 0.381942 0 0.924186
    outer loop
      vertex 44.81 26.85 22.3089
      vertex 43.1963 27.4649 22.9758
      vertex 43.1963 26.4649 22.9758
    endloop
  endfacet
  facet normal 0.337716 0.183666 0.923155
    outer loop
      vertex 44.81 33.998 22.0805
      vertex 39.21 31.5137 24.6234
      vertex 44.81 32.85 22.3089
    endloop
  endfacet
  facet normal 0.337723 0.18365 0.923155
    outer loop
      vertex 39.21 32.6618 24.395
      vertex 39.21 31.5137 24.6234
      vertex 44.81 33.998 22.0805
    endloop
  endfacet
  facet normal 0.206537 0.543569 0.813557
    outer loop
      vertex 39.21 33.635 23.7447
      vertex 44.81 33.998 22.0805
      vertex 44.81 34.9713 21.4302
    endloop
  endfacet
  facet normal 0.206527 0.543609 0.813533
    outer loop
      vertex 44.81 33.998 22.0805
      vertex 39.21 33.635 23.7447
      vertex 39.21 32.6618 24.395
    endloop
  endfacet
  facet normal 0 0 -1
    outer loop
      vertex -53.794 14.3076 16.2941
      vertex -53.784 27.3116 16.2941
      vertex -53.784 14.2509 16.2941
    endloop
  endfacet
  facet normal 0 0 -1
    outer loop
      vertex -53.784 27.3116 16.2941
      vertex -53.794 14.3076 16.2941
      vertex -53.794 27.2613 16.2941
    endloop
  endfacet
  facet normal 0.489369 0.00053772 -0.872077
    outer loop
      vertex -53.5612 13.0699 16.4185
      vertex -53.4225 12.3694 16.4959
      vertex -53.4325 12.3881 16.4903
    endloop
  endfacet
  facet normal 0.487299 0 -0.873235
    outer loop
      vertex -53.4225 12.3694 16.4959
      vertex -53.5612 13.0699 16.4185
      vertex -53.4225 28.9602 16.4959
    endloop
  endfacet
  facet normal 0.487496 -2.25343e-06 -0.873125
    outer loop
      vertex -53.784 14.2509 16.2941
      vertex -53.4225 28.9602 16.4959
      vertex -53.5612 13.0699 16.4185
    endloop
  endfacet
  facet normal 0.489146 -0.00057481 -0.872202
    outer loop
      vertex -53.4225 28.9602 16.4959
      vertex -53.6654 27.8639 16.3604
      vertex -53.4325 28.9478 16.4903
    endloop
  endfacet
  facet normal 0.487136 9.33926e-06 -0.873326
    outer loop
      vertex -53.4225 28.9602 16.4959
      vertex -53.784 14.2509 16.2941
      vertex -53.6654 27.8639 16.3604
    endloop
  endfacet
  facet normal 0.487953 0 -0.87287
    outer loop
      vertex -53.6654 27.8639 16.3604
      vertex -53.784 14.2509 16.2941
      vertex -53.784 27.3116 16.2941
    endloop
  endfacet
  facet normal 0.470965 -0.005842 -0.882132
    outer loop
      vertex -52.9362 11.4558 16.7616
      vertex -52.0284 9.75993 17.2575
      vertex -52.0384 9.76915 17.2521
    endloop
  endfacet
  facet normal 0.479401 0 -0.877596
    outer loop
      vertex -52.0284 9.75993 17.2575
      vertex -52.9362 11.4558 16.7616
      vertex -52.0284 30.6906 17.2575
    endloop
  endfacet
  facet normal 0.479466 -3.98913e-06 -0.877561
    outer loop
      vertex -53.4225 12.3694 16.4959
      vertex -52.0284 30.6906 17.2575
      vertex -52.9362 11.4558 16.7616
    endloop
  endfacet
  facet normal 0.479436 -1.04163e-06 -0.877577
    outer loop
      vertex -52.5347 30.0681 16.9809
      vertex -52.0284 30.6906 17.2575
      vertex -53.4225 12.3694 16.4959
    endloop
  endfacet
  facet normal 0.473624 0.00611639 -0.880706
    outer loop
      vertex -52.0284 30.6906 17.2575
      vertex -52.5347 30.0681 16.9809
      vertex -52.0384 30.6874 17.2521
    endloop
  endfacet
  facet normal 0.47942 0 -0.877586
    outer loop
      vertex -52.5347 30.0681 16.9809
      vertex -53.4225 12.3694 16.4959
      vertex -53.4225 28.9602 16.4959
    endloop
  endfacet
  facet normal 0.459716 -0.00466732 -0.888054
    outer loop
      vertex -50.5051 8.33131 18.0536
      vertex -49.8401 7.71259 18.4011
      vertex -49.8501 7.71703 18.3959
    endloop
  endfacet
  facet normal 0.463135 0 -0.886288
    outer loop
      vertex -49.8401 7.71259 18.4011
      vertex -50.5051 9.80231 18.0536
      vertex -49.8401 11.8982 18.4011
    endloop
  endfacet
  facet normal 0.46345 -0.000127287 -0.886123
    outer loop
      vertex -50.6309 9.84027 17.9878
      vertex -49.8401 11.8982 18.4011
      vertex -50.5051 9.80231 18.0536
    endloop
  endfacet
  facet normal 0.463133 2.8047e-05 -0.886289
    outer loop
      vertex -51.09 9.9686 17.7479
      vertex -49.8401 11.8982 18.4011
      vertex -50.6309 9.84027 17.9878
    endloop
  endfacet
  facet normal 0.463144 1.88008e-05 -0.886283
    outer loop
      vertex -49.8401 11.8982 18.4011
      vertex -51.09 9.9686 17.7479
      vertex -50.0485 12.0581 18.2922
    endloop
  endfacet
  facet normal 0.463135 0 -0.886288
    outer loop
      vertex -49.8401 7.71259 18.4011
      vertex -50.5051 8.33131 18.0536
      vertex -50.5051 9.80231 18.0536
    endloop
  endfacet
  facet normal 0.463159 0 -0.886275
    outer loop
      vertex -51.2588 30.9479 17.6597
      vertex -49.8401 31.4177 18.4011
      vertex -49.8401 13.9151 18.4011
    endloop
  endfacet
  facet normal 0.463136 -4.69424e-06 -0.886287
    outer loop
      vertex -52.0284 30.6906 17.2575
      vertex -49.8401 13.9151 18.4011
      vertex -50.0485 13.7552 18.2922
    endloop
  endfacet
  facet normal 0.463293 1.875e-05 -0.886205
    outer loop
      vertex -52.0284 30.6906 17.2575
      vertex -50.0485 13.7552 18.2922
      vertex -50.2392 13.5067 18.1925
    endloop
  endfacet
  facet normal 0.462886 -3.52666e-05 -0.886418
    outer loop
      vertex -52.0284 30.6906 17.2575
      vertex -50.2392 13.5067 18.1925
      vertex -50.3591 13.2172 18.1299
    endloop
  endfacet
  facet normal 0.463015 9.84376e-05 -0.88635
    outer loop
      vertex -52.0284 9.75993 17.2575
      vertex -50.3591 13.2172 18.1299
      vertex -50.4 12.9067 18.1085
    endloop
  endfacet
  facet normal 0.461352 0.00115493 -0.887216
    outer loop
      vertex -51.1 9.9686 17.7427
      vertex -50.0485 12.0581 18.2922
      vertex -51.09 9.9686 17.7479
    endloop
  endfacet
  facet normal 0.463251 -6.03021e-05 -0.886227
    outer loop
      vertex -50.0485 12.0581 18.2922
      vertex -51.1 9.9686 17.7427
      vertex -50.2392 12.3067 18.1925
    endloop
  endfacet
  facet normal 0.463184 -2.93066e-05 -0.886262
    outer loop
      vertex -52.0284 9.75993 17.2575
      vertex -50.2392 12.3067 18.1925
      vertex -51.1 9.9686 17.7427
    endloop
  endfacet
  facet normal 0.463028 0.000110455 -0.886344
    outer loop
      vertex -50.2392 12.3067 18.1925
      vertex -52.0284 9.75993 17.2575
      vertex -50.3591 12.5961 18.1299
    endloop
  endfacet
  facet normal 0.463254 -5.84686e-05 -0.886226
    outer loop
      vertex -50.3591 12.5961 18.1299
      vertex -52.0284 9.75993 17.2575
      vertex -50.4 12.9067 18.1085
    endloop
  endfacet
  facet normal 0.461857 0.00498355 -0.88694
    outer loop
      vertex -49.8401 31.4177 18.4011
      vertex -51.2588 30.9479 17.6597
      vertex -49.8501 31.419 18.3959
    endloop
  endfacet
  facet normal 0.463179 0 -0.886265
    outer loop
      vertex -52.0284 9.75993 17.2575
      vertex -51.1 9.9686 17.7427
      vertex -51.1 8.88925 17.7427
    endloop
  endfacet
  facet normal 0.463176 0 -0.886267
    outer loop
      vertex -50.3591 13.2172 18.1299
      vertex -52.0284 9.75993 17.2575
      vertex -52.0284 30.6906 17.2575
    endloop
  endfacet
  facet normal 0.463172 1.29584e-06 -0.886269
    outer loop
      vertex -49.8401 13.9151 18.4011
      vertex -52.0284 30.6906 17.2575
      vertex -51.2588 30.9479 17.6597
    endloop
  endfacet
  facet normal 0.450224 0.0171822 -0.89275
    outer loop
      vertex -48.5309 7.10757 19.0496
      vertex -47.79 6.76755 19.4167
      vertex -47.8 6.76979 19.4117
    endloop
  endfacet
  facet normal 0.444139 0 -0.895958
    outer loop
      vertex -47.79 6.76755 19.4167
      vertex -48 12.9067 19.3126
      vertex -47.79 31.1907 19.4167
    endloop
  endfacet
  facet normal 0.442929 1.73021e-05 -0.896556
    outer loop
      vertex -48.0409 13.2172 19.2924
      vertex -47.79 31.1907 19.4167
      vertex -48 12.9067 19.3126
    endloop
  endfacet
  facet normal 0.443095 -4.4467e-05 -0.896475
    outer loop
      vertex -47.79 6.76755 19.4167
      vertex -48.0409 12.5961 19.2924
      vertex -48 12.9067 19.3126
    endloop
  endfacet
  facet normal 0.443923 -1.27768e-07 -0.896065
    outer loop
      vertex -47.79 6.76755 19.4167
      vertex -48.1608 12.3067 19.233
      vertex -48.0409 12.5961 19.2924
    endloop
  endfacet
  facet normal 0.444008 7.02933e-06 -0.896023
    outer loop
      vertex -47.79 6.76755 19.4167
      vertex -48.3515 12.0581 19.1385
      vertex -48.1608 12.3067 19.233
    endloop
  endfacet
  facet normal 0.443972 7.11857e-06 -0.896041
    outer loop
      vertex -47.79 6.76755 19.4167
      vertex -48.5309 7.10757 19.0496
      vertex -48.6 11.8674 19.0154
    endloop
  endfacet
  facet normal 0.443898 -7.59452e-06 -0.896077
    outer loop
      vertex -47.79 6.76755 19.4167
      vertex -48.6 11.8674 19.0154
      vertex -48.3515 12.0581 19.1385
    endloop
  endfacet
  facet normal 0.443988 7.40993e-06 -0.896033
    outer loop
      vertex -48.5309 7.10757 19.0496
      vertex -48.8894 11.7475 18.872
      vertex -48.6 11.8674 19.0154
    endloop
  endfacet
  facet normal 0.443869 -4.07989e-06 -0.896092
    outer loop
      vertex -49.8401 7.71259 18.4011
      vertex -48.8894 11.7475 18.872
      vertex -48.5309 7.10757 19.0496
    endloop
  endfacet
  facet normal 0.443745 3.23793e-05 -0.896153
    outer loop
      vertex -48.8894 11.7475 18.872
      vertex -49.8401 7.71259 18.4011
      vertex -49.2 11.7067 18.7182
    endloop
  endfacet
  facet normal 0.443978 -1.42397e-05 -0.896038
    outer loop
      vertex -49.2 11.7067 18.7182
      vertex -49.8401 7.71259 18.4011
      vertex -49.5106 11.7475 18.5643
    endloop
  endfacet
  facet normal 0.443745 9.44991e-06 -0.896153
    outer loop
      vertex -49.5106 11.7475 18.5643
      vertex -49.8401 7.71259 18.4011
      vertex -49.8 11.8674 18.421
    endloop
  endfacet
  facet normal 0.444531 0 -0.895763
    outer loop
      vertex -49.8 11.8674 18.421
      vertex -49.8401 7.71259 18.4011
      vertex -49.8401 11.8982 18.4011
    endloop
  endfacet
  facet normal 0.443922 4.4247e-08 -0.896065
    outer loop
      vertex -48.1608 13.5067 19.233
      vertex -47.79 31.1907 19.4167
      vertex -48.0409 13.2172 19.2924
    endloop
  endfacet
  facet normal 0.444013 -2.33026e-06 -0.89602
    outer loop
      vertex -48.3515 13.7552 19.1385
      vertex -47.79 31.1907 19.4167
      vertex -48.1608 13.5067 19.233
    endloop
  endfacet
  facet normal 0.443895 2.43204e-06 -0.896079
    outer loop
      vertex -48.6 13.9459 19.0154
      vertex -47.79 31.1907 19.4167
      vertex -48.3515 13.7552 19.1385
    endloop
  endfacet
  facet normal 0.44399 -3.13133e-06 -0.896032
    outer loop
      vertex -48.8894 14.0658 18.872
      vertex -47.79 31.1907 19.4167
      vertex -48.6 13.9459 19.0154
    endloop
  endfacet
  facet normal 0.44375 1.60553e-05 -0.896151
    outer loop
      vertex -49.2 14.1067 18.7182
      vertex -47.79 31.1907 19.4167
      vertex -48.8894 14.0658 18.872
    endloop
  endfacet
  facet normal 0.443906 -2.91559e-08 -0.896073
    outer loop
      vertex -49.8401 31.4177 18.4011
      vertex -47.79 31.1907 19.4167
      vertex -49.2 14.1067 18.7182
    endloop
  endfacet
  facet normal 0.443979 3.33839e-06 -0.896037
    outer loop
      vertex -49.8401 31.4177 18.4011
      vertex -49.2 14.1067 18.7182
      vertex -49.5106 14.0658 18.5643
    endloop
  endfacet
  facet normal 0.443743 -2.25404e-06 -0.896154
    outer loop
      vertex -49.8401 31.4177 18.4011
      vertex -49.5106 14.0658 18.5643
      vertex -49.8 13.9459 18.421
    endloop
  endfacet
  facet normal 0.444531 0 -0.895763
    outer loop
      vertex -49.8401 31.4177 18.4011
      vertex -49.8 13.9459 18.421
      vertex -49.8401 13.9151 18.4011
    endloop
  endfacet
  facet normal 0.441737 -0.02306 -0.896848
    outer loop
      vertex -47.79 31.1907 19.4167
      vertex -49.8401 31.4177 18.4011
      vertex -47.8 31.1936 19.4117
    endloop
  endfacet
  facet normal 0.407566 0 -0.913176
    outer loop
      vertex -46.5028 6.43585 19.9912
      vertex -47.79 6.76755 19.4167
      vertex -46.5028 8.68366 19.9912
    endloop
  endfacet
  facet normal 0.407596 -3.29278e-06 -0.913162
    outer loop
      vertex -46.3747 8.65065 20.0483
      vertex -44.8 30.4202 20.7511
      vertex -44.7025 8.18327 20.7947
    endloop
  endfacet
  facet normal 0.407138 3.64329e-05 -0.913366
    outer loop
      vertex -46.5028 8.68366 19.9912
      vertex -44.8 30.4202 20.7511
      vertex -46.3747 8.65065 20.0483
    endloop
  endfacet
  facet normal 0.407545 -1.79175e-06 -0.913185
    outer loop
      vertex -44.8 30.4202 20.7511
      vertex -46.5028 8.68366 19.9912
      vertex -45.6667 30.6435 20.3643
    endloop
  endfacet
  facet normal 0.407566 0 -0.913176
    outer loop
      vertex -47.79 31.1907 19.4167
      vertex -46.5028 8.68366 19.9912
      vertex -47.79 6.76755 19.4167
    endloop
  endfacet
  facet normal 0.407542 -1.65105e-06 -0.913186
    outer loop
      vertex -46.5028 8.68366 19.9912
      vertex -47.79 31.1907 19.4167
      vertex -45.6667 30.6435 20.3643
    endloop
  endfacet
  facet normal 0.410599 0.00164116 -0.911815
    outer loop
      vertex -42.9546 7.76936 21.5748
      vertex -41.815 5.22875 22.0834
      vertex -41.825 5.23047 22.0789
    endloop
  endfacet
  facet normal 0.407526 0 -0.913194
    outer loop
      vertex -42.9546 7.76936 21.5748
      vertex -41.825 5.23047 22.0789
      vertex -42.9546 5.52156 21.5748
    endloop
  endfacet
  facet normal 0.407551 0 -0.913183
    outer loop
      vertex -41.815 5.22875 22.0834
      vertex -42.9546 7.76936 21.5748
      vertex -41.815 34.6469 22.0834
    endloop
  endfacet
  facet normal 0.407495 -9.62698e-06 -0.913208
    outer loop
      vertex -44.8 30.4202 20.7511
      vertex -42.9546 7.76936 21.5748
      vertex -43.0606 7.79666 21.5275
    endloop
  endfacet
  facet normal 0.407562 -3.47614e-06 -0.913178
    outer loop
      vertex -44.8 30.4202 20.7511
      vertex -43.0606 7.79666 21.5275
      vertex -44.7025 8.18327 20.7947
    endloop
  endfacet
  facet normal 0.407579 -1.42983e-06 -0.91317
    outer loop
      vertex -42.9546 7.76936 21.5748
      vertex -44.8 30.4202 20.7511
      vertex -41.815 34.6469 22.0834
    endloop
  endfacet
  facet normal 0.407577 0 -0.913171
    outer loop
      vertex -41.815 34.6469 22.0834
      vertex -44.8 30.4202 20.7511
      vertex -44.8 35.425 20.7511
    endloop
  endfacet
  facet normal 0.35321 0 -0.935544
    outer loop
      vertex -41.815 5.22875 22.0834
      vertex -40.3659 7.15983 22.6305
      vertex -40.3659 4.91288 22.6305
    endloop
  endfacet
  facet normal 0.35321 0 -0.935544
    outer loop
      vertex -41.815 34.6469 22.0834
      vertex -40.3659 7.15983 22.6305
      vertex -41.815 5.22875 22.0834
    endloop
  endfacet
  facet normal 0.353209 -2.54091e-08 -0.935544
    outer loop
      vertex -40.3659 7.15983 22.6305
      vertex -41.815 34.6469 22.0834
      vertex -41.3679 34.5509 22.2522
    endloop
  endfacet
  facet normal 0.355328 0.000918464 -0.934741
    outer loop
      vertex -36.7939 6.3812 23.9791
      vertex -35.84 3.92712 24.3393
      vertex -35.85 3.9285 24.3355
    endloop
  endfacet
  facet normal 0.353241 0 -0.935533
    outer loop
      vertex -36.7939 6.3812 23.9791
      vertex -35.85 3.9285 24.3355
      vertex -36.7939 4.13425 23.9791
    endloop
  endfacet
  facet normal 0.353261 0 -0.935525
    outer loop
      vertex -35.84 3.92712 24.3393
      vertex -36.7939 6.3812 23.9791
      vertex -35.84 33.3448 24.3393
    endloop
  endfacet
  facet normal 0.3526 2.67236e-05 -0.935774
    outer loop
      vertex -36.8775 6.39942 23.9476
      vertex -35.84 33.3448 24.3393
      vertex -36.7939 6.3812 23.9791
    endloop
  endfacet
  facet normal 0.353255 -2.06766e-06 -0.935527
    outer loop
      vertex -38.315 6.67928 23.4048
      vertex -35.84 33.3448 24.3393
      vertex -36.8775 6.39942 23.9476
    endloop
  endfacet
  facet normal 0.353189 4.90772e-06 -0.935552
    outer loop
      vertex -40.2312 7.13046 22.6814
      vertex -35.84 33.3448 24.3393
      vertex -38.315 6.67928 23.4048
    endloop
  endfacet
  facet normal 0.353472 -4.93148e-05 -0.935445
    outer loop
      vertex -40.3659 7.15983 22.6305
      vertex -35.84 33.3448 24.3393
      vertex -40.2312 7.13046 22.6814
    endloop
  endfacet
  facet normal 0.353222 1.15338e-07 -0.93554
    outer loop
      vertex -35.84 33.3448 24.3393
      vertex -40.3659 7.15983 22.6305
      vertex -39.2 34.0854 23.0707
    endloop
  endfacet
  facet normal 0.353218 3.2442e-07 -0.935541
    outer loop
      vertex -39.2 34.0854 23.0707
      vertex -40.3659 7.15983 22.6305
      vertex -41.3679 34.5509 22.2522
    endloop
  endfacet
  facet normal 0.298885 0 -0.954289
    outer loop
      vertex -35.84 3.92712 24.3393
      vertex -34.2372 5.88346 24.8413
      vertex -34.2372 3.63731 24.8413
    endloop
  endfacet
  facet normal 0.298885 0 -0.954289
    outer loop
      vertex -35.84 33.3448 24.3393
      vertex -34.2372 5.88346 24.8413
      vertex -35.84 3.92712 24.3393
    endloop
  endfacet
  facet normal 0.316396 0.00112557 -0.948626
    outer loop
      vertex -34.2372 5.88346 24.8413
      vertex -35.84 33.3448 24.3393
      vertex -35.8388 33.3446 24.3397
    endloop
  endfacet
  facet normal 0.304979 0.00214645 -0.952357
    outer loop
      vertex -30.6331 5.23177 25.97
      vertex -29.865 2.84749 26.2106
      vertex -29.875 2.84854 26.2074
    endloop
  endfacet
  facet normal 0.298841 0 -0.954303
    outer loop
      vertex -30.6331 5.23177 25.97
      vertex -29.875 2.84854 26.2074
      vertex -30.6331 2.98562 25.97
    endloop
  endfacet
  facet normal 0.298919 0 -0.954279
    outer loop
      vertex -29.865 2.84749 26.2106
      vertex -30.6331 5.23177 25.97
      vertex -29.865 32.2648 26.2106
    endloop
  endfacet
  facet normal 0.298278 1.99788e-05 -0.954479
    outer loop
      vertex -30.6971 5.24333 25.95
      vertex -29.865 32.2648 26.2106
      vertex -30.6331 5.23177 25.97
    endloop
  endfacet
  facet normal 0.298911 -1.40254e-06 -0.954281
    outer loop
      vertex -31.9275 5.43574 25.5646
      vertex -29.865 32.2648 26.2106
      vertex -30.6971 5.24333 25.95
    endloop
  endfacet
  facet normal 0.298874 1.70111e-06 -0.954293
    outer loop
      vertex -34.0968 5.85807 24.8852
      vertex -29.865 32.2648 26.2106
      vertex -31.9275 5.43574 25.5646
    endloop
  endfacet
  facet normal 0.298443 7.75911e-05 -0.954428
    outer loop
      vertex -34.2372 5.88346 24.8413
      vertex -29.865 32.2648 26.2106
      vertex -34.0968 5.85807 24.8852
    endloop
  endfacet
  facet normal 0.298876 -1.31823e-06 -0.954292
    outer loop
      vertex -29.865 32.2648 26.2106
      vertex -34.2372 5.88346 24.8413
      vertex -31.5994 32.5818 25.6674
    endloop
  endfacet
  facet normal 0.298888 -2.62926e-06 -0.954288
    outer loop
      vertex -31.5994 32.5818 25.6674
      vertex -34.2372 5.88346 24.8413
      vertex -33.6 32.9474 25.0408
    endloop
  endfacet
  facet normal 0.298847 -1.57346e-06 -0.954301
    outer loop
      vertex -33.6 32.9474 25.0408
      vertex -34.2372 5.88346 24.8413
      vertex -35.8388 33.3446 24.3397
    endloop
  endfacet
  facet normal 0.244512 0 -0.969646
    outer loop
      vertex -28.1221 2.59374 26.6501
      vertex -29.865 2.84749 26.2106
      vertex -28.1221 4.83912 26.6501
    endloop
  endfacet
  facet normal 0.251763 0.0018908 -0.967787
    outer loop
      vertex -24.4718 4.30764 27.5706
      vertex -23.89 1.97827 27.7174
      vertex -23.9 1.979 27.7148
    endloop
  endfacet
  facet normal 0.24453 0 -0.969642
    outer loop
      vertex -24.4718 4.30764 27.5706
      vertex -23.9 1.979 27.7148
      vertex -24.4718 2.06226 27.5706
    endloop
  endfacet
  facet normal 0.244653 0 -0.969611
    outer loop
      vertex -23.89 1.97827 27.7174
      vertex -24.4718 4.30764 27.5706
      vertex -23.89 31.3953 27.7174
    endloop
  endfacet
  facet normal 0.243029 3.70747e-05 -0.970019
    outer loop
      vertex -24.5185 4.31444 27.5589
      vertex -23.89 31.3953 27.7174
      vertex -24.4718 4.30764 27.5706
    endloop
  endfacet
  facet normal 0.244523 2.14971e-07 -0.969644
    outer loop
      vertex -25.54 4.43691 27.3013
      vertex -23.89 31.3953 27.7174
      vertex -24.5185 4.31444 27.5589
    endloop
  endfacet
  facet normal 0.244538 -7.93823e-07 -0.96964
    outer loop
      vertex -27.977 4.81799 26.6867
      vertex -23.89 31.3953 27.7174
      vertex -25.54 4.43691 27.3013
    endloop
  endfacet
  facet normal 0.244578 -7.28687e-06 -0.96963
    outer loop
      vertex -28.1221 4.83912 26.6501
      vertex -23.89 31.3953 27.7174
      vertex -27.977 4.81799 26.6867
    endloop
  endfacet
  facet normal 0.244534 2.7213e-07 -0.969641
    outer loop
      vertex -23.89 31.3953 27.7174
      vertex -28.1221 4.83912 26.6501
      vertex -28 32 26.6809
    endloop
  endfacet
  facet normal 0.244512 0 -0.969646
    outer loop
      vertex -29.865 32.2648 26.2106
      vertex -28.1221 4.83912 26.6501
      vertex -29.865 2.84749 26.2106
    endloop
  endfacet
  facet normal 0.244517 3.51416e-07 -0.969645
    outer loop
      vertex -28.1221 4.83912 26.6501
      vertex -29.865 32.2648 26.2106
      vertex -28 32 26.6809
    endloop
  endfacet
  facet normal 0.190167 0 -0.981752
    outer loop
      vertex -23.89 1.97827 27.7174
      vertex -22.0325 4.01517 28.0772
      vertex -22.0325 1.77052 28.0772
    endloop
  endfacet
  facet normal 0.190167 0 -0.981752
    outer loop
      vertex -23.89 31.3953 27.7174
      vertex -22.0325 4.01517 28.0772
      vertex -23.89 1.97827 27.7174
    endloop
  endfacet
  facet normal 0.190157 -6.66667e-07 -0.981754
    outer loop
      vertex -22.0325 4.01517 28.0772
      vertex -23.89 31.3953 27.7174
      vertex -22.4 31.2343 28.006
    endloop
  endfacet
  facet normal 0.196158 0.00106174 -0.980572
    outer loop
      vertex -18.3098 3.59882 28.7984
      vertex -17.915 1.3107 28.8749
      vertex -17.925 1.31111 28.8729
    endloop
  endfacet
  facet normal 0.190077 0 -0.981769
    outer loop
      vertex -18.3098 3.59882 28.7984
      vertex -17.925 1.31111 28.8729
      vertex -18.3098 1.35416 28.7984
    endloop
  endfacet
  facet normal 0.190231 0 -0.981739
    outer loop
      vertex -17.915 1.3107 28.8749
      vertex -18.3098 3.59882 28.7984
      vertex -17.915 30.7276 28.8749
    endloop
  endfacet
  facet normal 0.191288 -1.59606e-05 -0.981534
    outer loop
      vertex -18.3411 3.60231 28.7923
      vertex -17.915 30.7276 28.8749
      vertex -18.3098 3.59882 28.7984
    endloop
  endfacet
  facet normal 0.190203 1.72483e-06 -0.981745
    outer loop
      vertex -19.1525 3.67108 28.6351
      vertex -17.915 30.7276 28.8749
      vertex -18.3411 3.60231 28.7923
    endloop
  endfacet
  facet normal 0.190168 3.38674e-06 -0.981752
    outer loop
      vertex -21.8835 3.99852 28.1061
      vertex -17.915 30.7276 28.8749
      vertex -19.1525 3.67108 28.6351
    endloop
  endfacet
  facet normal 0.190276 -1.33167e-05 -0.981731
    outer loop
      vertex -17.915 30.7276 28.8749
      vertex -21.8835 3.99852 28.1061
      vertex -18.8824 30.8369 28.6874
    endloop
  endfacet
  facet normal 0.190408 -2.86324e-05 -0.981705
    outer loop
      vertex -22.0325 4.01517 28.0772
      vertex -18.8824 30.8369 28.6874
      vertex -21.8835 3.99852 28.1061
    endloop
  endfacet
  facet normal 0.190176 -3.96602e-07 -0.98175
    outer loop
      vertex -18.8824 30.8369 28.6874
      vertex -22.0325 4.01517 28.0772
      vertex -22.4 31.2343 28.006
    endloop
  endfacet
  facet normal 0.135838 0 -0.990731
    outer loop
      vertex -17.915 1.3107 28.8749
      vertex -15.999 3.40298 29.1376
      vertex -15.999 1.15902 29.1376
    endloop
  endfacet
  facet normal 0.135838 0 -0.990731
    outer loop
      vertex -17.915 30.7276 28.8749
      vertex -15.999 3.40298 29.1376
      vertex -17.915 1.3107 28.8749
    endloop
  endfacet
  facet normal 0.135771 -4.76308e-06 -0.99074
    outer loop
      vertex -15.999 3.40298 29.1376
      vertex -17.915 30.7276 28.8749
      vertex -16.8 30.6437 29.0277
    endloop
  endfacet
  facet normal 0.135728 -9.90668e-06 -0.990746
    outer loop
      vertex -12.1469 3.09802 29.6658
      vertex -13.1409 15.7711 29.5295
      vertex -13.1 16.0817 29.5351
    endloop
  endfacet
  facet normal 0.136257 3.07829e-05 -0.990674
    outer loop
      vertex -12.1645 3.09942 29.6634
      vertex -13.2608 15.4817 29.513
      vertex -13.1409 15.7711 29.5295
    endloop
  endfacet
  facet normal 0.135633 -2.55239e-05 -0.990759
    outer loop
      vertex -12.1645 3.09942 29.6634
      vertex -13.4515 15.2332 29.4869
      vertex -13.2608 15.4817 29.513
    endloop
  endfacet
  facet normal 0.135943 8.03651e-06 -0.990717
    outer loop
      vertex -12.1645 3.09942 29.6634
      vertex -13.7 15.0425 29.4528
      vertex -13.4515 15.2332 29.4869
    endloop
  endfacet
  facet normal 0.135906 3.1868e-06 -0.990722
    outer loop
      vertex -12.1645 3.09942 29.6634
      vertex -13.9894 14.9226 29.4131
      vertex -13.7 15.0425 29.4528
    endloop
  endfacet
  facet normal 0.135881 2.58825e-06 -0.990725
    outer loop
      vertex -12.765 3.12974 29.581
      vertex -14.3 14.8817 29.3705
      vertex -13.9894 14.9226 29.4131
    endloop
  endfacet
  facet normal 0.135834 -3.68253e-06 -0.990732
    outer loop
      vertex -15.8473 3.39096 29.1584
      vertex -14.3 14.8817 29.3705
      vertex -12.765 3.12974 29.581
    endloop
  endfacet
  facet normal 0.135573 3.2189e-05 -0.990767
    outer loop
      vertex -14.3 14.8817 29.3705
      vertex -15.8473 3.39096 29.1584
      vertex -14.6106 14.9226 29.328
    endloop
  endfacet
  facet normal 0.135842 2.78539e-06 -0.990731
    outer loop
      vertex -15.999 3.40298 29.1376
      vertex -14.6106 14.9226 29.328
      vertex -15.8473 3.39096 29.1584
    endloop
  endfacet
  facet normal 0.135906 -5.01553e-06 -0.990722
    outer loop
      vertex -14.6106 14.9226 29.328
      vertex -15.999 3.40298 29.1376
      vertex -14.9 15.0425 29.2883
    endloop
  endfacet
  facet normal 0.135943 -8.60729e-06 -0.990717
    outer loop
      vertex -14.9 15.0425 29.2883
      vertex -15.999 3.40298 29.1376
      vertex -15.1485 15.2332 29.2542
    endloop
  endfacet
  facet normal 0.135545 1.10248e-05 -0.990771
    outer loop
      vertex -15.3392 15.4817 29.228
      vertex -15.999 3.40298 29.1376
      vertex -15.4591 15.7711 29.2116
    endloop
  endfacet
  facet normal 0.136086 -1.90641e-05 -0.990697
    outer loop
      vertex -15.1485 15.2332 29.2542
      vertex -15.999 3.40298 29.1376
      vertex -15.3392 15.4817 29.228
    endloop
  endfacet
  facet normal 0.128909 -0.00061629 -0.991656
    outer loop
      vertex -12.1469 3.09802 29.6658
      vertex -11.94 0.83838 29.6941
      vertex -11.95 0.838482 29.6928
    endloop
  endfacet
  facet normal 0.135854 0 -0.990729
    outer loop
      vertex -12.1469 3.09802 29.6658
      vertex -11.95 0.838482 29.6928
      vertex -12.1469 0.85407 29.6658
    endloop
  endfacet
  facet normal 0.135519 0 -0.990775
    outer loop
      vertex -11.94 0.83838 29.6941
      vertex -12.1469 3.09802 29.6658
      vertex -11.94 30.2551 29.6941
    endloop
  endfacet
  facet normal 0.135109 -5.93637e-05 -0.990831
    outer loop
      vertex -13.1409 15.7711 29.5295
      vertex -12.1469 3.09802 29.6658
      vertex -12.1645 3.09942 29.6634
    endloop
  endfacet
  facet normal 0.135946 9.36784e-06 -0.990716
    outer loop
      vertex -13.9894 14.9226 29.4131
      vertex -12.1645 3.09942 29.6634
      vertex -12.765 3.12974 29.581
    endloop
  endfacet
  facet normal 0.135828 -2.39623e-06 -0.990732
    outer loop
      vertex -12.1469 3.09802 29.6658
      vertex -13.1 16.0817 29.5351
      vertex -11.94 30.2551 29.6941
    endloop
  endfacet
  facet normal 0.135709 7.48341e-06 -0.990749
    outer loop
      vertex -13.1409 16.3923 29.5295
      vertex -11.94 30.2551 29.6941
      vertex -13.1 16.0817 29.5351
    endloop
  endfacet
  facet normal 0.136237 -3.90958e-05 -0.990676
    outer loop
      vertex -13.2608 16.6817 29.513
      vertex -11.94 30.2551 29.6941
      vertex -13.1409 16.3923 29.5295
    endloop
  endfacet
  facet normal 0.135627 2.13631e-05 -0.99076
    outer loop
      vertex -13.4515 16.9302 29.4869
      vertex -11.94 30.2551 29.6941
      vertex -13.2608 16.6817 29.513
    endloop
  endfacet
  facet normal 0.135938 -1.45739e-05 -0.990717
    outer loop
      vertex -13.7 17.1209 29.4528
      vertex -11.94 30.2551 29.6941
      vertex -13.4515 16.9302 29.4869
    endloop
  endfacet
  facet normal 0.135904 -9.82311e-06 -0.990722
    outer loop
      vertex -13.9894 17.2408 29.4131
      vertex -11.94 30.2551 29.6941
      vertex -13.7 17.1209 29.4528
    endloop
  endfacet
  facet normal 0.135783 9.57066e-06 -0.990739
    outer loop
      vertex -11.94 30.2551 29.6941
      vertex -13.9894 17.2408 29.4131
      vertex -13.249 30.3598 29.5147
    endloop
  endfacet
  facet normal 0.135882 3.84219e-06 -0.990725
    outer loop
      vertex -14.3 17.2817 29.3705
      vertex -13.249 30.3598 29.5147
      vertex -13.9894 17.2408 29.4131
    endloop
  endfacet
  facet normal 0.135565 2.98335e-05 -0.990768
    outer loop
      vertex -14.6106 17.2408 29.328
      vertex -13.249 30.3598 29.5147
      vertex -14.3 17.2817 29.3705
    endloop
  endfacet
  facet normal 0.135906 2.95687e-06 -0.990722
    outer loop
      vertex -16.8 30.6437 29.0277
      vertex -14.6106 17.2408 29.328
      vertex -14.9 17.1209 29.2883
    endloop
  endfacet
  facet normal 0.135943 8.22327e-06 -0.990717
    outer loop
      vertex -16.8 30.6437 29.0277
      vertex -14.9 17.1209 29.2883
      vertex -15.1485 16.9302 29.2542
    endloop
  endfacet
  facet normal 0.136078 2.48038e-05 -0.990698
    outer loop
      vertex -16.8 30.6437 29.0277
      vertex -15.1485 16.9302 29.2542
      vertex -15.3392 16.6817 29.228
    endloop
  endfacet
  facet normal 0.135585 -2.78074e-05 -0.990766
    outer loop
      vertex -16.8 30.6437 29.0277
      vertex -15.3392 16.6817 29.228
      vertex -15.4591 16.3923 29.2116
    endloop
  endfacet
  facet normal 0.135688 4.64818e-06 -0.990752
    outer loop
      vertex -15.4591 15.7711 29.2116
      vertex -15.999 3.40298 29.1376
      vertex -15.5 16.0817 29.206
    endloop
  endfacet
  facet normal 0.135872 -2.6892e-06 -0.990726
    outer loop
      vertex -14.6106 17.2408 29.328
      vertex -16.8 30.6437 29.0277
      vertex -13.249 30.3598 29.5147
    endloop
  endfacet
  facet normal 0.135746 -1.23624e-05 -0.990744
    outer loop
      vertex -15.5 16.0817 29.206
      vertex -16.8 30.6437 29.0277
      vertex -15.4591 16.3923 29.2116
    endloop
  endfacet
  facet normal 0.135858 -2.15677e-06 -0.990728
    outer loop
      vertex -16.8 30.6437 29.0277
      vertex -15.5 16.0817 29.206
      vertex -15.999 3.40298 29.1376
    endloop
  endfacet
  facet normal 0.0815232 0 -0.996671
    outer loop
      vertex -11.94 0.83838 29.6941
      vertex -10.1355 2.99644 29.8417
      vertex -10.1355 0.753178 29.8417
    endloop
  endfacet
  facet normal 0.0815232 0 -0.996671
    outer loop
      vertex -11.94 30.2551 29.6941
      vertex -10.1355 2.99644 29.8417
      vertex -11.94 0.83838 29.6941
    endloop
  endfacet
  facet normal 0.0815289 3.73537e-07 -0.996671
    outer loop
      vertex -10.1355 2.99644 29.8417
      vertex -11.94 30.2551 29.6941
      vertex -10.4608 29.4689 29.8151
    endloop
  endfacet
  facet normal 0.0815454 3.1627e-05 -0.99667
    outer loop
      vertex -10.4608 29.4689 29.8151
      vertex -11.94 30.2551 29.6941
      vertex -11.4071 30.2322 29.7377
    endloop
  endfacet
  facet normal 0.0818352 -0.138125 -0.987028
    outer loop
      vertex -5.98282 0.557108 30.1813
      vertex -5.965 0.556947 30.1828
      vertex -5.975 0.556739 30.182
    endloop
  endfacet
  facet normal 0.0838785 0 -0.996476
    outer loop
      vertex -5.965 0.556947 30.1828
      vertex -5.98282 0.557108 30.1813
      vertex -5.98282 2.80037 30.1813
    endloop
  endfacet
  facet normal 0.0838785 0 -0.996476
    outer loop
      vertex -5.965 0.556947 30.1828
      vertex -5.98282 2.80037 30.1813
      vertex -5.965 22.6794 30.1828
    endloop
  endfacet
  facet normal 0.0722748 1.04704e-05 -0.997385
    outer loop
      vertex -5.98834 2.80063 30.1809
      vertex -5.965 22.6794 30.1828
      vertex -5.98282 2.80037 30.1813
    endloop
  endfacet
  facet normal 0.0816974 -6.62448e-07 -0.996657
    outer loop
      vertex -6.3775 2.80716 30.149
      vertex -5.965 22.6794 30.1828
      vertex -5.98834 2.80063 30.1809
    endloop
  endfacet
  facet normal 0.0814912 3.64561e-06 -0.996674
    outer loop
      vertex -9.98182 2.98919 29.8543
      vertex -5.965 22.6794 30.1828
      vertex -6.3775 2.80716 30.149
    endloop
  endfacet
  facet normal 0.0817124 -4.17738e-05 -0.996656
    outer loop
      vertex -10.1355 2.99644 29.8417
      vertex -5.965 22.6794 30.1828
      vertex -9.98182 2.98919 29.8543
    endloop
  endfacet
  facet normal 0.0815156 2.09307e-07 -0.996672
    outer loop
      vertex -5.965 22.6794 30.1828
      vertex -10.1355 2.99644 29.8417
      vertex -10.4608 29.4689 29.8151
    endloop
  endfacet
  facet normal 0.0814905 -1.64781e-05 -0.996674
    outer loop
      vertex -5.965 22.6794 30.1828
      vertex -10.4608 29.4689 29.8151
      vertex -9.3527 29.5295 29.9057
    endloop
  endfacet
  facet normal 0.0271899 0 -0.99963
    outer loop
      vertex -5.465 0.549101 30.1964
      vertex -5.965 0.556947 30.1828
      vertex -5.465 2.79169 30.1964
    endloop
  endfacet
  facet normal 0.0271505 0 -0.999631
    outer loop
      vertex 0.00499964 2.70008 30.345
      vertex -2.09732 18.6122 30.2879
      vertex 0.00499964 18.6122 30.345
    endloop
  endfacet
  facet normal 0.0271564 7.84238e-07 -0.999631
    outer loop
      vertex -5.31039 2.78926 30.2006
      vertex -2.09732 18.6122 30.2879
      vertex 0.00499964 2.70008 30.345
    endloop
  endfacet
  facet normal 0.0271645 -8.57364e-07 -0.999631
    outer loop
      vertex -2.09732 18.6122 30.2879
      vertex -5.31039 2.78926 30.2006
      vertex -2.87378 18.7144 30.2668
    endloop
  endfacet
  facet normal 0.0271551 5.75128e-07 -0.999631
    outer loop
      vertex -5.465 2.79169 30.1964
      vertex -2.87378 18.7144 30.2668
      vertex -5.31039 2.78926 30.2006
    endloop
  endfacet
  facet normal 0.0272135 -8.92694e-06 -0.99963
    outer loop
      vertex -2.87378 18.7144 30.2668
      vertex -5.465 2.79169 30.1964
      vertex -3.59732 19.0141 30.2471
    endloop
  endfacet
  facet normal 0.0271857 -5.72898e-06 -0.99963
    outer loop
      vertex -3.59732 19.0141 30.2471
      vertex -5.465 2.79169 30.1964
      vertex -4.21864 19.4908 30.2302
    endloop
  endfacet
  facet normal 0.0270532 4.1702e-06 -0.999634
    outer loop
      vertex -4.21864 19.4908 30.2302
      vertex -5.465 2.79169 30.1964
      vertex -4.6954 20.1122 30.2173
    endloop
  endfacet
  facet normal 0.0271899 0 -0.99963
    outer loop
      vertex -5.965 22.6794 30.1828
      vertex -5.465 2.79169 30.1964
      vertex -5.965 0.556947 30.1828
    endloop
  endfacet
  facet normal 0.0271625 -6.90729e-07 -0.999631
    outer loop
      vertex -5.465 2.79169 30.1964
      vertex -5.965 22.6794 30.1828
      vertex -4.6954 20.1122 30.2173
    endloop
  endfacet
  facet normal -0.0271894 -0 -0.99963
    outer loop
      vertex 5.47499 2.79169 30.1964
      vertex 5.975 0.556947 30.1828
      vertex 5.47499 0.549101 30.1964
    endloop
  endfacet
  facet normal -0.0271894 0 -0.99963
    outer loop
      vertex 5.975 0.556947 30.1828
      vertex 5.47499 2.79169 30.1964
      vertex 5.975 22.6996 30.1828
    endloop
  endfacet
  facet normal -0.0271569 2.0811e-06 -0.999631
    outer loop
      vertex 2.87378 18.7144 30.2671
      vertex 5.47499 2.79169 30.1964
      vertex 5.32039 2.78926 30.2006
    endloop
  endfacet
  facet normal -0.0271035 -2.15851e-06 -0.999633
    outer loop
      vertex 5.47499 2.79169 30.1964
      vertex 4.6954 20.1122 30.2175
      vertex 5.975 22.6996 30.1828
    endloop
  endfacet
  facet normal -0.0272461 -8.57981e-06 -0.999629
    outer loop
      vertex 5.47499 2.79169 30.1964
      vertex 4.21864 19.4908 30.2305
      vertex 4.6954 20.1122 30.2175
    endloop
  endfacet
  facet normal -0.0271869 -4.12654e-06 -0.99963
    outer loop
      vertex 5.47499 2.79169 30.1964
      vertex 3.59732 19.0141 30.2474
      vertex 4.21864 19.4908 30.2305
    endloop
  endfacet
  facet normal -0.0272141 -7.27835e-06 -0.99963
    outer loop
      vertex 5.47499 2.79169 30.1964
      vertex 2.87378 18.7144 30.2671
      vertex 3.59732 19.0141 30.2474
    endloop
  endfacet
  facet normal -0.0271647 8.81066e-07 -0.999631
    outer loop
      vertex 5.32039 2.78926 30.2006
      vertex 2.09732 18.6122 30.2882
      vertex 2.87378 18.7144 30.2671
    endloop
  endfacet
  facet normal -0.0271564 2.56904e-06 -0.999631
    outer loop
      vertex 0.00499964 2.70008 30.345
      vertex 2.09732 18.6122 30.2882
      vertex 5.32039 2.78926 30.2006
    endloop
  endfacet
  facet normal -0.0271369 0 -0.999632
    outer loop
      vertex 2.09732 18.6122 30.2882
      vertex 0.00499964 2.70008 30.345
      vertex 0.00499964 18.6122 30.345
    endloop
  endfacet
  facet normal -0.0818352 -0.138125 -0.987028
    outer loop
      vertex 5.975 0.556947 30.1828
      vertex 5.99282 0.557108 30.1813
      vertex 5.985 0.556739 30.182
    endloop
  endfacet
  facet normal -0.0815232 0 -0.996671
    outer loop
      vertex 10.1455 2.99644 29.8417
      vertex 11.95 30.2551 29.6941
      vertex 11.95 0.83838 29.6941
    endloop
  endfacet
  facet normal -0.0815182 -3.396e-07 -0.996672
    outer loop
      vertex 5.975 22.6996 30.1828
      vertex 11.95 30.2551 29.6941
      vertex 10.1455 2.99644 29.8417
    endloop
  endfacet
  facet normal -0.0815232 -0 -0.996671
    outer loop
      vertex 10.1455 2.99644 29.8417
      vertex 11.95 0.83838 29.6941
      vertex 10.1455 0.753178 29.8417
    endloop
  endfacet
  facet normal -0.0814945 -1.91497e-05 -0.996674
    outer loop
      vertex 10.4618 29.4694 29.8158
      vertex 11.95 30.2551 29.6941
      vertex 5.975 22.6996 30.1828
    endloop
  endfacet
  facet normal -0.0817124 -4.17314e-05 -0.996656
    outer loop
      vertex 5.975 22.6996 30.1828
      vertex 10.1455 2.99644 29.8417
      vertex 9.99182 2.98919 29.8543
    endloop
  endfacet
  facet normal -0.0816774 0.000329551 -0.996659
    outer loop
      vertex 11.95 30.2551 29.6941
      vertex 10.4618 29.4694 29.8158
      vertex 11.4069 30.2318 29.7386
    endloop
  endfacet
  facet normal -0.0814912 3.64191e-06 -0.996674
    outer loop
      vertex 5.975 22.6996 30.1828
      vertex 9.99182 2.98919 29.8543
      vertex 6.3875 2.80716 30.149
    endloop
  endfacet
  facet normal -0.0816974 -6.61775e-07 -0.996657
    outer loop
      vertex 5.975 22.6996 30.1828
      vertex 6.3875 2.80716 30.149
      vertex 5.99834 2.80063 30.1809
    endloop
  endfacet
  facet normal -0.0722748 1.04598e-05 -0.997385
    outer loop
      vertex 5.975 22.6996 30.1828
      vertex 5.99834 2.80063 30.1809
      vertex 5.99282 2.80037 30.1813
    endloop
  endfacet
  facet normal -0.0838785 0 -0.996476
    outer loop
      vertex 5.99282 0.557108 30.1813
      vertex 5.975 0.556947 30.1828
      vertex 5.99282 2.80037 30.1813
    endloop
  endfacet
  facet normal -0.0815249 1.08655e-06 -0.996671
    outer loop
      vertex 10.4618 29.4694 29.8158
      vertex 5.975 22.6996 30.1828
      vertex 9.35296 29.53 29.9065
    endloop
  endfacet
  facet normal -0.0838785 -0 -0.996476
    outer loop
      vertex 5.975 22.6996 30.1828
      vertex 5.99282 2.80037 30.1813
      vertex 5.975 0.556947 30.1828
    endloop
  endfacet
  facet normal -0.135854 0 -0.990729
    outer loop
      vertex 12.1569 0.85407 29.6658
      vertex 11.96 0.838482 29.6928
      vertex 12.1569 3.09802 29.6658
    endloop
  endfacet
  facet normal -0.135758 1.40509e-05 -0.990742
    outer loop
      vertex 17.925 1.3107 28.8749
      vertex 15.4591 15.7711 29.213
      vertex 15.5 16.0817 29.2074
    endloop
  endfacet
  facet normal -0.13555 1.33343e-05 -0.99077
    outer loop
      vertex 16.009 3.40298 29.1376
      vertex 15.3392 15.4817 29.2294
      vertex 15.4591 15.7711 29.213
    endloop
  endfacet
  facet normal -0.136088 -1.70474e-05 -0.990697
    outer loop
      vertex 16.009 3.40298 29.1376
      vertex 15.1485 15.2332 29.2556
      vertex 15.3392 15.4817 29.2294
    endloop
  endfacet
  facet normal -0.135574 2.10672e-05 -0.990767
    outer loop
      vertex 16.009 3.40298 29.1376
      vertex 14.9 15.0425 29.2896
      vertex 15.1485 15.2332 29.2556
    endloop
  endfacet
  facet normal -0.135903 -1.08934e-05 -0.990722
    outer loop
      vertex 16.009 3.40298 29.1376
      vertex 14.6106 14.9226 29.3293
      vertex 14.9 15.0425 29.2896
    endloop
  endfacet
  facet normal -0.135881 -7.60351e-06 -0.990725
    outer loop
      vertex 15.8573 3.39096 29.1584
      vertex 14.3 14.8817 29.3719
      vertex 14.6106 14.9226 29.3293
    endloop
  endfacet
  facet normal -0.135835 -1.21488e-06 -0.990732
    outer loop
      vertex 12.775 3.12974 29.581
      vertex 14.3 14.8817 29.3719
      vertex 15.8573 3.39096 29.1584
    endloop
  endfacet
  facet normal -0.135881 4.94758e-06 -0.990725
    outer loop
      vertex 14.3 14.8817 29.3719
      vertex 12.775 3.12974 29.581
      vertex 13.9894 14.9226 29.4145
    endloop
  endfacet
  facet normal -0.135946 1.1716e-05 -0.990716
    outer loop
      vertex 12.1745 3.09942 29.6634
      vertex 13.9894 14.9226 29.4145
      vertex 12.775 3.12974 29.581
    endloop
  endfacet
  facet normal -0.135104 -0.000119933 -0.990831
    outer loop
      vertex 12.1569 3.09802 29.6658
      vertex 13.9894 14.9226 29.4145
      vertex 12.1745 3.09942 29.6634
    endloop
  endfacet
  facet normal -0.135905 6.53725e-06 -0.990722
    outer loop
      vertex 13.9894 14.9226 29.4145
      vertex 12.1569 3.09802 29.6658
      vertex 13.7 15.0425 29.4542
    endloop
  endfacet
  facet normal -0.135629 -2.26238e-05 -0.99076
    outer loop
      vertex 13.4515 15.2332 29.4883
      vertex 12.1569 3.09802 29.6658
      vertex 13.2608 15.4817 29.5144
    endloop
  endfacet
  facet normal -0.135941 1.12692e-05 -0.990717
    outer loop
      vertex 13.7 15.0425 29.4542
      vertex 12.1569 3.09802 29.6658
      vertex 13.4515 15.2332 29.4883
    endloop
  endfacet
  facet normal -0.135842 0 -0.99073
    outer loop
      vertex 15.5 16.0817 29.2074
      vertex 17.925 30.7276 28.8749
      vertex 17.925 1.3107 28.8749
    endloop
  endfacet
  facet normal -0.135838 -0 -0.990731
    outer loop
      vertex 16.009 3.40298 29.1376
      vertex 17.925 1.3107 28.8749
      vertex 16.009 1.15902 29.1376
    endloop
  endfacet
  facet normal -0.135837 3.37029e-07 -0.990731
    outer loop
      vertex 15.4591 15.7711 29.213
      vertex 17.925 1.3107 28.8749
      vertex 16.009 3.40298 29.1376
    endloop
  endfacet
  facet normal -0.135842 -3.27373e-06 -0.990731
    outer loop
      vertex 14.6106 14.9226 29.3293
      vertex 16.009 3.40298 29.1376
      vertex 15.8573 3.39096 29.1584
    endloop
  endfacet
  facet normal -0.135759 -1.4104e-05 -0.990742
    outer loop
      vertex 15.4591 16.3923 29.213
      vertex 17.925 30.7276 28.8749
      vertex 15.5 16.0817 29.2074
    endloop
  endfacet
  facet normal -0.135613 -3.96845e-05 -0.990762
    outer loop
      vertex 15.3392 16.6817 29.2294
      vertex 17.925 30.7276 28.8749
      vertex 15.4591 16.3923 29.213
    endloop
  endfacet
  facet normal -0.136055 4.31973e-05 -0.990701
    outer loop
      vertex 15.1485 16.9302 29.2556
      vertex 17.925 30.7276 28.8749
      vertex 15.3392 16.6817 29.2294
    endloop
  endfacet
  facet normal -0.135596 -5.08006e-05 -0.990764
    outer loop
      vertex 14.9 17.1209 29.2896
      vertex 17.925 30.7276 28.8749
      vertex 15.1485 16.9302 29.2556
    endloop
  endfacet
  facet normal -0.135771 -1.13236e-05 -0.99074
    outer loop
      vertex 17.925 30.7276 28.8749
      vertex 14.9 17.1209 29.2896
      vertex 16.81 30.6437 29.0277
    endloop
  endfacet
  facet normal -0.135904 7.92576e-06 -0.990722
    outer loop
      vertex 14.6106 17.2408 29.3293
      vertex 16.81 30.6437 29.0277
      vertex 14.9 17.1209 29.2896
    endloop
  endfacet
  facet normal -0.135882 1.74508e-06 -0.990725
    outer loop
      vertex 13.259 30.3598 29.5147
      vertex 14.6106 17.2408 29.3293
      vertex 14.3 17.2817 29.3719
    endloop
  endfacet
  facet normal -0.135882 1.70888e-06 -0.990725
    outer loop
      vertex 13.259 30.3598 29.5147
      vertex 14.3 17.2817 29.3719
      vertex 13.9894 17.2408 29.4145
    endloop
  endfacet
  facet normal -0.135903 -1.18416e-05 -0.990722
    outer loop
      vertex 11.95 30.2551 29.6941
      vertex 13.9894 17.2408 29.4145
      vertex 13.7 17.1209 29.4542
    endloop
  endfacet
  facet normal -0.135937 -1.64818e-05 -0.990717
    outer loop
      vertex 11.95 30.2551 29.6941
      vertex 13.7 17.1209 29.4542
      vertex 13.4515 16.9302 29.4883
    endloop
  endfacet
  facet normal -0.135625 1.93482e-05 -0.99076
    outer loop
      vertex 11.95 30.2551 29.6941
      vertex 13.4515 16.9302 29.4883
      vertex 13.2608 16.6817 29.5144
    endloop
  endfacet
  facet normal -0.135873 2.66194e-06 -0.990726
    outer loop
      vertex 14.6106 17.2408 29.3293
      vertex 13.259 30.3598 29.5147
      vertex 16.81 30.6437 29.0277
    endloop
  endfacet
  facet normal -0.135576 2.41472e-05 -0.990767
    outer loop
      vertex 11.95 30.2551 29.6941
      vertex 13.2608 16.6817 29.5144
      vertex 13.1409 16.3923 29.5308
    endloop
  endfacet
  facet normal -0.13717 -0.000115413 -0.990547
    outer loop
      vertex 11.95 30.2551 29.6941
      vertex 13.1409 16.3923 29.5308
      vertex 13.1 16.0817 29.5365
    endloop
  endfacet
  facet normal -0.135582 -2.68521e-05 -0.990766
    outer loop
      vertex 13.2608 15.4817 29.5144
      vertex 12.1569 3.09802 29.6658
      vertex 13.1409 15.7711 29.5308
    endloop
  endfacet
  facet normal -0.137248 0.000104949 -0.990537
    outer loop
      vertex 13.1409 15.7711 29.5308
      vertex 12.1569 3.09802 29.6658
      vertex 13.1 16.0817 29.5365
    endloop
  endfacet
  facet normal -0.135801 -2.18606e-06 -0.990736
    outer loop
      vertex 13.1 16.0817 29.5365
      vertex 12.1569 3.09802 29.6658
      vertex 11.95 30.2551 29.6941
    endloop
  endfacet
  facet normal -0.128909 -0.00061629 -0.991656
    outer loop
      vertex 11.95 0.83838 29.6941
      vertex 12.1569 3.09802 29.6658
      vertex 11.96 0.838482 29.6928
    endloop
  endfacet
  facet normal -0.135519 0 -0.990775
    outer loop
      vertex 12.1569 3.09802 29.6658
      vertex 11.95 0.83838 29.6941
      vertex 11.95 30.2551 29.6941
    endloop
  endfacet
  facet normal -0.135782 7.35419e-06 -0.990739
    outer loop
      vertex 13.9894 17.2408 29.4145
      vertex 11.95 30.2551 29.6941
      vertex 13.259 30.3598 29.5147
    endloop
  endfacet
  facet normal -0.190077 0 -0.981769
    outer loop
      vertex 18.3198 1.35416 28.7984
      vertex 17.935 1.31111 28.8729
      vertex 18.3198 3.59882 28.7984
    endloop
  endfacet
  facet normal -0.190167 0 -0.981752
    outer loop
      vertex 22.0425 4.01518 28.0772
      vertex 23.9 31.3953 27.7174
      vertex 23.9 1.97827 27.7174
    endloop
  endfacet
  facet normal -0.190167 -0 -0.981752
    outer loop
      vertex 22.0425 4.01518 28.0772
      vertex 23.9 1.97827 27.7174
      vertex 22.0425 1.77052 28.0772
    endloop
  endfacet
  facet normal -0.190157 -6.66667e-07 -0.981754
    outer loop
      vertex 23.9 31.3953 27.7174
      vertex 22.0425 4.01518 28.0772
      vertex 22.41 31.2343 28.006
    endloop
  endfacet
  facet normal -0.190408 -2.86322e-05 -0.981705
    outer loop
      vertex 18.8924 30.8369 28.6874
      vertex 22.0425 4.01518 28.0772
      vertex 21.8935 3.99852 28.1061
    endloop
  endfacet
  facet normal -0.190168 3.38674e-06 -0.981752
    outer loop
      vertex 17.925 30.7276 28.8749
      vertex 21.8935 3.99852 28.1061
      vertex 19.1625 3.67108 28.6351
    endloop
  endfacet
  facet normal -0.190176 -3.96603e-07 -0.98175
    outer loop
      vertex 22.0425 4.01518 28.0772
      vertex 18.8924 30.8369 28.6874
      vertex 22.41 31.2343 28.006
    endloop
  endfacet
  facet normal -0.190203 1.72483e-06 -0.981745
    outer loop
      vertex 17.925 30.7276 28.8749
      vertex 19.1625 3.67108 28.6351
      vertex 18.3511 3.60231 28.7923
    endloop
  endfacet
  facet normal -0.191288 -1.59606e-05 -0.981534
    outer loop
      vertex 17.925 30.7276 28.8749
      vertex 18.3511 3.60231 28.7923
      vertex 18.3198 3.59882 28.7984
    endloop
  endfacet
  facet normal -0.196158 0.00106174 -0.980572
    outer loop
      vertex 17.925 1.3107 28.8749
      vertex 18.3198 3.59882 28.7984
      vertex 17.935 1.31111 28.8729
    endloop
  endfacet
  facet normal -0.190231 0 -0.981739
    outer loop
      vertex 18.3198 3.59882 28.7984
      vertex 17.925 1.3107 28.8749
      vertex 17.925 30.7276 28.8749
    endloop
  endfacet
  facet normal -0.190276 -1.33167e-05 -0.981731
    outer loop
      vertex 21.8935 3.99852 28.1061
      vertex 17.925 30.7276 28.8749
      vertex 18.8924 30.8369 28.6874
    endloop
  endfacet
  facet normal -0.24453 0 -0.969642
    outer loop
      vertex 24.4818 2.06226 27.5706
      vertex 23.91 1.979 27.7148
      vertex 24.4818 4.30764 27.5706
    endloop
  endfacet
  facet normal -0.244512 -0 -0.969646
    outer loop
      vertex 28.1321 4.83913 26.6501
      vertex 29.875 2.84749 26.2106
      vertex 28.1321 2.59374 26.6501
    endloop
  endfacet
  facet normal -0.244512 0 -0.969646
    outer loop
      vertex 29.875 2.84749 26.2106
      vertex 28.1321 4.83913 26.6501
      vertex 29.875 32.2648 26.2106
    endloop
  endfacet
  facet normal -0.244517 3.51417e-07 -0.969645
    outer loop
      vertex 28.1321 4.83913 26.6501
      vertex 28.01 32 26.6809
      vertex 29.875 32.2648 26.2106
    endloop
  endfacet
  facet normal -0.244578 -7.28679e-06 -0.96963
    outer loop
      vertex 23.9 31.3953 27.7174
      vertex 28.1321 4.83913 26.6501
      vertex 27.987 4.81799 26.6867
    endloop
  endfacet
  facet normal -0.244538 -7.93823e-07 -0.96964
    outer loop
      vertex 23.9 31.3953 27.7174
      vertex 27.987 4.81799 26.6867
      vertex 25.55 4.43691 27.3013
    endloop
  endfacet
  facet normal -0.244523 2.14971e-07 -0.969644
    outer loop
      vertex 23.9 31.3953 27.7174
      vertex 25.55 4.43691 27.3013
      vertex 24.5285 4.31444 27.5589
    endloop
  endfacet
  facet normal -0.243029 3.70747e-05 -0.970019
    outer loop
      vertex 23.9 31.3953 27.7174
      vertex 24.5285 4.31444 27.5589
      vertex 24.4818 4.30764 27.5706
    endloop
  endfacet
  facet normal -0.251763 0.0018908 -0.967787
    outer loop
      vertex 23.9 1.97827 27.7174
      vertex 24.4818 4.30764 27.5706
      vertex 23.91 1.979 27.7148
    endloop
  endfacet
  facet normal -0.244653 0 -0.969611
    outer loop
      vertex 24.4818 4.30764 27.5706
      vertex 23.9 1.97827 27.7174
      vertex 23.9 31.3953 27.7174
    endloop
  endfacet
  facet normal -0.244534 2.7213e-07 -0.969641
    outer loop
      vertex 28.1321 4.83913 26.6501
      vertex 23.9 31.3953 27.7174
      vertex 28.01 32 26.6809
    endloop
  endfacet
  facet normal -0.298841 0 -0.954303
    outer loop
      vertex 30.6431 2.98562 25.97
      vertex 29.885 2.84854 26.2074
      vertex 30.6431 5.23177 25.97
    endloop
  endfacet
  facet normal -0.298885 0 -0.954289
    outer loop
      vertex 34.2472 5.88345 24.8413
      vertex 35.85 33.3448 24.3393
      vertex 35.85 3.92712 24.3393
    endloop
  endfacet
  facet normal -0.298885 -0 -0.954289
    outer loop
      vertex 34.2472 5.88345 24.8413
      vertex 35.85 3.92712 24.3393
      vertex 34.2472 3.63731 24.8413
    endloop
  endfacet
  facet normal -0.316396 0.00112557 -0.948626
    outer loop
      vertex 35.85 33.3448 24.3393
      vertex 34.2472 5.88345 24.8413
      vertex 35.8488 33.3446 24.3397
    endloop
  endfacet
  facet normal -0.298443 7.7592e-05 -0.954428
    outer loop
      vertex 29.875 32.2648 26.2106
      vertex 34.2472 5.88345 24.8413
      vertex 34.1068 5.85807 24.8852
    endloop
  endfacet
  facet normal -0.298847 -1.57346e-06 -0.954301
    outer loop
      vertex 34.2472 5.88345 24.8413
      vertex 33.61 32.9474 25.0408
      vertex 35.8488 33.3446 24.3397
    endloop
  endfacet
  facet normal -0.298874 1.70111e-06 -0.954293
    outer loop
      vertex 29.875 32.2648 26.2106
      vertex 34.1068 5.85807 24.8852
      vertex 31.9375 5.43574 25.5646
    endloop
  endfacet
  facet normal -0.298888 -2.62926e-06 -0.954288
    outer loop
      vertex 34.2472 5.88345 24.8413
      vertex 31.6094 32.5818 25.6674
      vertex 33.61 32.9474 25.0408
    endloop
  endfacet
  facet normal -0.298911 -1.40254e-06 -0.954281
    outer loop
      vertex 29.875 32.2648 26.2106
      vertex 31.9375 5.43574 25.5646
      vertex 30.7071 5.24333 25.95
    endloop
  endfacet
  facet normal -0.298278 1.99788e-05 -0.954479
    outer loop
      vertex 29.875 32.2648 26.2106
      vertex 30.7071 5.24333 25.95
      vertex 30.6431 5.23177 25.97
    endloop
  endfacet
  facet normal -0.304979 0.00214645 -0.952357
    outer loop
      vertex 29.875 2.84749 26.2106
      vertex 30.6431 5.23177 25.97
      vertex 29.885 2.84854 26.2074
    endloop
  endfacet
  facet normal -0.298919 0 -0.954279
    outer loop
      vertex 30.6431 5.23177 25.97
      vertex 29.875 2.84749 26.2106
      vertex 29.875 32.2648 26.2106
    endloop
  endfacet
  facet normal -0.298876 -1.31822e-06 -0.954292
    outer loop
      vertex 34.2472 5.88345 24.8413
      vertex 29.875 32.2648 26.2106
      vertex 31.6094 32.5818 25.6674
    endloop
  endfacet
  facet normal -0.353241 0 -0.935533
    outer loop
      vertex 36.8039 4.13426 23.9791
      vertex 35.86 3.9285 24.3355
      vertex 36.8039 6.38121 23.9791
    endloop
  endfacet
  facet normal -0.35321 0 -0.935544
    outer loop
      vertex 40.3759 7.15983 22.6305
      vertex 41.825 34.6469 22.0834
      vertex 41.825 5.22875 22.0834
    endloop
  endfacet
  facet normal -0.35321 -0 -0.935544
    outer loop
      vertex 40.3759 7.15983 22.6305
      vertex 41.825 5.22875 22.0834
      vertex 40.3759 4.91288 22.6305
    endloop
  endfacet
  facet normal -0.353209 -2.54091e-08 -0.935544
    outer loop
      vertex 41.825 34.6469 22.0834
      vertex 40.3759 7.15983 22.6305
      vertex 41.3779 34.5509 22.2522
    endloop
  endfacet
  facet normal -0.353472 -4.93148e-05 -0.935445
    outer loop
      vertex 35.85 33.3448 24.3393
      vertex 40.3759 7.15983 22.6305
      vertex 40.2412 7.13046 22.6814
    endloop
  endfacet
  facet normal -0.353218 3.2442e-07 -0.935541
    outer loop
      vertex 40.3759 7.15983 22.6305
      vertex 39.21 34.0854 23.0707
      vertex 41.3779 34.5509 22.2522
    endloop
  endfacet
  facet normal -0.353189 4.90772e-06 -0.935552
    outer loop
      vertex 35.85 33.3448 24.3393
      vertex 40.2412 7.13046 22.6814
      vertex 38.325 6.67928 23.4048
    endloop
  endfacet
  facet normal -0.353255 -2.06766e-06 -0.935527
    outer loop
      vertex 35.85 33.3448 24.3393
      vertex 38.325 6.67928 23.4048
      vertex 36.8875 6.39942 23.9476
    endloop
  endfacet
  facet normal -0.3526 2.67237e-05 -0.935774
    outer loop
      vertex 35.85 33.3448 24.3393
      vertex 36.8875 6.39942 23.9476
      vertex 36.8039 6.38121 23.9791
    endloop
  endfacet
  facet normal -0.355328 0.00091846 -0.934741
    outer loop
      vertex 35.85 3.92712 24.3393
      vertex 36.8039 6.38121 23.9791
      vertex 35.86 3.9285 24.3355
    endloop
  endfacet
  facet normal -0.353261 0 -0.935525
    outer loop
      vertex 36.8039 6.38121 23.9791
      vertex 35.85 3.92712 24.3393
      vertex 35.85 33.3448 24.3393
    endloop
  endfacet
  facet normal -0.353222 1.15338e-07 -0.93554
    outer loop
      vertex 40.3759 7.15983 22.6305
      vertex 35.85 33.3448 24.3393
      vertex 39.21 34.0854 23.0707
    endloop
  endfacet
  facet normal -0.407526 0 -0.913194
    outer loop
      vertex 42.9646 5.52156 21.5748
      vertex 41.835 5.23047 22.0789
      vertex 42.9646 7.76936 21.5748
    endloop
  endfacet
  facet normal -0.407566 -0 -0.913176
    outer loop
      vertex 46.5128 8.68366 19.9912
      vertex 47.8 6.76755 19.4167
      vertex 46.5128 6.43585 19.9912
    endloop
  endfacet
  facet normal -0.407566 0 -0.913176
    outer loop
      vertex 47.8 6.76755 19.4167
      vertex 46.5128 8.68366 19.9912
      vertex 47.8 31.1907 19.4167
    endloop
  endfacet
  facet normal -0.407138 3.64329e-05 -0.913366
    outer loop
      vertex 44.81 30.4202 20.7511
      vertex 46.5128 8.68366 19.9912
      vertex 46.3847 8.65065 20.0483
    endloop
  endfacet
  facet normal -0.407542 -1.65105e-06 -0.913186
    outer loop
      vertex 46.5128 8.68366 19.9912
      vertex 45.6767 30.6435 20.3643
      vertex 47.8 31.1907 19.4167
    endloop
  endfacet
  facet normal -0.407545 -1.79175e-06 -0.913185
    outer loop
      vertex 46.5128 8.68366 19.9912
      vertex 44.81 30.4202 20.7511
      vertex 45.6767 30.6435 20.3643
    endloop
  endfacet
  facet normal -0.407596 -3.29278e-06 -0.913162
    outer loop
      vertex 44.7125 8.18327 20.7947
      vertex 44.81 30.4202 20.7511
      vertex 46.3847 8.65065 20.0483
    endloop
  endfacet
  facet normal -0.407562 -3.47614e-06 -0.913178
    outer loop
      vertex 43.0706 7.79666 21.5275
      vertex 44.81 30.4202 20.7511
      vertex 44.7125 8.18327 20.7947
    endloop
  endfacet
  facet normal -0.407495 -9.62698e-06 -0.913208
    outer loop
      vertex 42.9646 7.76936 21.5748
      vertex 44.81 30.4202 20.7511
      vertex 43.0706 7.79666 21.5275
    endloop
  endfacet
  facet normal -0.407579 -1.42983e-06 -0.91317
    outer loop
      vertex 44.81 30.4202 20.7511
      vertex 42.9646 7.76936 21.5748
      vertex 41.825 34.6469 22.0834
    endloop
  endfacet
  facet normal -0.410599 0.00164116 -0.911815
    outer loop
      vertex 41.825 5.22875 22.0834
      vertex 42.9646 7.76936 21.5748
      vertex 41.835 5.23047 22.0789
    endloop
  endfacet
  facet normal -0.407551 0 -0.913183
    outer loop
      vertex 42.9646 7.76936 21.5748
      vertex 41.825 5.22875 22.0834
      vertex 41.825 34.6469 22.0834
    endloop
  endfacet
  facet normal -0.407577 0 -0.913171
    outer loop
      vertex 44.81 30.4202 20.7511
      vertex 41.825 34.6469 22.0834
      vertex 44.81 35.425 20.7511
    endloop
  endfacet
  facet normal -0.443632 0 -0.896209
    outer loop
      vertex 49.8501 7.71259 18.4011
      vertex 49.8 11.8674 18.4259
      vertex 49.8501 11.9058 18.4011
    endloop
  endfacet
  facet normal -0.443989 -5.35361e-06 -0.896032
    outer loop
      vertex 49.8501 7.71259 18.4011
      vertex 49.5106 11.7475 18.5693
      vertex 49.8 11.8674 18.4259
    endloop
  endfacet
  facet normal -0.44375 1.96756e-05 -0.896151
    outer loop
      vertex 49.8501 7.71259 18.4011
      vertex 49.2 11.7067 18.7231
      vertex 49.5106 11.7475 18.5693
    endloop
  endfacet
  facet normal -0.443983 -2.74483e-05 -0.896035
    outer loop
      vertex 49.8501 7.71259 18.4011
      vertex 48.8894 11.7475 18.877
      vertex 49.2 11.7067 18.7231
    endloop
  endfacet
  facet normal -0.443872 5.24627e-06 -0.89609
    outer loop
      vertex 48.5409 7.10757 19.0496
      vertex 48.8894 11.7475 18.877
      vertex 49.8501 7.71259 18.4011
    endloop
  endfacet
  facet normal -0.443985 1.58293e-05 -0.896034
    outer loop
      vertex 48.8894 11.7475 18.877
      vertex 48.5409 7.10757 19.0496
      vertex 48.6 11.8674 19.0204
    endloop
  endfacet
  facet normal -0.443975 1.56722e-05 -0.896039
    outer loop
      vertex 47.8 6.76755 19.4167
      vertex 48.6 11.8674 19.0204
      vertex 48.5409 7.10757 19.0496
    endloop
  endfacet
  facet normal -0.443893 -3.47104e-07 -0.89608
    outer loop
      vertex 48.6 11.8674 19.0204
      vertex 47.8 6.76755 19.4167
      vertex 48.3515 12.0581 19.1435
    endloop
  endfacet
  facet normal -0.443669 -2.94348e-05 -0.896191
    outer loop
      vertex 48.3515 12.0581 19.1435
      vertex 47.8 6.76755 19.4167
      vertex 48.1608 12.3067 19.2379
    endloop
  endfacet
  facet normal -0.443937 -7.69489e-06 -0.896058
    outer loop
      vertex 48.1608 12.3067 19.2379
      vertex 47.8 6.76755 19.4167
      vertex 48.0409 12.5961 19.2973
    endloop
  endfacet
  facet normal -0.450224 0.0171822 -0.89275
    outer loop
      vertex 47.8 6.76755 19.4167
      vertex 48.5409 7.10757 19.0496
      vertex 47.81 6.76979 19.4117
    endloop
  endfacet
  facet normal -0.443632 0 -0.896209
    outer loop
      vertex 49.8 13.9459 18.4259
      vertex 49.8501 31.4177 18.4011
      vertex 49.8501 13.9075 18.4011
    endloop
  endfacet
  facet normal -0.44399 1.27793e-06 -0.896032
    outer loop
      vertex 49.5106 14.0658 18.5693
      vertex 49.8501 31.4177 18.4011
      vertex 49.8 13.9459 18.4259
    endloop
  endfacet
  facet normal -0.443748 -4.61395e-06 -0.896151
    outer loop
      vertex 49.2 14.1067 18.7231
      vertex 49.8501 31.4177 18.4011
      vertex 49.5106 14.0658 18.5693
    endloop
  endfacet
  facet normal -0.443979 -4.65096e-06 -0.896037
    outer loop
      vertex 47.8 31.1907 19.4167
      vertex 49.2 14.1067 18.7231
      vertex 48.8894 14.0658 18.877
    endloop
  endfacet
  facet normal -0.443989 -5.4221e-06 -0.896032
    outer loop
      vertex 47.8 31.1907 19.4167
      vertex 48.8894 14.0658 18.877
      vertex 48.6 13.9459 19.0204
    endloop
  endfacet
  facet normal -0.443893 1.11054e-07 -0.89608
    outer loop
      vertex 47.8 31.1907 19.4167
      vertex 48.6 13.9459 19.0204
      vertex 48.3515 13.7552 19.1435
    endloop
  endfacet
  facet normal -0.443649 9.7438e-06 -0.896201
    outer loop
      vertex 47.8 31.1907 19.4167
      vertex 48.3515 13.7552 19.1435
      vertex 48.1608 13.5067 19.2379
    endloop
  endfacet
  facet normal -0.443927 2.65827e-06 -0.896063
    outer loop
      vertex 47.8 31.1907 19.4167
      vertex 48.1608 13.5067 19.2379
      vertex 48.0409 13.2172 19.2973
    endloop
  endfacet
  facet normal -0.444538 -7.53181e-06 -0.89576
    outer loop
      vertex 47.8 31.1907 19.4167
      vertex 48.0409 13.2172 19.2973
      vertex 48 12.9067 19.3176
    endloop
  endfacet
  facet normal -0.443906 2.77277e-06 -0.896073
    outer loop
      vertex 49.2 14.1067 18.7231
      vertex 47.8 31.1907 19.4167
      vertex 49.8501 31.4177 18.4011
    endloop
  endfacet
  facet normal -0.444465 1.94769e-05 -0.895796
    outer loop
      vertex 48.0409 12.5961 19.2973
      vertex 47.8 6.76755 19.4167
      vertex 48 12.9067 19.3176
    endloop
  endfacet
  facet normal -0.443985 0 -0.896034
    outer loop
      vertex 48 12.9067 19.3176
      vertex 47.8 6.76755 19.4167
      vertex 47.8 31.1907 19.4167
    endloop
  endfacet
  facet normal -0.441737 -0.02306 -0.896848
    outer loop
      vertex 49.8501 31.4177 18.4011
      vertex 47.8 31.1907 19.4167
      vertex 47.81 31.1936 19.4117
    endloop
  endfacet
  facet normal -0.463135 0 -0.886288
    outer loop
      vertex 49.8501 7.71259 18.4011
      vertex 50.5151 9.80231 18.0536
      vertex 50.5151 8.33131 18.0536
    endloop
  endfacet
  facet normal -0.463438 -2.7501e-05 -0.886129
    outer loop
      vertex 50.5151 9.80231 18.0536
      vertex 50.3591 12.5961 18.1351
      vertex 50.4 12.9067 18.1137
    endloop
  endfacet
  facet normal -0.463358 -2.17975e-05 -0.886171
    outer loop
      vertex 50.5151 9.80231 18.0536
      vertex 50.2392 12.3067 18.1978
      vertex 50.3591 12.5961 18.1351
    endloop
  endfacet
  facet normal -0.462979 3.13213e-05 -0.886369
    outer loop
      vertex 50.5151 9.80231 18.0536
      vertex 50.0485 12.0581 18.2974
      vertex 50.2392 12.3067 18.1978
    endloop
  endfacet
  facet normal -0.459716 -0.00466732 -0.888054
    outer loop
      vertex 49.8501 7.71259 18.4011
      vertex 50.5151 8.33131 18.0536
      vertex 49.8601 7.71703 18.3959
    endloop
  endfacet
  facet normal -0.463135 0 -0.886288
    outer loop
      vertex 50.5151 9.80231 18.0536
      vertex 49.8501 7.71259 18.4011
      vertex 49.8501 11.9058 18.4011
    endloop
  endfacet
  facet normal -0.463205 -2.81967e-05 -0.886251
    outer loop
      vertex 50.5151 9.80231 18.0536
      vertex 49.8501 11.9058 18.4011
      vertex 50.0485 12.0581 18.2974
    endloop
  endfacet
  facet normal -0.463165 0 -0.886272
    outer loop
      vertex 50.3591 13.2172 18.1351
      vertex 52.0384 30.6906 17.2575
      vertex 52.0384 9.75993 17.2575
    endloop
  endfacet
  facet normal -0.463179 -0 -0.886265
    outer loop
      vertex 51.11 9.9686 17.7427
      vertex 52.0384 9.75993 17.2575
      vertex 51.11 8.88925 17.7427
    endloop
  endfacet
  facet normal -0.463183 -1.91024e-05 -0.886263
    outer loop
      vertex 50.4 12.9067 18.1137
      vertex 52.0384 9.75993 17.2575
      vertex 51.11 9.9686 17.7427
    endloop
  endfacet
  facet normal -0.461353 0.000543545 -0.887217
    outer loop
      vertex 50.4 12.9067 18.1137
      vertex 51.11 9.9686 17.7427
      vertex 51.1 9.9686 17.7479
    endloop
  endfacet
  facet normal -0.463128 5.40875e-06 -0.886291
    outer loop
      vertex 50.4 12.9067 18.1137
      vertex 51.1 9.9686 17.7479
      vertex 50.6409 9.84027 17.9878
    endloop
  endfacet
  facet normal -0.463474 -2.91704e-05 -0.886111
    outer loop
      vertex 50.4 12.9067 18.1137
      vertex 50.6409 9.84027 17.9878
      vertex 50.5151 9.80231 18.0536
    endloop
  endfacet
  facet normal -0.463002 0.000100713 -0.886357
    outer loop
      vertex 52.0384 9.75993 17.2575
      vertex 50.4 12.9067 18.1137
      vertex 50.3591 13.2172 18.1351
    endloop
  endfacet
  facet normal -0.463355 2.33008e-05 -0.886173
    outer loop
      vertex 50.2392 13.5067 18.1978
      vertex 52.0384 30.6906 17.2575
      vertex 50.3591 13.2172 18.1351
    endloop
  endfacet
  facet normal -0.462975 -2.73451e-05 -0.886371
    outer loop
      vertex 50.0485 13.7552 18.2974
      vertex 52.0384 30.6906 17.2575
      vertex 50.2392 13.5067 18.1978
    endloop
  endfacet
  facet normal -0.463217 8.82363e-06 -0.886245
    outer loop
      vertex 49.8501 13.9075 18.4011
      vertex 52.0384 30.6906 17.2575
      vertex 50.0485 13.7552 18.2974
    endloop
  endfacet
  facet normal -0.463172 1.29528e-06 -0.886269
    outer loop
      vertex 52.0384 30.6906 17.2575
      vertex 49.8501 13.9075 18.4011
      vertex 51.2688 30.9479 17.6597
    endloop
  endfacet
  facet normal -0.463159 -0 -0.886275
    outer loop
      vertex 49.8501 31.4177 18.4011
      vertex 51.2688 30.9479 17.6597
      vertex 49.8501 13.9075 18.4011
    endloop
  endfacet
  facet normal -0.461857 0.00498355 -0.88694
    outer loop
      vertex 51.2688 30.9479 17.6597
      vertex 49.8501 31.4177 18.4011
      vertex 49.8601 31.419 18.3959
    endloop
  endfacet
  facet normal -0.479466 -3.98913e-06 -0.877561
    outer loop
      vertex 52.0384 30.6906 17.2575
      vertex 53.4325 12.3694 16.4959
      vertex 52.9462 11.4558 16.7616
    endloop
  endfacet
  facet normal -0.47942 0 -0.877586
    outer loop
      vertex 53.4325 12.3694 16.4959
      vertex 52.5447 30.0681 16.9809
      vertex 53.4325 28.9602 16.4959
    endloop
  endfacet
  facet normal -0.470965 -0.005842 -0.882132
    outer loop
      vertex 52.0384 9.75993 17.2575
      vertex 52.9462 11.4558 16.7616
      vertex 52.0484 9.76915 17.2521
    endloop
  endfacet
  facet normal -0.479401 -0 -0.877596
    outer loop
      vertex 52.0384 30.6906 17.2575
      vertex 52.9462 11.4558 16.7616
      vertex 52.0384 9.75993 17.2575
    endloop
  endfacet
  facet normal -0.479436 -1.04163e-06 -0.877577
    outer loop
      vertex 53.4325 12.3694 16.4959
      vertex 52.0384 30.6906 17.2575
      vertex 52.5447 30.0681 16.9809
    endloop
  endfacet
  facet normal -0.473624 0.00611639 -0.880706
    outer loop
      vertex 52.5447 30.0681 16.9809
      vertex 52.0384 30.6906 17.2575
      vertex 52.0484 30.6874 17.2521
    endloop
  endfacet
  facet normal -0.487953 0 -0.87287
    outer loop
      vertex 53.794 14.2509 16.2941
      vertex 53.6754 27.8639 16.3604
      vertex 53.794 27.3116 16.2941
    endloop
  endfacet
  facet normal -0.487496 -2.25343e-06 -0.873125
    outer loop
      vertex 53.4325 28.9602 16.4959
      vertex 53.794 14.2509 16.2941
      vertex 53.5712 13.0699 16.4185
    endloop
  endfacet
  facet normal -0.489369 0.00053772 -0.872077
    outer loop
      vertex 53.4325 12.3694 16.4959
      vertex 53.5712 13.0699 16.4185
      vertex 53.4425 12.3881 16.4903
    endloop
  endfacet
  facet normal -0.487299 -0 -0.873235
    outer loop
      vertex 53.4325 28.9602 16.4959
      vertex 53.5712 13.0699 16.4185
      vertex 53.4325 12.3694 16.4959
    endloop
  endfacet
  facet normal -0.487136 9.33926e-06 -0.873326
    outer loop
      vertex 53.794 14.2509 16.2941
      vertex 53.4325 28.9602 16.4959
      vertex 53.6754 27.8639 16.3604
    endloop
  endfacet
  facet normal -0.489146 -0.00057481 -0.872202
    outer loop
      vertex 53.6754 27.8639 16.3604
      vertex 53.4325 28.9602 16.4959
      vertex 53.4425 28.9478 16.4903
    endloop
  endfacet
  facet normal 0 0 -1
    outer loop
      vertex 53.794 27.3116 16.2941
      vertex 53.804 14.3076 16.2941
      vertex 53.794 14.2509 16.2941
    endloop
  endfacet
  facet normal 0 0 -1
    outer loop
      vertex 53.804 14.3076 16.2941
      vertex 53.794 27.3116 16.2941
      vertex 53.804 27.2613 16.2941
    endloop
  endfacet
  facet normal -1 0 0
    outer loop
      vertex -51.1 9.9686 -11.0896
      vertex -51.1 8.88925 17.7427
      vertex -51.1 9.9686 17.7427
    endloop
  endfacet
  facet normal -1 0 -0
    outer loop
      vertex -51.1 8.88925 17.7427
      vertex -51.1 9.9686 -11.0896
      vertex -51.1 7.5686 -11.0896
    endloop
  endfacet
  facet normal -1 0 0
    outer loop
      vertex -51.1 8.88925 17.7427
      vertex -51.1 7.5686 17.7656
      vertex -51.1 8.90455 17.7656
    endloop
  endfacet
  facet normal -1 0 0
    outer loop
      vertex -51.1 7.5686 17.7656
      vertex -51.1 8.88925 17.7427
      vertex -51.1 7.5686 -11.0896
    endloop
  endfacet
  facet normal 0 0 -1
    outer loop
      vertex -51.1 7.5686 -11.0896
      vertex -51.09 9.9686 -11.0896
      vertex -51.09 7.5686 -11.0896
    endloop
  endfacet
  facet normal -0 0 -1
    outer loop
      vertex -51.09 9.9686 -11.0896
      vertex -51.1 7.5686 -11.0896
      vertex -51.1 9.9686 -11.0896
    endloop
  endfacet
  facet normal -0.269187 -0.963088 0
    outer loop
      vertex -51.1 7.5686 17.7656
      vertex -44.7125 5.78327 -7.9973
      vertex -44.7125 5.78327 20.8579
    endloop
  endfacet
  facet normal -0.269187 -0.963088 0
    outer loop
      vertex -44.7125 5.78327 -7.9973
      vertex -51.1 7.5686 17.7656
      vertex -51.1 7.5686 -11.0896
    endloop
  endfacet
  facet normal 0 1 -0
    outer loop
      vertex -51.09 9.9686 -11.0896
      vertex -51.1 9.9686 17.7427
      vertex -51.09 9.9686 17.7479
    endloop
  endfacet
  facet normal 0 1 0
    outer loop
      vertex -51.1 9.9686 17.7427
      vertex -51.09 9.9686 -11.0896
      vertex -51.1 9.9686 -11.0896
    endloop
  endfacet
  facet normal -0.435744 0 0.900071
    outer loop
      vertex -50.5051 8.33131 18.0536
      vertex -46.5028 8.68366 19.9912
      vertex -50.5051 9.80231 18.0536
    endloop
  endfacet
  facet normal -0.435735 0 0.900075
    outer loop
      vertex -45.4142 6.18282 20.5182
      vertex -44.7125 5.78327 20.8579
      vertex -44.7125 6.01974 20.8579
    endloop
  endfacet
  facet normal -0.435733 5.31516e-06 0.900076
    outer loop
      vertex -46.5028 6.43585 19.9912
      vertex -44.7125 5.78327 20.8579
      vertex -45.4142 6.18282 20.5182
    endloop
  endfacet
  facet normal -0.435744 0 0.900071
    outer loop
      vertex -46.5028 8.68366 19.9912
      vertex -50.5051 8.33131 18.0536
      vertex -46.5028 6.43585 19.9912
    endloop
  endfacet
  facet normal -0.435715 0 0.900085
    outer loop
      vertex -51.1 7.5686 17.7656
      vertex -50.6414 8.46272 17.9876
      vertex -51.1 8.90455 17.7656
    endloop
  endfacet
  facet normal -0.435761 -9.11471e-05 0.900062
    outer loop
      vertex -46.5028 6.43585 19.9912
      vertex -51.1 7.5686 17.7656
      vertex -44.7125 5.78327 20.8579
    endloop
  endfacet
  facet normal -0.435742 3.41063e-06 0.900071
    outer loop
      vertex -50.5051 8.33131 18.0536
      vertex -51.1 7.5686 17.7656
      vertex -46.5028 6.43585 19.9912
    endloop
  endfacet
  facet normal -0.435785 4.44755e-05 0.900051
    outer loop
      vertex -50.6414 8.46272 17.9876
      vertex -51.1 7.5686 17.7656
      vertex -50.5051 8.33131 18.0536
    endloop
  endfacet
  facet normal -0 -0.866027 -0.499998
    outer loop
      vertex -51.09 7.5686 -11.0896
      vertex -44.7125 5.78327 -7.9973
      vertex -51.1 7.5686 -11.0896
    endloop
  endfacet
  facet normal 0 -0.866027 -0.499998
    outer loop
      vertex -44.7125 5.78327 -7.9973
      vertex -51.09 7.5686 -11.0896
      vertex -44.7025 5.78327 -7.9973
    endloop
  endfacet
  facet normal 0.435741 0 -0.900072
    outer loop
      vertex -51.09 7.5686 -11.0896
      vertex -44.7025 8.18327 -7.9973
      vertex -44.7025 5.78327 -7.9973
    endloop
  endfacet
  facet normal 0.435741 0 -0.900072
    outer loop
      vertex -44.7025 8.18327 -7.9973
      vertex -51.09 7.5686 -11.0896
      vertex -51.09 9.9686 -11.0896
    endloop
  endfacet
  facet normal 0.269183 0.963089 -0
    outer loop
      vertex -44.7025 8.18327 -7.9973
      vertex -46.3747 8.65065 20.0483
      vertex -44.7025 8.18327 20.7947
    endloop
  endfacet
  facet normal 0.269186 0.963088 1.55332e-07
    outer loop
      vertex -46.3747 8.65065 20.0483
      vertex -44.7025 8.18327 -7.9973
      vertex -50.6309 9.84027 17.9878
    endloop
  endfacet
  facet normal 0.269204 0.963083 4.53498e-06
    outer loop
      vertex -50.6309 9.84027 17.9878
      vertex -44.7025 8.18327 -7.9973
      vertex -51.09 9.9686 17.7479
    endloop
  endfacet
  facet normal 0.269187 0.963088 0
    outer loop
      vertex -51.09 9.9686 17.7479
      vertex -44.7025 8.18327 -7.9973
      vertex -51.09 9.9686 -11.0896
    endloop
  endfacet
  facet normal 0.00376736 0.869374 0.494141
    outer loop
      vertex -46.3747 8.65065 20.0483
      vertex -50.5051 9.80231 18.0536
      vertex -46.5028 8.68366 19.9912
    endloop
  endfacet
  facet normal 0.00251629 0.868266 0.496092
    outer loop
      vertex -50.5051 9.80231 18.0536
      vertex -46.3747 8.65065 20.0483
      vertex -50.6309 9.84027 17.9878
    endloop
  endfacet
  facet normal -0.00158723 0.864326 0.502929
    outer loop
      vertex -40.2312 7.13046 22.6814
      vertex -42.9546 7.76936 21.5748
      vertex -40.3659 7.15983 22.6305
    endloop
  endfacet
  facet normal 0.000736814 0.866808 0.498642
    outer loop
      vertex -42.9546 7.76936 21.5748
      vertex -40.2312 7.13046 22.6814
      vertex -43.0606 7.79666 21.5275
    endloop
  endfacet
  facet normal -0 -0.866024 -0.500002
    outer loop
      vertex -44.7025 5.78327 -7.9973
      vertex -39.2199 4.48998 -5.75727
      vertex -44.7125 5.78327 -7.9973
    endloop
  endfacet
  facet normal 0 -0.866024 -0.500002
    outer loop
      vertex -39.2199 4.48998 -5.75727
      vertex -44.7025 5.78327 -7.9973
      vertex -39.2099 4.48998 -5.75727
    endloop
  endfacet
  facet normal 0.37763 0 -0.925957
    outer loop
      vertex -44.7025 5.78327 -7.9973
      vertex -39.2099 6.88999 -5.75727
      vertex -39.2099 4.48998 -5.75727
    endloop
  endfacet
  facet normal 0.37763 0 -0.925957
    outer loop
      vertex -39.2099 6.88999 -5.75727
      vertex -44.7025 5.78327 -7.9973
      vertex -44.7025 8.18327 -7.9973
    endloop
  endfacet
  facet normal 0.22919 0.973382 1.75741e-06
    outer loop
      vertex -39.2099 6.88999 -5.75727
      vertex -44.7025 8.18327 -7.9973
      vertex -40.6 7.2173 -5.75727
    endloop
  endfacet
  facet normal 0.229188 0.973382 -0
    outer loop
      vertex -38.315 6.67928 3.65434
      vertex -40.2312 7.13046 22.6814
      vertex -38.315 6.67928 23.4048
    endloop
  endfacet
  facet normal 0.229189 0.973382 6.50933e-08
    outer loop
      vertex -40.2312 7.13046 22.6814
      vertex -38.315 6.67928 3.65434
      vertex -43.0606 7.79666 21.5275
    endloop
  endfacet
  facet normal 0.229196 0.97338 2.0816e-06
    outer loop
      vertex -43.0606 7.79666 21.5275
      vertex -38.315 6.67928 3.65434
      vertex -44.7025 8.18327 20.7947
    endloop
  endfacet
  facet normal 0.229167 0.973387 -9.3469e-06
    outer loop
      vertex -38.35 6.68752 3.63984
      vertex -44.7025 8.18327 20.7947
      vertex -38.315 6.67928 3.65434
    endloop
  endfacet
  facet normal 0.229185 0.973383 -2.19982e-06
    outer loop
      vertex -39.282 6.90696 2.92471
      vertex -44.7025 8.18327 20.7947
      vertex -38.35 6.68752 3.63984
    endloop
  endfacet
  facet normal 0.229204 0.973378 3.75111e-06
    outer loop
      vertex -39.9971 7.07535 1.99273
      vertex -44.7025 8.18327 20.7947
      vertex -39.282 6.90696 2.92471
    endloop
  endfacet
  facet normal 0.229175 0.973385 -3.89361e-06
    outer loop
      vertex -40.4467 7.1812 0.907405
      vertex -44.7025 8.18327 20.7947
      vertex -39.9971 7.07535 1.99273
    endloop
  endfacet
  facet normal 0.229183 0.973383 4.62067e-06
    outer loop
      vertex -44.7025 8.18327 -7.9973
      vertex -40.4467 7.1812 0.907405
      vertex -40.6 7.2173 -0.257267
    endloop
  endfacet
  facet normal 0.229191 0.973381 0
    outer loop
      vertex -44.7025 8.18327 -7.9973
      vertex -40.6 7.2173 -0.257267
      vertex -40.6 7.2173 -5.75727
    endloop
  endfacet
  facet normal 0.229192 0.973381 0
    outer loop
      vertex -40.4467 7.1812 0.907405
      vertex -44.7025 8.18327 -7.9973
      vertex -44.7025 8.18327 20.7947
    endloop
  endfacet
  facet normal -0.229191 -0.973382 0
    outer loop
      vertex -44.7125 5.78327 20.8579
      vertex -38.325 4.27928 3.6502
      vertex -38.325 4.27928 23.4628
    endloop
  endfacet
  facet normal -0.229304 -0.973355 -4.43667e-05
    outer loop
      vertex -44.7125 5.78327 20.8579
      vertex -38.35 4.28517 3.63984
      vertex -38.325 4.27928 3.6502
    endloop
  endfacet
  facet normal -0.229185 -0.973383 1.99428e-06
    outer loop
      vertex -44.7125 5.78327 20.8579
      vertex -39.282 4.50461 2.92471
      vertex -38.35 4.28517 3.63984
    endloop
  endfacet
  facet normal -0.229194 -0.973381 -9.70053e-07
    outer loop
      vertex -44.7125 5.78327 20.8579
      vertex -39.9971 4.67299 1.99273
      vertex -39.282 4.50461 2.92471
    endloop
  endfacet
  facet normal -0.229175 -0.973385 4.06531e-06
    outer loop
      vertex -44.7125 5.78327 20.8579
      vertex -40.4467 4.77884 0.907405
      vertex -39.9971 4.67299 1.99273
    endloop
  endfacet
  facet normal -0.229193 -0.973381 0
    outer loop
      vertex -44.7125 5.78327 -7.9973
      vertex -40.4467 4.77884 0.907405
      vertex -44.7125 5.78327 20.8579
    endloop
  endfacet
  facet normal -0.229162 -0.973388 -1.59169e-05
    outer loop
      vertex -40.4467 4.77884 0.907405
      vertex -44.7125 5.78327 -7.9973
      vertex -40.6 4.81495 -0.257267
    endloop
  endfacet
  facet normal -0.2292 -0.973379 1.91098e-05
    outer loop
      vertex -40.6 4.81495 -5.75727
      vertex -44.7125 5.78327 -7.9973
      vertex -39.2199 4.48998 -5.75727
    endloop
  endfacet
  facet normal -0.22919 -0.973382 -0
    outer loop
      vertex -40.6 4.81495 -0.257267
      vertex -44.7125 5.78327 -7.9973
      vertex -40.6 4.81495 -5.75727
    endloop
  endfacet
  facet normal -0.377617 0 0.925962
    outer loop
      vertex -42.9546 5.52156 21.5748
      vertex -40.3659 7.15983 22.6305
      vertex -42.9546 7.76936 21.5748
    endloop
  endfacet
  facet normal -0.376377 0 0.926467
    outer loop
      vertex -38.3602 4.51625 23.4485
      vertex -38.325 4.27928 23.4628
      vertex -38.325 4.50928 23.4628
    endloop
  endfacet
  facet normal -0.377677 -0.000224977 0.925938
    outer loop
      vertex -40.3659 4.91288 22.6305
      vertex -38.325 4.27928 23.4628
      vertex -38.3602 4.51625 23.4485
    endloop
  endfacet
  facet normal -0.377617 0 0.925962
    outer loop
      vertex -40.3659 7.15983 22.6305
      vertex -42.9546 5.52156 21.5748
      vertex -40.3659 4.91288 22.6305
    endloop
  endfacet
  facet normal -0.377629 -5.66176e-05 0.925957
    outer loop
      vertex -44.7125 5.78327 20.8579
      vertex -40.3659 4.91288 22.6305
      vertex -42.9546 5.52156 21.5748
    endloop
  endfacet
  facet normal -0.377623 -2.28831e-05 0.925959
    outer loop
      vertex -40.3659 4.91288 22.6305
      vertex -44.7125 5.78327 20.8579
      vertex -38.325 4.27928 23.4628
    endloop
  endfacet
  facet normal -0.377621 0 0.92596
    outer loop
      vertex -44.7125 5.78327 20.8579
      vertex -42.9546 5.52156 21.5748
      vertex -44.7125 6.01974 20.8579
    endloop
  endfacet
  facet normal -0.191089 -0.981573 7.16913e-07
    outer loop
      vertex -38.325 4.27928 23.4628
      vertex -37.2647 4.07285 4.0894
      vertex -36.1 3.84611 4.24273
    endloop
  endfacet
  facet normal -0.191102 -0.98157 0
    outer loop
      vertex -37.2647 4.07285 4.0894
      vertex -38.325 4.27928 23.4628
      vertex -38.325 4.27928 3.6502
    endloop
  endfacet
  facet normal -0.191096 -0.981571 -3.83409e-08
    outer loop
      vertex -31.9375 3.03574 4.24273
      vertex -38.325 4.27928 23.4628
      vertex -36.1 3.84611 4.24273
    endloop
  endfacet
  facet normal -0.191096 -0.981571 0
    outer loop
      vertex -38.325 4.27928 23.4628
      vertex -31.9375 3.03574 4.24273
      vertex -31.9375 3.03574 25.6167
    endloop
  endfacet
  facet normal -0.31955 0 0.947569
    outer loop
      vertex -36.7939 4.13425 23.9791
      vertex -34.2372 5.88346 24.8413
      vertex -36.7939 6.3812 23.9791
    endloop
  endfacet
  facet normal -0.319425 0 0.947611
    outer loop
      vertex -32.3018 3.31841 25.4939
      vertex -31.9375 3.03574 25.6167
      vertex -31.9375 3.25838 25.6167
    endloop
  endfacet
  facet normal -0.31954 -0.000165059 0.947573
    outer loop
      vertex -34.2372 3.63731 24.8413
      vertex -31.9375 3.03574 25.6167
      vertex -32.3018 3.31841 25.4939
    endloop
  endfacet
  facet normal -0.31955 0 0.947569
    outer loop
      vertex -34.2372 5.88346 24.8413
      vertex -36.7939 4.13425 23.9791
      vertex -34.2372 3.63731 24.8413
    endloop
  endfacet
  facet normal -0.319512 0.000219146 0.947582
    outer loop
      vertex -38.325 4.27928 23.4628
      vertex -34.2372 3.63731 24.8413
      vertex -36.7939 4.13425 23.9791
    endloop
  endfacet
  facet normal -0.319605 -0.000439981 0.947551
    outer loop
      vertex -34.2372 3.63731 24.8413
      vertex -38.325 4.27928 23.4628
      vertex -31.9375 3.03574 25.6167
    endloop
  endfacet
  facet normal -0.319531 0 0.947576
    outer loop
      vertex -38.325 4.27928 23.4628
      vertex -36.7939 4.13425 23.9791
      vertex -38.325 4.50928 23.4628
    endloop
  endfacet
  facet normal 0.191097 0.981571 -0
    outer loop
      vertex -31.9275 5.43574 4.24273
      vertex -34.0968 5.85807 24.8852
      vertex -31.9275 5.43574 25.5646
    endloop
  endfacet
  facet normal 0.191094 0.981572 -3.71196e-07
    outer loop
      vertex -34.0968 5.85807 24.8852
      vertex -31.9275 5.43574 4.24273
      vertex -36.8775 6.39942 23.9476
    endloop
  endfacet
  facet normal 0.191097 0.981571 5.38062e-07
    outer loop
      vertex -36.8775 6.39942 23.9476
      vertex -31.9275 5.43574 4.24273
      vertex -38.315 6.67928 23.4048
    endloop
  endfacet
  facet normal 0.191096 0.981571 2.86662e-07
    outer loop
      vertex -36.1 6.24806 4.24273
      vertex -38.315 6.67928 23.4048
      vertex -31.9275 5.43574 4.24273
    endloop
  endfacet
  facet normal 0.191089 0.981573 -5.55992e-07
    outer loop
      vertex -37.2647 6.4748 4.0894
      vertex -38.315 6.67928 23.4048
      vertex -36.1 6.24806 4.24273
    endloop
  endfacet
  facet normal 0.191099 0.981571 0
    outer loop
      vertex -38.315 6.67928 23.4048
      vertex -37.2647 6.4748 4.0894
      vertex -38.315 6.67928 3.65434
    endloop
  endfacet
  facet normal 0.00367698 0.870693 0.491814
    outer loop
      vertex -36.8775 6.39942 23.9476
      vertex -34.2372 5.88346 24.8413
      vertex -34.0968 5.85807 24.8852
    endloop
  endfacet
  facet normal -0.00310655 0.862027 0.506852
    outer loop
      vertex -34.2372 5.88346 24.8413
      vertex -36.8775 6.39942 23.9476
      vertex -36.7939 6.3812 23.9791
    endloop
  endfacet
  facet normal -0.154493 -0.987994 0
    outer loop
      vertex -31.1 2.90478 4.24273
      vertex -31.9375 3.03574 25.6167
      vertex -31.9375 3.03574 4.24273
    endloop
  endfacet
  facet normal -0.154489 -0.987994 1.44095e-07
    outer loop
      vertex -29.9353 2.72266 4.0894
      vertex -31.9375 3.03574 25.6167
      vertex -31.1 2.90478 4.24273
    endloop
  endfacet
  facet normal -0.154495 -0.987994 -4.12987e-07
    outer loop
      vertex -31.9375 3.03574 25.6167
      vertex -29.9353 2.72266 4.0894
      vertex -25.55 2.03691 27.3467
    endloop
  endfacet
  facet normal -0.154503 -0.987992 1.03985e-06
    outer loop
      vertex -28.85 2.55294 3.63984
      vertex -25.55 2.03691 27.3467
      vertex -29.9353 2.72266 4.0894
    endloop
  endfacet
  facet normal -0.154486 -0.987995 -1.25081e-06
    outer loop
      vertex -27.918 2.40721 2.92471
      vertex -25.55 2.03691 27.3467
      vertex -28.85 2.55294 3.63984
    endloop
  endfacet
  facet normal -0.154505 -0.987992 5.98187e-07
    outer loop
      vertex -27.2029 2.29538 1.99273
      vertex -25.55 2.03691 27.3467
      vertex -27.918 2.40721 2.92471
    endloop
  endfacet
  facet normal -0.154486 -0.987995 -6.92109e-07
    outer loop
      vertex -26.7533 2.22508 0.907405
      vertex -25.55 2.03691 27.3467
      vertex -27.2029 2.29538 1.99273
    endloop
  endfacet
  facet normal -0.154484 -0.987995 8.3104e-06
    outer loop
      vertex -25.55 2.03691 -1.50842
      vertex -26.7533 2.22508 0.907405
      vertex -26.6 2.2011 -0.257267
    endloop
  endfacet
  facet normal -0.154501 -0.987993 0
    outer loop
      vertex -26.7533 2.22508 0.907405
      vertex -25.55 2.03691 -1.50842
      vertex -25.55 2.03691 27.3467
    endloop
  endfacet
  facet normal -0.154494 -0.987994 0
    outer loop
      vertex -25.55 2.03691 -1.50842
      vertex -26.6 2.2011 -0.257267
      vertex -26.6 2.2011 -1.79281
    endloop
  endfacet
  facet normal -0.261429 0 0.965223
    outer loop
      vertex -30.6331 2.98562 25.97
      vertex -28.1221 4.83912 26.6501
      vertex -30.6331 5.23177 25.97
    endloop
  endfacet
  facet normal -0.261402 0 0.96523
    outer loop
      vertex -27.6791 2.53475 26.7701
      vertex -25.55 2.03691 27.3467
      vertex -25.55 2.25131 27.3467
    endloop
  endfacet
  facet normal -0.261531 -0.000591636 0.965195
    outer loop
      vertex -28.1221 2.59374 26.6501
      vertex -25.55 2.03691 27.3467
      vertex -27.6791 2.53475 26.7701
    endloop
  endfacet
  facet normal -0.261429 0 0.965223
    outer loop
      vertex -28.1221 4.83912 26.6501
      vertex -30.6331 2.98562 25.97
      vertex -28.1221 2.59374 26.6501
    endloop
  endfacet
  facet normal -0.261434 -3.47194e-05 0.965221
    outer loop
      vertex -31.9375 3.03574 25.6167
      vertex -28.1221 2.59374 26.6501
      vertex -30.6331 2.98562 25.97
    endloop
  endfacet
  facet normal -0.261451 -0.000195944 0.965217
    outer loop
      vertex -28.1221 2.59374 26.6501
      vertex -31.9375 3.03574 25.6167
      vertex -25.55 2.03691 27.3467
    endloop
  endfacet
  facet normal -0.261433 0 0.965222
    outer loop
      vertex -31.9375 3.03574 25.6167
      vertex -30.6331 2.98562 25.97
      vertex -31.9375 3.25838 25.6167
    endloop
  endfacet
  facet normal 0.000467504 -0.86528 -0.501288
    outer loop
      vertex -26.6 2.20267 -1.79552
      vertex -25.55 2.03691 -1.50842
      vertex -26.6 2.2011 -1.79281
    endloop
  endfacet
  facet normal 0 -0.866022 -0.500006
    outer loop
      vertex -25.55 2.03691 -1.50842
      vertex -26.6 2.20267 -1.79552
      vertex -25.54 2.03691 -1.50842
    endloop
  endfacet
  facet normal 0.26143 0 -0.965223
    outer loop
      vertex -26.6 2.20267 -1.79552
      vertex -25.54 4.43691 -1.50842
      vertex -25.54 2.03691 -1.50842
    endloop
  endfacet
  facet normal 0.26143 0 -0.965223
    outer loop
      vertex -25.54 4.43691 -1.50842
      vertex -26.6 2.20267 -1.79552
      vertex -26.6 4.60267 -1.79552
    endloop
  endfacet
  facet normal 0.154495 0.987994 -1.41551e-07
    outer loop
      vertex -28.85 4.9545 3.63984
      vertex -27.977 4.81799 26.6867
      vertex -25.54 4.43691 27.3013
    endloop
  endfacet
  facet normal 0.154492 0.987994 5.41548e-07
    outer loop
      vertex -27.977 4.81799 26.6867
      vertex -29.9353 5.12422 4.0894
      vertex -30.6971 5.24333 25.95
    endloop
  endfacet
  facet normal 0.154502 0.987992 9.08168e-07
    outer loop
      vertex -30.6971 5.24333 25.95
      vertex -29.9353 5.12422 4.0894
      vertex -31.9275 5.43574 25.5646
    endloop
  endfacet
  facet normal 0.154489 0.987994 -3.15113e-07
    outer loop
      vertex -31.9275 5.43574 25.5646
      vertex -29.9353 5.12422 4.0894
      vertex -31.1 5.30634 4.24273
    endloop
  endfacet
  facet normal 0.154503 0.987992 -4.37777e-07
    outer loop
      vertex -27.977 4.81799 26.6867
      vertex -28.85 4.9545 3.63984
      vertex -29.9353 5.12422 4.0894
    endloop
  endfacet
  facet normal 0.154486 0.987995 1.11586e-06
    outer loop
      vertex -25.54 4.43691 27.3013
      vertex -27.918 4.80877 2.92471
      vertex -28.85 4.9545 3.63984
    endloop
  endfacet
  facet normal 0.154505 0.987992 -7.36873e-07
    outer loop
      vertex -25.54 4.43691 27.3013
      vertex -27.2029 4.69694 1.99273
      vertex -27.918 4.80877 2.92471
    endloop
  endfacet
  facet normal 0.154467 0.987998 1.81712e-06
    outer loop
      vertex -25.54 4.43691 27.3013
      vertex -26.7533 4.62665 0.907405
      vertex -27.2029 4.69694 1.99273
    endloop
  endfacet
  facet normal 0.154506 0.987992 -0
    outer loop
      vertex -25.54 4.43691 -1.50842
      vertex -26.7533 4.62665 0.907405
      vertex -25.54 4.43691 27.3013
    endloop
  endfacet
  facet normal 0.154491 0.987994 -7.38283e-06
    outer loop
      vertex -26.7533 4.62665 0.907405
      vertex -25.54 4.43691 -1.50842
      vertex -26.6 4.60267 -0.257267
    endloop
  endfacet
  facet normal 0.1545 0.987993 0
    outer loop
      vertex -26.6 4.60267 -0.257267
      vertex -25.54 4.43691 -1.50842
      vertex -26.6 4.60267 -1.79552
    endloop
  endfacet
  facet normal 0.154497 0.987993 0
    outer loop
      vertex -31.9275 5.43574 25.5646
      vertex -31.1 5.30634 4.24273
      vertex -31.9275 5.43574 4.24273
    endloop
  endfacet
  facet normal -0.000114784 0.865839 0.500323
    outer loop
      vertex -30.6971 5.24333 25.95
      vertex -28.1221 4.83912 26.6501
      vertex -27.977 4.81799 26.6867
    endloop
  endfacet
  facet normal -0.00115626 0.864174 0.503192
    outer loop
      vertex -28.1221 4.83912 26.6501
      vertex -30.6971 5.24333 25.95
      vertex -30.6331 5.23177 25.97
    endloop
  endfacet
  facet normal -0.0030681 0.859557 0.51103
    outer loop
      vertex -24.5185 4.31444 27.5589
      vertex -22.0325 4.01517 28.0772
      vertex -21.8835 3.99852 28.1061
    endloop
  endfacet
  facet normal -0.0040368 0.857491 0.514483
    outer loop
      vertex -22.0325 4.01517 28.0772
      vertex -24.5185 4.31444 27.5589
      vertex -24.4718 4.30764 27.5706
    endloop
  endfacet
  facet normal -0 -0.866027 -0.499998
    outer loop
      vertex -25.54 2.03691 -1.50842
      vertex -19.1625 1.27108 -0.181955
      vertex -25.55 2.03691 -1.50842
    endloop
  endfacet
  facet normal 0 -0.866027 -0.499998
    outer loop
      vertex -19.1625 1.27108 -0.181955
      vertex -25.54 2.03691 -1.50842
      vertex -19.1525 1.27108 -0.181955
    endloop
  endfacet
  facet normal 0.203328 0 -0.979111
    outer loop
      vertex -25.54 2.03691 -1.50842
      vertex -19.1525 3.67108 -0.181955
      vertex -19.1525 1.27108 -0.181955
    endloop
  endfacet
  facet normal 0.203328 0 -0.979111
    outer loop
      vertex -19.1525 3.67108 -0.181955
      vertex -25.54 2.03691 -1.50842
      vertex -25.54 4.43691 -1.50842
    endloop
  endfacet
  facet normal 0.119045 0.992889 -0
    outer loop
      vertex -19.1525 3.67108 -0.181955
      vertex -21.8835 3.99852 28.1061
      vertex -19.1525 3.67108 28.6351
    endloop
  endfacet
  facet normal 0.119041 0.992889 -3.51015e-07
    outer loop
      vertex -21.8835 3.99852 28.1061
      vertex -19.1525 3.67108 -0.181955
      vertex -24.5185 4.31444 27.5589
    endloop
  endfacet
  facet normal 0.11904 0.992889 -6.08705e-07
    outer loop
      vertex -24.5185 4.31444 27.5589
      vertex -19.1525 3.67108 -0.181955
      vertex -25.54 4.43691 27.3013
    endloop
  endfacet
  facet normal 0.119043 0.992889 0
    outer loop
      vertex -25.54 4.43691 27.3013
      vertex -19.1525 3.67108 -0.181955
      vertex -25.54 4.43691 -1.50842
    endloop
  endfacet
  facet normal -0.119043 -0.992889 0
    outer loop
      vertex -25.55 2.03691 27.3467
      vertex -19.1625 1.27108 -0.181955
      vertex -19.1625 1.27108 28.6732
    endloop
  endfacet
  facet normal -0.119043 -0.992889 0
    outer loop
      vertex -19.1625 1.27108 -0.181955
      vertex -25.55 2.03691 27.3467
      vertex -25.55 2.03691 -1.50842
    endloop
  endfacet
  facet normal -0.203344 0 0.979107
    outer loop
      vertex -24.4718 2.06226 27.5706
      vertex -22.0325 4.01517 28.0772
      vertex -24.4718 4.30764 27.5706
    endloop
  endfacet
  facet normal -0.203319 0 0.979112
    outer loop
      vertex -20.2282 1.58553 28.4519
      vertex -19.1625 1.27108 28.6732
      vertex -19.1625 1.47626 28.6732
    endloop
  endfacet
  facet normal -0.203339 -6.92906e-05 0.979108
    outer loop
      vertex -22.0325 1.77052 28.0772
      vertex -19.1625 1.27108 28.6732
      vertex -20.2282 1.58553 28.4519
    endloop
  endfacet
  facet normal -0.203344 0 0.979107
    outer loop
      vertex -22.0325 4.01517 28.0772
      vertex -24.4718 2.06226 27.5706
      vertex -22.0325 1.77052 28.0772
    endloop
  endfacet
  facet normal -0.203327 0.000147885 0.979111
    outer loop
      vertex -25.55 2.03691 27.3467
      vertex -22.0325 1.77052 28.0772
      vertex -24.4718 2.06226 27.5706
    endloop
  endfacet
  facet normal -0.203345 -0.00010361 0.979107
    outer loop
      vertex -22.0325 1.77052 28.0772
      vertex -25.55 2.03691 27.3467
      vertex -19.1625 1.27108 28.6732
    endloop
  endfacet
  facet normal -0.203323 0 0.979112
    outer loop
      vertex -25.55 2.03691 27.3467
      vertex -24.4718 2.06226 27.5706
      vertex -25.55 2.25131 27.3467
    endloop
  endfacet
  facet normal 0.00105301 0.869132 0.494578
    outer loop
      vertex -18.3411 3.60231 28.7923
      vertex -15.999 3.40298 29.1376
      vertex -15.8473 3.39096 29.1584
    endloop
  endfacet
  facet normal 0.00271704 0.873923 0.486057
    outer loop
      vertex -15.999 3.40298 29.1376
      vertex -18.3411 3.60231 28.7923
      vertex -18.3098 3.59882 28.7984
    endloop
  endfacet
  facet normal -0 -0.866024 -0.500003
    outer loop
      vertex -19.1525 1.27108 -0.181955
      vertex -12.775 0.729744 0.75566
      vertex -19.1625 1.27108 -0.181955
    endloop
  endfacet
  facet normal 0 -0.866024 -0.500003
    outer loop
      vertex -12.775 0.729744 0.75566
      vertex -19.1525 1.27108 -0.181955
      vertex -12.765 0.729744 0.75566
    endloop
  endfacet
  facet normal 0.145233 0 -0.989398
    outer loop
      vertex -19.1525 1.27108 -0.181955
      vertex -12.765 3.12974 0.75566
      vertex -12.765 0.729744 0.75566
    endloop
  endfacet
  facet normal 0.145233 0 -0.989398
    outer loop
      vertex -12.765 3.12974 0.75566
      vertex -19.1525 1.27108 -0.181955
      vertex -19.1525 3.67108 -0.181955
    endloop
  endfacet
  facet normal 0.0844457 0.996428 -0
    outer loop
      vertex -12.765 3.12974 0.75566
      vertex -15.8473 3.39096 29.1584
      vertex -12.765 3.12974 29.581
    endloop
  endfacet
  facet normal 0.0844474 0.996428 1.89276e-07
    outer loop
      vertex -15.8473 3.39096 29.1584
      vertex -12.765 3.12974 0.75566
      vertex -18.3411 3.60231 28.7923
    endloop
  endfacet
  facet normal 0.0844518 0.996428 1.05857e-06
    outer loop
      vertex -18.3411 3.60231 28.7923
      vertex -12.765 3.12974 0.75566
      vertex -19.1525 3.67108 28.6351
    endloop
  endfacet
  facet normal 0.0844472 0.996428 0
    outer loop
      vertex -19.1525 3.67108 28.6351
      vertex -12.765 3.12974 0.75566
      vertex -19.1525 3.67108 -0.181955
    endloop
  endfacet
  facet normal -0.0844466 -0.996428 0
    outer loop
      vertex -19.1625 1.27108 28.6732
      vertex -12.775 0.729744 0.75566
      vertex -12.775 0.729744 29.6108
    endloop
  endfacet
  facet normal -0.0844466 -0.996428 0
    outer loop
      vertex -12.775 0.729744 0.75566
      vertex -19.1625 1.27108 28.6732
      vertex -19.1625 1.27108 -0.181955
    endloop
  endfacet
  facet normal -0.145233 0 0.989398
    outer loop
      vertex -18.3098 1.35416 28.7984
      vertex -15.999 3.40298 29.1376
      vertex -18.3098 3.59882 28.7984
    endloop
  endfacet
  facet normal -0.145218 0 0.9894
    outer loop
      vertex -15.999 1.15902 29.1376
      vertex -12.775 0.729744 29.6108
      vertex -12.775 0.924628 29.6108
    endloop
  endfacet
  facet normal -0.145233 0 0.989398
    outer loop
      vertex -15.999 3.40298 29.1376
      vertex -18.3098 1.35416 28.7984
      vertex -15.999 1.15902 29.1376
    endloop
  endfacet
  facet normal -0.14525 -0.000210702 0.989395
    outer loop
      vertex -19.1625 1.27108 28.6732
      vertex -15.999 1.15902 29.1376
      vertex -18.3098 1.35416 28.7984
    endloop
  endfacet
  facet normal -0.145252 -0.000255505 0.989395
    outer loop
      vertex -15.999 1.15902 29.1376
      vertex -19.1625 1.27108 28.6732
      vertex -12.775 0.729744 29.6108
    endloop
  endfacet
  facet normal -0.14527 0 0.989392
    outer loop
      vertex -19.1625 1.27108 28.6732
      vertex -18.3098 1.35416 28.7984
      vertex -19.1625 1.47626 28.6732
    endloop
  endfacet
  facet normal -0.0022684 0.854546 0.51937
    outer loop
      vertex -12.1645 3.09942 29.6634
      vertex -10.1355 2.99644 29.8417
      vertex -9.98182 2.98919 29.8543
    endloop
  endfacet
  facet normal -0.00122556 0.859841 0.510561
    outer loop
      vertex -10.1355 2.99644 29.8417
      vertex -12.1645 3.09942 29.6634
      vertex -12.1469 3.09802 29.6658
    endloop
  endfacet
  facet normal -0 -0.866027 -0.499996
    outer loop
      vertex -12.765 0.729744 0.75566
      vertex -9 0.539099 1.08587
      vertex -12.775 0.729744 0.75566
    endloop
  endfacet
  facet normal -0.000264804 -0.867332 -0.49773
    outer loop
      vertex -9 0.539099 1.08587
      vertex -12.765 0.729744 0.75566
      vertex -9 0.539604 1.08499
    endloop
  endfacet
  facet normal 0.0871387 0 -0.996196
    outer loop
      vertex -12.765 0.729744 0.75566
      vertex -9 2.9396 1.08499
      vertex -9 0.539604 1.08499
    endloop
  endfacet
  facet normal 0.0871387 0 -0.996196
    outer loop
      vertex -9 2.9396 1.08499
      vertex -12.765 0.729744 0.75566
      vertex -12.765 3.12974 0.75566
    endloop
  endfacet
  facet normal 0.050439 0.998727 1.35693e-07
    outer loop
      vertex -6.5 2.81335 5.5
      vertex -9.98182 2.98919 29.8543
      vertex -6.3775 2.80716 30.149
    endloop
  endfacet
  facet normal 0.0504433 0.998727 7.54113e-07
    outer loop
      vertex -7.14703 2.84603 5.41481
      vertex -9.98182 2.98919 29.8543
      vertex -6.5 2.81335 5.5
    endloop
  endfacet
  facet normal 0.0504662 0.998726 0
    outer loop
      vertex -6.5 2.81335 5.5
      vertex -6.3775 2.80716 30.149
      vertex -6.3775 2.80716 5.5
    endloop
  endfacet
  facet normal 0.0504378 0.998727 1.19231e-07
    outer loop
      vertex -9.98182 2.98919 29.8543
      vertex -7.14703 2.84603 5.41481
      vertex -12.1645 3.09942 29.6634
    endloop
  endfacet
  facet normal 0.0504273 0.998728 -2.06783e-06
    outer loop
      vertex -12.1645 3.09942 29.6634
      vertex -7.14703 2.84603 5.41481
      vertex -12.765 3.12974 29.581
    endloop
  endfacet
  facet normal 0.0504358 0.998727 -8.95405e-08
    outer loop
      vertex -7.75 2.87648 5.16505
      vertex -12.765 3.12974 29.581
      vertex -7.14703 2.84603 5.41481
    endloop
  endfacet
  facet normal 0.0504244 0.998728 -2.44308e-06
    outer loop
      vertex -8.26776 2.90262 4.76776
      vertex -12.765 3.12974 29.581
      vertex -7.75 2.87648 5.16505
    endloop
  endfacet
  facet normal 0.050405 0.998729 3.68505e-05
    outer loop
      vertex -12.765 3.12974 0.75566
      vertex -8.26776 2.90262 4.76776
      vertex -8.66505 2.92269 4.25
    endloop
  endfacet
  facet normal 0.0504429 0.998727 -7.76708e-06
    outer loop
      vertex -12.765 3.12974 0.75566
      vertex -8.66505 2.92269 4.25
      vertex -8.91481 2.9353 3.64703
    endloop
  endfacet
  facet normal 0.05044 0.998727 -3.79342e-06
    outer loop
      vertex -12.765 3.12974 0.75566
      vertex -8.91481 2.9353 3.64703
      vertex -9 2.9396 3
    endloop
  endfacet
  facet normal 0.0504377 0.998727 0
    outer loop
      vertex -12.765 3.12974 0.75566
      vertex -9 2.9396 3
      vertex -9 2.9396 1.08499
    endloop
  endfacet
  facet normal 0.0504378 0.998727 0
    outer loop
      vertex -8.26776 2.90262 4.76776
      vertex -12.765 3.12974 0.75566
      vertex -12.765 3.12974 29.581
    endloop
  endfacet
  facet normal -0.0504376 -0.998727 3.50138e-08
    outer loop
      vertex -6.84373 0.430203 16.1541
      vertex -6.3875 0.407163 30.1696
      vertex -12.775 0.729744 29.6108
    endloop
  endfacet
  facet normal -0.0504366 -0.998727 -0
    outer loop
      vertex -6.3875 0.407163 30.1696
      vertex -6.84373 0.430203 16.1541
      vertex -6.3875 0.407163 16.2006
    endloop
  endfacet
  facet normal -0.0504379 -0.998727 -9.554e-08
    outer loop
      vertex -12.775 0.729744 29.6108
      vertex -7.3166 0.454084 15.9823
      vertex -6.84373 0.430203 16.1541
    endloop
  endfacet
  facet normal -0.0504379 -0.998727 -7.98994e-08
    outer loop
      vertex -12.775 0.729744 29.6108
      vertex -7.70088 0.473491 15.696
      vertex -7.3166 0.454084 15.9823
    endloop
  endfacet
  facet normal -0.0504384 -0.998727 -2.48526e-07
    outer loop
      vertex -12.775 0.729744 29.6108
      vertex -7.98419 0.487799 15.3075
      vertex -7.70088 0.473491 15.696
    endloop
  endfacet
  facet normal -0.0504367 -0.998727 3.16799e-07
    outer loop
      vertex -12.775 0.729744 29.6108
      vertex -8.15417 0.496383 14.8292
      vertex -7.98419 0.487799 15.3075
    endloop
  endfacet
  facet normal -0.0504358 -0.998727 6.01622e-07
    outer loop
      vertex -12.775 0.729744 29.6108
      vertex -8.21085 0.499245 14.2611
      vertex -8.15417 0.496383 14.8292
    endloop
  endfacet
  facet normal -0.0504378 -0.998727 0
    outer loop
      vertex -12.775 0.729744 0.75566
      vertex -8.21085 0.499245 14.2611
      vertex -12.775 0.729744 29.6108
    endloop
  endfacet
  facet normal -0.0504376 -0.998727 6.76042e-08
    outer loop
      vertex -6.84479 0.430257 12.3372
      vertex -6.5 0.412844 5.5
      vertex -6.3875 0.407163 12.2888
    endloop
  endfacet
  facet normal -0.0504362 -0.998727 -1.07137e-07
    outer loop
      vertex -7.14703 0.445521 5.41481
      vertex -6.84479 0.430257 12.3372
      vertex -7.3154 0.454023 12.5139
    endloop
  endfacet
  facet normal -0.0504382 -0.998727 -8.27434e-08
    outer loop
      vertex -7.75 0.475972 5.16505
      vertex -7.3154 0.454023 12.5139
      vertex -7.69952 0.473422 12.8086
    endloop
  endfacet
  facet normal -0.0504391 -0.998727 4.55227e-09
    outer loop
      vertex -8.26776 0.50212 4.76776
      vertex -7.69952 0.473422 12.8086
      vertex -7.9836 0.487769 13.2056
    endloop
  endfacet
  facet normal -0.0504361 -0.998727 -5.93395e-07
    outer loop
      vertex -12.775 0.729744 0.75566
      vertex -7.9836 0.487769 13.2056
      vertex -8.15404 0.496376 13.6898
    endloop
  endfacet
  facet normal -0.0504377 -0.998727 -3.01387e-08
    outer loop
      vertex -8.21085 0.499245 14.2611
      vertex -12.775 0.729744 0.75566
      vertex -8.15404 0.496376 13.6898
    endloop
  endfacet
  facet normal -0.0504388 -0.998727 6.85367e-09
    outer loop
      vertex -6.84479 0.430257 12.3372
      vertex -7.14703 0.445521 5.41481
      vertex -6.5 0.412844 5.5
    endloop
  endfacet
  facet normal -0.0504374 -0.998727 -1.34916e-07
    outer loop
      vertex -7.3154 0.454023 12.5139
      vertex -7.75 0.475972 5.16505
      vertex -7.14703 0.445521 5.41481
    endloop
  endfacet
  facet normal -0.0504378 -0.998727 -8.54689e-08
    outer loop
      vertex -7.69952 0.473422 12.8086
      vertex -8.26776 0.50212 4.76776
      vertex -7.75 0.475972 5.16505
    endloop
  endfacet
  facet normal -0.0504375 -0.998727 -6.2874e-08
    outer loop
      vertex -7.9836 0.487769 13.2056
      vertex -12.775 0.729744 0.75566
      vertex -8.66505 0.522184 4.25
    endloop
  endfacet
  facet normal -0.0504378 -0.998727 -3.81868e-08
    outer loop
      vertex -7.9836 0.487769 13.2056
      vertex -8.66505 0.522184 4.25
      vertex -8.26776 0.50212 4.76776
    endloop
  endfacet
  facet normal -0.0504383 -0.998727 8.62377e-07
    outer loop
      vertex -8.66505 0.522184 4.25
      vertex -12.775 0.729744 0.75566
      vertex -8.91481 0.534797 3.64703
    endloop
  endfacet
  facet normal -0.050438 -0.998727 4.42527e-07
    outer loop
      vertex -8.91481 0.534797 3.64703
      vertex -12.775 0.729744 0.75566
      vertex -9 0.539099 3
    endloop
  endfacet
  facet normal -0.0504377 -0.998727 -0
    outer loop
      vertex -9 0.539099 3
      vertex -12.775 0.729744 0.75566
      vertex -9 0.539099 1.08587
    endloop
  endfacet
  facet normal -0.0504335 -0.998727 -0
    outer loop
      vertex -6.3875 0.407163 12.2888
      vertex -6.5 0.412844 5.5
      vertex -6.3875 0.407163 5.5
    endloop
  endfacet
  facet normal -0.0504403 -0.998727 1.37637e-05
    outer loop
      vertex -6.88985 0.432532 15.4271
      vertex -6.3875 0.407163 15.5697
      vertex -6.61317 0.41856 15.5433
    endloop
  endfacet
  facet normal -0.050435 -0.998727 -4.86966e-06
    outer loop
      vertex -7.11229 0.443766 15.2335
      vertex -6.3875 0.407163 15.5697
      vertex -6.88985 0.432532 15.4271
    endloop
  endfacet
  facet normal -0.0504375 -0.998727 6.02674e-07
    outer loop
      vertex -7.27502 0.451984 14.9706
      vertex -6.3875 0.407163 15.5697
      vertex -7.11229 0.443766 15.2335
    endloop
  endfacet
  facet normal -0.0504357 -0.998727 -2.12119e-06
    outer loop
      vertex -7.37265 0.456915 14.6464
      vertex -6.3875 0.407163 15.5697
      vertex -7.27502 0.451984 14.9706
    endloop
  endfacet
  facet normal -0.0504399 -0.998727 2.36063e-06
    outer loop
      vertex -7.4052 0.458558 14.2611
      vertex -6.3875 0.407163 15.5697
      vertex -7.37265 0.456915 14.6464
    endloop
  endfacet
  facet normal -0.0504395 -0.998727 -1.98471e-06
    outer loop
      vertex -6.3875 0.407163 12.9201
      vertex -7.4052 0.458558 14.2611
      vertex -7.3719 0.456877 13.8712
    endloop
  endfacet
  facet normal -0.0504361 -0.998727 1.54723e-06
    outer loop
      vertex -6.3875 0.407163 12.9201
      vertex -7.3719 0.456877 13.8712
      vertex -7.27199 0.451831 13.5408
    endloop
  endfacet
  facet normal -0.0504371 -0.998727 5.65859e-08
    outer loop
      vertex -6.3875 0.407163 12.9201
      vertex -7.27199 0.451831 13.5408
      vertex -7.10548 0.443422 13.2697
    endloop
  endfacet
  facet normal -0.0504363 -0.998727 1.62445e-06
    outer loop
      vertex -6.3875 0.407163 12.9201
      vertex -7.10548 0.443422 13.2697
      vertex -6.88141 0.432106 13.0685
    endloop
  endfacet
  facet normal -0.0504337 -0.998727 1.0277e-05
    outer loop
      vertex -6.3875 0.407163 12.9201
      vertex -6.88141 0.432106 13.0685
      vertex -6.60881 0.418339 12.9478
    endloop
  endfacet
  facet normal -0.0504369 -0.998727 0
    outer loop
      vertex -7.4052 0.458558 14.2611
      vertex -6.3875 0.407163 12.9201
      vertex -6.3875 0.407163 15.5697
    endloop
  endfacet
  facet normal -0.087119 0 0.996198
    outer loop
      vertex -12.1469 0.85407 29.6658
      vertex -10.1355 2.99644 29.8417
      vertex -12.1469 3.09802 29.6658
    endloop
  endfacet
  facet normal -0.0871538 0 0.996195
    outer loop
      vertex -10.1355 0.753178 29.8417
      vertex -6.3875 0.407163 30.1696
      vertex -6.3875 0.590471 30.1696
    endloop
  endfacet
  facet normal -0.087119 0 0.996198
    outer loop
      vertex -10.1355 2.99644 29.8417
      vertex -12.1469 0.85407 29.6658
      vertex -10.1355 0.753178 29.8417
    endloop
  endfacet
  facet normal -0.0871418 -0.000458338 0.996196
    outer loop
      vertex -12.775 0.729744 29.6108
      vertex -10.1355 0.753178 29.8417
      vertex -12.1469 0.85407 29.6658
    endloop
  endfacet
  facet normal -0.0871466 7.84608e-05 0.996195
    outer loop
      vertex -10.1355 0.753178 29.8417
      vertex -12.775 0.729744 29.6108
      vertex -6.3875 0.407163 30.1696
    endloop
  endfacet
  facet normal -0.0872319 0 0.996188
    outer loop
      vertex -12.775 0.729744 29.6108
      vertex -12.1469 0.85407 29.6658
      vertex -12.775 0.924628 29.6108
    endloop
  endfacet
  facet normal 0 -1 0
    outer loop
      vertex 0 0.299999 30.3552
      vertex 0.00999928 0.299999 15.2408
      vertex 0.00999928 0.299999 30.3552
    endloop
  endfacet
  facet normal -0 -1 0
    outer loop
      vertex 0.00999928 0.299999 15.2408
      vertex 0 0.299999 30.3552
      vertex 0 0.299999 15.1947
    endloop
  endfacet
  facet normal 0 -1 0
    outer loop
      vertex 0 0.299999 5.5
      vertex 0.00999928 0.299999 12.3325
      vertex 0 0.299999 12.3325
    endloop
  endfacet
  facet normal 0 -1 -0
    outer loop
      vertex 0.00999928 0.299999 12.3325
      vertex 0 0.299999 5.5
      vertex 0.00999928 0.299999 5.5
    endloop
  endfacet
  facet normal -0.0167795 -0.999859 -0
    outer loop
      vertex -6.3875 0.407163 12.2888
      vertex -6.3875 0.407163 5.5
      vertex -6.28769 0.405488 12.2783
    endloop
  endfacet
  facet normal -0.0167743 -0.999859 3.28677e-07
    outer loop
      vertex -3.40221 0.357078 16.1544
      vertex -2.3038 0.33865 15.0042
      vertex -2.03513 0.334143 16.1544
    endloop
  endfacet
  facet normal -0.0167753 -0.999859 -6.19126e-07
    outer loop
      vertex -3.40221 0.357078 16.1544
      vertex -2.48419 0.341677 14.2225
      vertex -2.3038 0.33865 15.0042
    endloop
  endfacet
  facet normal -0.0167737 -0.999859 1.20553e-07
    outer loop
      vertex -2.84888 0.347795 13.686
      vertex -2.48419 0.341677 14.2225
      vertex -3.40221 0.357078 16.1544
    endloop
  endfacet
  facet normal -0.016773 -0.999859 -3.89529e-07
    outer loop
      vertex -2.48419 0.341677 14.2225
      vertex -2.84888 0.347795 13.686
      vertex -2.57628 0.343222 13.8095
    endloop
  endfacet
  facet normal -0.0167741 -0.999859 2.04498e-06
    outer loop
      vertex -2.84888 0.347795 13.686
      vertex -2.62465 0.344033 13.577
      vertex -2.57628 0.343222 13.8095
    endloop
  endfacet
  facet normal -0.0167757 -0.999859 -1.42646e-06
    outer loop
      vertex -2.84888 0.347795 13.686
      vertex -2.67392 0.34486 13.3369
      vertex -2.62465 0.344033 13.577
    endloop
  endfacet
  facet normal -0.0167694 -0.999859 1.76832e-06
    outer loop
      vertex -2.67392 0.34486 13.3369
      vertex -2.84888 0.347795 13.686
      vertex -2.72409 0.345701 13.0893
    endloop
  endfacet
  facet normal -0.0167745 -0.999859 4.64587e-08
    outer loop
      vertex -6.3875 0.407163 30.1696
      vertex -5.72061 0.395974 16.1535
      vertex -4.21324 0.370685 16.1544
    endloop
  endfacet
  facet normal -0.0167745 -0.999859 1.8638e-06
    outer loop
      vertex -5.2473 0.388033 15.9799
      vertex -4.21324 0.370685 16.1544
      vertex -5.72061 0.395974 16.1535
    endloop
  endfacet
  facet normal -0.0167742 -0.999859 -4.3653e-07
    outer loop
      vertex -4.86229 0.381574 15.6906
      vertex -4.21324 0.370685 16.1544
      vertex -5.2473 0.388033 15.9799
    endloop
  endfacet
  facet normal -0.0167747 -0.999859 3.48116e-07
    outer loop
      vertex -4.57822 0.376808 15.3003
      vertex -4.21324 0.370685 16.1544
      vertex -4.86229 0.381574 15.6906
    endloop
  endfacet
  facet normal -0.016773 -0.999859 -3.95267e-07
    outer loop
      vertex -4.40778 0.373949 14.8238
      vertex -4.21324 0.370685 16.1544
      vertex -4.57822 0.376808 15.3003
    endloop
  endfacet
  facet normal -0.0167752 -0.999859 -2.36026e-07
    outer loop
      vertex -3.22861 0.354166 12.3325
      vertex -4.40778 0.373949 14.8238
      vertex -4.35097 0.372996 14.2611
    endloop
  endfacet
  facet normal -0.0167719 -0.999859 1.70739e-06
    outer loop
      vertex -3.22861 0.354166 12.3325
      vertex -4.35097 0.372996 14.2611
      vertex -4.37718 0.373435 13.8792
    endloop
  endfacet
  facet normal -0.0167749 -0.999859 -1.10061e-07
    outer loop
      vertex -4.40778 0.373949 14.8238
      vertex -3.22861 0.354166 12.3325
      vertex -4.21324 0.370685 16.1544
    endloop
  endfacet
  facet normal -0.0167742 -0.999859 -5.24775e-08
    outer loop
      vertex -4.45586 0.374755 13.5293
      vertex -3.22861 0.354166 12.3325
      vertex -4.37718 0.373435 13.8792
    endloop
  endfacet
  facet normal -0.0167755 -0.999859 -1.3381e-06
    outer loop
      vertex -4.58696 0.376955 13.2114
      vertex -3.22861 0.354166 12.3325
      vertex -4.45586 0.374755 13.5293
    endloop
  endfacet
  facet normal -0.0167738 -0.999859 1.29869e-06
    outer loop
      vertex -4.76688 0.379973 12.933
      vertex -3.22861 0.354166 12.3325
      vertex -4.58696 0.376955 13.2114
    endloop
  endfacet
  facet normal -0.0167754 -0.999859 -2.84562e-06
    outer loop
      vertex -4.99202 0.383751 12.702
      vertex -3.22861 0.354166 12.3325
      vertex -4.76688 0.379973 12.933
    endloop
  endfacet
  facet normal -0.0167743 -0.999859 2.2283e-06
    outer loop
      vertex -5.26236 0.388286 12.5183
      vertex -3.22861 0.354166 12.3325
      vertex -4.99202 0.383751 12.702
    endloop
  endfacet
  facet normal -0.0167747 -0.999859 -1.54779e-06
    outer loop
      vertex -5.57158 0.393474 12.385
      vertex -3.22861 0.354166 12.3325
      vertex -5.26236 0.388286 12.5183
    endloop
  endfacet
  facet normal -0.0167753 -0.999859 -2.03002e-07
    outer loop
      vertex 0 0.299999 5.5
      vertex -2.27925 0.338238 12.3325
      vertex -3.22861 0.354166 12.3325
    endloop
  endfacet
  facet normal -0.0167745 -0.999859 3.35706e-08
    outer loop
      vertex -2.27925 0.338238 12.3325
      vertex 0 0.299999 5.5
      vertex -0.917557 0.315393 12.3325
    endloop
  endfacet
  facet normal -0.016775 -0.999859 -1.85747e-09
    outer loop
      vertex -6.3875 0.407163 5.5
      vertex -5.57158 0.393474 12.385
      vertex -5.91335 0.399208 12.3049
    endloop
  endfacet
  facet normal -0.0167746 -0.999859 -4.53109e-08
    outer loop
      vertex -5.57158 0.393474 12.385
      vertex -6.3875 0.407163 5.5
      vertex -3.22861 0.354166 12.3325
    endloop
  endfacet
  facet normal -0.0167738 -0.999859 -8.39023e-08
    outer loop
      vertex -6.3875 0.407163 5.5
      vertex -5.91335 0.399208 12.3049
      vertex -6.28769 0.405488 12.2783
    endloop
  endfacet
  facet normal -0.0167748 -0.999859 2.17752e-08
    outer loop
      vertex -3.22861 0.354166 12.3325
      vertex -6.3875 0.407163 5.5
      vertex 0 0.299999 5.5
    endloop
  endfacet
  facet normal -0.0167748 -0.999859 0
    outer loop
      vertex -0.917557 0.315393 12.3325
      vertex 0 0.299999 5.5
      vertex 0 0.299999 12.3325
    endloop
  endfacet
  facet normal -0.0167751 -0.999859 -0
    outer loop
      vertex -6.3875 0.407163 30.1696
      vertex -6.3875 0.407163 16.2006
      vertex -6.28224 0.405397 16.2114
    endloop
  endfacet
  facet normal -0.0167756 -0.999859 -3.36977e-09
    outer loop
      vertex -5.72061 0.395974 16.1535
      vertex -6.3875 0.407163 30.1696
      vertex -6.28224 0.405397 16.2114
    endloop
  endfacet
  facet normal -0.0167751 -0.999859 -3.54915e-08
    outer loop
      vertex -3.40221 0.357078 16.1544
      vertex -6.3875 0.407163 30.1696
      vertex -4.21324 0.370685 16.1544
    endloop
  endfacet
  facet normal -0.0167748 -0.999859 2.57517e-08
    outer loop
      vertex -6.3875 0.407163 30.1696
      vertex -3.40221 0.357078 16.1544
      vertex 0 0.299999 30.3552
    endloop
  endfacet
  facet normal -0.0167743 -0.999859 -9.64635e-08
    outer loop
      vertex -2.03513 0.334143 16.1544
      vertex 0 0.299999 30.3552
      vertex -3.40221 0.357078 16.1544
    endloop
  endfacet
  facet normal -0.0167751 -0.999859 2.07357e-08
    outer loop
      vertex -1.14 0.319125 16.1544
      vertex 0 0.299999 30.3552
      vertex -2.03513 0.334143 16.1544
    endloop
  endfacet
  facet normal -0.0167748 -0.999859 0
    outer loop
      vertex -1.14 0.319125 16.1544
      vertex 0 0.299999 15.1947
      vertex 0 0.299999 30.3552
    endloop
  endfacet
  facet normal -0.0167751 -0.999859 -3.68021e-07
    outer loop
      vertex -0.657166 0.311025 14.12
      vertex 0 0.299999 15.1947
      vertex -1.14 0.319125 16.1544
    endloop
  endfacet
  facet normal -0.0167757 -0.999859 -5.15423e-08
    outer loop
      vertex -0.657166 0.311025 14.12
      vertex -0.253006 0.304244 14.0278
      vertex 0 0.299999 15.1947
    endloop
  endfacet
  facet normal -0.0167756 -0.999859 3.95277e-07
    outer loop
      vertex -0.610443 0.310241 13.9042
      vertex -0.253006 0.304244 14.0278
      vertex -0.657166 0.311025 14.12
    endloop
  endfacet
  facet normal -0.0167754 -0.999859 -9.00236e-08
    outer loop
      vertex -0.546249 0.309164 13.5607
      vertex -0.253006 0.304244 14.0278
      vertex -0.610443 0.310241 13.9042
    endloop
  endfacet
  facet normal -0.016775 -0.999859 -3.22525e-07
    outer loop
      vertex -0.546249 0.309164 13.5607
      vertex -0.396759 0.306656 13.4039
      vertex -0.253006 0.304244 14.0278
    endloop
  endfacet
  facet normal -0.0167729 -0.999859 1.68804e-06
    outer loop
      vertex -0.396759 0.306656 13.4039
      vertex -0.546249 0.309164 13.5607
      vertex -0.464569 0.307793 13.0893
    endloop
  endfacet
  facet normal -0.0167725 -0.999859 -1.97649e-06
    outer loop
      vertex -1.63638 0.327453 15.1416
      vertex -1.54898 0.325987 15.0797
      vertex -1.59569 0.32677 15.3597
    endloop
  endfacet
  facet normal -0.0167725 -0.999859 -1.94845e-06
    outer loop
      vertex -1.67165 0.328045 14.9612
      vertex -1.54898 0.325987 15.0797
      vertex -1.63638 0.327453 15.1416
    endloop
  endfacet
  facet normal -0.0167727 -0.999859 2.79374e-06
    outer loop
      vertex -1.49564 0.325092 14.8075
      vertex -1.67165 0.328045 14.9612
      vertex -1.70148 0.328545 14.8185
    endloop
  endfacet
  facet normal -0.0167747 -0.999859 4.01086e-07
    outer loop
      vertex -1.67165 0.328045 14.9612
      vertex -1.49564 0.325092 14.8075
      vertex -1.54898 0.325987 15.0797
    endloop
  endfacet
  facet normal -0.0167727 -0.999859 1.8768e-06
    outer loop
      vertex -1.70148 0.328545 14.8185
      vertex -1.43564 0.324085 14.5432
      vertex -1.49564 0.325092 14.8075
    endloop
  endfacet
  facet normal -0.0167741 -0.999859 5.50619e-07
    outer loop
      vertex -1.78375 0.329925 14.4597
      vertex -1.43564 0.324085 14.5432
      vertex -1.70148 0.328545 14.8185
    endloop
  endfacet
  facet normal -0.0167737 -0.999859 -1.12878e-06
    outer loop
      vertex -1.97635 0.333157 13.631
      vertex -1.43564 0.324085 14.5432
      vertex -1.78375 0.329925 14.4597
    endloop
  endfacet
  facet normal -0.0167745 -0.999859 5.58902e-07
    outer loop
      vertex -0.917557 0.315393 12.3325
      vertex -1.97635 0.333157 13.631
      vertex -2.27925 0.338238 12.3325
    endloop
  endfacet
  facet normal -0.0167754 -0.999859 -1.18486e-07
    outer loop
      vertex -1.97635 0.333157 13.631
      vertex -0.917557 0.315393 12.3325
      vertex -1.43564 0.324085 14.5432
    endloop
  endfacet
  facet normal -0.0167749 -0.999859 -2.29528e-06
    outer loop
      vertex -6.3875 0.407163 15.5697
      vertex -5.95584 0.399921 15.543
      vertex -6.28224 0.405397 15.582
    endloop
  endfacet
  facet normal -0.0167746 -0.999859 1.52022e-06
    outer loop
      vertex -5.29761 0.388877 14.9669
      vertex -5.95584 0.399921 15.543
      vertex -6.3875 0.407163 15.5697
    endloop
  endfacet
  facet normal -0.0167707 -0.999859 7.39274e-06
    outer loop
      vertex -5.95584 0.399921 15.543
      vertex -5.46036 0.391608 15.2308
      vertex -5.68188 0.395325 15.4259
    endloop
  endfacet
  facet normal -0.0167736 -0.999859 2.69054e-06
    outer loop
      vertex -5.95584 0.399921 15.543
      vertex -5.29761 0.388877 14.9669
      vertex -5.46036 0.391608 15.2308
    endloop
  endfacet
  facet normal -0.0167766 -0.999859 -1.94578e-06
    outer loop
      vertex -6.3875 0.407163 15.5697
      vertex -5.19995 0.387239 14.6437
      vertex -5.29761 0.388877 14.9669
    endloop
  endfacet
  facet normal -0.0167753 -0.999859 -2.92028e-07
    outer loop
      vertex -6.3875 0.407163 15.5697
      vertex -5.1674 0.386693 14.2611
      vertex -5.19995 0.387239 14.6437
    endloop
  endfacet
  facet normal -0.016775 -0.999859 0
    outer loop
      vertex -6.3875 0.407163 12.9201
      vertex -5.1674 0.386693 14.2611
      vertex -6.3875 0.407163 15.5697
    endloop
  endfacet
  facet normal -0.0167737 -0.999859 -1.14105e-06
    outer loop
      vertex -5.1674 0.386693 14.2611
      vertex -6.3875 0.407163 12.9201
      vertex -5.1998 0.387237 13.8618
    endloop
  endfacet
  facet normal -0.0167768 -0.999859 2.80864e-06
    outer loop
      vertex -5.1998 0.387237 13.8618
      vertex -6.3875 0.407163 12.9201
      vertex -5.297 0.388867 13.5281
    endloop
  endfacet
  facet normal -0.0167745 -0.999859 -1.29986e-06
    outer loop
      vertex -5.95691 0.399939 12.9467
      vertex -5.297 0.388867 13.5281
      vertex -6.3875 0.407163 12.9201
    endloop
  endfacet
  facet normal -0.016776 -0.999859 3.46427e-07
    outer loop
      vertex -5.297 0.388867 13.5281
      vertex -5.95691 0.399939 12.9467
      vertex -5.459 0.391585 13.2602
    endloop
  endfacet
  facet normal -0.01678 -0.999859 6.68251e-06
    outer loop
      vertex -5.459 0.391585 13.2602
      vertex -5.95691 0.399939 12.9467
      vertex -5.68068 0.395304 13.0643
    endloop
  endfacet
  facet normal -0.0167762 -0.999859 2.60854e-05
    outer loop
      vertex -5.95691 0.399939 12.9467
      vertex -6.3875 0.407163 12.9201
      vertex -6.28769 0.405488 12.9075
    endloop
  endfacet
  facet normal -0.0291483 0 0.999575
    outer loop
      vertex -5.98282 0.557108 30.1813
      vertex -5.465 2.79169 30.1964
      vertex -5.98282 2.80037 30.1813
    endloop
  endfacet
  facet normal -0.0290454 0 0.999578
    outer loop
      vertex -5.465 0.549101 30.1964
      vertex 0 0.299999 30.3552
      vertex 0 0.470208 30.3552
    endloop
  endfacet
  facet normal -0.0291483 0 0.999575
    outer loop
      vertex -5.465 2.79169 30.1964
      vertex -5.98282 0.557108 30.1813
      vertex -5.465 0.549101 30.1964
    endloop
  endfacet
  facet normal -0.0291384 0.000644767 0.999575
    outer loop
      vertex -6.3875 0.407163 30.1696
      vertex -5.465 0.549101 30.1964
      vertex -5.98282 0.557108 30.1813
    endloop
  endfacet
  facet normal -0.029044 3.08178e-05 0.999578
    outer loop
      vertex -5.465 0.549101 30.1964
      vertex -6.3875 0.407163 30.1696
      vertex 0 0.299999 30.3552
    endloop
  endfacet
  facet normal -0.0288997 0 0.999582
    outer loop
      vertex -6.3875 0.407163 30.1696
      vertex -5.98282 0.557108 30.1813
      vertex -6.3875 0.590471 30.1696
    endloop
  endfacet
  facet normal 0.000515149 0.873671 0.486517
    outer loop
      vertex -5.98834 2.80063 30.1809
      vertex -5.465 2.79169 30.1964
      vertex -5.31039 2.78926 30.2006
    endloop
  endfacet
  facet normal -0.00300399 0.818991 0.573799
    outer loop
      vertex -5.465 2.79169 30.1964
      vertex -5.98834 2.80063 30.1809
      vertex -5.98282 2.80037 30.1813
    endloop
  endfacet
  facet normal 0.00300389 0.818991 0.573798
    outer loop
      vertex 5.99834 2.80063 30.1809
      vertex 5.47499 2.79169 30.1964
      vertex 5.99282 2.80037 30.1813
    endloop
  endfacet
  facet normal -0.000515665 0.873678 0.486504
    outer loop
      vertex 5.47499 2.79169 30.1964
      vertex 5.99834 2.80063 30.1809
      vertex 5.32039 2.78926 30.2006
    endloop
  endfacet
  facet normal 0.0167753 0.999859 -0
    outer loop
      vertex 0.00499964 2.70008 5.5
      vertex -5.31039 2.78926 30.2006
      vertex 0.00499964 2.70008 30.345
    endloop
  endfacet
  facet normal 0.0167748 0.999859 -1.23009e-07
    outer loop
      vertex -6.3775 2.80716 5.5
      vertex -5.31039 2.78926 30.2006
      vertex 0.00499964 2.70008 5.5
    endloop
  endfacet
  facet normal 0.0167688 0.999859 1.35367e-07
    outer loop
      vertex -5.31039 2.78926 30.2006
      vertex -6.3775 2.80716 5.5
      vertex -5.98834 2.80063 30.1809
    endloop
  endfacet
  facet normal 0.0167774 0.999859 0
    outer loop
      vertex -5.98834 2.80063 30.1809
      vertex -6.3775 2.80716 5.5
      vertex -6.3775 2.80716 30.149
    endloop
  endfacet
  facet normal -0 0 1
    outer loop
      vertex 0 0.470208 30.3552
      vertex 0.00999928 0.299999 30.3552
      vertex 0.00999928 0.470208 30.3552
    endloop
  endfacet
  facet normal 0 0 1
    outer loop
      vertex 0.00999928 0.299999 30.3552
      vertex 0 0.470208 30.3552
      vertex 0 0.299999 30.3552
    endloop
  endfacet
  facet normal 0.0167983 -0.999859 0
    outer loop
      vertex 0.00999928 0.299999 5.5
      vertex 0.0317841 0.300365 12.3325
      vertex 0.00999928 0.299999 12.3325
    endloop
  endfacet
  facet normal 0.0167748 -0.999859 7.51084e-08
    outer loop
      vertex 0.0317841 0.300365 12.3325
      vertex 0.00999928 0.299999 5.5
      vertex 2.29713 0.338371 12.3072
    endloop
  endfacet
  facet normal 0.0167746 -0.999859 1.24743e-07
    outer loop
      vertex 2.29713 0.338371 12.3072
      vertex 0.00999928 0.299999 5.5
      vertex 2.75192 0.346001 12.2783
    endloop
  endfacet
  facet normal 0.0167664 -0.999859 -5.62176e-06
    outer loop
      vertex 3.44255 0.357587 13.7228
      vertex 3.6118 0.360427 13.3877
      vertex 3.6011 0.360247 13.4898
    endloop
  endfacet
  facet normal 0.0167746 -0.999859 7.842e-07
    outer loop
      vertex 2.1416 0.335761 13.0147
      vertex 2.57292 0.342998 14.0034
      vertex 2.00629 0.333491 13.1245
    endloop
  endfacet
  facet normal 0.0167777 -0.999859 -5.982e-07
    outer loop
      vertex 2.31311 0.338639 12.9386
      vertex 2.57292 0.342998 14.0034
      vertex 2.1416 0.335761 13.0147
    endloop
  endfacet
  facet normal 0.016775 -0.999859 3.69496e-08
    outer loop
      vertex 2.86812 0.34795 13.9398
      vertex 2.52379 0.342173 12.8929
      vertex 2.77365 0.346365 12.8777
    endloop
  endfacet
  facet normal 0.0167721 -0.999859 7.85562e-07
    outer loop
      vertex 2.52379 0.342173 12.8929
      vertex 2.57292 0.342998 14.0034
      vertex 2.31311 0.338639 12.9386
    endloop
  endfacet
  facet normal 0.0167729 -0.999859 7.49991e-07
    outer loop
      vertex 2.57292 0.342998 14.0034
      vertex 2.52379 0.342173 12.8929
      vertex 2.86812 0.34795 13.9398
    endloop
  endfacet
  facet normal 0.0167753 -0.999859 3.55034e-07
    outer loop
      vertex 2.86812 0.34795 13.9398
      vertex 3.23929 0.354177 12.9344
      vertex 3.6118 0.360427 13.3877
    endloop
  endfacet
  facet normal 0.0167745 -0.999859 8.12642e-08
    outer loop
      vertex 3.23929 0.354177 12.9344
      vertex 2.86812 0.34795 13.9398
      vertex 2.77365 0.346365 12.8777
    endloop
  endfacet
  facet normal 0.0167784 -0.999859 -2.20086e-06
    outer loop
      vertex 3.6118 0.360427 13.3877
      vertex 3.23929 0.354177 12.9344
      vertex 3.51868 0.358865 13.1044
    endloop
  endfacet
  facet normal 0.0167745 -0.999859 -1.30579e-05
    outer loop
      vertex 3.55301 0.359441 16.1125
      vertex 4.89227 0.381909 16.1544
      vertex 3.19722 0.353471 16.1867
    endloop
  endfacet
  facet normal 0.0167741 -0.999859 -6.33635e-07
    outer loop
      vertex 3.83012 0.36409 15.9889
      vertex 4.89227 0.381909 16.1544
      vertex 3.55301 0.359441 16.1125
    endloop
  endfacet
  facet normal 0.0167741 -0.999859 -8.15125e-07
    outer loop
      vertex 4.03975 0.367607 15.8084
      vertex 4.89227 0.381909 16.1544
      vertex 3.83012 0.36409 15.9889
    endloop
  endfacet
  facet normal 0.0167734 -0.999859 9.10987e-07
    outer loop
      vertex 4.19302 0.370178 15.5634
      vertex 4.89227 0.381909 16.1544
      vertex 4.03975 0.367607 15.8084
    endloop
  endfacet
  facet normal 0.0167749 -0.999859 -9.00676e-07
    outer loop
      vertex 4.28992 0.371804 15.2538
      vertex 4.89227 0.381909 16.1544
      vertex 4.19302 0.370178 15.5634
    endloop
  endfacet
  facet normal 0.0167769 -0.999859 -6.60971e-07
    outer loop
      vertex 2.32605 0.338856 14.7832
      vertex 2.34265 0.339134 15.5938
      vertex 2.23308 0.337296 14.8307
    endloop
  endfacet
  facet normal 0.0168004 -0.999859 2.18171e-05
    outer loop
      vertex 2.15668 0.336014 14.8845
      vertex 2.05391 0.33429 15.0139
      vertex 2.09685 0.33501 14.9446
    endloop
  endfacet
  facet normal 0.0167763 -0.999859 -2.19861e-07
    outer loop
      vertex 2.66724 0.34458 14.6796
      vertex 2.74652 0.34591 15.6445
      vertex 2.46198 0.341136 14.7352
    endloop
  endfacet
  facet normal 0.0167838 -0.999859 8.61454e-06
    outer loop
      vertex 2.05391 0.33429 15.0139
      vertex 2.15668 0.336014 14.8845
      vertex 2.23308 0.337296 14.8307
    endloop
  endfacet
  facet normal 0.0167708 -0.999859 -5.35689e-07
    outer loop
      vertex 2.46198 0.341136 14.7352
      vertex 2.34265 0.339134 15.5938
      vertex 2.32605 0.338856 14.7832
    endloop
  endfacet
  facet normal 0.0167753 -0.999859 9.16504e-08
    outer loop
      vertex 2.34265 0.339134 15.5938
      vertex 2.46198 0.341136 14.7352
      vertex 2.74652 0.34591 15.6445
    endloop
  endfacet
  facet normal 0.0167736 -0.999859 4.14859e-09
    outer loop
      vertex 2.9418 0.349186 14.6164
      vertex 2.74652 0.34591 15.6445
      vertex 2.66724 0.34458 14.6796
    endloop
  endfacet
  facet normal 0.0167745 -0.999859 1.8124e-07
    outer loop
      vertex 2.74652 0.34591 15.6445
      vertex 2.9418 0.349186 14.6164
      vertex 3.51413 0.358788 15.1481
    endloop
  endfacet
  facet normal 0.0167755 -0.999859 -8.50528e-07
    outer loop
      vertex 3.27408 0.354761 14.5406
      vertex 3.51413 0.358788 15.1481
      vertex 2.9418 0.349186 14.6164
    endloop
  endfacet
  facet normal 0.0167757 -0.999859 -9.52952e-07
    outer loop
      vertex 3.53674 0.359168 14.4687
      vertex 3.51413 0.358788 15.1481
      vertex 3.27408 0.354761 14.5406
    endloop
  endfacet
  facet normal 0.0167719 -0.999859 -1.08171e-06
    outer loop
      vertex 3.72977 0.362406 14.4008
      vertex 3.51413 0.358788 15.1481
      vertex 3.53674 0.359168 14.4687
    endloop
  endfacet
  facet normal 0.0167754 -0.999859 -6.30242e-08
    outer loop
      vertex 3.51413 0.358788 15.1481
      vertex 3.72977 0.362406 14.4008
      vertex 4.28992 0.371804 15.2538
    endloop
  endfacet
  facet normal 0.0167744 -0.999859 5.89361e-07
    outer loop
      vertex 3.877 0.364876 14.3311
      vertex 4.28992 0.371804 15.2538
      vertex 3.72977 0.362406 14.4008
    endloop
  endfacet
  facet normal 0.016775 -0.999859 3.29434e-07
    outer loop
      vertex 4.00223 0.366977 14.2543
      vertex 4.28992 0.371804 15.2538
      vertex 3.877 0.364876 14.3311
    endloop
  endfacet
  facet normal 0.0167784 -0.999859 -6.62709e-07
    outer loop
      vertex 4.10544 0.368709 14.1702
      vertex 4.28992 0.371804 15.2538
      vertex 4.00223 0.366977 14.2543
    endloop
  endfacet
  facet normal 0.0167742 -0.999859 5.96241e-08
    outer loop
      vertex 4.19044 0.370135 14.0768
      vertex 4.28992 0.371804 15.2538
      vertex 4.10544 0.368709 14.1702
    endloop
  endfacet
  facet normal 0.0167669 -0.999859 6.75075e-07
    outer loop
      vertex 4.26099 0.371318 13.9719
      vertex 4.28992 0.371804 15.2538
      vertex 4.19044 0.370135 14.0768
    endloop
  endfacet
  facet normal 0.0167838 -0.999859 2.92791e-07
    outer loop
      vertex 4.31705 0.372259 13.8555
      vertex 4.28992 0.371804 15.2538
      vertex 4.26099 0.371318 13.9719
    endloop
  endfacet
  facet normal 0.0167735 -0.999859 9.1599e-08
    outer loop
      vertex 4.28992 0.371804 15.2538
      vertex 4.31705 0.372259 13.8555
      vertex 4.89227 0.381909 16.1544
    endloop
  endfacet
  facet normal 0.0167676 -0.999859 1.56594e-06
    outer loop
      vertex 4.35773 0.372941 13.7273
      vertex 4.89227 0.381909 16.1544
      vertex 4.31705 0.372259 13.8555
    endloop
  endfacet
  facet normal 0.0167832 -0.999859 -1.87858e-06
    outer loop
      vertex 4.38214 0.373351 13.5867
      vertex 4.89227 0.381909 16.1544
      vertex 4.35773 0.372941 13.7273
    endloop
  endfacet
  facet normal 0.0167687 -0.999859 -2.06693e-06
    outer loop
      vertex 4.89227 0.381909 12.3325
      vertex 4.38214 0.373351 13.5867
      vertex 4.39029 0.373488 13.4338
    endloop
  endfacet
  facet normal 0.0167771 -0.999859 1.77935e-06
    outer loop
      vertex 4.89227 0.381909 12.3325
      vertex 4.39029 0.373488 13.4338
      vertex 4.34402 0.372711 13.0889
    endloop
  endfacet
  facet normal 0.0167738 -0.999859 0
    outer loop
      vertex 4.38214 0.373351 13.5867
      vertex 4.89227 0.381909 12.3325
      vertex 4.89227 0.381909 16.1544
    endloop
  endfacet
  facet normal 0.0167728 -0.999859 -1.36065e-06
    outer loop
      vertex 4.20522 0.370383 12.8027
      vertex 4.89227 0.381909 12.3325
      vertex 4.34402 0.372711 13.0889
    endloop
  endfacet
  facet normal 0.0167755 -0.999859 2.65333e-06
    outer loop
      vertex 3.97388 0.366501 12.5753
      vertex 4.89227 0.381909 12.3325
      vertex 4.20522 0.370383 12.8027
    endloop
  endfacet
  facet normal 0.0167743 -0.999859 -1.82854e-06
    outer loop
      vertex 3.65306 0.361119 12.4103
      vertex 4.89227 0.381909 12.3325
      vertex 3.97388 0.366501 12.5753
    endloop
  endfacet
  facet normal 0.0167747 -0.999859 -8.81914e-08
    outer loop
      vertex 6.3975 0.407163 5.5
      vertex 4.89227 0.381909 12.3325
      vertex 3.24574 0.354285 12.3113
    endloop
  endfacet
  facet normal 0.0167747 -0.999859 3.74589e-06
    outer loop
      vertex 3.24574 0.354285 12.3113
      vertex 4.89227 0.381909 12.3325
      vertex 3.65306 0.361119 12.4103
    endloop
  endfacet
  facet normal 0.0167748 -0.999859 -2.68441e-08
    outer loop
      vertex 0.00999928 0.299999 30.3552
      vertex 2.76277 0.346183 16.2114
      vertex 6.3975 0.407163 30.1696
    endloop
  endfacet
  facet normal 0.0167754 -0.999859 8.94273e-08
    outer loop
      vertex 0.00999928 0.299999 30.3552
      vertex 2.30663 0.33853 16.1808
      vertex 2.76277 0.346183 16.2114
    endloop
  endfacet
  facet normal 0.016775 -0.999859 -2.8141e-08
    outer loop
      vertex 1.01913 0.31693 16.1544
      vertex 0.00999928 0.299999 30.3552
      vertex 0.208099 0.303323 16.1544
    endloop
  endfacet
  facet normal 0.0167771 -0.999859 0
    outer loop
      vertex 0.208099 0.303323 16.1544
      vertex 0.00999928 0.299999 30.3552
      vertex 0.00999928 0.299999 15.2408
    endloop
  endfacet
  facet normal 0.0167729 -0.999859 4.62853e-07
    outer loop
      vertex 3.19722 0.353471 16.1867
      vertex 6.3975 0.407163 30.1696
      vertex 2.76277 0.346183 16.2114
    endloop
  endfacet
  facet normal 0.0167747 -0.999859 4.46044e-08
    outer loop
      vertex 4.89227 0.381909 16.1544
      vertex 6.3975 0.407163 30.1696
      vertex 3.19722 0.353471 16.1867
    endloop
  endfacet
  facet normal 0.0167747 -0.999859 4.79693e-08
    outer loop
      vertex 5.69247 0.395334 16.1544
      vertex 6.3975 0.407163 30.1696
      vertex 4.89227 0.381909 16.1544
    endloop
  endfacet
  facet normal 0.0167756 -0.999859 0
    outer loop
      vertex 6.3975 0.407163 14.6327
      vertex 5.69247 0.395334 16.1544
      vertex 5.69247 0.395334 14.6327
    endloop
  endfacet
  facet normal 0.0167756 -0.999859 0
    outer loop
      vertex 5.69247 0.395334 16.1544
      vertex 6.3975 0.407163 14.6327
      vertex 6.3975 0.407163 30.1696
    endloop
  endfacet
  facet normal 0.0167743 -0.999859 -7.85763e-08
    outer loop
      vertex 0.00999928 0.299999 30.3552
      vertex 1.01913 0.31693 16.1544
      vertex 2.30663 0.33853 16.1808
    endloop
  endfacet
  facet normal 0.0167743 -0.999859 1.56593e-06
    outer loop
      vertex 1.01913 0.31693 16.1544
      vertex 1.92915 0.332197 16.089
      vertex 2.30663 0.33853 16.1808
    endloop
  endfacet
  facet normal 0.0167741 -0.999859 -9.74625e-07
    outer loop
      vertex 1.01913 0.31693 16.1544
      vertex 1.63033 0.327184 15.9361
      vertex 1.92915 0.332197 16.089
    endloop
  endfacet
  facet normal 0.0167745 -0.999859 3.46688e-08
    outer loop
      vertex 1.01913 0.31693 16.1544
      vertex 1.41408 0.323556 15.7255
      vertex 1.63033 0.327184 15.9361
    endloop
  endfacet
  facet normal 0.016775 -0.999859 5.16249e-07
    outer loop
      vertex 1.01913 0.31693 16.1544
      vertex 1.28433 0.321379 15.4611
      vertex 1.41408 0.323556 15.7255
    endloop
  endfacet
  facet normal 0.0167773 -0.999859 1.40203e-06
    outer loop
      vertex 1.01913 0.31693 16.1544
      vertex 1.24109 0.320653 15.1427
      vertex 1.28433 0.321379 15.4611
    endloop
  endfacet
  facet normal 0.0167472 -0.99986 -5.2068e-06
    outer loop
      vertex 1.01913 0.31693 16.1544
      vertex 1.24696 0.320752 15.0121
      vertex 1.24109 0.320653 15.1427
    endloop
  endfacet
  facet normal 0.0167742 -0.999859 1.84064e-07
    outer loop
      vertex 0.0317841 0.300365 12.3325
      vertex 1.24696 0.320752 15.0121
      vertex 1.01913 0.31693 16.1544
    endloop
  endfacet
  facet normal 0.0167728 -0.999859 2.6441e-06
    outer loop
      vertex 1.90413 0.331777 13.2715
      vertex 2.57292 0.342998 14.0034
      vertex 1.83513 0.33062 13.4555
    endloop
  endfacet
  facet normal 0.0167755 -0.999859 1.80813e-07
    outer loop
      vertex 2.00629 0.333491 13.1245
      vertex 2.57292 0.342998 14.0034
      vertex 1.90413 0.331777 13.2715
    endloop
  endfacet
  facet normal 0.0167771 -0.999859 -3.15927e-06
    outer loop
      vertex 1.83513 0.33062 13.4555
      vertex 2.57292 0.342998 14.0034
      vertex 2.31613 0.338689 14.066
    endloop
  endfacet
  facet normal 0.0167732 -0.999859 -2.5081e-06
    outer loop
      vertex 2.86812 0.34795 13.9398
      vertex 3.6118 0.360427 13.3877
      vertex 3.09189 0.351704 13.8828
    endloop
  endfacet
  facet normal 0.0167718 -0.999859 1.01702e-06
    outer loop
      vertex 1.83513 0.33062 13.4555
      vertex 2.31613 0.338689 14.066
      vertex 2.11719 0.335352 14.1198
    endloop
  endfacet
  facet normal 0.0167727 -0.999859 -2.96862e-06
    outer loop
      vertex 3.6118 0.360427 13.3877
      vertex 3.24425 0.35426 13.8325
      vertex 3.09189 0.351704 13.8828
    endloop
  endfacet
  facet normal 0.0167877 -0.999859 9.40472e-06
    outer loop
      vertex 3.6118 0.360427 13.3877
      vertex 3.35214 0.356071 13.7816
      vertex 3.24425 0.35426 13.8325
    endloop
  endfacet
  facet normal 0.0167763 -0.999859 -8.71825e-07
    outer loop
      vertex 1.83513 0.33062 13.4555
      vertex 2.11719 0.335352 14.1198
      vertex 1.97612 0.332985 14.1648
    endloop
  endfacet
  facet normal 0.0167599 -0.99986 -8.91517e-06
    outer loop
      vertex 3.6118 0.360427 13.3877
      vertex 3.44255 0.357587 13.7228
      vertex 3.35214 0.356071 13.7816
    endloop
  endfacet
  facet normal 0.0167849 -0.999859 6.96031e-06
    outer loop
      vertex 3.44255 0.357587 13.7228
      vertex 3.6011 0.360247 13.4898
      vertex 3.51549 0.358811 13.6562
    endloop
  endfacet
  facet normal 0.0167733 -0.999859 -2.76372e-07
    outer loop
      vertex 1.83513 0.33062 13.4555
      vertex 1.97612 0.332985 14.1648
      vertex 1.86763 0.331165 14.2079
    endloop
  endfacet
  facet normal 0.0168027 -0.999859 1.61225e-05
    outer loop
      vertex 3.51549 0.358811 13.6562
      vertex 3.6011 0.360247 13.4898
      vertex 3.569 0.359709 13.5793
    endloop
  endfacet
  facet normal 0.0167744 -0.999859 -3.2599e-07
    outer loop
      vertex 1.76636 0.329466 14.2558
      vertex 1.83513 0.33062 13.4555
      vertex 1.86763 0.331165 14.2079
    endloop
  endfacet
  facet normal 0.0167777 -0.999859 -4.32682e-08
    outer loop
      vertex 1.67232 0.327888 14.3085
      vertex 1.83513 0.33062 13.4555
      vertex 1.76636 0.329466 14.2558
    endloop
  endfacet
  facet normal 0.0167764 -0.999859 -7.33269e-07
    outer loop
      vertex 1.06204 0.317649 13.328
      vertex 1.67232 0.327888 14.3085
      vertex 1.58644 0.326447 14.3675
    endloop
  endfacet
  facet normal 0.0167704 -0.999859 2.2895e-06
    outer loop
      vertex 1.06204 0.317649 13.328
      vertex 1.58644 0.326447 14.3675
      vertex 1.50958 0.325158 14.4339
    endloop
  endfacet
  facet normal 0.0167769 -0.999859 -3.71202e-07
    outer loop
      vertex 1.06204 0.317649 13.328
      vertex 1.50958 0.325158 14.4339
      vertex 1.44176 0.32402 14.5079
    endloop
  endfacet
  facet normal 0.0167715 -0.999859 1.38968e-06
    outer loop
      vertex 1.06204 0.317649 13.328
      vertex 1.44176 0.32402 14.5079
      vertex 1.38315 0.323037 14.5902
    endloop
  endfacet
  facet normal 0.0167832 -0.999859 -1.58558e-06
    outer loop
      vertex 1.06204 0.317649 13.328
      vertex 1.38315 0.323037 14.5902
      vertex 1.33389 0.32221 14.6815
    endloop
  endfacet
  facet normal 0.0167758 -0.999859 -4.01838e-07
    outer loop
      vertex 1.67232 0.327888 14.3085
      vertex 1.06204 0.317649 13.328
      vertex 1.83513 0.33062 13.4555
    endloop
  endfacet
  facet normal 0.0167764 -0.999859 -2.3073e-07
    outer loop
      vertex 1.29396 0.32154 14.7819
      vertex 1.06204 0.317649 13.328
      vertex 1.33389 0.32221 14.6815
    endloop
  endfacet
  facet normal 0.016759 -0.99986 2.55094e-06
    outer loop
      vertex 1.26459 0.321048 14.8919
      vertex 1.06204 0.317649 13.328
      vertex 1.29396 0.32154 14.7819
    endloop
  endfacet
  facet normal 0.0167777 -0.999859 -1.39271e-06
    outer loop
      vertex 1.24696 0.320752 15.0121
      vertex 0.0317841 0.300365 12.3325
      vertex 1.26459 0.321048 14.8919
    endloop
  endfacet
  facet normal 0.0167734 -0.999859 6.84934e-07
    outer loop
      vertex 1.26459 0.321048 14.8919
      vertex 0.0317841 0.300365 12.3325
      vertex 1.06204 0.317649 13.328
    endloop
  endfacet
  facet normal 0.0167758 -0.999859 -1.84071e-06
    outer loop
      vertex 0.0317841 0.300365 12.3325
      vertex 1.17477 0.319541 13.0052
      vertex 1.06204 0.317649 13.328
    endloop
  endfacet
  facet normal 0.016774 -0.999859 1.18912e-06
    outer loop
      vertex 0.0317841 0.300365 12.3325
      vertex 1.35379 0.322544 12.7421
      vertex 1.17477 0.319541 13.0052
    endloop
  endfacet
  facet normal 0.0167746 -0.999859 -5.47361e-07
    outer loop
      vertex 0.0317841 0.300365 12.3325
      vertex 1.59912 0.32666 12.5387
      vertex 1.35379 0.322544 12.7421
    endloop
  endfacet
  facet normal 0.0167747 -0.999859 -1.37182e-06
    outer loop
      vertex 0.0317841 0.300365 12.3325
      vertex 1.91287 0.331924 12.394
      vertex 1.59912 0.32666 12.5387
    endloop
  endfacet
  facet normal 0.0167747 -0.999859 -2.6718e-06
    outer loop
      vertex 1.91287 0.331924 12.394
      vertex 0.0317841 0.300365 12.3325
      vertex 2.29713 0.338371 12.3072
    endloop
  endfacet
  facet normal 0.0167756 -0.999859 0
    outer loop
      vertex 5.69247 0.395334 12.3325
      vertex 6.3975 0.407163 13.9709
      vertex 5.69247 0.395334 13.9709
    endloop
  endfacet
  facet normal 0.016773 -0.999859 -8.74877e-07
    outer loop
      vertex 6.3975 0.407163 5.5
      vertex 3.24574 0.354285 12.3113
      vertex 2.75192 0.346001 12.2783
    endloop
  endfacet
  facet normal 0.0167748 -0.999859 6.04142e-08
    outer loop
      vertex 6.3975 0.407163 5.5
      vertex 2.75192 0.346001 12.2783
      vertex 0.00999928 0.299999 5.5
    endloop
  endfacet
  facet normal 0.0167756 -0.999859 0
    outer loop
      vertex 5.69247 0.395334 12.3325
      vertex 6.3975 0.407163 5.5
      vertex 6.3975 0.407163 13.9709
    endloop
  endfacet
  facet normal 0.0167747 -0.999859 -9.83973e-08
    outer loop
      vertex 4.89227 0.381909 12.3325
      vertex 6.3975 0.407163 5.5
      vertex 5.69247 0.395334 12.3325
    endloop
  endfacet
  facet normal 0.0167784 -0.999859 3.35678e-06
    outer loop
      vertex 2.23308 0.337296 14.8307
      vertex 2.02815 0.333858 15.0953
      vertex 2.05391 0.33429 15.0139
    endloop
  endfacet
  facet normal 0.0167733 -0.999859 -1.48267e-07
    outer loop
      vertex 2.01956 0.333714 15.1888
      vertex 2.23308 0.337296 14.8307
      vertex 2.34265 0.339134 15.5938
    endloop
  endfacet
  facet normal 0.0167763 -0.999859 2.94679e-06
    outer loop
      vertex 2.74652 0.34591 15.6445
      vertex 3.51413 0.358788 15.1481
      vertex 2.95673 0.349437 15.6306
    endloop
  endfacet
  facet normal 0.0167742 -0.999859 -8.28491e-07
    outer loop
      vertex 2.01956 0.333714 15.1888
      vertex 2.34265 0.339134 15.5938
      vertex 2.10034 0.335069 15.4419
    endloop
  endfacet
  facet normal 0.0167739 -0.999859 1.8862e-07
    outer loop
      vertex 2.95673 0.349437 15.6306
      vertex 3.51413 0.358788 15.1481
      vertex 3.13168 0.352372 15.589
    endloop
  endfacet
  facet normal 0.0167761 -0.999859 2.05143e-06
    outer loop
      vertex 3.46065 0.357891 15.299
      vertex 3.13168 0.352372 15.589
      vertex 3.51413 0.358788 15.1481
    endloop
  endfacet
  facet normal 0.0167758 -0.999859 1.33212e-06
    outer loop
      vertex 2.23308 0.337296 14.8307
      vertex 2.01956 0.333714 15.1888
      vertex 2.02815 0.333858 15.0953
    endloop
  endfacet
  facet normal 0.0167684 -0.999859 -6.61752e-06
    outer loop
      vertex 3.13168 0.352372 15.589
      vertex 3.46065 0.357891 15.299
      vertex 3.27136 0.354715 15.5197
    endloop
  endfacet
  facet normal 0.0167649 -0.999859 -9.63399e-06
    outer loop
      vertex 3.27136 0.354715 15.5197
      vertex 3.46065 0.357891 15.299
      vertex 3.37973 0.356533 15.4229
    endloop
  endfacet
  facet normal -0.0167688 0.999859 1.35367e-07
    outer loop
      vertex 6.3875 2.80716 5.5
      vertex 5.32039 2.78926 30.2006
      vertex 5.99834 2.80063 30.1809
    endloop
  endfacet
  facet normal -0.0167774 0.999859 0
    outer loop
      vertex 6.3875 2.80716 5.5
      vertex 5.99834 2.80063 30.1809
      vertex 6.3875 2.80716 30.149
    endloop
  endfacet
  facet normal -0.0167748 0.999859 -1.22927e-07
    outer loop
      vertex 5.32039 2.78926 30.2006
      vertex 6.3875 2.80716 5.5
      vertex 0.00499964 2.70008 5.5
    endloop
  endfacet
  facet normal -0.0167753 0.999859 0
    outer loop
      vertex 5.32039 2.78926 30.2006
      vertex 0.00499964 2.70008 5.5
      vertex 0.00499964 2.70008 30.345
    endloop
  endfacet
  facet normal 0.0291478 0 0.999575
    outer loop
      vertex 5.99282 2.80037 30.1813
      vertex 5.47499 2.79169 30.1964
      vertex 5.99282 0.557108 30.1813
    endloop
  endfacet
  facet normal 0.0288997 0 0.999582
    outer loop
      vertex 5.99282 0.557108 30.1813
      vertex 6.3975 0.407163 30.1696
      vertex 6.3975 0.590471 30.1696
    endloop
  endfacet
  facet normal 0.0291478 -0 0.999575
    outer loop
      vertex 5.47499 0.549101 30.1964
      vertex 5.99282 0.557108 30.1813
      vertex 5.47499 2.79169 30.1964
    endloop
  endfacet
  facet normal 0.0291378 0.000643309 0.999575
    outer loop
      vertex 5.47499 0.549101 30.1964
      vertex 6.3975 0.407163 30.1696
      vertex 5.99282 0.557108 30.1813
    endloop
  endfacet
  facet normal 0.0290454 -0 0.999578
    outer loop
      vertex 0.00999928 0.299999 30.3552
      vertex 5.47499 0.549101 30.1964
      vertex 0.00999928 0.470208 30.3552
    endloop
  endfacet
  facet normal 0.0290439 3.26437e-05 0.999578
    outer loop
      vertex 5.47499 0.549101 30.1964
      vertex 0.00999928 0.299999 30.3552
      vertex 6.3975 0.407163 30.1696
    endloop
  endfacet
  facet normal -0.0504433 0.998727 5.55932e-07
    outer loop
      vertex 9.99182 2.98919 29.8543
      vertex 7.14703 2.84552 5.41481
      vertex 6.5 2.81284 5.5
    endloop
  endfacet
  facet normal -0.0504359 0.998727 -2.77975e-07
    outer loop
      vertex 12.775 3.12974 29.581
      vertex 7.75 2.87597 5.16505
      vertex 7.14703 2.84552 5.41481
    endloop
  endfacet
  facet normal -0.0504411 0.998727 8.04741e-07
    outer loop
      vertex 12.775 3.12974 29.581
      vertex 8.26776 2.90212 4.76776
      vertex 7.75 2.87597 5.16505
    endloop
  endfacet
  facet normal -0.0504367 0.998727 0
    outer loop
      vertex 12.775 3.12974 0.75566
      vertex 8.26776 2.90212 4.76776
      vertex 12.775 3.12974 29.581
    endloop
  endfacet
  facet normal -0.0504558 0.998726 -2.14886e-05
    outer loop
      vertex 8.26776 2.90212 4.76776
      vertex 12.775 3.12974 0.75566
      vertex 8.66505 2.92218 4.25
    endloop
  endfacet
  facet normal -0.0504231 0.998728 1.7035e-05
    outer loop
      vertex 8.66505 2.92218 4.25
      vertex 12.775 3.12974 0.75566
      vertex 8.91481 2.9348 3.64703
    endloop
  endfacet
  facet normal -0.0504385 0.998727 -3.60286e-06
    outer loop
      vertex 8.91481 2.9348 3.64703
      vertex 12.775 3.12974 0.75566
      vertex 9 2.9391 3
    endloop
  endfacet
  facet normal -0.0504364 0.998727 0
    outer loop
      vertex 9 2.9391 3
      vertex 12.775 3.12974 0.75566
      vertex 9 2.9391 1.08587
    endloop
  endfacet
  facet normal -0.0504379 0.998727 -8.21772e-08
    outer loop
      vertex 7.14703 2.84552 5.41481
      vertex 9.99182 2.98919 29.8543
      vertex 12.1745 3.09942 29.6634
    endloop
  endfacet
  facet normal -0.0504273 0.998728 -2.27145e-06
    outer loop
      vertex 7.14703 2.84552 5.41481
      vertex 12.1745 3.09942 29.6634
      vertex 12.775 3.12974 29.581
    endloop
  endfacet
  facet normal -0.050439 0.998727 -6.56456e-08
    outer loop
      vertex 9.99182 2.98919 29.8543
      vertex 6.5 2.81284 5.5
      vertex 6.3875 2.80716 30.149
    endloop
  endfacet
  facet normal -0.0504247 0.998728 0
    outer loop
      vertex 6.3875 2.80716 30.149
      vertex 6.5 2.81284 5.5
      vertex 6.3875 2.80716 5.5
    endloop
  endfacet
  facet normal -0.000235659 -0.864859 -0.502016
    outer loop
      vertex 12.775 0.729744 0.75566
      vertex 9 0.538594 1.08674
      vertex 9 0.539099 1.08587
    endloop
  endfacet
  facet normal 0 -0.866024 -0.500002
    outer loop
      vertex 9 0.538594 1.08674
      vertex 12.775 0.729744 0.75566
      vertex 12.785 0.729744 0.75566
    endloop
  endfacet
  facet normal 0.00122556 0.859841 0.510561
    outer loop
      vertex 12.1745 3.09942 29.6634
      vertex 10.1455 2.99644 29.8417
      vertex 12.1569 3.09802 29.6658
    endloop
  endfacet
  facet normal 0.0022684 0.854546 0.51937
    outer loop
      vertex 10.1455 2.99644 29.8417
      vertex 12.1745 3.09942 29.6634
      vertex 9.99182 2.98919 29.8543
    endloop
  endfacet
  facet normal 0.087119 0 0.996198
    outer loop
      vertex 12.1569 3.09802 29.6658
      vertex 10.1455 2.99644 29.8417
      vertex 12.1569 0.85407 29.6658
    endloop
  endfacet
  facet normal 0.0872319 0 0.996188
    outer loop
      vertex 12.1569 0.85407 29.6658
      vertex 12.785 0.729744 29.6108
      vertex 12.785 0.924628 29.6108
    endloop
  endfacet
  facet normal 0.087119 -0 0.996198
    outer loop
      vertex 10.1455 0.753178 29.8417
      vertex 12.1569 0.85407 29.6658
      vertex 10.1455 2.99644 29.8417
    endloop
  endfacet
  facet normal 0.0871418 -0.000458338 0.996196
    outer loop
      vertex 10.1455 0.753178 29.8417
      vertex 12.785 0.729744 29.6108
      vertex 12.1569 0.85407 29.6658
    endloop
  endfacet
  facet normal 0.0871538 -0 0.996195
    outer loop
      vertex 6.3975 0.407163 30.1696
      vertex 10.1455 0.753178 29.8417
      vertex 6.3975 0.590471 30.1696
    endloop
  endfacet
  facet normal 0.0871466 7.84608e-05 0.996195
    outer loop
      vertex 10.1455 0.753178 29.8417
      vertex 6.3975 0.407163 30.1696
      vertex 12.785 0.729744 29.6108
    endloop
  endfacet
  facet normal -0.0871401 -0 -0.996196
    outer loop
      vertex 9 2.9391 1.08587
      vertex 12.775 0.729744 0.75566
      vertex 9 0.539099 1.08587
    endloop
  endfacet
  facet normal -0.0871401 0 -0.996196
    outer loop
      vertex 12.775 0.729744 0.75566
      vertex 9 2.9391 1.08587
      vertex 12.775 3.12974 0.75566
    endloop
  endfacet
  facet normal 0.0504376 -0.998727 0
    outer loop
      vertex 6.3975 0.407163 13.9709
      vertex 7.35796 0.455668 12.3325
      vertex 7.35796 0.455668 13.9709
    endloop
  endfacet
  facet normal 0.0504333 -0.998727 6.01149e-07
    outer loop
      vertex 6.5 0.412339 5.5
      vertex 7.35796 0.455668 12.3325
      vertex 6.3975 0.407163 5.5
    endloop
  endfacet
  facet normal 0.0504376 -0.998727 0
    outer loop
      vertex 6.3975 0.407163 5.5
      vertex 7.35796 0.455668 12.3325
      vertex 6.3975 0.407163 13.9709
    endloop
  endfacet
  facet normal 0.0504368 -0.998727 -4.9152e-08
    outer loop
      vertex 8.15816 0.496079 16.1544
      vertex 6.3975 0.407163 30.1696
      vertex 7.35796 0.455668 16.1544
    endloop
  endfacet
  facet normal 0.0504376 -0.998727 0
    outer loop
      vertex 6.3975 0.407163 14.6327
      vertex 7.35796 0.455668 16.1544
      vertex 6.3975 0.407163 30.1696
    endloop
  endfacet
  facet normal 0.0504376 -0.998727 0
    outer loop
      vertex 7.35796 0.455668 16.1544
      vertex 6.3975 0.407163 14.6327
      vertex 7.35796 0.455668 14.6327
    endloop
  endfacet
  facet normal 0.0504376 -0.998727 5.09126e-08
    outer loop
      vertex 6.3975 0.407163 30.1696
      vertex 8.15816 0.496079 16.1544
      vertex 12.785 0.729744 29.6108
    endloop
  endfacet
  facet normal 0.0504378 -0.998727 0
    outer loop
      vertex 12.785 0.729744 0.75566
      vertex 8.15816 0.496079 16.1544
      vertex 8.15816 0.496079 12.3325
    endloop
  endfacet
  facet normal 0.0504388 -0.998727 -8.8018e-08
    outer loop
      vertex 7.14703 0.445016 5.41481
      vertex 7.35796 0.455668 12.3325
      vertex 6.5 0.412339 5.5
    endloop
  endfacet
  facet normal 0.0504368 -0.998727 -2.91975e-08
    outer loop
      vertex 7.35796 0.455668 12.3325
      vertex 7.14703 0.445016 5.41481
      vertex 8.15816 0.496079 12.3325
    endloop
  endfacet
  facet normal 0.0504374 -0.998727 -1.04422e-07
    outer loop
      vertex 7.75 0.475467 5.16505
      vertex 8.15816 0.496079 12.3325
      vertex 7.14703 0.445016 5.41481
    endloop
  endfacet
  facet normal 0.0504378 -0.998727 -1.28557e-07
    outer loop
      vertex 8.26776 0.501615 4.76776
      vertex 8.15816 0.496079 12.3325
      vertex 7.75 0.475467 5.16505
    endloop
  endfacet
  facet normal 0.0504377 -0.998727 -1.29738e-07
    outer loop
      vertex 8.66505 0.521679 4.25
      vertex 8.15816 0.496079 12.3325
      vertex 8.26776 0.501615 4.76776
    endloop
  endfacet
  facet normal 0.0504374 -0.998727 -1.47367e-07
    outer loop
      vertex 8.15816 0.496079 12.3325
      vertex 8.66505 0.521679 4.25
      vertex 12.785 0.729744 0.75566
    endloop
  endfacet
  facet normal 0.0504383 -0.998727 8.58406e-07
    outer loop
      vertex 12.785 0.729744 0.75566
      vertex 8.66505 0.521679 4.25
      vertex 8.91481 0.534292 3.64703
    endloop
  endfacet
  facet normal 0.050438 -0.998727 4.41679e-07
    outer loop
      vertex 12.785 0.729744 0.75566
      vertex 8.91481 0.534292 3.64703
      vertex 9 0.538594 3
    endloop
  endfacet
  facet normal 0.0504377 -0.998727 0
    outer loop
      vertex 12.785 0.729744 0.75566
      vertex 9 0.538594 3
      vertex 9 0.538594 1.08674
    endloop
  endfacet
  facet normal 0.0504378 -0.998727 0
    outer loop
      vertex 8.15816 0.496079 16.1544
      vertex 12.785 0.729744 0.75566
      vertex 12.785 0.729744 29.6108
    endloop
  endfacet
  facet normal -0.0844474 0.996428 1.89276e-07
    outer loop
      vertex 12.775 3.12974 0.75566
      vertex 15.8573 3.39096 29.1584
      vertex 18.3511 3.60231 28.7923
    endloop
  endfacet
  facet normal -0.0844518 0.996428 1.05857e-06
    outer loop
      vertex 12.775 3.12974 0.75566
      vertex 18.3511 3.60231 28.7923
      vertex 19.1625 3.67108 28.6351
    endloop
  endfacet
  facet normal -0.0844457 0.996428 0
    outer loop
      vertex 15.8573 3.39096 29.1584
      vertex 12.775 3.12974 0.75566
      vertex 12.775 3.12974 29.581
    endloop
  endfacet
  facet normal -0.0844472 0.996428 0
    outer loop
      vertex 12.775 3.12974 0.75566
      vertex 19.1625 3.67108 28.6351
      vertex 19.1625 3.67108 -0.181955
    endloop
  endfacet
  facet normal 0.145233 0 0.989398
    outer loop
      vertex 18.3198 3.59882 28.7984
      vertex 16.009 3.40298 29.1376
      vertex 18.3198 1.35416 28.7984
    endloop
  endfacet
  facet normal 0.14527 0 0.989392
    outer loop
      vertex 18.3198 1.35416 28.7984
      vertex 19.1725 1.27108 28.6732
      vertex 19.1725 1.47626 28.6732
    endloop
  endfacet
  facet normal 0.145233 -0 0.989398
    outer loop
      vertex 16.009 1.15902 29.1376
      vertex 18.3198 1.35416 28.7984
      vertex 16.009 3.40298 29.1376
    endloop
  endfacet
  facet normal 0.14525 -0.000210702 0.989395
    outer loop
      vertex 16.009 1.15902 29.1376
      vertex 19.1725 1.27108 28.6732
      vertex 18.3198 1.35416 28.7984
    endloop
  endfacet
  facet normal 0.145218 -0 0.9894
    outer loop
      vertex 12.785 0.729744 29.6108
      vertex 16.009 1.15902 29.1376
      vertex 12.785 0.924628 29.6108
    endloop
  endfacet
  facet normal 0.145252 -0.000255505 0.989395
    outer loop
      vertex 16.009 1.15902 29.1376
      vertex 12.785 0.729744 29.6108
      vertex 19.1725 1.27108 28.6732
    endloop
  endfacet
  facet normal 0 -0.866024 -0.500003
    outer loop
      vertex 19.1625 1.27108 -0.181955
      vertex 12.785 0.729744 0.75566
      vertex 12.775 0.729744 0.75566
    endloop
  endfacet
  facet normal 0 -0.866024 -0.500003
    outer loop
      vertex 12.785 0.729744 0.75566
      vertex 19.1625 1.27108 -0.181955
      vertex 19.1725 1.27108 -0.181955
    endloop
  endfacet
  facet normal -0.00271704 0.873923 0.486057
    outer loop
      vertex 18.3511 3.60231 28.7923
      vertex 16.009 3.40298 29.1376
      vertex 18.3198 3.59882 28.7984
    endloop
  endfacet
  facet normal -0.00105301 0.869132 0.494578
    outer loop
      vertex 16.009 3.40298 29.1376
      vertex 18.3511 3.60231 28.7923
      vertex 15.8573 3.39096 29.1584
    endloop
  endfacet
  facet normal -0.145233 -0 -0.989398
    outer loop
      vertex 12.775 3.12974 0.75566
      vertex 19.1625 1.27108 -0.181955
      vertex 12.775 0.729744 0.75566
    endloop
  endfacet
  facet normal -0.145233 0 -0.989398
    outer loop
      vertex 19.1625 1.27108 -0.181955
      vertex 12.775 3.12974 0.75566
      vertex 19.1625 3.67108 -0.181955
    endloop
  endfacet
  facet normal 0.0844466 -0.996428 0
    outer loop
      vertex 12.785 0.729744 0.75566
      vertex 19.1725 1.27108 28.6732
      vertex 12.785 0.729744 29.6108
    endloop
  endfacet
  facet normal 0.0844466 -0.996428 0
    outer loop
      vertex 19.1725 1.27108 28.6732
      vertex 12.785 0.729744 0.75566
      vertex 19.1725 1.27108 -0.181955
    endloop
  endfacet
  facet normal -0.203328 -0 -0.979111
    outer loop
      vertex 19.1625 3.67108 -0.181955
      vertex 25.55 2.03691 -1.50842
      vertex 19.1625 1.27108 -0.181955
    endloop
  endfacet
  facet normal -0.203328 0 -0.979111
    outer loop
      vertex 25.55 2.03691 -1.50842
      vertex 19.1625 3.67108 -0.181955
      vertex 25.55 4.43691 -1.50842
    endloop
  endfacet
  facet normal 0 -0.866027 -0.499998
    outer loop
      vertex 25.55 2.03691 -1.50842
      vertex 19.1725 1.27108 -0.181955
      vertex 19.1625 1.27108 -0.181955
    endloop
  endfacet
  facet normal 0 -0.866027 -0.499998
    outer loop
      vertex 19.1725 1.27108 -0.181955
      vertex 25.55 2.03691 -1.50842
      vertex 25.56 2.03691 -1.50842
    endloop
  endfacet
  facet normal -0.119041 0.992889 -3.51015e-07
    outer loop
      vertex 19.1625 3.67108 -0.181955
      vertex 21.8935 3.99852 28.1061
      vertex 24.5285 4.31444 27.5589
    endloop
  endfacet
  facet normal -0.11904 0.992889 -6.08705e-07
    outer loop
      vertex 19.1625 3.67108 -0.181955
      vertex 24.5285 4.31444 27.5589
      vertex 25.55 4.43691 27.3013
    endloop
  endfacet
  facet normal -0.119045 0.992889 0
    outer loop
      vertex 21.8935 3.99852 28.1061
      vertex 19.1625 3.67108 -0.181955
      vertex 19.1625 3.67108 28.6351
    endloop
  endfacet
  facet normal -0.119043 0.992889 0
    outer loop
      vertex 19.1625 3.67108 -0.181955
      vertex 25.55 4.43691 27.3013
      vertex 25.55 4.43691 -1.50842
    endloop
  endfacet
  facet normal 0.203344 0 0.979107
    outer loop
      vertex 24.4818 4.30764 27.5706
      vertex 22.0425 4.01518 28.0772
      vertex 24.4818 2.06226 27.5706
    endloop
  endfacet
  facet normal 0.203323 0 0.979112
    outer loop
      vertex 24.4818 2.06226 27.5706
      vertex 25.56 2.03691 27.3467
      vertex 25.56 2.25131 27.3467
    endloop
  endfacet
  facet normal 0.203344 -0 0.979107
    outer loop
      vertex 22.0425 1.77052 28.0772
      vertex 24.4818 2.06226 27.5706
      vertex 22.0425 4.01518 28.0772
    endloop
  endfacet
  facet normal 0.203327 0.000147885 0.979111
    outer loop
      vertex 22.0425 1.77052 28.0772
      vertex 25.56 2.03691 27.3467
      vertex 24.4818 2.06226 27.5706
    endloop
  endfacet
  facet normal 0.203339 -6.92906e-05 0.979108
    outer loop
      vertex 19.1725 1.27108 28.6732
      vertex 22.0425 1.77052 28.0772
      vertex 20.2382 1.58553 28.4519
    endloop
  endfacet
  facet normal 0.203319 -0 0.979112
    outer loop
      vertex 19.1725 1.27108 28.6732
      vertex 20.2382 1.58553 28.4519
      vertex 19.1725 1.47626 28.6732
    endloop
  endfacet
  facet normal 0.203345 -0.00010361 0.979107
    outer loop
      vertex 22.0425 1.77052 28.0772
      vertex 19.1725 1.27108 28.6732
      vertex 25.56 2.03691 27.3467
    endloop
  endfacet
  facet normal 0.119043 -0.992889 0
    outer loop
      vertex 19.1725 1.27108 -0.181955
      vertex 25.56 2.03691 27.3467
      vertex 19.1725 1.27108 28.6732
    endloop
  endfacet
  facet normal 0.119043 -0.992889 0
    outer loop
      vertex 25.56 2.03691 27.3467
      vertex 19.1725 1.27108 -0.181955
      vertex 25.56 2.03691 -1.50842
    endloop
  endfacet
  facet normal 0.00405718 0.857455 0.514544
    outer loop
      vertex 24.5285 4.31444 27.5589
      vertex 22.0425 4.01518 28.0772
      vertex 24.4818 4.30764 27.5706
    endloop
  endfacet
  facet normal 0.00219878 0.861406 0.507912
    outer loop
      vertex 22.0425 4.01518 28.0772
      vertex 24.5285 4.31444 27.5589
      vertex 21.8935 3.99852 28.1061
    endloop
  endfacet
  facet normal 0.154495 -0.987994 -1.32102e-07
    outer loop
      vertex 29.9353 2.72109 4.0894
      vertex 31.9475 3.03574 25.6167
      vertex 25.56 2.03691 27.3467
    endloop
  endfacet
  facet normal 0.154489 -0.987994 4.38496e-07
    outer loop
      vertex 31.9475 3.03574 25.6167
      vertex 29.9353 2.72109 4.0894
      vertex 31.1 2.90321 4.24273
    endloop
  endfacet
  facet normal 0.154494 -0.987994 -3.04698e-07
    outer loop
      vertex 25.56 2.03691 27.3467
      vertex 28.85 2.55138 3.63984
      vertex 29.9353 2.72109 4.0894
    endloop
  endfacet
  facet normal 0.154496 -0.987993 -5.81944e-08
    outer loop
      vertex 25.56 2.03691 27.3467
      vertex 27.918 2.40564 2.92471
      vertex 28.85 2.55138 3.63984
    endloop
  endfacet
  facet normal 0.154493 -0.987994 -3.64962e-07
    outer loop
      vertex 25.56 2.03691 27.3467
      vertex 27.2029 2.29382 1.99273
      vertex 27.918 2.40564 2.92471
    endloop
  endfacet
  facet normal 0.154486 -0.987995 -8.14396e-07
    outer loop
      vertex 25.56 2.03691 27.3467
      vertex 26.7533 2.22352 0.907405
      vertex 27.2029 2.29382 1.99273
    endloop
  endfacet
  facet normal 0.154504 -0.987992 0
    outer loop
      vertex 25.56 2.03691 -1.50842
      vertex 26.7533 2.22352 0.907405
      vertex 25.56 2.03691 27.3467
    endloop
  endfacet
  facet normal 0.154488 -0.987995 7.77346e-06
    outer loop
      vertex 26.7533 2.22352 0.907405
      vertex 25.56 2.03691 -1.50842
      vertex 26.6 2.19954 -0.257267
    endloop
  endfacet
  facet normal 0.154497 -0.987993 0
    outer loop
      vertex 26.6 2.19954 -0.257267
      vertex 25.56 2.03691 -1.50842
      vertex 26.6 2.19954 -1.7901
    endloop
  endfacet
  facet normal 0.1545 -0.987993 0
    outer loop
      vertex 31.9475 3.03574 25.6167
      vertex 31.1 2.90321 4.24273
      vertex 31.9475 3.03574 4.24273
    endloop
  endfacet
  facet normal -0.261428 -0 -0.965223
    outer loop
      vertex 25.55 4.43691 -1.50842
      vertex 26.6 2.2011 -1.79281
      vertex 25.55 2.03691 -1.50842
    endloop
  endfacet
  facet normal -0.261428 0 -0.965223
    outer loop
      vertex 26.6 2.2011 -1.79281
      vertex 25.55 4.43691 -1.50842
      vertex 26.6 4.6011 -1.79281
    endloop
  endfacet
  facet normal -0.154492 0.987994 7.06784e-07
    outer loop
      vertex 29.9353 5.12266 4.0894
      vertex 27.987 4.81799 26.6867
      vertex 30.7071 5.24333 25.95
    endloop
  endfacet
  facet normal -0.154502 0.987992 1.07792e-06
    outer loop
      vertex 29.9353 5.12266 4.0894
      vertex 30.7071 5.24333 25.95
      vertex 31.9375 5.43574 25.5646
    endloop
  endfacet
  facet normal -0.154493 0.987994 0
    outer loop
      vertex 31.1 5.30478 4.24273
      vertex 31.9375 5.43574 25.5646
      vertex 31.9375 5.43574 4.24273
    endloop
  endfacet
  facet normal -0.154489 0.987994 -1.44449e-07
    outer loop
      vertex 29.9353 5.12266 4.0894
      vertex 31.9375 5.43574 25.5646
      vertex 31.1 5.30478 4.24273
    endloop
  endfacet
  facet normal -0.154503 0.987992 -2.77136e-07
    outer loop
      vertex 28.85 4.95294 3.63984
      vertex 27.987 4.81799 26.6867
      vertex 29.9353 5.12266 4.0894
    endloop
  endfacet
  facet normal -0.154495 0.987994 1.9712e-08
    outer loop
      vertex 27.987 4.81799 26.6867
      vertex 28.85 4.95294 3.63984
      vertex 25.55 4.43691 27.3013
    endloop
  endfacet
  facet normal -0.154486 0.987995 1.25298e-06
    outer loop
      vertex 27.918 4.80721 2.92471
      vertex 25.55 4.43691 27.3013
      vertex 28.85 4.95294 3.63984
    endloop
  endfacet
  facet normal -0.154505 0.987992 -5.99175e-07
    outer loop
      vertex 27.2029 4.69538 1.99273
      vertex 25.55 4.43691 27.3013
      vertex 27.918 4.80721 2.92471
    endloop
  endfacet
  facet normal -0.154486 0.987995 6.93182e-07
    outer loop
      vertex 26.7533 4.62508 0.907405
      vertex 25.55 4.43691 27.3013
      vertex 27.2029 4.69538 1.99273
    endloop
  endfacet
  facet normal -0.154484 0.987995 -8.3104e-06
    outer loop
      vertex 25.55 4.43691 -1.50842
      vertex 26.7533 4.62508 0.907405
      vertex 26.6 4.6011 -0.257267
    endloop
  endfacet
  facet normal -0.154501 0.987993 0
    outer loop
      vertex 26.7533 4.62508 0.907405
      vertex 25.55 4.43691 -1.50842
      vertex 25.55 4.43691 27.3013
    endloop
  endfacet
  facet normal -0.154494 0.987994 0
    outer loop
      vertex 25.55 4.43691 -1.50842
      vertex 26.6 4.6011 -0.257267
      vertex 26.6 4.6011 -1.79281
    endloop
  endfacet
  facet normal 0 -0.866029 -0.499994
    outer loop
      vertex 26.6 2.2011 -1.79281
      vertex 25.56 2.03691 -1.50842
      vertex 25.55 2.03691 -1.50842
    endloop
  endfacet
  facet normal 0.000401752 -0.866664 -0.498892
    outer loop
      vertex 25.56 2.03691 -1.50842
      vertex 26.6 2.2011 -1.79281
      vertex 26.6 2.19954 -1.7901
    endloop
  endfacet
  facet normal 0.261429 0 0.965223
    outer loop
      vertex 30.6431 5.23177 25.97
      vertex 28.1321 4.83913 26.6501
      vertex 30.6431 2.98562 25.97
    endloop
  endfacet
  facet normal 0.261433 0 0.965222
    outer loop
      vertex 30.6431 2.98562 25.97
      vertex 31.9475 3.03574 25.6167
      vertex 31.9475 3.25838 25.6167
    endloop
  endfacet
  facet normal 0.261429 -0 0.965223
    outer loop
      vertex 28.1321 2.59374 26.6501
      vertex 30.6431 2.98562 25.97
      vertex 28.1321 4.83913 26.6501
    endloop
  endfacet
  facet normal 0.261434 -3.47194e-05 0.965221
    outer loop
      vertex 28.1321 2.59374 26.6501
      vertex 31.9475 3.03574 25.6167
      vertex 30.6431 2.98562 25.97
    endloop
  endfacet
  facet normal 0.261531 -0.000591636 0.965195
    outer loop
      vertex 25.56 2.03691 27.3467
      vertex 28.1321 2.59374 26.6501
      vertex 27.6891 2.53475 26.7701
    endloop
  endfacet
  facet normal 0.261402 -0 0.96523
    outer loop
      vertex 25.56 2.03691 27.3467
      vertex 27.6891 2.53475 26.7701
      vertex 25.56 2.25131 27.3467
    endloop
  endfacet
  facet normal 0.261451 -0.000195944 0.965217
    outer loop
      vertex 28.1321 2.59374 26.6501
      vertex 25.56 2.03691 27.3467
      vertex 31.9475 3.03574 25.6167
    endloop
  endfacet
  facet normal 0.00118203 0.864138 0.503254
    outer loop
      vertex 30.7071 5.24333 25.95
      vertex 28.1321 4.83913 26.6501
      vertex 30.6431 5.23177 25.97
    endloop
  endfacet
  facet normal -0.000755507 0.867227 0.497912
    outer loop
      vertex 28.1321 4.83913 26.6501
      vertex 30.7071 5.24333 25.95
      vertex 27.987 4.81799 26.6867
    endloop
  endfacet
  facet normal 0.191096 -0.981571 0
    outer loop
      vertex 31.9475 3.03574 4.24273
      vertex 38.335 4.27928 23.4628
      vertex 31.9475 3.03574 25.6167
    endloop
  endfacet
  facet normal 0.191095 -0.981572 2.10307e-07
    outer loop
      vertex 36.1 3.84416 4.24273
      vertex 38.335 4.27928 23.4628
      vertex 31.9475 3.03574 4.24273
    endloop
  endfacet
  facet normal 0.191097 -0.981571 -8.57697e-08
    outer loop
      vertex 37.2647 4.07091 4.0894
      vertex 38.335 4.27928 23.4628
      vertex 36.1 3.84416 4.24273
    endloop
  endfacet
  facet normal 0.191096 -0.981571 0
    outer loop
      vertex 38.335 4.27928 23.4628
      vertex 37.2647 4.07091 4.0894
      vertex 38.335 4.27928 3.64606
    endloop
  endfacet
  facet normal -0.191089 0.981573 -7.1905e-07
    outer loop
      vertex 38.325 6.67928 23.4048
      vertex 37.2647 6.47285 4.0894
      vertex 36.1 6.24611 4.24273
    endloop
  endfacet
  facet normal -0.191102 0.98157 0
    outer loop
      vertex 37.2647 6.47285 4.0894
      vertex 38.325 6.67928 23.4048
      vertex 38.325 6.67928 3.6502
    endloop
  endfacet
  facet normal -0.191094 0.981572 -3.71196e-07
    outer loop
      vertex 31.9375 5.43574 4.24273
      vertex 34.1068 5.85807 24.8852
      vertex 36.8875 6.39942 23.9476
    endloop
  endfacet
  facet normal -0.191097 0.981571 5.38062e-07
    outer loop
      vertex 31.9375 5.43574 4.24273
      vertex 36.8875 6.39942 23.9476
      vertex 38.325 6.67928 23.4048
    endloop
  endfacet
  facet normal -0.191096 0.981571 3.8457e-08
    outer loop
      vertex 31.9375 5.43574 4.24273
      vertex 38.325 6.67928 23.4048
      vertex 36.1 6.24611 4.24273
    endloop
  endfacet
  facet normal -0.191097 0.981571 0
    outer loop
      vertex 34.1068 5.85807 24.8852
      vertex 31.9375 5.43574 4.24273
      vertex 31.9375 5.43574 25.5646
    endloop
  endfacet
  facet normal 0.31955 0 0.947569
    outer loop
      vertex 36.8039 6.38121 23.9791
      vertex 34.2472 5.88345 24.8413
      vertex 36.8039 4.13426 23.9791
    endloop
  endfacet
  facet normal 0.319531 0 0.947576
    outer loop
      vertex 36.8039 4.13426 23.9791
      vertex 38.335 4.27928 23.4628
      vertex 38.335 4.50928 23.4628
    endloop
  endfacet
  facet normal 0.31955 -0 0.947569
    outer loop
      vertex 34.2472 3.63731 24.8413
      vertex 36.8039 4.13426 23.9791
      vertex 34.2472 5.88345 24.8413
    endloop
  endfacet
  facet normal 0.319512 0.000219123 0.947582
    outer loop
      vertex 34.2472 3.63731 24.8413
      vertex 38.335 4.27928 23.4628
      vertex 36.8039 4.13426 23.9791
    endloop
  endfacet
  facet normal 0.31954 -0.000165059 0.947573
    outer loop
      vertex 31.9475 3.03574 25.6167
      vertex 34.2472 3.63731 24.8413
      vertex 32.3118 3.31841 25.4939
    endloop
  endfacet
  facet normal 0.319425 -0 0.947611
    outer loop
      vertex 31.9475 3.03574 25.6167
      vertex 32.3118 3.31841 25.4939
      vertex 31.9475 3.25838 25.6167
    endloop
  endfacet
  facet normal 0.319605 -0.000439981 0.947551
    outer loop
      vertex 34.2472 3.63731 24.8413
      vertex 31.9475 3.03574 25.6167
      vertex 38.335 4.27928 23.4628
    endloop
  endfacet
  facet normal 0.00216644 0.863242 0.504786
    outer loop
      vertex 36.8875 6.39942 23.9476
      vertex 34.2472 5.88345 24.8413
      vertex 36.8039 6.38121 23.9791
    endloop
  endfacet
  facet normal -0.0028201 0.86961 0.493731
    outer loop
      vertex 34.2472 5.88345 24.8413
      vertex 36.8875 6.39942 23.9476
      vertex 34.1068 5.85807 24.8852
    endloop
  endfacet
  facet normal 0.229197 -0.97338 9.84999e-06
    outer loop
      vertex 39.2299 4.48998 -5.75727
      vertex 44.7225 5.78327 -7.9973
      vertex 40.6 4.81259 -5.75727
    endloop
  endfacet
  facet normal 0.229191 -0.973382 0
    outer loop
      vertex 38.335 4.27928 3.64606
      vertex 44.7225 5.78327 20.8579
      vertex 38.335 4.27928 23.4628
    endloop
  endfacet
  facet normal 0.229091 -0.973405 3.9128e-05
    outer loop
      vertex 38.35 4.28281 3.63984
      vertex 44.7225 5.78327 20.8579
      vertex 38.335 4.27928 3.64606
    endloop
  endfacet
  facet normal 0.229185 -0.973383 2.23547e-06
    outer loop
      vertex 39.282 4.50225 2.92471
      vertex 44.7225 5.78327 20.8579
      vertex 38.35 4.28281 3.63984
    endloop
  endfacet
  facet normal 0.229204 -0.973378 -3.72027e-06
    outer loop
      vertex 39.9971 4.67064 1.99273
      vertex 44.7225 5.78327 20.8579
      vertex 39.282 4.50225 2.92471
    endloop
  endfacet
  facet normal 0.229175 -0.973385 3.92333e-06
    outer loop
      vertex 40.4467 4.77649 0.907405
      vertex 44.7225 5.78327 20.8579
      vertex 39.9971 4.67064 1.99273
    endloop
  endfacet
  facet normal 0.229183 -0.973383 -4.57931e-06
    outer loop
      vertex 44.7225 5.78327 -7.9973
      vertex 40.4467 4.77649 0.907405
      vertex 40.6 4.81259 -0.257267
    endloop
  endfacet
  facet normal 0.229191 -0.973381 0
    outer loop
      vertex 44.7225 5.78327 -7.9973
      vertex 40.6 4.81259 -0.257267
      vertex 40.6 4.81259 -5.75727
    endloop
  endfacet
  facet normal 0.229192 -0.973381 0
    outer loop
      vertex 40.4467 4.77649 0.907405
      vertex 44.7225 5.78327 -7.9973
      vertex 44.7225 5.78327 20.8579
    endloop
  endfacet
  facet normal -0.37763 -0 -0.925957
    outer loop
      vertex 39.2199 6.88999 -5.75727
      vertex 44.7125 5.78327 -7.9973
      vertex 39.2199 4.48998 -5.75727
    endloop
  endfacet
  facet normal -0.37763 0 -0.925957
    outer loop
      vertex 44.7125 5.78327 -7.9973
      vertex 39.2199 6.88999 -5.75727
      vertex 44.7125 8.18327 -7.9973
    endloop
  endfacet
  facet normal -0.229189 0.973382 6.50797e-08
    outer loop
      vertex 38.325 6.67928 3.6502
      vertex 40.2412 7.13046 22.6814
      vertex 43.0706 7.79666 21.5275
    endloop
  endfacet
  facet normal -0.229196 0.97338 2.08117e-06
    outer loop
      vertex 38.325 6.67928 3.6502
      vertex 43.0706 7.79666 21.5275
      vertex 44.7125 8.18327 20.7947
    endloop
  endfacet
  facet normal -0.229188 0.973382 0
    outer loop
      vertex 40.2412 7.13046 22.6814
      vertex 38.325 6.67928 3.6502
      vertex 38.325 6.67928 23.4048
    endloop
  endfacet
  facet normal -0.229304 0.973355 4.45084e-05
    outer loop
      vertex 44.7125 8.18327 20.7947
      vertex 38.35 6.68517 3.63984
      vertex 38.325 6.67928 3.6502
    endloop
  endfacet
  facet normal -0.229185 0.973383 -2e-06
    outer loop
      vertex 44.7125 8.18327 20.7947
      vertex 39.282 6.90461 2.92471
      vertex 38.35 6.68517 3.63984
    endloop
  endfacet
  facet normal -0.229194 0.973381 9.72511e-07
    outer loop
      vertex 44.7125 8.18327 20.7947
      vertex 39.9971 7.07299 1.99273
      vertex 39.282 6.90461 2.92471
    endloop
  endfacet
  facet normal -0.229175 0.973385 -4.07383e-06
    outer loop
      vertex 44.7125 8.18327 20.7947
      vertex 40.4467 7.17884 0.907405
      vertex 39.9971 7.07299 1.99273
    endloop
  endfacet
  facet normal -0.229193 0.973381 0
    outer loop
      vertex 44.7125 8.18327 -7.9973
      vertex 40.4467 7.17884 0.907405
      vertex 44.7125 8.18327 20.7947
    endloop
  endfacet
  facet normal -0.229162 0.973388 1.59169e-05
    outer loop
      vertex 40.4467 7.17884 0.907405
      vertex 44.7125 8.18327 -7.9973
      vertex 40.6 7.21495 -0.257267
    endloop
  endfacet
  facet normal -0.229193 0.973381 -6.16119e-06
    outer loop
      vertex 40.6 7.21495 -5.75727
      vertex 44.7125 8.18327 -7.9973
      vertex 39.2199 6.88999 -5.75727
    endloop
  endfacet
  facet normal -0.22919 0.973382 0
    outer loop
      vertex 40.6 7.21495 -0.257267
      vertex 44.7125 8.18327 -7.9973
      vertex 40.6 7.21495 -5.75727
    endloop
  endfacet
  facet normal 0 -0.866024 -0.500002
    outer loop
      vertex 44.7125 5.78327 -7.9973
      vertex 39.2299 4.48998 -5.75727
      vertex 39.2199 4.48998 -5.75727
    endloop
  endfacet
  facet normal 0 -0.866024 -0.500002
    outer loop
      vertex 39.2299 4.48998 -5.75727
      vertex 44.7125 5.78327 -7.9973
      vertex 44.7225 5.78327 -7.9973
    endloop
  endfacet
  facet normal 0.377617 0 0.925962
    outer loop
      vertex 42.9646 7.76936 21.5748
      vertex 40.3759 7.15983 22.6305
      vertex 42.9646 5.52156 21.5748
    endloop
  endfacet
  facet normal 0.377621 0 0.92596
    outer loop
      vertex 42.9646 5.52156 21.5748
      vertex 44.7225 5.78327 20.8579
      vertex 44.7225 6.01974 20.8579
    endloop
  endfacet
  facet normal 0.377617 -0 0.925962
    outer loop
      vertex 40.3759 4.91288 22.6305
      vertex 42.9646 5.52156 21.5748
      vertex 40.3759 7.15983 22.6305
    endloop
  endfacet
  facet normal 0.377629 -5.66176e-05 0.925957
    outer loop
      vertex 40.3759 4.91288 22.6305
      vertex 44.7225 5.78327 20.8579
      vertex 42.9646 5.52156 21.5748
    endloop
  endfacet
  facet normal 0.376377 -0 0.926467
    outer loop
      vertex 38.335 4.27928 23.4628
      vertex 38.3702 4.51625 23.4485
      vertex 38.335 4.50928 23.4628
    endloop
  endfacet
  facet normal 0.377623 -2.28831e-05 0.925959
    outer loop
      vertex 40.3759 4.91288 22.6305
      vertex 38.335 4.27928 23.4628
      vertex 44.7225 5.78327 20.8579
    endloop
  endfacet
  facet normal 0.377677 -0.000224977 0.925938
    outer loop
      vertex 38.3702 4.51625 23.4485
      vertex 38.335 4.27928 23.4628
      vertex 40.3759 4.91288 22.6305
    endloop
  endfacet
  facet normal 0.00158723 0.864326 0.502929
    outer loop
      vertex 42.9646 7.76936 21.5748
      vertex 40.2412 7.13046 22.6814
      vertex 40.3759 7.15983 22.6305
    endloop
  endfacet
  facet normal -0.000736814 0.866808 0.498642
    outer loop
      vertex 40.2412 7.13046 22.6814
      vertex 42.9646 7.76936 21.5748
      vertex 43.0706 7.79666 21.5275
    endloop
  endfacet
  facet normal -0.435741 -0 -0.900072
    outer loop
      vertex 44.7125 8.18327 -7.9973
      vertex 51.1 7.5686 -11.0896
      vertex 44.7125 5.78327 -7.9973
    endloop
  endfacet
  facet normal -0.435741 0 -0.900072
    outer loop
      vertex 51.1 7.5686 -11.0896
      vertex 44.7125 8.18327 -7.9973
      vertex 51.1 9.9686 -11.0896
    endloop
  endfacet
  facet normal 0 1 0
    outer loop
      vertex 51.1 9.9686 -11.0896
      vertex 51.11 9.9686 17.7427
      vertex 51.11 9.9686 -11.0896
    endloop
  endfacet
  facet normal 0 1 0
    outer loop
      vertex 51.11 9.9686 17.7427
      vertex 51.1 9.9686 -11.0896
      vertex 51.1 9.9686 17.7479
    endloop
  endfacet
  facet normal 0 -0.866027 -0.499998
    outer loop
      vertex 51.1 7.5686 -11.0896
      vertex 44.7225 5.78327 -7.9973
      vertex 44.7125 5.78327 -7.9973
    endloop
  endfacet
  facet normal 0 -0.866027 -0.499998
    outer loop
      vertex 44.7225 5.78327 -7.9973
      vertex 51.1 7.5686 -11.0896
      vertex 51.11 7.5686 -11.0896
    endloop
  endfacet
  facet normal 1 0 0
    outer loop
      vertex 51.11 8.90455 17.7656
      vertex 51.11 7.5686 17.7656
      vertex 51.11 8.88925 17.7427
    endloop
  endfacet
  facet normal 1 -0 0
    outer loop
      vertex 51.11 8.88925 17.7427
      vertex 51.11 9.9686 -11.0896
      vertex 51.11 9.9686 17.7427
    endloop
  endfacet
  facet normal 1 0 0
    outer loop
      vertex 51.11 7.5686 -11.0896
      vertex 51.11 8.88925 17.7427
      vertex 51.11 7.5686 17.7656
    endloop
  endfacet
  facet normal 1 0 0
    outer loop
      vertex 51.11 8.88925 17.7427
      vertex 51.11 7.5686 -11.0896
      vertex 51.11 9.9686 -11.0896
    endloop
  endfacet
  facet normal -0.269186 0.963088 1.55332e-07
    outer loop
      vertex 44.7125 8.18327 -7.9973
      vertex 46.3847 8.65065 20.0483
      vertex 50.6409 9.84027 17.9878
    endloop
  endfacet
  facet normal -0.269204 0.963083 4.53498e-06
    outer loop
      vertex 44.7125 8.18327 -7.9973
      vertex 50.6409 9.84027 17.9878
      vertex 51.1 9.9686 17.7479
    endloop
  endfacet
  facet normal -0.269183 0.963089 0
    outer loop
      vertex 46.3847 8.65065 20.0483
      vertex 44.7125 8.18327 -7.9973
      vertex 44.7125 8.18327 20.7947
    endloop
  endfacet
  facet normal -0.269187 0.963088 0
    outer loop
      vertex 44.7125 8.18327 -7.9973
      vertex 51.1 9.9686 17.7479
      vertex 51.1 9.9686 -11.0896
    endloop
  endfacet
  facet normal 0.435744 0 0.900071
    outer loop
      vertex 50.5151 9.80231 18.0536
      vertex 46.5128 8.68366 19.9912
      vertex 50.5151 8.33131 18.0536
    endloop
  endfacet
  facet normal 0.435792 0 0.900047
    outer loop
      vertex 50.6515 8.46272 17.9876
      vertex 51.11 7.5686 17.7656
      vertex 51.11 8.90455 17.7656
    endloop
  endfacet
  facet normal 0.435637 -9.78128e-05 0.900122
    outer loop
      vertex 50.5151 8.33131 18.0536
      vertex 51.11 7.5686 17.7656
      vertex 50.6515 8.46272 17.9876
    endloop
  endfacet
  facet normal 0.435744 -0 0.900071
    outer loop
      vertex 46.5128 6.43585 19.9912
      vertex 50.5151 8.33131 18.0536
      vertex 46.5128 8.68366 19.9912
    endloop
  endfacet
  facet normal 0.435742 3.41063e-06 0.900071
    outer loop
      vertex 50.5151 8.33131 18.0536
      vertex 46.5128 6.43585 19.9912
      vertex 51.11 7.5686 17.7656
    endloop
  endfacet
  facet normal 0.435761 -9.11471e-05 0.900062
    outer loop
      vertex 46.5128 6.43585 19.9912
      vertex 44.7225 5.78327 20.8579
      vertex 51.11 7.5686 17.7656
    endloop
  endfacet
  facet normal 0.435643 0.000308321 0.900119
    outer loop
      vertex 45.4241 6.18282 20.5182
      vertex 44.7225 5.78327 20.8579
      vertex 46.5128 6.43585 19.9912
    endloop
  endfacet
  facet normal 0.435786 -0 0.900051
    outer loop
      vertex 44.7225 5.78327 20.8579
      vertex 45.4241 6.18282 20.5182
      vertex 44.7225 6.01974 20.8579
    endloop
  endfacet
  facet normal 0 0 -1
    outer loop
      vertex 51.1 7.5686 -11.0896
      vertex 51.11 9.9686 -11.0896
      vertex 51.11 7.5686 -11.0896
    endloop
  endfacet
  facet normal -0 0 -1
    outer loop
      vertex 51.11 9.9686 -11.0896
      vertex 51.1 7.5686 -11.0896
      vertex 51.1 9.9686 -11.0896
    endloop
  endfacet
  facet normal 0.269187 -0.963088 0
    outer loop
      vertex 44.7225 5.78327 -7.9973
      vertex 51.11 7.5686 17.7656
      vertex 44.7225 5.78327 20.8579
    endloop
  endfacet
  facet normal 0.269187 -0.963088 0
    outer loop
      vertex 51.11 7.5686 17.7656
      vertex 44.7225 5.78327 -7.9973
      vertex 51.11 7.5686 -11.0896
    endloop
  endfacet
  facet normal -0.00376736 0.869374 0.494141
    outer loop
      vertex 50.5151 9.80231 18.0536
      vertex 46.3847 8.65065 20.0483
      vertex 46.5128 8.68366 19.9912
    endloop
  endfacet
  facet normal -0.00251629 0.868266 0.496092
    outer loop
      vertex 46.3847 8.65065 20.0483
      vertex 50.5151 9.80231 18.0536
      vertex 50.6409 9.84027 17.9878
    endloop
  endfacet
  facet normal 0.589611 0.759031 0.276097
    outer loop
      vertex -10.4608 29.4689 29.8151
      vertex -11.2 29.876 30.2745
      vertex -11.1708 29.826 30.3496
    endloop
  endfacet
  facet normal 0.589629 0.758995 0.276158
    outer loop
      vertex -11.2 29.876 30.2745
      vertex -10.4608 29.4689 29.8151
      vertex -11.4071 30.2322 29.7377
    endloop
  endfacet
  facet normal -6.32541e-05 0.83156 -0.555435
    outer loop
      vertex -10.4608 29.4689 29.8151
      vertex -9.50223 29.8318 30.3583
      vertex -9.3527 29.5295 29.9057
    endloop
  endfacet
  facet normal 6.1759e-06 0.831503 -0.55552
    outer loop
      vertex -9.50223 29.8318 30.3583
      vertex -10.4608 29.4689 29.8151
      vertex -11.1708 29.826 30.3496
    endloop
  endfacet
  facet normal 4.35729e-05 0.831496 -0.555531
    outer loop
      vertex 10.4618 29.4694 29.8158
      vertex 9.50225 29.8319 30.3583
      vertex 11.1709 29.826 30.3496
    endloop
  endfacet
  facet normal -5.252e-06 0.831456 -0.555591
    outer loop
      vertex 9.50225 29.8319 30.3583
      vertex 10.4618 29.4694 29.8158
      vertex 9.35296 29.53 29.9065
    endloop
  endfacet
  facet normal -0.589766 0.758737 0.276578
    outer loop
      vertex 11.21 29.8931 30.2489
      vertex 10.4618 29.4694 29.8158
      vertex 11.1709 29.826 30.3496
    endloop
  endfacet
  facet normal -0.58967 0.758946 0.276208
    outer loop
      vertex 10.4618 29.4694 29.8158
      vertex 11.21 29.8931 30.2489
      vertex 11.4069 30.2318 29.7386
    endloop
  endfacet
  facet normal -0.793388 0.608716 0
    outer loop
      vertex 4.21864 19.4908 30.2305
      vertex 4.6954 20.1122 31.7178
      vertex 4.6954 20.1122 30.2175
    endloop
  endfacet
  facet normal -0.793388 0.608716 0
    outer loop
      vertex 4.6954 20.1122 31.7178
      vertex 4.21864 19.4908 30.2305
      vertex 4.21864 19.4908 31.7308
    endloop
  endfacet
  facet normal -0.896377 0.443293 -2.21762e-05
    outer loop
      vertex 9.35296 29.53 29.9065
      vertex 9.44572 29.7176 30.53
      vertex 9.50225 29.8319 30.3583
    endloop
  endfacet
  facet normal -0.896381 0.443284 -1.89347e-05
    outer loop
      vertex 9.35296 29.53 29.9065
      vertex 9.13589 29.0911 30.9632
      vertex 9.44572 29.7176 30.53
    endloop
  endfacet
  facet normal -0.896419 0.443208 -5.8395e-05
    outer loop
      vertex 9.35296 29.53 29.9065
      vertex 8.95363 28.7225 31.218
      vertex 9.13589 29.0911 30.9632
    endloop
  endfacet
  facet normal -0.896369 0.443309 1.89118e-05
    outer loop
      vertex 9.35296 29.53 29.9065
      vertex 8.37317 27.5488 31.4908
      vertex 8.95363 28.7225 31.218
    endloop
  endfacet
  facet normal -0.896373 0.4433 4.95003e-06
    outer loop
      vertex 5.975 22.6996 30.1828
      vertex 8.37317 27.5488 31.4908
      vertex 9.35296 29.53 29.9065
    endloop
  endfacet
  facet normal -0.896373 0.4433 3.40334e-06
    outer loop
      vertex 5.975 22.6996 30.1828
      vertex 5.85033 22.4475 31.6841
      vertex 8.37317 27.5488 31.4908
    endloop
  endfacet
  facet normal -0.89635 0.443348 1.342e-05
    outer loop
      vertex 5.80349 22.3528 31.6877
      vertex 5.85033 22.4475 31.6841
      vertex 5.975 22.6996 30.1828
    endloop
  endfacet
  facet normal -0.896421 0.443167 -0.00567431
    outer loop
      vertex 5.85033 22.4475 31.6841
      vertex 5.80349 22.3528 31.6877
      vertex 5.84453 22.4358 31.6866
    endloop
  endfacet
  facet normal -0.896398 0.44325 -1.4636e-05
    outer loop
      vertex 5.975 22.6996 30.1828
      vertex 5.61 21.9615 31.7025
      vertex 5.80349 22.3528 31.6877
    endloop
  endfacet
  facet normal -0.896381 0.443284 5.67158e-06
    outer loop
      vertex 5.975 22.6996 30.1828
      vertex 5.3435 21.4226 31.7093
      vertex 5.61 21.9615 31.7025
    endloop
  endfacet
  facet normal -0.896239 0.443572 0.000305573
    outer loop
      vertex 5.975 22.6996 30.1828
      vertex 5.32078 21.3767 31.7008
      vertex 5.3435 21.4226 31.7093
    endloop
  endfacet
  facet normal -0.896372 0.443302 1.24724e-05
    outer loop
      vertex 4.6954 20.1122 30.2175
      vertex 5.32078 21.3767 31.7008
      vertex 5.975 22.6996 30.1828
    endloop
  endfacet
  facet normal -0.896367 0.443313 0
    outer loop
      vertex 5.32078 21.3767 31.7008
      vertex 4.6954 20.1122 30.2175
      vertex 4.6954 20.1122 31.7178
    endloop
  endfacet
  facet normal 0.896356 0.443335 2.66729e-05
    outer loop
      vertex -9.44595 29.718 30.5292
      vertex -9.3527 29.5295 29.9057
      vertex -9.50223 29.8318 30.3583
    endloop
  endfacet
  facet normal 0.896371 0.443304 3.8312e-05
    outer loop
      vertex -9.13529 29.0898 30.9635
      vertex -9.3527 29.5295 29.9057
      vertex -9.44595 29.718 30.5292
    endloop
  endfacet
  facet normal 0.896305 0.443438 0.000107576
    outer loop
      vertex -8.95385 28.723 31.2172
      vertex -9.3527 29.5295 29.9057
      vertex -9.13529 29.0898 30.9635
    endloop
  endfacet
  facet normal 0.896388 0.443271 -1.97983e-05
    outer loop
      vertex -8.37339 27.5492 31.4901
      vertex -9.3527 29.5295 29.9057
      vertex -8.95385 28.723 31.2172
    endloop
  endfacet
  facet normal 0.896373 0.4433 2.5303e-05
    outer loop
      vertex -8.37339 27.5492 31.4901
      vertex -5.965 22.6794 30.1828
      vertex -9.3527 29.5295 29.9057
    endloop
  endfacet
  facet normal 0.896373 0.4433 2.5209e-05
    outer loop
      vertex -5.85184 22.4505 31.6832
      vertex -5.965 22.6794 30.1828
      vertex -8.37339 27.5492 31.4901
    endloop
  endfacet
  facet normal 0.896266 0.443514 -0.00151575
    outer loop
      vertex -5.79349 22.3326 31.6877
      vertex -5.85184 22.4505 31.6832
      vertex -5.84461 22.4359 31.6863
    endloop
  endfacet
  facet normal 0.896243 0.443563 7.51731e-05
    outer loop
      vertex -5.85184 22.4505 31.6832
      vertex -5.79349 22.3326 31.6877
      vertex -5.965 22.6794 30.1828
    endloop
  endfacet
  facet normal 0.896398 0.44325 -1.4636e-05
    outer loop
      vertex -5.6 21.9413 31.7025
      vertex -5.965 22.6794 30.1828
      vertex -5.79349 22.3326 31.6877
    endloop
  endfacet
  facet normal 0.896369 0.443309 2.11566e-05
    outer loop
      vertex -5.34357 21.4228 31.7091
      vertex -5.965 22.6794 30.1828
      vertex -5.6 21.9413 31.7025
    endloop
  endfacet
  facet normal 0.896302 0.443445 0.000159956
    outer loop
      vertex -5.32081 21.3768 31.7006
      vertex -5.965 22.6794 30.1828
      vertex -5.34357 21.4228 31.7091
    endloop
  endfacet
  facet normal 0.896372 0.443302 -0
    outer loop
      vertex -4.6954 20.1122 30.2173
      vertex -5.32081 21.3768 31.7006
      vertex -4.6954 20.1122 31.7175
    endloop
  endfacet
  facet normal 0.896374 0.443299 3.81492e-06
    outer loop
      vertex -5.32081 21.3768 31.7006
      vertex -4.6954 20.1122 30.2173
      vertex -5.965 22.6794 30.1828
    endloop
  endfacet
  facet normal 0.793388 0.608716 -0
    outer loop
      vertex -4.21864 19.4908 30.2302
      vertex -4.6954 20.1122 31.7175
      vertex -4.21864 19.4908 31.7305
    endloop
  endfacet
  facet normal 0.793388 0.608716 0
    outer loop
      vertex -4.6954 20.1122 31.7175
      vertex -4.21864 19.4908 30.2302
      vertex -4.6954 20.1122 30.2173
    endloop
  endfacet
  facet normal 0.608717 0.793388 -0
    outer loop
      vertex -3.59732 19.0141 30.2471
      vertex -4.21864 19.4908 31.7305
      vertex -3.59732 19.0141 31.7474
    endloop
  endfacet
  facet normal 0.608717 0.793388 0
    outer loop
      vertex -4.21864 19.4908 31.7305
      vertex -3.59732 19.0141 30.2471
      vertex -4.21864 19.4908 30.2302
    endloop
  endfacet
  facet normal 0.130497 0.991449 -0
    outer loop
      vertex -2.09732 18.6122 30.2879
      vertex -2.87378 18.7144 31.7671
      vertex -2.09732 18.6122 31.7882
    endloop
  endfacet
  facet normal 0.130497 0.991449 0
    outer loop
      vertex -2.87378 18.7144 31.7671
      vertex -2.09732 18.6122 30.2879
      vertex -2.87378 18.7144 30.2668
    endloop
  endfacet
  facet normal -0.608717 0.793388 0
    outer loop
      vertex 4.21864 19.4908 31.7308
      vertex 3.59732 19.0141 30.2474
      vertex 3.59732 19.0141 31.7477
    endloop
  endfacet
  facet normal -0.608717 0.793388 0
    outer loop
      vertex 3.59732 19.0141 30.2474
      vertex 4.21864 19.4908 31.7308
      vertex 4.21864 19.4908 30.2305
    endloop
  endfacet
  facet normal 0.382683 0.92388 -0
    outer loop
      vertex -2.87378 18.7144 30.2668
      vertex -3.59732 19.0141 31.7474
      vertex -2.87378 18.7144 31.7671
    endloop
  endfacet
  facet normal 0.382683 0.92388 0
    outer loop
      vertex -3.59732 19.0141 31.7474
      vertex -2.87378 18.7144 30.2668
      vertex -3.59732 19.0141 30.2471
    endloop
  endfacet
  facet normal -0.130497 0.991449 0
    outer loop
      vertex 2.87378 18.7144 31.7673
      vertex 2.09732 18.6122 30.2882
      vertex 2.09732 18.6122 31.7884
    endloop
  endfacet
  facet normal -0.130497 0.991449 0
    outer loop
      vertex 2.09732 18.6122 30.2882
      vertex 2.87378 18.7144 31.7673
      vertex 2.87378 18.7144 30.2671
    endloop
  endfacet
  facet normal 0 1 0
    outer loop
      vertex 0.00499964 18.6122 30.345
      vertex 0.00999928 18.6122 31.8452
      vertex 2.09732 18.6122 31.7884
    endloop
  endfacet
  facet normal 0 1 0
    outer loop
      vertex 0.00999928 18.6122 31.8452
      vertex 0.00499964 18.6122 30.345
      vertex 0 18.6122 31.8452
    endloop
  endfacet
  facet normal 0 1 0
    outer loop
      vertex 0 18.6122 31.8452
      vertex 0.00499964 18.6122 30.345
      vertex -2.09732 18.6122 31.7882
    endloop
  endfacet
  facet normal -0 1 0
    outer loop
      vertex 0.00499964 18.6122 30.345
      vertex 2.09732 18.6122 31.7884
      vertex 2.09732 18.6122 30.2882
    endloop
  endfacet
  facet normal 0 1 0
    outer loop
      vertex -2.09732 18.6122 31.7882
      vertex 0.00499964 18.6122 30.345
      vertex -2.09732 18.6122 30.2879
    endloop
  endfacet
  facet normal -0.382683 0.92388 0
    outer loop
      vertex 3.59732 19.0141 31.7477
      vertex 2.87378 18.7144 30.2671
      vertex 2.87378 18.7144 31.7673
    endloop
  endfacet
  facet normal -0.382683 0.92388 0
    outer loop
      vertex 2.87378 18.7144 30.2671
      vertex 3.59732 19.0141 31.7477
      vertex 3.59732 19.0141 30.2474
    endloop
  endfacet
  facet normal -0.991441 -0.130554 0
    outer loop
      vertex -13.1 16.0817 29.5351
      vertex -13.1409 16.3923 31.0308
      vertex -13.1409 16.3923 29.5295
    endloop
  endfacet
  facet normal -0.991441 -0.130554 0
    outer loop
      vertex -13.1409 16.3923 31.0308
      vertex -13.1 16.0817 29.5351
      vertex -13.1 16.0817 31.0365
    endloop
  endfacet
  facet normal 0.991441 -0.130554 0
    outer loop
      vertex -15.5 16.0817 30.7074
      vertex -15.4591 16.3923 29.2116
      vertex -15.4591 16.3923 30.713
    endloop
  endfacet
  facet normal 0.991441 -0.130554 0
    outer loop
      vertex -15.4591 16.3923 29.2116
      vertex -15.5 16.0817 30.7074
      vertex -15.5 16.0817 29.206
    endloop
  endfacet
  facet normal 0.130554 -0.991441 0
    outer loop
      vertex -14.6106 17.2408 30.8293
      vertex -14.3 17.2817 29.3705
      vertex -14.3 17.2817 30.8719
    endloop
  endfacet
  facet normal 0.130554 -0.991441 0
    outer loop
      vertex -14.3 17.2817 29.3705
      vertex -14.6106 17.2408 30.8293
      vertex -14.6106 17.2408 29.328
    endloop
  endfacet
  facet normal -0.130554 0.991441 0
    outer loop
      vertex -13.9894 14.9226 29.4131
      vertex -14.3 14.8817 30.8719
      vertex -13.9894 14.9226 30.9145
    endloop
  endfacet
  facet normal -0.130554 0.991441 0
    outer loop
      vertex -14.3 14.8817 30.8719
      vertex -13.9894 14.9226 29.4131
      vertex -14.3 14.8817 29.3705
    endloop
  endfacet
  facet normal -0.382756 0.92385 0
    outer loop
      vertex -13.7 15.0425 29.4528
      vertex -13.9894 14.9226 30.9145
      vertex -13.7 15.0425 30.9542
    endloop
  endfacet
  facet normal -0.382756 0.92385 0
    outer loop
      vertex -13.9894 14.9226 30.9145
      vertex -13.7 15.0425 29.4528
      vertex -13.9894 14.9226 29.4131
    endloop
  endfacet
  facet normal -0.6088 -0.793324 0
    outer loop
      vertex -13.7 17.1209 30.9542
      vertex -13.4515 16.9302 29.4869
      vertex -13.4515 16.9302 30.9883
    endloop
  endfacet
  facet normal -0.6088 -0.793324 0
    outer loop
      vertex -13.4515 16.9302 29.4869
      vertex -13.7 17.1209 30.9542
      vertex -13.7 17.1209 29.4528
    endloop
  endfacet
  facet normal -0.92385 -0.382756 0
    outer loop
      vertex -13.1409 16.3923 29.5295
      vertex -13.2608 16.6817 31.0144
      vertex -13.2608 16.6817 29.513
    endloop
  endfacet
  facet normal -0.92385 -0.382756 0
    outer loop
      vertex -13.2608 16.6817 31.0144
      vertex -13.1409 16.3923 29.5295
      vertex -13.1409 16.3923 31.0308
    endloop
  endfacet
  facet normal -0.382756 -0.92385 0
    outer loop
      vertex -13.9894 17.2408 30.9145
      vertex -13.7 17.1209 29.4528
      vertex -13.7 17.1209 30.9542
    endloop
  endfacet
  facet normal -0.382756 -0.92385 0
    outer loop
      vertex -13.7 17.1209 29.4528
      vertex -13.9894 17.2408 30.9145
      vertex -13.9894 17.2408 29.4131
    endloop
  endfacet
  facet normal 0.6088 -0.793324 0
    outer loop
      vertex -15.1485 16.9302 30.7556
      vertex -14.9 17.1209 29.2883
      vertex -14.9 17.1209 30.7896
    endloop
  endfacet
  facet normal 0.6088 -0.793324 0
    outer loop
      vertex -14.9 17.1209 29.2883
      vertex -15.1485 16.9302 30.7556
      vertex -15.1485 16.9302 29.2542
    endloop
  endfacet
  facet normal 0.382756 -0.92385 0
    outer loop
      vertex -14.9 17.1209 30.7896
      vertex -14.6106 17.2408 29.328
      vertex -14.6106 17.2408 30.8293
    endloop
  endfacet
  facet normal 0.382756 -0.92385 0
    outer loop
      vertex -14.6106 17.2408 29.328
      vertex -14.9 17.1209 30.7896
      vertex -14.9 17.1209 29.2883
    endloop
  endfacet
  facet normal -0.92385 0.382756 0
    outer loop
      vertex -13.2608 15.4817 31.0144
      vertex -13.1409 15.7711 29.5295
      vertex -13.2608 15.4817 29.513
    endloop
  endfacet
  facet normal -0.92385 0.382756 0
    outer loop
      vertex -13.1409 15.7711 29.5295
      vertex -13.2608 15.4817 31.0144
      vertex -13.1409 15.7711 31.0308
    endloop
  endfacet
  facet normal -0.793324 -0.6088 0
    outer loop
      vertex -13.2608 16.6817 29.513
      vertex -13.4515 16.9302 30.9883
      vertex -13.4515 16.9302 29.4869
    endloop
  endfacet
  facet normal -0.793324 -0.6088 0
    outer loop
      vertex -13.4515 16.9302 30.9883
      vertex -13.2608 16.6817 29.513
      vertex -13.2608 16.6817 31.0144
    endloop
  endfacet
  facet normal -0.130554 -0.991441 0
    outer loop
      vertex -14.3 17.2817 30.8719
      vertex -13.9894 17.2408 29.4131
      vertex -13.9894 17.2408 30.9145
    endloop
  endfacet
  facet normal -0.130554 -0.991441 0
    outer loop
      vertex -13.9894 17.2408 29.4131
      vertex -14.3 17.2817 30.8719
      vertex -14.3 17.2817 29.3705
    endloop
  endfacet
  facet normal 0.793324 -0.6088 0
    outer loop
      vertex -15.3392 16.6817 30.7294
      vertex -15.1485 16.9302 29.2542
      vertex -15.1485 16.9302 30.7556
    endloop
  endfacet
  facet normal 0.793324 -0.6088 0
    outer loop
      vertex -15.1485 16.9302 29.2542
      vertex -15.3392 16.6817 30.7294
      vertex -15.3392 16.6817 29.228
    endloop
  endfacet
  facet normal 0.92385 -0.382756 0
    outer loop
      vertex -15.4591 16.3923 30.713
      vertex -15.3392 16.6817 29.228
      vertex -15.3392 16.6817 30.7294
    endloop
  endfacet
  facet normal 0.92385 -0.382756 0
    outer loop
      vertex -15.3392 16.6817 29.228
      vertex -15.4591 16.3923 30.713
      vertex -15.4591 16.3923 29.2116
    endloop
  endfacet
  facet normal -0.991441 0.130554 0
    outer loop
      vertex -13.1409 15.7711 31.0308
      vertex -13.1 16.0817 29.5351
      vertex -13.1409 15.7711 29.5295
    endloop
  endfacet
  facet normal -0.991441 0.130554 0
    outer loop
      vertex -13.1 16.0817 29.5351
      vertex -13.1409 15.7711 31.0308
      vertex -13.1 16.0817 31.0365
    endloop
  endfacet
  facet normal 0.6088 0.793324 -0
    outer loop
      vertex -14.9 15.0425 29.2883
      vertex -15.1485 15.2332 30.7556
      vertex -14.9 15.0425 30.7896
    endloop
  endfacet
  facet normal 0.6088 0.793324 0
    outer loop
      vertex -15.1485 15.2332 30.7556
      vertex -14.9 15.0425 29.2883
      vertex -15.1485 15.2332 29.2542
    endloop
  endfacet
  facet normal 0.92385 0.382756 -0
    outer loop
      vertex -15.3392 15.4817 29.228
      vertex -15.4591 15.7711 30.713
      vertex -15.3392 15.4817 30.7294
    endloop
  endfacet
  facet normal 0.92385 0.382756 0
    outer loop
      vertex -15.4591 15.7711 30.713
      vertex -15.3392 15.4817 29.228
      vertex -15.4591 15.7711 29.2116
    endloop
  endfacet
  facet normal 0.991441 0.130554 -0
    outer loop
      vertex -15.4591 15.7711 29.2116
      vertex -15.5 16.0817 30.7074
      vertex -15.4591 15.7711 30.713
    endloop
  endfacet
  facet normal 0.991441 0.130554 0
    outer loop
      vertex -15.5 16.0817 30.7074
      vertex -15.4591 15.7711 29.2116
      vertex -15.5 16.0817 29.206
    endloop
  endfacet
  facet normal 0.793324 0.6088 -0
    outer loop
      vertex -15.1485 15.2332 29.2542
      vertex -15.3392 15.4817 30.7294
      vertex -15.1485 15.2332 30.7556
    endloop
  endfacet
  facet normal 0.793324 0.6088 0
    outer loop
      vertex -15.3392 15.4817 30.7294
      vertex -15.1485 15.2332 29.2542
      vertex -15.3392 15.4817 29.228
    endloop
  endfacet
  facet normal -0.6088 0.793324 0
    outer loop
      vertex -13.4515 15.2332 29.4869
      vertex -13.7 15.0425 30.9542
      vertex -13.4515 15.2332 30.9883
    endloop
  endfacet
  facet normal -0.6088 0.793324 0
    outer loop
      vertex -13.7 15.0425 30.9542
      vertex -13.4515 15.2332 29.4869
      vertex -13.7 15.0425 29.4528
    endloop
  endfacet
  facet normal 0.130554 0.991441 -0
    outer loop
      vertex -14.3 14.8817 29.3705
      vertex -14.6106 14.9226 30.8293
      vertex -14.3 14.8817 30.8719
    endloop
  endfacet
  facet normal 0.130554 0.991441 0
    outer loop
      vertex -14.6106 14.9226 30.8293
      vertex -14.3 14.8817 29.3705
      vertex -14.6106 14.9226 29.328
    endloop
  endfacet
  facet normal 0.382756 0.92385 -0
    outer loop
      vertex -14.6106 14.9226 29.328
      vertex -14.9 15.0425 30.7896
      vertex -14.6106 14.9226 30.8293
    endloop
  endfacet
  facet normal 0.382756 0.92385 0
    outer loop
      vertex -14.9 15.0425 30.7896
      vertex -14.6106 14.9226 29.328
      vertex -14.9 15.0425 29.2883
    endloop
  endfacet
  facet normal -0.793324 0.6088 0
    outer loop
      vertex -13.4515 15.2332 30.9883
      vertex -13.2608 15.4817 29.513
      vertex -13.4515 15.2332 29.4869
    endloop
  endfacet
  facet normal -0.793324 0.6088 0
    outer loop
      vertex -13.2608 15.4817 29.513
      vertex -13.4515 15.2332 30.9883
      vertex -13.2608 15.4817 31.0144
    endloop
  endfacet
  facet normal -0.991441 -0.130554 -0
    outer loop
      vertex 15.5 16.0817 30.7087
      vertex 15.4591 16.3923 29.213
      vertex 15.5 16.0817 29.2074
    endloop
  endfacet
  facet normal -0.991441 -0.130554 0
    outer loop
      vertex 15.4591 16.3923 29.213
      vertex 15.5 16.0817 30.7087
      vertex 15.4591 16.3923 30.7143
    endloop
  endfacet
  facet normal 0.991441 0.130554 0
    outer loop
      vertex 13.1409 15.7711 31.0322
      vertex 13.1 16.0817 29.5365
      vertex 13.1 16.0817 31.0378
    endloop
  endfacet
  facet normal 0.991441 0.130554 0
    outer loop
      vertex 13.1 16.0817 29.5365
      vertex 13.1409 15.7711 31.0322
      vertex 13.1409 15.7711 29.5308
    endloop
  endfacet
  facet normal 0.130554 -0.991441 0
    outer loop
      vertex 13.9894 17.2408 29.4145
      vertex 14.3 17.2817 30.8733
      vertex 13.9894 17.2408 30.9159
    endloop
  endfacet
  facet normal 0.130554 -0.991441 0
    outer loop
      vertex 14.3 17.2817 30.8733
      vertex 13.9894 17.2408 29.4145
      vertex 14.3 17.2817 29.3719
    endloop
  endfacet
  facet normal -0.130554 0.991441 0
    outer loop
      vertex 14.6106 14.9226 30.8307
      vertex 14.3 14.8817 29.3719
      vertex 14.3 14.8817 30.8733
    endloop
  endfacet
  facet normal -0.130554 0.991441 0
    outer loop
      vertex 14.3 14.8817 29.3719
      vertex 14.6106 14.9226 30.8307
      vertex 14.6106 14.9226 29.3293
    endloop
  endfacet
  facet normal 0.6088 0.793324 0
    outer loop
      vertex 13.7 15.0425 30.9556
      vertex 13.4515 15.2332 29.4883
      vertex 13.4515 15.2332 30.9896
    endloop
  endfacet
  facet normal 0.6088 0.793324 0
    outer loop
      vertex 13.4515 15.2332 29.4883
      vertex 13.7 15.0425 30.9556
      vertex 13.7 15.0425 29.4542
    endloop
  endfacet
  facet normal -0.6088 -0.793324 0
    outer loop
      vertex 14.9 17.1209 29.2896
      vertex 15.1485 16.9302 30.7569
      vertex 14.9 17.1209 30.791
    endloop
  endfacet
  facet normal -0.6088 -0.793324 -0
    outer loop
      vertex 15.1485 16.9302 30.7569
      vertex 14.9 17.1209 29.2896
      vertex 15.1485 16.9302 29.2556
    endloop
  endfacet
  facet normal -0.382756 -0.92385 0
    outer loop
      vertex 14.6106 17.2408 29.3293
      vertex 14.9 17.1209 30.791
      vertex 14.6106 17.2408 30.8307
    endloop
  endfacet
  facet normal -0.382756 -0.92385 -0
    outer loop
      vertex 14.9 17.1209 30.791
      vertex 14.6106 17.2408 29.3293
      vertex 14.9 17.1209 29.2896
    endloop
  endfacet
  facet normal 0.793324 -0.6088 0
    outer loop
      vertex 13.2608 16.6817 29.5144
      vertex 13.4515 16.9302 30.9896
      vertex 13.2608 16.6817 31.0158
    endloop
  endfacet
  facet normal 0.793324 -0.6088 0
    outer loop
      vertex 13.4515 16.9302 30.9896
      vertex 13.2608 16.6817 29.5144
      vertex 13.4515 16.9302 29.4883
    endloop
  endfacet
  facet normal 0.92385 -0.382756 0
    outer loop
      vertex 13.1409 16.3923 29.5308
      vertex 13.2608 16.6817 31.0158
      vertex 13.1409 16.3923 31.0322
    endloop
  endfacet
  facet normal 0.92385 -0.382756 0
    outer loop
      vertex 13.2608 16.6817 31.0158
      vertex 13.1409 16.3923 29.5308
      vertex 13.2608 16.6817 29.5144
    endloop
  endfacet
  facet normal 0.382756 -0.92385 0
    outer loop
      vertex 13.7 17.1209 29.4542
      vertex 13.9894 17.2408 30.9159
      vertex 13.7 17.1209 30.9556
    endloop
  endfacet
  facet normal 0.382756 -0.92385 0
    outer loop
      vertex 13.9894 17.2408 30.9159
      vertex 13.7 17.1209 29.4542
      vertex 13.9894 17.2408 29.4145
    endloop
  endfacet
  facet normal -0.793324 0.6088 0
    outer loop
      vertex 15.1485 15.2332 29.2556
      vertex 15.3392 15.4817 30.7308
      vertex 15.3392 15.4817 29.2294
    endloop
  endfacet
  facet normal -0.793324 0.6088 0
    outer loop
      vertex 15.3392 15.4817 30.7308
      vertex 15.1485 15.2332 29.2556
      vertex 15.1485 15.2332 30.7569
    endloop
  endfacet
  facet normal 0.382756 0.92385 0
    outer loop
      vertex 13.9894 14.9226 30.9159
      vertex 13.7 15.0425 29.4542
      vertex 13.7 15.0425 30.9556
    endloop
  endfacet
  facet normal 0.382756 0.92385 0
    outer loop
      vertex 13.7 15.0425 29.4542
      vertex 13.9894 14.9226 30.9159
      vertex 13.9894 14.9226 29.4145
    endloop
  endfacet
  facet normal 0.92385 0.382756 0
    outer loop
      vertex 13.2608 15.4817 31.0158
      vertex 13.1409 15.7711 29.5308
      vertex 13.1409 15.7711 31.0322
    endloop
  endfacet
  facet normal 0.92385 0.382756 0
    outer loop
      vertex 13.1409 15.7711 29.5308
      vertex 13.2608 15.4817 31.0158
      vertex 13.2608 15.4817 29.5144
    endloop
  endfacet
  facet normal -0.793324 -0.6088 -0
    outer loop
      vertex 15.3392 16.6817 30.7308
      vertex 15.1485 16.9302 29.2556
      vertex 15.3392 16.6817 29.2294
    endloop
  endfacet
  facet normal -0.793324 -0.6088 0
    outer loop
      vertex 15.1485 16.9302 29.2556
      vertex 15.3392 16.6817 30.7308
      vertex 15.1485 16.9302 30.7569
    endloop
  endfacet
  facet normal -0.92385 -0.382756 -0
    outer loop
      vertex 15.4591 16.3923 30.7143
      vertex 15.3392 16.6817 29.2294
      vertex 15.4591 16.3923 29.213
    endloop
  endfacet
  facet normal -0.92385 -0.382756 0
    outer loop
      vertex 15.3392 16.6817 29.2294
      vertex 15.4591 16.3923 30.7143
      vertex 15.3392 16.6817 30.7308
    endloop
  endfacet
  facet normal -0.130554 -0.991441 0
    outer loop
      vertex 14.3 17.2817 29.3719
      vertex 14.6106 17.2408 30.8307
      vertex 14.3 17.2817 30.8733
    endloop
  endfacet
  facet normal -0.130554 -0.991441 -0
    outer loop
      vertex 14.6106 17.2408 30.8307
      vertex 14.3 17.2817 29.3719
      vertex 14.6106 17.2408 29.3293
    endloop
  endfacet
  facet normal 0.991441 -0.130554 0
    outer loop
      vertex 13.1 16.0817 29.5365
      vertex 13.1409 16.3923 31.0322
      vertex 13.1 16.0817 31.0378
    endloop
  endfacet
  facet normal 0.991441 -0.130554 0
    outer loop
      vertex 13.1409 16.3923 31.0322
      vertex 13.1 16.0817 29.5365
      vertex 13.1409 16.3923 29.5308
    endloop
  endfacet
  facet normal 0.6088 -0.793324 0
    outer loop
      vertex 13.4515 16.9302 29.4883
      vertex 13.7 17.1209 30.9556
      vertex 13.4515 16.9302 30.9896
    endloop
  endfacet
  facet normal 0.6088 -0.793324 0
    outer loop
      vertex 13.7 17.1209 30.9556
      vertex 13.4515 16.9302 29.4883
      vertex 13.7 17.1209 29.4542
    endloop
  endfacet
  facet normal -0.991441 0.130554 0
    outer loop
      vertex 15.4591 15.7711 29.213
      vertex 15.5 16.0817 30.7087
      vertex 15.5 16.0817 29.2074
    endloop
  endfacet
  facet normal -0.991441 0.130554 0
    outer loop
      vertex 15.5 16.0817 30.7087
      vertex 15.4591 15.7711 29.213
      vertex 15.4591 15.7711 30.7143
    endloop
  endfacet
  facet normal -0.382756 0.92385 0
    outer loop
      vertex 14.9 15.0425 30.791
      vertex 14.6106 14.9226 29.3293
      vertex 14.6106 14.9226 30.8307
    endloop
  endfacet
  facet normal -0.382756 0.92385 0
    outer loop
      vertex 14.6106 14.9226 29.3293
      vertex 14.9 15.0425 30.791
      vertex 14.9 15.0425 29.2896
    endloop
  endfacet
  facet normal 0.130554 0.991441 0
    outer loop
      vertex 14.3 14.8817 30.8733
      vertex 13.9894 14.9226 29.4145
      vertex 13.9894 14.9226 30.9159
    endloop
  endfacet
  facet normal 0.130554 0.991441 0
    outer loop
      vertex 13.9894 14.9226 29.4145
      vertex 14.3 14.8817 30.8733
      vertex 14.3 14.8817 29.3719
    endloop
  endfacet
  facet normal 0.793324 0.6088 0
    outer loop
      vertex 13.4515 15.2332 30.9896
      vertex 13.2608 15.4817 29.5144
      vertex 13.2608 15.4817 31.0158
    endloop
  endfacet
  facet normal 0.793324 0.6088 0
    outer loop
      vertex 13.2608 15.4817 29.5144
      vertex 13.4515 15.2332 30.9896
      vertex 13.4515 15.2332 29.4883
    endloop
  endfacet
  facet normal -0.92385 0.382756 0
    outer loop
      vertex 15.3392 15.4817 29.2294
      vertex 15.4591 15.7711 30.7143
      vertex 15.4591 15.7711 29.213
    endloop
  endfacet
  facet normal -0.92385 0.382756 0
    outer loop
      vertex 15.4591 15.7711 30.7143
      vertex 15.3392 15.4817 29.2294
      vertex 15.3392 15.4817 30.7308
    endloop
  endfacet
  facet normal -0.6088 0.793324 0
    outer loop
      vertex 15.1485 15.2332 30.7569
      vertex 14.9 15.0425 29.2896
      vertex 14.9 15.0425 30.791
    endloop
  endfacet
  facet normal -0.6088 0.793324 0
    outer loop
      vertex 14.9 15.0425 29.2896
      vertex 15.1485 15.2332 30.7569
      vertex 15.1485 15.2332 29.2556
    endloop
  endfacet
  facet normal -0.991436 -0.130595 0
    outer loop
      vertex -48 12.9067 19.3126
      vertex -48.0409 13.2172 20.7973
      vertex -48.0409 13.2172 19.2924
    endloop
  endfacet
  facet normal -0.991436 -0.130595 0
    outer loop
      vertex -48.0409 13.2172 20.7973
      vertex -48 12.9067 19.3126
      vertex -48 12.9067 20.8176
    endloop
  endfacet
  facet normal -0.382756 -0.92385 0
    outer loop
      vertex -48.8894 14.0658 20.377
      vertex -48.6 13.9459 19.0154
      vertex -48.6 13.9459 20.5204
    endloop
  endfacet
  facet normal -0.382756 -0.92385 0
    outer loop
      vertex -48.6 13.9459 19.0154
      vertex -48.8894 14.0658 20.377
      vertex -48.8894 14.0658 18.872
    endloop
  endfacet
  facet normal -0.793442 0.608646 0
    outer loop
      vertex -48.3515 12.0581 20.6435
      vertex -48.1608 12.3067 19.233
      vertex -48.3515 12.0581 19.1385
    endloop
  endfacet
  facet normal -0.793442 0.608646 0
    outer loop
      vertex -48.1608 12.3067 19.233
      vertex -48.3515 12.0581 20.6435
      vertex -48.1608 12.3067 20.7379
    endloop
  endfacet
  facet normal -0.6088 0.793324 0
    outer loop
      vertex -48.3515 12.0581 19.1385
      vertex -48.6 11.8674 20.5204
      vertex -48.3515 12.0581 20.6435
    endloop
  endfacet
  facet normal -0.6088 0.793324 0
    outer loop
      vertex -48.6 11.8674 20.5204
      vertex -48.3515 12.0581 19.1385
      vertex -48.6 11.8674 19.0154
    endloop
  endfacet
  facet normal 0.13024 0.991483 -0
    outer loop
      vertex -49.2 11.7067 18.7182
      vertex -49.5106 11.7475 20.0693
      vertex -49.2 11.7067 20.2231
    endloop
  endfacet
  facet normal 0.13024 0.991483 0
    outer loop
      vertex -49.5106 11.7475 20.0693
      vertex -49.2 11.7067 18.7182
      vertex -49.5106 11.7475 18.5643
    endloop
  endfacet
  facet normal -0.6088 -0.793324 0
    outer loop
      vertex -48.6 13.9459 20.5204
      vertex -48.3515 13.7552 19.1385
      vertex -48.3515 13.7552 20.6435
    endloop
  endfacet
  facet normal -0.6088 -0.793324 0
    outer loop
      vertex -48.3515 13.7552 19.1385
      vertex -48.6 13.9459 20.5204
      vertex -48.6 13.9459 19.0154
    endloop
  endfacet
  facet normal 0.608908 -0.793241 3.09761e-05
    outer loop
      vertex -49.8 13.9459 18.421
      vertex -49.8501 13.9075 19.9011
      vertex -50.0485 13.7552 19.7974
    endloop
  endfacet
  facet normal 0.608332 -0.793683 0
    outer loop
      vertex -49.8501 13.9075 19.9011
      vertex -49.8 13.9459 18.421
      vertex -49.8 13.9459 19.9259
    endloop
  endfacet
  facet normal 0.609109 -0.793086 8.87525e-05
    outer loop
      vertex -50.0485 13.7552 19.7974
      vertex -49.8401 13.9151 18.4011
      vertex -49.8 13.9459 18.421
    endloop
  endfacet
  facet normal 0.608735 -0.793373 0
    outer loop
      vertex -49.8401 13.9151 18.4011
      vertex -50.0485 13.7552 19.7974
      vertex -50.0485 13.7552 18.2922
    endloop
  endfacet
  facet normal 0.793324 -0.6088 0
    outer loop
      vertex -50.2392 13.5067 19.6978
      vertex -50.0485 13.7552 18.2922
      vertex -50.0485 13.7552 19.7974
    endloop
  endfacet
  facet normal 0.793324 -0.6088 0
    outer loop
      vertex -50.0485 13.7552 18.2922
      vertex -50.2392 13.5067 19.6978
      vertex -50.2392 13.5067 18.1925
    endloop
  endfacet
  facet normal -0.991441 0.130554 0
    outer loop
      vertex -48.0409 12.5961 20.7973
      vertex -48 12.9067 19.3126
      vertex -48.0409 12.5961 19.2924
    endloop
  endfacet
  facet normal -0.991441 0.130554 0
    outer loop
      vertex -48 12.9067 19.3126
      vertex -48.0409 12.5961 20.7973
      vertex -48 12.9067 20.8176
    endloop
  endfacet
  facet normal 0.793442 0.608646 -0
    outer loop
      vertex -50.0485 12.0581 18.2922
      vertex -50.2392 12.3067 19.6978
      vertex -50.0485 12.0581 19.7974
    endloop
  endfacet
  facet normal 0.793442 0.608646 0
    outer loop
      vertex -50.2392 12.3067 19.6978
      vertex -50.0485 12.0581 18.2922
      vertex -50.2392 12.3067 18.1925
    endloop
  endfacet
  facet normal 0.382756 0.92385 -0
    outer loop
      vertex -49.5106 11.7475 18.5643
      vertex -49.8 11.8674 19.9259
      vertex -49.5106 11.7475 20.0693
    endloop
  endfacet
  facet normal 0.382756 0.92385 0
    outer loop
      vertex -49.8 11.8674 19.9259
      vertex -49.5106 11.7475 18.5643
      vertex -49.8 11.8674 18.421
    endloop
  endfacet
  facet normal 0.608332 0.793683 -0
    outer loop
      vertex -49.8 11.8674 18.421
      vertex -49.8501 11.9058 19.9011
      vertex -49.8 11.8674 19.9259
    endloop
  endfacet
  facet normal 0.608908 0.793241 3.09761e-05
    outer loop
      vertex -49.8501 11.9058 19.9011
      vertex -49.8 11.8674 18.421
      vertex -50.0485 12.0581 19.7974
    endloop
  endfacet
  facet normal 0.609109 0.793086 8.87525e-05
    outer loop
      vertex -49.8401 11.8982 18.4011
      vertex -50.0485 12.0581 19.7974
      vertex -49.8 11.8674 18.421
    endloop
  endfacet
  facet normal 0.608735 0.793373 0
    outer loop
      vertex -50.0485 12.0581 19.7974
      vertex -49.8401 11.8982 18.4011
      vertex -50.0485 12.0581 18.2922
    endloop
  endfacet
  facet normal -0.923896 -0.382643 0
    outer loop
      vertex -48.0409 13.2172 19.2924
      vertex -48.1608 13.5067 20.7379
      vertex -48.1608 13.5067 19.233
    endloop
  endfacet
  facet normal -0.923896 -0.382643 0
    outer loop
      vertex -48.1608 13.5067 20.7379
      vertex -48.0409 13.2172 19.2924
      vertex -48.0409 13.2172 20.7973
    endloop
  endfacet
  facet normal -0.793324 -0.6088 0
    outer loop
      vertex -48.1608 13.5067 19.233
      vertex -48.3515 13.7552 20.6435
      vertex -48.3515 13.7552 19.1385
    endloop
  endfacet
  facet normal -0.793324 -0.6088 0
    outer loop
      vertex -48.3515 13.7552 20.6435
      vertex -48.1608 13.5067 19.233
      vertex -48.1608 13.5067 20.7379
    endloop
  endfacet
  facet normal 0.130554 -0.991441 0
    outer loop
      vertex -49.5106 14.0658 20.0693
      vertex -49.2 14.1067 18.7182
      vertex -49.2 14.1067 20.2231
    endloop
  endfacet
  facet normal 0.130554 -0.991441 0
    outer loop
      vertex -49.2 14.1067 18.7182
      vertex -49.5106 14.0658 20.0693
      vertex -49.5106 14.0658 18.5643
    endloop
  endfacet
  facet normal 0.991441 0.130554 -0
    outer loop
      vertex -50.3591 12.5961 18.1299
      vertex -50.4 12.9067 19.6137
      vertex -50.3591 12.5961 19.6351
    endloop
  endfacet
  facet normal 0.991441 0.130554 0
    outer loop
      vertex -50.4 12.9067 19.6137
      vertex -50.3591 12.5961 18.1299
      vertex -50.4 12.9067 18.1085
    endloop
  endfacet
  facet normal 0.923896 -0.382643 0
    outer loop
      vertex -50.3591 13.2172 19.6351
      vertex -50.2392 13.5067 18.1925
      vertex -50.2392 13.5067 19.6978
    endloop
  endfacet
  facet normal 0.923896 -0.382643 0
    outer loop
      vertex -50.2392 13.5067 18.1925
      vertex -50.3591 13.2172 19.6351
      vertex -50.3591 13.2172 18.1299
    endloop
  endfacet
  facet normal 0.382756 -0.92385 0
    outer loop
      vertex -49.8 13.9459 19.9259
      vertex -49.5106 14.0658 18.5643
      vertex -49.5106 14.0658 20.0693
    endloop
  endfacet
  facet normal 0.382756 -0.92385 0
    outer loop
      vertex -49.5106 14.0658 18.5643
      vertex -49.8 13.9459 19.9259
      vertex -49.8 13.9459 18.421
    endloop
  endfacet
  facet normal -0.382756 0.92385 0
    outer loop
      vertex -48.6 11.8674 19.0154
      vertex -48.8894 11.7475 20.377
      vertex -48.6 11.8674 20.5204
    endloop
  endfacet
  facet normal -0.382756 0.92385 0
    outer loop
      vertex -48.8894 11.7475 20.377
      vertex -48.6 11.8674 19.0154
      vertex -48.8894 11.7475 18.872
    endloop
  endfacet
  facet normal -0.13024 0.991483 0
    outer loop
      vertex -48.8894 11.7475 18.872
      vertex -49.2 11.7067 20.2231
      vertex -48.8894 11.7475 20.377
    endloop
  endfacet
  facet normal -0.13024 0.991483 0
    outer loop
      vertex -49.2 11.7067 20.2231
      vertex -48.8894 11.7475 18.872
      vertex -49.2 11.7067 18.7182
    endloop
  endfacet
  facet normal 0.92385 0.382756 -0
    outer loop
      vertex -50.2392 12.3067 18.1925
      vertex -50.3591 12.5961 19.6351
      vertex -50.2392 12.3067 19.6978
    endloop
  endfacet
  facet normal 0.92385 0.382756 0
    outer loop
      vertex -50.3591 12.5961 19.6351
      vertex -50.2392 12.3067 18.1925
      vertex -50.3591 12.5961 18.1299
    endloop
  endfacet
  facet normal -0.130554 -0.991441 0
    outer loop
      vertex -49.2 14.1067 20.2231
      vertex -48.8894 14.0658 18.872
      vertex -48.8894 14.0658 20.377
    endloop
  endfacet
  facet normal -0.130554 -0.991441 0
    outer loop
      vertex -48.8894 14.0658 18.872
      vertex -49.2 14.1067 20.2231
      vertex -49.2 14.1067 18.7182
    endloop
  endfacet
  facet normal 0.991436 -0.130595 0
    outer loop
      vertex -50.4 12.9067 19.6137
      vertex -50.3591 13.2172 18.1299
      vertex -50.3591 13.2172 19.6351
    endloop
  endfacet
  facet normal 0.991436 -0.130595 0
    outer loop
      vertex -50.3591 13.2172 18.1299
      vertex -50.4 12.9067 19.6137
      vertex -50.4 12.9067 18.1085
    endloop
  endfacet
  facet normal -0.92385 0.382756 0
    outer loop
      vertex -48.1608 12.3067 20.7379
      vertex -48.0409 12.5961 19.2924
      vertex -48.1608 12.3067 19.233
    endloop
  endfacet
  facet normal -0.92385 0.382756 0
    outer loop
      vertex -48.0409 12.5961 19.2924
      vertex -48.1608 12.3067 20.7379
      vertex -48.0409 12.5961 20.7973
    endloop
  endfacet
  facet normal -0.991436 -0.130595 -0
    outer loop
      vertex 50.4 12.9067 19.619
      vertex 50.3591 13.2172 18.1351
      vertex 50.4 12.9067 18.1137
    endloop
  endfacet
  facet normal -0.991436 -0.130595 0
    outer loop
      vertex 50.3591 13.2172 18.1351
      vertex 50.4 12.9067 19.619
      vertex 50.3591 13.2172 19.6403
    endloop
  endfacet
  facet normal 0.991436 -0.130595 0
    outer loop
      vertex 48 12.9067 19.3176
      vertex 48.0409 13.2172 20.8023
      vertex 48 12.9067 20.8225
    endloop
  endfacet
  facet normal 0.991436 -0.130595 0
    outer loop
      vertex 48.0409 13.2172 20.8023
      vertex 48 12.9067 19.3176
      vertex 48.0409 13.2172 19.2973
    endloop
  endfacet
  facet normal 0.130554 -0.991441 0
    outer loop
      vertex 48.8894 14.0658 18.877
      vertex 49.2 14.1067 20.2281
      vertex 48.8894 14.0658 20.3819
    endloop
  endfacet
  facet normal 0.130554 -0.991441 0
    outer loop
      vertex 49.2 14.1067 20.2281
      vertex 48.8894 14.0658 18.877
      vertex 49.2 14.1067 18.7231
    endloop
  endfacet
  facet normal -0.13024 0.991483 0
    outer loop
      vertex 49.5106 11.7475 20.0742
      vertex 49.2 11.7067 18.7231
      vertex 49.2 11.7067 20.2281
    endloop
  endfacet
  facet normal -0.13024 0.991483 0
    outer loop
      vertex 49.2 11.7067 18.7231
      vertex 49.5106 11.7475 20.0742
      vertex 49.5106 11.7475 18.5693
    endloop
  endfacet
  facet normal -0.608626 -0.793458 0
    outer loop
      vertex 49.8 13.9459 18.4259
      vertex 49.8601 13.8998 19.9011
      vertex 49.8 13.9459 19.9309
    endloop
  endfacet
  facet normal -0.608851 -0.793285 1.45886e-05
    outer loop
      vertex 49.8601 13.8998 19.9011
      vertex 49.8 13.9459 18.4259
      vertex 50.0485 13.7552 19.8026
    endloop
  endfacet
  facet normal -0.60837 -0.793653 -0.00012327
    outer loop
      vertex 49.8501 13.9075 18.4011
      vertex 50.0485 13.7552 19.8026
      vertex 49.8 13.9459 18.4259
    endloop
  endfacet
  facet normal -0.608918 -0.793233 -0
    outer loop
      vertex 50.0485 13.7552 19.8026
      vertex 49.8501 13.9075 18.4011
      vertex 50.0485 13.7552 18.2974
    endloop
  endfacet
  facet normal -0.382756 -0.92385 0
    outer loop
      vertex 49.5106 14.0658 18.5693
      vertex 49.8 13.9459 19.9309
      vertex 49.5106 14.0658 20.0742
    endloop
  endfacet
  facet normal -0.382756 -0.92385 -0
    outer loop
      vertex 49.8 13.9459 19.9309
      vertex 49.5106 14.0658 18.5693
      vertex 49.8 13.9459 18.4259
    endloop
  endfacet
  facet normal 0.6088 -0.793324 0
    outer loop
      vertex 48.3515 13.7552 19.1435
      vertex 48.6 13.9459 20.5253
      vertex 48.3515 13.7552 20.6484
    endloop
  endfacet
  facet normal 0.6088 -0.793324 0
    outer loop
      vertex 48.6 13.9459 20.5253
      vertex 48.3515 13.7552 19.1435
      vertex 48.6 13.9459 19.0204
    endloop
  endfacet
  facet normal 0.382756 -0.92385 0
    outer loop
      vertex 48.6 13.9459 19.0204
      vertex 48.8894 14.0658 20.3819
      vertex 48.6 13.9459 20.5253
    endloop
  endfacet
  facet normal 0.382756 -0.92385 0
    outer loop
      vertex 48.8894 14.0658 20.3819
      vertex 48.6 13.9459 19.0204
      vertex 48.8894 14.0658 18.877
    endloop
  endfacet
  facet normal -0.793324 -0.6088 -0
    outer loop
      vertex 50.2392 13.5067 19.703
      vertex 50.0485 13.7552 18.2974
      vertex 50.2392 13.5067 18.1978
    endloop
  endfacet
  facet normal -0.793324 -0.6088 0
    outer loop
      vertex 50.0485 13.7552 18.2974
      vertex 50.2392 13.5067 19.703
      vertex 50.0485 13.7552 19.8026
    endloop
  endfacet
  facet normal -0.923896 -0.382643 -0
    outer loop
      vertex 50.3591 13.2172 19.6403
      vertex 50.2392 13.5067 18.1978
      vertex 50.3591 13.2172 18.1351
    endloop
  endfacet
  facet normal -0.923896 -0.382643 0
    outer loop
      vertex 50.2392 13.5067 18.1978
      vertex 50.3591 13.2172 19.6403
      vertex 50.2392 13.5067 19.703
    endloop
  endfacet
  facet normal -0.130554 -0.991441 0
    outer loop
      vertex 49.2 14.1067 18.7231
      vertex 49.5106 14.0658 20.0742
      vertex 49.2 14.1067 20.2281
    endloop
  endfacet
  facet normal -0.130554 -0.991441 -0
    outer loop
      vertex 49.5106 14.0658 20.0742
      vertex 49.2 14.1067 18.7231
      vertex 49.5106 14.0658 18.5693
    endloop
  endfacet
  facet normal 0.793324 -0.6088 0
    outer loop
      vertex 48.1608 13.5067 19.2379
      vertex 48.3515 13.7552 20.6484
      vertex 48.1608 13.5067 20.7429
    endloop
  endfacet
  facet normal 0.793324 -0.6088 0
    outer loop
      vertex 48.3515 13.7552 20.6484
      vertex 48.1608 13.5067 19.2379
      vertex 48.3515 13.7552 19.1435
    endloop
  endfacet
  facet normal 0.923896 -0.382643 0
    outer loop
      vertex 48.0409 13.2172 19.2973
      vertex 48.1608 13.5067 20.7429
      vertex 48.0409 13.2172 20.8023
    endloop
  endfacet
  facet normal 0.923896 -0.382643 0
    outer loop
      vertex 48.1608 13.5067 20.7429
      vertex 48.0409 13.2172 19.2973
      vertex 48.1608 13.5067 19.2379
    endloop
  endfacet
  facet normal -0.991441 0.130554 0
    outer loop
      vertex 50.3591 12.5961 18.1351
      vertex 50.4 12.9067 19.619
      vertex 50.4 12.9067 18.1137
    endloop
  endfacet
  facet normal -0.991441 0.130554 0
    outer loop
      vertex 50.4 12.9067 19.619
      vertex 50.3591 12.5961 18.1351
      vertex 50.3591 12.5961 19.6403
    endloop
  endfacet
  facet normal -0.793442 0.608646 0
    outer loop
      vertex 50.0485 12.0581 18.2974
      vertex 50.2392 12.3067 19.703
      vertex 50.2392 12.3067 18.1978
    endloop
  endfacet
  facet normal -0.793442 0.608646 0
    outer loop
      vertex 50.2392 12.3067 19.703
      vertex 50.0485 12.0581 18.2974
      vertex 50.0485 12.0581 19.8026
    endloop
  endfacet
  facet normal -0.92385 0.382756 0
    outer loop
      vertex 50.2392 12.3067 18.1978
      vertex 50.3591 12.5961 19.6403
      vertex 50.3591 12.5961 18.1351
    endloop
  endfacet
  facet normal -0.92385 0.382756 0
    outer loop
      vertex 50.3591 12.5961 19.6403
      vertex 50.2392 12.3067 18.1978
      vertex 50.2392 12.3067 19.703
    endloop
  endfacet
  facet normal 0.6088 0.793324 0
    outer loop
      vertex 48.6 11.8674 20.5253
      vertex 48.3515 12.0581 19.1435
      vertex 48.3515 12.0581 20.6484
    endloop
  endfacet
  facet normal 0.6088 0.793324 0
    outer loop
      vertex 48.3515 12.0581 19.1435
      vertex 48.6 11.8674 20.5253
      vertex 48.6 11.8674 19.0204
    endloop
  endfacet
  facet normal 0.92385 0.382756 0
    outer loop
      vertex 48.1608 12.3067 20.7429
      vertex 48.0409 12.5961 19.2973
      vertex 48.0409 12.5961 20.8023
    endloop
  endfacet
  facet normal 0.92385 0.382756 0
    outer loop
      vertex 48.0409 12.5961 19.2973
      vertex 48.1608 12.3067 20.7429
      vertex 48.1608 12.3067 19.2379
    endloop
  endfacet
  facet normal 0.991441 0.130554 0
    outer loop
      vertex 48.0409 12.5961 20.8023
      vertex 48 12.9067 19.3176
      vertex 48 12.9067 20.8225
    endloop
  endfacet
  facet normal 0.991441 0.130554 0
    outer loop
      vertex 48 12.9067 19.3176
      vertex 48.0409 12.5961 20.8023
      vertex 48.0409 12.5961 19.2973
    endloop
  endfacet
  facet normal 0.793442 0.608646 0
    outer loop
      vertex 48.3515 12.0581 20.6484
      vertex 48.1608 12.3067 19.2379
      vertex 48.1608 12.3067 20.7429
    endloop
  endfacet
  facet normal 0.793442 0.608646 0
    outer loop
      vertex 48.1608 12.3067 19.2379
      vertex 48.3515 12.0581 20.6484
      vertex 48.3515 12.0581 19.1435
    endloop
  endfacet
  facet normal 0.13024 0.991483 0
    outer loop
      vertex 49.2 11.7067 20.2281
      vertex 48.8894 11.7475 18.877
      vertex 48.8894 11.7475 20.3819
    endloop
  endfacet
  facet normal 0.13024 0.991483 0
    outer loop
      vertex 48.8894 11.7475 18.877
      vertex 49.2 11.7067 20.2281
      vertex 49.2 11.7067 18.7231
    endloop
  endfacet
  facet normal 0.382756 0.92385 0
    outer loop
      vertex 48.8894 11.7475 20.3819
      vertex 48.6 11.8674 19.0204
      vertex 48.6 11.8674 20.5253
    endloop
  endfacet
  facet normal 0.382756 0.92385 0
    outer loop
      vertex 48.6 11.8674 19.0204
      vertex 48.8894 11.7475 20.3819
      vertex 48.8894 11.7475 18.877
    endloop
  endfacet
  facet normal -0.608851 0.793285 1.45886e-05
    outer loop
      vertex 49.8 11.8674 18.4259
      vertex 49.8601 11.9135 19.9011
      vertex 50.0485 12.0581 19.8026
    endloop
  endfacet
  facet normal -0.608626 0.793458 0
    outer loop
      vertex 49.8601 11.9135 19.9011
      vertex 49.8 11.8674 18.4259
      vertex 49.8 11.8674 19.9309
    endloop
  endfacet
  facet normal -0.60837 0.793653 -0.00012327
    outer loop
      vertex 50.0485 12.0581 19.8026
      vertex 49.8501 11.9058 18.4011
      vertex 49.8 11.8674 18.4259
    endloop
  endfacet
  facet normal -0.608918 0.793233 0
    outer loop
      vertex 49.8501 11.9058 18.4011
      vertex 50.0485 12.0581 19.8026
      vertex 50.0485 12.0581 18.2974
    endloop
  endfacet
  facet normal -0.382756 0.92385 0
    outer loop
      vertex 49.8 11.8674 19.9309
      vertex 49.5106 11.7475 18.5693
      vertex 49.5106 11.7475 20.0742
    endloop
  endfacet
  facet normal -0.382756 0.92385 0
    outer loop
      vertex 49.5106 11.7475 18.5693
      vertex 49.8 11.8674 19.9309
      vertex 49.8 11.8674 18.4259
    endloop
  endfacet
  facet normal -0.130537 -0 -0.991443
    outer loop
      vertex 6.5 2.81284 5.5
      vertex 7.14703 0.445016 5.41481
      vertex 6.5 0.412339 5.5
    endloop
  endfacet
  facet normal -0.130537 0 -0.991443
    outer loop
      vertex 7.14703 0.445016 5.41481
      vertex 6.5 2.81284 5.5
      vertex 7.14703 2.84552 5.41481
    endloop
  endfacet
  facet normal -0.991443 0 -0.130537
    outer loop
      vertex 9 0.538594 3
      vertex 8.91481 2.9348 3.64703
      vertex 9 2.9391 3
    endloop
  endfacet
  facet normal -0.991443 -0 -0.130537
    outer loop
      vertex 8.91481 2.9348 3.64703
      vertex 9 0.538594 3
      vertex 8.91481 0.534292 3.64703
    endloop
  endfacet
  facet normal -0.382686 -0 -0.923879
    outer loop
      vertex 7.14703 2.84552 5.41481
      vertex 7.75 0.475467 5.16505
      vertex 7.14703 0.445016 5.41481
    endloop
  endfacet
  facet normal -0.382686 0 -0.923879
    outer loop
      vertex 7.75 0.475467 5.16505
      vertex 7.14703 2.84552 5.41481
      vertex 7.75 2.87597 5.16505
    endloop
  endfacet
  facet normal -0.60876 -0 -0.793354
    outer loop
      vertex 7.75 2.87597 5.16505
      vertex 8.26776 0.501615 4.76776
      vertex 7.75 0.475467 5.16505
    endloop
  endfacet
  facet normal -0.60876 0 -0.793354
    outer loop
      vertex 8.26776 0.501615 4.76776
      vertex 7.75 2.87597 5.16505
      vertex 8.26776 2.90212 4.76776
    endloop
  endfacet
  facet normal -0.923879 0 -0.382686
    outer loop
      vertex 8.91481 0.534292 3.64703
      vertex 8.66505 2.92218 4.25
      vertex 8.91481 2.9348 3.64703
    endloop
  endfacet
  facet normal -0.923879 -0 -0.382686
    outer loop
      vertex 8.66505 2.92218 4.25
      vertex 8.91481 0.534292 3.64703
      vertex 8.66505 0.521679 4.25
    endloop
  endfacet
  facet normal -0.793354 0 -0.60876
    outer loop
      vertex 8.66505 0.521679 4.25
      vertex 8.26776 2.90212 4.76776
      vertex 8.66505 2.92218 4.25
    endloop
  endfacet
  facet normal -0.793354 -0 -0.60876
    outer loop
      vertex 8.26776 2.90212 4.76776
      vertex 8.66505 0.521679 4.25
      vertex 8.26776 0.501615 4.76776
    endloop
  endfacet
  facet normal -1 0 0
    outer loop
      vertex 9 0.538594 1.08674
      vertex 9 2.9391 1.08587
      vertex 9 0.539099 1.08587
    endloop
  endfacet
  facet normal -1 0 0
    outer loop
      vertex 9 2.9391 1.08587
      vertex 9 0.538594 1.08674
      vertex 9 2.9391 3
    endloop
  endfacet
  facet normal -1 -0 0
    outer loop
      vertex 9 2.9391 3
      vertex 9 0.538594 1.08674
      vertex 9 0.538594 3
    endloop
  endfacet
  facet normal 0.130537 0 -0.991443
    outer loop
      vertex -7.14703 0.445521 5.41481
      vertex -6.5 2.81335 5.5
      vertex -6.5 0.412844 5.5
    endloop
  endfacet
  facet normal 0.130537 0 -0.991443
    outer loop
      vertex -6.5 2.81335 5.5
      vertex -7.14703 0.445521 5.41481
      vertex -7.14703 2.84603 5.41481
    endloop
  endfacet
  facet normal 0 0 -1
    outer loop
      vertex 6.3875 2.80716 5.5
      vertex 6.5 0.412339 5.5
      vertex 6.3975 0.407163 5.5
    endloop
  endfacet
  facet normal 0 0 -1
    outer loop
      vertex 6.5 0.412339 5.5
      vertex 6.3875 2.80716 5.5
      vertex 6.5 2.81284 5.5
    endloop
  endfacet
  facet normal 0 0 -1
    outer loop
      vertex 0.00499964 2.70008 5.5
      vertex 6.3975 0.407163 5.5
      vertex 0.00999928 0.299999 5.5
    endloop
  endfacet
  facet normal 0 0 -1
    outer loop
      vertex 6.3975 0.407163 5.5
      vertex 0.00499964 2.70008 5.5
      vertex 6.3875 2.80716 5.5
    endloop
  endfacet
  facet normal 0 0 -1
    outer loop
      vertex 0 0.299999 5.5
      vertex 0.00499964 2.70008 5.5
      vertex 0.00999928 0.299999 5.5
    endloop
  endfacet
  facet normal 0 0 -1
    outer loop
      vertex -6.3875 0.407163 5.5
      vertex 0.00499964 2.70008 5.5
      vertex 0 0.299999 5.5
    endloop
  endfacet
  facet normal -0 0 -1
    outer loop
      vertex 0.00499964 2.70008 5.5
      vertex -6.3875 0.407163 5.5
      vertex -6.3775 2.80716 5.5
    endloop
  endfacet
  facet normal 0 0 -1
    outer loop
      vertex -6.5 0.412844 5.5
      vertex -6.3775 2.80716 5.5
      vertex -6.3875 0.407163 5.5
    endloop
  endfacet
  facet normal -0 0 -1
    outer loop
      vertex -6.3775 2.80716 5.5
      vertex -6.5 0.412844 5.5
      vertex -6.5 2.81335 5.5
    endloop
  endfacet
  facet normal 0.923879 0 -0.382686
    outer loop
      vertex -8.66505 2.92269 4.25
      vertex -8.91481 0.534797 3.64703
      vertex -8.91481 2.9353 3.64703
    endloop
  endfacet
  facet normal 0.923879 0 -0.382686
    outer loop
      vertex -8.91481 0.534797 3.64703
      vertex -8.66505 2.92269 4.25
      vertex -8.66505 0.522184 4.25
    endloop
  endfacet
  facet normal 0.382686 0 -0.923879
    outer loop
      vertex -7.75 0.475972 5.16505
      vertex -7.14703 2.84603 5.41481
      vertex -7.14703 0.445521 5.41481
    endloop
  endfacet
  facet normal 0.382686 0 -0.923879
    outer loop
      vertex -7.14703 2.84603 5.41481
      vertex -7.75 0.475972 5.16505
      vertex -7.75 2.87648 5.16505
    endloop
  endfacet
  facet normal 0.60876 0 -0.793354
    outer loop
      vertex -8.26776 0.50212 4.76776
      vertex -7.75 2.87648 5.16505
      vertex -7.75 0.475972 5.16505
    endloop
  endfacet
  facet normal 0.60876 0 -0.793354
    outer loop
      vertex -7.75 2.87648 5.16505
      vertex -8.26776 0.50212 4.76776
      vertex -8.26776 2.90262 4.76776
    endloop
  endfacet
  facet normal 0.991443 0 -0.130537
    outer loop
      vertex -8.91481 2.9353 3.64703
      vertex -9 0.539099 3
      vertex -9 2.9396 3
    endloop
  endfacet
  facet normal 0.991443 0 -0.130537
    outer loop
      vertex -9 0.539099 3
      vertex -8.91481 2.9353 3.64703
      vertex -8.91481 0.534797 3.64703
    endloop
  endfacet
  facet normal 1 -0 0
    outer loop
      vertex -9 0.539099 1.08587
      vertex -9 2.9396 1.08499
      vertex -9 2.9396 3
    endloop
  endfacet
  facet normal 1 0 0
    outer loop
      vertex -9 0.539099 1.08587
      vertex -9 2.9396 3
      vertex -9 0.539099 3
    endloop
  endfacet
  facet normal 1 0 0
    outer loop
      vertex -9 2.9396 1.08499
      vertex -9 0.539099 1.08587
      vertex -9 0.539604 1.08499
    endloop
  endfacet
  facet normal 0.793354 0 -0.60876
    outer loop
      vertex -8.26776 2.90262 4.76776
      vertex -8.66505 0.522184 4.25
      vertex -8.66505 2.92269 4.25
    endloop
  endfacet
  facet normal 0.793354 0 -0.60876
    outer loop
      vertex -8.66505 0.522184 4.25
      vertex -8.26776 2.90262 4.76776
      vertex -8.26776 0.50212 4.76776
    endloop
  endfacet
  facet normal 1 -0 0
    outer loop
      vertex -40.6 4.81495 -0.257267
      vertex -40.6 7.2173 -5.75727
      vertex -40.6 7.2173 -0.257267
    endloop
  endfacet
  facet normal 1 0 0
    outer loop
      vertex -40.6 7.2173 -5.75727
      vertex -40.6 4.81495 -0.257267
      vertex -40.6 4.81495 -5.75727
    endloop
  endfacet
  facet normal 0 0 1
    outer loop
      vertex -39.2099 6.88999 -5.75727
      vertex -39.2199 4.48998 -5.75727
      vertex -39.2099 4.48998 -5.75727
    endloop
  endfacet
  facet normal 0 0 1
    outer loop
      vertex -40.6 4.81495 -5.75727
      vertex -39.2099 6.88999 -5.75727
      vertex -40.6 7.2173 -5.75727
    endloop
  endfacet
  facet normal 0 0 1
    outer loop
      vertex -39.2099 6.88999 -5.75727
      vertex -40.6 4.81495 -5.75727
      vertex -39.2199 4.48998 -5.75727
    endloop
  endfacet
  facet normal -0.382694 0 -0.923875
    outer loop
      vertex -29.9353 2.72266 4.0894
      vertex -28.85 4.9545 3.63984
      vertex -28.85 2.55294 3.63984
    endloop
  endfacet
  facet normal -0.382694 0 -0.923875
    outer loop
      vertex -28.85 4.9545 3.63984
      vertex -29.9353 2.72266 4.0894
      vertex -29.9353 5.12422 4.0894
    endloop
  endfacet
  facet normal -1 0 0
    outer loop
      vertex -26.6 2.2011 -1.79281
      vertex -26.6 4.60267 -1.79552
      vertex -26.6 2.20267 -1.79552
    endloop
  endfacet
  facet normal -1 0 0
    outer loop
      vertex -26.6 4.60267 -1.79552
      vertex -26.6 2.2011 -1.79281
      vertex -26.6 4.60267 -0.257267
    endloop
  endfacet
  facet normal -1 -0 0
    outer loop
      vertex -26.6 4.60267 -0.257267
      vertex -26.6 2.2011 -1.79281
      vertex -26.6 2.2011 -0.257267
    endloop
  endfacet
  facet normal 0.38269 0 -0.923877
    outer loop
      vertex -38.325 4.27928 3.6502
      vertex -37.2647 6.4748 4.0894
      vertex -37.2647 4.07285 4.0894
    endloop
  endfacet
  facet normal 0.382692 -8.63537e-07 -0.923876
    outer loop
      vertex -37.2647 6.4748 4.0894
      vertex -38.325 4.27928 3.6502
      vertex -38.315 6.67928 3.65434
    endloop
  endfacet
  facet normal 0.38283 -1.53819e-06 -0.923819
    outer loop
      vertex -38.35 4.28517 3.63984
      vertex -38.315 6.67928 3.65434
      vertex -38.325 4.27928 3.6502
    endloop
  endfacet
  facet normal 0.38274 0 -0.923856
    outer loop
      vertex -38.315 6.67928 3.65434
      vertex -38.35 4.28517 3.63984
      vertex -38.35 6.68752 3.63984
    endloop
  endfacet
  facet normal -0.991448 0 -0.130499
    outer loop
      vertex -26.6 4.60267 -0.257267
      vertex -26.7533 2.22508 0.907405
      vertex -26.7533 4.62665 0.907405
    endloop
  endfacet
  facet normal -0.991448 0 -0.130499
    outer loop
      vertex -26.7533 2.22508 0.907405
      vertex -26.6 4.60267 -0.257267
      vertex -26.6 2.2011 -0.257267
    endloop
  endfacet
  facet normal 0.130521 0 -0.991445
    outer loop
      vertex -37.2647 4.07285 4.0894
      vertex -36.1 6.24806 4.24273
      vertex -36.1 3.84611 4.24273
    endloop
  endfacet
  facet normal 0.130521 0 -0.991445
    outer loop
      vertex -36.1 6.24806 4.24273
      vertex -37.2647 4.07285 4.0894
      vertex -37.2647 6.4748 4.0894
    endloop
  endfacet
  facet normal 0.608751 0 -0.793361
    outer loop
      vertex -39.282 4.50461 2.92471
      vertex -38.35 6.68752 3.63984
      vertex -38.35 4.28517 3.63984
    endloop
  endfacet
  facet normal 0.608751 0 -0.793361
    outer loop
      vertex -38.35 6.68752 3.63984
      vertex -39.282 4.50461 2.92471
      vertex -39.282 6.90696 2.92471
    endloop
  endfacet
  facet normal -0.130521 0 -0.991445
    outer loop
      vertex -31.1 2.90478 4.24273
      vertex -29.9353 5.12422 4.0894
      vertex -29.9353 2.72266 4.0894
    endloop
  endfacet
  facet normal -0.130521 0 -0.991445
    outer loop
      vertex -29.9353 5.12422 4.0894
      vertex -31.1 2.90478 4.24273
      vertex -31.1 5.30634 4.24273
    endloop
  endfacet
  facet normal 0.991448 0 -0.130499
    outer loop
      vertex -40.4467 7.1812 0.907405
      vertex -40.6 4.81495 -0.257267
      vertex -40.6 7.2173 -0.257267
    endloop
  endfacet
  facet normal 0.991448 0 -0.130499
    outer loop
      vertex -40.6 4.81495 -0.257267
      vertex -40.4467 7.1812 0.907405
      vertex -40.4467 4.77884 0.907405
    endloop
  endfacet
  facet normal -0.608751 0 -0.793361
    outer loop
      vertex -28.85 2.55294 3.63984
      vertex -27.918 4.80877 2.92471
      vertex -27.918 2.40721 2.92471
    endloop
  endfacet
  facet normal -0.608751 0 -0.793361
    outer loop
      vertex -27.918 4.80877 2.92471
      vertex -28.85 2.55294 3.63984
      vertex -28.85 4.9545 3.63984
    endloop
  endfacet
  facet normal -0.923866 0 -0.382715
    outer loop
      vertex -26.7533 4.62665 0.907405
      vertex -27.2029 2.29538 1.99273
      vertex -27.2029 4.69694 1.99273
    endloop
  endfacet
  facet normal -0.923866 0 -0.382715
    outer loop
      vertex -27.2029 2.29538 1.99273
      vertex -26.7533 4.62665 0.907405
      vertex -26.7533 2.22508 0.907405
    endloop
  endfacet
  facet normal -0.793367 0 -0.608744
    outer loop
      vertex -27.2029 4.69694 1.99273
      vertex -27.918 2.40721 2.92471
      vertex -27.918 4.80877 2.92471
    endloop
  endfacet
  facet normal -0.793367 0 -0.608744
    outer loop
      vertex -27.918 2.40721 2.92471
      vertex -27.2029 4.69694 1.99273
      vertex -27.2029 2.29538 1.99273
    endloop
  endfacet
  facet normal 0.793367 0 -0.608744
    outer loop
      vertex -39.282 6.90696 2.92471
      vertex -39.9971 4.67299 1.99273
      vertex -39.9971 7.07535 1.99273
    endloop
  endfacet
  facet normal 0.793367 0 -0.608744
    outer loop
      vertex -39.9971 4.67299 1.99273
      vertex -39.282 6.90696 2.92471
      vertex -39.282 4.50461 2.92471
    endloop
  endfacet
  facet normal 0 0 -1
    outer loop
      vertex -31.9375 3.03574 4.24273
      vertex -31.1 5.30634 4.24273
      vertex -31.1 2.90478 4.24273
    endloop
  endfacet
  facet normal -0 0 -1
    outer loop
      vertex -31.1 5.30634 4.24273
      vertex -31.9375 3.03574 4.24273
      vertex -31.9275 5.43574 4.24273
    endloop
  endfacet
  facet normal 0 0 -1
    outer loop
      vertex -36.1 3.84611 4.24273
      vertex -31.9275 5.43574 4.24273
      vertex -31.9375 3.03574 4.24273
    endloop
  endfacet
  facet normal -0 0 -1
    outer loop
      vertex -31.9275 5.43574 4.24273
      vertex -36.1 3.84611 4.24273
      vertex -36.1 6.24806 4.24273
    endloop
  endfacet
  facet normal 0.923866 0 -0.382715
    outer loop
      vertex -39.9971 7.07535 1.99273
      vertex -40.4467 4.77884 0.907405
      vertex -40.4467 7.1812 0.907405
    endloop
  endfacet
  facet normal 0.923866 0 -0.382715
    outer loop
      vertex -40.4467 4.77884 0.907405
      vertex -39.9971 7.07535 1.99273
      vertex -39.9971 4.67299 1.99273
    endloop
  endfacet
  facet normal 1 -0 0
    outer loop
      vertex 26.6 2.19954 -1.7901
      vertex 26.6 4.6011 -1.79281
      vertex 26.6 4.6011 -0.257267
    endloop
  endfacet
  facet normal 1 0 0
    outer loop
      vertex 26.6 2.19954 -1.7901
      vertex 26.6 4.6011 -0.257267
      vertex 26.6 2.19954 -0.257267
    endloop
  endfacet
  facet normal 1 0 0
    outer loop
      vertex 26.6 4.6011 -1.79281
      vertex 26.6 2.19954 -1.7901
      vertex 26.6 2.2011 -1.79281
    endloop
  endfacet
  facet normal -0 0 1
    outer loop
      vertex 39.2199 6.88999 -5.75727
      vertex 40.6 4.81259 -5.75727
      vertex 40.6 7.21495 -5.75727
    endloop
  endfacet
  facet normal 0 0 1
    outer loop
      vertex 40.6 4.81259 -5.75727
      vertex 39.2199 6.88999 -5.75727
      vertex 39.2299 4.48998 -5.75727
    endloop
  endfacet
  facet normal 0 0 1
    outer loop
      vertex 39.2299 4.48998 -5.75727
      vertex 39.2199 6.88999 -5.75727
      vertex 39.2199 4.48998 -5.75727
    endloop
  endfacet
  facet normal -0.38304 -2.56341e-06 -0.923732
    outer loop
      vertex 38.325 6.67928 3.6502
      vertex 38.35 4.28281 3.63984
      vertex 38.335 4.27928 3.64606
    endloop
  endfacet
  facet normal -0.38283 0 -0.923819
    outer loop
      vertex 38.35 4.28281 3.63984
      vertex 38.325 6.67928 3.6502
      vertex 38.35 6.68517 3.63984
    endloop
  endfacet
  facet normal -0.382689 -0 -0.923877
    outer loop
      vertex 37.2647 6.47285 4.0894
      vertex 38.335 4.27928 3.64606
      vertex 37.2647 4.07091 4.0894
    endloop
  endfacet
  facet normal -0.38269 -8.55393e-07 -0.923877
    outer loop
      vertex 38.335 4.27928 3.64606
      vertex 37.2647 6.47285 4.0894
      vertex 38.325 6.67928 3.6502
    endloop
  endfacet
  facet normal -1 0 0
    outer loop
      vertex 40.6 4.81259 -5.75727
      vertex 40.6 7.21495 -0.257267
      vertex 40.6 7.21495 -5.75727
    endloop
  endfacet
  facet normal -1 -0 0
    outer loop
      vertex 40.6 7.21495 -0.257267
      vertex 40.6 4.81259 -5.75727
      vertex 40.6 4.81259 -0.257267
    endloop
  endfacet
  facet normal 0.382694 0 -0.923875
    outer loop
      vertex 28.85 4.95294 3.63984
      vertex 29.9353 2.72109 4.0894
      vertex 28.85 2.55138 3.63984
    endloop
  endfacet
  facet normal 0.382694 0 -0.923875
    outer loop
      vertex 29.9353 2.72109 4.0894
      vertex 28.85 4.95294 3.63984
      vertex 29.9353 5.12266 4.0894
    endloop
  endfacet
  facet normal -0.991448 0 -0.130499
    outer loop
      vertex 40.6 4.81259 -0.257267
      vertex 40.4467 7.17884 0.907405
      vertex 40.6 7.21495 -0.257267
    endloop
  endfacet
  facet normal -0.991448 -0 -0.130499
    outer loop
      vertex 40.4467 7.17884 0.907405
      vertex 40.6 4.81259 -0.257267
      vertex 40.4467 4.77649 0.907405
    endloop
  endfacet
  facet normal 0.608751 0 -0.793361
    outer loop
      vertex 27.918 4.80721 2.92471
      vertex 28.85 2.55138 3.63984
      vertex 27.918 2.40564 2.92471
    endloop
  endfacet
  facet normal 0.608751 0 -0.793361
    outer loop
      vertex 28.85 2.55138 3.63984
      vertex 27.918 4.80721 2.92471
      vertex 28.85 4.95294 3.63984
    endloop
  endfacet
  facet normal -0.130521 -0 -0.991445
    outer loop
      vertex 36.1 6.24611 4.24273
      vertex 37.2647 4.07091 4.0894
      vertex 36.1 3.84416 4.24273
    endloop
  endfacet
  facet normal -0.130521 0 -0.991445
    outer loop
      vertex 37.2647 4.07091 4.0894
      vertex 36.1 6.24611 4.24273
      vertex 37.2647 6.47285 4.0894
    endloop
  endfacet
  facet normal 0.991448 0 -0.130499
    outer loop
      vertex 26.7533 2.22352 0.907405
      vertex 26.6 4.6011 -0.257267
      vertex 26.7533 4.62508 0.907405
    endloop
  endfacet
  facet normal 0.991448 0 -0.130499
    outer loop
      vertex 26.6 4.6011 -0.257267
      vertex 26.7533 2.22352 0.907405
      vertex 26.6 2.19954 -0.257267
    endloop
  endfacet
  facet normal -0.608751 -0 -0.793361
    outer loop
      vertex 38.35 6.68517 3.63984
      vertex 39.282 4.50225 2.92471
      vertex 38.35 4.28281 3.63984
    endloop
  endfacet
  facet normal -0.608751 0 -0.793361
    outer loop
      vertex 39.282 4.50225 2.92471
      vertex 38.35 6.68517 3.63984
      vertex 39.282 6.90461 2.92471
    endloop
  endfacet
  facet normal -0.923866 0 -0.382715
    outer loop
      vertex 40.4467 4.77649 0.907405
      vertex 39.9971 7.07299 1.99273
      vertex 40.4467 7.17884 0.907405
    endloop
  endfacet
  facet normal -0.923866 -0 -0.382715
    outer loop
      vertex 39.9971 7.07299 1.99273
      vertex 40.4467 4.77649 0.907405
      vertex 39.9971 4.67064 1.99273
    endloop
  endfacet
  facet normal -0.793367 0 -0.608744
    outer loop
      vertex 39.9971 4.67064 1.99273
      vertex 39.282 6.90461 2.92471
      vertex 39.9971 7.07299 1.99273
    endloop
  endfacet
  facet normal -0.793367 -0 -0.608744
    outer loop
      vertex 39.282 6.90461 2.92471
      vertex 39.9971 4.67064 1.99273
      vertex 39.282 4.50225 2.92471
    endloop
  endfacet
  facet normal 0.793367 0 -0.608744
    outer loop
      vertex 27.918 2.40564 2.92471
      vertex 27.2029 4.69538 1.99273
      vertex 27.918 4.80721 2.92471
    endloop
  endfacet
  facet normal 0.793367 0 -0.608744
    outer loop
      vertex 27.2029 4.69538 1.99273
      vertex 27.918 2.40564 2.92471
      vertex 27.2029 2.29382 1.99273
    endloop
  endfacet
  facet normal 0 0 -1
    outer loop
      vertex 31.9375 5.43574 4.24273
      vertex 36.1 3.84416 4.24273
      vertex 31.9475 3.03574 4.24273
    endloop
  endfacet
  facet normal 0 0 -1
    outer loop
      vertex 36.1 3.84416 4.24273
      vertex 31.9375 5.43574 4.24273
      vertex 36.1 6.24611 4.24273
    endloop
  endfacet
  facet normal 0 0 -1
    outer loop
      vertex 31.1 5.30478 4.24273
      vertex 31.9475 3.03574 4.24273
      vertex 31.1 2.90321 4.24273
    endloop
  endfacet
  facet normal 0 0 -1
    outer loop
      vertex 31.9475 3.03574 4.24273
      vertex 31.1 5.30478 4.24273
      vertex 31.9375 5.43574 4.24273
    endloop
  endfacet
  facet normal 0.130521 0 -0.991445
    outer loop
      vertex 29.9353 5.12266 4.0894
      vertex 31.1 2.90321 4.24273
      vertex 29.9353 2.72109 4.0894
    endloop
  endfacet
  facet normal 0.130521 0 -0.991445
    outer loop
      vertex 31.1 2.90321 4.24273
      vertex 29.9353 5.12266 4.0894
      vertex 31.1 5.30478 4.24273
    endloop
  endfacet
  facet normal 0.923866 0 -0.382715
    outer loop
      vertex 27.2029 2.29382 1.99273
      vertex 26.7533 4.62508 0.907405
      vertex 27.2029 4.69538 1.99273
    endloop
  endfacet
  facet normal 0.923866 0 -0.382715
    outer loop
      vertex 26.7533 4.62508 0.907405
      vertex 27.2029 2.29382 1.99273
      vertex 26.7533 2.22352 0.907405
    endloop
  endfacet
  facet normal 0 -1 0
    outer loop
      vertex -6.61317 0.9 15.5433
      vertex -6.28224 0.9 16.2114
      vertex -6.84373 0.9 16.1541
    endloop
  endfacet
  facet normal 0 -1 0
    outer loop
      vertex -6.88985 0.9 15.4271
      vertex -6.84373 0.9 16.1541
      vertex -7.3166 0.9 15.9823
    endloop
  endfacet
  facet normal 0 -1 -0
    outer loop
      vertex -6.28224 0.9 16.2114
      vertex -6.61317 0.9 15.5433
      vertex -6.28224 0.9 15.582
    endloop
  endfacet
  facet normal 0 -1 0
    outer loop
      vertex -7.11229 0.9 15.2335
      vertex -7.3166 0.9 15.9823
      vertex -7.70088 0.9 15.696
    endloop
  endfacet
  facet normal 0 -1 0
    outer loop
      vertex -6.28224 0.9 16.2114
      vertex -5.95584 0.9 15.543
      vertex -5.72061 0.9 16.1535
    endloop
  endfacet
  facet normal 0 -1 0
    outer loop
      vertex -5.68188 0.9 15.4259
      vertex -5.72061 0.9 16.1535
      vertex -5.95584 0.9 15.543
    endloop
  endfacet
  facet normal 0 -1 0
    outer loop
      vertex -5.95584 0.9 15.543
      vertex -6.28224 0.9 16.2114
      vertex -6.28224 0.9 15.582
    endloop
  endfacet
  facet normal 0 -1 -0
    outer loop
      vertex -6.84373 0.9 16.1541
      vertex -6.88985 0.9 15.4271
      vertex -6.61317 0.9 15.5433
    endloop
  endfacet
  facet normal 0 -1 0
    outer loop
      vertex -7.27502 0.9 14.9706
      vertex -7.70088 0.9 15.696
      vertex -7.98419 0.9 15.3075
    endloop
  endfacet
  facet normal 0 -1 0
    outer loop
      vertex -7.3166 0.9 15.9823
      vertex -7.11229 0.9 15.2335
      vertex -6.88985 0.9 15.4271
    endloop
  endfacet
  facet normal 0 -1 0
    outer loop
      vertex -7.70088 0.9 15.696
      vertex -7.27502 0.9 14.9706
      vertex -7.11229 0.9 15.2335
    endloop
  endfacet
  facet normal 0 -1 0
    outer loop
      vertex -8.15417 0.9 14.8292
      vertex -7.27502 0.9 14.9706
      vertex -7.98419 0.9 15.3075
    endloop
  endfacet
  facet normal 0 -1 0
    outer loop
      vertex -8.15417 0.9 14.8292
      vertex -7.37265 0.9 14.6464
      vertex -7.27502 0.9 14.9706
    endloop
  endfacet
  facet normal 0 -1 0
    outer loop
      vertex -8.21085 0.9 14.2611
      vertex -7.37265 0.9 14.6464
      vertex -8.15417 0.9 14.8292
    endloop
  endfacet
  facet normal 0 -1 0
    outer loop
      vertex -8.21085 0.9 14.2611
      vertex -7.4052 0.9 14.2611
      vertex -7.37265 0.9 14.6464
    endloop
  endfacet
  facet normal 0 -1 0
    outer loop
      vertex -8.21085 0.9 14.2611
      vertex -7.3719 0.9 13.8712
      vertex -7.4052 0.9 14.2611
    endloop
  endfacet
  facet normal 0 -1 0
    outer loop
      vertex -8.15404 0.9 13.6898
      vertex -7.3719 0.9 13.8712
      vertex -8.21085 0.9 14.2611
    endloop
  endfacet
  facet normal 0 -1 0
    outer loop
      vertex -8.15404 0.9 13.6898
      vertex -7.27199 0.9 13.5408
      vertex -7.3719 0.9 13.8712
    endloop
  endfacet
  facet normal 0 -1 0
    outer loop
      vertex -7.9836 0.9 13.2056
      vertex -7.27199 0.9 13.5408
      vertex -8.15404 0.9 13.6898
    endloop
  endfacet
  facet normal 0 -1 0
    outer loop
      vertex -7.69952 0.9 12.8086
      vertex -7.27199 0.9 13.5408
      vertex -7.9836 0.9 13.2056
    endloop
  endfacet
  facet normal 0 -1 -0
    outer loop
      vertex -7.27199 0.9 13.5408
      vertex -7.69952 0.9 12.8086
      vertex -7.10548 0.9 13.2697
    endloop
  endfacet
  facet normal 0 -1 0
    outer loop
      vertex -7.3154 0.9 12.5139
      vertex -7.10548 0.9 13.2697
      vertex -7.69952 0.9 12.8086
    endloop
  endfacet
  facet normal 0 -1 0
    outer loop
      vertex -6.84479 0.9 12.3372
      vertex -6.88141 0.9 13.0685
      vertex -7.3154 0.9 12.5139
    endloop
  endfacet
  facet normal 0 -1 -0
    outer loop
      vertex -7.10548 0.9 13.2697
      vertex -7.3154 0.9 12.5139
      vertex -6.88141 0.9 13.0685
    endloop
  endfacet
  facet normal 0 -1 0
    outer loop
      vertex -5.72061 0.9 16.1535
      vertex -5.68188 0.9 15.4259
      vertex -5.2473 0.9 15.9799
    endloop
  endfacet
  facet normal 0 -1 0
    outer loop
      vertex -5.46036 0.9 15.2308
      vertex -5.2473 0.9 15.9799
      vertex -5.68188 0.9 15.4259
    endloop
  endfacet
  facet normal 0 -1 -0
    outer loop
      vertex -5.2473 0.9 15.9799
      vertex -5.46036 0.9 15.2308
      vertex -4.86229 0.9 15.6906
    endloop
  endfacet
  facet normal 0 -1 0
    outer loop
      vertex -5.29761 0.9 14.9669
      vertex -4.86229 0.9 15.6906
      vertex -5.46036 0.9 15.2308
    endloop
  endfacet
  facet normal 0 -1 -0
    outer loop
      vertex -4.86229 0.9 15.6906
      vertex -5.29761 0.9 14.9669
      vertex -4.57822 0.9 15.3003
    endloop
  endfacet
  facet normal 0 -1 0
    outer loop
      vertex -5.29761 0.9 14.9669
      vertex -4.40778 0.9 14.8238
      vertex -4.57822 0.9 15.3003
    endloop
  endfacet
  facet normal 0 -1 0
    outer loop
      vertex -5.19995 0.9 14.6437
      vertex -4.40778 0.9 14.8238
      vertex -5.29761 0.9 14.9669
    endloop
  endfacet
  facet normal 0 -1 0
    outer loop
      vertex -4.35097 0.9 14.2611
      vertex -5.19995 0.9 14.6437
      vertex -5.1674 0.9 14.2611
    endloop
  endfacet
  facet normal 0 -1 0
    outer loop
      vertex -5.19995 0.9 14.6437
      vertex -4.35097 0.9 14.2611
      vertex -4.40778 0.9 14.8238
    endloop
  endfacet
  facet normal 0 -1 0
    outer loop
      vertex -5.1674 0.9 14.2611
      vertex -4.37718 0.9 13.8792
      vertex -4.35097 0.9 14.2611
    endloop
  endfacet
  facet normal 0 -1 0
    outer loop
      vertex -5.1998 0.9 13.8618
      vertex -4.37718 0.9 13.8792
      vertex -5.1674 0.9 14.2611
    endloop
  endfacet
  facet normal 0 -1 0
    outer loop
      vertex -5.1998 0.9 13.8618
      vertex -4.45586 0.9 13.5293
      vertex -4.37718 0.9 13.8792
    endloop
  endfacet
  facet normal 0 -1 0
    outer loop
      vertex -5.297 0.9 13.5281
      vertex -4.45586 0.9 13.5293
      vertex -5.1998 0.9 13.8618
    endloop
  endfacet
  facet normal 0 -1 0
    outer loop
      vertex -4.76688 0.9 12.933
      vertex -5.297 0.9 13.5281
      vertex -5.459 0.9 13.2602
    endloop
  endfacet
  facet normal 0 -1 0
    outer loop
      vertex -5.297 0.9 13.5281
      vertex -4.58696 0.9 13.2114
      vertex -4.45586 0.9 13.5293
    endloop
  endfacet
  facet normal 0 -1 0
    outer loop
      vertex -5.26236 0.9 12.5183
      vertex -5.459 0.9 13.2602
      vertex -5.68068 0.9 13.0643
    endloop
  endfacet
  facet normal 0 -1 0
    outer loop
      vertex -5.57158 0.9 12.385
      vertex -5.68068 0.9 13.0643
      vertex -5.95691 0.9 12.9467
    endloop
  endfacet
  facet normal 0 -1 0
    outer loop
      vertex -5.297 0.9 13.5281
      vertex -4.76688 0.9 12.933
      vertex -4.58696 0.9 13.2114
    endloop
  endfacet
  facet normal 0 -1 0
    outer loop
      vertex -5.91335 0.9 12.3049
      vertex -5.95691 0.9 12.9467
      vertex -6.28769 0.9 12.9075
    endloop
  endfacet
  facet normal 0 -1 0
    outer loop
      vertex -6.88141 0.9 13.0685
      vertex -6.84479 0.9 12.3372
      vertex -6.60881 0.9 12.9478
    endloop
  endfacet
  facet normal -0 -1 0
    outer loop
      vertex -5.91335 0.9 12.3049
      vertex -6.28769 0.9 12.9075
      vertex -6.28769 0.9 12.2783
    endloop
  endfacet
  facet normal 0 -1 0
    outer loop
      vertex -5.95691 0.9 12.9467
      vertex -5.91335 0.9 12.3049
      vertex -5.57158 0.9 12.385
    endloop
  endfacet
  facet normal 0 -1 0
    outer loop
      vertex -6.28769 0.9 12.2783
      vertex -6.60881 0.9 12.9478
      vertex -6.84479 0.9 12.3372
    endloop
  endfacet
  facet normal 0 -1 0
    outer loop
      vertex -5.68068 0.9 13.0643
      vertex -5.57158 0.9 12.385
      vertex -5.26236 0.9 12.5183
    endloop
  endfacet
  facet normal 0 -1 0
    outer loop
      vertex -6.60881 0.9 12.9478
      vertex -6.28769 0.9 12.2783
      vertex -6.28769 0.9 12.9075
    endloop
  endfacet
  facet normal 0 -1 0
    outer loop
      vertex -5.459 0.9 13.2602
      vertex -5.26236 0.9 12.5183
      vertex -4.99202 0.9 12.702
    endloop
  endfacet
  facet normal 0 -1 0
    outer loop
      vertex -5.459 0.9 13.2602
      vertex -4.99202 0.9 12.702
      vertex -4.76688 0.9 12.933
    endloop
  endfacet
  facet normal 0 -1 0
    outer loop
      vertex 1.17477 0.9 13.0052
      vertex 1.83513 0.9 13.4555
      vertex 1.06204 0.9 13.328
    endloop
  endfacet
  facet normal 0 -1 -0
    outer loop
      vertex 1.83513 0.9 13.4555
      vertex 1.17477 0.9 13.0052
      vertex 1.90413 0.9 13.2715
    endloop
  endfacet
  facet normal 0 -1 0
    outer loop
      vertex 1.35379 0.9 12.7421
      vertex 1.90413 0.9 13.2715
      vertex 1.17477 0.9 13.0052
    endloop
  endfacet
  facet normal 0 -1 -0
    outer loop
      vertex 1.90413 0.9 13.2715
      vertex 1.35379 0.9 12.7421
      vertex 2.00629 0.9 13.1245
    endloop
  endfacet
  facet normal 0 -1 0
    outer loop
      vertex 1.59912 0.9 12.5387
      vertex 2.00629 0.9 13.1245
      vertex 1.35379 0.9 12.7421
    endloop
  endfacet
  facet normal 0 -1 -0
    outer loop
      vertex 2.00629 0.9 13.1245
      vertex 1.59912 0.9 12.5387
      vertex 2.1416 0.9 13.0147
    endloop
  endfacet
  facet normal 0 -1 0
    outer loop
      vertex 1.91287 0.9 12.394
      vertex 2.1416 0.9 13.0147
      vertex 1.59912 0.9 12.5387
    endloop
  endfacet
  facet normal 0 -1 -0
    outer loop
      vertex 2.1416 0.9 13.0147
      vertex 1.91287 0.9 12.394
      vertex 2.31311 0.9 12.9386
    endloop
  endfacet
  facet normal 0 -1 0
    outer loop
      vertex 2.29713 0.9 12.3072
      vertex 2.31311 0.9 12.9386
      vertex 1.91287 0.9 12.394
    endloop
  endfacet
  facet normal -0 -1 0
    outer loop
      vertex 3.24574 0.9 12.3113
      vertex 2.77365 0.9 12.8777
      vertex 2.75192 0.9 12.2783
    endloop
  endfacet
  facet normal 0 -1 -0
    outer loop
      vertex 2.31311 0.9 12.9386
      vertex 2.29713 0.9 12.3072
      vertex 2.52379 0.9 12.8929
    endloop
  endfacet
  facet normal -0 -1 0
    outer loop
      vertex 3.65306 0.9 12.4103
      vertex 2.77365 0.9 12.8777
      vertex 3.24574 0.9 12.3113
    endloop
  endfacet
  facet normal 0 -1 0
    outer loop
      vertex 2.75192 0.9 12.2783
      vertex 2.52379 0.9 12.8929
      vertex 2.29713 0.9 12.3072
    endloop
  endfacet
  facet normal -0 -1 0
    outer loop
      vertex 3.97388 0.9 12.5753
      vertex 2.77365 0.9 12.8777
      vertex 3.65306 0.9 12.4103
    endloop
  endfacet
  facet normal 0 -1 0
    outer loop
      vertex 2.52379 0.9 12.8929
      vertex 2.75192 0.9 12.2783
      vertex 2.77365 0.9 12.8777
    endloop
  endfacet
  facet normal 0 -1 0
    outer loop
      vertex 2.77365 0.9 12.8777
      vertex 3.97388 0.9 12.5753
      vertex 4.20522 0.9 12.8027
    endloop
  endfacet
  facet normal 0 -1 0
    outer loop
      vertex 2.30663 0.9 16.1808
      vertex 2.34265 0.9 15.5938
      vertex 2.74652 0.9 15.6445
    endloop
  endfacet
  facet normal 0 -1 0
    outer loop
      vertex 2.01956 0.9 15.1888
      vertex 1.41408 0.9 15.7255
      vertex 1.28433 0.9 15.4611
    endloop
  endfacet
  facet normal 0 -1 0
    outer loop
      vertex 1.63033 0.9 15.9361
      vertex 2.10034 0.9 15.4419
      vertex 2.34265 0.9 15.5938
    endloop
  endfacet
  facet normal 0 -1 0
    outer loop
      vertex 1.41408 0.9 15.7255
      vertex 2.01956 0.9 15.1888
      vertex 2.10034 0.9 15.4419
    endloop
  endfacet
  facet normal 0 -1 0
    outer loop
      vertex 1.24109 0.9 15.1427
      vertex 2.01956 0.9 15.1888
      vertex 1.28433 0.9 15.4611
    endloop
  endfacet
  facet normal 0 -1 0
    outer loop
      vertex 1.24109 0.9 15.1427
      vertex 2.02815 0.9 15.0953
      vertex 2.01956 0.9 15.1888
    endloop
  endfacet
  facet normal 0 -1 0
    outer loop
      vertex 1.24696 0.9 15.0121
      vertex 2.02815 0.9 15.0953
      vertex 1.24109 0.9 15.1427
    endloop
  endfacet
  facet normal 0 -1 0
    outer loop
      vertex 1.26459 0.9 14.8919
      vertex 2.02815 0.9 15.0953
      vertex 1.24696 0.9 15.0121
    endloop
  endfacet
  facet normal 0 -1 0
    outer loop
      vertex 1.29396 0.9 14.7819
      vertex 2.02815 0.9 15.0953
      vertex 1.26459 0.9 14.8919
    endloop
  endfacet
  facet normal 0 -1 -0
    outer loop
      vertex 2.02815 0.9 15.0953
      vertex 1.29396 0.9 14.7819
      vertex 2.05391 0.9 15.0139
    endloop
  endfacet
  facet normal 0 -1 0
    outer loop
      vertex 1.33389 0.9 14.6815
      vertex 2.05391 0.9 15.0139
      vertex 1.29396 0.9 14.7819
    endloop
  endfacet
  facet normal 0 -1 0
    outer loop
      vertex 1.38315 0.9 14.5902
      vertex 2.05391 0.9 15.0139
      vertex 1.33389 0.9 14.6815
    endloop
  endfacet
  facet normal 0 -1 0
    outer loop
      vertex 1.44176 0.9 14.5079
      vertex 2.05391 0.9 15.0139
      vertex 1.38315 0.9 14.5902
    endloop
  endfacet
  facet normal 0 -1 -0
    outer loop
      vertex 2.05391 0.9 15.0139
      vertex 1.44176 0.9 14.5079
      vertex 2.09685 0.9 14.9446
    endloop
  endfacet
  facet normal 0 -1 0
    outer loop
      vertex 1.50958 0.9 14.4339
      vertex 2.09685 0.9 14.9446
      vertex 1.44176 0.9 14.5079
    endloop
  endfacet
  facet normal 0 -1 0
    outer loop
      vertex 1.58644 0.9 14.3675
      vertex 2.09685 0.9 14.9446
      vertex 1.50958 0.9 14.4339
    endloop
  endfacet
  facet normal 0 -1 0
    outer loop
      vertex 1.67232 0.9 14.3085
      vertex 2.09685 0.9 14.9446
      vertex 1.58644 0.9 14.3675
    endloop
  endfacet
  facet normal 0 -1 -0
    outer loop
      vertex 2.09685 0.9 14.9446
      vertex 1.67232 0.9 14.3085
      vertex 2.15668 0.9 14.8845
    endloop
  endfacet
  facet normal 0 -1 0
    outer loop
      vertex 1.76636 0.9 14.2558
      vertex 2.15668 0.9 14.8845
      vertex 1.67232 0.9 14.3085
    endloop
  endfacet
  facet normal 0 -1 -0
    outer loop
      vertex 2.23308 0.9 14.8307
      vertex 1.97612 0.9 14.1648
      vertex 2.32605 0.9 14.7832
    endloop
  endfacet
  facet normal 0 -1 0
    outer loop
      vertex 1.86763 0.9 14.2079
      vertex 2.15668 0.9 14.8845
      vertex 1.76636 0.9 14.2558
    endloop
  endfacet
  facet normal 0 -1 0
    outer loop
      vertex 2.31613 0.9 14.066
      vertex 2.46198 0.9 14.7352
      vertex 2.11719 0.9 14.1198
    endloop
  endfacet
  facet normal 0 -1 -0
    outer loop
      vertex 2.15668 0.9 14.8845
      vertex 1.86763 0.9 14.2079
      vertex 2.23308 0.9 14.8307
    endloop
  endfacet
  facet normal 0 -1 -0
    outer loop
      vertex 2.66724 0.9 14.6796
      vertex 2.57292 0.9 14.0034
      vertex 2.9418 0.9 14.6164
    endloop
  endfacet
  facet normal 0 -1 0
    outer loop
      vertex 1.97612 0.9 14.1648
      vertex 2.23308 0.9 14.8307
      vertex 1.86763 0.9 14.2079
    endloop
  endfacet
  facet normal 0 -1 0
    outer loop
      vertex 2.86812 0.9 13.9398
      vertex 2.9418 0.9 14.6164
      vertex 2.57292 0.9 14.0034
    endloop
  endfacet
  facet normal 0 -1 0
    outer loop
      vertex 2.11719 0.9 14.1198
      vertex 2.32605 0.9 14.7832
      vertex 1.97612 0.9 14.1648
    endloop
  endfacet
  facet normal 0 -1 -0
    outer loop
      vertex 2.32605 0.9 14.7832
      vertex 2.11719 0.9 14.1198
      vertex 2.46198 0.9 14.7352
    endloop
  endfacet
  facet normal 0 -1 -0
    outer loop
      vertex 2.9418 0.9 14.6164
      vertex 2.86812 0.9 13.9398
      vertex 3.27408 0.9 14.5406
    endloop
  endfacet
  facet normal 0 -1 -0
    outer loop
      vertex 2.46198 0.9 14.7352
      vertex 2.31613 0.9 14.066
      vertex 2.66724 0.9 14.6796
    endloop
  endfacet
  facet normal 0 -1 0
    outer loop
      vertex 3.09189 0.9 13.8828
      vertex 3.27408 0.9 14.5406
      vertex 2.86812 0.9 13.9398
    endloop
  endfacet
  facet normal 0 -1 0
    outer loop
      vertex 2.57292 0.9 14.0034
      vertex 2.66724 0.9 14.6796
      vertex 2.31613 0.9 14.066
    endloop
  endfacet
  facet normal 0 -1 0
    outer loop
      vertex 3.24425 0.9 13.8325
      vertex 3.27408 0.9 14.5406
      vertex 3.09189 0.9 13.8828
    endloop
  endfacet
  facet normal 0 -1 -0
    outer loop
      vertex 3.27408 0.9 14.5406
      vertex 3.24425 0.9 13.8325
      vertex 3.53674 0.9 14.4687
    endloop
  endfacet
  facet normal 0 -1 0
    outer loop
      vertex 3.35214 0.9 13.7816
      vertex 3.53674 0.9 14.4687
      vertex 3.24425 0.9 13.8325
    endloop
  endfacet
  facet normal 0 -1 -0
    outer loop
      vertex 3.53674 0.9 14.4687
      vertex 3.35214 0.9 13.7816
      vertex 3.72977 0.9 14.4008
    endloop
  endfacet
  facet normal 0 -1 0
    outer loop
      vertex 3.44255 0.9 13.7228
      vertex 3.72977 0.9 14.4008
      vertex 3.35214 0.9 13.7816
    endloop
  endfacet
  facet normal 0 -1 -0
    outer loop
      vertex 3.72977 0.9 14.4008
      vertex 3.44255 0.9 13.7228
      vertex 3.877 0.9 14.3311
    endloop
  endfacet
  facet normal 0 -1 0
    outer loop
      vertex 3.51549 0.9 13.6562
      vertex 3.877 0.9 14.3311
      vertex 3.44255 0.9 13.7228
    endloop
  endfacet
  facet normal 0 -1 -0
    outer loop
      vertex 3.877 0.9 14.3311
      vertex 3.51549 0.9 13.6562
      vertex 4.00223 0.9 14.2543
    endloop
  endfacet
  facet normal 0 -1 -0
    outer loop
      vertex 4.00223 0.9 14.2543
      vertex 3.51549 0.9 13.6562
      vertex 4.10544 0.9 14.1702
    endloop
  endfacet
  facet normal 0 -1 -0
    outer loop
      vertex 4.10544 0.9 14.1702
      vertex 3.51549 0.9 13.6562
      vertex 4.19044 0.9 14.0768
    endloop
  endfacet
  facet normal 0 -1 0
    outer loop
      vertex 3.569 0.9 13.5793
      vertex 4.19044 0.9 14.0768
      vertex 3.51549 0.9 13.6562
    endloop
  endfacet
  facet normal 0 -1 -0
    outer loop
      vertex 4.19044 0.9 14.0768
      vertex 3.569 0.9 13.5793
      vertex 4.26099 0.9 13.9719
    endloop
  endfacet
  facet normal 0 -1 -0
    outer loop
      vertex 4.26099 0.9 13.9719
      vertex 3.569 0.9 13.5793
      vertex 4.31705 0.9 13.8555
    endloop
  endfacet
  facet normal 0 -1 -0
    outer loop
      vertex 4.31705 0.9 13.8555
      vertex 3.569 0.9 13.5793
      vertex 4.35773 0.9 13.7273
    endloop
  endfacet
  facet normal 0 -1 0
    outer loop
      vertex 3.6011 0.9 13.4898
      vertex 4.35773 0.9 13.7273
      vertex 3.569 0.9 13.5793
    endloop
  endfacet
  facet normal 0 -1 -0
    outer loop
      vertex 4.35773 0.9 13.7273
      vertex 3.6011 0.9 13.4898
      vertex 4.38214 0.9 13.5867
    endloop
  endfacet
  facet normal 0 -1 0
    outer loop
      vertex 3.6011 0.9 13.4898
      vertex 4.39029 0.9 13.4338
      vertex 4.38214 0.9 13.5867
    endloop
  endfacet
  facet normal 0 -1 0
    outer loop
      vertex 3.6118 0.9 13.3877
      vertex 4.39029 0.9 13.4338
      vertex 3.6011 0.9 13.4898
    endloop
  endfacet
  facet normal 0 -1 0
    outer loop
      vertex 4.34402 0.9 13.0889
      vertex 3.6118 0.9 13.3877
      vertex 3.51868 0.9 13.1044
    endloop
  endfacet
  facet normal 0 -1 0
    outer loop
      vertex 3.6118 0.9 13.3877
      vertex 4.34402 0.9 13.0889
      vertex 4.39029 0.9 13.4338
    endloop
  endfacet
  facet normal 0 -1 0
    outer loop
      vertex 4.20522 0.9 12.8027
      vertex 3.51868 0.9 13.1044
      vertex 3.23929 0.9 12.9344
    endloop
  endfacet
  facet normal 0 -1 0
    outer loop
      vertex 3.51868 0.9 13.1044
      vertex 4.20522 0.9 12.8027
      vertex 4.34402 0.9 13.0889
    endloop
  endfacet
  facet normal 0 -1 0
    outer loop
      vertex 4.20522 0.9 12.8027
      vertex 3.23929 0.9 12.9344
      vertex 2.77365 0.9 12.8777
    endloop
  endfacet
  facet normal 0 -1 0
    outer loop
      vertex 2.74652 0.9 15.6445
      vertex 2.76277 0.9 16.2114
      vertex 2.30663 0.9 16.1808
    endloop
  endfacet
  facet normal 0 -1 0
    outer loop
      vertex 2.95673 0.9 15.6306
      vertex 2.76277 0.9 16.2114
      vertex 2.74652 0.9 15.6445
    endloop
  endfacet
  facet normal 0 -1 0
    outer loop
      vertex 2.34265 0.9 15.5938
      vertex 2.30663 0.9 16.1808
      vertex 1.92915 0.9 16.089
    endloop
  endfacet
  facet normal 0 -1 0
    outer loop
      vertex 2.76277 0.9 16.2114
      vertex 2.95673 0.9 15.6306
      vertex 3.19722 0.9 16.1867
    endloop
  endfacet
  facet normal 0 -1 0
    outer loop
      vertex 2.34265 0.9 15.5938
      vertex 1.92915 0.9 16.089
      vertex 1.63033 0.9 15.9361
    endloop
  endfacet
  facet normal 0 -1 0
    outer loop
      vertex 3.13168 0.9 15.589
      vertex 3.19722 0.9 16.1867
      vertex 2.95673 0.9 15.6306
    endloop
  endfacet
  facet normal 0 -1 0
    outer loop
      vertex 2.10034 0.9 15.4419
      vertex 1.63033 0.9 15.9361
      vertex 1.41408 0.9 15.7255
    endloop
  endfacet
  facet normal 0 -1 -0
    outer loop
      vertex 3.19722 0.9 16.1867
      vertex 3.13168 0.9 15.589
      vertex 3.55301 0.9 16.1125
    endloop
  endfacet
  facet normal 0 -1 0
    outer loop
      vertex 3.27136 0.9 15.5197
      vertex 3.55301 0.9 16.1125
      vertex 3.13168 0.9 15.589
    endloop
  endfacet
  facet normal 0 -1 -0
    outer loop
      vertex 3.55301 0.9 16.1125
      vertex 3.27136 0.9 15.5197
      vertex 3.83012 0.9 15.9889
    endloop
  endfacet
  facet normal 0 -1 0
    outer loop
      vertex 3.37973 0.9 15.4229
      vertex 3.83012 0.9 15.9889
      vertex 3.27136 0.9 15.5197
    endloop
  endfacet
  facet normal 0 -1 -0
    outer loop
      vertex 3.83012 0.9 15.9889
      vertex 3.37973 0.9 15.4229
      vertex 4.03975 0.9 15.8084
    endloop
  endfacet
  facet normal 0 -1 0
    outer loop
      vertex 3.46065 0.9 15.299
      vertex 4.03975 0.9 15.8084
      vertex 3.37973 0.9 15.4229
    endloop
  endfacet
  facet normal 0 -1 -0
    outer loop
      vertex 4.03975 0.9 15.8084
      vertex 3.46065 0.9 15.299
      vertex 4.19302 0.9 15.5634
    endloop
  endfacet
  facet normal 0 -1 0
    outer loop
      vertex 3.51413 0.9 15.1481
      vertex 4.19302 0.9 15.5634
      vertex 3.46065 0.9 15.299
    endloop
  endfacet
  facet normal 0 -1 -0
    outer loop
      vertex 4.19302 0.9 15.5634
      vertex 3.51413 0.9 15.1481
      vertex 4.28992 0.9 15.2538
    endloop
  endfacet
  facet normal 0 -1 0
    outer loop
      vertex -4.21324 0.9 16.1544
      vertex -2.84888 0.9 13.686
      vertex -3.40221 0.9 16.1544
    endloop
  endfacet
  facet normal 0 -1 0
    outer loop
      vertex -3.22861 0.9 12.3325
      vertex -2.84888 0.9 13.686
      vertex -4.21324 0.9 16.1544
    endloop
  endfacet
  facet normal 0 -1 -0
    outer loop
      vertex -2.84888 0.9 13.686
      vertex -3.22861 0.9 12.3325
      vertex -2.72409 0.9 13.0893
    endloop
  endfacet
  facet normal 0 -1 0
    outer loop
      vertex -2.03513 0.9 16.1544
      vertex -1.59569 0.9 15.3597
      vertex -1.14 0.9 16.1544
    endloop
  endfacet
  facet normal 0 -1 0
    outer loop
      vertex -2.3038 0.9 15.0042
      vertex -1.59569 0.9 15.3597
      vertex -2.03513 0.9 16.1544
    endloop
  endfacet
  facet normal 0 -1 0
    outer loop
      vertex -1.59569 0.9 15.3597
      vertex -2.3038 0.9 15.0042
      vertex -1.63638 0.9 15.1416
    endloop
  endfacet
  facet normal 0 -1 0
    outer loop
      vertex -2.3038 0.9 15.0042
      vertex -1.67165 0.9 14.9612
      vertex -1.63638 0.9 15.1416
    endloop
  endfacet
  facet normal 0 -1 0
    outer loop
      vertex -2.3038 0.9 15.0042
      vertex -1.70148 0.9 14.8185
      vertex -1.67165 0.9 14.9612
    endloop
  endfacet
  facet normal 0 -1 0
    outer loop
      vertex -2.3038 0.9 15.0042
      vertex -1.78375 0.9 14.4597
      vertex -1.70148 0.9 14.8185
    endloop
  endfacet
  facet normal 0 -1 0
    outer loop
      vertex -2.48419 0.9 14.2225
      vertex -1.78375 0.9 14.4597
      vertex -2.3038 0.9 15.0042
    endloop
  endfacet
  facet normal 0 -1 0
    outer loop
      vertex -1.97635 0.9 13.631
      vertex -2.48419 0.9 14.2225
      vertex -2.57628 0.9 13.8095
    endloop
  endfacet
  facet normal 0 -1 0
    outer loop
      vertex -2.48419 0.9 14.2225
      vertex -1.97635 0.9 13.631
      vertex -1.78375 0.9 14.4597
    endloop
  endfacet
  facet normal 0 -1 0
    outer loop
      vertex -2.62465 0.9 13.577
      vertex -1.97635 0.9 13.631
      vertex -2.57628 0.9 13.8095
    endloop
  endfacet
  facet normal 0 -1 0
    outer loop
      vertex -2.67392 0.9 13.3369
      vertex -1.97635 0.9 13.631
      vertex -2.62465 0.9 13.577
    endloop
  endfacet
  facet normal 0 -1 0
    outer loop
      vertex -2.72409 0.9 13.0893
      vertex -1.97635 0.9 13.631
      vertex -2.67392 0.9 13.3369
    endloop
  endfacet
  facet normal 0 -1 0
    outer loop
      vertex -2.27925 0.9 12.3325
      vertex -2.72409 0.9 13.0893
      vertex -3.22861 0.9 12.3325
    endloop
  endfacet
  facet normal 0 -1 0
    outer loop
      vertex -2.72409 0.9 13.0893
      vertex -2.27925 0.9 12.3325
      vertex -1.97635 0.9 13.631
    endloop
  endfacet
  facet normal 0 -1 0
    outer loop
      vertex -1.54898 0.9 15.0797
      vertex -1.14 0.9 16.1544
      vertex -1.59569 0.9 15.3597
    endloop
  endfacet
  facet normal 0 -1 0
    outer loop
      vertex -0.657166 0.9 14.12
      vertex -1.54898 0.9 15.0797
      vertex -1.49564 0.9 14.8075
    endloop
  endfacet
  facet normal 0 -1 0
    outer loop
      vertex -0.657166 0.9 14.12
      vertex -1.49564 0.9 14.8075
      vertex -1.43564 0.9 14.5432
    endloop
  endfacet
  facet normal 0 -1 0
    outer loop
      vertex -1.54898 0.9 15.0797
      vertex -0.657166 0.9 14.12
      vertex -1.14 0.9 16.1544
    endloop
  endfacet
  facet normal 0 -1 0
    outer loop
      vertex -1.43564 0.9 14.5432
      vertex -0.610443 0.9 13.9042
      vertex -0.657166 0.9 14.12
    endloop
  endfacet
  facet normal 0 -1 0
    outer loop
      vertex -1.43564 0.9 14.5432
      vertex -0.546249 0.9 13.5607
      vertex -0.610443 0.9 13.9042
    endloop
  endfacet
  facet normal 0 -1 0
    outer loop
      vertex -0.917557 0.9 12.3325
      vertex -0.546249 0.9 13.5607
      vertex -1.43564 0.9 14.5432
    endloop
  endfacet
  facet normal 0 -1 -0
    outer loop
      vertex -0.546249 0.9 13.5607
      vertex -0.917557 0.9 12.3325
      vertex -0.464569 0.9 13.0893
    endloop
  endfacet
  facet normal 0 -1 0
    outer loop
      vertex -0.253006 0.9 14.0278
      vertex 1.01913 0.9 16.1544
      vertex 0.208099 0.9 16.1544
    endloop
  endfacet
  facet normal 0 -1 0
    outer loop
      vertex 0.0317841 0.9 12.3325
      vertex -0.253006 0.9 14.0278
      vertex -0.396759 0.9 13.4039
    endloop
  endfacet
  facet normal 0 -1 0
    outer loop
      vertex 0.0317841 0.9 12.3325
      vertex -0.396759 0.9 13.4039
      vertex -0.464569 0.9 13.0893
    endloop
  endfacet
  facet normal 0 -1 0
    outer loop
      vertex -0.253006 0.9 14.0278
      vertex 0.0317841 0.9 12.3325
      vertex 1.01913 0.9 16.1544
    endloop
  endfacet
  facet normal 0 -1 0
    outer loop
      vertex 0.0317841 0.9 12.3325
      vertex -0.464569 0.9 13.0893
      vertex -0.917557 0.9 12.3325
    endloop
  endfacet
  facet normal 0 -1 0
    outer loop
      vertex 4.89227 0.9 16.1544
      vertex 5.69247 0.9 14.6327
      vertex 5.69247 0.9 16.1544
    endloop
  endfacet
  facet normal 0 -1 0
    outer loop
      vertex 5.69247 0.9 14.6327
      vertex 5.69247 0.9 13.9709
      vertex 7.35796 0.9 14.6327
    endloop
  endfacet
  facet normal 0 -1 0
    outer loop
      vertex 4.89227 0.9 16.1544
      vertex 5.69247 0.9 13.9709
      vertex 5.69247 0.9 14.6327
    endloop
  endfacet
  facet normal 0 -1 0
    outer loop
      vertex 4.89227 0.9 12.3325
      vertex 5.69247 0.9 13.9709
      vertex 4.89227 0.9 16.1544
    endloop
  endfacet
  facet normal 0 -1 -0
    outer loop
      vertex 5.69247 0.9 13.9709
      vertex 4.89227 0.9 12.3325
      vertex 5.69247 0.9 12.3325
    endloop
  endfacet
  facet normal 0 -1 0
    outer loop
      vertex 7.35796 0.9 14.6327
      vertex 8.15816 0.9 16.1544
      vertex 7.35796 0.9 16.1544
    endloop
  endfacet
  facet normal 0 -1 0
    outer loop
      vertex 7.35796 0.9 13.9709
      vertex 7.35796 0.9 14.6327
      vertex 5.69247 0.9 13.9709
    endloop
  endfacet
  facet normal 0 -1 0
    outer loop
      vertex 7.35796 0.9 13.9709
      vertex 8.15816 0.9 16.1544
      vertex 7.35796 0.9 14.6327
    endloop
  endfacet
  facet normal 0 -1 0
    outer loop
      vertex 8.15816 0.9 12.3325
      vertex 7.35796 0.9 13.9709
      vertex 7.35796 0.9 12.3325
    endloop
  endfacet
  facet normal 0 -1 0
    outer loop
      vertex 7.35796 0.9 13.9709
      vertex 8.15816 0.9 12.3325
      vertex 8.15816 0.9 16.1544
    endloop
  endfacet
  facet normal -0.228185 0 0.973618
    outer loop
      vertex -5.91335 0.399208 12.3049
      vertex -5.57158 0.9 12.385
      vertex -5.91335 0.9 12.3049
    endloop
  endfacet
  facet normal -0.228185 0 0.973618
    outer loop
      vertex -5.57158 0.9 12.385
      vertex -5.91335 0.399208 12.3049
      vertex -5.57158 0.393474 12.385
    endloop
  endfacet
  facet normal -0.395868 0 0.918307
    outer loop
      vertex -5.57158 0.393474 12.385
      vertex -5.26236 0.9 12.5183
      vertex -5.57158 0.9 12.385
    endloop
  endfacet
  facet normal -0.395868 0 0.918307
    outer loop
      vertex -5.26236 0.9 12.5183
      vertex -5.57158 0.393474 12.385
      vertex -5.26236 0.388286 12.5183
    endloop
  endfacet
  facet normal -0.562036 0 0.827113
    outer loop
      vertex -5.26236 0.388286 12.5183
      vertex -4.99202 0.9 12.702
      vertex -5.26236 0.9 12.5183
    endloop
  endfacet
  facet normal -0.562036 0 0.827113
    outer loop
      vertex -4.99202 0.9 12.702
      vertex -5.26236 0.388286 12.5183
      vertex -4.99202 0.383751 12.702
    endloop
  endfacet
  facet normal -0.716132 0 0.697965
    outer loop
      vertex -4.99202 0.383751 12.702
      vertex -4.76688 0.9 12.933
      vertex -4.99202 0.9 12.702
    endloop
  endfacet
  facet normal -0.716132 0 0.697965
    outer loop
      vertex -4.76688 0.9 12.933
      vertex -4.99202 0.383751 12.702
      vertex -4.76688 0.379973 12.933
    endloop
  endfacet
  facet normal -0.839874 0 0.542781
    outer loop
      vertex -4.76688 0.379973 12.933
      vertex -4.58696 0.9 13.2114
      vertex -4.76688 0.9 12.933
    endloop
  endfacet
  facet normal -0.839874 0 0.542781
    outer loop
      vertex -4.58696 0.9 13.2114
      vertex -4.76688 0.379973 12.933
      vertex -4.58696 0.376955 13.2114
    endloop
  endfacet
  facet normal -0.924473 0 0.381247
    outer loop
      vertex -4.58696 0.376955 13.2114
      vertex -4.45586 0.9 13.5293
      vertex -4.58696 0.9 13.2114
    endloop
  endfacet
  facet normal -0.924473 0 0.381247
    outer loop
      vertex -4.45586 0.9 13.5293
      vertex -4.58696 0.376955 13.2114
      vertex -4.45586 0.374755 13.5293
    endloop
  endfacet
  facet normal -0.975638 0 0.219386
    outer loop
      vertex -4.45586 0.374755 13.5293
      vertex -4.37718 0.9 13.8792
      vertex -4.45586 0.9 13.5293
    endloop
  endfacet
  facet normal -0.975638 0 0.219386
    outer loop
      vertex -4.37718 0.9 13.8792
      vertex -4.45586 0.374755 13.5293
      vertex -4.37718 0.373435 13.8792
    endloop
  endfacet
  facet normal -0.997653 0 0.0684695
    outer loop
      vertex -4.37718 0.373435 13.8792
      vertex -4.35097 0.9 14.2611
      vertex -4.37718 0.9 13.8792
    endloop
  endfacet
  facet normal -0.997653 0 0.0684695
    outer loop
      vertex -4.35097 0.9 14.2611
      vertex -4.37718 0.373435 13.8792
      vertex -4.35097 0.372996 14.2611
    endloop
  endfacet
  facet normal -0.994942 0 -0.100449
    outer loop
      vertex -4.35097 0.9 14.2611
      vertex -4.40778 0.373949 14.8238
      vertex -4.40778 0.9 14.8238
    endloop
  endfacet
  facet normal -0.994942 0 -0.100449
    outer loop
      vertex -4.40778 0.373949 14.8238
      vertex -4.35097 0.9 14.2611
      vertex -4.35097 0.372996 14.2611
    endloop
  endfacet
  facet normal -0.941578 0 -0.336795
    outer loop
      vertex -4.40778 0.9 14.8238
      vertex -4.57822 0.376808 15.3003
      vertex -4.57822 0.9 15.3003
    endloop
  endfacet
  facet normal -0.941578 0 -0.336795
    outer loop
      vertex -4.57822 0.376808 15.3003
      vertex -4.40778 0.9 14.8238
      vertex -4.40778 0.373949 14.8238
    endloop
  endfacet
  facet normal -0.808524 0 -0.588464
    outer loop
      vertex -4.57822 0.9 15.3003
      vertex -4.86229 0.381574 15.6906
      vertex -4.86229 0.9 15.6906
    endloop
  endfacet
  facet normal -0.808524 0 -0.588464
    outer loop
      vertex -4.86229 0.381574 15.6906
      vertex -4.57822 0.9 15.3003
      vertex -4.57822 0.376808 15.3003
    endloop
  endfacet
  facet normal -0.600721 0 -0.799459
    outer loop
      vertex -5.2473 0.388033 15.9799
      vertex -4.86229 0.9 15.6906
      vertex -4.86229 0.381574 15.6906
    endloop
  endfacet
  facet normal -0.600721 0 -0.799459
    outer loop
      vertex -4.86229 0.9 15.6906
      vertex -5.2473 0.388033 15.9799
      vertex -5.2473 0.9 15.9799
    endloop
  endfacet
  facet normal -0.344347 0 -0.938842
    outer loop
      vertex -5.72061 0.395974 16.1535
      vertex -5.2473 0.9 15.9799
      vertex -5.2473 0.388033 15.9799
    endloop
  endfacet
  facet normal -0.344347 0 -0.938842
    outer loop
      vertex -5.2473 0.9 15.9799
      vertex -5.72061 0.395974 16.1535
      vertex -5.72061 0.9 16.1535
    endloop
  endfacet
  facet normal -0.102549 0 -0.994728
    outer loop
      vertex -6.28224 0.405397 16.2114
      vertex -5.72061 0.9 16.1535
      vertex -5.72061 0.395974 16.1535
    endloop
  endfacet
  facet normal -0.102549 0 -0.994728
    outer loop
      vertex -5.72061 0.9 16.1535
      vertex -6.28224 0.405397 16.2114
      vertex -6.28224 0.9 16.2114
    endloop
  endfacet
  facet normal 0.102067 0 -0.994778
    outer loop
      vertex -6.3875 0.407163 16.2006
      vertex -6.28224 0.9 16.2114
      vertex -6.28224 0.405397 16.2114
    endloop
  endfacet
  facet normal 0.101397 0 -0.994846
    outer loop
      vertex -6.84373 0.9 16.1541
      vertex -6.3875 0.407163 16.2006
      vertex -6.84373 0.430203 16.1541
    endloop
  endfacet
  facet normal 0.101523 0.000117537 -0.994833
    outer loop
      vertex -6.3875 0.407163 16.2006
      vertex -6.84373 0.9 16.1541
      vertex -6.28224 0.9 16.2114
    endloop
  endfacet
  facet normal 0.341475 0 -0.939891
    outer loop
      vertex -7.3166 0.454084 15.9823
      vertex -6.84373 0.9 16.1541
      vertex -6.84373 0.430203 16.1541
    endloop
  endfacet
  facet normal 0.341475 0 -0.939891
    outer loop
      vertex -6.84373 0.9 16.1541
      vertex -7.3166 0.454084 15.9823
      vertex -7.3166 0.9 15.9823
    endloop
  endfacet
  facet normal 0.597446 0 -0.801909
    outer loop
      vertex -7.70088 0.473491 15.696
      vertex -7.3166 0.9 15.9823
      vertex -7.3166 0.454084 15.9823
    endloop
  endfacet
  facet normal 0.597446 0 -0.801909
    outer loop
      vertex -7.3166 0.9 15.9823
      vertex -7.70088 0.473491 15.696
      vertex -7.70088 0.9 15.696
    endloop
  endfacet
  facet normal 0.807979 0 -0.589211
    outer loop
      vertex -7.70088 0.9 15.696
      vertex -7.98419 0.487799 15.3075
      vertex -7.98419 0.9 15.3075
    endloop
  endfacet
  facet normal 0.807979 0 -0.589211
    outer loop
      vertex -7.98419 0.487799 15.3075
      vertex -7.70088 0.9 15.696
      vertex -7.70088 0.473491 15.696
    endloop
  endfacet
  facet normal 0.942266 0 -0.334866
    outer loop
      vertex -7.98419 0.9 15.3075
      vertex -8.15417 0.496383 14.8292
      vertex -8.15417 0.9 14.8292
    endloop
  endfacet
  facet normal 0.942266 0 -0.334866
    outer loop
      vertex -8.15417 0.496383 14.8292
      vertex -7.98419 0.9 15.3075
      vertex -7.98419 0.487799 15.3075
    endloop
  endfacet
  facet normal 0.99506 0 -0.0992783
    outer loop
      vertex -8.15417 0.9 14.8292
      vertex -8.21085 0.499245 14.2611
      vertex -8.21085 0.9 14.2611
    endloop
  endfacet
  facet normal 0.99506 0 -0.0992783
    outer loop
      vertex -8.21085 0.499245 14.2611
      vertex -8.15417 0.9 14.8292
      vertex -8.15417 0.496383 14.8292
    endloop
  endfacet
  facet normal 0.995092 -0 0.0989518
    outer loop
      vertex -8.21085 0.499245 14.2611
      vertex -8.15404 0.9 13.6898
      vertex -8.21085 0.9 14.2611
    endloop
  endfacet
  facet normal 0.995092 0 0.0989518
    outer loop
      vertex -8.15404 0.9 13.6898
      vertex -8.21085 0.499245 14.2611
      vertex -8.15404 0.496376 13.6898
    endloop
  endfacet
  facet normal 0.943268 -0 0.332033
    outer loop
      vertex -8.15404 0.496376 13.6898
      vertex -7.9836 0.9 13.2056
      vertex -8.15404 0.9 13.6898
    endloop
  endfacet
  facet normal 0.943268 0 0.332033
    outer loop
      vertex -7.9836 0.9 13.2056
      vertex -8.15404 0.496376 13.6898
      vertex -7.9836 0.487769 13.2056
    endloop
  endfacet
  facet normal 0.81324 -0 0.581928
    outer loop
      vertex -7.9836 0.487769 13.2056
      vertex -7.69952 0.9 12.8086
      vertex -7.9836 0.9 13.2056
    endloop
  endfacet
  facet normal 0.81324 0 0.581928
    outer loop
      vertex -7.69952 0.9 12.8086
      vertex -7.9836 0.487769 13.2056
      vertex -7.69952 0.473422 12.8086
    endloop
  endfacet
  facet normal 0.608702 -0 0.793399
    outer loop
      vertex -7.69952 0.473422 12.8086
      vertex -7.3154 0.9 12.5139
      vertex -7.69952 0.9 12.8086
    endloop
  endfacet
  facet normal 0.608702 0 0.793399
    outer loop
      vertex -7.3154 0.9 12.5139
      vertex -7.69952 0.473422 12.8086
      vertex -7.3154 0.454023 12.5139
    endloop
  endfacet
  facet normal 0.351509 -0 0.936184
    outer loop
      vertex -7.3154 0.454023 12.5139
      vertex -6.84479 0.9 12.3372
      vertex -7.3154 0.9 12.5139
    endloop
  endfacet
  facet normal 0.351509 0 0.936184
    outer loop
      vertex -6.84479 0.9 12.3372
      vertex -7.3154 0.454023 12.5139
      vertex -6.84479 0.430257 12.3372
    endloop
  endfacet
  facet normal 0.104623 0 0.994512
    outer loop
      vertex -6.28769 0.9 12.2783
      vertex -6.3875 0.407163 12.2888
      vertex -6.28769 0.405488 12.2783
    endloop
  endfacet
  facet normal 0.10514 -0.000105976 0.994457
    outer loop
      vertex -6.84479 0.9 12.3372
      vertex -6.3875 0.407163 12.2888
      vertex -6.28769 0.9 12.2783
    endloop
  endfacet
  facet normal 0.105253 0 0.994445
    outer loop
      vertex -6.3875 0.407163 12.2888
      vertex -6.84479 0.9 12.3372
      vertex -6.84479 0.430257 12.3372
    endloop
  endfacet
  facet normal -0.0708797 0 0.997485
    outer loop
      vertex -6.28769 0.405488 12.2783
      vertex -5.91335 0.9 12.3049
      vertex -6.28769 0.9 12.2783
    endloop
  endfacet
  facet normal -0.0708797 0 0.997485
    outer loop
      vertex -5.91335 0.9 12.3049
      vertex -6.28769 0.405488 12.2783
      vertex -5.91335 0.399208 12.3049
    endloop
  endfacet
  facet normal -0.404862 0 -0.914378
    outer loop
      vertex -6.88141 0.432106 13.0685
      vertex -6.60881 0.9 12.9478
      vertex -6.60881 0.418339 12.9478
    endloop
  endfacet
  facet normal -0.404862 0 -0.914378
    outer loop
      vertex -6.60881 0.9 12.9478
      vertex -6.88141 0.432106 13.0685
      vertex -6.88141 0.9 13.0685
    endloop
  endfacet
  facet normal -0.668115 0 -0.744058
    outer loop
      vertex -7.10548 0.443422 13.2697
      vertex -6.88141 0.9 13.0685
      vertex -6.88141 0.432106 13.0685
    endloop
  endfacet
  facet normal -0.668115 0 -0.744058
    outer loop
      vertex -6.88141 0.9 13.0685
      vertex -7.10548 0.443422 13.2697
      vertex -7.10548 0.9 13.2697
    endloop
  endfacet
  facet normal -0.852108 0 -0.523366
    outer loop
      vertex -7.10548 0.9 13.2697
      vertex -7.27199 0.451831 13.5408
      vertex -7.27199 0.9 13.5408
    endloop
  endfacet
  facet normal -0.852108 0 -0.523366
    outer loop
      vertex -7.27199 0.451831 13.5408
      vertex -7.10548 0.9 13.2697
      vertex -7.10548 0.443422 13.2697
    endloop
  endfacet
  facet normal -0.957194 0 -0.289447
    outer loop
      vertex -7.27199 0.9 13.5408
      vertex -7.3719 0.456877 13.8712
      vertex -7.3719 0.9 13.8712
    endloop
  endfacet
  facet normal -0.957194 0 -0.289447
    outer loop
      vertex -7.3719 0.456877 13.8712
      vertex -7.27199 0.9 13.5408
      vertex -7.27199 0.451831 13.5408
    endloop
  endfacet
  facet normal -0.996373 0 -0.0850967
    outer loop
      vertex -7.3719 0.9 13.8712
      vertex -7.4052 0.458558 14.2611
      vertex -7.4052 0.9 14.2611
    endloop
  endfacet
  facet normal -0.996373 0 -0.0850967
    outer loop
      vertex -7.4052 0.458558 14.2611
      vertex -7.3719 0.9 13.8712
      vertex -7.3719 0.456877 13.8712
    endloop
  endfacet
  facet normal -0.996451 0 0.0841798
    outer loop
      vertex -7.4052 0.458558 14.2611
      vertex -7.37265 0.9 14.6464
      vertex -7.4052 0.9 14.2611
    endloop
  endfacet
  facet normal -0.996451 0 0.0841798
    outer loop
      vertex -7.37265 0.9 14.6464
      vertex -7.4052 0.458558 14.2611
      vertex -7.37265 0.456915 14.6464
    endloop
  endfacet
  facet normal -0.957525 0 0.28835
    outer loop
      vertex -7.37265 0.456915 14.6464
      vertex -7.27502 0.9 14.9706
      vertex -7.37265 0.9 14.6464
    endloop
  endfacet
  facet normal -0.957525 0 0.28835
    outer loop
      vertex -7.27502 0.9 14.9706
      vertex -7.37265 0.456915 14.6464
      vertex -7.27502 0.451984 14.9706
    endloop
  endfacet
  facet normal -0.850291 0 0.526313
    outer loop
      vertex -7.27502 0.451984 14.9706
      vertex -7.11229 0.9 15.2335
      vertex -7.27502 0.9 14.9706
    endloop
  endfacet
  facet normal -0.850291 0 0.526313
    outer loop
      vertex -7.11229 0.9 15.2335
      vertex -7.27502 0.451984 14.9706
      vertex -7.11229 0.443766 15.2335
    endloop
  endfacet
  facet normal -0.656514 0 0.754313
    outer loop
      vertex -7.11229 0.443766 15.2335
      vertex -6.88985 0.9 15.4271
      vertex -7.11229 0.9 15.2335
    endloop
  endfacet
  facet normal -0.656514 0 0.754313
    outer loop
      vertex -6.88985 0.9 15.4271
      vertex -7.11229 0.443766 15.2335
      vertex -6.88985 0.432532 15.4271
    endloop
  endfacet
  facet normal -0.387217 0 0.921989
    outer loop
      vertex -6.88985 0.432532 15.4271
      vertex -6.61317 0.9 15.5433
      vertex -6.88985 0.9 15.4271
    endloop
  endfacet
  facet normal -0.387217 0 0.921989
    outer loop
      vertex -6.61317 0.9 15.5433
      vertex -6.88985 0.432532 15.4271
      vertex -6.61317 0.41856 15.5433
    endloop
  endfacet
  facet normal -0.116064 0 0.993242
    outer loop
      vertex -6.28224 0.9 15.582
      vertex -6.3875 0.407163 15.5697
      vertex -6.28224 0.405397 15.582
    endloop
  endfacet
  facet normal -0.116152 1.90188e-05 0.993231
    outer loop
      vertex -6.61317 0.9 15.5433
      vertex -6.3875 0.407163 15.5697
      vertex -6.28224 0.9 15.582
    endloop
  endfacet
  facet normal -0.116193 0 0.993227
    outer loop
      vertex -6.3875 0.407163 15.5697
      vertex -6.61317 0.9 15.5433
      vertex -6.61317 0.41856 15.5433
    endloop
  endfacet
  facet normal 0.118641 -0 0.992937
    outer loop
      vertex -6.28224 0.405397 15.582
      vertex -5.95584 0.9 15.543
      vertex -6.28224 0.9 15.582
    endloop
  endfacet
  facet normal 0.118641 0 0.992937
    outer loop
      vertex -5.95584 0.9 15.543
      vertex -6.28224 0.405397 15.582
      vertex -5.95584 0.399921 15.543
    endloop
  endfacet
  facet normal 0.393036 -0 0.919523
    outer loop
      vertex -5.95584 0.399921 15.543
      vertex -5.68188 0.9 15.4259
      vertex -5.95584 0.9 15.543
    endloop
  endfacet
  facet normal 0.393036 0 0.919523
    outer loop
      vertex -5.68188 0.9 15.4259
      vertex -5.95584 0.399921 15.543
      vertex -5.68188 0.395325 15.4259
    endloop
  endfacet
  facet normal 0.660938 -0 0.750441
    outer loop
      vertex -5.68188 0.395325 15.4259
      vertex -5.46036 0.9 15.2308
      vertex -5.68188 0.9 15.4259
    endloop
  endfacet
  facet normal 0.660938 0 0.750441
    outer loop
      vertex -5.46036 0.9 15.2308
      vertex -5.68188 0.395325 15.4259
      vertex -5.46036 0.391608 15.2308
    endloop
  endfacet
  facet normal 0.851154 -0 0.524916
    outer loop
      vertex -5.46036 0.391608 15.2308
      vertex -5.29761 0.9 14.9669
      vertex -5.46036 0.9 15.2308
    endloop
  endfacet
  facet normal 0.851154 0 0.524916
    outer loop
      vertex -5.29761 0.9 14.9669
      vertex -5.46036 0.391608 15.2308
      vertex -5.29761 0.388877 14.9669
    endloop
  endfacet
  facet normal 0.957254 -0 0.289249
    outer loop
      vertex -5.29761 0.388877 14.9669
      vertex -5.19995 0.9 14.6437
      vertex -5.29761 0.9 14.9669
    endloop
  endfacet
  facet normal 0.957254 0 0.289249
    outer loop
      vertex -5.19995 0.9 14.6437
      vertex -5.29761 0.388877 14.9669
      vertex -5.19995 0.387239 14.6437
    endloop
  endfacet
  facet normal 0.996401 -0 0.0847696
    outer loop
      vertex -5.19995 0.387239 14.6437
      vertex -5.1674 0.9 14.2611
      vertex -5.19995 0.9 14.6437
    endloop
  endfacet
  facet normal 0.996401 0 0.0847696
    outer loop
      vertex -5.1674 0.9 14.2611
      vertex -5.19995 0.387239 14.6437
      vertex -5.1674 0.386693 14.2611
    endloop
  endfacet
  facet normal 0.996724 0 -0.0808762
    outer loop
      vertex -5.1674 0.9 14.2611
      vertex -5.1998 0.387237 13.8618
      vertex -5.1998 0.9 13.8618
    endloop
  endfacet
  facet normal 0.996724 0 -0.0808762
    outer loop
      vertex -5.1998 0.387237 13.8618
      vertex -5.1674 0.9 14.2611
      vertex -5.1674 0.386693 14.2611
    endloop
  endfacet
  facet normal 0.9601 0 -0.279657
    outer loop
      vertex -5.1998 0.9 13.8618
      vertex -5.297 0.388867 13.5281
      vertex -5.297 0.9 13.5281
    endloop
  endfacet
  facet normal 0.9601 0 -0.279657
    outer loop
      vertex -5.297 0.388867 13.5281
      vertex -5.1998 0.9 13.8618
      vertex -5.1998 0.387237 13.8618
    endloop
  endfacet
  facet normal 0.855712 0 -0.517452
    outer loop
      vertex -5.297 0.9 13.5281
      vertex -5.459 0.391585 13.2602
      vertex -5.459 0.9 13.2602
    endloop
  endfacet
  facet normal 0.855712 0 -0.517452
    outer loop
      vertex -5.459 0.391585 13.2602
      vertex -5.297 0.9 13.5281
      vertex -5.297 0.388867 13.5281
    endloop
  endfacet
  facet normal 0.662192 0 -0.749335
    outer loop
      vertex -5.68068 0.395304 13.0643
      vertex -5.459 0.9 13.2602
      vertex -5.459 0.391585 13.2602
    endloop
  endfacet
  facet normal 0.662192 0 -0.749335
    outer loop
      vertex -5.459 0.9 13.2602
      vertex -5.68068 0.395304 13.0643
      vertex -5.68068 0.9 13.0643
    endloop
  endfacet
  facet normal 0.391711 0 -0.920088
    outer loop
      vertex -5.95691 0.399939 12.9467
      vertex -5.68068 0.9 13.0643
      vertex -5.68068 0.395304 13.0643
    endloop
  endfacet
  facet normal 0.391711 0 -0.920088
    outer loop
      vertex -5.68068 0.9 13.0643
      vertex -5.95691 0.399939 12.9467
      vertex -5.95691 0.9 12.9467
    endloop
  endfacet
  facet normal 0.117684 0 -0.993051
    outer loop
      vertex -6.28769 0.405488 12.9075
      vertex -5.95691 0.9 12.9467
      vertex -5.95691 0.399939 12.9467
    endloop
  endfacet
  facet normal 0.117684 0 -0.993051
    outer loop
      vertex -5.95691 0.9 12.9467
      vertex -6.28769 0.405488 12.9075
      vertex -6.28769 0.9 12.9075
    endloop
  endfacet
  facet normal -0.125246 0 -0.992126
    outer loop
      vertex -6.3875 0.407163 12.9201
      vertex -6.28769 0.9 12.9075
      vertex -6.28769 0.405488 12.9075
    endloop
  endfacet
  facet normal -0.124195 -0 -0.992258
    outer loop
      vertex -6.60881 0.9 12.9478
      vertex -6.3875 0.407163 12.9201
      vertex -6.60881 0.418339 12.9478
    endloop
  endfacet
  facet normal -0.124521 -0.000149021 -0.992217
    outer loop
      vertex -6.3875 0.407163 12.9201
      vertex -6.60881 0.9 12.9478
      vertex -6.28769 0.9 12.9075
    endloop
  endfacet
  facet normal -0.236176 0 0.97171
    outer loop
      vertex 3.24574 0.9 12.3113
      vertex 3.65306 0.361119 12.4103
      vertex 3.65306 0.9 12.4103
    endloop
  endfacet
  facet normal -0.236176 0 0.97171
    outer loop
      vertex 3.65306 0.361119 12.4103
      vertex 3.24574 0.9 12.3113
      vertex 3.24574 0.354285 12.3113
    endloop
  endfacet
  facet normal -0.457363 0 0.88928
    outer loop
      vertex 3.65306 0.9 12.4103
      vertex 3.97388 0.366501 12.5753
      vertex 3.97388 0.9 12.5753
    endloop
  endfacet
  facet normal -0.457363 0 0.88928
    outer loop
      vertex 3.97388 0.366501 12.5753
      vertex 3.65306 0.9 12.4103
      vertex 3.65306 0.361119 12.4103
    endloop
  endfacet
  facet normal -0.701008 0 0.713154
    outer loop
      vertex 3.97388 0.9 12.5753
      vertex 4.20522 0.370383 12.8027
      vertex 4.20522 0.9 12.8027
    endloop
  endfacet
  facet normal -0.701008 0 0.713154
    outer loop
      vertex 4.20522 0.370383 12.8027
      vertex 3.97388 0.9 12.5753
      vertex 3.97388 0.366501 12.5753
    endloop
  endfacet
  facet normal -0.899769 0 0.436366
    outer loop
      vertex 4.20522 0.9 12.8027
      vertex 4.34402 0.372711 13.0889
      vertex 4.34402 0.9 13.0889
    endloop
  endfacet
  facet normal -0.899769 0 0.436366
    outer loop
      vertex 4.34402 0.372711 13.0889
      vertex 4.20522 0.9 12.8027
      vertex 4.20522 0.370383 12.8027
    endloop
  endfacet
  facet normal -0.991121 0 0.132964
    outer loop
      vertex 4.34402 0.9 13.0889
      vertex 4.39029 0.373488 13.4338
      vertex 4.39029 0.9 13.4338
    endloop
  endfacet
  facet normal -0.991121 0 0.132964
    outer loop
      vertex 4.39029 0.373488 13.4338
      vertex 4.34402 0.9 13.0889
      vertex 4.34402 0.372711 13.0889
    endloop
  endfacet
  facet normal -0.998582 0 -0.0532273
    outer loop
      vertex 4.39029 0.373488 13.4338
      vertex 4.38214 0.9 13.5867
      vertex 4.39029 0.9 13.4338
    endloop
  endfacet
  facet normal -0.998582 -0 -0.0532273
    outer loop
      vertex 4.38214 0.9 13.5867
      vertex 4.39029 0.373488 13.4338
      vertex 4.38214 0.373351 13.5867
    endloop
  endfacet
  facet normal -0.985262 0 -0.171054
    outer loop
      vertex 4.38214 0.373351 13.5867
      vertex 4.35773 0.9 13.7273
      vertex 4.38214 0.9 13.5867
    endloop
  endfacet
  facet normal -0.985262 -0 -0.171054
    outer loop
      vertex 4.35773 0.9 13.7273
      vertex 4.38214 0.373351 13.5867
      vertex 4.35773 0.372941 13.7273
    endloop
  endfacet
  facet normal -0.953164 0 -0.302455
    outer loop
      vertex 4.35773 0.372941 13.7273
      vertex 4.31705 0.9 13.8555
      vertex 4.35773 0.9 13.7273
    endloop
  endfacet
  facet normal -0.953164 -0 -0.302455
    outer loop
      vertex 4.31705 0.9 13.8555
      vertex 4.35773 0.372941 13.7273
      vertex 4.31705 0.372259 13.8555
    endloop
  endfacet
  facet normal -0.900955 0 -0.433913
    outer loop
      vertex 4.31705 0.372259 13.8555
      vertex 4.26099 0.9 13.9719
      vertex 4.31705 0.9 13.8555
    endloop
  endfacet
  facet normal -0.900955 -0 -0.433913
    outer loop
      vertex 4.26099 0.9 13.9719
      vertex 4.31705 0.372259 13.8555
      vertex 4.26099 0.371318 13.9719
    endloop
  endfacet
  facet normal -0.829792 0 -0.558073
    outer loop
      vertex 4.26099 0.371318 13.9719
      vertex 4.19044 0.9 14.0768
      vertex 4.26099 0.9 13.9719
    endloop
  endfacet
  facet normal -0.829792 -0 -0.558073
    outer loop
      vertex 4.19044 0.9 14.0768
      vertex 4.26099 0.371318 13.9719
      vertex 4.19044 0.370135 14.0768
    endloop
  endfacet
  facet normal -0.739582 0 -0.673067
    outer loop
      vertex 4.19044 0.370135 14.0768
      vertex 4.10544 0.9 14.1702
      vertex 4.19044 0.9 14.0768
    endloop
  endfacet
  facet normal -0.739582 -0 -0.673067
    outer loop
      vertex 4.10544 0.9 14.1702
      vertex 4.19044 0.370135 14.0768
      vertex 4.10544 0.368709 14.1702
    endloop
  endfacet
  facet normal -0.631686 -0 -0.775224
    outer loop
      vertex 4.00223 0.9 14.2543
      vertex 4.10544 0.368709 14.1702
      vertex 4.00223 0.366977 14.2543
    endloop
  endfacet
  facet normal -0.631686 0 -0.775224
    outer loop
      vertex 4.10544 0.368709 14.1702
      vertex 4.00223 0.9 14.2543
      vertex 4.10544 0.9 14.1702
    endloop
  endfacet
  facet normal -0.52279 -0 -0.852461
    outer loop
      vertex 3.877 0.9 14.3311
      vertex 4.00223 0.366977 14.2543
      vertex 3.877 0.364876 14.3311
    endloop
  endfacet
  facet normal -0.52279 0 -0.852461
    outer loop
      vertex 4.00223 0.366977 14.2543
      vertex 3.877 0.9 14.3311
      vertex 4.00223 0.9 14.2543
    endloop
  endfacet
  facet normal -0.427883 -0 -0.903834
    outer loop
      vertex 3.72977 0.9 14.4008
      vertex 3.877 0.364876 14.3311
      vertex 3.72977 0.362406 14.4008
    endloop
  endfacet
  facet normal -0.427883 0 -0.903834
    outer loop
      vertex 3.877 0.364876 14.3311
      vertex 3.72977 0.9 14.4008
      vertex 3.877 0.9 14.3311
    endloop
  endfacet
  facet normal -0.331828 -0 -0.94334
    outer loop
      vertex 3.53674 0.9 14.4687
      vertex 3.72977 0.362406 14.4008
      vertex 3.53674 0.359168 14.4687
    endloop
  endfacet
  facet normal -0.331828 0 -0.94334
    outer loop
      vertex 3.72977 0.362406 14.4008
      vertex 3.53674 0.9 14.4687
      vertex 3.72977 0.9 14.4008
    endloop
  endfacet
  facet normal -0.264025 -0 -0.964516
    outer loop
      vertex 3.27408 0.9 14.5406
      vertex 3.53674 0.359168 14.4687
      vertex 3.27408 0.354761 14.5406
    endloop
  endfacet
  facet normal -0.264025 0 -0.964516
    outer loop
      vertex 3.53674 0.359168 14.4687
      vertex 3.27408 0.9 14.5406
      vertex 3.53674 0.9 14.4687
    endloop
  endfacet
  facet normal -0.222407 -0 -0.974954
    outer loop
      vertex 2.9418 0.9 14.6164
      vertex 3.27408 0.354761 14.5406
      vertex 2.9418 0.349186 14.6164
    endloop
  endfacet
  facet normal -0.222407 0 -0.974954
    outer loop
      vertex 3.27408 0.354761 14.5406
      vertex 2.9418 0.9 14.6164
      vertex 3.27408 0.9 14.5406
    endloop
  endfacet
  facet normal -0.22432 -0 -0.974515
    outer loop
      vertex 2.66724 0.9 14.6796
      vertex 2.9418 0.349186 14.6164
      vertex 2.66724 0.34458 14.6796
    endloop
  endfacet
  facet normal -0.22432 0 -0.974515
    outer loop
      vertex 2.9418 0.349186 14.6164
      vertex 2.66724 0.9 14.6796
      vertex 2.9418 0.9 14.6164
    endloop
  endfacet
  facet normal -0.261454 -0 -0.965216
    outer loop
      vertex 2.46198 0.9 14.7352
      vertex 2.66724 0.34458 14.6796
      vertex 2.46198 0.341136 14.7352
    endloop
  endfacet
  facet normal -0.261454 0 -0.965216
    outer loop
      vertex 2.66724 0.34458 14.6796
      vertex 2.46198 0.9 14.7352
      vertex 2.66724 0.9 14.6796
    endloop
  endfacet
  facet normal -0.332973 -0 -0.942937
    outer loop
      vertex 2.32605 0.9 14.7832
      vertex 2.46198 0.341136 14.7352
      vertex 2.32605 0.338856 14.7832
    endloop
  endfacet
  facet normal -0.332973 0 -0.942937
    outer loop
      vertex 2.46198 0.341136 14.7352
      vertex 2.32605 0.9 14.7832
      vertex 2.46198 0.9 14.7352
    endloop
  endfacet
  facet normal -0.454974 -0 -0.890505
    outer loop
      vertex 2.23308 0.9 14.8307
      vertex 2.32605 0.338856 14.7832
      vertex 2.23308 0.337296 14.8307
    endloop
  endfacet
  facet normal -0.454974 0 -0.890505
    outer loop
      vertex 2.32605 0.338856 14.7832
      vertex 2.23308 0.9 14.8307
      vertex 2.32605 0.9 14.7832
    endloop
  endfacet
  facet normal -0.575758 -0 -0.81762
    outer loop
      vertex 2.15668 0.9 14.8845
      vertex 2.23308 0.337296 14.8307
      vertex 2.15668 0.336014 14.8845
    endloop
  endfacet
  facet normal -0.575758 0 -0.81762
    outer loop
      vertex 2.23308 0.337296 14.8307
      vertex 2.15668 0.9 14.8845
      vertex 2.23308 0.9 14.8307
    endloop
  endfacet
  facet normal -0.708697 0 -0.705513
    outer loop
      vertex 2.15668 0.336014 14.8845
      vertex 2.09685 0.9 14.9446
      vertex 2.15668 0.9 14.8845
    endloop
  endfacet
  facet normal -0.708697 -0 -0.705513
    outer loop
      vertex 2.09685 0.9 14.9446
      vertex 2.15668 0.336014 14.8845
      vertex 2.09685 0.33501 14.9446
    endloop
  endfacet
  facet normal -0.850045 0 -0.526709
    outer loop
      vertex 2.09685 0.33501 14.9446
      vertex 2.05391 0.9 15.0139
      vertex 2.09685 0.9 14.9446
    endloop
  endfacet
  facet normal -0.850045 -0 -0.526709
    outer loop
      vertex 2.05391 0.9 15.0139
      vertex 2.09685 0.33501 14.9446
      vertex 2.05391 0.33429 15.0139
    endloop
  endfacet
  facet normal -0.953398 0 -0.301714
    outer loop
      vertex 2.05391 0.33429 15.0139
      vertex 2.02815 0.9 15.0953
      vertex 2.05391 0.9 15.0139
    endloop
  endfacet
  facet normal -0.953398 -0 -0.301714
    outer loop
      vertex 2.02815 0.9 15.0953
      vertex 2.05391 0.33429 15.0139
      vertex 2.02815 0.333858 15.0953
    endloop
  endfacet
  facet normal -0.995806 0 -0.0914864
    outer loop
      vertex 2.02815 0.333858 15.0953
      vertex 2.01956 0.9 15.1888
      vertex 2.02815 0.9 15.0953
    endloop
  endfacet
  facet normal -0.995806 -0 -0.0914864
    outer loop
      vertex 2.01956 0.9 15.1888
      vertex 2.02815 0.333858 15.0953
      vertex 2.01956 0.333714 15.1888
    endloop
  endfacet
  facet normal -0.952655 0 0.304052
    outer loop
      vertex 2.01956 0.9 15.1888
      vertex 2.10034 0.335069 15.4419
      vertex 2.10034 0.9 15.4419
    endloop
  endfacet
  facet normal -0.952655 0 0.304052
    outer loop
      vertex 2.10034 0.335069 15.4419
      vertex 2.01956 0.9 15.1888
      vertex 2.01956 0.333714 15.1888
    endloop
  endfacet
  facet normal -0.531146 0 0.847281
    outer loop
      vertex 2.10034 0.9 15.4419
      vertex 2.34265 0.339134 15.5938
      vertex 2.34265 0.9 15.5938
    endloop
  endfacet
  facet normal -0.531146 0 0.847281
    outer loop
      vertex 2.34265 0.339134 15.5938
      vertex 2.10034 0.9 15.4419
      vertex 2.10034 0.335069 15.4419
    endloop
  endfacet
  facet normal -0.124558 0 0.992212
    outer loop
      vertex 2.34265 0.9 15.5938
      vertex 2.74652 0.34591 15.6445
      vertex 2.74652 0.9 15.6445
    endloop
  endfacet
  facet normal -0.124558 0 0.992212
    outer loop
      vertex 2.74652 0.34591 15.6445
      vertex 2.34265 0.9 15.5938
      vertex 2.34265 0.339134 15.5938
    endloop
  endfacet
  facet normal 0.0659803 0 0.997821
    outer loop
      vertex 2.74652 0.9 15.6445
      vertex 2.95673 0.349437 15.6306
      vertex 2.95673 0.9 15.6306
    endloop
  endfacet
  facet normal 0.0659803 0 0.997821
    outer loop
      vertex 2.95673 0.349437 15.6306
      vertex 2.74652 0.9 15.6445
      vertex 2.74652 0.34591 15.6445
    endloop
  endfacet
  facet normal 0.231332 0 0.972875
    outer loop
      vertex 2.95673 0.9 15.6306
      vertex 3.13168 0.352372 15.589
      vertex 3.13168 0.9 15.589
    endloop
  endfacet
  facet normal 0.231332 0 0.972875
    outer loop
      vertex 3.13168 0.352372 15.589
      vertex 2.95673 0.9 15.6306
      vertex 2.95673 0.349437 15.6306
    endloop
  endfacet
  facet normal 0.444441 0 0.895808
    outer loop
      vertex 3.13168 0.9 15.589
      vertex 3.27136 0.354715 15.5197
      vertex 3.27136 0.9 15.5197
    endloop
  endfacet
  facet normal 0.444441 0 0.895808
    outer loop
      vertex 3.27136 0.354715 15.5197
      vertex 3.13168 0.9 15.589
      vertex 3.13168 0.352372 15.589
    endloop
  endfacet
  facet normal 0.666173 0 0.745797
    outer loop
      vertex 3.27136 0.9 15.5197
      vertex 3.37973 0.356533 15.4229
      vertex 3.37973 0.9 15.4229
    endloop
  endfacet
  facet normal 0.666173 0 0.745797
    outer loop
      vertex 3.37973 0.356533 15.4229
      vertex 3.27136 0.9 15.5197
      vertex 3.27136 0.354715 15.5197
    endloop
  endfacet
  facet normal 0.837253 0 0.546816
    outer loop
      vertex 3.37973 0.9 15.4229
      vertex 3.46065 0.357891 15.299
      vertex 3.46065 0.9 15.299
    endloop
  endfacet
  facet normal 0.837253 0 0.546816
    outer loop
      vertex 3.46065 0.357891 15.299
      vertex 3.37973 0.9 15.4229
      vertex 3.37973 0.356533 15.4229
    endloop
  endfacet
  facet normal 0.942556 0 0.334048
    outer loop
      vertex 3.46065 0.9 15.299
      vertex 3.51413 0.358788 15.1481
      vertex 3.51413 0.9 15.1481
    endloop
  endfacet
  facet normal 0.942556 0 0.334048
    outer loop
      vertex 3.51413 0.358788 15.1481
      vertex 3.46065 0.9 15.299
      vertex 3.46065 0.357891 15.299
    endloop
  endfacet
  facet normal -0.135001 0 0.990845
    outer loop
      vertex 3.51413 0.9 15.1481
      vertex 4.28992 0.371804 15.2538
      vertex 4.28992 0.9 15.2538
    endloop
  endfacet
  facet normal -0.135001 0 0.990845
    outer loop
      vertex 4.28992 0.371804 15.2538
      vertex 3.51413 0.9 15.1481
      vertex 3.51413 0.358788 15.1481
    endloop
  endfacet
  facet normal -0.954348 0 -0.298696
    outer loop
      vertex 4.28992 0.371804 15.2538
      vertex 4.19302 0.9 15.5634
      vertex 4.28992 0.9 15.2538
    endloop
  endfacet
  facet normal -0.954348 -0 -0.298696
    outer loop
      vertex 4.19302 0.9 15.5634
      vertex 4.28992 0.371804 15.2538
      vertex 4.19302 0.370178 15.5634
    endloop
  endfacet
  facet normal -0.847773 0 -0.53036
    outer loop
      vertex 4.19302 0.370178 15.5634
      vertex 4.03975 0.9 15.8084
      vertex 4.19302 0.9 15.5634
    endloop
  endfacet
  facet normal -0.847773 -0 -0.53036
    outer loop
      vertex 4.03975 0.9 15.8084
      vertex 4.19302 0.370178 15.5634
      vertex 4.03975 0.367607 15.8084
    endloop
  endfacet
  facet normal -0.652493 -0 -0.757795
    outer loop
      vertex 3.83012 0.9 15.9889
      vertex 4.03975 0.367607 15.8084
      vertex 3.83012 0.36409 15.9889
    endloop
  endfacet
  facet normal -0.652493 0 -0.757795
    outer loop
      vertex 4.03975 0.367607 15.8084
      vertex 3.83012 0.9 15.9889
      vertex 4.03975 0.9 15.8084
    endloop
  endfacet
  facet normal -0.407349 -0 -0.913273
    outer loop
      vertex 3.55301 0.9 16.1125
      vertex 3.83012 0.36409 15.9889
      vertex 3.55301 0.359441 16.1125
    endloop
  endfacet
  facet normal -0.407349 0 -0.913273
    outer loop
      vertex 3.83012 0.36409 15.9889
      vertex 3.55301 0.9 16.1125
      vertex 3.83012 0.9 15.9889
    endloop
  endfacet
  facet normal -0.204158 -0 -0.978938
    outer loop
      vertex 3.19722 0.9 16.1867
      vertex 3.55301 0.359441 16.1125
      vertex 3.19722 0.353471 16.1867
    endloop
  endfacet
  facet normal -0.204158 0 -0.978938
    outer loop
      vertex 3.55301 0.359441 16.1125
      vertex 3.19722 0.9 16.1867
      vertex 3.55301 0.9 16.1125
    endloop
  endfacet
  facet normal -0.0567618 -0 -0.998388
    outer loop
      vertex 2.76277 0.9 16.2114
      vertex 3.19722 0.353471 16.1867
      vertex 2.76277 0.346183 16.2114
    endloop
  endfacet
  facet normal -0.0567618 0 -0.998388
    outer loop
      vertex 3.19722 0.353471 16.1867
      vertex 2.76277 0.9 16.2114
      vertex 3.19722 0.9 16.1867
    endloop
  endfacet
  facet normal 0.0669342 0 -0.997757
    outer loop
      vertex 2.30663 0.9 16.1808
      vertex 2.76277 0.346183 16.2114
      vertex 2.30663 0.33853 16.1808
    endloop
  endfacet
  facet normal 0.0669342 0 -0.997757
    outer loop
      vertex 2.76277 0.346183 16.2114
      vertex 2.30663 0.9 16.1808
      vertex 2.76277 0.9 16.2114
    endloop
  endfacet
  facet normal 0.236304 0 -0.971679
    outer loop
      vertex 1.92915 0.9 16.089
      vertex 2.30663 0.33853 16.1808
      vertex 1.92915 0.332197 16.089
    endloop
  endfacet
  facet normal 0.236304 0 -0.971679
    outer loop
      vertex 2.30663 0.33853 16.1808
      vertex 1.92915 0.9 16.089
      vertex 2.30663 0.9 16.1808
    endloop
  endfacet
  facet normal 0.455512 0 -0.89023
    outer loop
      vertex 1.63033 0.9 15.9361
      vertex 1.92915 0.332197 16.089
      vertex 1.63033 0.327184 15.9361
    endloop
  endfacet
  facet normal 0.455512 0 -0.89023
    outer loop
      vertex 1.92915 0.332197 16.089
      vertex 1.63033 0.9 15.9361
      vertex 1.92915 0.9 16.089
    endloop
  endfacet
  facet normal 0.697686 0 -0.716404
    outer loop
      vertex 1.41408 0.9 15.7255
      vertex 1.63033 0.327184 15.9361
      vertex 1.41408 0.323556 15.7255
    endloop
  endfacet
  facet normal 0.697686 0 -0.716404
    outer loop
      vertex 1.63033 0.327184 15.9361
      vertex 1.41408 0.9 15.7255
      vertex 1.63033 0.9 15.9361
    endloop
  endfacet
  facet normal 0.89773 0 -0.440546
    outer loop
      vertex 1.41408 0.323556 15.7255
      vertex 1.28433 0.9 15.4611
      vertex 1.41408 0.9 15.7255
    endloop
  endfacet
  facet normal 0.89773 0 -0.440546
    outer loop
      vertex 1.28433 0.9 15.4611
      vertex 1.41408 0.323556 15.7255
      vertex 1.28433 0.321379 15.4611
    endloop
  endfacet
  facet normal 0.990904 0 -0.134569
    outer loop
      vertex 1.28433 0.321379 15.4611
      vertex 1.24109 0.9 15.1427
      vertex 1.28433 0.9 15.4611
    endloop
  endfacet
  facet normal 0.990904 0 -0.134569
    outer loop
      vertex 1.24109 0.9 15.1427
      vertex 1.28433 0.321379 15.4611
      vertex 1.24109 0.320653 15.1427
    endloop
  endfacet
  facet normal 0.998991 0 0.0449011
    outer loop
      vertex 1.24109 0.9 15.1427
      vertex 1.24696 0.320752 15.0121
      vertex 1.24696 0.9 15.0121
    endloop
  endfacet
  facet normal 0.998991 0 0.0449011
    outer loop
      vertex 1.24696 0.320752 15.0121
      vertex 1.24109 0.9 15.1427
      vertex 1.24109 0.320653 15.1427
    endloop
  endfacet
  facet normal 0.989414 0 0.14512
    outer loop
      vertex 1.24696 0.9 15.0121
      vertex 1.26459 0.321048 14.8919
      vertex 1.26459 0.9 14.8919
    endloop
  endfacet
  facet normal 0.989414 0 0.14512
    outer loop
      vertex 1.26459 0.321048 14.8919
      vertex 1.24696 0.9 15.0121
      vertex 1.24696 0.320752 15.0121
    endloop
  endfacet
  facet normal 0.966155 0 0.257963
    outer loop
      vertex 1.26459 0.9 14.8919
      vertex 1.29396 0.32154 14.7819
      vertex 1.29396 0.9 14.7819
    endloop
  endfacet
  facet normal 0.966155 0 0.257963
    outer loop
      vertex 1.29396 0.32154 14.7819
      vertex 1.26459 0.9 14.8919
      vertex 1.26459 0.321048 14.8919
    endloop
  endfacet
  facet normal 0.929209 0 0.369555
    outer loop
      vertex 1.29396 0.9 14.7819
      vertex 1.33389 0.32221 14.6815
      vertex 1.33389 0.9 14.6815
    endloop
  endfacet
  facet normal 0.929209 0 0.369555
    outer loop
      vertex 1.33389 0.32221 14.6815
      vertex 1.29396 0.9 14.7819
      vertex 1.29396 0.32154 14.7819
    endloop
  endfacet
  facet normal 0.880075 0 0.474835
    outer loop
      vertex 1.33389 0.9 14.6815
      vertex 1.38315 0.323037 14.5902
      vertex 1.38315 0.9 14.5902
    endloop
  endfacet
  facet normal 0.880075 0 0.474835
    outer loop
      vertex 1.38315 0.323037 14.5902
      vertex 1.33389 0.9 14.6815
      vertex 1.33389 0.32221 14.6815
    endloop
  endfacet
  facet normal 0.814555 0 0.580086
    outer loop
      vertex 1.38315 0.9 14.5902
      vertex 1.44176 0.32402 14.5079
      vertex 1.44176 0.9 14.5079
    endloop
  endfacet
  facet normal 0.814555 0 0.580086
    outer loop
      vertex 1.44176 0.32402 14.5079
      vertex 1.38315 0.9 14.5902
      vertex 1.38315 0.323037 14.5902
    endloop
  endfacet
  facet normal 0.73722 0 0.675652
    outer loop
      vertex 1.44176 0.9 14.5079
      vertex 1.50958 0.325158 14.4339
      vertex 1.50958 0.9 14.4339
    endloop
  endfacet
  facet normal 0.73722 0 0.675652
    outer loop
      vertex 1.50958 0.325158 14.4339
      vertex 1.44176 0.9 14.5079
      vertex 1.44176 0.32402 14.5079
    endloop
  endfacet
  facet normal 0.653738 0 0.756721
    outer loop
      vertex 1.50958 0.9 14.4339
      vertex 1.58644 0.326447 14.3675
      vertex 1.58644 0.9 14.3675
    endloop
  endfacet
  facet normal 0.653738 0 0.756721
    outer loop
      vertex 1.58644 0.326447 14.3675
      vertex 1.50958 0.9 14.4339
      vertex 1.50958 0.325158 14.4339
    endloop
  endfacet
  facet normal 0.566252 0 0.824232
    outer loop
      vertex 1.58644 0.9 14.3675
      vertex 1.67232 0.327888 14.3085
      vertex 1.67232 0.9 14.3085
    endloop
  endfacet
  facet normal 0.566252 0 0.824232
    outer loop
      vertex 1.67232 0.327888 14.3085
      vertex 1.58644 0.9 14.3675
      vertex 1.58644 0.326447 14.3675
    endloop
  endfacet
  facet normal 0.488869 0 0.872357
    outer loop
      vertex 1.67232 0.9 14.3085
      vertex 1.76636 0.329466 14.2558
      vertex 1.76636 0.9 14.2558
    endloop
  endfacet
  facet normal 0.488869 0 0.872357
    outer loop
      vertex 1.76636 0.329466 14.2558
      vertex 1.67232 0.9 14.3085
      vertex 1.67232 0.327888 14.3085
    endloop
  endfacet
  facet normal 0.427576 0 0.903979
    outer loop
      vertex 1.76636 0.9 14.2558
      vertex 1.86763 0.331165 14.2079
      vertex 1.86763 0.9 14.2079
    endloop
  endfacet
  facet normal 0.427576 0 0.903979
    outer loop
      vertex 1.86763 0.331165 14.2079
      vertex 1.76636 0.9 14.2558
      vertex 1.76636 0.329466 14.2558
    endloop
  endfacet
  facet normal 0.369204 0 0.929348
    outer loop
      vertex 1.86763 0.9 14.2079
      vertex 1.97612 0.332985 14.1648
      vertex 1.97612 0.9 14.1648
    endloop
  endfacet
  facet normal 0.369204 0 0.929348
    outer loop
      vertex 1.97612 0.332985 14.1648
      vertex 1.86763 0.9 14.2079
      vertex 1.86763 0.331165 14.2079
    endloop
  endfacet
  facet normal 0.303903 0 0.952703
    outer loop
      vertex 1.97612 0.9 14.1648
      vertex 2.11719 0.335352 14.1198
      vertex 2.11719 0.9 14.1198
    endloop
  endfacet
  facet normal 0.303903 0 0.952703
    outer loop
      vertex 2.11719 0.335352 14.1198
      vertex 1.97612 0.9 14.1648
      vertex 1.97612 0.332985 14.1648
    endloop
  endfacet
  facet normal 0.261056 0 0.965324
    outer loop
      vertex 2.11719 0.9 14.1198
      vertex 2.31613 0.338689 14.066
      vertex 2.31613 0.9 14.066
    endloop
  endfacet
  facet normal 0.261056 0 0.965324
    outer loop
      vertex 2.31613 0.338689 14.066
      vertex 2.11719 0.9 14.1198
      vertex 2.11719 0.335352 14.1198
    endloop
  endfacet
  facet normal 0.236843 0 0.971548
    outer loop
      vertex 2.31613 0.9 14.066
      vertex 2.57292 0.342998 14.0034
      vertex 2.57292 0.9 14.0034
    endloop
  endfacet
  facet normal 0.236843 0 0.971548
    outer loop
      vertex 2.57292 0.342998 14.0034
      vertex 2.31613 0.9 14.066
      vertex 2.31613 0.338689 14.066
    endloop
  endfacet
  facet normal 0.210615 0 0.977569
    outer loop
      vertex 2.57292 0.9 14.0034
      vertex 2.86812 0.34795 13.9398
      vertex 2.86812 0.9 13.9398
    endloop
  endfacet
  facet normal 0.210615 0 0.977569
    outer loop
      vertex 2.86812 0.34795 13.9398
      vertex 2.57292 0.9 14.0034
      vertex 2.57292 0.342998 14.0034
    endloop
  endfacet
  facet normal 0.246843 0 0.969055
    outer loop
      vertex 2.86812 0.9 13.9398
      vertex 3.09189 0.351704 13.8828
      vertex 3.09189 0.9 13.8828
    endloop
  endfacet
  facet normal 0.246843 0 0.969055
    outer loop
      vertex 3.09189 0.351704 13.8828
      vertex 2.86812 0.9 13.9398
      vertex 2.86812 0.34795 13.9398
    endloop
  endfacet
  facet normal 0.313497 0 0.949589
    outer loop
      vertex 3.09189 0.9 13.8828
      vertex 3.24425 0.35426 13.8325
      vertex 3.24425 0.9 13.8325
    endloop
  endfacet
  facet normal 0.313497 0 0.949589
    outer loop
      vertex 3.24425 0.35426 13.8325
      vertex 3.09189 0.9 13.8828
      vertex 3.09189 0.351704 13.8828
    endloop
  endfacet
  facet normal 0.426677 0 0.904404
    outer loop
      vertex 3.24425 0.9 13.8325
      vertex 3.35214 0.356071 13.7816
      vertex 3.35214 0.9 13.7816
    endloop
  endfacet
  facet normal 0.426677 0 0.904404
    outer loop
      vertex 3.35214 0.356071 13.7816
      vertex 3.24425 0.9 13.8325
      vertex 3.24425 0.35426 13.8325
    endloop
  endfacet
  facet normal 0.545207 0 0.838302
    outer loop
      vertex 3.35214 0.9 13.7816
      vertex 3.44255 0.357587 13.7228
      vertex 3.44255 0.9 13.7228
    endloop
  endfacet
  facet normal 0.545207 0 0.838302
    outer loop
      vertex 3.44255 0.357587 13.7228
      vertex 3.35214 0.9 13.7816
      vertex 3.35214 0.356071 13.7816
    endloop
  endfacet
  facet normal 0.674284 0 0.738472
    outer loop
      vertex 3.44255 0.9 13.7228
      vertex 3.51549 0.358811 13.6562
      vertex 3.51549 0.9 13.6562
    endloop
  endfacet
  facet normal 0.674284 0 0.738472
    outer loop
      vertex 3.51549 0.358811 13.6562
      vertex 3.44255 0.9 13.7228
      vertex 3.44255 0.357587 13.7228
    endloop
  endfacet
  facet normal 0.820833 0 0.571168
    outer loop
      vertex 3.51549 0.9 13.6562
      vertex 3.569 0.359709 13.5793
      vertex 3.569 0.9 13.5793
    endloop
  endfacet
  facet normal 0.820833 0 0.571168
    outer loop
      vertex 3.569 0.359709 13.5793
      vertex 3.51549 0.9 13.6562
      vertex 3.51549 0.358811 13.6562
    endloop
  endfacet
  facet normal 0.941289 0 0.337602
    outer loop
      vertex 3.569 0.9 13.5793
      vertex 3.6011 0.360247 13.4898
      vertex 3.6011 0.9 13.4898
    endloop
  endfacet
  facet normal 0.941289 0 0.337602
    outer loop
      vertex 3.6011 0.360247 13.4898
      vertex 3.569 0.9 13.5793
      vertex 3.569 0.359709 13.5793
    endloop
  endfacet
  facet normal 0.994553 0 0.104228
    outer loop
      vertex 3.6011 0.9 13.4898
      vertex 3.6118 0.360427 13.3877
      vertex 3.6118 0.9 13.3877
    endloop
  endfacet
  facet normal 0.994553 0 0.104228
    outer loop
      vertex 3.6118 0.360427 13.3877
      vertex 3.6011 0.9 13.4898
      vertex 3.6011 0.360247 13.4898
    endloop
  endfacet
  facet normal 0.949996 0 -0.312261
    outer loop
      vertex 3.6118 0.360427 13.3877
      vertex 3.51868 0.9 13.1044
      vertex 3.6118 0.9 13.3877
    endloop
  endfacet
  facet normal 0.949996 0 -0.312261
    outer loop
      vertex 3.51868 0.9 13.1044
      vertex 3.6118 0.360427 13.3877
      vertex 3.51868 0.358865 13.1044
    endloop
  endfacet
  facet normal 0.519805 0 -0.854285
    outer loop
      vertex 3.23929 0.9 12.9344
      vertex 3.51868 0.358865 13.1044
      vertex 3.23929 0.354177 12.9344
    endloop
  endfacet
  facet normal 0.519805 0 -0.854285
    outer loop
      vertex 3.51868 0.358865 13.1044
      vertex 3.23929 0.9 12.9344
      vertex 3.51868 0.9 13.1044
    endloop
  endfacet
  facet normal 0.120875 0 -0.992668
    outer loop
      vertex 2.77365 0.9 12.8777
      vertex 3.23929 0.354177 12.9344
      vertex 2.77365 0.346365 12.8777
    endloop
  endfacet
  facet normal 0.120875 0 -0.992668
    outer loop
      vertex 3.23929 0.354177 12.9344
      vertex 2.77365 0.9 12.8777
      vertex 3.23929 0.9 12.9344
    endloop
  endfacet
  facet normal -0.0607218 -0 -0.998155
    outer loop
      vertex 2.52379 0.9 12.8929
      vertex 2.77365 0.346365 12.8777
      vertex 2.52379 0.342173 12.8929
    endloop
  endfacet
  facet normal -0.0607218 0 -0.998155
    outer loop
      vertex 2.77365 0.346365 12.8777
      vertex 2.52379 0.9 12.8929
      vertex 2.77365 0.9 12.8777
    endloop
  endfacet
  facet normal -0.211987 -0 -0.977273
    outer loop
      vertex 2.31311 0.9 12.9386
      vertex 2.52379 0.342173 12.8929
      vertex 2.31311 0.338639 12.9386
    endloop
  endfacet
  facet normal -0.211987 0 -0.977273
    outer loop
      vertex 2.52379 0.342173 12.8929
      vertex 2.31311 0.9 12.9386
      vertex 2.52379 0.9 12.8929
    endloop
  endfacet
  facet normal -0.405575 -0 -0.914062
    outer loop
      vertex 2.1416 0.9 13.0147
      vertex 2.31311 0.338639 12.9386
      vertex 2.1416 0.335761 13.0147
    endloop
  endfacet
  facet normal -0.405575 0 -0.914062
    outer loop
      vertex 2.31311 0.338639 12.9386
      vertex 2.1416 0.9 13.0147
      vertex 2.31311 0.9 12.9386
    endloop
  endfacet
  facet normal -0.630111 -0 -0.776505
    outer loop
      vertex 2.00629 0.9 13.1245
      vertex 2.1416 0.335761 13.0147
      vertex 2.00629 0.333491 13.1245
    endloop
  endfacet
  facet normal -0.630111 0 -0.776505
    outer loop
      vertex 2.1416 0.335761 13.0147
      vertex 2.00629 0.9 13.1245
      vertex 2.1416 0.9 13.0147
    endloop
  endfacet
  facet normal -0.821169 0 -0.570685
    outer loop
      vertex 2.00629 0.333491 13.1245
      vertex 1.90413 0.9 13.2715
      vertex 2.00629 0.9 13.1245
    endloop
  endfacet
  facet normal -0.821169 -0 -0.570685
    outer loop
      vertex 1.90413 0.9 13.2715
      vertex 2.00629 0.333491 13.1245
      vertex 1.90413 0.331777 13.2715
    endloop
  endfacet
  facet normal -0.936329 0 -0.351123
    outer loop
      vertex 1.90413 0.331777 13.2715
      vertex 1.83513 0.9 13.4555
      vertex 1.90413 0.9 13.2715
    endloop
  endfacet
  facet normal -0.936329 -0 -0.351123
    outer loop
      vertex 1.83513 0.9 13.4555
      vertex 1.90413 0.331777 13.2715
      vertex 1.83513 0.33062 13.4555
    endloop
  endfacet
  facet normal 0.162724 0 -0.986672
    outer loop
      vertex 1.06204 0.9 13.328
      vertex 1.83513 0.33062 13.4555
      vertex 1.06204 0.317649 13.328
    endloop
  endfacet
  facet normal 0.162724 0 -0.986672
    outer loop
      vertex 1.83513 0.33062 13.4555
      vertex 1.06204 0.9 13.328
      vertex 1.83513 0.9 13.4555
    endloop
  endfacet
  facet normal 0.944086 0 0.329699
    outer loop
      vertex 1.06204 0.9 13.328
      vertex 1.17477 0.319541 13.0052
      vertex 1.17477 0.9 13.0052
    endloop
  endfacet
  facet normal 0.944086 0 0.329699
    outer loop
      vertex 1.17477 0.319541 13.0052
      vertex 1.06204 0.9 13.328
      vertex 1.06204 0.317649 13.328
    endloop
  endfacet
  facet normal 0.826763 0 0.562551
    outer loop
      vertex 1.17477 0.9 13.0052
      vertex 1.35379 0.322544 12.7421
      vertex 1.35379 0.9 12.7421
    endloop
  endfacet
  facet normal 0.826763 0 0.562551
    outer loop
      vertex 1.35379 0.322544 12.7421
      vertex 1.17477 0.9 13.0052
      vertex 1.17477 0.319541 13.0052
    endloop
  endfacet
  facet normal 0.638253 0 0.769826
    outer loop
      vertex 1.35379 0.9 12.7421
      vertex 1.59912 0.32666 12.5387
      vertex 1.59912 0.9 12.5387
    endloop
  endfacet
  facet normal 0.638253 0 0.769826
    outer loop
      vertex 1.59912 0.32666 12.5387
      vertex 1.35379 0.9 12.7421
      vertex 1.35379 0.322544 12.7421
    endloop
  endfacet
  facet normal 0.418801 0 0.908078
    outer loop
      vertex 1.59912 0.9 12.5387
      vertex 1.91287 0.331924 12.394
      vertex 1.91287 0.9 12.394
    endloop
  endfacet
  facet normal 0.418801 0 0.908078
    outer loop
      vertex 1.91287 0.331924 12.394
      vertex 1.59912 0.9 12.5387
      vertex 1.59912 0.32666 12.5387
    endloop
  endfacet
  facet normal 0.220337 0 0.975424
    outer loop
      vertex 1.91287 0.9 12.394
      vertex 2.29713 0.338371 12.3072
      vertex 2.29713 0.9 12.3072
    endloop
  endfacet
  facet normal 0.220337 0 0.975424
    outer loop
      vertex 2.29713 0.338371 12.3072
      vertex 1.91287 0.9 12.394
      vertex 1.91287 0.331924 12.394
    endloop
  endfacet
  facet normal 0.0634179 0 0.997987
    outer loop
      vertex 2.29713 0.9 12.3072
      vertex 2.75192 0.346001 12.2783
      vertex 2.75192 0.9 12.2783
    endloop
  endfacet
  facet normal 0.0634179 0 0.997987
    outer loop
      vertex 2.75192 0.346001 12.2783
      vertex 2.29713 0.9 12.3072
      vertex 2.29713 0.338371 12.3072
    endloop
  endfacet
  facet normal -0.0666773 0 0.997775
    outer loop
      vertex 2.75192 0.9 12.2783
      vertex 3.24574 0.354285 12.3113
      vertex 3.24574 0.9 12.3113
    endloop
  endfacet
  facet normal -0.0666773 0 0.997775
    outer loop
      vertex 3.24574 0.354285 12.3113
      vertex 2.75192 0.9 12.2783
      vertex 2.75192 0.346001 12.2783
    endloop
  endfacet
  facet normal -0.974039 0 0.226379
    outer loop
      vertex -1.97635 0.333157 13.631
      vertex -1.78375 0.9 14.4597
      vertex -1.97635 0.9 13.631
    endloop
  endfacet
  facet normal -0.974039 0 0.226379
    outer loop
      vertex -1.78375 0.9 14.4597
      vertex -1.97635 0.333157 13.631
      vertex -1.78375 0.329925 14.4597
    endloop
  endfacet
  facet normal -0.974706 0 0.223492
    outer loop
      vertex -1.78375 0.329925 14.4597
      vertex -1.70148 0.9 14.8185
      vertex -1.78375 0.9 14.4597
    endloop
  endfacet
  facet normal -0.974706 0 0.223492
    outer loop
      vertex -1.70148 0.9 14.8185
      vertex -1.78375 0.329925 14.4597
      vertex -1.70148 0.328545 14.8185
    endloop
  endfacet
  facet normal -0.978842 0 0.204617
    outer loop
      vertex -1.70148 0.328545 14.8185
      vertex -1.67165 0.9 14.9612
      vertex -1.70148 0.9 14.8185
    endloop
  endfacet
  facet normal -0.978842 0 0.204617
    outer loop
      vertex -1.67165 0.9 14.9612
      vertex -1.70148 0.328545 14.8185
      vertex -1.67165 0.328045 14.9612
    endloop
  endfacet
  facet normal -0.981419 0 0.191877
    outer loop
      vertex -1.67165 0.328045 14.9612
      vertex -1.63638 0.9 15.1416
      vertex -1.67165 0.9 14.9612
    endloop
  endfacet
  facet normal -0.981419 0 0.191877
    outer loop
      vertex -1.63638 0.9 15.1416
      vertex -1.67165 0.328045 14.9612
      vertex -1.63638 0.327453 15.1416
    endloop
  endfacet
  facet normal -0.983038 0 0.183401
    outer loop
      vertex -1.63638 0.327453 15.1416
      vertex -1.59569 0.9 15.3597
      vertex -1.63638 0.9 15.1416
    endloop
  endfacet
  facet normal -0.983038 0 0.183401
    outer loop
      vertex -1.59569 0.9 15.3597
      vertex -1.63638 0.327453 15.1416
      vertex -1.59569 0.32677 15.3597
    endloop
  endfacet
  facet normal 0.986369 -0 0.164548
    outer loop
      vertex -1.59569 0.32677 15.3597
      vertex -1.54898 0.9 15.0797
      vertex -1.59569 0.9 15.3597
    endloop
  endfacet
  facet normal 0.986369 0 0.164548
    outer loop
      vertex -1.54898 0.9 15.0797
      vertex -1.59569 0.32677 15.3597
      vertex -1.54898 0.325987 15.0797
    endloop
  endfacet
  facet normal 0.981336 -0 0.192301
    outer loop
      vertex -1.54898 0.325987 15.0797
      vertex -1.49564 0.9 14.8075
      vertex -1.54898 0.9 15.0797
    endloop
  endfacet
  facet normal 0.981336 0 0.192301
    outer loop
      vertex -1.49564 0.9 14.8075
      vertex -1.54898 0.325987 15.0797
      vertex -1.49564 0.325092 14.8075
    endloop
  endfacet
  facet normal 0.975187 -0 0.221382
    outer loop
      vertex -1.49564 0.325092 14.8075
      vertex -1.43564 0.9 14.5432
      vertex -1.49564 0.9 14.8075
    endloop
  endfacet
  facet normal 0.975187 0 0.221382
    outer loop
      vertex -1.43564 0.9 14.5432
      vertex -1.49564 0.325092 14.8075
      vertex -1.43564 0.324085 14.5432
    endloop
  endfacet
  facet normal 0.973621 -0 0.228171
    outer loop
      vertex -1.43564 0.324085 14.5432
      vertex -0.917557 0.9 12.3325
      vertex -1.43564 0.9 14.5432
    endloop
  endfacet
  facet normal 0.973621 0 0.228171
    outer loop
      vertex -0.917557 0.9 12.3325
      vertex -1.43564 0.324085 14.5432
      vertex -0.917557 0.315393 12.3325
    endloop
  endfacet
  facet normal 0 0 1
    outer loop
      vertex 0.0317841 0.9 12.3325
      vertex 0.00999928 0.299999 12.3325
      vertex 0.0317841 0.300365 12.3325
    endloop
  endfacet
  facet normal 0 0 1
    outer loop
      vertex 0.0317841 0.9 12.3325
      vertex 0 0.299999 12.3325
      vertex 0.00999928 0.299999 12.3325
    endloop
  endfacet
  facet normal -0 0 1
    outer loop
      vertex -0.917557 0.9 12.3325
      vertex 0 0.299999 12.3325
      vertex 0.0317841 0.9 12.3325
    endloop
  endfacet
  facet normal 0 0 1
    outer loop
      vertex 0 0.299999 12.3325
      vertex -0.917557 0.9 12.3325
      vertex -0.917557 0.315393 12.3325
    endloop
  endfacet
  facet normal -0.968213 0 0.250127
    outer loop
      vertex 0.0317841 0.9 12.3325
      vertex 1.01913 0.31693 16.1544
      vertex 1.01913 0.9 16.1544
    endloop
  endfacet
  facet normal -0.968213 0 0.250127
    outer loop
      vertex 1.01913 0.31693 16.1544
      vertex 0.0317841 0.9 12.3325
      vertex 0.0317841 0.300365 12.3325
    endloop
  endfacet
  facet normal 0 0 -1
    outer loop
      vertex 0.208099 0.9 16.1544
      vertex 1.01913 0.31693 16.1544
      vertex 0.208099 0.303323 16.1544
    endloop
  endfacet
  facet normal 0 0 -1
    outer loop
      vertex 1.01913 0.31693 16.1544
      vertex 0.208099 0.9 16.1544
      vertex 1.01913 0.9 16.1544
    endloop
  endfacet
  facet normal 0.977291 -1.59809e-05 -0.211903
    outer loop
      vertex 0 0.299999 15.1947
      vertex -0.253006 0.9 14.0278
      vertex 0.208099 0.9 16.1544
    endloop
  endfacet
  facet normal 0.977289 0 -0.21191
    outer loop
      vertex 0.00999928 0.299999 15.2408
      vertex 0.208099 0.9 16.1544
      vertex 0.208099 0.303323 16.1544
    endloop
  endfacet
  facet normal 0.977275 0.000104056 -0.211975
    outer loop
      vertex 0 0.299999 15.1947
      vertex 0.208099 0.9 16.1544
      vertex 0.00999928 0.299999 15.2408
    endloop
  endfacet
  facet normal 0.977292 0 -0.211895
    outer loop
      vertex -0.253006 0.9 14.0278
      vertex 0 0.299999 15.1947
      vertex -0.253006 0.304244 14.0278
    endloop
  endfacet
  facet normal 0.974468 0 -0.224527
    outer loop
      vertex -0.253006 0.9 14.0278
      vertex -0.396759 0.306656 13.4039
      vertex -0.396759 0.9 13.4039
    endloop
  endfacet
  facet normal 0.974468 0 -0.224527
    outer loop
      vertex -0.396759 0.306656 13.4039
      vertex -0.253006 0.9 14.0278
      vertex -0.253006 0.304244 14.0278
    endloop
  endfacet
  facet normal 0.97755 0 -0.210705
    outer loop
      vertex -0.396759 0.9 13.4039
      vertex -0.464569 0.307793 13.0893
      vertex -0.464569 0.9 13.0893
    endloop
  endfacet
  facet normal 0.97755 0 -0.210705
    outer loop
      vertex -0.464569 0.307793 13.0893
      vertex -0.396759 0.9 13.4039
      vertex -0.396759 0.306656 13.4039
    endloop
  endfacet
  facet normal -0.985318 0 -0.170727
    outer loop
      vertex -0.464569 0.9 13.0893
      vertex -0.546249 0.309164 13.5607
      vertex -0.546249 0.9 13.5607
    endloop
  endfacet
  facet normal -0.985318 0 -0.170727
    outer loop
      vertex -0.546249 0.309164 13.5607
      vertex -0.464569 0.9 13.0893
      vertex -0.464569 0.307793 13.0893
    endloop
  endfacet
  facet normal -0.982982 0 -0.183702
    outer loop
      vertex -0.546249 0.9 13.5607
      vertex -0.610443 0.310241 13.9042
      vertex -0.610443 0.9 13.9042
    endloop
  endfacet
  facet normal -0.982982 0 -0.183702
    outer loop
      vertex -0.610443 0.310241 13.9042
      vertex -0.546249 0.9 13.5607
      vertex -0.546249 0.309164 13.5607
    endloop
  endfacet
  facet normal -0.977355 0 -0.211608
    outer loop
      vertex -0.610443 0.9 13.9042
      vertex -0.657166 0.311025 14.12
      vertex -0.657166 0.9 14.12
    endloop
  endfacet
  facet normal -0.977355 0 -0.211608
    outer loop
      vertex -0.657166 0.311025 14.12
      vertex -0.610443 0.9 13.9042
      vertex -0.610443 0.310241 13.9042
    endloop
  endfacet
  facet normal -0.972973 0 -0.23092
    outer loop
      vertex -0.657166 0.9 14.12
      vertex -1.14 0.319125 16.1544
      vertex -1.14 0.9 16.1544
    endloop
  endfacet
  facet normal -0.972973 0 -0.23092
    outer loop
      vertex -1.14 0.319125 16.1544
      vertex -0.657166 0.9 14.12
      vertex -0.657166 0.311025 14.12
    endloop
  endfacet
  facet normal 0 0 -1
    outer loop
      vertex -2.03513 0.334143 16.1544
      vertex -1.14 0.9 16.1544
      vertex -1.14 0.319125 16.1544
    endloop
  endfacet
  facet normal -0 0 -1
    outer loop
      vertex -1.14 0.9 16.1544
      vertex -2.03513 0.334143 16.1544
      vertex -2.03513 0.9 16.1544
    endloop
  endfacet
  facet normal 0.973787 0 -0.227462
    outer loop
      vertex -2.03513 0.9 16.1544
      vertex -2.3038 0.33865 15.0042
      vertex -2.3038 0.9 15.0042
    endloop
  endfacet
  facet normal 0.973787 0 -0.227462
    outer loop
      vertex -2.3038 0.33865 15.0042
      vertex -2.03513 0.9 16.1544
      vertex -2.03513 0.334143 16.1544
    endloop
  endfacet
  facet normal 0.974392 0 -0.224857
    outer loop
      vertex -2.3038 0.9 15.0042
      vertex -2.48419 0.341677 14.2225
      vertex -2.48419 0.9 14.2225
    endloop
  endfacet
  facet normal 0.974392 0 -0.224857
    outer loop
      vertex -2.48419 0.341677 14.2225
      vertex -2.3038 0.9 15.0042
      vertex -2.3038 0.33865 15.0042
    endloop
  endfacet
  facet normal 0.976031 0 -0.217634
    outer loop
      vertex -2.48419 0.9 14.2225
      vertex -2.57628 0.343222 13.8095
      vertex -2.57628 0.9 13.8095
    endloop
  endfacet
  facet normal 0.976031 0 -0.217634
    outer loop
      vertex -2.57628 0.343222 13.8095
      vertex -2.48419 0.9 14.2225
      vertex -2.48419 0.341677 14.2225
    endloop
  endfacet
  facet normal 0.979037 0 -0.203682
    outer loop
      vertex -2.57628 0.9 13.8095
      vertex -2.62465 0.344033 13.577
      vertex -2.62465 0.9 13.577
    endloop
  endfacet
  facet normal 0.979037 0 -0.203682
    outer loop
      vertex -2.62465 0.344033 13.577
      vertex -2.57628 0.9 13.8095
      vertex -2.57628 0.343222 13.8095
    endloop
  endfacet
  facet normal 0.979588 0 -0.201017
    outer loop
      vertex -2.62465 0.9 13.577
      vertex -2.67392 0.34486 13.3369
      vertex -2.67392 0.9 13.3369
    endloop
  endfacet
  facet normal 0.979588 0 -0.201017
    outer loop
      vertex -2.67392 0.34486 13.3369
      vertex -2.62465 0.9 13.577
      vertex -2.62465 0.344033 13.577
    endloop
  endfacet
  facet normal 0.980083 0 -0.198589
    outer loop
      vertex -2.67392 0.9 13.3369
      vertex -2.72409 0.345701 13.0893
      vertex -2.72409 0.9 13.0893
    endloop
  endfacet
  facet normal 0.980083 0 -0.198589
    outer loop
      vertex -2.72409 0.345701 13.0893
      vertex -2.67392 0.9 13.3369
      vertex -2.67392 0.34486 13.3369
    endloop
  endfacet
  facet normal -0.978824 0 -0.204705
    outer loop
      vertex -2.72409 0.9 13.0893
      vertex -2.84888 0.347795 13.686
      vertex -2.84888 0.9 13.686
    endloop
  endfacet
  facet normal -0.978824 0 -0.204705
    outer loop
      vertex -2.84888 0.347795 13.686
      vertex -2.72409 0.9 13.0893
      vertex -2.72409 0.345701 13.0893
    endloop
  endfacet
  facet normal -0.975784 0 -0.218737
    outer loop
      vertex -2.84888 0.9 13.686
      vertex -3.40221 0.357078 16.1544
      vertex -3.40221 0.9 16.1544
    endloop
  endfacet
  facet normal -0.975784 0 -0.218737
    outer loop
      vertex -3.40221 0.357078 16.1544
      vertex -2.84888 0.9 13.686
      vertex -2.84888 0.347795 13.686
    endloop
  endfacet
  facet normal 0 0 -1
    outer loop
      vertex -4.21324 0.370685 16.1544
      vertex -3.40221 0.9 16.1544
      vertex -3.40221 0.357078 16.1544
    endloop
  endfacet
  facet normal -0 0 -1
    outer loop
      vertex -3.40221 0.9 16.1544
      vertex -4.21324 0.370685 16.1544
      vertex -4.21324 0.9 16.1544
    endloop
  endfacet
  facet normal 0.968379 -0 0.249482
    outer loop
      vertex -4.21324 0.370685 16.1544
      vertex -3.22861 0.9 12.3325
      vertex -4.21324 0.9 16.1544
    endloop
  endfacet
  facet normal 0.968379 0 0.249482
    outer loop
      vertex -3.22861 0.9 12.3325
      vertex -4.21324 0.370685 16.1544
      vertex -3.22861 0.354166 12.3325
    endloop
  endfacet
  facet normal 0 0 1
    outer loop
      vertex -3.22861 0.354166 12.3325
      vertex -2.27925 0.9 12.3325
      vertex -3.22861 0.9 12.3325
    endloop
  endfacet
  facet normal 0 0 1
    outer loop
      vertex -2.27925 0.9 12.3325
      vertex -3.22861 0.354166 12.3325
      vertex -2.27925 0.338238 12.3325
    endloop
  endfacet
  facet normal -0.973855 0 0.22717
    outer loop
      vertex -2.27925 0.338238 12.3325
      vertex -1.97635 0.9 13.631
      vertex -2.27925 0.9 12.3325
    endloop
  endfacet
  facet normal -0.973855 0 0.22717
    outer loop
      vertex -1.97635 0.9 13.631
      vertex -2.27925 0.338238 12.3325
      vertex -1.97635 0.333157 13.631
    endloop
  endfacet
  facet normal 0 0 1
    outer loop
      vertex 7.35796 0.9 13.9709
      vertex 6.3975 0.407163 13.9709
      vertex 7.35796 0.455668 13.9709
    endloop
  endfacet
  facet normal -0 0 1
    outer loop
      vertex 5.69247 0.9 13.9709
      vertex 6.3975 0.407163 13.9709
      vertex 7.35796 0.9 13.9709
    endloop
  endfacet
  facet normal 0 0 1
    outer loop
      vertex 6.3975 0.407163 13.9709
      vertex 5.69247 0.9 13.9709
      vertex 5.69247 0.395334 13.9709
    endloop
  endfacet
  facet normal 1 -0 0
    outer loop
      vertex 7.35796 0.455668 13.9709
      vertex 7.35796 0.9 12.3325
      vertex 7.35796 0.9 13.9709
    endloop
  endfacet
  facet normal 1 0 0
    outer loop
      vertex 7.35796 0.9 12.3325
      vertex 7.35796 0.455668 13.9709
      vertex 7.35796 0.455668 12.3325
    endloop
  endfacet
  facet normal -0 0 1
    outer loop
      vertex 7.35796 0.9 12.3325
      vertex 8.15816 0.496079 12.3325
      vertex 8.15816 0.9 12.3325
    endloop
  endfacet
  facet normal 0 0 1
    outer loop
      vertex 8.15816 0.496079 12.3325
      vertex 7.35796 0.9 12.3325
      vertex 7.35796 0.455668 12.3325
    endloop
  endfacet
  facet normal -1 0 0
    outer loop
      vertex 8.15816 0.496079 12.3325
      vertex 8.15816 0.9 16.1544
      vertex 8.15816 0.9 12.3325
    endloop
  endfacet
  facet normal -1 -0 0
    outer loop
      vertex 8.15816 0.9 16.1544
      vertex 8.15816 0.496079 12.3325
      vertex 8.15816 0.496079 16.1544
    endloop
  endfacet
  facet normal 0 0 -1
    outer loop
      vertex 7.35796 0.9 16.1544
      vertex 8.15816 0.496079 16.1544
      vertex 7.35796 0.455668 16.1544
    endloop
  endfacet
  facet normal 0 0 -1
    outer loop
      vertex 8.15816 0.496079 16.1544
      vertex 7.35796 0.9 16.1544
      vertex 8.15816 0.9 16.1544
    endloop
  endfacet
  facet normal 1 -0 0
    outer loop
      vertex 7.35796 0.455668 16.1544
      vertex 7.35796 0.9 14.6327
      vertex 7.35796 0.9 16.1544
    endloop
  endfacet
  facet normal 1 0 0
    outer loop
      vertex 7.35796 0.9 14.6327
      vertex 7.35796 0.455668 16.1544
      vertex 7.35796 0.455668 14.6327
    endloop
  endfacet
  facet normal 0 0 -1
    outer loop
      vertex 6.3975 0.407163 14.6327
      vertex 7.35796 0.9 14.6327
      vertex 7.35796 0.455668 14.6327
    endloop
  endfacet
  facet normal 0 0 -1
    outer loop
      vertex 5.69247 0.9 14.6327
      vertex 6.3975 0.407163 14.6327
      vertex 5.69247 0.395334 14.6327
    endloop
  endfacet
  facet normal 0 0 -1
    outer loop
      vertex 6.3975 0.407163 14.6327
      vertex 5.69247 0.9 14.6327
      vertex 7.35796 0.9 14.6327
    endloop
  endfacet
  facet normal -1 0 0
    outer loop
      vertex 5.69247 0.395334 14.6327
      vertex 5.69247 0.9 16.1544
      vertex 5.69247 0.9 14.6327
    endloop
  endfacet
  facet normal -1 -0 0
    outer loop
      vertex 5.69247 0.9 16.1544
      vertex 5.69247 0.395334 14.6327
      vertex 5.69247 0.395334 16.1544
    endloop
  endfacet
  facet normal 0 0 -1
    outer loop
      vertex 4.89227 0.9 16.1544
      vertex 5.69247 0.395334 16.1544
      vertex 4.89227 0.381909 16.1544
    endloop
  endfacet
  facet normal 0 0 -1
    outer loop
      vertex 5.69247 0.395334 16.1544
      vertex 4.89227 0.9 16.1544
      vertex 5.69247 0.9 16.1544
    endloop
  endfacet
  facet normal 1 -0 0
    outer loop
      vertex 4.89227 0.381909 16.1544
      vertex 4.89227 0.9 12.3325
      vertex 4.89227 0.9 16.1544
    endloop
  endfacet
  facet normal 1 0 0
    outer loop
      vertex 4.89227 0.9 12.3325
      vertex 4.89227 0.381909 16.1544
      vertex 4.89227 0.381909 12.3325
    endloop
  endfacet
  facet normal -0 0 1
    outer loop
      vertex 4.89227 0.9 12.3325
      vertex 5.69247 0.395334 12.3325
      vertex 5.69247 0.9 12.3325
    endloop
  endfacet
  facet normal 0 0 1
    outer loop
      vertex 5.69247 0.395334 12.3325
      vertex 4.89227 0.9 12.3325
      vertex 4.89227 0.381909 12.3325
    endloop
  endfacet
  facet normal -1 0 0
    outer loop
      vertex 5.69247 0.395334 12.3325
      vertex 5.69247 0.9 13.9709
      vertex 5.69247 0.9 12.3325
    endloop
  endfacet
  facet normal -1 -0 0
    outer loop
      vertex 5.69247 0.9 13.9709
      vertex 5.69247 0.395334 12.3325
      vertex 5.69247 0.395334 13.9709
    endloop
  endfacet
endsolid OpenSCAD_Model
