solid OpenSCAD_Model
  facet normal 0.382679 0.00733941 -0.923852
    outer loop
      vertex -38.5088 0 -10.1698
      vertex -38.4624 -2.41931 -10.1698
      vertex -43.3608 0 -12.1796
    endloop
  endfacet
  facet normal 0.289601 0.0166935 -0.957002
    outer loop
      vertex -28.5039 -1.79292 -6.87596
      vertex -28.4008 -3.58151 -6.87596
      vertex -33.4023 -4.21223 -8.40048
    endloop
  endfacet
  facet normal 0.380069 -0.0366011 -0.924234
    outer loop
      vertex -38.092 7.23464 -10.1698
      vertex -38.3233 4.8328 -10.1698
      vertex -43.152 5.44172 -12.1796
    endloop
  endfacet
  facet normal 0.193701 0.0186579 -0.980883
    outer loop
      vertex -18.2048 -2.29574 -4.57529
      vertex -18.0949 -3.43669 -4.57529
      vertex -23.3309 -2.94217 -5.59987
    endloop
  endfacet
  facet normal 0.336884 0.0064611 -0.941524
    outer loop
      vertex -33.5639 0 -8.40048
      vertex -38.4624 -2.41931 -10.1698
      vertex -38.5088 0 -10.1698
    endloop
  endfacet
  facet normal 0.0980166 -0.00187899 -0.995183
    outer loop
      vertex -7.86193 0.49452 -3.28992
      vertex -7.87141 0 -3.28992
      vertex -13.0822 0.822877 -3.80469
    endloop
  endfacet
  facet normal -0.0108511 -0.114803 -0.993329
    outer loop
      vertex 0.642685 16.7501 -3.80469
      vertex 1.16223 18.8 -4.04728
      vertex 1.28382 16.6895 -3.80469
    endloop
  endfacet
  facet normal -0.0108369 -0.114806 -0.993329
    outer loop
      vertex 1.16223 18.8 -4.04728
      vertex 0.642685 16.7501 -3.80469
      vertex 0.721339 18.8 -4.04247
    endloop
  endfacet
  facet normal -0.174568 0.0686335 -0.98225
    outer loop
      vertex 21.193 -12.8339 -5.59987
      vertex 20.6756 -14.1499 -5.59987
      vertex 16.1329 -11.0409 -4.57529
    endloop
  endfacet
  facet normal 0.358441 -0.107987 -0.927286
    outer loop
      vertex -36.2577 16.6106 -10.1698
      vertex -37.7554 18.8 -11.0037
      vertex -35.5981 18.8 -10.1698
    endloop
  endfacet
  facet normal 0.358484 -0.107952 -0.927273
    outer loop
      vertex -37.7554 18.8 -11.0037
      vertex -36.2577 16.6106 -10.1698
      vertex -40.8261 18.7035 -12.1796
    endloop
  endfacet
  facet normal 0.288252 0.0277568 -0.957152
    outer loop
      vertex -28.4008 -3.58151 -6.87596
      vertex -28.2294 -5.36148 -6.87596
      vertex -33.4023 -4.21223 -8.40048
    endloop
  endfacet
  facet normal -0.188177 -0.0406774 -0.981292
    outer loop
      vertex 22.7412 7.2935 -5.59987
      vertex 17.7447 5.69103 -4.57529
      vertex 17.5052 6.79898 -4.57529
    endloop
  endfacet
  facet normal 0.0167929 -0.0755871 -0.996998
    outer loop
      vertex -1.15497 9.96926 -3.28992
      vertex -1.53563 9.88469 -3.28992
      vertex -2.55528 16.448 -3.80469
    endloop
  endfacet
  facet normal 0.325292 -0.0703051 -0.942996
    outer loop
      vertex -36.8506 14.3127 -10.1698
      vertex -32.1187 12.4748 -8.40048
      vertex -37.3547 11.9803 -10.1698
    endloop
  endfacet
  facet normal -0.413208 -0.0893123 -0.906246
    outer loop
      vertex 46.0369 17.8806 -14.425
      vertex 46.6667 14.9668 -14.425
      vertex 41.4937 16.116 -12.1796
    endloop
  endfacet
  facet normal 0.381804 -0.0220051 -0.923981
    outer loop
      vertex -38.3233 4.8328 -10.1698
      vertex -38.4624 2.41931 -10.1698
      vertex -43.152 5.44172 -12.1796
    endloop
  endfacet
  facet normal 0.239551 -0.0324679 -0.970341
    outer loop
      vertex -27.9899 7.12853 -6.87596
      vertex -23.1901 4.40439 -5.59987
      vertex -28.2294 5.36148 -6.87596
    endloop
  endfacet
  facet normal 0.455896 0.0984374 -0.884573
    outer loop
      vertex -47.0778 -17.9573 -14.97
      vertex -46.0369 -17.8806 -14.425
      vertex -46.7229 -18.147 -14.8082
    endloop
  endfacet
  facet normal 0.455867 0.0987125 -0.884557
    outer loop
      vertex -47.8355 -17.3355 -15.2911
      vertex -46.0369 -17.8806 -14.425
      vertex -47.0778 -17.9573 -14.97
    endloop
  endfacet
  facet normal 0.45583 0.0985248 -0.884597
    outer loop
      vertex -46.0369 -17.8806 -14.425
      vertex -47.8355 -17.3355 -15.2911
      vertex -46.6667 -14.9668 -14.425
    endloop
  endfacet
  facet normal 0.455859 0.0985055 -0.884584
    outer loop
      vertex -46.6667 -14.9668 -14.425
      vertex -47.8355 -17.3355 -15.2911
      vertex -48.2227 -16.8637 -15.4381
    endloop
  endfacet
  facet normal 0.14568 0.0140341 -0.989232
    outer loop
      vertex -13.0349 -1.64377 -3.80469
      vertex -12.9562 -2.46071 -3.80469
      vertex -18.0949 -3.43669 -4.57529
    endloop
  endfacet
  facet normal 0.336887 -0.00645447 -0.941523
    outer loop
      vertex -33.5235 2.10865 -8.40048
      vertex -33.5639 0 -8.40048
      vertex -38.4624 2.41931 -10.1698
    endloop
  endfacet
  facet normal 0.413208 -0.0893123 -0.906246
    outer loop
      vertex -46.0369 17.8806 -14.425
      vertex -41.4937 16.116 -12.1796
      vertex -46.6667 14.9668 -14.425
    endloop
  endfacet
  facet normal -0.382676 -0.00733285 -0.923853
    outer loop
      vertex 43.3086 2.72414 -12.1796
      vertex 43.3608 0 -12.1796
      vertex 38.4624 2.41931 -10.1698
    endloop
  endfacet
  facet normal 0.468249 0.0450685 -0.882446
    outer loop
      vertex -49.3 -8.19244 -15.2904
      vertex -47.5877 -9.03812 -14.425
      vertex -49.3 -9.36333 -15.3502
    endloop
  endfacet
  facet normal 0.336884 -0.0064611 -0.941524
    outer loop
      vertex -38.4624 2.41931 -10.1698
      vertex -33.5639 0 -8.40048
      vertex -38.5088 0 -10.1698
    endloop
  endfacet
  facet normal 0.242975 0.00466185 -0.970021
    outer loop
      vertex -23.4438 0 -5.59987
      vertex -28.5039 -1.79292 -6.87596
      vertex -28.5383 0 -6.87596
    endloop
  endfacet
  facet normal 0.283535 -0.0497217 -0.957672
    outer loop
      vertex -32.5581 10.4419 -8.40048
      vertex -27.9899 7.12853 -6.87596
      vertex -32.919 8.38389 -8.40048
    endloop
  endfacet
  facet normal 0.192315 -0.0260596 -0.980987
    outer loop
      vertex -22.9934 5.856 -5.59987
      vertex -18.0949 3.43669 -4.57529
      vertex -23.1901 4.40439 -5.59987
    endloop
  endfacet
  facet normal 0.290281 -0.00556155 -0.956925
    outer loop
      vertex -33.5235 2.10865 -8.40048
      vertex -28.5039 1.79292 -6.87596
      vertex -33.5639 0 -8.40048
    endloop
  endfacet
  facet normal -0.288252 -0.0277592 -0.957152
    outer loop
      vertex 33.2007 6.30565 -8.40048
      vertex 33.4023 4.21223 -8.40048
      vertex 28.2294 5.36148 -6.87596
    endloop
  endfacet
  facet normal -0.334564 -0.0322191 -0.941822
    outer loop
      vertex 38.092 7.23464 -10.1698
      vertex 33.4023 4.21223 -8.40048
      vertex 33.2007 6.30565 -8.40048
    endloop
  endfacet
  facet normal -0.239551 -0.0324679 -0.970341
    outer loop
      vertex 27.9899 7.12853 -6.87596
      vertex 28.2294 5.36148 -6.87596
      vertex 23.1901 4.40439 -5.59987
    endloop
  endfacet
  facet normal -0.120168 -0.0660996 -0.990551
    outer loop
      vertex 14.693 13.9523 -4.57529
      vertex 15.21 13.0124 -4.57529
      vertex 10.5204 9.99003 -3.80469
    endloop
  endfacet
  facet normal -0.315308 -0.094993 -0.944223
    outer loop
      vertex 36.2577 16.6106 -10.1698
      vertex 31.6019 14.4776 -8.40048
      vertex 31.009 16.4456 -8.40048
    endloop
  endfacet
  facet normal 0.0847577 -0.0939845 -0.991959
    outer loop
      vertex -7.80243 13.47 -3.80469
      vertex -9.811 18.8 -4.48131
      vertex -7.27683 13.944 -3.80469
    endloop
  endfacet
  facet normal 0.0847672 -0.0939809 -0.991959
    outer loop
      vertex -9.811 18.8 -4.48131
      vertex -7.80243 13.47 -3.80469
      vertex -9.89783 18.8 -4.48873
    endloop
  endfacet
  facet normal 0.0565303 -0.0626843 -0.996431
    outer loop
      vertex -7.27683 13.944 -3.80469
      vertex -4.37312 8.37984 -3.28992
      vertex -7.80243 13.47 -3.80469
    endloop
  endfacet
  facet normal -0.00240278 0.0766964 -0.997052
    outer loop
      vertex 0 -10.0783 -3.28992
      vertex 0.386231 -10.0662 -3.28992
      vertex 0 -16.7703 -3.80469
    endloop
  endfacet
  facet normal 0.192313 -0.0260624 -0.980987
    outer loop
      vertex -17.9414 4.56936 -4.57529
      vertex -18.0949 3.43669 -4.57529
      vertex -22.9934 5.856 -5.59987
    endloop
  endfacet
  facet normal -0.32915 -0.0577241 -0.942512
    outer loop
      vertex 37.3547 11.9803 -10.1698
      vertex 37.7688 9.61905 -10.1698
      vertex 32.5581 10.4419 -8.40048
    endloop
  endfacet
  facet normal -0.373994 -0.0655885 -0.925109
    outer loop
      vertex 42.0614 13.4898 -12.1796
      vertex 37.7688 9.61905 -10.1698
      vertex 37.3547 11.9803 -10.1698
    endloop
  endfacet
  facet normal 0.421799 -0.0571551 -0.904886
    outer loop
      vertex -42.5277 10.831 -12.1796
      vertex -42.8915 8.14619 -12.1796
      vertex -47.5877 9.03812 -14.425
    endloop
  endfacet
  facet normal 0.336113 -0.0193716 -0.941623
    outer loop
      vertex -38.3233 4.8328 -10.1698
      vertex -33.4023 4.21223 -8.40048
      vertex -38.4624 2.41931 -10.1698
    endloop
  endfacet
  facet normal 0.461011 -0.0808438 -0.883704
    outer loop
      vertex -49.3 13.8 -15.692
      vertex -46.6667 14.9668 -14.425
      vertex -47.184 12.0169 -14.425
    endloop
  endfacet
  facet normal 0.461023 -0.080827 -0.8837
    outer loop
      vertex -49.3 13.8 -15.692
      vertex -47.184 12.0169 -14.425
      vertex -49.3 12.5558 -15.5782
    endloop
  endfacet
  facet normal 0.461025 -0.0808849 -0.883693
    outer loop
      vertex -46.6667 14.9668 -14.425
      vertex -49.3 13.8 -15.692
      vertex -49.2761 14.0422 -15.7017
    endloop
  endfacet
  facet normal 0.0489488 0.00281958 -0.998797
    outer loop
      vertex -2.62275 -0.164972 -3.03223
      vertex -2.61327 -0.329548 -3.03223
      vertex -7.8335 -0.98785 -3.28992
    endloop
  endfacet
  facet normal 0.364494 0.0940429 -0.926445
    outer loop
      vertex -36.8506 -14.3127 -10.1698
      vertex -40.8261 -18.7035 -12.1796
      vertex -41.4937 -16.116 -12.1796
    endloop
  endfacet
  facet normal 0.336111 0.0193654 -0.941623
    outer loop
      vertex -33.5235 -2.10865 -8.40048
      vertex -33.4023 -4.21223 -8.40048
      vertex -38.4624 -2.41931 -10.1698
    endloop
  endfacet
  facet normal 0.289605 0.0166859 -0.957001
    outer loop
      vertex -28.5039 -1.79292 -6.87596
      vertex -33.4023 -4.21223 -8.40048
      vertex -33.5235 -2.10865 -8.40048
    endloop
  endfacet
  facet normal 0.377457 -0.0511632 -0.924613
    outer loop
      vertex -37.7688 9.61905 -10.1698
      vertex -38.092 7.23464 -10.1698
      vertex -42.5277 10.831 -12.1796
    endloop
  endfacet
  facet normal 0.242405 -0.013973 -0.970075
    outer loop
      vertex -28.4008 3.58151 -6.87596
      vertex -23.3309 2.94217 -5.59987
      vertex -28.5039 1.79292 -6.87596
    endloop
  endfacet
  facet normal 0.470344 -0.0270724 -0.882068
    outer loop
      vertex -49.3 6.21701 -15.1894
      vertex -47.8768 6.03754 -14.425
      vertex -49.3 5.22978 -15.1591
    endloop
  endfacet
  facet normal 0.0483978 0.0667224 -0.996597
    outer loop
      vertex -4.04671 -8.64448 -3.28992
      vertex -3.71056 -8.88831 -3.28992
      vertex -6.73369 -14.3843 -3.80469
    endloop
  endfacet
  facet normal -0.00120115 0.0383405 -0.999264
    outer loop
      vertex 0 -3.36215 -3.03223
      vertex 0.386231 -10.0662 -3.28992
      vertex 0 -10.0783 -3.28992
    endloop
  endfacet
  facet normal 0.471364 0.00908139 -0.881892
    outer loop
      vertex -49.3 0 -15.0619
      vertex -48.1084 0 -14.425
      vertex -49.3 -0.864277 -15.0708
    endloop
  endfacet
  facet normal 0.14568 -0.0140324 -0.989232
    outer loop
      vertex -18.0949 3.43669 -4.57529
      vertex -13.0349 1.64377 -3.80469
      vertex -18.2048 2.29574 -4.57529
    endloop
  endfacet
  facet normal -0.427533 -0.0081924 -0.903962
    outer loop
      vertex 48.1084 0 -14.425
      vertex 43.3608 0 -12.1796
      vertex 43.3086 2.72414 -12.1796
    endloop
  endfacet
  facet normal -0.461023 -0.080827 -0.8837
    outer loop
      vertex 47.184 12.0169 -14.425
      vertex 49.3 13.8 -15.692
      vertex 49.3 12.5558 -15.5782
    endloop
  endfacet
  facet normal -0.461011 -0.0808438 -0.883704
    outer loop
      vertex 46.6667 14.9668 -14.425
      vertex 49.3 13.8 -15.692
      vertex 47.184 12.0169 -14.425
    endloop
  endfacet
  facet normal -0.461025 -0.0808849 -0.883693
    outer loop
      vertex 49.3 13.8 -15.692
      vertex 46.6667 14.9668 -14.425
      vertex 49.2761 14.0422 -15.7017
    endloop
  endfacet
  facet normal -0.325292 -0.0703051 -0.942996
    outer loop
      vertex 36.8506 14.3127 -10.1698
      vertex 37.3547 11.9803 -10.1698
      vertex 32.1187 12.4748 -8.40048
    endloop
  endfacet
  facet normal 0.0980166 0.00187899 -0.995183
    outer loop
      vertex -7.87141 0 -3.28992
      vertex -7.86193 -0.49452 -3.28992
      vertex -13.0822 -0.822877 -3.80469
    endloop
  endfacet
  facet normal -0.182248 -0.0549024 -0.981719
    outer loop
      vertex 21.6593 11.487 -5.59987
      vertex 22.0734 10.1124 -5.59987
      vertex 17.2236 7.89056 -4.57529
    endloop
  endfacet
  facet normal -0.283531 -0.0497267 -0.957673
    outer loop
      vertex 32.5581 10.4419 -8.40048
      vertex 27.9899 7.12853 -6.87596
      vertex 27.683 8.87841 -6.87596
    endloop
  endfacet
  facet normal 0.190476 -0.0334025 -0.981123
    outer loop
      vertex -17.7447 5.69103 -4.57529
      vertex -17.9414 4.56936 -4.57529
      vertex -22.7412 7.2935 -5.59987
    endloop
  endfacet
  facet normal 0.0966082 -0.0130914 -0.995236
    outer loop
      vertex -12.8463 3.27172 -3.80469
      vertex -7.78621 1.4788 -3.28992
      vertex -12.9562 2.46071 -3.80469
    endloop
  endfacet
  facet normal 0.04789 -0.00839922 -0.998817
    outer loop
      vertex -7.63551 2.44884 -3.28992
      vertex -2.57545 0.655922 -3.03223
      vertex -7.72016 1.96619 -3.28992
    endloop
  endfacet
  facet normal -0.0401339 -0.022077 -0.99895
    outer loop
      vertex 6.32237 6.00366 -3.28992
      vertex 6.54484 5.59923 -3.28992
      vertex 2.18336 1.86791 -3.03223
    endloop
  endfacet
  facet normal -0.0220757 0.0342535 -0.999169
    outer loop
      vertex 3.71056 -8.88831 -3.28992
      vertex 3.36546 -9.11072 -3.28992
      vertex 1.12272 -3.03935 -3.03223
    endloop
  endfacet
  facet normal 0.382679 -0.00733941 -0.923852
    outer loop
      vertex -38.4624 2.41931 -10.1698
      vertex -38.5088 0 -10.1698
      vertex -43.3608 0 -12.1796
    endloop
  endfacet
  facet normal 0.373992 -0.0655907 -0.925109
    outer loop
      vertex -42.0614 13.4898 -12.1796
      vertex -37.7688 9.61905 -10.1698
      vertex -42.5277 10.831 -12.1796
    endloop
  endfacet
  facet normal 0.0393106 -0.110913 -0.993052
    outer loop
      vertex -4.06722 18.8 -4.12254
      vertex -3.18254 16.2677 -3.80469
      vertex -3.80213 16.0481 -3.80469
    endloop
  endfacet
  facet normal 0.0393119 -0.110912 -0.993052
    outer loop
      vertex -3.18254 16.2677 -3.80469
      vertex -4.06722 18.8 -4.12254
      vertex -3.67795 18.8 -4.10713
    endloop
  endfacet
  facet normal 0.334564 -0.0322189 -0.941822
    outer loop
      vertex -38.092 7.23464 -10.1698
      vertex -33.4023 4.21223 -8.40048
      vertex -38.3233 4.8328 -10.1698
    endloop
  endfacet
  facet normal 0.26023 0.102305 -0.960111
    outer loop
      vertex -27.4703 -18.8 -7.6677
      vertex -25.7983 -15.6227 -6.87596
      vertex -25.1685 -17.2247 -6.87596
    endloop
  endfacet
  facet normal 0.260219 0.102311 -0.960114
    outer loop
      vertex -25.7983 -15.6227 -6.87596
      vertex -27.4703 -18.8 -7.6677
      vertex -28.4047 -18.8 -7.92095
    endloop
  endfacet
  facet normal 0.407517 0.104808 -0.907163
    outer loop
      vertex -44.3 -18.8 -13.7513
      vertex -40.8261 -18.7035 -12.1796
      vertex -41.0368 -18.8 -12.2854
    endloop
  endfacet
  facet normal 0.407561 0.10527 -0.90709
    outer loop
      vertex -46.0369 -17.8806 -14.425
      vertex -44.3 -18.8 -13.7513
      vertex -45.2754 -18.7039 -14.1784
    endloop
  endfacet
  facet normal 0.407425 0.105122 -0.907168
    outer loop
      vertex -46.0369 -17.8806 -14.425
      vertex -45.2754 -18.7039 -14.1784
      vertex -45.8711 -18.5232 -14.425
    endloop
  endfacet
  facet normal 0.407497 0.105115 -0.907137
    outer loop
      vertex -44.3 -18.8 -13.7513
      vertex -46.0369 -17.8806 -14.425
      vertex -40.8261 -18.7035 -12.1796
    endloop
  endfacet
  facet normal 0.106507 0.0792088 -0.991152
    outer loop
      vertex -9.26164 -11.8584 -3.80469
      vertex -12.935 -16.5617 -4.57529
      vertex -13.5542 -15.7291 -4.57529
    endloop
  endfacet
  facet normal 0.377457 0.0511632 -0.924613
    outer loop
      vertex -38.092 -7.23464 -10.1698
      vertex -37.7688 -9.61905 -10.1698
      vertex -42.5277 -10.831 -12.1796
    endloop
  endfacet
  facet normal 0.290281 0.00556155 -0.956925
    outer loop
      vertex -28.5039 -1.79292 -6.87596
      vertex -33.5235 -2.10865 -8.40048
      vertex -33.5639 0 -8.40048
    endloop
  endfacet
  facet normal 0.336887 0.00645447 -0.941523
    outer loop
      vertex -33.5639 0 -8.40048
      vertex -33.5235 -2.10865 -8.40048
      vertex -38.4624 -2.41931 -10.1698
    endloop
  endfacet
  facet normal 0.289605 -0.0166859 -0.957001
    outer loop
      vertex -33.4023 4.21223 -8.40048
      vertex -28.5039 1.79292 -6.87596
      vertex -33.5235 2.10865 -8.40048
    endloop
  endfacet
  facet normal 0.336111 -0.0193654 -0.941623
    outer loop
      vertex -33.4023 4.21223 -8.40048
      vertex -33.5235 2.10865 -8.40048
      vertex -38.4624 2.41931 -10.1698
    endloop
  endfacet
  facet normal 0.290284 -0.00556955 -0.956924
    outer loop
      vertex -28.5039 1.79292 -6.87596
      vertex -28.5383 0 -6.87596
      vertex -33.5639 0 -8.40048
    endloop
  endfacet
  facet normal 0.290284 0.00556955 -0.956924
    outer loop
      vertex -28.5383 0 -6.87596
      vertex -28.5039 -1.79292 -6.87596
      vertex -33.5639 0 -8.40048
    endloop
  endfacet
  facet normal 0.14673 -0.00280885 -0.989173
    outer loop
      vertex -18.2709 1.14925 -4.57529
      vertex -13.0822 0.822877 -3.80469
      vertex -18.2929 0 -4.57529
    endloop
  endfacet
  facet normal 0.289601 -0.0166935 -0.957002
    outer loop
      vertex -28.4008 3.58151 -6.87596
      vertex -28.5039 1.79292 -6.87596
      vertex -33.4023 4.21223 -8.40048
    endloop
  endfacet
  facet normal -0.237273 -0.0416281 -0.970551
    outer loop
      vertex 27.9899 7.12853 -6.87596
      vertex 22.9934 5.856 -5.59987
      vertex 22.7412 7.2935 -5.59987
    endloop
  endfacet
  facet normal 0.0355556 -0.0264382 -0.999018
    outer loop
      vertex -5.56593 7.12647 -3.28992
      vertex -1.94567 2.25788 -3.03223
      vertex -5.83233 6.7682 -3.28992
    endloop
  endfacet
  facet normal -0.336884 0.0064611 -0.941524
    outer loop
      vertex 38.5088 0 -10.1698
      vertex 38.4624 -2.41931 -10.1698
      vertex 33.5639 0 -8.40048
    endloop
  endfacet
  facet normal 0.227106 -0.0684181 -0.971464
    outer loop
      vertex -26.3659 13.9831 -6.87596
      vertex -21.6593 11.487 -5.59987
      vertex -26.87 12.3098 -6.87596
    endloop
  endfacet
  facet normal -0.461012 0.080868 -0.883701
    outer loop
      vertex 46.6667 -14.9668 -14.425
      vertex 49.2039 -14.7754 -15.7311
      vertex 48.9261 -15.6914 -15.67
    endloop
  endfacet
  facet normal -0.461012 0.0808319 -0.883705
    outer loop
      vertex 49.2039 -14.7754 -15.7311
      vertex 46.6667 -14.9668 -14.425
      vertex 49.2761 -14.0422 -15.7017
    endloop
  endfacet
  facet normal -0.417984 -0.073306 -0.905492
    outer loop
      vertex 47.184 12.0169 -14.425
      vertex 42.5277 10.831 -12.1796
      vertex 42.0614 13.4898 -12.1796
    endloop
  endfacet
  facet normal -0.373992 -0.0655907 -0.925109
    outer loop
      vertex 42.0614 13.4898 -12.1796
      vertex 42.5277 10.831 -12.1796
      vertex 37.7688 9.61905 -10.1698
    endloop
  endfacet
  facet normal -0.427532 0.00819019 -0.903963
    outer loop
      vertex 48.1084 0 -14.425
      vertex 48.0505 -3.02241 -14.425
      vertex 43.3086 -2.72414 -12.1796
    endloop
  endfacet
  facet normal -0.468266 0.0451172 -0.882435
    outer loop
      vertex 49.3 -8.19244 -15.2904
      vertex 47.8768 -6.03754 -14.425
      vertex 49.3 -6.21701 -15.1894
    endloop
  endfacet
  facet normal -0.468267 0.0451166 -0.882435
    outer loop
      vertex 47.8768 -6.03754 -14.425
      vertex 49.3 -8.19244 -15.2904
      vertex 47.5877 -9.03812 -14.425
    endloop
  endfacet
  facet normal -0.0773418 -0.0471534 -0.995889
    outer loop
      vertex 10.1248 10.6389 -3.80469
      vertex 10.5204 9.99003 -3.80469
      vertex 6.32237 6.00366 -3.28992
    endloop
  endfacet
  facet normal -0.0853456 -0.0377638 -0.995635
    outer loop
      vertex 11.2345 8.62164 -3.80469
      vertex 11.5514 7.90545 -3.80469
      vertex 6.94196 4.7509 -3.28992
    endloop
  endfacet
  facet normal -0.192313 -0.0260624 -0.980987
    outer loop
      vertex 22.9934 5.856 -5.59987
      vertex 18.0949 3.43669 -4.57529
      vertex 17.9414 4.56936 -4.57529
    endloop
  endfacet
  facet normal -0.280172 -0.0605577 -0.958038
    outer loop
      vertex 32.1187 12.4748 -8.40048
      vertex 32.5581 10.4419 -8.40048
      vertex 27.3094 10.6069 -6.87596
    endloop
  endfacet
  facet normal -0.286226 -0.0387971 -0.957376
    outer loop
      vertex 32.919 8.38389 -8.40048
      vertex 33.2007 6.30565 -8.40048
      vertex 27.9899 7.12853 -6.87596
    endloop
  endfacet
  facet normal -0.332238 -0.045034 -0.94212
    outer loop
      vertex 38.092 7.23464 -10.1698
      vertex 33.2007 6.30565 -8.40048
      vertex 32.919 8.38389 -8.40048
    endloop
  endfacet
  facet normal -0.222621 -0.0770718 -0.971854
    outer loop
      vertex 25.7983 15.6227 -6.87596
      vertex 21.6593 11.487 -5.59987
      vertex 21.193 12.8339 -5.59987
    endloop
  endfacet
  facet normal -0.320674 -0.0827462 -0.943568
    outer loop
      vertex 36.8506 14.3127 -10.1698
      vertex 32.1187 12.4748 -8.40048
      vertex 31.6019 14.4776 -8.40048
    endloop
  endfacet
  facet normal -0.449613 -0.116045 -0.885653
    outer loop
      vertex 46.0369 17.8806 -14.425
      vertex 46.2134 18.4194 -14.5852
      vertex 46.3738 18.3337 -14.6554
    endloop
  endfacet
  facet normal -0.449666 -0.11602 -0.885629
    outer loop
      vertex 46.2134 18.4194 -14.5852
      vertex 46.0369 17.8806 -14.425
      vertex 45.8711 18.5232 -14.425
    endloop
  endfacet
  facet normal -0.309196 -0.107049 -0.944954
    outer loop
      vertex 31.009 16.4456 -8.40048
      vertex 34.8526 18.8 -9.92485
      vertex 35.4484 18.8 -10.1198
    endloop
  endfacet
  facet normal -0.309196 -0.107047 -0.944954
    outer loop
      vertex 34.8526 18.8 -9.92485
      vertex 31.009 16.4456 -8.40048
      vertex 30.3414 18.3739 -8.40048
    endloop
  endfacet
  facet normal 0.188177 -0.0406774 -0.981292
    outer loop
      vertex -17.5052 6.79898 -4.57529
      vertex -17.7447 5.69103 -4.57529
      vertex -22.7412 7.2935 -5.59987
    endloop
  endfacet
  facet normal 0.280172 0.0605577 -0.958038
    outer loop
      vertex -27.3094 -10.6069 -6.87596
      vertex -32.1187 -12.4748 -8.40048
      vertex -32.5581 -10.4419 -8.40048
    endloop
  endfacet
  facet normal 0.146729 0.0027995 -0.989173
    outer loop
      vertex -13.0979 0 -3.80469
      vertex -13.0822 -0.822877 -3.80469
      vertex -18.2929 0 -4.57529
    endloop
  endfacet
  facet normal 0.0977813 -0.00563418 -0.995192
    outer loop
      vertex -13.0349 1.64377 -3.80469
      vertex -7.86193 0.49452 -3.28992
      vertex -13.0822 0.822877 -3.80469
    endloop
  endfacet
  facet normal 0.0802107 -0.0441225 -0.995801
    outer loop
      vertex -6.32237 6.00366 -3.28992
      vertex -6.54484 5.59923 -3.28992
      vertex -10.8905 9.31706 -3.80469
    endloop
  endfacet
  facet normal 0.093118 -0.0240188 -0.995365
    outer loop
      vertex -12.3323 5.64973 -3.80469
      vertex -7.41128 3.39529 -3.28992
      vertex -12.5339 4.86815 -3.80469
    endloop
  endfacet
  facet normal 0.0966079 -0.0130921 -0.995236
    outer loop
      vertex -7.72016 1.96619 -3.28992
      vertex -7.78621 1.4788 -3.28992
      vertex -12.8463 3.27172 -3.80469
    endloop
  endfacet
  facet normal -0.468266 -0.0451172 -0.882435
    outer loop
      vertex 47.8768 6.03754 -14.425
      vertex 49.3 8.19244 -15.2904
      vertex 49.3 6.21701 -15.1894
    endloop
  endfacet
  facet normal -0.468267 -0.0451166 -0.882435
    outer loop
      vertex 49.3 8.19244 -15.2904
      vertex 47.8768 6.03754 -14.425
      vertex 47.5877 9.03812 -14.425
    endloop
  endfacet
  facet normal -0.417982 -0.0732981 -0.905493
    outer loop
      vertex 46.6667 14.9668 -14.425
      vertex 47.184 12.0169 -14.425
      vertex 42.0614 13.4898 -12.1796
    endloop
  endfacet
  facet normal -0.471393 -0.00903042 -0.881877
    outer loop
      vertex 48.0505 3.02241 -14.425
      vertex 49.3 0.864277 -15.0708
      vertex 48.1084 0 -14.425
    endloop
  endfacet
  facet normal -0.471391 -0.00902884 -0.881878
    outer loop
      vertex 49.3 0.864277 -15.0708
      vertex 48.0505 3.02241 -14.425
      vertex 49.3 3.101 -15.0937
    endloop
  endfacet
  facet normal -0.407425 -0.105122 -0.907168
    outer loop
      vertex 46.0369 17.8806 -14.425
      vertex 45.2754 18.7039 -14.1784
      vertex 45.8711 18.5232 -14.425
    endloop
  endfacet
  facet normal -0.407561 -0.10527 -0.90709
    outer loop
      vertex 46.0369 17.8806 -14.425
      vertex 44.3 18.8 -13.7513
      vertex 45.2754 18.7039 -14.1784
    endloop
  endfacet
  facet normal -0.407497 -0.105115 -0.907137
    outer loop
      vertex 40.8261 18.7035 -12.1796
      vertex 44.3 18.8 -13.7513
      vertex 46.0369 17.8806 -14.425
    endloop
  endfacet
  facet normal -0.407517 -0.104808 -0.907163
    outer loop
      vertex 44.3 18.8 -13.7513
      vertex 40.8261 18.7035 -12.1796
      vertex 41.0368 18.8 -12.2854
    endloop
  endfacet
  facet normal -0.400807 -0.120586 -0.908192
    outer loop
      vertex 40.8979 18.8 -12.2241
      vertex 41.0368 18.8 -12.2854
      vertex 40.8261 18.7035 -12.1796
    endloop
  endfacet
  facet normal 0.421802 -0.0571648 -0.904884
    outer loop
      vertex -47.184 12.0169 -14.425
      vertex -42.5277 10.831 -12.1796
      vertex -47.5877 9.03812 -14.425
    endloop
  endfacet
  facet normal 0.382676 0.00733285 -0.923853
    outer loop
      vertex -38.4624 -2.41931 -10.1698
      vertex -43.3086 -2.72414 -12.1796
      vertex -43.3608 0 -12.1796
    endloop
  endfacet
  facet normal 0.381806 -0.0220015 -0.92398
    outer loop
      vertex -43.152 5.44172 -12.1796
      vertex -38.4624 2.41931 -10.1698
      vertex -43.3086 2.72414 -12.1796
    endloop
  endfacet
  facet normal 0.288252 -0.0277592 -0.957152
    outer loop
      vertex -33.2007 6.30565 -8.40048
      vertex -28.2294 5.36148 -6.87596
      vertex -33.4023 4.21223 -8.40048
    endloop
  endfacet
  facet normal 0.332238 -0.0450339 -0.94212
    outer loop
      vertex -37.7688 9.61905 -10.1698
      vertex -32.919 8.38389 -8.40048
      vertex -38.092 7.23464 -10.1698
    endloop
  endfacet
  facet normal 0.271487 -0.0817909 -0.95896
    outer loop
      vertex -31.009 16.4456 -8.40048
      vertex -26.87 12.3098 -6.87596
      vertex -31.6019 14.4776 -8.40048
    endloop
  endfacet
  facet normal 0.276153 -0.0712581 -0.958469
    outer loop
      vertex -31.6019 14.4776 -8.40048
      vertex -27.3094 10.6069 -6.87596
      vertex -32.1187 12.4748 -8.40048
    endloop
  endfacet
  facet normal 0.424658 0.040915 -0.904429
    outer loop
      vertex -43.152 -5.44172 -12.1796
      vertex -47.5877 -9.03812 -14.425
      vertex -47.8768 -6.03754 -14.425
    endloop
  endfacet
  facet normal 0.146379 0.00843441 -0.989193
    outer loop
      vertex -13.0822 -0.822877 -3.80469
      vertex -13.0349 -1.64377 -3.80469
      vertex -18.2709 -1.14925 -4.57529
    endloop
  endfacet
  facet normal 0.413208 0.0893123 -0.906246
    outer loop
      vertex -41.4937 -16.116 -12.1796
      vertex -46.0369 -17.8806 -14.425
      vertex -46.6667 -14.9668 -14.425
    endloop
  endfacet
  facet normal 0.44967 0.115991 -0.885631
    outer loop
      vertex -46.0369 -17.8806 -14.425
      vertex -46.3738 -18.3337 -14.6554
      vertex -46.7229 -18.147 -14.8082
    endloop
  endfacet
  facet normal 0.465159 0.0630455 -0.882979
    outer loop
      vertex -49.3 -10.7491 -15.4492
      vertex -47.184 -12.0169 -14.425
      vertex -49.3 -12.5558 -15.5782
    endloop
  endfacet
  facet normal 0.465157 0.0630405 -0.882981
    outer loop
      vertex -47.184 -12.0169 -14.425
      vertex -49.3 -10.7491 -15.4492
      vertex -47.5877 -9.03812 -14.425
    endloop
  endfacet
  facet normal 0.174568 0.0686339 -0.98225
    outer loop
      vertex -16.5366 -10.0141 -4.57529
      vertex -16.1329 -11.0409 -4.57529
      vertex -21.193 -12.8339 -5.59987
    endloop
  endfacet
  facet normal 0.364491 0.0940454 -0.926446
    outer loop
      vertex -36.8506 -14.3127 -10.1698
      vertex -36.2577 -16.6106 -10.1698
      vertex -40.8261 -18.7035 -12.1796
    endloop
  endfacet
  facet normal 0.421799 0.0571551 -0.904886
    outer loop
      vertex -42.8915 -8.14619 -12.1796
      vertex -42.5277 -10.831 -12.1796
      vertex -47.5877 -9.03812 -14.425
    endloop
  endfacet
  facet normal 0.449666 0.11602 -0.885629
    outer loop
      vertex -46.2134 -18.4194 -14.5852
      vertex -46.0369 -17.8806 -14.425
      vertex -45.8711 -18.5232 -14.425
    endloop
  endfacet
  facet normal 0.449613 0.116045 -0.885653
    outer loop
      vertex -46.0369 -17.8806 -14.425
      vertex -46.2134 -18.4194 -14.5852
      vertex -46.3738 -18.3337 -14.6554
    endloop
  endfacet
  facet normal 0.242978 -0.00465216 -0.970021
    outer loop
      vertex -23.4156 1.47286 -5.59987
      vertex -23.4438 0 -5.59987
      vertex -28.5039 1.79292 -6.87596
    endloop
  endfacet
  facet normal 0.242975 -0.00466185 -0.970021
    outer loop
      vertex -28.5039 1.79292 -6.87596
      vertex -23.4438 0 -5.59987
      vertex -28.5383 0 -6.87596
    endloop
  endfacet
  facet normal 0.373994 0.0655885 -0.925109
    outer loop
      vertex -37.7688 -9.61905 -10.1698
      vertex -37.3547 -11.9803 -10.1698
      vertex -42.0614 -13.4898 -12.1796
    endloop
  endfacet
  facet normal -0.364491 0.0940454 -0.926446
    outer loop
      vertex 36.8506 -14.3127 -10.1698
      vertex 40.8261 -18.7035 -12.1796
      vertex 36.2577 -16.6106 -10.1698
    endloop
  endfacet
  facet normal -0.0036282 0.115085 -0.993349
    outer loop
      vertex 0.275069 -18.8 -4.04084
      vertex 0.642685 -16.7501 -3.80469
      vertex 0.721339 -18.8 -4.04247
    endloop
  endfacet
  facet normal -0.00361714 0.115083 -0.993349
    outer loop
      vertex 0.642685 -16.7501 -3.80469
      vertex 0.275069 -18.8 -4.04084
      vertex 0 -16.7703 -3.80469
    endloop
  endfacet
  facet normal -0.400574 0.120795 -0.908267
    outer loop
      vertex 40.8261 -18.7035 -12.1796
      vertex 40.8979 -18.8 -12.2241
      vertex 40.797 -18.8 -12.1796
    endloop
  endfacet
  facet normal -0.0596896 0.105167 -0.992662
    outer loop
      vertex 6.64758 -18.8 -4.2533
      vertex 6.08198 -18.8 -4.21929
      vertex 5.01237 -15.4937 -3.80469
    endloop
  endfacet
  facet normal -0.195089 -0.00373458 -0.980778
    outer loop
      vertex 23.4438 0 -5.59987
      vertex 18.2929 0 -4.57529
      vertex 18.2709 1.14925 -4.57529
    endloop
  endfacet
  facet normal 0.427533 -0.0081924 -0.903962
    outer loop
      vertex -43.3086 2.72414 -12.1796
      vertex -43.3608 0 -12.1796
      vertex -48.1084 0 -14.425
    endloop
  endfacet
  facet normal 0.426572 -0.0245746 -0.90412
    outer loop
      vertex -47.8768 6.03754 -14.425
      vertex -43.152 5.44172 -12.1796
      vertex -48.0505 3.02241 -14.425
    endloop
  endfacet
  facet normal 0.468249 -0.0450685 -0.882446
    outer loop
      vertex -49.3 9.36333 -15.3502
      vertex -47.5877 9.03812 -14.425
      vertex -49.3 8.19244 -15.2904
    endloop
  endfacet
  facet normal -0.334564 0.0322191 -0.941822
    outer loop
      vertex 33.4023 -4.21223 -8.40048
      vertex 38.092 -7.23464 -10.1698
      vertex 33.2007 -6.30565 -8.40048
    endloop
  endfacet
  facet normal -0.0489486 0.00282085 -0.998797
    outer loop
      vertex 7.86193 -0.49452 -3.28992
      vertex 7.8335 -0.98785 -3.28992
      vertex 2.62275 -0.164972 -3.03223
    endloop
  endfacet
  facet normal -0.159943 -0.0879781 -0.983198
    outer loop
      vertex 19.4928 16.6765 -5.59987
      vertex 15.21 13.0124 -4.57529
      vertex 14.693 13.9523 -4.57529
    endloop
  endfacet
  facet normal -0.134276 -0.0464831 -0.989853
    outer loop
      vertex 16.5366 10.0141 -4.57529
      vertex 12.1009 6.4177 -3.80469
      vertex 11.8404 7.17021 -3.80469
    endloop
  endfacet
  facet normal -0.0956723 -0.0167796 -0.995271
    outer loop
      vertex 12.8463 3.27172 -3.80469
      vertex 7.72016 1.96619 -3.28992
      vertex 7.63551 2.44884 -3.28992
    endloop
  endfacet
  facet normal -0.188178 -0.040672 -0.981292
    outer loop
      vertex 22.4343 8.71344 -5.59987
      vertex 22.7412 7.2935 -5.59987
      vertex 17.5052 6.79898 -4.57529
    endloop
  endfacet
  facet normal -0.0914977 -0.0275695 -0.995424
    outer loop
      vertex 12.1009 6.4177 -3.80469
      vertex 12.3323 5.64973 -3.80469
      vertex 7.27223 3.85682 -3.28992
    endloop
  endfacet
  facet normal -0.381804 -0.0220051 -0.923981
    outer loop
      vertex 43.152 5.44172 -12.1796
      vertex 38.4624 2.41931 -10.1698
      vertex 38.3233 4.8328 -10.1698
    endloop
  endfacet
  facet normal -0.381806 0.0220015 -0.92398
    outer loop
      vertex 43.3086 -2.72414 -12.1796
      vertex 43.152 -5.44172 -12.1796
      vertex 38.4624 -2.41931 -10.1698
    endloop
  endfacet
  facet normal -0.32915 -0.0577209 -0.942512
    outer loop
      vertex 37.7688 9.61905 -10.1698
      vertex 32.919 8.38389 -8.40048
      vertex 32.5581 10.4419 -8.40048
    endloop
  endfacet
  facet normal -0.283535 -0.0497217 -0.957672
    outer loop
      vertex 32.5581 10.4419 -8.40048
      vertex 32.919 8.38389 -8.40048
      vertex 27.9899 7.12853 -6.87596
    endloop
  endfacet
  facet normal -0.222624 -0.0770684 -0.971853
    outer loop
      vertex 25.7983 15.6227 -6.87596
      vertex 26.3659 13.9831 -6.87596
      vertex 21.6593 11.487 -5.59987
    endloop
  endfacet
  facet normal -0.271487 -0.0817909 -0.95896
    outer loop
      vertex 31.009 16.4456 -8.40048
      vertex 31.6019 14.4776 -8.40048
      vertex 26.87 12.3098 -6.87596
    endloop
  endfacet
  facet normal -0.135106 -0.110804 -0.984616
    outer loop
      vertex 14.0421 18.8 -4.97909
      vertex 14.6832 18.8 -5.06706
      vertex 12.935 16.5617 -4.57529
    endloop
  endfacet
  facet normal -0.192464 -0.117288 -0.97427
    outer loop
      vertex 19.3904 18.8 -5.82115
      vertex 19.798 18.8 -5.90167
      vertex 18.8303 17.881 -5.59987
    endloop
  endfacet
  facet normal -0.260232 -0.102297 -0.960112
    outer loop
      vertex 30.3414 18.3739 -8.40048
      vertex 28.4047 18.8 -7.92095
      vertex 30.1739 18.8 -8.40048
    endloop
  endfacet
  facet normal -0.260232 -0.1023 -0.960111
    outer loop
      vertex 28.4047 18.8 -7.92095
      vertex 30.3414 18.3739 -8.40048
      vertex 25.7983 15.6227 -6.87596
    endloop
  endfacet
  facet normal -0.252935 -0.114054 -0.960737
    outer loop
      vertex 24.4974 18.8 -6.88281
      vertex 24.5298 18.8 -6.89134
      vertex 24.4781 18.7851 -6.87596
    endloop
  endfacet
  facet normal 0.144632 -0.0196006 -0.989291
    outer loop
      vertex -17.9414 4.56936 -4.57529
      vertex -12.8463 3.27172 -3.80469
      vertex -18.0949 3.43669 -4.57529
    endloop
  endfacet
  facet normal 0.0478909 -0.00839659 -0.998817
    outer loop
      vertex -2.54722 0.816935 -3.03223
      vertex -2.57545 0.655922 -3.03223
      vertex -7.63551 2.44884 -3.28992
    endloop
  endfacet
  facet normal 0.0401353 0.0220756 -0.99895
    outer loop
      vertex -2.18336 -1.86791 -3.03223
      vertex -2.10915 -2.00283 -3.03223
      vertex -6.32237 -6.00366 -3.28992
    endloop
  endfacet
  facet normal 0.276154 0.0712562 -0.958468
    outer loop
      vertex -27.3094 -10.6069 -6.87596
      vertex -26.87 -12.3098 -6.87596
      vertex -31.6019 -14.4776 -8.40048
    endloop
  endfacet
  facet normal 0.146729 -0.0027995 -0.989173
    outer loop
      vertex -13.0822 0.822877 -3.80469
      vertex -13.0979 0 -3.80469
      vertex -18.2929 0 -4.57529
    endloop
  endfacet
  facet normal 0.195089 -0.00373458 -0.980778
    outer loop
      vertex -18.2709 1.14925 -4.57529
      vertex -18.2929 0 -4.57529
      vertex -23.4438 0 -5.59987
    endloop
  endfacet
  facet normal 0.13427 -0.0464911 -0.989854
    outer loop
      vertex -16.5366 10.0141 -4.57529
      vertex -12.1009 6.4177 -3.80469
      vertex -16.9005 8.96313 -4.57529
    endloop
  endfacet
  facet normal 0.0338512 -0.0277705 -0.999041
    outer loop
      vertex -5.28611 7.46756 -3.28992
      vertex -1.8568 2.3774 -3.03223
      vertex -5.56593 7.12647 -3.28992
    endloop
  endfacet
  facet normal 0.15427 -0.0940411 -0.983543
    outer loop
      vertex -18.8303 17.881 -5.59987
      vertex -17.9589 18.8 -5.55106
      vertex -14.693 13.9523 -4.57529
    endloop
  endfacet
  facet normal 0.154264 -0.0940353 -0.983545
    outer loop
      vertex -17.9589 18.8 -5.55106
      vertex -18.8303 17.881 -5.59987
      vertex -18.2701 18.8 -5.59987
    endloop
  endfacet
  facet normal 0 0 -1
    outer loop
      vertex -2.62591 0 -3.03223
      vertex 2.62591 0 -3.03223
      vertex 2.62275 -0.164972 -3.03223
    endloop
  endfacet
  facet normal 0 0 -1
    outer loop
      vertex -2.62275 -0.164972 -3.03223
      vertex 2.62275 -0.164972 -3.03223
      vertex 2.61327 -0.329548 -3.03223
    endloop
  endfacet
  facet normal 0 0 -1
    outer loop
      vertex 2.62591 0 -3.03223
      vertex -2.62591 0 -3.03223
      vertex 2.62275 0.164972 -3.03223
    endloop
  endfacet
  facet normal 0 0 -1
    outer loop
      vertex -2.61327 -0.329548 -3.03223
      vertex 2.61327 -0.329548 -3.03223
      vertex 2.59749 -0.493329 -3.03223
    endloop
  endfacet
  facet normal 0 -0 -1
    outer loop
      vertex -2.62275 0.164972 -3.03223
      vertex 2.62275 0.164972 -3.03223
      vertex -2.62591 0 -3.03223
    endloop
  endfacet
  facet normal 0 0 -1
    outer loop
      vertex -2.59749 -0.493329 -3.03223
      vertex 2.59749 -0.493329 -3.03223
      vertex 2.57545 -0.655922 -3.03223
    endloop
  endfacet
  facet normal 0 0 -1
    outer loop
      vertex 2.62275 0.164972 -3.03223
      vertex -2.62275 0.164972 -3.03223
      vertex 2.61327 0.329548 -3.03223
    endloop
  endfacet
  facet normal 0 0 -1
    outer loop
      vertex -2.57545 -0.655922 -3.03223
      vertex 2.57545 -0.655922 -3.03223
      vertex 2.54722 -0.816935 -3.03223
    endloop
  endfacet
  facet normal 0 -0 -1
    outer loop
      vertex -2.61327 0.329548 -3.03223
      vertex 2.61327 0.329548 -3.03223
      vertex -2.62275 0.164972 -3.03223
    endloop
  endfacet
  facet normal 0 0 -1
    outer loop
      vertex -2.54722 -0.816935 -3.03223
      vertex 2.54722 -0.816935 -3.03223
      vertex 2.51284 -0.97598 -3.03223
    endloop
  endfacet
  facet normal 0 0 -1
    outer loop
      vertex 2.61327 0.329548 -3.03223
      vertex -2.61327 0.329548 -3.03223
      vertex 2.59749 0.493329 -3.03223
    endloop
  endfacet
  facet normal 0 0 -1
    outer loop
      vertex -2.51284 -0.97598 -3.03223
      vertex 2.51284 -0.97598 -3.03223
      vertex 2.47241 -1.13267 -3.03223
    endloop
  endfacet
  facet normal 0 -0 -1
    outer loop
      vertex -2.59749 0.493329 -3.03223
      vertex 2.59749 0.493329 -3.03223
      vertex -2.61327 0.329548 -3.03223
    endloop
  endfacet
  facet normal 0 0 -1
    outer loop
      vertex -2.47241 -1.13267 -3.03223
      vertex 2.47241 -1.13267 -3.03223
      vertex 2.42603 -1.28664 -3.03223
    endloop
  endfacet
  facet normal 0 0 -1
    outer loop
      vertex 2.59749 0.493329 -3.03223
      vertex -2.59749 0.493329 -3.03223
      vertex 2.57545 0.655922 -3.03223
    endloop
  endfacet
  facet normal 0 0 -1
    outer loop
      vertex -2.42603 -1.28664 -3.03223
      vertex 2.42603 -1.28664 -3.03223
      vertex 2.3738 -1.4375 -3.03223
    endloop
  endfacet
  facet normal 0 -0 -1
    outer loop
      vertex -2.57545 0.655922 -3.03223
      vertex 2.57545 0.655922 -3.03223
      vertex -2.59749 0.493329 -3.03223
    endloop
  endfacet
  facet normal 0 0 -1
    outer loop
      vertex -2.3738 -1.4375 -3.03223
      vertex 2.3738 -1.4375 -3.03223
      vertex 2.31585 -1.58491 -3.03223
    endloop
  endfacet
  facet normal 0 0 -1
    outer loop
      vertex 2.57545 0.655922 -3.03223
      vertex -2.57545 0.655922 -3.03223
      vertex 2.54722 0.816935 -3.03223
    endloop
  endfacet
  facet normal 0 0 -1
    outer loop
      vertex -2.31585 -1.58491 -3.03223
      vertex 2.31585 -1.58491 -3.03223
      vertex 2.25232 -1.72849 -3.03223
    endloop
  endfacet
  facet normal 0 -0 -1
    outer loop
      vertex -2.54722 0.816935 -3.03223
      vertex 2.54722 0.816935 -3.03223
      vertex -2.57545 0.655922 -3.03223
    endloop
  endfacet
  facet normal 0 0 -1
    outer loop
      vertex -2.25232 -1.72849 -3.03223
      vertex 2.25232 -1.72849 -3.03223
      vertex 2.18336 -1.86791 -3.03223
    endloop
  endfacet
  facet normal 0 0 -1
    outer loop
      vertex 2.54722 0.816935 -3.03223
      vertex -2.54722 0.816935 -3.03223
      vertex 2.51284 0.97598 -3.03223
    endloop
  endfacet
  facet normal 0 0 -1
    outer loop
      vertex -2.18336 -1.86791 -3.03223
      vertex 2.18336 -1.86791 -3.03223
      vertex 2.10915 -2.00283 -3.03223
    endloop
  endfacet
  facet normal 0 -0 -1
    outer loop
      vertex -2.51284 0.97598 -3.03223
      vertex 2.51284 0.97598 -3.03223
      vertex -2.54722 0.816935 -3.03223
    endloop
  endfacet
  facet normal 0 0 -1
    outer loop
      vertex -2.18336 -1.86791 -3.03223
      vertex 2.10915 -2.00283 -3.03223
      vertex 2.02986 -2.13292 -3.03223
    endloop
  endfacet
  facet normal 0 0 -1
    outer loop
      vertex 2.51284 0.97598 -3.03223
      vertex -2.51284 0.97598 -3.03223
      vertex 2.47241 1.13267 -3.03223
    endloop
  endfacet
  facet normal 0 0 -1
    outer loop
      vertex -2.18336 -1.86791 -3.03223
      vertex 2.02986 -2.13292 -3.03223
      vertex 1.94567 -2.25788 -3.03223
    endloop
  endfacet
  facet normal 0 0 -1
    outer loop
      vertex 2.62275 -0.164972 -3.03223
      vertex -2.62275 -0.164972 -3.03223
      vertex -2.62591 0 -3.03223
    endloop
  endfacet
  facet normal 0 0 -1
    outer loop
      vertex -2.18336 -1.86791 -3.03223
      vertex 1.94567 -2.25788 -3.03223
      vertex 1.8568 -2.3774 -3.03223
    endloop
  endfacet
  facet normal 0 -0 -1
    outer loop
      vertex -2.47241 1.13267 -3.03223
      vertex 2.47241 1.13267 -3.03223
      vertex -2.51284 0.97598 -3.03223
    endloop
  endfacet
  facet normal 0 0 -1
    outer loop
      vertex -2.18336 -1.86791 -3.03223
      vertex 1.8568 -2.3774 -3.03223
      vertex 1.76345 -2.49119 -3.03223
    endloop
  endfacet
  facet normal 0 0 -1
    outer loop
      vertex 2.47241 1.13267 -3.03223
      vertex -2.47241 1.13267 -3.03223
      vertex 2.42603 1.28664 -3.03223
    endloop
  endfacet
  facet normal 0 0 -1
    outer loop
      vertex -2.18336 -1.86791 -3.03223
      vertex 1.76345 -2.49119 -3.03223
      vertex 1.66586 -2.59898 -3.03223
    endloop
  endfacet
  facet normal 0 -0 -1
    outer loop
      vertex -2.42603 1.28664 -3.03223
      vertex 2.42603 1.28664 -3.03223
      vertex -2.47241 1.13267 -3.03223
    endloop
  endfacet
  facet normal 0 0 -1
    outer loop
      vertex -2.18336 -1.86791 -3.03223
      vertex 1.66586 -2.59898 -3.03223
      vertex 1.56425 -2.7005 -3.03223
    endloop
  endfacet
  facet normal 0 0 -1
    outer loop
      vertex 2.42603 1.28664 -3.03223
      vertex -2.42603 1.28664 -3.03223
      vertex 2.3738 1.4375 -3.03223
    endloop
  endfacet
  facet normal 0 0 -1
    outer loop
      vertex -2.18336 -1.86791 -3.03223
      vertex 1.56425 -2.7005 -3.03223
      vertex 1.45888 -2.79552 -3.03223
    endloop
  endfacet
  facet normal 0 -0 -1
    outer loop
      vertex -2.3738 1.4375 -3.03223
      vertex 2.3738 1.4375 -3.03223
      vertex -2.42603 1.28664 -3.03223
    endloop
  endfacet
  facet normal 0 0 -1
    outer loop
      vertex -2.18336 -1.86791 -3.03223
      vertex 1.45888 -2.79552 -3.03223
      vertex 1.34999 -2.88381 -3.03223
    endloop
  endfacet
  facet normal 0 0 -1
    outer loop
      vertex 2.3738 1.4375 -3.03223
      vertex -2.3738 1.4375 -3.03223
      vertex 2.31585 1.58491 -3.03223
    endloop
  endfacet
  facet normal 0 0 -1
    outer loop
      vertex -2.18336 -1.86791 -3.03223
      vertex 1.34999 -2.88381 -3.03223
      vertex 1.23785 -2.96515 -3.03223
    endloop
  endfacet
  facet normal 0 -0 -1
    outer loop
      vertex -2.31585 1.58491 -3.03223
      vertex 2.31585 1.58491 -3.03223
      vertex -2.3738 1.4375 -3.03223
    endloop
  endfacet
  facet normal 0 0 -1
    outer loop
      vertex -2.18336 -1.86791 -3.03223
      vertex 1.23785 -2.96515 -3.03223
      vertex 1.12272 -3.03935 -3.03223
    endloop
  endfacet
  facet normal 0 0 -1
    outer loop
      vertex 2.31585 1.58491 -3.03223
      vertex -2.31585 1.58491 -3.03223
      vertex 2.25232 1.72849 -3.03223
    endloop
  endfacet
  facet normal 0 0 -1
    outer loop
      vertex -2.18336 -1.86791 -3.03223
      vertex 1.12272 -3.03935 -3.03223
      vertex 1.00489 -3.10622 -3.03223
    endloop
  endfacet
  facet normal 0 -0 -1
    outer loop
      vertex -2.25232 1.72849 -3.03223
      vertex 2.25232 1.72849 -3.03223
      vertex -2.31585 1.58491 -3.03223
    endloop
  endfacet
  facet normal 0 0 -1
    outer loop
      vertex -2.18336 -1.86791 -3.03223
      vertex 1.00489 -3.10622 -3.03223
      vertex 0.884643 -3.16561 -3.03223
    endloop
  endfacet
  facet normal 0 0 -1
    outer loop
      vertex 2.25232 1.72849 -3.03223
      vertex -2.25232 1.72849 -3.03223
      vertex 2.18336 1.86791 -3.03223
    endloop
  endfacet
  facet normal 0 0 -1
    outer loop
      vertex -2.18336 -1.86791 -3.03223
      vertex 0.884643 -3.16561 -3.03223
      vertex 0.762261 -3.21737 -3.03223
    endloop
  endfacet
  facet normal 0 -0 -1
    outer loop
      vertex -2.18336 1.86791 -3.03223
      vertex 2.18336 1.86791 -3.03223
      vertex -2.25232 1.72849 -3.03223
    endloop
  endfacet
  facet normal 0 0 -1
    outer loop
      vertex -2.18336 -1.86791 -3.03223
      vertex 0.762261 -3.21737 -3.03223
      vertex 0.638044 -3.26139 -3.03223
    endloop
  endfacet
  facet normal 0 0 -1
    outer loop
      vertex 2.18336 1.86791 -3.03223
      vertex -2.18336 1.86791 -3.03223
      vertex 2.10915 2.00283 -3.03223
    endloop
  endfacet
  facet normal 0 0 -1
    outer loop
      vertex -2.18336 -1.86791 -3.03223
      vertex 0.638044 -3.26139 -3.03223
      vertex 0.512289 -3.29755 -3.03223
    endloop
  endfacet
  facet normal -0 0 -1
    outer loop
      vertex 2.10915 2.00283 -3.03223
      vertex -2.18336 1.86791 -3.03223
      vertex 2.02986 2.13292 -3.03223
    endloop
  endfacet
  facet normal 0 0 -1
    outer loop
      vertex -2.18336 -1.86791 -3.03223
      vertex 0.512289 -3.29755 -3.03223
      vertex 0.385301 -3.32576 -3.03223
    endloop
  endfacet
  facet normal -0 0 -1
    outer loop
      vertex 2.02986 2.13292 -3.03223
      vertex -2.18336 1.86791 -3.03223
      vertex 1.94567 2.25788 -3.03223
    endloop
  endfacet
  facet normal 0 0 -1
    outer loop
      vertex -2.18336 -1.86791 -3.03223
      vertex 0.385301 -3.32576 -3.03223
      vertex 0.257384 -3.34596 -3.03223
    endloop
  endfacet
  facet normal -0 0 -1
    outer loop
      vertex 1.94567 2.25788 -3.03223
      vertex -2.18336 1.86791 -3.03223
      vertex 1.8568 2.3774 -3.03223
    endloop
  endfacet
  facet normal 0 0 -1
    outer loop
      vertex -2.18336 -1.86791 -3.03223
      vertex 0.257384 -3.34596 -3.03223
      vertex 0.128847 -3.3581 -3.03223
    endloop
  endfacet
  facet normal -0 0 -1
    outer loop
      vertex 1.8568 2.3774 -3.03223
      vertex -2.18336 1.86791 -3.03223
      vertex 1.76345 2.49119 -3.03223
    endloop
  endfacet
  facet normal 0 0 -1
    outer loop
      vertex -2.18336 -1.86791 -3.03223
      vertex 0.128847 -3.3581 -3.03223
      vertex 0 -3.36215 -3.03223
    endloop
  endfacet
  facet normal -0 0 -1
    outer loop
      vertex 1.76345 2.49119 -3.03223
      vertex -2.18336 1.86791 -3.03223
      vertex 1.66586 2.59898 -3.03223
    endloop
  endfacet
  facet normal 0 0 -1
    outer loop
      vertex -2.18336 -1.86791 -3.03223
      vertex 0 -3.36215 -3.03223
      vertex -0.128847 -3.3581 -3.03223
    endloop
  endfacet
  facet normal -0 0 -1
    outer loop
      vertex 1.56425 2.7005 -3.03223
      vertex -2.18336 1.86791 -3.03223
      vertex 1.45888 2.79552 -3.03223
    endloop
  endfacet
  facet normal 0 0 -1
    outer loop
      vertex -2.18336 -1.86791 -3.03223
      vertex -0.128847 -3.3581 -3.03223
      vertex -0.257384 -3.34596 -3.03223
    endloop
  endfacet
  facet normal -0 0 -1
    outer loop
      vertex 1.45888 2.79552 -3.03223
      vertex -2.18336 1.86791 -3.03223
      vertex 1.34999 2.88381 -3.03223
    endloop
  endfacet
  facet normal 0 0 -1
    outer loop
      vertex -2.18336 -1.86791 -3.03223
      vertex -0.257384 -3.34596 -3.03223
      vertex -0.385301 -3.32576 -3.03223
    endloop
  endfacet
  facet normal -0 0 -1
    outer loop
      vertex 1.34999 2.88381 -3.03223
      vertex -2.18336 1.86791 -3.03223
      vertex 1.23785 2.96515 -3.03223
    endloop
  endfacet
  facet normal 0 0 -1
    outer loop
      vertex -2.18336 -1.86791 -3.03223
      vertex -0.385301 -3.32576 -3.03223
      vertex -0.512289 -3.29755 -3.03223
    endloop
  endfacet
  facet normal -0 0 -1
    outer loop
      vertex 1.23785 2.96515 -3.03223
      vertex -2.18336 1.86791 -3.03223
      vertex 1.12272 3.03935 -3.03223
    endloop
  endfacet
  facet normal 0 0 -1
    outer loop
      vertex -2.18336 -1.86791 -3.03223
      vertex -0.512289 -3.29755 -3.03223
      vertex -0.638044 -3.26139 -3.03223
    endloop
  endfacet
  facet normal -0 0 -1
    outer loop
      vertex 1.12272 3.03935 -3.03223
      vertex -2.18336 1.86791 -3.03223
      vertex 1.00489 3.10622 -3.03223
    endloop
  endfacet
  facet normal 0 0 -1
    outer loop
      vertex -2.18336 -1.86791 -3.03223
      vertex -0.638044 -3.26139 -3.03223
      vertex -0.762261 -3.21737 -3.03223
    endloop
  endfacet
  facet normal 0 0 -1
    outer loop
      vertex 2.61327 -0.329548 -3.03223
      vertex -2.61327 -0.329548 -3.03223
      vertex -2.62275 -0.164972 -3.03223
    endloop
  endfacet
  facet normal 0 0 -1
    outer loop
      vertex -2.18336 -1.86791 -3.03223
      vertex -0.762261 -3.21737 -3.03223
      vertex -0.884643 -3.16561 -3.03223
    endloop
  endfacet
  facet normal -0 0 -1
    outer loop
      vertex 1.00489 3.10622 -3.03223
      vertex -2.18336 1.86791 -3.03223
      vertex 0.884643 3.16561 -3.03223
    endloop
  endfacet
  facet normal 0 0 -1
    outer loop
      vertex -2.18336 -1.86791 -3.03223
      vertex -0.884643 -3.16561 -3.03223
      vertex -1.00489 -3.10622 -3.03223
    endloop
  endfacet
  facet normal -0 0 -1
    outer loop
      vertex 0.884643 3.16561 -3.03223
      vertex -2.18336 1.86791 -3.03223
      vertex 0.762261 3.21737 -3.03223
    endloop
  endfacet
  facet normal 0 0 -1
    outer loop
      vertex -2.18336 -1.86791 -3.03223
      vertex -1.00489 -3.10622 -3.03223
      vertex -1.12272 -3.03935 -3.03223
    endloop
  endfacet
  facet normal -0 0 -1
    outer loop
      vertex 0.638044 3.26139 -3.03223
      vertex -2.18336 1.86791 -3.03223
      vertex 0.512289 3.29755 -3.03223
    endloop
  endfacet
  facet normal 0 0 -1
    outer loop
      vertex -2.18336 -1.86791 -3.03223
      vertex -1.12272 -3.03935 -3.03223
      vertex -1.23785 -2.96515 -3.03223
    endloop
  endfacet
  facet normal -0 0 -1
    outer loop
      vertex 0.512289 3.29755 -3.03223
      vertex -2.18336 1.86791 -3.03223
      vertex 0.385301 3.32576 -3.03223
    endloop
  endfacet
  facet normal 0 0 -1
    outer loop
      vertex -2.18336 -1.86791 -3.03223
      vertex -1.23785 -2.96515 -3.03223
      vertex -1.34999 -2.88381 -3.03223
    endloop
  endfacet
  facet normal -0 0 -1
    outer loop
      vertex 0.257384 3.34596 -3.03223
      vertex -2.18336 1.86791 -3.03223
      vertex 0.128847 3.3581 -3.03223
    endloop
  endfacet
  facet normal 0 0 -1
    outer loop
      vertex -2.18336 -1.86791 -3.03223
      vertex -1.34999 -2.88381 -3.03223
      vertex -1.45888 -2.79552 -3.03223
    endloop
  endfacet
  facet normal 0 0 -1
    outer loop
      vertex 2.59749 -0.493329 -3.03223
      vertex -2.59749 -0.493329 -3.03223
      vertex -2.61327 -0.329548 -3.03223
    endloop
  endfacet
  facet normal 0 0 -1
    outer loop
      vertex -2.18336 -1.86791 -3.03223
      vertex -1.45888 -2.79552 -3.03223
      vertex -1.56425 -2.7005 -3.03223
    endloop
  endfacet
  facet normal -0 0 -1
    outer loop
      vertex 0.128847 3.3581 -3.03223
      vertex -2.18336 1.86791 -3.03223
      vertex 0 3.36215 -3.03223
    endloop
  endfacet
  facet normal 0 0 -1
    outer loop
      vertex -2.18336 -1.86791 -3.03223
      vertex -1.56425 -2.7005 -3.03223
      vertex -1.66586 -2.59898 -3.03223
    endloop
  endfacet
  facet normal 0 0 -1
    outer loop
      vertex 0 3.36215 -3.03223
      vertex -2.18336 1.86791 -3.03223
      vertex -0.128847 3.3581 -3.03223
    endloop
  endfacet
  facet normal 0 0 -1
    outer loop
      vertex -1.8568 -2.3774 -3.03223
      vertex -1.66586 -2.59898 -3.03223
      vertex -1.76345 -2.49119 -3.03223
    endloop
  endfacet
  facet normal 0 0 -1
    outer loop
      vertex -1.94567 -2.25788 -3.03223
      vertex -1.66586 -2.59898 -3.03223
      vertex -1.8568 -2.3774 -3.03223
    endloop
  endfacet
  facet normal 0 0 -1
    outer loop
      vertex -2.02986 -2.13292 -3.03223
      vertex -1.66586 -2.59898 -3.03223
      vertex -1.94567 -2.25788 -3.03223
    endloop
  endfacet
  facet normal 0 0 -1
    outer loop
      vertex -1.66586 2.59898 -3.03223
      vertex -1.8568 2.3774 -3.03223
      vertex -1.76345 2.49119 -3.03223
    endloop
  endfacet
  facet normal 0 0 -1
    outer loop
      vertex -2.10915 -2.00283 -3.03223
      vertex -1.66586 -2.59898 -3.03223
      vertex -2.02986 -2.13292 -3.03223
    endloop
  endfacet
  facet normal 0 0 -1
    outer loop
      vertex -1.66586 2.59898 -3.03223
      vertex -1.94567 2.25788 -3.03223
      vertex -1.8568 2.3774 -3.03223
    endloop
  endfacet
  facet normal 0 0 -1
    outer loop
      vertex -2.18336 -1.86791 -3.03223
      vertex -1.66586 -2.59898 -3.03223
      vertex -2.10915 -2.00283 -3.03223
    endloop
  endfacet
  facet normal 0 0 -1
    outer loop
      vertex -1.66586 2.59898 -3.03223
      vertex -2.02986 2.13292 -3.03223
      vertex -1.94567 2.25788 -3.03223
    endloop
  endfacet
  facet normal 0 0 -1
    outer loop
      vertex 2.18336 -1.86791 -3.03223
      vertex -2.18336 -1.86791 -3.03223
      vertex -2.25232 -1.72849 -3.03223
    endloop
  endfacet
  facet normal 0 0 -1
    outer loop
      vertex -1.66586 2.59898 -3.03223
      vertex -2.10915 2.00283 -3.03223
      vertex -2.02986 2.13292 -3.03223
    endloop
  endfacet
  facet normal 0 0 -1
    outer loop
      vertex 2.25232 -1.72849 -3.03223
      vertex -2.25232 -1.72849 -3.03223
      vertex -2.31585 -1.58491 -3.03223
    endloop
  endfacet
  facet normal 0 0 -1
    outer loop
      vertex -1.66586 2.59898 -3.03223
      vertex -2.18336 1.86791 -3.03223
      vertex -2.10915 2.00283 -3.03223
    endloop
  endfacet
  facet normal 0 0 -1
    outer loop
      vertex 2.31585 -1.58491 -3.03223
      vertex -2.31585 -1.58491 -3.03223
      vertex -2.3738 -1.4375 -3.03223
    endloop
  endfacet
  facet normal 0 0 -1
    outer loop
      vertex -1.56425 2.7005 -3.03223
      vertex -2.18336 1.86791 -3.03223
      vertex -1.66586 2.59898 -3.03223
    endloop
  endfacet
  facet normal 0 0 -1
    outer loop
      vertex 2.3738 -1.4375 -3.03223
      vertex -2.3738 -1.4375 -3.03223
      vertex -2.42603 -1.28664 -3.03223
    endloop
  endfacet
  facet normal 0 0 -1
    outer loop
      vertex -1.45888 2.79552 -3.03223
      vertex -2.18336 1.86791 -3.03223
      vertex -1.56425 2.7005 -3.03223
    endloop
  endfacet
  facet normal 0 0 -1
    outer loop
      vertex 2.42603 -1.28664 -3.03223
      vertex -2.42603 -1.28664 -3.03223
      vertex -2.47241 -1.13267 -3.03223
    endloop
  endfacet
  facet normal 0 0 -1
    outer loop
      vertex -1.34999 2.88381 -3.03223
      vertex -2.18336 1.86791 -3.03223
      vertex -1.45888 2.79552 -3.03223
    endloop
  endfacet
  facet normal 0 0 -1
    outer loop
      vertex 2.47241 -1.13267 -3.03223
      vertex -2.47241 -1.13267 -3.03223
      vertex -2.51284 -0.97598 -3.03223
    endloop
  endfacet
  facet normal 0 0 -1
    outer loop
      vertex -1.23785 2.96515 -3.03223
      vertex -2.18336 1.86791 -3.03223
      vertex -1.34999 2.88381 -3.03223
    endloop
  endfacet
  facet normal 0 0 -1
    outer loop
      vertex 2.51284 -0.97598 -3.03223
      vertex -2.51284 -0.97598 -3.03223
      vertex -2.54722 -0.816935 -3.03223
    endloop
  endfacet
  facet normal 0 0 -1
    outer loop
      vertex -1.12272 3.03935 -3.03223
      vertex -2.18336 1.86791 -3.03223
      vertex -1.23785 2.96515 -3.03223
    endloop
  endfacet
  facet normal 0 0 -1
    outer loop
      vertex 2.54722 -0.816935 -3.03223
      vertex -2.54722 -0.816935 -3.03223
      vertex -2.57545 -0.655922 -3.03223
    endloop
  endfacet
  facet normal 0 0 -1
    outer loop
      vertex -1.00489 3.10622 -3.03223
      vertex -2.18336 1.86791 -3.03223
      vertex -1.12272 3.03935 -3.03223
    endloop
  endfacet
  facet normal 0 0 -1
    outer loop
      vertex 2.57545 -0.655922 -3.03223
      vertex -2.57545 -0.655922 -3.03223
      vertex -2.59749 -0.493329 -3.03223
    endloop
  endfacet
  facet normal 0 0 -1
    outer loop
      vertex -0.884643 3.16561 -3.03223
      vertex -2.18336 1.86791 -3.03223
      vertex -1.00489 3.10622 -3.03223
    endloop
  endfacet
  facet normal 0 0 -1
    outer loop
      vertex -0.385301 3.32576 -3.03223
      vertex -2.18336 1.86791 -3.03223
      vertex -0.512289 3.29755 -3.03223
    endloop
  endfacet
  facet normal 0 0 -1
    outer loop
      vertex -0.762261 3.21737 -3.03223
      vertex -2.18336 1.86791 -3.03223
      vertex -0.884643 3.16561 -3.03223
    endloop
  endfacet
  facet normal 0 0 -1
    outer loop
      vertex -0.512289 3.29755 -3.03223
      vertex -2.18336 1.86791 -3.03223
      vertex -0.638044 3.26139 -3.03223
    endloop
  endfacet
  facet normal 0 0 -1
    outer loop
      vertex -0.638044 3.26139 -3.03223
      vertex -2.18336 1.86791 -3.03223
      vertex -0.762261 3.21737 -3.03223
    endloop
  endfacet
  facet normal 0 0 -1
    outer loop
      vertex -0.257384 3.34596 -3.03223
      vertex -2.18336 1.86791 -3.03223
      vertex -0.385301 3.32576 -3.03223
    endloop
  endfacet
  facet normal 0 0 -1
    outer loop
      vertex -0.128847 3.3581 -3.03223
      vertex -2.18336 1.86791 -3.03223
      vertex -0.257384 3.34596 -3.03223
    endloop
  endfacet
  facet normal -0 0 -1
    outer loop
      vertex 0.385301 3.32576 -3.03223
      vertex -2.18336 1.86791 -3.03223
      vertex 0.257384 3.34596 -3.03223
    endloop
  endfacet
  facet normal -0 0 -1
    outer loop
      vertex 0.762261 3.21737 -3.03223
      vertex -2.18336 1.86791 -3.03223
      vertex 0.638044 3.26139 -3.03223
    endloop
  endfacet
  facet normal -0 0 -1
    outer loop
      vertex 1.66586 2.59898 -3.03223
      vertex -2.18336 1.86791 -3.03223
      vertex 1.56425 2.7005 -3.03223
    endloop
  endfacet
  facet normal -0.470344 -0.0270724 -0.882068
    outer loop
      vertex 49.3 6.21701 -15.1894
      vertex 49.3 5.22978 -15.1591
      vertex 47.8768 6.03754 -14.425
    endloop
  endfacet
  facet normal -0.470353 -0.0270986 -0.882062
    outer loop
      vertex 48.0505 3.02241 -14.425
      vertex 49.3 5.22978 -15.1591
      vertex 49.3 3.101 -15.0937
    endloop
  endfacet
  facet normal -0.470355 -0.0270969 -0.882061
    outer loop
      vertex 49.3 5.22978 -15.1591
      vertex 48.0505 3.02241 -14.425
      vertex 47.8768 6.03754 -14.425
    endloop
  endfacet
  facet normal -0.369668 -0.079896 -0.925723
    outer loop
      vertex 42.0614 13.4898 -12.1796
      vertex 37.3547 11.9803 -10.1698
      vertex 36.8506 14.3127 -10.1698
    endloop
  endfacet
  facet normal -0.332238 -0.0450339 -0.94212
    outer loop
      vertex 37.7688 9.61905 -10.1698
      vertex 38.092 7.23464 -10.1698
      vertex 32.919 8.38389 -8.40048
    endloop
  endfacet
  facet normal -0.424658 -0.040915 -0.904429
    outer loop
      vertex 47.5877 9.03812 -14.425
      vertex 47.8768 6.03754 -14.425
      vertex 43.152 5.44172 -12.1796
    endloop
  endfacet
  facet normal -0.44967 -0.115991 -0.885631
    outer loop
      vertex 46.3738 18.3337 -14.6554
      vertex 46.7229 18.147 -14.8082
      vertex 46.0369 17.8806 -14.425
    endloop
  endfacet
  facet normal -0.0167904 -0.0755877 -0.996998
    outer loop
      vertex 1.92187 16.5887 -3.80469
      vertex 2.55528 16.448 -3.80469
      vertex 1.15497 9.96926 -3.28992
    endloop
  endfacet
  facet normal 0.427532 0.00819019 -0.903963
    outer loop
      vertex -43.3086 -2.72414 -12.1796
      vertex -48.0505 -3.02241 -14.425
      vertex -48.1084 0 -14.425
    endloop
  endfacet
  facet normal 0.426572 0.0245746 -0.90412
    outer loop
      vertex -43.152 -5.44172 -12.1796
      vertex -47.8768 -6.03754 -14.425
      vertex -48.0505 -3.02241 -14.425
    endloop
  endfacet
  facet normal 0.424658 -0.040915 -0.904429
    outer loop
      vertex -47.5877 9.03812 -14.425
      vertex -43.152 5.44172 -12.1796
      vertex -47.8768 6.03754 -14.425
    endloop
  endfacet
  facet normal 0.424665 -0.0409046 -0.904426
    outer loop
      vertex -42.8915 8.14619 -12.1796
      vertex -43.152 5.44172 -12.1796
      vertex -47.5877 9.03812 -14.425
    endloop
  endfacet
  facet normal 0.380071 -0.0366092 -0.924232
    outer loop
      vertex -42.8915 8.14619 -12.1796
      vertex -38.092 7.23464 -10.1698
      vertex -43.152 5.44172 -12.1796
    endloop
  endfacet
  facet normal 0.377468 -0.051148 -0.924609
    outer loop
      vertex -42.5277 10.831 -12.1796
      vertex -38.092 7.23464 -10.1698
      vertex -42.8915 8.14619 -12.1796
    endloop
  endfacet
  facet normal 0.190468 -0.0334164 -0.981124
    outer loop
      vertex -22.7412 7.2935 -5.59987
      vertex -17.9414 4.56936 -4.57529
      vertex -22.9934 5.856 -5.59987
    endloop
  endfacet
  facet normal 0.32915 -0.0577209 -0.942512
    outer loop
      vertex -32.5581 10.4419 -8.40048
      vertex -32.919 8.38389 -8.40048
      vertex -37.7688 9.61905 -10.1698
    endloop
  endfacet
  facet normal 0.222621 -0.0770718 -0.971854
    outer loop
      vertex -21.193 12.8339 -5.59987
      vertex -21.6593 11.487 -5.59987
      vertex -25.7983 15.6227 -6.87596
    endloop
  endfacet
  facet normal 0.234436 -0.0506701 -0.97081
    outer loop
      vertex -22.4343 8.71344 -5.59987
      vertex -22.7412 7.2935 -5.59987
      vertex -27.3094 10.6069 -6.87596
    endloop
  endfacet
  facet normal 0.470355 0.0270969 -0.882061
    outer loop
      vertex -49.3 -5.22978 -15.1591
      vertex -48.0505 -3.02241 -14.425
      vertex -47.8768 -6.03754 -14.425
    endloop
  endfacet
  facet normal 0.470353 0.0270986 -0.882062
    outer loop
      vertex -48.0505 -3.02241 -14.425
      vertex -49.3 -5.22978 -15.1591
      vertex -49.3 -3.101 -15.0937
    endloop
  endfacet
  facet normal 0.461012 0.080868 -0.883701
    outer loop
      vertex -49.2039 -14.7754 -15.7311
      vertex -46.6667 -14.9668 -14.425
      vertex -48.9261 -15.6914 -15.67
    endloop
  endfacet
  facet normal 0.461012 0.0808319 -0.883705
    outer loop
      vertex -46.6667 -14.9668 -14.425
      vertex -49.2039 -14.7754 -15.7311
      vertex -49.2761 -14.0422 -15.7017
    endloop
  endfacet
  facet normal 0.373992 0.0655907 -0.925109
    outer loop
      vertex -37.7688 -9.61905 -10.1698
      vertex -42.0614 -13.4898 -12.1796
      vertex -42.5277 -10.831 -12.1796
    endloop
  endfacet
  facet normal 0.413209 0.0893226 -0.906245
    outer loop
      vertex -42.0614 -13.4898 -12.1796
      vertex -41.4937 -16.116 -12.1796
      vertex -46.6667 -14.9668 -14.425
    endloop
  endfacet
  facet normal 0.237273 0.0416138 -0.970551
    outer loop
      vertex -22.7412 -7.2935 -5.59987
      vertex -27.683 -8.87841 -6.87596
      vertex -27.9899 -7.12853 -6.87596
    endloop
  endfacet
  facet normal 0.380069 0.0366011 -0.924234
    outer loop
      vertex -38.3233 -4.8328 -10.1698
      vertex -38.092 -7.23464 -10.1698
      vertex -43.152 -5.44172 -12.1796
    endloop
  endfacet
  facet normal 0.369669 0.0799106 -0.925721
    outer loop
      vertex -36.8506 -14.3127 -10.1698
      vertex -41.4937 -16.116 -12.1796
      vertex -42.0614 -13.4898 -12.1796
    endloop
  endfacet
  facet normal 0.146379 -0.00843441 -0.989193
    outer loop
      vertex -13.0349 1.64377 -3.80469
      vertex -13.0822 0.822877 -3.80469
      vertex -18.2709 1.14925 -4.57529
    endloop
  endfacet
  facet normal 0.14638 -0.00843942 -0.989192
    outer loop
      vertex -18.2048 2.29574 -4.57529
      vertex -13.0349 1.64377 -3.80469
      vertex -18.2709 1.14925 -4.57529
    endloop
  endfacet
  facet normal 0.19509 -0.00373527 -0.980778
    outer loop
      vertex -23.4156 1.47286 -5.59987
      vertex -18.2709 1.14925 -4.57529
      vertex -23.4438 0 -5.59987
    endloop
  endfacet
  facet normal 0.194625 -0.011221 -0.980813
    outer loop
      vertex -18.2048 2.29574 -4.57529
      vertex -18.2709 1.14925 -4.57529
      vertex -23.3309 2.94217 -5.59987
    endloop
  endfacet
  facet normal 0.0448744 0.0155353 -0.998872
    outer loop
      vertex -2.3738 -1.4375 -3.03223
      vertex -7.11567 -4.30905 -3.28992
      vertex -7.27223 -3.85682 -3.28992
    endloop
  endfacet
  facet normal -0.0896642 0.0310395 -0.995488
    outer loop
      vertex 12.1009 -6.4177 -3.80469
      vertex 11.8404 -7.17021 -3.80469
      vertex 7.27223 -3.85682 -3.28992
    endloop
  endfacet
  facet normal -0.0397952 0.070117 -0.996745
    outer loop
      vertex 3.36546 -9.11072 -3.28992
      vertex 5.01237 -15.4937 -3.80469
      vertex 3.01226 -9.31118 -3.28992
    endloop
  endfacet
  facet normal -0.0120289 0.0761414 -0.997024
    outer loop
      vertex 1.92187 -16.5887 -3.80469
      vertex 1.28382 -16.6895 -3.80469
      vertex 1.15497 -9.96926 -3.28992
    endloop
  endfacet
  facet normal -0.0108369 0.114806 -0.993329
    outer loop
      vertex 0.642685 -16.7501 -3.80469
      vertex 1.16223 -18.8 -4.04728
      vertex 0.721339 -18.8 -4.04247
    endloop
  endfacet
  facet normal -0.0108511 0.114803 -0.993329
    outer loop
      vertex 1.16223 -18.8 -4.04728
      vertex 0.642685 -16.7501 -3.80469
      vertex 1.28382 -16.6895 -3.80469
    endloop
  endfacet
  facet normal -0.320674 0.0827462 -0.943568
    outer loop
      vertex 32.1187 -12.4748 -8.40048
      vertex 36.8506 -14.3127 -10.1698
      vertex 31.6019 -14.4776 -8.40048
    endloop
  endfacet
  facet normal -0.336884 -0.0064611 -0.941524
    outer loop
      vertex 38.4624 2.41931 -10.1698
      vertex 38.5088 0 -10.1698
      vertex 33.5639 0 -8.40048
    endloop
  endfacet
  facet normal -0.382679 0.00733941 -0.923852
    outer loop
      vertex 38.5088 0 -10.1698
      vertex 43.3608 0 -12.1796
      vertex 38.4624 -2.41931 -10.1698
    endloop
  endfacet
  facet normal -0.241264 -0.0232318 -0.970181
    outer loop
      vertex 28.2294 5.36148 -6.87596
      vertex 23.3309 2.94217 -5.59987
      vertex 23.1901 4.40439 -5.59987
    endloop
  endfacet
  facet normal 0.465124 -0.0630815 -0.882995
    outer loop
      vertex -49.3 10.7491 -15.4492
      vertex -47.5877 9.03812 -14.425
      vertex -49.3 9.36333 -15.3502
    endloop
  endfacet
  facet normal 0.465157 -0.0630405 -0.882981
    outer loop
      vertex -49.3 10.7491 -15.4492
      vertex -47.184 12.0169 -14.425
      vertex -47.5877 9.03812 -14.425
    endloop
  endfacet
  facet normal 0.465159 -0.0630455 -0.882979
    outer loop
      vertex -47.184 12.0169 -14.425
      vertex -49.3 10.7491 -15.4492
      vertex -49.3 12.5558 -15.5782
    endloop
  endfacet
  facet normal 0.44967 -0.115991 -0.885631
    outer loop
      vertex -46.3738 18.3337 -14.6554
      vertex -46.0369 17.8806 -14.425
      vertex -46.7229 18.147 -14.8082
    endloop
  endfacet
  facet normal 0.358483 -0.108102 -0.927256
    outer loop
      vertex -40.797 18.8 -12.1796
      vertex -37.7554 18.8 -11.0037
      vertex -40.8261 18.7035 -12.1796
    endloop
  endfacet
  facet normal 0.373994 -0.0655885 -0.925109
    outer loop
      vertex -37.3547 11.9803 -10.1698
      vertex -37.7688 9.61905 -10.1698
      vertex -42.0614 13.4898 -12.1796
    endloop
  endfacet
  facet normal 0.139425 -0.0359682 -0.989579
    outer loop
      vertex -17.2236 7.89056 -4.57529
      vertex -12.3323 5.64973 -3.80469
      vertex -17.5052 6.79898 -4.57529
    endloop
  endfacet
  facet normal 0.124145 -0.0614101 -0.990362
    outer loop
      vertex -10.8905 9.31706 -3.80469
      vertex -11.2345 8.62164 -3.80469
      vertex -15.6904 12.0412 -4.57529
    endloop
  endfacet
  facet normal 0.174568 -0.0686339 -0.98225
    outer loop
      vertex -16.1329 11.0409 -4.57529
      vertex -16.5366 10.0141 -4.57529
      vertex -21.193 12.8339 -5.59987
    endloop
  endfacet
  facet normal -0.289605 0.0166859 -0.957001
    outer loop
      vertex 33.5235 -2.10865 -8.40048
      vertex 33.4023 -4.21223 -8.40048
      vertex 28.5039 -1.79292 -6.87596
    endloop
  endfacet
  facet normal -0.426575 0.0245813 -0.904118
    outer loop
      vertex 43.3086 -2.72414 -12.1796
      vertex 48.0505 -3.02241 -14.425
      vertex 43.152 -5.44172 -12.1796
    endloop
  endfacet
  facet normal -0.468249 0.0450685 -0.882446
    outer loop
      vertex 49.3 -8.19244 -15.2904
      vertex 49.3 -9.36333 -15.3502
      vertex 47.5877 -9.03812 -14.425
    endloop
  endfacet
  facet normal -0.067672 0.0555161 -0.996162
    outer loop
      vertex 5.56593 -7.12647 -3.28992
      vertex 9.26164 -11.8584 -3.80469
      vertex 5.28611 -7.46756 -3.28992
    endloop
  endfacet
  facet normal -0.144632 0.0196006 -0.989291
    outer loop
      vertex 18.0949 -3.43669 -4.57529
      vertex 17.9414 -4.56936 -4.57529
      vertex 12.8463 -3.27172 -3.80469
    endloop
  endfacet
  facet normal -0.0490667 -0.000940615 -0.998795
    outer loop
      vertex 7.86193 0.49452 -3.28992
      vertex 7.87141 0 -3.28992
      vertex 2.62275 0.164972 -3.03223
    endloop
  endfacet
  facet normal -0.193701 -0.0186579 -0.980883
    outer loop
      vertex 23.3309 2.94217 -5.59987
      vertex 18.2048 2.29574 -4.57529
      vertex 18.0949 3.43669 -4.57529
    endloop
  endfacet
  facet normal -0.0489488 -0.00281958 -0.998797
    outer loop
      vertex 7.8335 0.98785 -3.28992
      vertex 2.62275 0.164972 -3.03223
      vertex 2.61327 0.329548 -3.03223
    endloop
  endfacet
  facet normal -0.0448741 0.0155361 -0.998872
    outer loop
      vertex 2.42603 -1.28664 -3.03223
      vertex 7.27223 -3.85682 -3.28992
      vertex 2.3738 -1.4375 -3.03223
    endloop
  endfacet
  facet normal -0.018053 -0.114243 -0.993289
    outer loop
      vertex 1.44617 18.8 -4.05038
      vertex 1.73998 18.8 -4.05572
      vertex 1.28382 16.6895 -3.80469
    endloop
  endfacet
  facet normal -0.137014 -0.0412738 -0.989709
    outer loop
      vertex 16.9005 8.96313 -4.57529
      vertex 17.2236 7.89056 -4.57529
      vertex 12.1009 6.4177 -3.80469
    endloop
  endfacet
  facet normal -0.13427 -0.0464911 -0.989854
    outer loop
      vertex 16.5366 10.0141 -4.57529
      vertex 16.9005 8.96313 -4.57529
      vertex 12.1009 6.4177 -3.80469
    endloop
  endfacet
  facet normal -0.182249 -0.0549006 -0.981718
    outer loop
      vertex 21.6593 11.487 -5.59987
      vertex 17.2236 7.89056 -4.57529
      vertex 16.9005 8.96313 -4.57529
    endloop
  endfacet
  facet normal -0.231045 -0.0596165 -0.971115
    outer loop
      vertex 26.87 12.3098 -6.87596
      vertex 27.3094 10.6069 -6.87596
      vertex 22.0734 10.1124 -5.59987
    endloop
  endfacet
  facet normal -0.288252 -0.0277568 -0.957152
    outer loop
      vertex 33.4023 4.21223 -8.40048
      vertex 28.4008 3.58151 -6.87596
      vertex 28.2294 5.36148 -6.87596
    endloop
  endfacet
  facet normal -0.380069 -0.0366011 -0.924234
    outer loop
      vertex 43.152 5.44172 -12.1796
      vertex 38.3233 4.8328 -10.1698
      vertex 38.092 7.23464 -10.1698
    endloop
  endfacet
  facet normal -0.382679 -0.00733941 -0.923852
    outer loop
      vertex 43.3608 0 -12.1796
      vertex 38.5088 0 -10.1698
      vertex 38.4624 2.41931 -10.1698
    endloop
  endfacet
  facet normal -0.381806 -0.0220015 -0.92398
    outer loop
      vertex 43.152 5.44172 -12.1796
      vertex 43.3086 2.72414 -12.1796
      vertex 38.4624 2.41931 -10.1698
    endloop
  endfacet
  facet normal -0.369669 -0.0799106 -0.925721
    outer loop
      vertex 41.4937 16.116 -12.1796
      vertex 42.0614 13.4898 -12.1796
      vertex 36.8506 14.3127 -10.1698
    endloop
  endfacet
  facet normal -0.325292 -0.0703101 -0.942996
    outer loop
      vertex 37.3547 11.9803 -10.1698
      vertex 32.5581 10.4419 -8.40048
      vertex 32.1187 12.4748 -8.40048
    endloop
  endfacet
  facet normal -0.217605 -0.0855477 -0.972281
    outer loop
      vertex 25.1685 17.2247 -6.87596
      vertex 25.7983 15.6227 -6.87596
      vertex 20.6756 14.1499 -5.59987
    endloop
  endfacet
  facet normal -0.246635 -0.12249 -0.961336
    outer loop
      vertex 24.4974 18.8 -6.88281
      vertex 24.4781 18.7851 -6.87596
      vertex 24.4707 18.8 -6.87596
    endloop
  endfacet
  facet normal -0.159946 -0.0879735 -0.983198
    outer loop
      vertex 18.8303 17.881 -5.59987
      vertex 19.4928 16.6765 -5.59987
      vertex 14.693 13.9523 -4.57529
    endloop
  endfacet
  facet normal -0.154264 -0.0940353 -0.983545
    outer loop
      vertex 18.8303 17.881 -5.59987
      vertex 17.9589 18.8 -5.55106
      vertex 18.2701 18.8 -5.59987
    endloop
  endfacet
  facet normal -0.15427 -0.0940411 -0.983543
    outer loop
      vertex 17.9589 18.8 -5.55106
      vertex 18.8303 17.881 -5.59987
      vertex 14.693 13.9523 -4.57529
    endloop
  endfacet
  facet normal -0.266175 -0.0921529 -0.95951
    outer loop
      vertex 30.3414 18.3739 -8.40048
      vertex 31.009 16.4456 -8.40048
      vertex 25.7983 15.6227 -6.87596
    endloop
  endfacet
  facet normal -0.231046 -0.0596046 -0.971115
    outer loop
      vertex 27.3094 10.6069 -6.87596
      vertex 22.4343 8.71344 -5.59987
      vertex 22.0734 10.1124 -5.59987
    endloop
  endfacet
  facet normal 0.141498 -0.0305868 -0.989466
    outer loop
      vertex -17.5052 6.79898 -4.57529
      vertex -12.7054 4.07484 -3.80469
      vertex -17.7447 5.69103 -4.57529
    endloop
  endfacet
  facet normal 0.143237 -0.0251185 -0.98937
    outer loop
      vertex -17.7447 5.69103 -4.57529
      vertex -12.7054 4.07484 -3.80469
      vertex -17.9414 4.56936 -4.57529
    endloop
  endfacet
  facet normal 0.0603902 0.0604403 -0.996343
    outer loop
      vertex -4.99357 -7.79067 -3.28992
      vertex -7.80243 -13.47 -3.80469
      vertex -8.30925 -12.9636 -3.80469
    endloop
  endfacet
  facet normal 0.192313 0.0260624 -0.980987
    outer loop
      vertex -18.0949 -3.43669 -4.57529
      vertex -17.9414 -4.56936 -4.57529
      vertex -22.9934 -5.856 -5.59987
    endloop
  endfacet
  facet normal 0.0154012 0.0364147 -0.999218
    outer loop
      vertex -0.884643 -3.16561 -3.03223
      vertex -0.762261 -3.21737 -3.03223
      vertex -2.28495 -9.64437 -3.28992
    endloop
  endfacet
  facet normal 0.0931161 -0.0240254 -0.995365
    outer loop
      vertex -7.41128 3.39529 -3.28992
      vertex -7.53247 2.92559 -3.28992
      vertex -12.5339 4.86815 -3.80469
    endloop
  endfacet
  facet normal 0.0448744 -0.0155353 -0.998872
    outer loop
      vertex -7.11567 4.30905 -3.28992
      vertex -2.3738 1.4375 -3.03223
      vertex -7.27223 3.85682 -3.28992
    endloop
  endfacet
  facet normal 0.0176716 -0.0357797 -0.999203
    outer loop
      vertex -0.884643 3.16561 -3.03223
      vertex -1.00489 3.10622 -3.03223
      vertex -3.01226 9.31118 -3.28992
    endloop
  endfacet
  facet normal 0.120168 -0.0660996 -0.990551
    outer loop
      vertex -14.693 13.9523 -4.57529
      vertex -10.5204 9.99003 -3.80469
      vertex -15.21 13.0124 -4.57529
    endloop
  endfacet
  facet normal 0.0710742 -0.0528489 -0.99607
    outer loop
      vertex -5.56593 7.12647 -3.28992
      vertex -5.83233 6.7682 -3.28992
      vertex -9.26164 11.8584 -3.80469
    endloop
  endfacet
  facet normal 0.0387003 -0.0235882 -0.998972
    outer loop
      vertex -6.08468 6.39363 -3.28992
      vertex -2.02986 2.13292 -3.03223
      vertex -6.32237 6.00366 -3.28992
    endloop
  endfacet
  facet normal 0.0490667 0.000940615 -0.998795
    outer loop
      vertex -2.62275 -0.164972 -3.03223
      vertex -7.86193 -0.49452 -3.28992
      vertex -7.87141 0 -3.28992
    endloop
  endfacet
  facet normal 0.094508 -0.020426 -0.995315
    outer loop
      vertex -7.53247 2.92559 -3.28992
      vertex -7.63551 2.44884 -3.28992
      vertex -12.7054 4.07484 -3.80469
    endloop
  endfacet
  facet normal 0.144632 -0.0195991 -0.989291
    outer loop
      vertex -12.8463 3.27172 -3.80469
      vertex -12.9562 2.46071 -3.80469
      vertex -18.0949 3.43669 -4.57529
    endloop
  endfacet
  facet normal 0.0401339 -0.022077 -0.99895
    outer loop
      vertex -6.32237 6.00366 -3.28992
      vertex -2.18336 1.86791 -3.03223
      vertex -6.54484 5.59923 -3.28992
    endloop
  endfacet
  facet normal -0.465157 -0.0630405 -0.882981
    outer loop
      vertex 47.184 12.0169 -14.425
      vertex 49.3 10.7491 -15.4492
      vertex 47.5877 9.03812 -14.425
    endloop
  endfacet
  facet normal -0.465159 -0.0630455 -0.882979
    outer loop
      vertex 49.3 10.7491 -15.4492
      vertex 47.184 12.0169 -14.425
      vertex 49.3 12.5558 -15.5782
    endloop
  endfacet
  facet normal -0.426572 -0.0245746 -0.90412
    outer loop
      vertex 47.8768 6.03754 -14.425
      vertex 48.0505 3.02241 -14.425
      vertex 43.152 5.44172 -12.1796
    endloop
  endfacet
  facet normal -0.377457 -0.0511632 -0.924613
    outer loop
      vertex 42.5277 10.831 -12.1796
      vertex 38.092 7.23464 -10.1698
      vertex 37.7688 9.61905 -10.1698
    endloop
  endfacet
  facet normal -0.421799 -0.0571551 -0.904886
    outer loop
      vertex 47.5877 9.03812 -14.425
      vertex 42.8915 8.14619 -12.1796
      vertex 42.5277 10.831 -12.1796
    endloop
  endfacet
  facet normal -0.461012 -0.0808319 -0.883705
    outer loop
      vertex 46.6667 14.9668 -14.425
      vertex 49.2039 14.7754 -15.7311
      vertex 49.2761 14.0422 -15.7017
    endloop
  endfacet
  facet normal -0.461012 -0.080868 -0.883701
    outer loop
      vertex 49.2039 14.7754 -15.7311
      vertex 46.6667 14.9668 -14.425
      vertex 48.9261 15.6914 -15.67
    endloop
  endfacet
  facet normal -0.421802 -0.0571648 -0.904884
    outer loop
      vertex 47.184 12.0169 -14.425
      vertex 47.5877 9.03812 -14.425
      vertex 42.5277 10.831 -12.1796
    endloop
  endfacet
  facet normal -0.424665 -0.0409046 -0.904426
    outer loop
      vertex 47.5877 9.03812 -14.425
      vertex 43.152 5.44172 -12.1796
      vertex 42.8915 8.14619 -12.1796
    endloop
  endfacet
  facet normal -0.400574 -0.120795 -0.908267
    outer loop
      vertex 40.8979 18.8 -12.2241
      vertex 40.8261 18.7035 -12.1796
      vertex 40.797 18.8 -12.1796
    endloop
  endfacet
  facet normal -0.364491 -0.0940454 -0.926446
    outer loop
      vertex 40.8261 18.7035 -12.1796
      vertex 36.8506 14.3127 -10.1698
      vertex 36.2577 16.6106 -10.1698
    endloop
  endfacet
  facet normal -0.413209 -0.0893226 -0.906245
    outer loop
      vertex 46.6667 14.9668 -14.425
      vertex 42.0614 13.4898 -12.1796
      vertex 41.4937 16.116 -12.1796
    endloop
  endfacet
  facet normal -0.0956715 -0.0167847 -0.995271
    outer loop
      vertex 12.7054 4.07484 -3.80469
      vertex 12.8463 3.27172 -3.80469
      vertex 7.63551 2.44884 -3.28992
    endloop
  endfacet
  facet normal 0.0107596 -0.037419 -0.999242
    outer loop
      vertex -0.512289 3.29755 -3.03223
      vertex -0.638044 3.26139 -3.03223
      vertex -1.53563 9.88469 -3.28992
    endloop
  endfacet
  facet normal -0.0487129 -0.00469219 -0.998802
    outer loop
      vertex 7.78621 1.4788 -3.28992
      vertex 7.8335 0.98785 -3.28992
      vertex 2.61327 0.329548 -3.03223
    endloop
  endfacet
  facet normal 0.471393 -0.00903042 -0.881877
    outer loop
      vertex -49.3 0.864277 -15.0708
      vertex -48.0505 3.02241 -14.425
      vertex -48.1084 0 -14.425
    endloop
  endfacet
  facet normal 0.471391 -0.00902884 -0.881878
    outer loop
      vertex -48.0505 3.02241 -14.425
      vertex -49.3 0.864277 -15.0708
      vertex -49.3 3.101 -15.0937
    endloop
  endfacet
  facet normal 0.382676 -0.00733285 -0.923853
    outer loop
      vertex -43.3086 2.72414 -12.1796
      vertex -38.4624 2.41931 -10.1698
      vertex -43.3608 0 -12.1796
    endloop
  endfacet
  facet normal 0.377468 0.051148 -0.924609
    outer loop
      vertex -38.092 -7.23464 -10.1698
      vertex -42.5277 -10.831 -12.1796
      vertex -42.8915 -8.14619 -12.1796
    endloop
  endfacet
  facet normal 0.381804 0.0220051 -0.923981
    outer loop
      vertex -38.4624 -2.41931 -10.1698
      vertex -38.3233 -4.8328 -10.1698
      vertex -43.152 -5.44172 -12.1796
    endloop
  endfacet
  facet normal 0.468266 -0.0451172 -0.882435
    outer loop
      vertex -49.3 8.19244 -15.2904
      vertex -47.8768 6.03754 -14.425
      vertex -49.3 6.21701 -15.1894
    endloop
  endfacet
  facet normal 0.468267 -0.0451166 -0.882435
    outer loop
      vertex -47.8768 6.03754 -14.425
      vertex -49.3 8.19244 -15.2904
      vertex -47.5877 9.03812 -14.425
    endloop
  endfacet
  facet normal 0.283531 -0.0497267 -0.957673
    outer loop
      vertex -27.683 8.87841 -6.87596
      vertex -27.9899 7.12853 -6.87596
      vertex -32.5581 10.4419 -8.40048
    endloop
  endfacet
  facet normal 0.332238 -0.045034 -0.94212
    outer loop
      vertex -32.919 8.38389 -8.40048
      vertex -33.2007 6.30565 -8.40048
      vertex -38.092 7.23464 -10.1698
    endloop
  endfacet
  facet normal 0.334564 -0.0322191 -0.941822
    outer loop
      vertex -33.2007 6.30565 -8.40048
      vertex -33.4023 4.21223 -8.40048
      vertex -38.092 7.23464 -10.1698
    endloop
  endfacet
  facet normal 0.32915 -0.0577241 -0.942512
    outer loop
      vertex -37.3547 11.9803 -10.1698
      vertex -32.5581 10.4419 -8.40048
      vertex -37.7688 9.61905 -10.1698
    endloop
  endfacet
  facet normal 0.237273 -0.0416138 -0.970551
    outer loop
      vertex -27.683 8.87841 -6.87596
      vertex -22.7412 7.2935 -5.59987
      vertex -27.9899 7.12853 -6.87596
    endloop
  endfacet
  facet normal 0.470344 0.0270724 -0.882068
    outer loop
      vertex -49.3 -5.22978 -15.1591
      vertex -47.8768 -6.03754 -14.425
      vertex -49.3 -6.21701 -15.1894
    endloop
  endfacet
  facet normal 0.468267 0.0451166 -0.882435
    outer loop
      vertex -49.3 -8.19244 -15.2904
      vertex -47.8768 -6.03754 -14.425
      vertex -47.5877 -9.03812 -14.425
    endloop
  endfacet
  facet normal 0.468266 0.0451172 -0.882435
    outer loop
      vertex -47.8768 -6.03754 -14.425
      vertex -49.3 -8.19244 -15.2904
      vertex -49.3 -6.21701 -15.1894
    endloop
  endfacet
  facet normal 0.465124 0.0630815 -0.882995
    outer loop
      vertex -49.3 -9.36333 -15.3502
      vertex -47.5877 -9.03812 -14.425
      vertex -49.3 -10.7491 -15.4492
    endloop
  endfacet
  facet normal 0.45592 0.0984423 -0.88456
    outer loop
      vertex -48.4573 -16.5778 -15.5272
      vertex -46.6667 -14.9668 -14.425
      vertex -48.2227 -16.8637 -15.4381
    endloop
  endfacet
  facet normal 0.455828 0.0985685 -0.884593
    outer loop
      vertex -48.9194 -15.7134 -15.669
      vertex -46.6667 -14.9668 -14.425
      vertex -48.4573 -16.5778 -15.5272
    endloop
  endfacet
  facet normal 0.455816 0.0986077 -0.884595
    outer loop
      vertex -46.6667 -14.9668 -14.425
      vertex -48.9194 -15.7134 -15.669
      vertex -48.9261 -15.6914 -15.67
    endloop
  endfacet
  facet normal 0.417982 0.0732981 -0.905493
    outer loop
      vertex -42.0614 -13.4898 -12.1796
      vertex -46.6667 -14.9668 -14.425
      vertex -47.184 -12.0169 -14.425
    endloop
  endfacet
  facet normal 0.461025 0.0808849 -0.883693
    outer loop
      vertex -49.3 -13.8 -15.692
      vertex -46.6667 -14.9668 -14.425
      vertex -49.2761 -14.0422 -15.7017
    endloop
  endfacet
  facet normal 0.461011 0.0808438 -0.883704
    outer loop
      vertex -46.6667 -14.9668 -14.425
      vertex -49.3 -13.8 -15.692
      vertex -47.184 -12.0169 -14.425
    endloop
  endfacet
  facet normal 0.461023 0.080827 -0.8837
    outer loop
      vertex -47.184 -12.0169 -14.425
      vertex -49.3 -13.8 -15.692
      vertex -49.3 -12.5558 -15.5782
    endloop
  endfacet
  facet normal 0.400807 0.120586 -0.908192
    outer loop
      vertex -40.8261 -18.7035 -12.1796
      vertex -40.8979 -18.8 -12.2241
      vertex -41.0368 -18.8 -12.2854
    endloop
  endfacet
  facet normal 0.407499 0.105139 -0.907133
    outer loop
      vertex -41.4937 -16.116 -12.1796
      vertex -40.8261 -18.7035 -12.1796
      vertex -46.0369 -17.8806 -14.425
    endloop
  endfacet
  facet normal 0.400574 0.120795 -0.908267
    outer loop
      vertex -40.8261 -18.7035 -12.1796
      vertex -40.797 -18.8 -12.1796
      vertex -40.8979 -18.8 -12.2241
    endloop
  endfacet
  facet normal 0.195089 0.00373458 -0.980778
    outer loop
      vertex -18.2929 0 -4.57529
      vertex -18.2709 -1.14925 -4.57529
      vertex -23.4438 0 -5.59987
    endloop
  endfacet
  facet normal 0.14673 0.00280885 -0.989173
    outer loop
      vertex -13.0822 -0.822877 -3.80469
      vertex -18.2709 -1.14925 -4.57529
      vertex -18.2929 0 -4.57529
    endloop
  endfacet
  facet normal 0.241264 -0.0232318 -0.970181
    outer loop
      vertex -23.1901 4.40439 -5.59987
      vertex -23.3309 2.94217 -5.59987
      vertex -28.2294 5.36148 -6.87596
    endloop
  endfacet
  facet normal 0.0973115 -0.00937451 -0.99521
    outer loop
      vertex -12.9562 2.46071 -3.80469
      vertex -7.78621 1.4788 -3.28992
      vertex -13.0349 1.64377 -3.80469
    endloop
  endfacet
  facet normal 0.241264 -0.0232322 -0.970181
    outer loop
      vertex -28.2294 5.36148 -6.87596
      vertex -23.3309 2.94217 -5.59987
      vertex -28.4008 3.58151 -6.87596
    endloop
  endfacet
  facet normal 0.288252 -0.0277568 -0.957152
    outer loop
      vertex -28.2294 5.36148 -6.87596
      vertex -28.4008 3.58151 -6.87596
      vertex -33.4023 4.21223 -8.40048
    endloop
  endfacet
  facet normal 0.194626 -0.0112194 -0.980813
    outer loop
      vertex -23.3309 2.94217 -5.59987
      vertex -18.2709 1.14925 -4.57529
      vertex -23.4156 1.47286 -5.59987
    endloop
  endfacet
  facet normal 0.242405 -0.0139737 -0.970074
    outer loop
      vertex -23.3309 2.94217 -5.59987
      vertex -23.4156 1.47286 -5.59987
      vertex -28.5039 1.79292 -6.87596
    endloop
  endfacet
  facet normal 0.0802162 0.0441149 -0.995801
    outer loop
      vertex -6.32237 -6.00366 -3.28992
      vertex -10.5204 -9.99003 -3.80469
      vertex -10.8905 -9.31706 -3.80469
    endloop
  endfacet
  facet normal 0.0441406 0.0685062 -0.996674
    outer loop
      vertex -3.36546 -9.11072 -3.28992
      vertex -5.60009 -15.1601 -3.80469
      vertex -6.17433 -14.7901 -3.80469
    endloop
  endfacet
  facet normal 0.0956715 0.0167847 -0.995271
    outer loop
      vertex -7.63551 -2.44884 -3.28992
      vertex -12.7054 -4.07484 -3.80469
      vertex -12.8463 -3.27172 -3.80469
    endloop
  endfacet
  facet normal 0.0487129 0.00469219 -0.998802
    outer loop
      vertex -2.61327 -0.329548 -3.03223
      vertex -7.78621 -1.4788 -3.28992
      vertex -7.8335 -0.98785 -3.28992
    endloop
  endfacet
  facet normal -0.018026 0.114242 -0.993289
    outer loop
      vertex 1.73998 -18.8 -4.05572
      vertex 1.92187 -16.5887 -3.80469
      vertex 2.17805 -18.8 -4.06367
    endloop
  endfacet
  facet normal -0.0180484 0.114244 -0.993289
    outer loop
      vertex 1.92187 -16.5887 -3.80469
      vertex 1.73998 -18.8 -4.05572
      vertex 1.28382 -16.6895 -3.80469
    endloop
  endfacet
  facet normal -0.00723183 0.0765112 -0.997042
    outer loop
      vertex 1.28382 -16.6895 -3.80469
      vertex 0.642685 -16.7501 -3.80469
      vertex 0.386231 -10.0662 -3.28992
    endloop
  endfacet
  facet normal -0.00241063 0.0766968 -0.997052
    outer loop
      vertex 0.386231 -10.0662 -3.28992
      vertex 0.642685 -16.7501 -3.80469
      vertex 0 -16.7703 -3.80469
    endloop
  endfacet
  facet normal -0.0787656 0.0971359 -0.992149
    outer loop
      vertex 9.70858 -18.8 -4.47318
      vertex 8.80077 -18.8 -4.40111
      vertex 6.73369 -14.3843 -3.80469
    endloop
  endfacet
  facet normal -0.0743058 0.0500542 -0.995979
    outer loop
      vertex 10.1248 -10.6389 -3.80469
      vertex 9.70493 -11.2622 -3.80469
      vertex 5.83233 -6.7682 -3.28992
    endloop
  endfacet
  facet normal -0.14568 -0.0140324 -0.989232
    outer loop
      vertex 18.0949 3.43669 -4.57529
      vertex 18.2048 2.29574 -4.57529
      vertex 13.0349 1.64377 -3.80469
    endloop
  endfacet
  facet normal -0.242405 -0.0139737 -0.970074
    outer loop
      vertex 28.5039 1.79292 -6.87596
      vertex 23.4156 1.47286 -5.59987
      vertex 23.3309 2.94217 -5.59987
    endloop
  endfacet
  facet normal -0.334564 -0.0322189 -0.941822
    outer loop
      vertex 38.092 7.23464 -10.1698
      vertex 38.3233 4.8328 -10.1698
      vertex 33.4023 4.21223 -8.40048
    endloop
  endfacet
  facet normal -0.241264 -0.0232322 -0.970181
    outer loop
      vertex 28.2294 5.36148 -6.87596
      vertex 28.4008 3.58151 -6.87596
      vertex 23.3309 2.94217 -5.59987
    endloop
  endfacet
  facet normal -0.290284 -0.00556955 -0.956924
    outer loop
      vertex 33.5639 0 -8.40048
      vertex 28.5383 0 -6.87596
      vertex 28.5039 1.79292 -6.87596
    endloop
  endfacet
  facet normal -0.0252111 0.113403 -0.993229
    outer loop
      vertex 1.92187 -16.5887 -3.80469
      vertex 2.60038 -18.8 -4.07439
      vertex 2.17805 -18.8 -4.06367
    endloop
  endfacet
  facet normal -0.0251916 0.113409 -0.993229
    outer loop
      vertex 2.60038 -18.8 -4.07439
      vertex 1.92187 -16.5887 -3.80469
      vertex 2.55528 -16.448 -3.80469
    endloop
  endfacet
  facet normal 0.260232 -0.1023 -0.960111
    outer loop
      vertex -30.3414 18.3739 -8.40048
      vertex -28.4047 18.8 -7.92095
      vertex -25.7983 15.6227 -6.87596
    endloop
  endfacet
  facet normal 0.260232 -0.102297 -0.960112
    outer loop
      vertex -28.4047 18.8 -7.92095
      vertex -30.3414 18.3739 -8.40048
      vertex -30.1739 18.8 -8.40048
    endloop
  endfacet
  facet normal 0.417982 -0.0732981 -0.905493
    outer loop
      vertex -46.6667 14.9668 -14.425
      vertex -42.0614 13.4898 -12.1796
      vertex -47.184 12.0169 -14.425
    endloop
  endfacet
  facet normal 0.417984 -0.073306 -0.905492
    outer loop
      vertex -42.0614 13.4898 -12.1796
      vertex -42.5277 10.831 -12.1796
      vertex -47.184 12.0169 -14.425
    endloop
  endfacet
  facet normal 0.400574 -0.120795 -0.908267
    outer loop
      vertex -40.797 18.8 -12.1796
      vertex -40.8261 18.7035 -12.1796
      vertex -40.8979 18.8 -12.2241
    endloop
  endfacet
  facet normal 0.407499 -0.105139 -0.907133
    outer loop
      vertex -40.8261 18.7035 -12.1796
      vertex -41.4937 16.116 -12.1796
      vertex -46.0369 17.8806 -14.425
    endloop
  endfacet
  facet normal -0.0461961 -0.109266 -0.992939
    outer loop
      vertex 4.4541 18.8 -4.13785
      vertex 4.88398 18.8 -4.15785
      vertex 3.80213 16.0481 -3.80469
    endloop
  endfacet
  facet normal 0.0710766 -0.0528473 -0.99607
    outer loop
      vertex -9.26164 11.8584 -3.80469
      vertex -5.83233 6.7682 -3.28992
      vertex -9.70493 11.2622 -3.80469
    endloop
  endfacet
  facet normal 0.185436 -0.0478383 -0.981491
    outer loop
      vertex -22.0734 10.1124 -5.59987
      vertex -17.2236 7.89056 -4.57529
      vertex -22.4343 8.71344 -5.59987
    endloop
  endfacet
  facet normal 0.188178 -0.040672 -0.981292
    outer loop
      vertex -22.4343 8.71344 -5.59987
      vertex -17.5052 6.79898 -4.57529
      vertex -22.7412 7.2935 -5.59987
    endloop
  endfacet
  facet normal -0.455867 0.0987125 -0.884557
    outer loop
      vertex 46.0369 -17.8806 -14.425
      vertex 47.8355 -17.3355 -15.2911
      vertex 47.0778 -17.9573 -14.97
    endloop
  endfacet
  facet normal -0.455896 0.0984374 -0.884573
    outer loop
      vertex 46.0369 -17.8806 -14.425
      vertex 47.0778 -17.9573 -14.97
      vertex 46.7229 -18.147 -14.8082
    endloop
  endfacet
  facet normal -0.45583 0.0985248 -0.884597
    outer loop
      vertex 47.8355 -17.3355 -15.2911
      vertex 46.0369 -17.8806 -14.425
      vertex 46.6667 -14.9668 -14.425
    endloop
  endfacet
  facet normal -0.455859 0.0985055 -0.884584
    outer loop
      vertex 47.8355 -17.3355 -15.2911
      vertex 46.6667 -14.9668 -14.425
      vertex 48.2227 -16.8637 -15.4381
    endloop
  endfacet
  facet normal -0.455828 0.0985685 -0.884593
    outer loop
      vertex 46.6667 -14.9668 -14.425
      vertex 48.9194 -15.7134 -15.669
      vertex 48.4573 -16.5778 -15.5272
    endloop
  endfacet
  facet normal -0.45592 0.0984423 -0.88456
    outer loop
      vertex 46.6667 -14.9668 -14.425
      vertex 48.4573 -16.5778 -15.5272
      vertex 48.2227 -16.8637 -15.4381
    endloop
  endfacet
  facet normal -0.455816 0.0986077 -0.884595
    outer loop
      vertex 48.9194 -15.7134 -15.669
      vertex 46.6667 -14.9668 -14.425
      vertex 48.9261 -15.6914 -15.67
    endloop
  endfacet
  facet normal -0.424665 0.0409046 -0.904426
    outer loop
      vertex 43.152 -5.44172 -12.1796
      vertex 47.5877 -9.03812 -14.425
      vertex 42.8915 -8.14619 -12.1796
    endloop
  endfacet
  facet normal -0.465159 0.0630455 -0.882979
    outer loop
      vertex 47.184 -12.0169 -14.425
      vertex 49.3 -10.7491 -15.4492
      vertex 49.3 -12.5558 -15.5782
    endloop
  endfacet
  facet normal -0.465157 0.0630405 -0.882981
    outer loop
      vertex 49.3 -10.7491 -15.4492
      vertex 47.184 -12.0169 -14.425
      vertex 47.5877 -9.03812 -14.425
    endloop
  endfacet
  facet normal -0.413209 0.0893226 -0.906245
    outer loop
      vertex 42.0614 -13.4898 -12.1796
      vertex 46.6667 -14.9668 -14.425
      vertex 41.4937 -16.116 -12.1796
    endloop
  endfacet
  facet normal -0.380069 0.0366011 -0.924234
    outer loop
      vertex 38.3233 -4.8328 -10.1698
      vertex 43.152 -5.44172 -12.1796
      vertex 38.092 -7.23464 -10.1698
    endloop
  endfacet
  facet normal -0.237273 0.0416138 -0.970551
    outer loop
      vertex 27.9899 -7.12853 -6.87596
      vertex 27.683 -8.87841 -6.87596
      vertex 22.7412 -7.2935 -5.59987
    endloop
  endfacet
  facet normal -0.427533 0.0081924 -0.903962
    outer loop
      vertex 43.3608 0 -12.1796
      vertex 48.1084 0 -14.425
      vertex 43.3086 -2.72414 -12.1796
    endloop
  endfacet
  facet normal -0.382676 0.00733285 -0.923853
    outer loop
      vertex 43.3608 0 -12.1796
      vertex 43.3086 -2.72414 -12.1796
      vertex 38.4624 -2.41931 -10.1698
    endloop
  endfacet
  facet normal -0.14673 -0.00280885 -0.989173
    outer loop
      vertex 18.2709 1.14925 -4.57529
      vertex 18.2929 0 -4.57529
      vertex 13.0822 0.822877 -3.80469
    endloop
  endfacet
  facet normal -0.0980166 0.00187899 -0.995183
    outer loop
      vertex 7.87141 0 -3.28992
      vertex 13.0822 -0.822877 -3.80469
      vertex 7.86193 -0.49452 -3.28992
    endloop
  endfacet
  facet normal -0.195089 0.00373458 -0.980778
    outer loop
      vertex 18.2929 0 -4.57529
      vertex 23.4438 0 -5.59987
      vertex 18.2709 -1.14925 -4.57529
    endloop
  endfacet
  facet normal -0.141496 -0.0305891 -0.989466
    outer loop
      vertex 17.5052 6.79898 -4.57529
      vertex 12.7054 4.07484 -3.80469
      vertex 12.5339 4.86815 -3.80469
    endloop
  endfacet
  facet normal -0.242978 -0.00465216 -0.970021
    outer loop
      vertex 28.5039 1.79292 -6.87596
      vertex 23.4438 0 -5.59987
      vertex 23.4156 1.47286 -5.59987
    endloop
  endfacet
  facet normal -0.242975 -0.00466185 -0.970021
    outer loop
      vertex 28.5039 1.79292 -6.87596
      vertex 28.5383 0 -6.87596
      vertex 23.4438 0 -5.59987
    endloop
  endfacet
  facet normal -0.098018 0.00187013 -0.995183
    outer loop
      vertex 13.0979 0 -3.80469
      vertex 13.0822 -0.822877 -3.80469
      vertex 7.87141 0 -3.28992
    endloop
  endfacet
  facet normal -0.146729 0.0027995 -0.989173
    outer loop
      vertex 13.0979 0 -3.80469
      vertex 18.2929 0 -4.57529
      vertex 13.0822 -0.822877 -3.80469
    endloop
  endfacet
  facet normal -0.0473048 -0.0102257 -0.998828
    outer loop
      vertex 7.63551 2.44884 -3.28992
      vertex 2.54722 0.816935 -3.03223
      vertex 2.51284 0.97598 -3.03223
    endloop
  endfacet
  facet normal -0.154388 -0.0939589 -0.983532
    outer loop
      vertex 14.693 13.9523 -4.57529
      vertex 17.8915 18.8 -5.54048
      vertex 17.9589 18.8 -5.55106
    endloop
  endfacet
  facet normal -0.154278 -0.094034 -0.983543
    outer loop
      vertex 17.8915 18.8 -5.54048
      vertex 14.693 13.9523 -4.57529
      vertex 14.1406 14.8586 -4.57529
    endloop
  endfacet
  facet normal -0.174568 -0.0686339 -0.98225
    outer loop
      vertex 21.193 12.8339 -5.59987
      vertex 16.5366 10.0141 -4.57529
      vertex 16.1329 11.0409 -4.57529
    endloop
  endfacet
  facet normal -0.131213 -0.051588 -0.990011
    outer loop
      vertex 16.1329 11.0409 -4.57529
      vertex 16.5366 10.0141 -4.57529
      vertex 11.5514 7.90545 -3.80469
    endloop
  endfacet
  facet normal -0.141498 -0.0305868 -0.989466
    outer loop
      vertex 17.5052 6.79898 -4.57529
      vertex 17.7447 5.69103 -4.57529
      vertex 12.7054 4.07484 -3.80469
    endloop
  endfacet
  facet normal -0.0876097 -0.0344431 -0.995559
    outer loop
      vertex 11.5514 7.90545 -3.80469
      vertex 7.11567 4.30905 -3.28992
      vertex 6.94196 4.7509 -3.28992
    endloop
  endfacet
  facet normal -0.271489 -0.0817889 -0.95896
    outer loop
      vertex 31.009 16.4456 -8.40048
      vertex 26.87 12.3098 -6.87596
      vertex 26.3659 13.9831 -6.87596
    endloop
  endfacet
  facet normal -0.266176 -0.0921455 -0.95951
    outer loop
      vertex 31.009 16.4456 -8.40048
      vertex 26.3659 13.9831 -6.87596
      vertex 25.7983 15.6227 -6.87596
    endloop
  endfacet
  facet normal 0.141827 -0.105476 -0.984256
    outer loop
      vertex -13.5542 15.7291 -4.57529
      vertex -15.6957 18.8 -5.21296
      vertex -12.935 16.5617 -4.57529
    endloop
  endfacet
  facet normal 0.141837 -0.10547 -0.984255
    outer loop
      vertex -15.6957 18.8 -5.21296
      vertex -13.5542 15.7291 -4.57529
      vertex -16.2004 18.8 -5.28569
    endloop
  endfacet
  facet normal 0.0905339 -0.090609 -0.991763
    outer loop
      vertex -8.30925 12.9636 -3.80469
      vertex -10.8898 18.8 -4.57348
      vertex -7.80243 13.47 -3.80469
    endloop
  endfacet
  facet normal 0.0933287 -0.0893541 -0.991618
    outer loop
      vertex -10.8898 18.8 -4.57348
      vertex -8.30925 12.9636 -3.80469
      vertex -10.8915 18.8 -4.57364
    endloop
  endfacet
  facet normal -0.234436 -0.0506701 -0.97081
    outer loop
      vertex 27.3094 10.6069 -6.87596
      vertex 22.7412 7.2935 -5.59987
      vertex 22.4343 8.71344 -5.59987
    endloop
  endfacet
  facet normal -0.280172 -0.0605571 -0.958038
    outer loop
      vertex 32.5581 10.4419 -8.40048
      vertex 27.683 8.87841 -6.87596
      vertex 27.3094 10.6069 -6.87596
    endloop
  endfacet
  facet normal -0.427532 -0.00819019 -0.903963
    outer loop
      vertex 48.0505 3.02241 -14.425
      vertex 48.1084 0 -14.425
      vertex 43.3086 2.72414 -12.1796
    endloop
  endfacet
  facet normal -0.426575 -0.0245813 -0.904118
    outer loop
      vertex 48.0505 3.02241 -14.425
      vertex 43.3086 2.72414 -12.1796
      vertex 43.152 5.44172 -12.1796
    endloop
  endfacet
  facet normal -0.358484 -0.107952 -0.927273
    outer loop
      vertex 36.2577 16.6106 -10.1698
      vertex 37.7554 18.8 -11.0037
      vertex 40.8261 18.7035 -12.1796
    endloop
  endfacet
  facet normal -0.358441 -0.107987 -0.927286
    outer loop
      vertex 37.7554 18.8 -11.0037
      vertex 36.2577 16.6106 -10.1698
      vertex 35.5981 18.8 -10.1698
    endloop
  endfacet
  facet normal -0.358483 -0.108102 -0.927256
    outer loop
      vertex 40.797 18.8 -12.1796
      vertex 40.8261 18.7035 -12.1796
      vertex 37.7554 18.8 -11.0037
    endloop
  endfacet
  facet normal -0.217603 -0.085553 -0.972281
    outer loop
      vertex 25.7983 15.6227 -6.87596
      vertex 21.193 12.8339 -5.59987
      vertex 20.6756 14.1499 -5.59987
    endloop
  endfacet
  facet normal -0.260219 -0.102311 -0.960114
    outer loop
      vertex 25.7983 15.6227 -6.87596
      vertex 27.4703 18.8 -7.6677
      vertex 28.4047 18.8 -7.92095
    endloop
  endfacet
  facet normal -0.26023 -0.102305 -0.960111
    outer loop
      vertex 27.4703 18.8 -7.6677
      vertex 25.7983 15.6227 -6.87596
      vertex 25.1685 17.2247 -6.87596
    endloop
  endfacet
  facet normal -0.192437 -0.117305 -0.974273
    outer loop
      vertex 19.3904 18.8 -5.82115
      vertex 18.8303 17.881 -5.59987
      vertex 18.2701 18.8 -5.59987
    endloop
  endfacet
  facet normal -0.212067 -0.0938294 -0.97274
    outer loop
      vertex 24.4781 18.7851 -6.87596
      vertex 25.1685 17.2247 -6.87596
      vertex 20.6756 14.1499 -5.59987
    endloop
  endfacet
  facet normal -0.14183 -0.105473 -0.984256
    outer loop
      vertex 14.6832 18.8 -5.06706
      vertex 15.6957 18.8 -5.21296
      vertex 12.935 16.5617 -4.57529
    endloop
  endfacet
  facet normal -0.302318 -0.118841 -0.94577
    outer loop
      vertex 30.6583 18.8 -8.55532
      vertex 30.3414 18.3739 -8.40048
      vertex 30.1739 18.8 -8.40048
    endloop
  endfacet
  facet normal 0.141496 -0.0305891 -0.989466
    outer loop
      vertex -12.5339 4.86815 -3.80469
      vertex -12.7054 4.07484 -3.80469
      vertex -17.5052 6.79898 -4.57529
    endloop
  endfacet
  facet normal 0.094507 -0.0204308 -0.995315
    outer loop
      vertex -12.5339 4.86815 -3.80469
      vertex -7.53247 2.92559 -3.28992
      vertex -12.7054 4.07484 -3.80469
    endloop
  endfacet
  facet normal 0.00241063 0.0766968 -0.997052
    outer loop
      vertex -0.386231 -10.0662 -3.28992
      vertex 0 -16.7703 -3.80469
      vertex -0.642685 -16.7501 -3.80469
    endloop
  endfacet
  facet normal 0.026203 0.0739303 -0.996919
    outer loop
      vertex -2.28495 -9.64437 -3.28992
      vertex -3.18254 -16.2677 -3.80469
      vertex -3.80213 -16.0481 -3.80469
    endloop
  endfacet
  facet normal 0.00839494 0.0377867 -0.999251
    outer loop
      vertex -0.512289 -3.29755 -3.03223
      vertex -1.15497 -9.96926 -3.28992
      vertex -1.53563 -9.88469 -3.28992
    endloop
  endfacet
  facet normal 0.320674 0.0827396 -0.943569
    outer loop
      vertex -31.6019 -14.4776 -8.40048
      vertex -36.2577 -16.6106 -10.1698
      vertex -36.8506 -14.3127 -10.1698
    endloop
  endfacet
  facet normal 0.190476 0.0334025 -0.981123
    outer loop
      vertex -17.9414 -4.56936 -4.57529
      vertex -17.7447 -5.69103 -4.57529
      vertex -22.7412 -7.2935 -5.59987
    endloop
  endfacet
  facet normal 0.231046 0.0596046 -0.971115
    outer loop
      vertex -22.4343 -8.71344 -5.59987
      vertex -22.0734 -10.1124 -5.59987
      vertex -27.3094 -10.6069 -6.87596
    endloop
  endfacet
  facet normal 0.280172 0.0605571 -0.958038
    outer loop
      vertex -27.683 -8.87841 -6.87596
      vertex -27.3094 -10.6069 -6.87596
      vertex -32.5581 -10.4419 -8.40048
    endloop
  endfacet
  facet normal 0.199471 0.109723 -0.973741
    outer loop
      vertex -19.4928 -16.6765 -5.59987
      vertex -20.9235 -18.8 -6.13223
      vertex -21.975 -18.8 -6.34763
    endloop
  endfacet
  facet normal 0.127843 0.0565535 -0.990181
    outer loop
      vertex -11.5514 -7.90545 -3.80469
      vertex -15.6904 -12.0412 -4.57529
      vertex -16.1329 -11.0409 -4.57529
    endloop
  endfacet
  facet normal 0.131213 0.051588 -0.990011
    outer loop
      vertex -11.5514 -7.90545 -3.80469
      vertex -16.1329 -11.0409 -4.57529
      vertex -16.5366 -10.0141 -4.57529
    endloop
  endfacet
  facet normal 0.14638 0.00843942 -0.989192
    outer loop
      vertex -13.0349 -1.64377 -3.80469
      vertex -18.2048 -2.29574 -4.57529
      vertex -18.2709 -1.14925 -4.57529
    endloop
  endfacet
  facet normal 0.286226 0.0387971 -0.957376
    outer loop
      vertex -27.9899 -7.12853 -6.87596
      vertex -32.919 -8.38389 -8.40048
      vertex -33.2007 -6.30565 -8.40048
    endloop
  endfacet
  facet normal 0.234435 0.0506714 -0.97081
    outer loop
      vertex -22.7412 -7.2935 -5.59987
      vertex -27.3094 -10.6069 -6.87596
      vertex -27.683 -8.87841 -6.87596
    endloop
  endfacet
  facet normal 0.101437 0.0832022 -0.991357
    outer loop
      vertex -9.26164 -11.8584 -3.80469
      vertex -12.2848 -17.3544 -4.57529
      vertex -12.935 -16.5617 -4.57529
    endloop
  endfacet
  facet normal 0.0853474 -0.0377618 -0.995635
    outer loop
      vertex -6.75153 5.1813 -3.28992
      vertex -6.94196 4.7509 -3.28992
      vertex -11.2345 8.62164 -3.80469
    endloop
  endfacet
  facet normal 0.0876136 -0.0344382 -0.995559
    outer loop
      vertex -11.5514 7.90545 -3.80469
      vertex -7.11567 4.30905 -3.28992
      vertex -11.8404 7.17021 -3.80469
    endloop
  endfacet
  facet normal 0.134276 -0.0464831 -0.989853
    outer loop
      vertex -11.8404 7.17021 -3.80469
      vertex -12.1009 6.4177 -3.80469
      vertex -16.5366 10.0141 -4.57529
    endloop
  endfacet
  facet normal 0.0896632 -0.031041 -0.995488
    outer loop
      vertex -7.11567 4.30905 -3.28992
      vertex -7.27223 3.85682 -3.28992
      vertex -11.8404 7.17021 -3.80469
    endloop
  endfacet
  facet normal 0.0914977 -0.0275695 -0.995424
    outer loop
      vertex -12.1009 6.4177 -3.80469
      vertex -7.27223 3.85682 -3.28992
      vertex -12.3323 5.64973 -3.80469
    endloop
  endfacet
  facet normal 0.067672 -0.0555161 -0.996162
    outer loop
      vertex -5.28611 7.46756 -3.28992
      vertex -5.56593 7.12647 -3.28992
      vertex -9.26164 11.8584 -3.80469
    endloop
  endfacet
  facet normal 0.0355559 -0.0264379 -0.999018
    outer loop
      vertex -1.8568 2.3774 -3.03223
      vertex -1.94567 2.25788 -3.03223
      vertex -5.56593 7.12647 -3.28992
    endloop
  endfacet
  facet normal 0.098018 -0.00187013 -0.995183
    outer loop
      vertex -13.0822 0.822877 -3.80469
      vertex -7.87141 0 -3.28992
      vertex -13.0979 0 -3.80469
    endloop
  endfacet
  facet normal 0.098018 0.00187013 -0.995183
    outer loop
      vertex -7.87141 0 -3.28992
      vertex -13.0822 -0.822877 -3.80469
      vertex -13.0979 0 -3.80469
    endloop
  endfacet
  facet normal 0.0977811 -0.00563501 -0.995192
    outer loop
      vertex -7.8335 0.98785 -3.28992
      vertex -7.86193 0.49452 -3.28992
      vertex -13.0349 1.64377 -3.80469
    endloop
  endfacet
  facet normal 0.0490667 -0.000940615 -0.998795
    outer loop
      vertex -7.86193 0.49452 -3.28992
      vertex -2.62275 0.164972 -3.03223
      vertex -7.87141 0 -3.28992
    endloop
  endfacet
  facet normal 0.0371726 -0.0250434 -0.998995
    outer loop
      vertex -5.83233 6.7682 -3.28992
      vertex -2.02986 2.13292 -3.03223
      vertex -6.08468 6.39363 -3.28992
    endloop
  endfacet
  facet normal -0.471364 -0.00908139 -0.881892
    outer loop
      vertex 49.3 0.864277 -15.0708
      vertex 49.3 0 -15.0619
      vertex 48.1084 0 -14.425
    endloop
  endfacet
  facet normal -0.377468 -0.051148 -0.924609
    outer loop
      vertex 42.5277 10.831 -12.1796
      vertex 42.8915 8.14619 -12.1796
      vertex 38.092 7.23464 -10.1698
    endloop
  endfacet
  facet normal -0.380071 -0.0366092 -0.924232
    outer loop
      vertex 42.8915 8.14619 -12.1796
      vertex 43.152 5.44172 -12.1796
      vertex 38.092 7.23464 -10.1698
    endloop
  endfacet
  facet normal -0.455816 -0.0986077 -0.884595
    outer loop
      vertex 46.6667 14.9668 -14.425
      vertex 48.9194 15.7134 -15.669
      vertex 48.9261 15.6914 -15.67
    endloop
  endfacet
  facet normal -0.455828 -0.0985685 -0.884593
    outer loop
      vertex 48.9194 15.7134 -15.669
      vertex 46.6667 14.9668 -14.425
      vertex 48.4573 16.5778 -15.5272
    endloop
  endfacet
  facet normal -0.45592 -0.0984423 -0.88456
    outer loop
      vertex 48.4573 16.5778 -15.5272
      vertex 46.6667 14.9668 -14.425
      vertex 48.2227 16.8637 -15.4381
    endloop
  endfacet
  facet normal -0.455859 -0.0985055 -0.884584
    outer loop
      vertex 46.6667 14.9668 -14.425
      vertex 47.8355 17.3355 -15.2911
      vertex 48.2227 16.8637 -15.4381
    endloop
  endfacet
  facet normal -0.45583 -0.0985248 -0.884597
    outer loop
      vertex 46.0369 17.8806 -14.425
      vertex 47.8355 17.3355 -15.2911
      vertex 46.6667 14.9668 -14.425
    endloop
  endfacet
  facet normal -0.455867 -0.0987125 -0.884557
    outer loop
      vertex 47.8355 17.3355 -15.2911
      vertex 46.0369 17.8806 -14.425
      vertex 47.0778 17.9573 -14.97
    endloop
  endfacet
  facet normal -0.455896 -0.0984374 -0.884573
    outer loop
      vertex 47.0778 17.9573 -14.97
      vertex 46.0369 17.8806 -14.425
      vertex 46.7229 18.147 -14.8082
    endloop
  endfacet
  facet normal -0.0725702 -0.100061 -0.992331
    outer loop
      vertex 8.06401 18.8 -4.34723
      vertex 8.80077 18.8 -4.40111
      vertex 6.73369 14.3843 -3.80469
    endloop
  endfacet
  facet normal 0.0198978 -0.0350588 -0.999187
    outer loop
      vertex -3.01226 9.31118 -3.28992
      vertex -1.12272 3.03935 -3.03223
      vertex -3.36546 9.11072 -3.28992
    endloop
  endfacet
  facet normal 0.0308061 -0.0728358 -0.996868
    outer loop
      vertex -2.28495 9.64437 -3.28992
      vertex -2.6518 9.48921 -3.28992
      vertex -4.41256 15.7899 -3.80469
    endloop
  endfacet
  facet normal -0.0441484 -0.0685023 -0.996674
    outer loop
      vertex 6.17433 14.7901 -3.80469
      vertex 3.71056 8.88831 -3.28992
      vertex 3.36546 9.11072 -3.28992
    endloop
  endfacet
  facet normal -0.0828811 -0.0409894 -0.995716
    outer loop
      vertex 10.8905 9.31706 -3.80469
      vertex 6.75153 5.1813 -3.28992
      vertex 6.54484 5.59923 -3.28992
    endloop
  endfacet
  facet normal -0.131217 -0.0515774 -0.990011
    outer loop
      vertex 16.5366 10.0141 -4.57529
      vertex 11.8404 7.17021 -3.80469
      vertex 11.5514 7.90545 -3.80469
    endloop
  endfacet
  facet normal -0.124146 -0.0614083 -0.990362
    outer loop
      vertex 15.21 13.0124 -4.57529
      vertex 15.6904 12.0412 -4.57529
      vertex 10.8905 9.31706 -3.80469
    endloop
  endfacet
  facet normal 0.380071 0.0366092 -0.924232
    outer loop
      vertex -38.092 -7.23464 -10.1698
      vertex -42.8915 -8.14619 -12.1796
      vertex -43.152 -5.44172 -12.1796
    endloop
  endfacet
  facet normal 0.424665 0.0409046 -0.904426
    outer loop
      vertex -43.152 -5.44172 -12.1796
      vertex -42.8915 -8.14619 -12.1796
      vertex -47.5877 -9.03812 -14.425
    endloop
  endfacet
  facet normal 0.334564 0.0322189 -0.941822
    outer loop
      vertex -33.4023 -4.21223 -8.40048
      vertex -38.092 -7.23464 -10.1698
      vertex -38.3233 -4.8328 -10.1698
    endloop
  endfacet
  facet normal 0.336113 0.0193716 -0.941623
    outer loop
      vertex -33.4023 -4.21223 -8.40048
      vertex -38.3233 -4.8328 -10.1698
      vertex -38.4624 -2.41931 -10.1698
    endloop
  endfacet
  facet normal 0.280172 -0.0605577 -0.958038
    outer loop
      vertex -32.1187 12.4748 -8.40048
      vertex -27.3094 10.6069 -6.87596
      vertex -32.5581 10.4419 -8.40048
    endloop
  endfacet
  facet normal 0.325292 -0.0703101 -0.942996
    outer loop
      vertex -32.1187 12.4748 -8.40048
      vertex -32.5581 10.4419 -8.40048
      vertex -37.3547 11.9803 -10.1698
    endloop
  endfacet
  facet normal 0.427533 0.0081924 -0.903962
    outer loop
      vertex -43.3608 0 -12.1796
      vertex -43.3086 -2.72414 -12.1796
      vertex -48.1084 0 -14.425
    endloop
  endfacet
  facet normal 0.471391 0.00902884 -0.881878
    outer loop
      vertex -49.3 -0.864277 -15.0708
      vertex -48.0505 -3.02241 -14.425
      vertex -49.3 -3.101 -15.0937
    endloop
  endfacet
  facet normal 0.471393 0.00903042 -0.881877
    outer loop
      vertex -48.0505 -3.02241 -14.425
      vertex -49.3 -0.864277 -15.0708
      vertex -48.1084 0 -14.425
    endloop
  endfacet
  facet normal 0.417984 0.073306 -0.905492
    outer loop
      vertex -42.5277 -10.831 -12.1796
      vertex -42.0614 -13.4898 -12.1796
      vertex -47.184 -12.0169 -14.425
    endloop
  endfacet
  facet normal 0.421802 0.0571648 -0.904884
    outer loop
      vertex -42.5277 -10.831 -12.1796
      vertex -47.184 -12.0169 -14.425
      vertex -47.5877 -9.03812 -14.425
    endloop
  endfacet
  facet normal 0.193701 -0.0186518 -0.980883
    outer loop
      vertex -23.1901 4.40439 -5.59987
      vertex -18.0949 3.43669 -4.57529
      vertex -23.3309 2.94217 -5.59987
    endloop
  endfacet
  facet normal 0.193701 -0.0186579 -0.980883
    outer loop
      vertex -18.0949 3.43669 -4.57529
      vertex -18.2048 2.29574 -4.57529
      vertex -23.3309 2.94217 -5.59987
    endloop
  endfacet
  facet normal 0.237273 -0.0416281 -0.970551
    outer loop
      vertex -22.7412 7.2935 -5.59987
      vertex -22.9934 5.856 -5.59987
      vertex -27.9899 7.12853 -6.87596
    endloop
  endfacet
  facet normal 0.239554 -0.0324608 -0.97034
    outer loop
      vertex -22.9934 5.856 -5.59987
      vertex -23.1901 4.40439 -5.59987
      vertex -27.9899 7.12853 -6.87596
    endloop
  endfacet
  facet normal 0.11588 0.0706492 -0.990747
    outer loop
      vertex -10.5204 -9.99003 -3.80469
      vertex -10.1248 -10.6389 -3.80469
      vertex -14.1406 -14.8586 -4.57529
    endloop
  endfacet
  facet normal 0.0387003 0.0235882 -0.998972
    outer loop
      vertex -2.02986 -2.13292 -3.03223
      vertex -6.08468 -6.39363 -3.28992
      vertex -6.32237 -6.00366 -3.28992
    endloop
  endfacet
  facet normal 0.0966079 0.0130921 -0.995236
    outer loop
      vertex -7.78621 -1.4788 -3.28992
      vertex -7.72016 -1.96619 -3.28992
      vertex -12.8463 -3.27172 -3.80469
    endloop
  endfacet
  facet normal 0.139425 0.0359682 -0.989579
    outer loop
      vertex -12.3323 -5.64973 -3.80469
      vertex -17.2236 -7.89056 -4.57529
      vertex -17.5052 -6.79898 -4.57529
    endloop
  endfacet
  facet normal 0.0489486 0.00282085 -0.998797
    outer loop
      vertex -2.62275 -0.164972 -3.03223
      vertex -7.8335 -0.98785 -3.28992
      vertex -7.86193 -0.49452 -3.28992
    endloop
  endfacet
  facet normal 0.0973115 0.00937338 -0.99521
    outer loop
      vertex -7.8335 -0.98785 -3.28992
      vertex -7.78621 -1.4788 -3.28992
      vertex -13.0349 -1.64377 -3.80469
    endloop
  endfacet
  facet normal -0.0167904 0.0755877 -0.996998
    outer loop
      vertex 2.55528 -16.448 -3.80469
      vertex 1.92187 -16.5887 -3.80469
      vertex 1.15497 -9.96926 -3.28992
    endloop
  endfacet
  facet normal 0.0120218 0.0761415 -0.997025
    outer loop
      vertex -1.15497 -9.96926 -3.28992
      vertex -0.771532 -10.0298 -3.28992
      vertex -1.28382 -16.6895 -3.80469
    endloop
  endfacet
  facet normal 0.0252111 0.113403 -0.993229
    outer loop
      vertex -2.60038 -18.8 -4.07439
      vertex -1.92187 -16.5887 -3.80469
      vertex -2.17805 -18.8 -4.06367
    endloop
  endfacet
  facet normal 0.0251916 0.113409 -0.993229
    outer loop
      vertex -1.92187 -16.5887 -3.80469
      vertex -2.60038 -18.8 -4.07439
      vertex -2.55528 -16.448 -3.80469
    endloop
  endfacet
  facet normal -0.14183 0.105473 -0.984256
    outer loop
      vertex 15.6957 -18.8 -5.21296
      vertex 14.6832 -18.8 -5.06706
      vertex 12.935 -16.5617 -4.57529
    endloop
  endfacet
  facet normal -0.0933287 0.0893541 -0.991618
    outer loop
      vertex 10.8898 -18.8 -4.57348
      vertex 8.30925 -12.9636 -3.80469
      vertex 10.8915 -18.8 -4.57364
    endloop
  endfacet
  facet normal -0.0905339 0.090609 -0.991763
    outer loop
      vertex 8.30925 -12.9636 -3.80469
      vertex 10.8898 -18.8 -4.57348
      vertex 7.80243 -13.47 -3.80469
    endloop
  endfacet
  facet normal -0.00361333 0.0382478 -0.999262
    outer loop
      vertex 0.771532 -10.0298 -3.28992
      vertex 0.386231 -10.0662 -3.28992
      vertex 0.128847 -3.3581 -3.03223
    endloop
  endfacet
  facet normal -0.0060097 0.0380632 -0.999257
    outer loop
      vertex 1.15497 -9.96926 -3.28992
      vertex 0.771532 -10.0298 -3.28992
      vertex 0.385301 -3.32576 -3.03223
    endloop
  endfacet
  facet normal -0.193701 -0.0186518 -0.980883
    outer loop
      vertex 23.1901 4.40439 -5.59987
      vertex 23.3309 2.94217 -5.59987
      vertex 18.0949 3.43669 -4.57529
    endloop
  endfacet
  facet normal -0.239554 -0.0324608 -0.97034
    outer loop
      vertex 27.9899 7.12853 -6.87596
      vertex 23.1901 4.40439 -5.59987
      vertex 22.9934 5.856 -5.59987
    endloop
  endfacet
  facet normal -0.289605 -0.0166859 -0.957001
    outer loop
      vertex 33.4023 4.21223 -8.40048
      vertex 33.5235 2.10865 -8.40048
      vertex 28.5039 1.79292 -6.87596
    endloop
  endfacet
  facet normal -0.286225 -0.038794 -0.957377
    outer loop
      vertex 33.2007 6.30565 -8.40048
      vertex 28.2294 5.36148 -6.87596
      vertex 27.9899 7.12853 -6.87596
    endloop
  endfacet
  facet normal -0.290281 -0.00556155 -0.956925
    outer loop
      vertex 33.5235 2.10865 -8.40048
      vertex 33.5639 0 -8.40048
      vertex 28.5039 1.79292 -6.87596
    endloop
  endfacet
  facet normal -0.336887 -0.00645447 -0.941523
    outer loop
      vertex 38.4624 2.41931 -10.1698
      vertex 33.5639 0 -8.40048
      vertex 33.5235 2.10865 -8.40048
    endloop
  endfacet
  facet normal -0.336111 -0.0193654 -0.941623
    outer loop
      vertex 38.4624 2.41931 -10.1698
      vertex 33.5235 2.10865 -8.40048
      vertex 33.4023 4.21223 -8.40048
    endloop
  endfacet
  facet normal -0.336113 -0.0193716 -0.941623
    outer loop
      vertex 38.3233 4.8328 -10.1698
      vertex 38.4624 2.41931 -10.1698
      vertex 33.4023 4.21223 -8.40048
    endloop
  endfacet
  facet normal -0.0308079 0.0728352 -0.996868
    outer loop
      vertex 4.41256 -15.7899 -3.80469
      vertex 3.80213 -16.0481 -3.80469
      vertex 2.28495 -9.64437 -3.28992
    endloop
  endfacet
  facet normal -0.0322957 0.112294 -0.99315
    outer loop
      vertex 3.26386 -18.8 -4.09367
      vertex 2.92067 -18.8 -4.08251
      vertex 2.55528 -16.448 -3.80469
    endloop
  endfacet
  facet normal 0.45592 -0.0984423 -0.88456
    outer loop
      vertex -46.6667 14.9668 -14.425
      vertex -48.4573 16.5778 -15.5272
      vertex -48.2227 16.8637 -15.4381
    endloop
  endfacet
  facet normal 0.455828 -0.0985685 -0.884593
    outer loop
      vertex -46.6667 14.9668 -14.425
      vertex -48.9194 15.7134 -15.669
      vertex -48.4573 16.5778 -15.5272
    endloop
  endfacet
  facet normal 0.455816 -0.0986077 -0.884595
    outer loop
      vertex -48.9194 15.7134 -15.669
      vertex -46.6667 14.9668 -14.425
      vertex -48.9261 15.6914 -15.67
    endloop
  endfacet
  facet normal 0.413209 -0.0893226 -0.906245
    outer loop
      vertex -41.4937 16.116 -12.1796
      vertex -42.0614 13.4898 -12.1796
      vertex -46.6667 14.9668 -14.425
    endloop
  endfacet
  facet normal 0.364494 -0.0940429 -0.926445
    outer loop
      vertex -40.8261 18.7035 -12.1796
      vertex -36.8506 14.3127 -10.1698
      vertex -41.4937 16.116 -12.1796
    endloop
  endfacet
  facet normal 0.369669 -0.0799106 -0.925721
    outer loop
      vertex -41.4937 16.116 -12.1796
      vertex -36.8506 14.3127 -10.1698
      vertex -42.0614 13.4898 -12.1796
    endloop
  endfacet
  facet normal 0.369668 -0.079896 -0.925723
    outer loop
      vertex -36.8506 14.3127 -10.1698
      vertex -37.3547 11.9803 -10.1698
      vertex -42.0614 13.4898 -12.1796
    endloop
  endfacet
  facet normal 0.192464 -0.117288 -0.97427
    outer loop
      vertex -19.3904 18.8 -5.82115
      vertex -18.8303 17.881 -5.59987
      vertex -19.798 18.8 -5.90167
    endloop
  endfacet
  facet normal 0.206026 -0.101881 -0.973228
    outer loop
      vertex -24.4781 18.7851 -6.87596
      vertex -21.975 18.8 -6.34763
      vertex -19.4928 16.6765 -5.59987
    endloop
  endfacet
  facet normal 0.206019 -0.102318 -0.973184
    outer loop
      vertex -21.975 18.8 -6.34763
      vertex -24.4781 18.7851 -6.87596
      vertex -24.4707 18.8 -6.87596
    endloop
  endfacet
  facet normal 0.407517 -0.104808 -0.907163
    outer loop
      vertex -40.8261 18.7035 -12.1796
      vertex -44.3 18.8 -13.7513
      vertex -41.0368 18.8 -12.2854
    endloop
  endfacet
  facet normal 0.407497 -0.105115 -0.907137
    outer loop
      vertex -46.0369 17.8806 -14.425
      vertex -44.3 18.8 -13.7513
      vertex -40.8261 18.7035 -12.1796
    endloop
  endfacet
  facet normal 0.407561 -0.10527 -0.90709
    outer loop
      vertex -44.3 18.8 -13.7513
      vertex -46.0369 17.8806 -14.425
      vertex -45.2754 18.7039 -14.1784
    endloop
  endfacet
  facet normal 0.407425 -0.105122 -0.907168
    outer loop
      vertex -45.2754 18.7039 -14.1784
      vertex -46.0369 17.8806 -14.425
      vertex -45.8711 18.5232 -14.425
    endloop
  endfacet
  facet normal 0.018053 -0.114243 -0.993289
    outer loop
      vertex -1.44617 18.8 -4.05038
      vertex -1.28382 16.6895 -3.80469
      vertex -1.73998 18.8 -4.05572
    endloop
  endfacet
  facet normal 0.0108369 -0.114806 -0.993329
    outer loop
      vertex -0.642685 16.7501 -3.80469
      vertex -1.16223 18.8 -4.04728
      vertex -0.721339 18.8 -4.04247
    endloop
  endfacet
  facet normal 0.0108511 -0.114803 -0.993329
    outer loop
      vertex -1.16223 18.8 -4.04728
      vertex -0.642685 16.7501 -3.80469
      vertex -1.28382 16.6895 -3.80469
    endloop
  endfacet
  facet normal 0.0251804 -0.113409 -0.993229
    outer loop
      vertex -2.60038 18.8 -4.07439
      vertex -2.55528 16.448 -3.80469
      vertex -2.92067 18.8 -4.08251
    endloop
  endfacet
  facet normal 0.0530116 -0.107345 -0.992807
    outer loop
      vertex -5.59224 18.8 -4.19314
      vertex -5.01237 15.4937 -3.80469
      vertex -6.08198 18.8 -4.21929
    endloop
  endfacet
  facet normal 0.0282709 -0.0313507 -0.999109
    outer loop
      vertex -4.37312 8.37984 -3.28992
      vertex -1.45888 2.79552 -3.03223
      vertex -4.68899 8.095 -3.28992
    endloop
  endfacet
  facet normal 0.137011 -0.0412833 -0.989709
    outer loop
      vertex -12.1009 6.4177 -3.80469
      vertex -12.3323 5.64973 -3.80469
      vertex -17.2236 7.89056 -4.57529
    endloop
  endfacet
  facet normal 0.178622 -0.0618393 -0.981973
    outer loop
      vertex -21.193 12.8339 -5.59987
      vertex -16.5366 10.0141 -4.57529
      vertex -21.6593 11.487 -5.59987
    endloop
  endfacet
  facet normal 0.280172 -0.0605571 -0.958038
    outer loop
      vertex -27.3094 10.6069 -6.87596
      vertex -27.683 8.87841 -6.87596
      vertex -32.5581 10.4419 -8.40048
    endloop
  endfacet
  facet normal 0.234435 -0.0506714 -0.97081
    outer loop
      vertex -27.3094 10.6069 -6.87596
      vertex -22.7412 7.2935 -5.59987
      vertex -27.683 8.87841 -6.87596
    endloop
  endfacet
  facet normal -0.465124 0.0630815 -0.882995
    outer loop
      vertex 49.3 -9.36333 -15.3502
      vertex 49.3 -10.7491 -15.4492
      vertex 47.5877 -9.03812 -14.425
    endloop
  endfacet
  facet normal -0.369669 0.0799106 -0.925721
    outer loop
      vertex 42.0614 -13.4898 -12.1796
      vertex 41.4937 -16.116 -12.1796
      vertex 36.8506 -14.3127 -10.1698
    endloop
  endfacet
  facet normal -0.449613 0.116045 -0.885653
    outer loop
      vertex 46.2134 -18.4194 -14.5852
      vertex 46.0369 -17.8806 -14.425
      vertex 46.3738 -18.3337 -14.6554
    endloop
  endfacet
  facet normal -0.449666 0.11602 -0.885629
    outer loop
      vertex 46.0369 -17.8806 -14.425
      vertex 46.2134 -18.4194 -14.5852
      vertex 45.8711 -18.5232 -14.425
    endloop
  endfacet
  facet normal -0.188178 0.040672 -0.981292
    outer loop
      vertex 22.7412 -7.2935 -5.59987
      vertex 22.4343 -8.71344 -5.59987
      vertex 17.5052 -6.79898 -4.57529
    endloop
  endfacet
  facet normal -0.336113 0.0193716 -0.941623
    outer loop
      vertex 38.4624 -2.41931 -10.1698
      vertex 38.3233 -4.8328 -10.1698
      vertex 33.4023 -4.21223 -8.40048
    endloop
  endfacet
  facet normal -0.239551 0.0324679 -0.970341
    outer loop
      vertex 28.2294 -5.36148 -6.87596
      vertex 27.9899 -7.12853 -6.87596
      vertex 23.1901 -4.40439 -5.59987
    endloop
  endfacet
  facet normal -0.32915 0.0577209 -0.942512
    outer loop
      vertex 32.919 -8.38389 -8.40048
      vertex 37.7688 -9.61905 -10.1698
      vertex 32.5581 -10.4419 -8.40048
    endloop
  endfacet
  facet normal -0.334564 0.0322189 -0.941822
    outer loop
      vertex 38.3233 -4.8328 -10.1698
      vertex 38.092 -7.23464 -10.1698
      vertex 33.4023 -4.21223 -8.40048
    endloop
  endfacet
  facet normal -0.212067 0.0938294 -0.97274
    outer loop
      vertex 25.1685 -17.2247 -6.87596
      vertex 24.4781 -18.7851 -6.87596
      vertex 20.6756 -14.1499 -5.59987
    endloop
  endfacet
  facet normal -0.206021 0.101893 -0.973228
    outer loop
      vertex 20.1084 -15.4318 -5.59987
      vertex 24.4781 -18.7851 -6.87596
      vertex 19.4928 -16.6765 -5.59987
    endloop
  endfacet
  facet normal -0.276153 0.0712581 -0.958469
    outer loop
      vertex 32.1187 -12.4748 -8.40048
      vertex 31.6019 -14.4776 -8.40048
      vertex 27.3094 -10.6069 -6.87596
    endloop
  endfacet
  facet normal -0.131213 0.051588 -0.990011
    outer loop
      vertex 16.5366 -10.0141 -4.57529
      vertex 16.1329 -11.0409 -4.57529
      vertex 11.5514 -7.90545 -3.80469
    endloop
  endfacet
  facet normal -0.0980166 -0.00187899 -0.995183
    outer loop
      vertex 13.0822 0.822877 -3.80469
      vertex 7.87141 0 -3.28992
      vertex 7.86193 0.49452 -3.28992
    endloop
  endfacet
  facet normal -0.146379 -0.00843441 -0.989193
    outer loop
      vertex 18.2709 1.14925 -4.57529
      vertex 13.0822 0.822877 -3.80469
      vertex 13.0349 1.64377 -3.80469
    endloop
  endfacet
  facet normal -0.192315 -0.0260596 -0.980987
    outer loop
      vertex 22.9934 5.856 -5.59987
      vertex 23.1901 4.40439 -5.59987
      vertex 18.0949 3.43669 -4.57529
    endloop
  endfacet
  facet normal -0.0896642 -0.0310395 -0.995488
    outer loop
      vertex 11.8404 7.17021 -3.80469
      vertex 12.1009 6.4177 -3.80469
      vertex 7.27223 3.85682 -3.28992
    endloop
  endfacet
  facet normal -0.289601 -0.0166935 -0.957002
    outer loop
      vertex 33.4023 4.21223 -8.40048
      vertex 28.5039 1.79292 -6.87596
      vertex 28.4008 3.58151 -6.87596
    endloop
  endfacet
  facet normal -0.242405 -0.013973 -0.970075
    outer loop
      vertex 28.4008 3.58151 -6.87596
      vertex 28.5039 1.79292 -6.87596
      vertex 23.3309 2.94217 -5.59987
    endloop
  endfacet
  facet normal -0.271487 0.0817909 -0.95896
    outer loop
      vertex 31.6019 -14.4776 -8.40048
      vertex 31.009 -16.4456 -8.40048
      vertex 26.87 -12.3098 -6.87596
    endloop
  endfacet
  facet normal -0.0355559 0.0264379 -0.999018
    outer loop
      vertex 1.94567 -2.25788 -3.03223
      vertex 5.56593 -7.12647 -3.28992
      vertex 1.8568 -2.3774 -3.03223
    endloop
  endfacet
  facet normal -0.143237 0.0251185 -0.98937
    outer loop
      vertex 17.9414 -4.56936 -4.57529
      vertex 17.7447 -5.69103 -4.57529
      vertex 12.7054 -4.07484 -3.80469
    endloop
  endfacet
  facet normal -0.0977813 -0.00563418 -0.995192
    outer loop
      vertex 13.0349 1.64377 -3.80469
      vertex 13.0822 0.822877 -3.80469
      vertex 7.86193 0.49452 -3.28992
    endloop
  endfacet
  facet normal -0.0490667 -0.000939862 -0.998795
    outer loop
      vertex 7.87141 0 -3.28992
      vertex 2.62591 0 -3.03223
      vertex 2.62275 0.164972 -3.03223
    endloop
  endfacet
  facet normal -0.0438453 -0.0172365 -0.99889
    outer loop
      vertex 6.94196 4.7509 -3.28992
      vertex 2.3738 1.4375 -3.03223
      vertex 2.31585 1.58491 -3.03223
    endloop
  endfacet
  facet normal -0.0427095 -0.0188977 -0.998909
    outer loop
      vertex 6.94196 4.7509 -3.28992
      vertex 2.31585 1.58491 -3.03223
      vertex 2.25232 1.72849 -3.03223
    endloop
  endfacet
  facet normal -0.0466062 -0.0120256 -0.998841
    outer loop
      vertex 7.53247 2.92559 -3.28992
      vertex 2.51284 0.97598 -3.03223
      vertex 2.47241 1.13267 -3.03223
    endloop
  endfacet
  facet normal -0.0473053 -0.0102241 -0.998828
    outer loop
      vertex 7.53247 2.92559 -3.28992
      vertex 7.63551 2.44884 -3.28992
      vertex 2.51284 0.97598 -3.03223
    endloop
  endfacet
  facet normal -0.0466064 -0.0120252 -0.998841
    outer loop
      vertex 7.41128 3.39529 -3.28992
      vertex 7.53247 2.92559 -3.28992
      vertex 2.47241 1.13267 -3.03223
    endloop
  endfacet
  facet normal -0.0438448 -0.0172372 -0.99889
    outer loop
      vertex 6.94196 4.7509 -3.28992
      vertex 7.11567 4.30905 -3.28992
      vertex 2.3738 1.4375 -3.03223
    endloop
  endfacet
  facet normal -0.101437 -0.0832022 -0.991357
    outer loop
      vertex 12.2848 17.3544 -4.57529
      vertex 12.935 16.5617 -4.57529
      vertex 9.26164 11.8584 -3.80469
    endloop
  endfacet
  facet normal -0.127843 -0.0565535 -0.990181
    outer loop
      vertex 15.6904 12.0412 -4.57529
      vertex 16.1329 11.0409 -4.57529
      vertex 11.5514 7.90545 -3.80469
    endloop
  endfacet
  facet normal -0.165215 -0.081723 -0.982866
    outer loop
      vertex 19.4928 16.6765 -5.59987
      vertex 15.6904 12.0412 -4.57529
      vertex 15.21 13.0124 -4.57529
    endloop
  endfacet
  facet normal -0.17862 -0.0618473 -0.981972
    outer loop
      vertex 21.6593 11.487 -5.59987
      vertex 16.9005 8.96313 -4.57529
      vertex 16.5366 10.0141 -4.57529
    endloop
  endfacet
  facet normal -0.178622 -0.0618393 -0.981973
    outer loop
      vertex 21.193 12.8339 -5.59987
      vertex 21.6593 11.487 -5.59987
      vertex 16.5366 10.0141 -4.57529
    endloop
  endfacet
  facet normal -0.185436 -0.0478378 -0.981491
    outer loop
      vertex 22.4343 8.71344 -5.59987
      vertex 17.5052 6.79898 -4.57529
      vertex 17.2236 7.89056 -4.57529
    endloop
  endfacet
  facet normal -0.185436 -0.0478383 -0.981491
    outer loop
      vertex 22.0734 10.1124 -5.59987
      vertex 22.4343 8.71344 -5.59987
      vertex 17.2236 7.89056 -4.57529
    endloop
  endfacet
  facet normal -0.0478909 -0.00839659 -0.998817
    outer loop
      vertex 7.63551 2.44884 -3.28992
      vertex 2.57545 0.655922 -3.03223
      vertex 2.54722 0.816935 -3.03223
    endloop
  endfacet
  facet normal -0.144632 -0.0196006 -0.989291
    outer loop
      vertex 17.9414 4.56936 -4.57529
      vertex 18.0949 3.43669 -4.57529
      vertex 12.8463 3.27172 -3.80469
    endloop
  endfacet
  facet normal 0.0603905 -0.0604401 -0.996343
    outer loop
      vertex -4.68899 8.095 -3.28992
      vertex -4.99357 7.79067 -3.28992
      vertex -7.80243 13.47 -3.80469
    endloop
  endfacet
  facet normal 0.12801 -0.115906 -0.984977
    outer loop
      vertex -12.2848 17.3544 -4.57529
      vertex -12.0502 18.8 -4.71491
      vertex -11.6049 18.1053 -4.57529
    endloop
  endfacet
  facet normal 0.128006 -0.115905 -0.984977
    outer loop
      vertex -12.0502 18.8 -4.71491
      vertex -12.2848 17.3544 -4.57529
      vertex -12.9244 18.8 -4.82852
    endloop
  endfacet
  facet normal -0.234435 -0.0506714 -0.97081
    outer loop
      vertex 27.3094 10.6069 -6.87596
      vertex 27.683 8.87841 -6.87596
      vertex 22.7412 7.2935 -5.59987
    endloop
  endfacet
  facet normal -0.237273 -0.0416138 -0.970551
    outer loop
      vertex 27.683 8.87841 -6.87596
      vertex 27.9899 7.12853 -6.87596
      vertex 22.7412 7.2935 -5.59987
    endloop
  endfacet
  facet normal -0.227106 -0.0684181 -0.971464
    outer loop
      vertex 26.3659 13.9831 -6.87596
      vertex 26.87 12.3098 -6.87596
      vertex 21.6593 11.487 -5.59987
    endloop
  endfacet
  facet normal -0.227106 -0.068416 -0.971464
    outer loop
      vertex 26.87 12.3098 -6.87596
      vertex 22.0734 10.1124 -5.59987
      vertex 21.6593 11.487 -5.59987
    endloop
  endfacet
  facet normal -0.315365 -0.0950099 -0.944202
    outer loop
      vertex 36.2577 16.6106 -10.1698
      vertex 35.4484 18.8 -10.1198
      vertex 35.5981 18.8 -10.1698
    endloop
  endfacet
  facet normal -0.315309 -0.0949886 -0.944223
    outer loop
      vertex 35.4484 18.8 -10.1198
      vertex 36.2577 16.6106 -10.1698
      vertex 31.009 16.4456 -8.40048
    endloop
  endfacet
  facet normal -0.320674 -0.0827396 -0.943569
    outer loop
      vertex 36.2577 16.6106 -10.1698
      vertex 36.8506 14.3127 -10.1698
      vertex 31.6019 14.4776 -8.40048
    endloop
  endfacet
  facet normal -0.253663 -0.112227 -0.96076
    outer loop
      vertex 25.1685 17.2247 -6.87596
      vertex 24.5298 18.8 -6.89134
      vertex 27.4703 18.8 -7.6677
    endloop
  endfacet
  facet normal -0.253502 -0.112162 -0.96081
    outer loop
      vertex 24.5298 18.8 -6.89134
      vertex 25.1685 17.2247 -6.87596
      vertex 24.4781 18.7851 -6.87596
    endloop
  endfacet
  facet normal -0.206019 -0.102318 -0.973184
    outer loop
      vertex 24.4781 18.7851 -6.87596
      vertex 21.975 18.8 -6.34763
      vertex 24.4707 18.8 -6.87596
    endloop
  endfacet
  facet normal -0.206026 -0.101881 -0.973228
    outer loop
      vertex 21.975 18.8 -6.34763
      vertex 24.4781 18.7851 -6.87596
      vertex 19.4928 16.6765 -5.59987
    endloop
  endfacet
  facet normal -0.165224 -0.0817158 -0.982865
    outer loop
      vertex 19.4928 16.6765 -5.59987
      vertex 20.1084 15.4318 -5.59987
      vertex 15.6904 12.0412 -4.57529
    endloop
  endfacet
  facet normal -0.206021 -0.101893 -0.973228
    outer loop
      vertex 24.4781 18.7851 -6.87596
      vertex 20.1084 15.4318 -5.59987
      vertex 19.4928 16.6765 -5.59987
    endloop
  endfacet
  facet normal -0.302387 -0.118785 -0.945755
    outer loop
      vertex 30.6583 18.8 -8.55532
      vertex 31.045 18.8 -8.67896
      vertex 30.3414 18.3739 -8.40048
    endloop
  endfacet
  facet normal -0.309201 -0.107012 -0.944957
    outer loop
      vertex 31.045 18.8 -8.67896
      vertex 34.8526 18.8 -9.92485
      vertex 30.3414 18.3739 -8.40048
    endloop
  endfacet
  facet normal -0.364494 -0.0940429 -0.926445
    outer loop
      vertex 40.8261 18.7035 -12.1796
      vertex 41.4937 16.116 -12.1796
      vertex 36.8506 14.3127 -10.1698
    endloop
  endfacet
  facet normal -0.407499 -0.105139 -0.907133
    outer loop
      vertex 46.0369 17.8806 -14.425
      vertex 41.4937 16.116 -12.1796
      vertex 40.8261 18.7035 -12.1796
    endloop
  endfacet
  facet normal 0.0487126 -0.00469337 -0.998802
    outer loop
      vertex -2.59749 0.493329 -3.03223
      vertex -2.61327 0.329548 -3.03223
      vertex -7.78621 1.4788 -3.28992
    endloop
  endfacet
  facet normal 0.0483596 -0.00655358 -0.998808
    outer loop
      vertex -7.72016 1.96619 -3.28992
      vertex -2.57545 0.655922 -3.03223
      vertex -7.78621 1.4788 -3.28992
    endloop
  endfacet
  facet normal 0.0466064 -0.0120252 -0.998841
    outer loop
      vertex -7.41128 3.39529 -3.28992
      vertex -2.47241 1.13267 -3.03223
      vertex -7.53247 2.92559 -3.28992
    endloop
  endfacet
  facet normal 0.139426 -0.0359635 -0.989579
    outer loop
      vertex -12.3323 5.64973 -3.80469
      vertex -12.5339 4.86815 -3.80469
      vertex -17.5052 6.79898 -4.57529
    endloop
  endfacet
  facet normal 0.0060097 0.0380632 -0.999257
    outer loop
      vertex -0.385301 -3.32576 -3.03223
      vertex -0.771532 -10.0298 -3.28992
      vertex -1.15497 -9.96926 -3.28992
    endloop
  endfacet
  facet normal 0.0220757 0.0342535 -0.999169
    outer loop
      vertex -1.12272 -3.03935 -3.03223
      vertex -3.36546 -9.11072 -3.28992
      vertex -3.71056 -8.88831 -3.28992
    endloop
  endfacet
  facet normal 0.0120289 0.0761414 -0.997024
    outer loop
      vertex -1.15497 -9.96926 -3.28992
      vertex -1.28382 -16.6895 -3.80469
      vertex -1.92187 -16.5887 -3.80469
    endloop
  endfacet
  facet normal 0.0282711 0.0313505 -0.999109
    outer loop
      vertex -1.56425 -2.7005 -3.03223
      vertex -1.45888 -2.79552 -3.03223
      vertex -4.68899 -8.095 -3.28992
    endloop
  endfacet
  facet normal 0.0484031 0.0667194 -0.996597
    outer loop
      vertex -3.71056 -8.88831 -3.28992
      vertex -6.17433 -14.7901 -3.80469
      vertex -6.73369 -14.3843 -3.80469
    endloop
  endfacet
  facet normal 0.013097 0.0369612 -0.999231
    outer loop
      vertex -0.638044 -3.26139 -3.03223
      vertex -1.9126 -9.77631 -3.28992
      vertex -2.28495 -9.64437 -3.28992
    endloop
  endfacet
  facet normal 0.0787516 0.0971454 -0.99215
    outer loop
      vertex -9.70858 -18.8 -4.47318
      vertex -7.27683 -13.944 -3.80469
      vertex -6.73369 -14.3843 -3.80469
    endloop
  endfacet
  facet normal 0.0787559 0.0971432 -0.99215
    outer loop
      vertex -7.27683 -13.944 -3.80469
      vertex -9.70858 -18.8 -4.47318
      vertex -9.811 -18.8 -4.48131
    endloop
  endfacet
  facet normal 0.190468 0.0334164 -0.981124
    outer loop
      vertex -17.9414 -4.56936 -4.57529
      vertex -22.7412 -7.2935 -5.59987
      vertex -22.9934 -5.856 -5.59987
    endloop
  endfacet
  facet normal 0.094508 0.020426 -0.995315
    outer loop
      vertex -7.63551 -2.44884 -3.28992
      vertex -7.53247 -2.92559 -3.28992
      vertex -12.7054 -4.07484 -3.80469
    endloop
  endfacet
  facet normal 0.193701 0.0186518 -0.980883
    outer loop
      vertex -18.0949 -3.43669 -4.57529
      vertex -23.1901 -4.40439 -5.59987
      vertex -23.3309 -2.94217 -5.59987
    endloop
  endfacet
  facet normal 0.241264 0.0232318 -0.970181
    outer loop
      vertex -23.3309 -2.94217 -5.59987
      vertex -23.1901 -4.40439 -5.59987
      vertex -28.2294 -5.36148 -6.87596
    endloop
  endfacet
  facet normal 0.32915 0.0577209 -0.942512
    outer loop
      vertex -32.919 -8.38389 -8.40048
      vertex -32.5581 -10.4419 -8.40048
      vertex -37.7688 -9.61905 -10.1698
    endloop
  endfacet
  facet normal 0.358441 0.107987 -0.927286
    outer loop
      vertex -37.7554 -18.8 -11.0037
      vertex -36.2577 -16.6106 -10.1698
      vertex -35.5981 -18.8 -10.1698
    endloop
  endfacet
  facet normal 0.358484 0.107952 -0.927273
    outer loop
      vertex -36.2577 -16.6106 -10.1698
      vertex -37.7554 -18.8 -11.0037
      vertex -40.8261 -18.7035 -12.1796
    endloop
  endfacet
  facet normal 0.315365 0.0950099 -0.944202
    outer loop
      vertex -36.2577 -16.6106 -10.1698
      vertex -35.4484 -18.8 -10.1198
      vertex -35.5981 -18.8 -10.1698
    endloop
  endfacet
  facet normal 0.315309 0.0949886 -0.944223
    outer loop
      vertex -35.4484 -18.8 -10.1198
      vertex -36.2577 -16.6106 -10.1698
      vertex -31.009 -16.4456 -8.40048
    endloop
  endfacet
  facet normal 0.120624 0.120711 -0.985332
    outer loop
      vertex -11.6049 -18.1053 -4.57529
      vertex -10.9097 -18.8 -4.57529
      vertex -12.0502 -18.8 -4.71491
    endloop
  endfacet
  facet normal 0.182249 0.0549006 -0.981718
    outer loop
      vertex -17.2236 -7.89056 -4.57529
      vertex -16.9005 -8.96313 -4.57529
      vertex -21.6593 -11.487 -5.59987
    endloop
  endfacet
  facet normal 0.0966082 0.0130914 -0.995236
    outer loop
      vertex -7.78621 -1.4788 -3.28992
      vertex -12.8463 -3.27172 -3.80469
      vertex -12.9562 -2.46071 -3.80469
    endloop
  endfacet
  facet normal 0.143236 0.0251294 -0.98937
    outer loop
      vertex -12.8463 -3.27172 -3.80469
      vertex -12.7054 -4.07484 -3.80469
      vertex -17.9414 -4.56936 -4.57529
    endloop
  endfacet
  facet normal 0.239554 0.0324608 -0.97034
    outer loop
      vertex -23.1901 -4.40439 -5.59987
      vertex -22.9934 -5.856 -5.59987
      vertex -27.9899 -7.12853 -6.87596
    endloop
  endfacet
  facet normal 0.194625 0.011221 -0.980813
    outer loop
      vertex -18.2709 -1.14925 -4.57529
      vertex -18.2048 -2.29574 -4.57529
      vertex -23.3309 -2.94217 -5.59987
    endloop
  endfacet
  facet normal 0.237273 0.0416281 -0.970551
    outer loop
      vertex -22.9934 -5.856 -5.59987
      vertex -22.7412 -7.2935 -5.59987
      vertex -27.9899 -7.12853 -6.87596
    endloop
  endfacet
  facet normal 0.334564 0.0322191 -0.941822
    outer loop
      vertex -33.4023 -4.21223 -8.40048
      vertex -33.2007 -6.30565 -8.40048
      vertex -38.092 -7.23464 -10.1698
    endloop
  endfacet
  facet normal 0.04271 -0.018897 -0.998909
    outer loop
      vertex -6.75153 5.1813 -3.28992
      vertex -2.25232 1.72849 -3.03223
      vertex -6.94196 4.7509 -3.28992
    endloop
  endfacet
  facet normal 0.0438453 -0.0172365 -0.99889
    outer loop
      vertex -2.31585 1.58491 -3.03223
      vertex -2.3738 1.4375 -3.03223
      vertex -6.94196 4.7509 -3.28992
    endloop
  endfacet
  facet normal 0.0414728 -0.0205106 -0.998929
    outer loop
      vertex -6.54484 5.59923 -3.28992
      vertex -2.25232 1.72849 -3.03223
      vertex -6.75153 5.1813 -3.28992
    endloop
  endfacet
  facet normal 0.0438448 -0.0172372 -0.99889
    outer loop
      vertex -6.94196 4.7509 -3.28992
      vertex -2.3738 1.4375 -3.03223
      vertex -7.11567 4.30905 -3.28992
    endloop
  endfacet
  facet normal 0.0896642 -0.0310395 -0.995488
    outer loop
      vertex -11.8404 7.17021 -3.80469
      vertex -7.27223 3.85682 -3.28992
      vertex -12.1009 6.4177 -3.80469
    endloop
  endfacet
  facet normal 0.131217 -0.0515774 -0.990011
    outer loop
      vertex -11.5514 7.90545 -3.80469
      vertex -11.8404 7.17021 -3.80469
      vertex -16.5366 10.0141 -4.57529
    endloop
  endfacet
  facet normal 0.0876097 -0.0344431 -0.995559
    outer loop
      vertex -6.94196 4.7509 -3.28992
      vertex -7.11567 4.30905 -3.28992
      vertex -11.5514 7.90545 -3.80469
    endloop
  endfacet
  facet normal 0.0853456 -0.0377638 -0.995635
    outer loop
      vertex -11.2345 8.62164 -3.80469
      vertex -6.94196 4.7509 -3.28992
      vertex -11.5514 7.90545 -3.80469
    endloop
  endfacet
  facet normal 0.0457953 -0.0137972 -0.998856
    outer loop
      vertex -7.27223 3.85682 -3.28992
      vertex -2.47241 1.13267 -3.03223
      vertex -7.41128 3.39529 -3.28992
    endloop
  endfacet
  facet normal 0.0914986 -0.0275668 -0.995424
    outer loop
      vertex -7.27223 3.85682 -3.28992
      vertex -7.41128 3.39529 -3.28992
      vertex -12.3323 5.64973 -3.80469
    endloop
  endfacet
  facet normal 0.0490667 -0.000939862 -0.998795
    outer loop
      vertex -2.62275 0.164972 -3.03223
      vertex -2.62591 0 -3.03223
      vertex -7.87141 0 -3.28992
    endloop
  endfacet
  facet normal 0.0490667 0.000939862 -0.998795
    outer loop
      vertex -2.62591 0 -3.03223
      vertex -2.62275 -0.164972 -3.03223
      vertex -7.87141 0 -3.28992
    endloop
  endfacet
  facet normal 0.0473053 -0.0102241 -0.998828
    outer loop
      vertex -7.53247 2.92559 -3.28992
      vertex -2.51284 0.97598 -3.03223
      vertex -7.63551 2.44884 -3.28992
    endloop
  endfacet
  facet normal 0.0487129 -0.00469219 -0.998802
    outer loop
      vertex -7.78621 1.4788 -3.28992
      vertex -2.61327 0.329548 -3.03223
      vertex -7.8335 0.98785 -3.28992
    endloop
  endfacet
  facet normal 0.0973115 -0.00937338 -0.99521
    outer loop
      vertex -7.78621 1.4788 -3.28992
      vertex -7.8335 0.98785 -3.28992
      vertex -13.0349 1.64377 -3.80469
    endloop
  endfacet
  facet normal 0.0743024 -0.0500579 -0.995979
    outer loop
      vertex -5.83233 6.7682 -3.28992
      vertex -6.08468 6.39363 -3.28992
      vertex -10.1248 10.6389 -3.80469
    endloop
  endfacet
  facet normal 0.106517 -0.079198 -0.991152
    outer loop
      vertex -9.26164 11.8584 -3.80469
      vertex -9.70493 11.2622 -3.80469
      vertex -13.5542 15.7291 -4.57529
    endloop
  endfacet
  facet normal 0.0371719 -0.025044 -0.998995
    outer loop
      vertex -1.94567 2.25788 -3.03223
      vertex -2.02986 2.13292 -3.03223
      vertex -5.83233 6.7682 -3.28992
    endloop
  endfacet
  facet normal -0.471364 0.00908139 -0.881892
    outer loop
      vertex 49.3 0 -15.0619
      vertex 49.3 -0.864277 -15.0708
      vertex 48.1084 0 -14.425
    endloop
  endfacet
  facet normal -0.465124 -0.0630815 -0.882995
    outer loop
      vertex 49.3 10.7491 -15.4492
      vertex 49.3 9.36333 -15.3502
      vertex 47.5877 9.03812 -14.425
    endloop
  endfacet
  facet normal -0.0603902 -0.0604403 -0.996343
    outer loop
      vertex 7.80243 13.47 -3.80469
      vertex 8.30925 12.9636 -3.80469
      vertex 4.99357 7.79067 -3.28992
    endloop
  endfacet
  facet normal 0.0441484 -0.0685023 -0.996674
    outer loop
      vertex -3.36546 9.11072 -3.28992
      vertex -3.71056 8.88831 -3.28992
      vertex -6.17433 14.7901 -3.80469
    endloop
  endfacet
  facet normal 0.0220757 -0.0342535 -0.999169
    outer loop
      vertex -3.36546 9.11072 -3.28992
      vertex -1.12272 3.03935 -3.03223
      vertex -3.71056 8.88831 -3.28992
    endloop
  endfacet
  facet normal 0.0154016 -0.0364146 -0.999218
    outer loop
      vertex -2.28495 9.64437 -3.28992
      vertex -0.884643 3.16561 -3.03223
      vertex -2.6518 9.48921 -3.28992
    endloop
  endfacet
  facet normal 0.00361241 -0.0382478 -0.999262
    outer loop
      vertex -0.128847 3.3581 -3.03223
      vertex -0.257384 3.34596 -3.03223
      vertex -0.771532 10.0298 -3.28992
    endloop
  endfacet
  facet normal -0.0787656 -0.0971359 -0.992149
    outer loop
      vertex 8.80077 18.8 -4.40111
      vertex 9.70858 18.8 -4.47318
      vertex 6.73369 14.3843 -3.80469
    endloop
  endfacet
  facet normal -0.128006 -0.115905 -0.984977
    outer loop
      vertex 12.2848 17.3544 -4.57529
      vertex 12.0502 18.8 -4.71491
      vertex 12.9244 18.8 -4.82852
    endloop
  endfacet
  facet normal -0.12801 -0.115906 -0.984977
    outer loop
      vertex 12.0502 18.8 -4.71491
      vertex 12.2848 17.3544 -4.57529
      vertex 11.6049 18.1053 -4.57529
    endloop
  endfacet
  facet normal -0.0353444 -0.0715623 -0.99681
    outer loop
      vertex 5.01237 15.4937 -3.80469
      vertex 3.01226 9.31118 -3.28992
      vertex 2.6518 9.48921 -3.28992
    endloop
  endfacet
  facet normal -0.139426 -0.0359635 -0.989579
    outer loop
      vertex 17.5052 6.79898 -4.57529
      vertex 12.5339 4.86815 -3.80469
      vertex 12.3323 5.64973 -3.80469
    endloop
  endfacet
  facet normal -0.0448744 -0.0155353 -0.998872
    outer loop
      vertex 7.11567 4.30905 -3.28992
      vertex 7.27223 3.85682 -3.28992
      vertex 2.3738 1.4375 -3.03223
    endloop
  endfacet
  facet normal 0.470353 -0.0270986 -0.882062
    outer loop
      vertex -49.3 5.22978 -15.1591
      vertex -48.0505 3.02241 -14.425
      vertex -49.3 3.101 -15.0937
    endloop
  endfacet
  facet normal 0.470355 -0.0270969 -0.882061
    outer loop
      vertex -48.0505 3.02241 -14.425
      vertex -49.3 5.22978 -15.1591
      vertex -47.8768 6.03754 -14.425
    endloop
  endfacet
  facet normal 0.471364 -0.00908139 -0.881892
    outer loop
      vertex -49.3 0.864277 -15.0708
      vertex -48.1084 0 -14.425
      vertex -49.3 0 -15.0619
    endloop
  endfacet
  facet normal 0.426575 0.0245813 -0.904118
    outer loop
      vertex -43.3086 -2.72414 -12.1796
      vertex -43.152 -5.44172 -12.1796
      vertex -48.0505 -3.02241 -14.425
    endloop
  endfacet
  facet normal 0.381806 0.0220015 -0.92398
    outer loop
      vertex -38.4624 -2.41931 -10.1698
      vertex -43.152 -5.44172 -12.1796
      vertex -43.3086 -2.72414 -12.1796
    endloop
  endfacet
  facet normal 0.165215 0.081723 -0.982866
    outer loop
      vertex -15.6904 -12.0412 -4.57529
      vertex -15.21 -13.0124 -4.57529
      vertex -19.4928 -16.6765 -5.59987
    endloop
  endfacet
  facet normal 0.0956723 -0.0167796 -0.995271
    outer loop
      vertex -7.63551 2.44884 -3.28992
      vertex -7.72016 1.96619 -3.28992
      vertex -12.8463 3.27172 -3.80469
    endloop
  endfacet
  facet normal 0.14568 -0.0140341 -0.989232
    outer loop
      vertex -12.9562 2.46071 -3.80469
      vertex -13.0349 1.64377 -3.80469
      vertex -18.0949 3.43669 -4.57529
    endloop
  endfacet
  facet normal 0.286226 -0.0387971 -0.957376
    outer loop
      vertex -32.919 8.38389 -8.40048
      vertex -27.9899 7.12853 -6.87596
      vertex -33.2007 6.30565 -8.40048
    endloop
  endfacet
  facet normal 0.286225 -0.038794 -0.957377
    outer loop
      vertex -27.9899 7.12853 -6.87596
      vertex -28.2294 5.36148 -6.87596
      vertex -33.2007 6.30565 -8.40048
    endloop
  endfacet
  facet normal 0.0960985 0.0870121 -0.991561
    outer loop
      vertex -8.30925 -12.9636 -3.80469
      vertex -11.6049 -18.1053 -4.57529
      vertex -12.2848 -17.3544 -4.57529
    endloop
  endfacet
  facet normal 0.141827 0.105476 -0.984256
    outer loop
      vertex -15.6957 -18.8 -5.21296
      vertex -13.5542 -15.7291 -4.57529
      vertex -12.935 -16.5617 -4.57529
    endloop
  endfacet
  facet normal 0.141837 0.10547 -0.984255
    outer loop
      vertex -13.5542 -15.7291 -4.57529
      vertex -15.6957 -18.8 -5.21296
      vertex -16.2004 -18.8 -5.28569
    endloop
  endfacet
  facet normal 0.199484 0.109721 -0.973739
    outer loop
      vertex -19.798 -18.8 -5.90167
      vertex -19.4928 -16.6765 -5.59987
      vertex -18.8303 -17.881 -5.59987
    endloop
  endfacet
  facet normal 0.199472 0.109723 -0.973741
    outer loop
      vertex -19.4928 -16.6765 -5.59987
      vertex -19.798 -18.8 -5.90167
      vertex -20.9235 -18.8 -6.13223
    endloop
  endfacet
  facet normal 0.0743024 0.0500579 -0.995979
    outer loop
      vertex -6.08468 -6.39363 -3.28992
      vertex -5.83233 -6.7682 -3.28992
      vertex -10.1248 -10.6389 -3.80469
    endloop
  endfacet
  facet normal 0.0641116 0.0580459 -0.996253
    outer loop
      vertex -5.28611 -7.46756 -3.28992
      vertex -4.99357 -7.79067 -3.28992
      vertex -8.30925 -12.9636 -3.80469
    endloop
  endfacet
  facet normal 0.0457965 0.0137952 -0.998856
    outer loop
      vertex -2.47241 -1.13267 -3.03223
      vertex -2.42603 -1.28664 -3.03223
      vertex -7.27223 -3.85682 -3.28992
    endloop
  endfacet
  facet normal -0.0167929 0.0755871 -0.996998
    outer loop
      vertex 1.53563 -9.88469 -3.28992
      vertex 2.55528 -16.448 -3.80469
      vertex 1.15497 -9.96926 -3.28992
    endloop
  endfacet
  facet normal -0.0525191 0.0647858 -0.996516
    outer loop
      vertex 7.27683 -13.944 -3.80469
      vertex 6.73369 -14.3843 -3.80469
      vertex 4.04671 -8.64448 -3.28992
    endloop
  endfacet
  facet normal 0.00361127 0.115084 -0.993349
    outer loop
      vertex 0 -16.7703 -3.80469
      vertex 0 -18.8 -4.03984
      vertex -0.275069 -18.8 -4.04084
    endloop
  endfacet
  facet normal -0.0176715 0.0357797 -0.999203
    outer loop
      vertex 3.01226 -9.31118 -3.28992
      vertex 2.6518 -9.48921 -3.28992
      vertex 0.884643 -3.16561 -3.03223
    endloop
  endfacet
  facet normal -0.026197 0.0739311 -0.996919
    outer loop
      vertex 2.28495 -9.64437 -3.28992
      vertex 3.18254 -16.2677 -3.80469
      vertex 1.9126 -9.77631 -3.28992
    endloop
  endfacet
  facet normal -0.0726028 0.100051 -0.99233
    outer loop
      vertex 7.84833 -18.8 -4.33145
      vertex 6.73369 -14.3843 -3.80469
      vertex 8.06401 -18.8 -4.34723
    endloop
  endfacet
  facet normal -0.0725869 0.100055 -0.992331
    outer loop
      vertex 6.73369 -14.3843 -3.80469
      vertex 7.84833 -18.8 -4.33145
      vertex 6.17433 -14.7901 -3.80469
    endloop
  endfacet
  facet normal -0.018053 0.114243 -0.993289
    outer loop
      vertex 1.73998 -18.8 -4.05572
      vertex 1.44617 -18.8 -4.05038
      vertex 1.28382 -16.6895 -3.80469
    endloop
  endfacet
  facet normal -0.010845 0.114802 -0.993329
    outer loop
      vertex 1.28382 -16.6895 -3.80469
      vertex 1.44617 -18.8 -4.05038
      vertex 1.16223 -18.8 -4.04728
    endloop
  endfacet
  facet normal -0.0251804 0.113409 -0.993229
    outer loop
      vertex 2.92067 -18.8 -4.08251
      vertex 2.60038 -18.8 -4.07439
      vertex 2.55528 -16.448 -3.80469
    endloop
  endfacet
  facet normal 0.461012 -0.080868 -0.883701
    outer loop
      vertex -46.6667 14.9668 -14.425
      vertex -49.2039 14.7754 -15.7311
      vertex -48.9261 15.6914 -15.67
    endloop
  endfacet
  facet normal 0.461012 -0.0808319 -0.883705
    outer loop
      vertex -49.2039 14.7754 -15.7311
      vertex -46.6667 14.9668 -14.425
      vertex -49.2761 14.0422 -15.7017
    endloop
  endfacet
  facet normal 0.364491 -0.0940454 -0.926446
    outer loop
      vertex -36.2577 16.6106 -10.1698
      vertex -36.8506 14.3127 -10.1698
      vertex -40.8261 18.7035 -12.1796
    endloop
  endfacet
  facet normal 0.315308 -0.094993 -0.944223
    outer loop
      vertex -31.009 16.4456 -8.40048
      vertex -31.6019 14.4776 -8.40048
      vertex -36.2577 16.6106 -10.1698
    endloop
  endfacet
  facet normal 0.315309 -0.0949886 -0.944223
    outer loop
      vertex -36.2577 16.6106 -10.1698
      vertex -35.4484 18.8 -10.1198
      vertex -31.009 16.4456 -8.40048
    endloop
  endfacet
  facet normal 0.315365 -0.0950099 -0.944202
    outer loop
      vertex -35.4484 18.8 -10.1198
      vertex -36.2577 16.6106 -10.1698
      vertex -35.5981 18.8 -10.1698
    endloop
  endfacet
  facet normal 0.276154 -0.0712562 -0.958468
    outer loop
      vertex -26.87 12.3098 -6.87596
      vertex -27.3094 10.6069 -6.87596
      vertex -31.6019 14.4776 -8.40048
    endloop
  endfacet
  facet normal 0.266175 -0.0921529 -0.95951
    outer loop
      vertex -30.3414 18.3739 -8.40048
      vertex -25.7983 15.6227 -6.87596
      vertex -31.009 16.4456 -8.40048
    endloop
  endfacet
  facet normal 0.400807 -0.120586 -0.908192
    outer loop
      vertex -40.8979 18.8 -12.2241
      vertex -40.8261 18.7035 -12.1796
      vertex -41.0368 18.8 -12.2854
    endloop
  endfacet
  facet normal 0.45583 -0.0985248 -0.884597
    outer loop
      vertex -47.8355 17.3355 -15.2911
      vertex -46.0369 17.8806 -14.425
      vertex -46.6667 14.9668 -14.425
    endloop
  endfacet
  facet normal 0.455896 -0.0984374 -0.884573
    outer loop
      vertex -46.0369 17.8806 -14.425
      vertex -47.0778 17.9573 -14.97
      vertex -46.7229 18.147 -14.8082
    endloop
  endfacet
  facet normal 0.455867 -0.0987125 -0.884557
    outer loop
      vertex -46.0369 17.8806 -14.425
      vertex -47.8355 17.3355 -15.2911
      vertex -47.0778 17.9573 -14.97
    endloop
  endfacet
  facet normal 0.455859 -0.0985055 -0.884584
    outer loop
      vertex -47.8355 17.3355 -15.2911
      vertex -46.6667 14.9668 -14.425
      vertex -48.2227 16.8637 -15.4381
    endloop
  endfacet
  facet normal 0.449666 -0.11602 -0.885629
    outer loop
      vertex -46.0369 17.8806 -14.425
      vertex -46.2134 18.4194 -14.5852
      vertex -45.8711 18.5232 -14.425
    endloop
  endfacet
  facet normal 0.449613 -0.116045 -0.885653
    outer loop
      vertex -46.2134 18.4194 -14.5852
      vertex -46.0369 17.8806 -14.425
      vertex -46.3738 18.3337 -14.6554
    endloop
  endfacet
  facet normal 0.0167904 -0.0755877 -0.996998
    outer loop
      vertex -1.92187 16.5887 -3.80469
      vertex -1.15497 9.96926 -3.28992
      vertex -2.55528 16.448 -3.80469
    endloop
  endfacet
  facet normal 0.010845 -0.114802 -0.993329
    outer loop
      vertex -1.16223 18.8 -4.04728
      vertex -1.28382 16.6895 -3.80469
      vertex -1.44617 18.8 -4.05038
    endloop
  endfacet
  facet normal 0.0392981 -0.110914 -0.993053
    outer loop
      vertex -4.06722 18.8 -4.12254
      vertex -3.80213 16.0481 -3.80469
      vertex -4.4541 18.8 -4.13785
    endloop
  endfacet
  facet normal 0.0462143 -0.109259 -0.992938
    outer loop
      vertex -4.41256 15.7899 -3.80469
      vertex -4.88398 18.8 -4.15785
      vertex -3.80213 16.0481 -3.80469
    endloop
  endfacet
  facet normal 0.0462431 -0.109254 -0.992938
    outer loop
      vertex -4.88398 18.8 -4.15785
      vertex -4.41256 15.7899 -3.80469
      vertex -5.25373 18.8 -4.17507
    endloop
  endfacet
  facet normal 0.115894 -0.0706387 -0.990747
    outer loop
      vertex -14.1406 14.8586 -4.57529
      vertex -10.5204 9.99003 -3.80469
      vertex -14.693 13.9523 -4.57529
    endloop
  endfacet
  facet normal 0.0725869 -0.100055 -0.992331
    outer loop
      vertex -6.73369 14.3843 -3.80469
      vertex -7.84833 18.8 -4.33145
      vertex -6.17433 14.7901 -3.80469
    endloop
  endfacet
  facet normal 0.0726028 -0.100051 -0.99233
    outer loop
      vertex -7.84833 18.8 -4.33145
      vertex -6.73369 14.3843 -3.80469
      vertex -8.06401 18.8 -4.34723
    endloop
  endfacet
  facet normal 0.0565279 -0.0626859 -0.996431
    outer loop
      vertex -4.37312 8.37984 -3.28992
      vertex -4.68899 8.095 -3.28992
      vertex -7.80243 13.47 -3.80469
    endloop
  endfacet
  facet normal 0.120174 -0.0660899 -0.99055
    outer loop
      vertex -10.5204 9.99003 -3.80469
      vertex -10.8905 9.31706 -3.80469
      vertex -15.21 13.0124 -4.57529
    endloop
  endfacet
  facet normal 0.0802162 -0.0441149 -0.995801
    outer loop
      vertex -10.5204 9.99003 -3.80469
      vertex -6.32237 6.00366 -3.28992
      vertex -10.8905 9.31706 -3.80469
    endloop
  endfacet
  facet normal 0.124146 -0.0614083 -0.990362
    outer loop
      vertex -15.21 13.0124 -4.57529
      vertex -10.8905 9.31706 -3.80469
      vertex -15.6904 12.0412 -4.57529
    endloop
  endfacet
  facet normal 0.252935 -0.114054 -0.960737
    outer loop
      vertex -24.4974 18.8 -6.88281
      vertex -24.4781 18.7851 -6.87596
      vertex -24.5298 18.8 -6.89134
    endloop
  endfacet
  facet normal 0.165224 -0.0817158 -0.982865
    outer loop
      vertex -19.4928 16.6765 -5.59987
      vertex -15.6904 12.0412 -4.57529
      vertex -20.1084 15.4318 -5.59987
    endloop
  endfacet
  facet normal 0.231045 -0.0596165 -0.971115
    outer loop
      vertex -26.87 12.3098 -6.87596
      vertex -22.0734 10.1124 -5.59987
      vertex -27.3094 10.6069 -6.87596
    endloop
  endfacet
  facet normal 0.17862 -0.0618473 -0.981972
    outer loop
      vertex -16.5366 10.0141 -4.57529
      vertex -16.9005 8.96313 -4.57529
      vertex -21.6593 11.487 -5.59987
    endloop
  endfacet
  facet normal -0.44967 0.115991 -0.885631
    outer loop
      vertex 46.7229 -18.147 -14.8082
      vertex 46.3738 -18.3337 -14.6554
      vertex 46.0369 -17.8806 -14.425
    endloop
  endfacet
  facet normal -0.470344 0.0270724 -0.882068
    outer loop
      vertex 49.3 -5.22978 -15.1591
      vertex 49.3 -6.21701 -15.1894
      vertex 47.8768 -6.03754 -14.425
    endloop
  endfacet
  facet normal -0.426572 0.0245746 -0.90412
    outer loop
      vertex 48.0505 -3.02241 -14.425
      vertex 47.8768 -6.03754 -14.425
      vertex 43.152 -5.44172 -12.1796
    endloop
  endfacet
  facet normal -0.242975 0.00466185 -0.970021
    outer loop
      vertex 28.5383 0 -6.87596
      vertex 28.5039 -1.79292 -6.87596
      vertex 23.4438 0 -5.59987
    endloop
  endfacet
  facet normal -0.336111 0.0193654 -0.941623
    outer loop
      vertex 33.5235 -2.10865 -8.40048
      vertex 38.4624 -2.41931 -10.1698
      vertex 33.4023 -4.21223 -8.40048
    endloop
  endfacet
  facet normal -0.369668 0.079896 -0.925723
    outer loop
      vertex 37.3547 -11.9803 -10.1698
      vertex 42.0614 -13.4898 -12.1796
      vertex 36.8506 -14.3127 -10.1698
    endloop
  endfacet
  facet normal -0.381804 0.0220051 -0.923981
    outer loop
      vertex 38.4624 -2.41931 -10.1698
      vertex 43.152 -5.44172 -12.1796
      vertex 38.3233 -4.8328 -10.1698
    endloop
  endfacet
  facet normal -0.332238 0.045034 -0.94212
    outer loop
      vertex 33.2007 -6.30565 -8.40048
      vertex 38.092 -7.23464 -10.1698
      vertex 32.919 -8.38389 -8.40048
    endloop
  endfacet
  facet normal -0.241264 0.0232318 -0.970181
    outer loop
      vertex 23.3309 -2.94217 -5.59987
      vertex 28.2294 -5.36148 -6.87596
      vertex 23.1901 -4.40439 -5.59987
    endloop
  endfacet
  facet normal -0.276154 0.0712562 -0.958468
    outer loop
      vertex 27.3094 -10.6069 -6.87596
      vertex 31.6019 -14.4776 -8.40048
      vertex 26.87 -12.3098 -6.87596
    endloop
  endfacet
  facet normal -0.141837 0.10547 -0.984255
    outer loop
      vertex 15.6957 -18.8 -5.21296
      vertex 13.5542 -15.7291 -4.57529
      vertex 16.2004 -18.8 -5.28569
    endloop
  endfacet
  facet normal -0.141827 0.105476 -0.984256
    outer loop
      vertex 13.5542 -15.7291 -4.57529
      vertex 15.6957 -18.8 -5.21296
      vertex 12.935 -16.5617 -4.57529
    endloop
  endfacet
  facet normal -0.320674 0.0827396 -0.943569
    outer loop
      vertex 36.8506 -14.3127 -10.1698
      vertex 36.2577 -16.6106 -10.1698
      vertex 31.6019 -14.4776 -8.40048
    endloop
  endfacet
  facet normal -0.364494 0.0940429 -0.926445
    outer loop
      vertex 41.4937 -16.116 -12.1796
      vertex 40.8261 -18.7035 -12.1796
      vertex 36.8506 -14.3127 -10.1698
    endloop
  endfacet
  facet normal -0.424658 0.040915 -0.904429
    outer loop
      vertex 47.8768 -6.03754 -14.425
      vertex 47.5877 -9.03812 -14.425
      vertex 43.152 -5.44172 -12.1796
    endloop
  endfacet
  facet normal -0.252935 0.114054 -0.960737
    outer loop
      vertex 24.5298 -18.8 -6.89134
      vertex 24.4974 -18.8 -6.88281
      vertex 24.4781 -18.7851 -6.87596
    endloop
  endfacet
  facet normal -0.246635 0.12249 -0.961336
    outer loop
      vertex 24.4781 -18.7851 -6.87596
      vertex 24.4974 -18.8 -6.88281
      vertex 24.4707 -18.8 -6.87596
    endloop
  endfacet
  facet normal -0.260232 0.102297 -0.960112
    outer loop
      vertex 28.4047 -18.8 -7.92095
      vertex 30.3414 -18.3739 -8.40048
      vertex 30.1739 -18.8 -8.40048
    endloop
  endfacet
  facet normal -0.260232 0.1023 -0.960111
    outer loop
      vertex 30.3414 -18.3739 -8.40048
      vertex 28.4047 -18.8 -7.92095
      vertex 25.7983 -15.6227 -6.87596
    endloop
  endfacet
  facet normal -0.217605 0.0855477 -0.972281
    outer loop
      vertex 25.7983 -15.6227 -6.87596
      vertex 25.1685 -17.2247 -6.87596
      vertex 20.6756 -14.1499 -5.59987
    endloop
  endfacet
  facet normal -0.0773418 0.0471534 -0.995889
    outer loop
      vertex 10.5204 -9.99003 -3.80469
      vertex 10.1248 -10.6389 -3.80469
      vertex 6.32237 -6.00366 -3.28992
    endloop
  endfacet
  facet normal -0.217603 0.085553 -0.972281
    outer loop
      vertex 21.193 -12.8339 -5.59987
      vertex 25.7983 -15.6227 -6.87596
      vertex 20.6756 -14.1499 -5.59987
    endloop
  endfacet
  facet normal -0.237273 0.0416281 -0.970551
    outer loop
      vertex 22.9934 -5.856 -5.59987
      vertex 27.9899 -7.12853 -6.87596
      vertex 22.7412 -7.2935 -5.59987
    endloop
  endfacet
  facet normal -0.193701 0.0186579 -0.980883
    outer loop
      vertex 18.2048 -2.29574 -4.57529
      vertex 23.3309 -2.94217 -5.59987
      vertex 18.0949 -3.43669 -4.57529
    endloop
  endfacet
  facet normal -0.239554 0.0324608 -0.97034
    outer loop
      vertex 23.1901 -4.40439 -5.59987
      vertex 27.9899 -7.12853 -6.87596
      vertex 22.9934 -5.856 -5.59987
    endloop
  endfacet
  facet normal -0.286226 0.0387971 -0.957376
    outer loop
      vertex 33.2007 -6.30565 -8.40048
      vertex 32.919 -8.38389 -8.40048
      vertex 27.9899 -7.12853 -6.87596
    endloop
  endfacet
  facet normal -0.190468 -0.0334164 -0.981124
    outer loop
      vertex 22.7412 7.2935 -5.59987
      vertex 22.9934 5.856 -5.59987
      vertex 17.9414 4.56936 -4.57529
    endloop
  endfacet
  facet normal -0.190476 -0.0334025 -0.981123
    outer loop
      vertex 22.7412 7.2935 -5.59987
      vertex 17.9414 4.56936 -4.57529
      vertex 17.7447 5.69103 -4.57529
    endloop
  endfacet
  facet normal -0.19509 -0.00373527 -0.980778
    outer loop
      vertex 23.4156 1.47286 -5.59987
      vertex 23.4438 0 -5.59987
      vertex 18.2709 1.14925 -4.57529
    endloop
  endfacet
  facet normal -0.194626 -0.0112194 -0.980813
    outer loop
      vertex 23.3309 2.94217 -5.59987
      vertex 23.4156 1.47286 -5.59987
      vertex 18.2709 1.14925 -4.57529
    endloop
  endfacet
  facet normal -0.139426 0.0359635 -0.989579
    outer loop
      vertex 12.5339 -4.86815 -3.80469
      vertex 17.5052 -6.79898 -4.57529
      vertex 12.3323 -5.64973 -3.80469
    endloop
  endfacet
  facet normal -0.094508 0.020426 -0.995315
    outer loop
      vertex 7.63551 -2.44884 -3.28992
      vertex 12.7054 -4.07484 -3.80469
      vertex 7.53247 -2.92559 -3.28992
    endloop
  endfacet
  facet normal -0.0853456 0.0377638 -0.995635
    outer loop
      vertex 11.5514 -7.90545 -3.80469
      vertex 11.2345 -8.62164 -3.80469
      vertex 6.94196 -4.7509 -3.28992
    endloop
  endfacet
  facet normal -0.0914986 0.0275668 -0.995424
    outer loop
      vertex 7.41128 -3.39529 -3.28992
      vertex 12.3323 -5.64973 -3.80469
      vertex 7.27223 -3.85682 -3.28992
    endloop
  endfacet
  facet normal -0.139425 0.0359682 -0.989579
    outer loop
      vertex 17.5052 -6.79898 -4.57529
      vertex 17.2236 -7.89056 -4.57529
      vertex 12.3323 -5.64973 -3.80469
    endloop
  endfacet
  facet normal -0.0487129 0.00469219 -0.998802
    outer loop
      vertex 7.8335 -0.98785 -3.28992
      vertex 7.78621 -1.4788 -3.28992
      vertex 2.61327 -0.329548 -3.03223
    endloop
  endfacet
  facet normal -0.14568 0.0140341 -0.989232
    outer loop
      vertex 13.0349 -1.64377 -3.80469
      vertex 18.0949 -3.43669 -4.57529
      vertex 12.9562 -2.46071 -3.80469
    endloop
  endfacet
  facet normal -0.0457953 0.0137972 -0.998856
    outer loop
      vertex 7.41128 -3.39529 -3.28992
      vertex 7.27223 -3.85682 -3.28992
      vertex 2.47241 -1.13267 -3.03223
    endloop
  endfacet
  facet normal -0.0973115 -0.00937338 -0.99521
    outer loop
      vertex 13.0349 1.64377 -3.80469
      vertex 7.8335 0.98785 -3.28992
      vertex 7.78621 1.4788 -3.28992
    endloop
  endfacet
  facet normal -0.0242018 -0.0333651 -0.99915
    outer loop
      vertex 3.71056 8.88831 -3.28992
      vertex 4.04671 8.64448 -3.28992
      vertex 1.23785 2.96515 -3.03223
    endloop
  endfacet
  facet normal -0.0414728 -0.0205106 -0.998929
    outer loop
      vertex 6.54484 5.59923 -3.28992
      vertex 6.75153 5.1813 -3.28992
      vertex 2.25232 1.72849 -3.03223
    endloop
  endfacet
  facet normal -0.094508 -0.020426 -0.995315
    outer loop
      vertex 12.7054 4.07484 -3.80469
      vertex 7.63551 2.44884 -3.28992
      vertex 7.53247 2.92559 -3.28992
    endloop
  endfacet
  facet normal -0.0596896 -0.105167 -0.992662
    outer loop
      vertex 6.08198 18.8 -4.21929
      vertex 6.64758 18.8 -4.2533
      vertex 5.01237 15.4937 -3.80469
    endloop
  endfacet
  facet normal -0.0392981 -0.110914 -0.993053
    outer loop
      vertex 4.06722 18.8 -4.12254
      vertex 4.4541 18.8 -4.13785
      vertex 3.80213 16.0481 -3.80469
    endloop
  endfacet
  facet normal -0.106507 -0.0792088 -0.991152
    outer loop
      vertex 12.935 16.5617 -4.57529
      vertex 13.5542 15.7291 -4.57529
      vertex 9.26164 11.8584 -3.80469
    endloop
  endfacet
  facet normal -0.0282709 -0.0313507 -0.999109
    outer loop
      vertex 4.37312 8.37984 -3.28992
      vertex 4.68899 8.095 -3.28992
      vertex 1.45888 2.79552 -3.03223
    endloop
  endfacet
  facet normal -0.0847672 -0.0939809 -0.991959
    outer loop
      vertex 7.80243 13.47 -3.80469
      vertex 9.811 18.8 -4.48131
      vertex 9.89783 18.8 -4.48873
    endloop
  endfacet
  facet normal -0.0847577 -0.0939845 -0.991959
    outer loop
      vertex 9.811 18.8 -4.48131
      vertex 7.80243 13.47 -3.80469
      vertex 7.27683 13.944 -3.80469
    endloop
  endfacet
  facet normal -0.148297 -0.0998114 -0.983893
    outer loop
      vertex 14.1406 14.8586 -4.57529
      vertex 17.788 18.8 -5.52488
      vertex 17.8915 18.8 -5.54048
    endloop
  endfacet
  facet normal -0.148243 -0.0998619 -0.983896
    outer loop
      vertex 17.788 18.8 -5.52488
      vertex 14.1406 14.8586 -4.57529
      vertex 13.5542 15.7291 -4.57529
    endloop
  endfacet
  facet normal -0.127833 -0.0565636 -0.990181
    outer loop
      vertex 15.6904 12.0412 -4.57529
      vertex 11.5514 7.90545 -3.80469
      vertex 11.2345 8.62164 -3.80469
    endloop
  endfacet
  facet normal -0.124145 -0.0614101 -0.990362
    outer loop
      vertex 15.6904 12.0412 -4.57529
      vertex 11.2345 8.62164 -3.80469
      vertex 10.8905 9.31706 -3.80469
    endloop
  endfacet
  facet normal -0.144632 -0.0195991 -0.989291
    outer loop
      vertex 18.0949 3.43669 -4.57529
      vertex 12.9562 2.46071 -3.80469
      vertex 12.8463 3.27172 -3.80469
    endloop
  endfacet
  facet normal -0.143237 -0.0251185 -0.98937
    outer loop
      vertex 17.7447 5.69103 -4.57529
      vertex 17.9414 4.56936 -4.57529
      vertex 12.7054 4.07484 -3.80469
    endloop
  endfacet
  facet normal -0.139425 -0.0359682 -0.989579
    outer loop
      vertex 17.2236 7.89056 -4.57529
      vertex 17.5052 6.79898 -4.57529
      vertex 12.3323 5.64973 -3.80469
    endloop
  endfacet
  facet normal -0.137011 -0.0412833 -0.989709
    outer loop
      vertex 17.2236 7.89056 -4.57529
      vertex 12.3323 5.64973 -3.80469
      vertex 12.1009 6.4177 -3.80469
    endloop
  endfacet
  facet normal 0.032068 -0.029034 -0.999064
    outer loop
      vertex -4.99357 7.79067 -3.28992
      vertex -1.66586 2.59898 -3.03223
      vertex -5.28611 7.46756 -3.28992
    endloop
  endfacet
  facet normal -0.276154 -0.0712562 -0.958468
    outer loop
      vertex 31.6019 14.4776 -8.40048
      vertex 27.3094 10.6069 -6.87596
      vertex 26.87 12.3098 -6.87596
    endloop
  endfacet
  facet normal -0.276153 -0.0712581 -0.958469
    outer loop
      vertex 31.6019 14.4776 -8.40048
      vertex 32.1187 12.4748 -8.40048
      vertex 27.3094 10.6069 -6.87596
    endloop
  endfacet
  facet normal -0.170107 -0.07525 -0.982548
    outer loop
      vertex 20.6756 14.1499 -5.59987
      vertex 16.1329 11.0409 -4.57529
      vertex 15.6904 12.0412 -4.57529
    endloop
  endfacet
  facet normal -0.174568 -0.0686335 -0.98225
    outer loop
      vertex 20.6756 14.1499 -5.59987
      vertex 21.193 12.8339 -5.59987
      vertex 16.1329 11.0409 -4.57529
    endloop
  endfacet
  facet normal -0.199471 -0.109723 -0.973741
    outer loop
      vertex 20.9235 18.8 -6.13223
      vertex 21.975 18.8 -6.34763
      vertex 19.4928 16.6765 -5.59987
    endloop
  endfacet
  facet normal -0.199472 -0.109723 -0.973741
    outer loop
      vertex 19.4928 16.6765 -5.59987
      vertex 19.798 18.8 -5.90167
      vertex 20.9235 18.8 -6.13223
    endloop
  endfacet
  facet normal -0.199484 -0.109721 -0.973739
    outer loop
      vertex 19.798 18.8 -5.90167
      vertex 19.4928 16.6765 -5.59987
      vertex 18.8303 17.881 -5.59987
    endloop
  endfacet
  facet normal 0.00120115 0.0383405 -0.999264
    outer loop
      vertex 0 -3.36215 -3.03223
      vertex 0 -10.0783 -3.28992
      vertex -0.386231 -10.0662 -3.28992
    endloop
  endfacet
  facet normal 0.00240278 0.0766964 -0.997052
    outer loop
      vertex 0 -10.0783 -3.28992
      vertex 0 -16.7703 -3.80469
      vertex -0.386231 -10.0662 -3.28992
    endloop
  endfacet
  facet normal 0.00722818 0.0765117 -0.997042
    outer loop
      vertex -0.771532 -10.0298 -3.28992
      vertex -0.386231 -10.0662 -3.28992
      vertex -1.28382 -16.6895 -3.80469
    endloop
  endfacet
  facet normal 0.00601074 0.0380632 -0.999257
    outer loop
      vertex -0.385301 -3.32576 -3.03223
      vertex -0.257384 -3.34596 -3.03223
      vertex -0.771532 -10.0298 -3.28992
    endloop
  endfacet
  facet normal 0.026197 0.0739311 -0.996919
    outer loop
      vertex -2.28495 -9.64437 -3.28992
      vertex -1.9126 -9.77631 -3.28992
      vertex -3.18254 -16.2677 -3.80469
    endloop
  endfacet
  facet normal 0.0525191 0.0647858 -0.996516
    outer loop
      vertex -4.04671 -8.64448 -3.28992
      vertex -6.73369 -14.3843 -3.80469
      vertex -7.27683 -13.944 -3.80469
    endloop
  endfacet
  facet normal 0.0529971 0.107351 -0.992808
    outer loop
      vertex -5.59224 -18.8 -4.19314
      vertex -4.41256 -15.7899 -3.80469
      vertex -5.25373 -18.8 -4.17507
    endloop
  endfacet
  facet normal 0.0530098 0.107346 -0.992808
    outer loop
      vertex -4.41256 -15.7899 -3.80469
      vertex -5.59224 -18.8 -4.19314
      vertex -5.01237 -15.4937 -3.80469
    endloop
  endfacet
  facet normal 0.0596934 0.105165 -0.992662
    outer loop
      vertex -6.64758 -18.8 -4.2533
      vertex -5.60009 -15.1601 -3.80469
      vertex -5.01237 -15.4937 -3.80469
    endloop
  endfacet
  facet normal 0.0597147 0.105159 -0.992661
    outer loop
      vertex -5.60009 -15.1601 -3.80469
      vertex -6.64758 -18.8 -4.2533
      vertex -6.94464 -18.8 -4.27117
    endloop
  endfacet
  facet normal 0.010845 0.114802 -0.993329
    outer loop
      vertex -1.28382 -16.6895 -3.80469
      vertex -1.16223 -18.8 -4.04728
      vertex -1.44617 -18.8 -4.05038
    endloop
  endfacet
  facet normal 0.00723183 0.0765112 -0.997042
    outer loop
      vertex -0.386231 -10.0662 -3.28992
      vertex -0.642685 -16.7501 -3.80469
      vertex -1.28382 -16.6895 -3.80469
    endloop
  endfacet
  facet normal 0.0392981 0.110914 -0.993053
    outer loop
      vertex -3.80213 -16.0481 -3.80469
      vertex -4.06722 -18.8 -4.12254
      vertex -4.4541 -18.8 -4.13785
    endloop
  endfacet
  facet normal 0.0107596 0.037419 -0.999242
    outer loop
      vertex -0.638044 -3.26139 -3.03223
      vertex -0.512289 -3.29755 -3.03223
      vertex -1.53563 -9.88469 -3.28992
    endloop
  endfacet
  facet normal 0.0725702 0.100061 -0.992331
    outer loop
      vertex -6.73369 -14.3843 -3.80469
      vertex -8.06401 -18.8 -4.34723
      vertex -8.80077 -18.8 -4.40111
    endloop
  endfacet
  facet normal 0.0308079 0.0728352 -0.996868
    outer loop
      vertex -2.28495 -9.64437 -3.28992
      vertex -3.80213 -16.0481 -3.80469
      vertex -4.41256 -15.7899 -3.80469
    endloop
  endfacet
  facet normal 0.0441484 0.0685023 -0.996674
    outer loop
      vertex -3.71056 -8.88831 -3.28992
      vertex -3.36546 -9.11072 -3.28992
      vertex -6.17433 -14.7901 -3.80469
    endloop
  endfacet
  facet normal 0.0603905 0.0604401 -0.996343
    outer loop
      vertex -4.99357 -7.79067 -3.28992
      vertex -4.68899 -8.095 -3.28992
      vertex -7.80243 -13.47 -3.80469
    endloop
  endfacet
  facet normal 0.242405 0.0139737 -0.970074
    outer loop
      vertex -23.4156 -1.47286 -5.59987
      vertex -23.3309 -2.94217 -5.59987
      vertex -28.5039 -1.79292 -6.87596
    endloop
  endfacet
  facet normal 0.194626 0.0112194 -0.980813
    outer loop
      vertex -18.2709 -1.14925 -4.57529
      vertex -23.3309 -2.94217 -5.59987
      vertex -23.4156 -1.47286 -5.59987
    endloop
  endfacet
  facet normal 0.185436 0.0478383 -0.981491
    outer loop
      vertex -17.2236 -7.89056 -4.57529
      vertex -22.0734 -10.1124 -5.59987
      vertex -22.4343 -8.71344 -5.59987
    endloop
  endfacet
  facet normal 0.188177 0.0406774 -0.981292
    outer loop
      vertex -17.7447 -5.69103 -4.57529
      vertex -17.5052 -6.79898 -4.57529
      vertex -22.7412 -7.2935 -5.59987
    endloop
  endfacet
  facet normal 0.325292 0.0703101 -0.942996
    outer loop
      vertex -32.5581 -10.4419 -8.40048
      vertex -32.1187 -12.4748 -8.40048
      vertex -37.3547 -11.9803 -10.1698
    endloop
  endfacet
  facet normal 0.369668 0.079896 -0.925723
    outer loop
      vertex -37.3547 -11.9803 -10.1698
      vertex -36.8506 -14.3127 -10.1698
      vertex -42.0614 -13.4898 -12.1796
    endloop
  endfacet
  facet normal 0.358483 0.108102 -0.927256
    outer loop
      vertex -37.7554 -18.8 -11.0037
      vertex -40.797 -18.8 -12.1796
      vertex -40.8261 -18.7035 -12.1796
    endloop
  endfacet
  facet normal 0.185436 0.0478378 -0.981491
    outer loop
      vertex -17.5052 -6.79898 -4.57529
      vertex -17.2236 -7.89056 -4.57529
      vertex -22.4343 -8.71344 -5.59987
    endloop
  endfacet
  facet normal 0.227106 0.0684181 -0.971464
    outer loop
      vertex -21.6593 -11.487 -5.59987
      vertex -26.3659 -13.9831 -6.87596
      vertex -26.87 -12.3098 -6.87596
    endloop
  endfacet
  facet normal 0.217605 0.0855477 -0.972281
    outer loop
      vertex -20.6756 -14.1499 -5.59987
      vertex -25.1685 -17.2247 -6.87596
      vertex -25.7983 -15.6227 -6.87596
    endloop
  endfacet
  facet normal 0.0931161 0.0240254 -0.995365
    outer loop
      vertex -7.53247 -2.92559 -3.28992
      vertex -7.41128 -3.39529 -3.28992
      vertex -12.5339 -4.86815 -3.80469
    endloop
  endfacet
  facet normal 0.0973115 0.00937451 -0.99521
    outer loop
      vertex -7.78621 -1.4788 -3.28992
      vertex -12.9562 -2.46071 -3.80469
      vertex -13.0349 -1.64377 -3.80469
    endloop
  endfacet
  facet normal 0.14568 0.0140324 -0.989232
    outer loop
      vertex -13.0349 -1.64377 -3.80469
      vertex -18.0949 -3.43669 -4.57529
      vertex -18.2048 -2.29574 -4.57529
    endloop
  endfacet
  facet normal 0.141498 0.0305868 -0.989466
    outer loop
      vertex -12.7054 -4.07484 -3.80469
      vertex -17.5052 -6.79898 -4.57529
      vertex -17.7447 -5.69103 -4.57529
    endloop
  endfacet
  facet normal 0.143237 0.0251185 -0.98937
    outer loop
      vertex -12.7054 -4.07484 -3.80469
      vertex -17.7447 -5.69103 -4.57529
      vertex -17.9414 -4.56936 -4.57529
    endloop
  endfacet
  facet normal 0.241264 0.0232322 -0.970181
    outer loop
      vertex -23.3309 -2.94217 -5.59987
      vertex -28.2294 -5.36148 -6.87596
      vertex -28.4008 -3.58151 -6.87596
    endloop
  endfacet
  facet normal 0.242405 0.013973 -0.970075
    outer loop
      vertex -23.3309 -2.94217 -5.59987
      vertex -28.4008 -3.58151 -6.87596
      vertex -28.5039 -1.79292 -6.87596
    endloop
  endfacet
  facet normal 0.332238 0.045034 -0.94212
    outer loop
      vertex -33.2007 -6.30565 -8.40048
      vertex -32.919 -8.38389 -8.40048
      vertex -38.092 -7.23464 -10.1698
    endloop
  endfacet
  facet normal 0.332238 0.0450339 -0.94212
    outer loop
      vertex -32.919 -8.38389 -8.40048
      vertex -37.7688 -9.61905 -10.1698
      vertex -38.092 -7.23464 -10.1698
    endloop
  endfacet
  facet normal 0.0448741 -0.0155361 -0.998872
    outer loop
      vertex -2.3738 1.4375 -3.03223
      vertex -2.42603 1.28664 -3.03223
      vertex -7.27223 3.85682 -3.28992
    endloop
  endfacet
  facet normal 0.0457965 -0.0137952 -0.998856
    outer loop
      vertex -2.42603 1.28664 -3.03223
      vertex -2.47241 1.13267 -3.03223
      vertex -7.27223 3.85682 -3.28992
    endloop
  endfacet
  facet normal 0.0414711 -0.0205125 -0.998929
    outer loop
      vertex -2.18336 1.86791 -3.03223
      vertex -2.25232 1.72849 -3.03223
      vertex -6.54484 5.59923 -3.28992
    endloop
  endfacet
  facet normal 0.0489488 -0.00281958 -0.998797
    outer loop
      vertex -2.61327 0.329548 -3.03223
      vertex -2.62275 0.164972 -3.03223
      vertex -7.8335 0.98785 -3.28992
    endloop
  endfacet
  facet normal 0.0489486 -0.00282085 -0.998797
    outer loop
      vertex -7.8335 0.98785 -3.28992
      vertex -2.62275 0.164972 -3.03223
      vertex -7.86193 0.49452 -3.28992
    endloop
  endfacet
  facet normal 0.0483593 -0.00655526 -0.998808
    outer loop
      vertex -2.57545 0.655922 -3.03223
      vertex -2.59749 0.493329 -3.03223
      vertex -7.78621 1.4788 -3.28992
    endloop
  endfacet
  facet normal 0.0466062 -0.0120256 -0.998841
    outer loop
      vertex -2.47241 1.13267 -3.03223
      vertex -2.51284 0.97598 -3.03223
      vertex -7.53247 2.92559 -3.28992
    endloop
  endfacet
  facet normal 0.0387005 -0.023588 -0.998972
    outer loop
      vertex -2.02986 2.13292 -3.03223
      vertex -2.10915 2.00283 -3.03223
      vertex -6.32237 6.00366 -3.28992
    endloop
  endfacet
  facet normal 0.0401353 -0.0220756 -0.99895
    outer loop
      vertex -2.10915 2.00283 -3.03223
      vertex -2.18336 1.86791 -3.03223
      vertex -6.32237 6.00366 -3.28992
    endloop
  endfacet
  facet normal -0.468249 -0.0450685 -0.882446
    outer loop
      vertex 49.3 9.36333 -15.3502
      vertex 49.3 8.19244 -15.2904
      vertex 47.5877 9.03812 -14.425
    endloop
  endfacet
  facet normal -0.141837 -0.10547 -0.984255
    outer loop
      vertex 13.5542 15.7291 -4.57529
      vertex 15.6957 18.8 -5.21296
      vertex 16.2004 18.8 -5.28569
    endloop
  endfacet
  facet normal -0.141827 -0.105476 -0.984256
    outer loop
      vertex 15.6957 18.8 -5.21296
      vertex 13.5542 15.7291 -4.57529
      vertex 12.935 16.5617 -4.57529
    endloop
  endfacet
  facet normal 0.022076 -0.0342534 -0.999169
    outer loop
      vertex -1.12272 3.03935 -3.03223
      vertex -1.23785 2.96515 -3.03223
      vertex -3.71056 8.88831 -3.28992
    endloop
  endfacet
  facet normal 0.0525191 -0.0647858 -0.996516
    outer loop
      vertex -6.73369 14.3843 -3.80469
      vertex -4.04671 8.64448 -3.28992
      vertex -7.27683 13.944 -3.80469
    endloop
  endfacet
  facet normal 0.0530098 -0.107346 -0.992808
    outer loop
      vertex -5.59224 18.8 -4.19314
      vertex -4.41256 15.7899 -3.80469
      vertex -5.01237 15.4937 -3.80469
    endloop
  endfacet
  facet normal 0.0529971 -0.107351 -0.992808
    outer loop
      vertex -4.41256 15.7899 -3.80469
      vertex -5.59224 18.8 -4.19314
      vertex -5.25373 18.8 -4.17507
    endloop
  endfacet
  facet normal 0.03534 -0.071564 -0.99681
    outer loop
      vertex -4.41256 15.7899 -3.80469
      vertex -2.6518 9.48921 -3.28992
      vertex -5.01237 15.4937 -3.80469
    endloop
  endfacet
  facet normal 0.0215151 -0.0748507 -0.996963
    outer loop
      vertex -2.55528 16.448 -3.80469
      vertex -1.53563 9.88469 -3.28992
      vertex -3.18254 16.2677 -3.80469
    endloop
  endfacet
  facet normal 0.00723183 -0.0765112 -0.997042
    outer loop
      vertex -0.642685 16.7501 -3.80469
      vertex -0.386231 10.0662 -3.28992
      vertex -1.28382 16.6895 -3.80469
    endloop
  endfacet
  facet normal -0.00361241 -0.0382478 -0.999262
    outer loop
      vertex 0.771532 10.0298 -3.28992
      vertex 0.257384 3.34596 -3.03223
      vertex 0.128847 3.3581 -3.03223
    endloop
  endfacet
  facet normal -0.00361127 -0.115084 -0.993349
    outer loop
      vertex 0 18.8 -4.03984
      vertex 0.275069 18.8 -4.04084
      vertex 0 16.7703 -3.80469
    endloop
  endfacet
  facet normal -0.04271 -0.018897 -0.998909
    outer loop
      vertex 6.75153 5.1813 -3.28992
      vertex 6.94196 4.7509 -3.28992
      vertex 2.25232 1.72849 -3.03223
    endloop
  endfacet
  facet normal -0.0401353 -0.0220756 -0.99895
    outer loop
      vertex 6.32237 6.00366 -3.28992
      vertex 2.18336 1.86791 -3.03223
      vertex 2.10915 2.00283 -3.03223
    endloop
  endfacet
  facet normal -0.0565303 -0.0626843 -0.996431
    outer loop
      vertex 7.27683 13.944 -3.80469
      vertex 7.80243 13.47 -3.80469
      vertex 4.37312 8.37984 -3.28992
    endloop
  endfacet
  facet normal 0.427532 -0.00819019 -0.903963
    outer loop
      vertex -48.0505 3.02241 -14.425
      vertex -43.3086 2.72414 -12.1796
      vertex -48.1084 0 -14.425
    endloop
  endfacet
  facet normal 0.426575 -0.0245813 -0.904118
    outer loop
      vertex -43.152 5.44172 -12.1796
      vertex -43.3086 2.72414 -12.1796
      vertex -48.0505 3.02241 -14.425
    endloop
  endfacet
  facet normal 0.206021 0.101893 -0.973228
    outer loop
      vertex -20.1084 -15.4318 -5.59987
      vertex -19.4928 -16.6765 -5.59987
      vertex -24.4781 -18.7851 -6.87596
    endloop
  endfacet
  facet normal 0.309196 0.107047 -0.944954
    outer loop
      vertex -34.8526 -18.8 -9.92485
      vertex -31.009 -16.4456 -8.40048
      vertex -30.3414 -18.3739 -8.40048
    endloop
  endfacet
  facet normal 0.309196 0.107049 -0.944954
    outer loop
      vertex -31.009 -16.4456 -8.40048
      vertex -34.8526 -18.8 -9.92485
      vertex -35.4484 -18.8 -10.1198
    endloop
  endfacet
  facet normal 0.0956715 -0.0167847 -0.995271
    outer loop
      vertex -12.7054 4.07484 -3.80469
      vertex -7.63551 2.44884 -3.28992
      vertex -12.8463 3.27172 -3.80469
    endloop
  endfacet
  facet normal 0.143236 -0.0251294 -0.98937
    outer loop
      vertex -12.7054 4.07484 -3.80469
      vertex -12.8463 3.27172 -3.80469
      vertex -17.9414 4.56936 -4.57529
    endloop
  endfacet
  facet normal 0.0847577 0.0939845 -0.991959
    outer loop
      vertex -9.811 -18.8 -4.48131
      vertex -7.80243 -13.47 -3.80469
      vertex -7.27683 -13.944 -3.80469
    endloop
  endfacet
  facet normal 0.0847672 0.0939809 -0.991959
    outer loop
      vertex -7.80243 -13.47 -3.80469
      vertex -9.811 -18.8 -4.48131
      vertex -9.89783 -18.8 -4.48873
    endloop
  endfacet
  facet normal 0.0676692 0.0555186 -0.996162
    outer loop
      vertex -5.28611 -7.46756 -3.28992
      vertex -8.79604 -12.4259 -3.80469
      vertex -9.26164 -11.8584 -3.80469
    endloop
  endfacet
  facet normal 0.101422 0.0832106 -0.991357
    outer loop
      vertex -9.26164 -11.8584 -3.80469
      vertex -8.79604 -12.4259 -3.80469
      vertex -12.2848 -17.3544 -4.57529
    endloop
  endfacet
  facet normal 0.0710766 0.0528473 -0.99607
    outer loop
      vertex -5.83233 -6.7682 -3.28992
      vertex -9.26164 -11.8584 -3.80469
      vertex -9.70493 -11.2622 -3.80469
    endloop
  endfacet
  facet normal 0.0355556 0.0264382 -0.999018
    outer loop
      vertex -1.94567 -2.25788 -3.03223
      vertex -5.56593 -7.12647 -3.28992
      vertex -5.83233 -6.7682 -3.28992
    endloop
  endfacet
  facet normal 0.0438448 0.0172372 -0.99889
    outer loop
      vertex -2.3738 -1.4375 -3.03223
      vertex -6.94196 -4.7509 -3.28992
      vertex -7.11567 -4.30905 -3.28992
    endloop
  endfacet
  facet normal 0.137011 0.0412833 -0.989709
    outer loop
      vertex -12.3323 -5.64973 -3.80469
      vertex -12.1009 -6.4177 -3.80469
      vertex -17.2236 -7.89056 -4.57529
    endloop
  endfacet
  facet normal 0.0802107 0.0441225 -0.995801
    outer loop
      vertex -6.54484 -5.59923 -3.28992
      vertex -6.32237 -6.00366 -3.28992
      vertex -10.8905 -9.31706 -3.80469
    endloop
  endfacet
  facet normal 0.0743058 0.0500542 -0.995979
    outer loop
      vertex -5.83233 -6.7682 -3.28992
      vertex -9.70493 -11.2622 -3.80469
      vertex -10.1248 -10.6389 -3.80469
    endloop
  endfacet
  facet normal 0.0387005 0.023588 -0.998972
    outer loop
      vertex -2.10915 -2.00283 -3.03223
      vertex -2.02986 -2.13292 -3.03223
      vertex -6.32237 -6.00366 -3.28992
    endloop
  endfacet
  facet normal 0.0338512 0.0277705 -0.999041
    outer loop
      vertex -1.8568 -2.3774 -3.03223
      vertex -5.28611 -7.46756 -3.28992
      vertex -5.56593 -7.12647 -3.28992
    endloop
  endfacet
  facet normal 0.0466062 0.0120256 -0.998841
    outer loop
      vertex -2.51284 -0.97598 -3.03223
      vertex -2.47241 -1.13267 -3.03223
      vertex -7.53247 -2.92559 -3.28992
    endloop
  endfacet
  facet normal -0.0120218 0.0761415 -0.997025
    outer loop
      vertex 1.15497 -9.96926 -3.28992
      vertex 1.28382 -16.6895 -3.80469
      vertex 0.771532 -10.0298 -3.28992
    endloop
  endfacet
  facet normal -0.0107581 0.0374192 -0.999242
    outer loop
      vertex 1.9126 -9.77631 -3.28992
      vertex 1.53563 -9.88469 -3.28992
      vertex 0.638044 -3.26139 -3.03223
    endloop
  endfacet
  facet normal -0.0176716 0.0357797 -0.999203
    outer loop
      vertex 1.00489 -3.10622 -3.03223
      vertex 3.01226 -9.31118 -3.28992
      vertex 0.884643 -3.16561 -3.03223
    endloop
  endfacet
  facet normal -0.0603905 0.0604401 -0.996343
    outer loop
      vertex 4.99357 -7.79067 -3.28992
      vertex 7.80243 -13.47 -3.80469
      vertex 4.68899 -8.095 -3.28992
    endloop
  endfacet
  facet normal 0.018053 0.114243 -0.993289
    outer loop
      vertex -1.28382 -16.6895 -3.80469
      vertex -1.44617 -18.8 -4.05038
      vertex -1.73998 -18.8 -4.05572
    endloop
  endfacet
  facet normal -0.00361127 0.115084 -0.993349
    outer loop
      vertex 0 -16.7703 -3.80469
      vertex 0.275069 -18.8 -4.04084
      vertex 0 -18.8 -4.03984
    endloop
  endfacet
  facet normal -0.0308061 0.0728358 -0.996868
    outer loop
      vertex 2.6518 -9.48921 -3.28992
      vertex 4.41256 -15.7899 -3.80469
      vertex 2.28495 -9.64437 -3.28992
    endloop
  endfacet
  facet normal -0.0392981 0.110914 -0.993053
    outer loop
      vertex 4.4541 -18.8 -4.13785
      vertex 4.06722 -18.8 -4.12254
      vertex 3.80213 -16.0481 -3.80469
    endloop
  endfacet
  facet normal -0.128019 0.1159 -0.984976
    outer loop
      vertex 13.3081 -18.8 -4.87839
      vertex 12.9244 -18.8 -4.82852
      vertex 12.2848 -17.3544 -4.57529
    endloop
  endfacet
  facet normal -0.0676692 0.0555186 -0.996162
    outer loop
      vertex 9.26164 -11.8584 -3.80469
      vertex 8.79604 -12.4259 -3.80469
      vertex 5.28611 -7.46756 -3.28992
    endloop
  endfacet
  facet normal -0.0302047 0.0302295 -0.999087
    outer loop
      vertex 4.99357 -7.79067 -3.28992
      vertex 4.68899 -8.095 -3.28992
      vertex 1.56425 -2.7005 -3.03223
    endloop
  endfacet
  facet normal -0.0441484 0.0685023 -0.996674
    outer loop
      vertex 3.71056 -8.88831 -3.28992
      vertex 6.17433 -14.7901 -3.80469
      vertex 3.36546 -9.11072 -3.28992
    endloop
  endfacet
  facet normal -0.0597147 0.105159 -0.992661
    outer loop
      vertex 6.64758 -18.8 -4.2533
      vertex 5.60009 -15.1601 -3.80469
      vertex 6.94464 -18.8 -4.27117
    endloop
  endfacet
  facet normal -0.0596934 0.105165 -0.992662
    outer loop
      vertex 5.60009 -15.1601 -3.80469
      vertex 6.64758 -18.8 -4.2533
      vertex 5.01237 -15.4937 -3.80469
    endloop
  endfacet
  facet normal -0.0662051 0.102742 -0.992502
    outer loop
      vertex 7.84833 -18.8 -4.33145
      vertex 7.20895 -18.8 -4.2888
      vertex 6.17433 -14.7901 -3.80469
    endloop
  endfacet
  facet normal 0.320674 -0.0827396 -0.943569
    outer loop
      vertex -36.2577 16.6106 -10.1698
      vertex -31.6019 14.4776 -8.40048
      vertex -36.8506 14.3127 -10.1698
    endloop
  endfacet
  facet normal 0.320674 -0.0827462 -0.943568
    outer loop
      vertex -31.6019 14.4776 -8.40048
      vertex -32.1187 12.4748 -8.40048
      vertex -36.8506 14.3127 -10.1698
    endloop
  endfacet
  facet normal 0.309196 -0.107047 -0.944954
    outer loop
      vertex -31.009 16.4456 -8.40048
      vertex -34.8526 18.8 -9.92485
      vertex -30.3414 18.3739 -8.40048
    endloop
  endfacet
  facet normal 0.309196 -0.107049 -0.944954
    outer loop
      vertex -34.8526 18.8 -9.92485
      vertex -31.009 16.4456 -8.40048
      vertex -35.4484 18.8 -10.1198
    endloop
  endfacet
  facet normal 0.222624 -0.0770684 -0.971853
    outer loop
      vertex -25.7983 15.6227 -6.87596
      vertex -21.6593 11.487 -5.59987
      vertex -26.3659 13.9831 -6.87596
    endloop
  endfacet
  facet normal -0.010845 -0.114802 -0.993329
    outer loop
      vertex 1.44617 18.8 -4.05038
      vertex 1.28382 16.6895 -3.80469
      vertex 1.16223 18.8 -4.04728
    endloop
  endfacet
  facet normal -0.00241063 -0.0766968 -0.997052
    outer loop
      vertex 0.642685 16.7501 -3.80469
      vertex 0.386231 10.0662 -3.28992
      vertex 0 16.7703 -3.80469
    endloop
  endfacet
  facet normal -0.0322957 -0.112294 -0.99315
    outer loop
      vertex 2.92067 18.8 -4.08251
      vertex 3.26386 18.8 -4.09367
      vertex 2.55528 16.448 -3.80469
    endloop
  endfacet
  facet normal 0.0461961 -0.109266 -0.992939
    outer loop
      vertex -4.4541 18.8 -4.13785
      vertex -3.80213 16.0481 -3.80469
      vertex -4.88398 18.8 -4.15785
    endloop
  endfacet
  facet normal 0.0662051 -0.102742 -0.992502
    outer loop
      vertex -7.20895 18.8 -4.2888
      vertex -6.17433 14.7901 -3.80469
      vertex -7.84833 18.8 -4.33145
    endloop
  endfacet
  facet normal 0.0641116 -0.0580459 -0.996253
    outer loop
      vertex -4.99357 7.79067 -3.28992
      vertex -5.28611 7.46756 -3.28992
      vertex -8.30925 12.9636 -3.80469
    endloop
  endfacet
  facet normal 0.0603902 -0.0604403 -0.996343
    outer loop
      vertex -7.80243 13.47 -3.80469
      vertex -4.99357 7.79067 -3.28992
      vertex -8.30925 12.9636 -3.80469
    endloop
  endfacet
  facet normal 0.0847491 -0.0939881 -0.99196
    outer loop
      vertex -9.89783 18.8 -4.48873
      vertex -7.80243 13.47 -3.80469
      vertex -10.8898 18.8 -4.57348
    endloop
  endfacet
  facet normal 0.0725702 -0.100061 -0.992331
    outer loop
      vertex -8.06401 18.8 -4.34723
      vertex -6.73369 14.3843 -3.80469
      vertex -8.80077 18.8 -4.40111
    endloop
  endfacet
  facet normal 0.128019 -0.1159 -0.984976
    outer loop
      vertex -12.9244 18.8 -4.82852
      vertex -12.2848 17.3544 -4.57529
      vertex -13.3081 18.8 -4.87839
    endloop
  endfacet
  facet normal 0.120624 -0.120711 -0.985332
    outer loop
      vertex -10.9097 18.8 -4.57529
      vertex -11.6049 18.1053 -4.57529
      vertex -12.0502 18.8 -4.71491
    endloop
  endfacet
  facet normal 0.0302035 -0.0302303 -0.999087
    outer loop
      vertex -1.56425 2.7005 -3.03223
      vertex -1.66586 2.59898 -3.03223
      vertex -4.99357 7.79067 -3.28992
    endloop
  endfacet
  facet normal 0.0828751 -0.0409954 -0.995716
    outer loop
      vertex -10.8905 9.31706 -3.80469
      vertex -6.75153 5.1813 -3.28992
      vertex -11.2345 8.62164 -3.80469
    endloop
  endfacet
  facet normal 0.0828811 -0.0409894 -0.995716
    outer loop
      vertex -6.54484 5.59923 -3.28992
      vertex -6.75153 5.1813 -3.28992
      vertex -10.8905 9.31706 -3.80469
    endloop
  endfacet
  facet normal 0.0773418 -0.0471534 -0.995889
    outer loop
      vertex -10.1248 10.6389 -3.80469
      vertex -6.32237 6.00366 -3.28992
      vertex -10.5204 9.99003 -3.80469
    endloop
  endfacet
  facet normal 0.0773508 -0.0471459 -0.995889
    outer loop
      vertex -6.08468 6.39363 -3.28992
      vertex -6.32237 6.00366 -3.28992
      vertex -10.1248 10.6389 -3.80469
    endloop
  endfacet
  facet normal 0.192437 -0.117305 -0.974273
    outer loop
      vertex -18.2701 18.8 -5.59987
      vertex -18.8303 17.881 -5.59987
      vertex -19.3904 18.8 -5.82115
    endloop
  endfacet
  facet normal 0.170101 -0.0752644 -0.982548
    outer loop
      vertex -20.1084 15.4318 -5.59987
      vertex -15.6904 12.0412 -4.57529
      vertex -20.6756 14.1499 -5.59987
    endloop
  endfacet
  facet normal 0.231046 -0.0596046 -0.971115
    outer loop
      vertex -22.0734 10.1124 -5.59987
      vertex -22.4343 8.71344 -5.59987
      vertex -27.3094 10.6069 -6.87596
    endloop
  endfacet
  facet normal 0.185436 -0.0478378 -0.981491
    outer loop
      vertex -17.2236 7.89056 -4.57529
      vertex -17.5052 6.79898 -4.57529
      vertex -22.4343 8.71344 -5.59987
    endloop
  endfacet
  facet normal 0.131213 -0.051588 -0.990011
    outer loop
      vertex -16.1329 11.0409 -4.57529
      vertex -11.5514 7.90545 -3.80469
      vertex -16.5366 10.0141 -4.57529
    endloop
  endfacet
  facet normal 0.170107 -0.07525 -0.982548
    outer loop
      vertex -15.6904 12.0412 -4.57529
      vertex -16.1329 11.0409 -4.57529
      vertex -20.6756 14.1499 -5.59987
    endloop
  endfacet
  facet normal 0.106507 -0.0792088 -0.991152
    outer loop
      vertex -12.935 16.5617 -4.57529
      vertex -9.26164 11.8584 -3.80469
      vertex -13.5542 15.7291 -4.57529
    endloop
  endfacet
  facet normal 0.14183 -0.105473 -0.984256
    outer loop
      vertex -14.6832 18.8 -5.06706
      vertex -12.935 16.5617 -4.57529
      vertex -15.6957 18.8 -5.21296
    endloop
  endfacet
  facet normal 0.182248 -0.0549024 -0.981719
    outer loop
      vertex -21.6593 11.487 -5.59987
      vertex -17.2236 7.89056 -4.57529
      vertex -22.0734 10.1124 -5.59987
    endloop
  endfacet
  facet normal 0.227106 -0.068416 -0.971464
    outer loop
      vertex -21.6593 11.487 -5.59987
      vertex -22.0734 10.1124 -5.59987
      vertex -26.87 12.3098 -6.87596
    endloop
  endfacet
  facet normal -0.407425 0.105122 -0.907168
    outer loop
      vertex 45.2754 -18.7039 -14.1784
      vertex 46.0369 -17.8806 -14.425
      vertex 45.8711 -18.5232 -14.425
    endloop
  endfacet
  facet normal -0.407561 0.10527 -0.90709
    outer loop
      vertex 44.3 -18.8 -13.7513
      vertex 46.0369 -17.8806 -14.425
      vertex 45.2754 -18.7039 -14.1784
    endloop
  endfacet
  facet normal -0.407517 0.104808 -0.907163
    outer loop
      vertex 40.8261 -18.7035 -12.1796
      vertex 44.3 -18.8 -13.7513
      vertex 41.0368 -18.8 -12.2854
    endloop
  endfacet
  facet normal -0.407497 0.105115 -0.907137
    outer loop
      vertex 44.3 -18.8 -13.7513
      vertex 40.8261 -18.7035 -12.1796
      vertex 46.0369 -17.8806 -14.425
    endloop
  endfacet
  facet normal -0.400807 0.120586 -0.908192
    outer loop
      vertex 41.0368 -18.8 -12.2854
      vertex 40.8979 -18.8 -12.2241
      vertex 40.8261 -18.7035 -12.1796
    endloop
  endfacet
  facet normal -0.470353 0.0270986 -0.882062
    outer loop
      vertex 49.3 -5.22978 -15.1591
      vertex 48.0505 -3.02241 -14.425
      vertex 49.3 -3.101 -15.0937
    endloop
  endfacet
  facet normal -0.470355 0.0270969 -0.882061
    outer loop
      vertex 48.0505 -3.02241 -14.425
      vertex 49.3 -5.22978 -15.1591
      vertex 47.8768 -6.03754 -14.425
    endloop
  endfacet
  facet normal -0.471391 0.00902884 -0.881878
    outer loop
      vertex 48.0505 -3.02241 -14.425
      vertex 49.3 -0.864277 -15.0708
      vertex 49.3 -3.101 -15.0937
    endloop
  endfacet
  facet normal -0.471393 0.00903042 -0.881877
    outer loop
      vertex 49.3 -0.864277 -15.0708
      vertex 48.0505 -3.02241 -14.425
      vertex 48.1084 0 -14.425
    endloop
  endfacet
  facet normal -0.417984 0.073306 -0.905492
    outer loop
      vertex 42.5277 -10.831 -12.1796
      vertex 47.184 -12.0169 -14.425
      vertex 42.0614 -13.4898 -12.1796
    endloop
  endfacet
  facet normal -0.373992 0.0655907 -0.925109
    outer loop
      vertex 42.5277 -10.831 -12.1796
      vertex 42.0614 -13.4898 -12.1796
      vertex 37.7688 -9.61905 -10.1698
    endloop
  endfacet
  facet normal -0.286225 0.038794 -0.957377
    outer loop
      vertex 28.2294 -5.36148 -6.87596
      vertex 33.2007 -6.30565 -8.40048
      vertex 27.9899 -7.12853 -6.87596
    endloop
  endfacet
  facet normal -0.336887 0.00645447 -0.941523
    outer loop
      vertex 33.5639 0 -8.40048
      vertex 38.4624 -2.41931 -10.1698
      vertex 33.5235 -2.10865 -8.40048
    endloop
  endfacet
  facet normal -0.290281 0.00556155 -0.956925
    outer loop
      vertex 33.5639 0 -8.40048
      vertex 33.5235 -2.10865 -8.40048
      vertex 28.5039 -1.79292 -6.87596
    endloop
  endfacet
  facet normal -0.290284 0.00556955 -0.956924
    outer loop
      vertex 28.5383 0 -6.87596
      vertex 33.5639 0 -8.40048
      vertex 28.5039 -1.79292 -6.87596
    endloop
  endfacet
  facet normal -0.377468 0.051148 -0.924609
    outer loop
      vertex 42.8915 -8.14619 -12.1796
      vertex 42.5277 -10.831 -12.1796
      vertex 38.092 -7.23464 -10.1698
    endloop
  endfacet
  facet normal -0.380071 0.0366092 -0.924232
    outer loop
      vertex 43.152 -5.44172 -12.1796
      vertex 42.8915 -8.14619 -12.1796
      vertex 38.092 -7.23464 -10.1698
    endloop
  endfacet
  facet normal -0.288252 0.0277592 -0.957152
    outer loop
      vertex 33.4023 -4.21223 -8.40048
      vertex 33.2007 -6.30565 -8.40048
      vertex 28.2294 -5.36148 -6.87596
    endloop
  endfacet
  facet normal -0.190468 0.0334164 -0.981124
    outer loop
      vertex 22.9934 -5.856 -5.59987
      vertex 22.7412 -7.2935 -5.59987
      vertex 17.9414 -4.56936 -4.57529
    endloop
  endfacet
  facet normal -0.325292 0.0703101 -0.942996
    outer loop
      vertex 32.5581 -10.4419 -8.40048
      vertex 37.3547 -11.9803 -10.1698
      vertex 32.1187 -12.4748 -8.40048
    endloop
  endfacet
  facet normal -0.325292 0.0703051 -0.942996
    outer loop
      vertex 37.3547 -11.9803 -10.1698
      vertex 36.8506 -14.3127 -10.1698
      vertex 32.1187 -12.4748 -8.40048
    endloop
  endfacet
  facet normal -0.266176 0.0921455 -0.95951
    outer loop
      vertex 26.3659 -13.9831 -6.87596
      vertex 31.009 -16.4456 -8.40048
      vertex 25.7983 -15.6227 -6.87596
    endloop
  endfacet
  facet normal -0.315308 0.094993 -0.944223
    outer loop
      vertex 31.6019 -14.4776 -8.40048
      vertex 36.2577 -16.6106 -10.1698
      vertex 31.009 -16.4456 -8.40048
    endloop
  endfacet
  facet normal -0.407499 0.105139 -0.907133
    outer loop
      vertex 41.4937 -16.116 -12.1796
      vertex 46.0369 -17.8806 -14.425
      vertex 40.8261 -18.7035 -12.1796
    endloop
  endfacet
  facet normal -0.413208 0.0893123 -0.906246
    outer loop
      vertex 46.6667 -14.9668 -14.425
      vertex 46.0369 -17.8806 -14.425
      vertex 41.4937 -16.116 -12.1796
    endloop
  endfacet
  facet normal -0.302387 0.118785 -0.945755
    outer loop
      vertex 31.045 -18.8 -8.67896
      vertex 30.6583 -18.8 -8.55532
      vertex 30.3414 -18.3739 -8.40048
    endloop
  endfacet
  facet normal -0.159943 0.0879781 -0.983198
    outer loop
      vertex 15.21 -13.0124 -4.57529
      vertex 19.4928 -16.6765 -5.59987
      vertex 14.693 -13.9523 -4.57529
    endloop
  endfacet
  facet normal -0.170107 0.07525 -0.982548
    outer loop
      vertex 16.1329 -11.0409 -4.57529
      vertex 20.6756 -14.1499 -5.59987
      vertex 15.6904 -12.0412 -4.57529
    endloop
  endfacet
  facet normal -0.127843 0.0565535 -0.990181
    outer loop
      vertex 16.1329 -11.0409 -4.57529
      vertex 15.6904 -12.0412 -4.57529
      vertex 11.5514 -7.90545 -3.80469
    endloop
  endfacet
  facet normal -0.111342 0.0750042 -0.990948
    outer loop
      vertex 14.1406 -14.8586 -4.57529
      vertex 13.5542 -15.7291 -4.57529
      vertex 10.1248 -10.6389 -3.80469
    endloop
  endfacet
  facet normal -0.0743024 0.0500579 -0.995979
    outer loop
      vertex 6.08468 -6.39363 -3.28992
      vertex 10.1248 -10.6389 -3.80469
      vertex 5.83233 -6.7682 -3.28992
    endloop
  endfacet
  facet normal -0.289601 0.0166935 -0.957002
    outer loop
      vertex 28.5039 -1.79292 -6.87596
      vertex 33.4023 -4.21223 -8.40048
      vertex 28.4008 -3.58151 -6.87596
    endloop
  endfacet
  facet normal -0.193701 0.0186518 -0.980883
    outer loop
      vertex 23.3309 -2.94217 -5.59987
      vertex 23.1901 -4.40439 -5.59987
      vertex 18.0949 -3.43669 -4.57529
    endloop
  endfacet
  facet normal -0.206019 0.102318 -0.973184
    outer loop
      vertex 21.975 -18.8 -6.34763
      vertex 24.4781 -18.7851 -6.87596
      vertex 24.4707 -18.8 -6.87596
    endloop
  endfacet
  facet normal -0.206026 0.101881 -0.973228
    outer loop
      vertex 24.4781 -18.7851 -6.87596
      vertex 21.975 -18.8 -6.34763
      vertex 19.4928 -16.6765 -5.59987
    endloop
  endfacet
  facet normal -0.19509 0.00373527 -0.980778
    outer loop
      vertex 23.4438 0 -5.59987
      vertex 23.4156 -1.47286 -5.59987
      vertex 18.2709 -1.14925 -4.57529
    endloop
  endfacet
  facet normal -0.194625 0.011221 -0.980813
    outer loop
      vertex 18.2709 -1.14925 -4.57529
      vertex 23.3309 -2.94217 -5.59987
      vertex 18.2048 -2.29574 -4.57529
    endloop
  endfacet
  facet normal -0.14638 0.00843942 -0.989192
    outer loop
      vertex 18.2709 -1.14925 -4.57529
      vertex 18.2048 -2.29574 -4.57529
      vertex 13.0349 -1.64377 -3.80469
    endloop
  endfacet
  facet normal -0.0966082 0.0130914 -0.995236
    outer loop
      vertex 12.9562 -2.46071 -3.80469
      vertex 12.8463 -3.27172 -3.80469
      vertex 7.78621 -1.4788 -3.28992
    endloop
  endfacet
  facet normal -0.14638 -0.00843942 -0.989192
    outer loop
      vertex 18.2048 2.29574 -4.57529
      vertex 18.2709 1.14925 -4.57529
      vertex 13.0349 1.64377 -3.80469
    endloop
  endfacet
  facet normal -0.194625 -0.011221 -0.980813
    outer loop
      vertex 23.3309 2.94217 -5.59987
      vertex 18.2709 1.14925 -4.57529
      vertex 18.2048 2.29574 -4.57529
    endloop
  endfacet
  facet normal -0.0641147 0.0580442 -0.996253
    outer loop
      vertex 8.79604 -12.4259 -3.80469
      vertex 8.30925 -12.9636 -3.80469
      vertex 5.28611 -7.46756 -3.28992
    endloop
  endfacet
  facet normal -0.0371719 0.025044 -0.998995
    outer loop
      vertex 2.02986 -2.13292 -3.03223
      vertex 5.83233 -6.7682 -3.28992
      vertex 1.94567 -2.25788 -3.03223
    endloop
  endfacet
  facet normal -0.032068 0.029034 -0.999064
    outer loop
      vertex 5.28611 -7.46756 -3.28992
      vertex 4.99357 -7.79067 -3.28992
      vertex 1.66586 -2.59898 -3.03223
    endloop
  endfacet
  facet normal -0.120174 0.0660899 -0.99055
    outer loop
      vertex 10.8905 -9.31706 -3.80469
      vertex 15.21 -13.0124 -4.57529
      vertex 10.5204 -9.99003 -3.80469
    endloop
  endfacet
  facet normal -0.0828751 0.0409954 -0.995716
    outer loop
      vertex 11.2345 -8.62164 -3.80469
      vertex 10.8905 -9.31706 -3.80469
      vertex 6.75153 -5.1813 -3.28992
    endloop
  endfacet
  facet normal -0.0914977 0.0275695 -0.995424
    outer loop
      vertex 12.3323 -5.64973 -3.80469
      vertex 12.1009 -6.4177 -3.80469
      vertex 7.27223 -3.85682 -3.28992
    endloop
  endfacet
  facet normal -0.17862 0.0618473 -0.981972
    outer loop
      vertex 16.9005 -8.96313 -4.57529
      vertex 21.6593 -11.487 -5.59987
      vertex 16.5366 -10.0141 -4.57529
    endloop
  endfacet
  facet normal -0.0956723 0.0167796 -0.995271
    outer loop
      vertex 7.72016 -1.96619 -3.28992
      vertex 12.8463 -3.27172 -3.80469
      vertex 7.63551 -2.44884 -3.28992
    endloop
  endfacet
  facet normal -0.185436 0.0478378 -0.981491
    outer loop
      vertex 17.5052 -6.79898 -4.57529
      vertex 22.4343 -8.71344 -5.59987
      vertex 17.2236 -7.89056 -4.57529
    endloop
  endfacet
  facet normal -0.098018 -0.00187013 -0.995183
    outer loop
      vertex 13.0822 0.822877 -3.80469
      vertex 13.0979 0 -3.80469
      vertex 7.87141 0 -3.28992
    endloop
  endfacet
  facet normal -0.146729 -0.0027995 -0.989173
    outer loop
      vertex 18.2929 0 -4.57529
      vertex 13.0979 0 -3.80469
      vertex 13.0822 0.822877 -3.80469
    endloop
  endfacet
  facet normal -0.14568 0.0140324 -0.989232
    outer loop
      vertex 18.2048 -2.29574 -4.57529
      vertex 18.0949 -3.43669 -4.57529
      vertex 13.0349 -1.64377 -3.80469
    endloop
  endfacet
  facet normal -0.14673 0.00280885 -0.989173
    outer loop
      vertex 18.2929 0 -4.57529
      vertex 18.2709 -1.14925 -4.57529
      vertex 13.0822 -0.822877 -3.80469
    endloop
  endfacet
  facet normal -0.0973115 0.00937451 -0.99521
    outer loop
      vertex 13.0349 -1.64377 -3.80469
      vertex 12.9562 -2.46071 -3.80469
      vertex 7.78621 -1.4788 -3.28992
    endloop
  endfacet
  facet normal -0.0977811 0.00563501 -0.995192
    outer loop
      vertex 7.86193 -0.49452 -3.28992
      vertex 13.0349 -1.64377 -3.80469
      vertex 7.8335 -0.98785 -3.28992
    endloop
  endfacet
  facet normal -0.0466064 0.0120252 -0.998841
    outer loop
      vertex 7.53247 -2.92559 -3.28992
      vertex 7.41128 -3.39529 -3.28992
      vertex 2.47241 -1.13267 -3.03223
    endloop
  endfacet
  facet normal -0.094507 0.0204308 -0.995315
    outer loop
      vertex 12.7054 -4.07484 -3.80469
      vertex 12.5339 -4.86815 -3.80469
      vertex 7.53247 -2.92559 -3.28992
    endloop
  endfacet
  facet normal -0.0973115 0.00937338 -0.99521
    outer loop
      vertex 7.8335 -0.98785 -3.28992
      vertex 13.0349 -1.64377 -3.80469
      vertex 7.78621 -1.4788 -3.28992
    endloop
  endfacet
  facet normal -0.0483593 0.00655526 -0.998808
    outer loop
      vertex 2.59749 -0.493329 -3.03223
      vertex 7.78621 -1.4788 -3.28992
      vertex 2.57545 -0.655922 -3.03223
    endloop
  endfacet
  facet normal -0.0603905 -0.0604401 -0.996343
    outer loop
      vertex 7.80243 13.47 -3.80469
      vertex 4.99357 7.79067 -3.28992
      vertex 4.68899 8.095 -3.28992
    endloop
  endfacet
  facet normal -0.0448741 -0.0155361 -0.998872
    outer loop
      vertex 7.27223 3.85682 -3.28992
      vertex 2.42603 1.28664 -3.03223
      vertex 2.3738 1.4375 -3.03223
    endloop
  endfacet
  facet normal -0.0457965 -0.0137952 -0.998856
    outer loop
      vertex 7.27223 3.85682 -3.28992
      vertex 2.47241 1.13267 -3.03223
      vertex 2.42603 1.28664 -3.03223
    endloop
  endfacet
  facet normal -0.0215151 -0.0748507 -0.996963
    outer loop
      vertex 2.55528 16.448 -3.80469
      vertex 3.18254 16.2677 -3.80469
      vertex 1.53563 9.88469 -3.28992
    endloop
  endfacet
  facet normal -0.0597147 -0.105159 -0.992661
    outer loop
      vertex 5.60009 15.1601 -3.80469
      vertex 6.64758 18.8 -4.2533
      vertex 6.94464 18.8 -4.27117
    endloop
  endfacet
  facet normal -0.0596934 -0.105165 -0.992662
    outer loop
      vertex 6.64758 18.8 -4.2533
      vertex 5.60009 15.1601 -3.80469
      vertex 5.01237 15.4937 -3.80469
    endloop
  endfacet
  facet normal -0.0933287 -0.0893541 -0.991618
    outer loop
      vertex 8.30925 12.9636 -3.80469
      vertex 10.8898 18.8 -4.57348
      vertex 10.8915 18.8 -4.57364
    endloop
  endfacet
  facet normal -0.0905339 -0.090609 -0.991763
    outer loop
      vertex 10.8898 18.8 -4.57348
      vertex 8.30925 12.9636 -3.80469
      vertex 7.80243 13.47 -3.80469
    endloop
  endfacet
  facet normal -0.120624 -0.120711 -0.985332
    outer loop
      vertex 12.0502 18.8 -4.71491
      vertex 11.6049 18.1053 -4.57529
      vertex 10.9097 18.8 -4.57529
    endloop
  endfacet
  facet normal -0.111342 -0.0750042 -0.990948
    outer loop
      vertex 13.5542 15.7291 -4.57529
      vertex 14.1406 14.8586 -4.57529
      vertex 10.1248 10.6389 -3.80469
    endloop
  endfacet
  facet normal -0.106517 -0.079198 -0.991152
    outer loop
      vertex 13.5542 15.7291 -4.57529
      vertex 9.70493 11.2622 -3.80469
      vertex 9.26164 11.8584 -3.80469
    endloop
  endfacet
  facet normal -0.148235 -0.099873 -0.983896
    outer loop
      vertex 16.2004 18.8 -5.28569
      vertex 17.788 18.8 -5.52488
      vertex 13.5542 15.7291 -4.57529
    endloop
  endfacet
  facet normal -0.143236 -0.0251294 -0.98937
    outer loop
      vertex 17.9414 4.56936 -4.57529
      vertex 12.8463 3.27172 -3.80469
      vertex 12.7054 4.07484 -3.80469
    endloop
  endfacet
  facet normal -0.094507 -0.0204308 -0.995315
    outer loop
      vertex 12.5339 4.86815 -3.80469
      vertex 12.7054 4.07484 -3.80469
      vertex 7.53247 2.92559 -3.28992
    endloop
  endfacet
  facet normal 0.026268 -0.032397 -0.99913
    outer loop
      vertex -1.34999 2.88381 -3.03223
      vertex -1.45888 2.79552 -3.03223
      vertex -4.04671 8.64448 -3.28992
    endloop
  endfacet
  facet normal 0.0262666 -0.0323976 -0.99913
    outer loop
      vertex -4.04671 8.64448 -3.28992
      vertex -1.45888 2.79552 -3.03223
      vertex -4.37312 8.37984 -3.28992
    endloop
  endfacet
  facet normal 0.0320684 -0.0290338 -0.999064
    outer loop
      vertex -1.66586 2.59898 -3.03223
      vertex -1.76345 2.49119 -3.03223
      vertex -5.28611 7.46756 -3.28992
    endloop
  endfacet
  facet normal 0.0338512 -0.0277706 -0.999041
    outer loop
      vertex -1.76345 2.49119 -3.03223
      vertex -1.8568 2.3774 -3.03223
      vertex -5.28611 7.46756 -3.28992
    endloop
  endfacet
  facet normal -0.170101 -0.0752644 -0.982548
    outer loop
      vertex 20.1084 15.4318 -5.59987
      vertex 20.6756 14.1499 -5.59987
      vertex 15.6904 12.0412 -4.57529
    endloop
  endfacet
  facet normal -0.212065 -0.0938318 -0.972741
    outer loop
      vertex 24.4781 18.7851 -6.87596
      vertex 20.6756 14.1499 -5.59987
      vertex 20.1084 15.4318 -5.59987
    endloop
  endfacet
  facet normal 0.00361241 0.0382478 -0.999262
    outer loop
      vertex -0.257384 -3.34596 -3.03223
      vertex -0.128847 -3.3581 -3.03223
      vertex -0.771532 -10.0298 -3.28992
    endloop
  endfacet
  facet normal 0.0198978 0.0350588 -0.999187
    outer loop
      vertex -1.12272 -3.03935 -3.03223
      vertex -3.01226 -9.31118 -3.28992
      vertex -3.36546 -9.11072 -3.28992
    endloop
  endfacet
  facet normal 0.0302047 0.0302295 -0.999087
    outer loop
      vertex -1.56425 -2.7005 -3.03223
      vertex -4.68899 -8.095 -3.28992
      vertex -4.99357 -7.79067 -3.28992
    endloop
  endfacet
  facet normal 0.0282709 0.0313507 -0.999109
    outer loop
      vertex -1.45888 -2.79552 -3.03223
      vertex -4.37312 -8.37984 -3.28992
      vertex -4.68899 -8.095 -3.28992
    endloop
  endfacet
  facet normal 0.0530116 0.107345 -0.992807
    outer loop
      vertex -5.01237 -15.4937 -3.80469
      vertex -5.59224 -18.8 -4.19314
      vertex -6.08198 -18.8 -4.21929
    endloop
  endfacet
  facet normal 0.0154016 0.0364146 -0.999218
    outer loop
      vertex -0.884643 -3.16561 -3.03223
      vertex -2.28495 -9.64437 -3.28992
      vertex -2.6518 -9.48921 -3.28992
    endloop
  endfacet
  facet normal 0.0108369 0.114806 -0.993329
    outer loop
      vertex -1.16223 -18.8 -4.04728
      vertex -0.642685 -16.7501 -3.80469
      vertex -0.721339 -18.8 -4.04247
    endloop
  endfacet
  facet normal 0.0108511 0.114803 -0.993329
    outer loop
      vertex -0.642685 -16.7501 -3.80469
      vertex -1.16223 -18.8 -4.04728
      vertex -1.28382 -16.6895 -3.80469
    endloop
  endfacet
  facet normal 0.00361714 0.115083 -0.993349
    outer loop
      vertex -0.275069 -18.8 -4.04084
      vertex -0.642685 -16.7501 -3.80469
      vertex 0 -16.7703 -3.80469
    endloop
  endfacet
  facet normal 0.0036282 0.115085 -0.993349
    outer loop
      vertex -0.642685 -16.7501 -3.80469
      vertex -0.275069 -18.8 -4.04084
      vertex -0.721339 -18.8 -4.04247
    endloop
  endfacet
  facet normal 0.0180484 0.114244 -0.993289
    outer loop
      vertex -1.73998 -18.8 -4.05572
      vertex -1.92187 -16.5887 -3.80469
      vertex -1.28382 -16.6895 -3.80469
    endloop
  endfacet
  facet normal 0.018026 0.114242 -0.993289
    outer loop
      vertex -1.92187 -16.5887 -3.80469
      vertex -1.73998 -18.8 -4.05572
      vertex -2.17805 -18.8 -4.06367
    endloop
  endfacet
  facet normal 0.0167904 0.0755877 -0.996998
    outer loop
      vertex -1.15497 -9.96926 -3.28992
      vertex -1.92187 -16.5887 -3.80469
      vertex -2.55528 -16.448 -3.80469
    endloop
  endfacet
  facet normal 0.0787656 0.0971359 -0.992149
    outer loop
      vertex -6.73369 -14.3843 -3.80469
      vertex -8.80077 -18.8 -4.40111
      vertex -9.70858 -18.8 -4.47318
    endloop
  endfacet
  facet normal 0.0847491 0.0939881 -0.99196
    outer loop
      vertex -7.80243 -13.47 -3.80469
      vertex -9.89783 -18.8 -4.48873
      vertex -10.8898 -18.8 -4.57348
    endloop
  endfacet
  facet normal 0.0322957 0.112294 -0.99315
    outer loop
      vertex -2.55528 -16.448 -3.80469
      vertex -2.92067 -18.8 -4.08251
      vertex -3.26386 -18.8 -4.09367
    endloop
  endfacet
  facet normal 0.0308061 0.0728358 -0.996868
    outer loop
      vertex -2.6518 -9.48921 -3.28992
      vertex -2.28495 -9.64437 -3.28992
      vertex -4.41256 -15.7899 -3.80469
    endloop
  endfacet
  facet normal 0.0353444 0.0715623 -0.99681
    outer loop
      vertex -3.01226 -9.31118 -3.28992
      vertex -2.6518 -9.48921 -3.28992
      vertex -5.01237 -15.4937 -3.80469
    endloop
  endfacet
  facet normal 0.0725869 0.100055 -0.992331
    outer loop
      vertex -7.84833 -18.8 -4.33145
      vertex -6.73369 -14.3843 -3.80469
      vertex -6.17433 -14.7901 -3.80469
    endloop
  endfacet
  facet normal 0.0726028 0.100051 -0.99233
    outer loop
      vertex -6.73369 -14.3843 -3.80469
      vertex -7.84833 -18.8 -4.33145
      vertex -8.06401 -18.8 -4.34723
    endloop
  endfacet
  facet normal 0.0662002 0.102743 -0.992503
    outer loop
      vertex -6.94464 -18.8 -4.27117
      vertex -6.17433 -14.7901 -3.80469
      vertex -5.60009 -15.1601 -3.80469
    endloop
  endfacet
  facet normal 0.0662019 0.102742 -0.992503
    outer loop
      vertex -6.17433 -14.7901 -3.80469
      vertex -6.94464 -18.8 -4.27117
      vertex -7.20895 -18.8 -4.2888
    endloop
  endfacet
  facet normal 0.239551 0.0324679 -0.970341
    outer loop
      vertex -23.1901 -4.40439 -5.59987
      vertex -27.9899 -7.12853 -6.87596
      vertex -28.2294 -5.36148 -6.87596
    endloop
  endfacet
  facet normal 0.192315 0.0260596 -0.980987
    outer loop
      vertex -18.0949 -3.43669 -4.57529
      vertex -22.9934 -5.856 -5.59987
      vertex -23.1901 -4.40439 -5.59987
    endloop
  endfacet
  facet normal 0.19509 0.00373527 -0.980778
    outer loop
      vertex -18.2709 -1.14925 -4.57529
      vertex -23.4156 -1.47286 -5.59987
      vertex -23.4438 0 -5.59987
    endloop
  endfacet
  facet normal 0.242978 0.00465216 -0.970021
    outer loop
      vertex -23.4438 0 -5.59987
      vertex -23.4156 -1.47286 -5.59987
      vertex -28.5039 -1.79292 -6.87596
    endloop
  endfacet
  facet normal 0.188178 0.040672 -0.981292
    outer loop
      vertex -17.5052 -6.79898 -4.57529
      vertex -22.4343 -8.71344 -5.59987
      vertex -22.7412 -7.2935 -5.59987
    endloop
  endfacet
  facet normal 0.234436 0.0506701 -0.97081
    outer loop
      vertex -22.7412 -7.2935 -5.59987
      vertex -22.4343 -8.71344 -5.59987
      vertex -27.3094 -10.6069 -6.87596
    endloop
  endfacet
  facet normal 0.325292 0.0703051 -0.942996
    outer loop
      vertex -32.1187 -12.4748 -8.40048
      vertex -36.8506 -14.3127 -10.1698
      vertex -37.3547 -11.9803 -10.1698
    endloop
  endfacet
  facet normal 0.32915 0.0577241 -0.942512
    outer loop
      vertex -32.5581 -10.4419 -8.40048
      vertex -37.3547 -11.9803 -10.1698
      vertex -37.7688 -9.61905 -10.1698
    endloop
  endfacet
  facet normal 0.315308 0.094993 -0.944223
    outer loop
      vertex -31.6019 -14.4776 -8.40048
      vertex -31.009 -16.4456 -8.40048
      vertex -36.2577 -16.6106 -10.1698
    endloop
  endfacet
  facet normal 0.309201 0.107012 -0.944957
    outer loop
      vertex -30.3414 -18.3739 -8.40048
      vertex -31.045 -18.8 -8.67896
      vertex -34.8526 -18.8 -9.92485
    endloop
  endfacet
  facet normal 0.154278 0.094034 -0.983543
    outer loop
      vertex -17.8915 -18.8 -5.54048
      vertex -14.693 -13.9523 -4.57529
      vertex -14.1406 -14.8586 -4.57529
    endloop
  endfacet
  facet normal 0.154388 0.0939589 -0.983532
    outer loop
      vertex -14.693 -13.9523 -4.57529
      vertex -17.8915 -18.8 -5.54048
      vertex -17.9589 -18.8 -5.55106
    endloop
  endfacet
  facet normal 0.106517 0.079198 -0.991152
    outer loop
      vertex -9.70493 -11.2622 -3.80469
      vertex -9.26164 -11.8584 -3.80469
      vertex -13.5542 -15.7291 -4.57529
    endloop
  endfacet
  facet normal 0.174568 0.0686335 -0.98225
    outer loop
      vertex -16.1329 -11.0409 -4.57529
      vertex -20.6756 -14.1499 -5.59987
      vertex -21.193 -12.8339 -5.59987
    endloop
  endfacet
  facet normal 0.271487 0.0817909 -0.95896
    outer loop
      vertex -26.87 -12.3098 -6.87596
      vertex -31.009 -16.4456 -8.40048
      vertex -31.6019 -14.4776 -8.40048
    endloop
  endfacet
  facet normal 0.0914986 0.0275668 -0.995424
    outer loop
      vertex -7.41128 -3.39529 -3.28992
      vertex -7.27223 -3.85682 -3.28992
      vertex -12.3323 -5.64973 -3.80469
    endloop
  endfacet
  facet normal 0.137014 0.0412738 -0.989709
    outer loop
      vertex -12.1009 -6.4177 -3.80469
      vertex -16.9005 -8.96313 -4.57529
      vertex -17.2236 -7.89056 -4.57529
    endloop
  endfacet
  facet normal 0.217603 0.085553 -0.972281
    outer loop
      vertex -21.193 -12.8339 -5.59987
      vertex -20.6756 -14.1499 -5.59987
      vertex -25.7983 -15.6227 -6.87596
    endloop
  endfacet
  facet normal 0.17862 0.0618473 -0.981972
    outer loop
      vertex -16.9005 -8.96313 -4.57529
      vertex -16.5366 -10.0141 -4.57529
      vertex -21.6593 -11.487 -5.59987
    endloop
  endfacet
  facet normal 0.0977811 0.00563501 -0.995192
    outer loop
      vertex -7.86193 -0.49452 -3.28992
      vertex -7.8335 -0.98785 -3.28992
      vertex -13.0349 -1.64377 -3.80469
    endloop
  endfacet
  facet normal 0.0977813 0.00563418 -0.995192
    outer loop
      vertex -7.86193 -0.49452 -3.28992
      vertex -13.0349 -1.64377 -3.80469
      vertex -13.0822 -0.822877 -3.80469
    endloop
  endfacet
  facet normal 0.144632 0.0195991 -0.989291
    outer loop
      vertex -12.9562 -2.46071 -3.80469
      vertex -12.8463 -3.27172 -3.80469
      vertex -18.0949 -3.43669 -4.57529
    endloop
  endfacet
  facet normal 0.144632 0.0196006 -0.989291
    outer loop
      vertex -12.8463 -3.27172 -3.80469
      vertex -17.9414 -4.56936 -4.57529
      vertex -18.0949 -3.43669 -4.57529
    endloop
  endfacet
  facet normal 0.283535 0.0497217 -0.957672
    outer loop
      vertex -27.9899 -7.12853 -6.87596
      vertex -32.5581 -10.4419 -8.40048
      vertex -32.919 -8.38389 -8.40048
    endloop
  endfacet
  facet normal 0.283531 0.0497267 -0.957673
    outer loop
      vertex -27.9899 -7.12853 -6.87596
      vertex -27.683 -8.87841 -6.87596
      vertex -32.5581 -10.4419 -8.40048
    endloop
  endfacet
  facet normal 0.286225 0.038794 -0.957377
    outer loop
      vertex -28.2294 -5.36148 -6.87596
      vertex -27.9899 -7.12853 -6.87596
      vertex -33.2007 -6.30565 -8.40048
    endloop
  endfacet
  facet normal 0.288252 0.0277592 -0.957152
    outer loop
      vertex -28.2294 -5.36148 -6.87596
      vertex -33.2007 -6.30565 -8.40048
      vertex -33.4023 -4.21223 -8.40048
    endloop
  endfacet
  facet normal 0.0427095 -0.0188977 -0.998909
    outer loop
      vertex -2.25232 1.72849 -3.03223
      vertex -2.31585 1.58491 -3.03223
      vertex -6.94196 4.7509 -3.28992
    endloop
  endfacet
  facet normal 0.0473048 -0.0102257 -0.998828
    outer loop
      vertex -2.51284 0.97598 -3.03223
      vertex -2.54722 0.816935 -3.03223
      vertex -7.63551 2.44884 -3.28992
    endloop
  endfacet
  facet normal 0.0198965 -0.0350592 -0.999187
    outer loop
      vertex -1.00489 3.10622 -3.03223
      vertex -1.12272 3.03935 -3.03223
      vertex -3.01226 9.31118 -3.28992
    endloop
  endfacet
  facet normal 0.0441406 -0.0685062 -0.996674
    outer loop
      vertex -5.60009 15.1601 -3.80469
      vertex -3.36546 9.11072 -3.28992
      vertex -6.17433 14.7901 -3.80469
    endloop
  endfacet
  facet normal 0.0397952 -0.070117 -0.996745
    outer loop
      vertex -3.01226 9.31118 -3.28992
      vertex -3.36546 9.11072 -3.28992
      vertex -5.01237 15.4937 -3.80469
    endloop
  endfacet
  facet normal 0.0242018 -0.0333651 -0.99915
    outer loop
      vertex -3.71056 8.88831 -3.28992
      vertex -1.23785 2.96515 -3.03223
      vertex -4.04671 8.64448 -3.28992
    endloop
  endfacet
  facet normal 0.0242013 -0.0333654 -0.99915
    outer loop
      vertex -1.23785 2.96515 -3.03223
      vertex -1.34999 2.88381 -3.03223
      vertex -4.04671 8.64448 -3.28992
    endloop
  endfacet
  facet normal 0.0353444 -0.0715623 -0.99681
    outer loop
      vertex -2.6518 9.48921 -3.28992
      vertex -3.01226 9.31118 -3.28992
      vertex -5.01237 15.4937 -3.80469
    endloop
  endfacet
  facet normal 0.0176715 -0.0357797 -0.999203
    outer loop
      vertex -2.6518 9.48921 -3.28992
      vertex -0.884643 3.16561 -3.03223
      vertex -3.01226 9.31118 -3.28992
    endloop
  endfacet
  facet normal 0.0308079 -0.0728352 -0.996868
    outer loop
      vertex -3.80213 16.0481 -3.80469
      vertex -2.28495 9.64437 -3.28992
      vertex -4.41256 15.7899 -3.80469
    endloop
  endfacet
  facet normal 0.0322794 -0.112299 -0.99315
    outer loop
      vertex -3.18254 16.2677 -3.80469
      vertex -3.26386 18.8 -4.09367
      vertex -2.55528 16.448 -3.80469
    endloop
  endfacet
  facet normal 0.0322823 -0.112299 -0.99315
    outer loop
      vertex -3.26386 18.8 -4.09367
      vertex -3.18254 16.2677 -3.80469
      vertex -3.67795 18.8 -4.10713
    endloop
  endfacet
  facet normal 0.00839421 -0.0377867 -0.999251
    outer loop
      vertex -0.385301 3.32576 -3.03223
      vertex -0.512289 3.29755 -3.03223
      vertex -1.15497 9.96926 -3.28992
    endloop
  endfacet
  facet normal 0.00839494 -0.0377867 -0.999251
    outer loop
      vertex -1.15497 9.96926 -3.28992
      vertex -0.512289 3.29755 -3.03223
      vertex -1.53563 9.88469 -3.28992
    endloop
  endfacet
  facet normal 0.013097 -0.0369612 -0.999231
    outer loop
      vertex -1.9126 9.77631 -3.28992
      vertex -0.638044 3.26139 -3.03223
      vertex -2.28495 9.64437 -3.28992
    endloop
  endfacet
  facet normal 0.0107581 -0.0374192 -0.999242
    outer loop
      vertex -1.53563 9.88469 -3.28992
      vertex -0.638044 3.26139 -3.03223
      vertex -1.9126 9.77631 -3.28992
    endloop
  endfacet
  facet normal 0.0130982 -0.0369608 -0.999231
    outer loop
      vertex -0.638044 3.26139 -3.03223
      vertex -0.762261 3.21737 -3.03223
      vertex -2.28495 9.64437 -3.28992
    endloop
  endfacet
  facet normal 0.0154012 -0.0364147 -0.999218
    outer loop
      vertex -0.762261 3.21737 -3.03223
      vertex -0.884643 3.16561 -3.03223
      vertex -2.28495 9.64437 -3.28992
    endloop
  endfacet
  facet normal -0.0441406 -0.0685062 -0.996674
    outer loop
      vertex 5.60009 15.1601 -3.80469
      vertex 6.17433 14.7901 -3.80469
      vertex 3.36546 9.11072 -3.28992
    endloop
  endfacet
  facet normal -0.00601074 -0.0380632 -0.999257
    outer loop
      vertex 0.771532 10.0298 -3.28992
      vertex 0.385301 3.32576 -3.03223
      vertex 0.257384 3.34596 -3.03223
    endloop
  endfacet
  facet normal -0.0036282 -0.115085 -0.993349
    outer loop
      vertex 0.642685 16.7501 -3.80469
      vertex 0.275069 18.8 -4.04084
      vertex 0.721339 18.8 -4.04247
    endloop
  endfacet
  facet normal -0.00361714 -0.115083 -0.993349
    outer loop
      vertex 0.275069 18.8 -4.04084
      vertex 0.642685 16.7501 -3.80469
      vertex 0 16.7703 -3.80469
    endloop
  endfacet
  facet normal 0.00601074 -0.0380632 -0.999257
    outer loop
      vertex -0.257384 3.34596 -3.03223
      vertex -0.385301 3.32576 -3.03223
      vertex -0.771532 10.0298 -3.28992
    endloop
  endfacet
  facet normal 0.00361333 -0.0382478 -0.999262
    outer loop
      vertex -0.386231 10.0662 -3.28992
      vertex -0.128847 3.3581 -3.03223
      vertex -0.771532 10.0298 -3.28992
    endloop
  endfacet
  facet normal 0.00722818 -0.0765117 -0.997042
    outer loop
      vertex -0.386231 10.0662 -3.28992
      vertex -0.771532 10.0298 -3.28992
      vertex -1.28382 16.6895 -3.80469
    endloop
  endfacet
  facet normal -0.135083 -0.110815 -0.984618
    outer loop
      vertex 12.935 16.5617 -4.57529
      vertex 13.3081 18.8 -4.87839
      vertex 14.0421 18.8 -4.97909
    endloop
  endfacet
  facet normal -0.135099 -0.110813 -0.984616
    outer loop
      vertex 13.3081 18.8 -4.87839
      vertex 12.935 16.5617 -4.57529
      vertex 12.2848 17.3544 -4.57529
    endloop
  endfacet
  facet normal -0.128019 -0.1159 -0.984976
    outer loop
      vertex 12.9244 18.8 -4.82852
      vertex 13.3081 18.8 -4.87839
      vertex 12.2848 17.3544 -4.57529
    endloop
  endfacet
  facet normal -0.0302035 -0.0302303 -0.999087
    outer loop
      vertex 4.99357 7.79067 -3.28992
      vertex 1.66586 2.59898 -3.03223
      vertex 1.56425 2.7005 -3.03223
    endloop
  endfacet
  facet normal -0.0847491 -0.0939881 -0.99196
    outer loop
      vertex 9.89783 18.8 -4.48873
      vertex 10.8898 18.8 -4.57348
      vertex 7.80243 13.47 -3.80469
    endloop
  endfacet
  facet normal -0.0662051 -0.102742 -0.992502
    outer loop
      vertex 7.20895 18.8 -4.2888
      vertex 7.84833 18.8 -4.33145
      vertex 6.17433 14.7901 -3.80469
    endloop
  endfacet
  facet normal -0.0484031 -0.0667194 -0.996597
    outer loop
      vertex 6.17433 14.7901 -3.80469
      vertex 6.73369 14.3843 -3.80469
      vertex 3.71056 8.88831 -3.28992
    endloop
  endfacet
  facet normal -0.0726028 -0.100051 -0.99233
    outer loop
      vertex 6.73369 14.3843 -3.80469
      vertex 7.84833 18.8 -4.33145
      vertex 8.06401 18.8 -4.34723
    endloop
  endfacet
  facet normal -0.0725869 -0.100055 -0.992331
    outer loop
      vertex 7.84833 18.8 -4.33145
      vertex 6.73369 14.3843 -3.80469
      vertex 6.17433 14.7901 -3.80469
    endloop
  endfacet
  facet normal -0.0371726 -0.0250434 -0.998995
    outer loop
      vertex 5.83233 6.7682 -3.28992
      vertex 6.08468 6.39363 -3.28992
      vertex 2.02986 2.13292 -3.03223
    endloop
  endfacet
  facet normal 0.0905339 0.090609 -0.991763
    outer loop
      vertex -10.8898 -18.8 -4.57348
      vertex -8.30925 -12.9636 -3.80469
      vertex -7.80243 -13.47 -3.80469
    endloop
  endfacet
  facet normal 0.0933287 0.0893541 -0.991618
    outer loop
      vertex -8.30925 -12.9636 -3.80469
      vertex -10.8898 -18.8 -4.57348
      vertex -10.8915 -18.8 -4.57364
    endloop
  endfacet
  facet normal 0.0899227 0.0899875 -0.991875
    outer loop
      vertex -11.6049 -18.1053 -4.57529
      vertex -10.8915 -18.8 -4.57364
      vertex -10.9097 -18.8 -4.57529
    endloop
  endfacet
  facet normal 0.0905301 0.0906115 -0.991763
    outer loop
      vertex -10.8915 -18.8 -4.57364
      vertex -11.6049 -18.1053 -4.57529
      vertex -8.30925 -12.9636 -3.80469
    endloop
  endfacet
  facet normal 0.0961053 0.0870059 -0.991561
    outer loop
      vertex -8.79604 -12.4259 -3.80469
      vertex -8.30925 -12.9636 -3.80469
      vertex -12.2848 -17.3544 -4.57529
    endloop
  endfacet
  facet normal 0.0641147 0.0580442 -0.996253
    outer loop
      vertex -5.28611 -7.46756 -3.28992
      vertex -8.30925 -12.9636 -3.80469
      vertex -8.79604 -12.4259 -3.80469
    endloop
  endfacet
  facet normal 0.0401339 0.022077 -0.99895
    outer loop
      vertex -2.18336 -1.86791 -3.03223
      vertex -6.32237 -6.00366 -3.28992
      vertex -6.54484 -5.59923 -3.28992
    endloop
  endfacet
  facet normal 0.0773418 0.0471534 -0.995889
    outer loop
      vertex -6.32237 -6.00366 -3.28992
      vertex -10.1248 -10.6389 -3.80469
      vertex -10.5204 -9.99003 -3.80469
    endloop
  endfacet
  facet normal 0.0914977 0.0275695 -0.995424
    outer loop
      vertex -7.27223 -3.85682 -3.28992
      vertex -12.1009 -6.4177 -3.80469
      vertex -12.3323 -5.64973 -3.80469
    endloop
  endfacet
  facet normal 0.0876097 0.0344431 -0.995559
    outer loop
      vertex -7.11567 -4.30905 -3.28992
      vertex -6.94196 -4.7509 -3.28992
      vertex -11.5514 -7.90545 -3.80469
    endloop
  endfacet
  facet normal 0.0414711 0.0205125 -0.998929
    outer loop
      vertex -2.25232 -1.72849 -3.03223
      vertex -2.18336 -1.86791 -3.03223
      vertex -6.54484 -5.59923 -3.28992
    endloop
  endfacet
  facet normal 0.120174 0.0660899 -0.99055
    outer loop
      vertex -10.8905 -9.31706 -3.80469
      vertex -10.5204 -9.99003 -3.80469
      vertex -15.21 -13.0124 -4.57529
    endloop
  endfacet
  facet normal 0.0320684 0.0290338 -0.999064
    outer loop
      vertex -1.76345 -2.49119 -3.03223
      vertex -1.66586 -2.59898 -3.03223
      vertex -5.28611 -7.46756 -3.28992
    endloop
  endfacet
  facet normal 0.0355559 0.0264379 -0.999018
    outer loop
      vertex -1.94567 -2.25788 -3.03223
      vertex -1.8568 -2.3774 -3.03223
      vertex -5.56593 -7.12647 -3.28992
    endloop
  endfacet
  facet normal 0.0710742 0.0528489 -0.99607
    outer loop
      vertex -5.83233 -6.7682 -3.28992
      vertex -5.56593 -7.12647 -3.28992
      vertex -9.26164 -11.8584 -3.80469
    endloop
  endfacet
  facet normal 0.067672 0.0555161 -0.996162
    outer loop
      vertex -5.56593 -7.12647 -3.28992
      vertex -5.28611 -7.46756 -3.28992
      vertex -9.26164 -11.8584 -3.80469
    endloop
  endfacet
  facet normal 0.0483593 0.00655526 -0.998808
    outer loop
      vertex -2.59749 -0.493329 -3.03223
      vertex -2.57545 -0.655922 -3.03223
      vertex -7.78621 -1.4788 -3.28992
    endloop
  endfacet
  facet normal 0.0956723 0.0167796 -0.995271
    outer loop
      vertex -7.72016 -1.96619 -3.28992
      vertex -7.63551 -2.44884 -3.28992
      vertex -12.8463 -3.27172 -3.80469
    endloop
  endfacet
  facet normal 0.0478909 0.00839659 -0.998817
    outer loop
      vertex -2.57545 -0.655922 -3.03223
      vertex -2.54722 -0.816935 -3.03223
      vertex -7.63551 -2.44884 -3.28992
    endloop
  endfacet
  facet normal 0.0473053 0.0102241 -0.998828
    outer loop
      vertex -2.51284 -0.97598 -3.03223
      vertex -7.53247 -2.92559 -3.28992
      vertex -7.63551 -2.44884 -3.28992
    endloop
  endfacet
  facet normal -0.00601074 0.0380632 -0.999257
    outer loop
      vertex 0.385301 -3.32576 -3.03223
      vertex 0.771532 -10.0298 -3.28992
      vertex 0.257384 -3.34596 -3.03223
    endloop
  endfacet
  facet normal -0.00722818 0.0765117 -0.997042
    outer loop
      vertex 0.771532 -10.0298 -3.28992
      vertex 1.28382 -16.6895 -3.80469
      vertex 0.386231 -10.0662 -3.28992
    endloop
  endfacet
  facet normal -0.026203 0.0739303 -0.996919
    outer loop
      vertex 3.80213 -16.0481 -3.80469
      vertex 3.18254 -16.2677 -3.80469
      vertex 2.28495 -9.64437 -3.28992
    endloop
  endfacet
  facet normal -0.0322823 0.112299 -0.99315
    outer loop
      vertex 3.26386 -18.8 -4.09367
      vertex 3.18254 -16.2677 -3.80469
      vertex 3.67795 -18.8 -4.10713
    endloop
  endfacet
  facet normal -0.0322794 0.112299 -0.99315
    outer loop
      vertex 3.18254 -16.2677 -3.80469
      vertex 3.26386 -18.8 -4.09367
      vertex 2.55528 -16.448 -3.80469
    endloop
  endfacet
  facet normal -0.0198965 0.0350592 -0.999187
    outer loop
      vertex 1.12272 -3.03935 -3.03223
      vertex 3.01226 -9.31118 -3.28992
      vertex 1.00489 -3.10622 -3.03223
    endloop
  endfacet
  facet normal -0.0130982 0.0369608 -0.999231
    outer loop
      vertex 0.762261 -3.21737 -3.03223
      vertex 2.28495 -9.64437 -3.28992
      vertex 0.638044 -3.26139 -3.03223
    endloop
  endfacet
  facet normal -0.0529971 0.107351 -0.992808
    outer loop
      vertex 4.41256 -15.7899 -3.80469
      vertex 5.59224 -18.8 -4.19314
      vertex 5.25373 -18.8 -4.17507
    endloop
  endfacet
  facet normal -0.0530098 0.107346 -0.992808
    outer loop
      vertex 5.59224 -18.8 -4.19314
      vertex 4.41256 -15.7899 -3.80469
      vertex 5.01237 -15.4937 -3.80469
    endloop
  endfacet
  facet normal -0.0393119 0.110912 -0.993052
    outer loop
      vertex 3.18254 -16.2677 -3.80469
      vertex 4.06722 -18.8 -4.12254
      vertex 3.67795 -18.8 -4.10713
    endloop
  endfacet
  facet normal -0.0393106 0.110913 -0.993052
    outer loop
      vertex 4.06722 -18.8 -4.12254
      vertex 3.18254 -16.2677 -3.80469
      vertex 3.80213 -16.0481 -3.80469
    endloop
  endfacet
  facet normal -0.013097 0.0369612 -0.999231
    outer loop
      vertex 2.28495 -9.64437 -3.28992
      vertex 1.9126 -9.77631 -3.28992
      vertex 0.638044 -3.26139 -3.03223
    endloop
  endfacet
  facet normal -0.0710742 0.0528489 -0.99607
    outer loop
      vertex 5.83233 -6.7682 -3.28992
      vertex 9.26164 -11.8584 -3.80469
      vertex 5.56593 -7.12647 -3.28992
    endloop
  endfacet
  facet normal -0.165215 0.081723 -0.982866
    outer loop
      vertex 15.6904 -12.0412 -4.57529
      vertex 19.4928 -16.6765 -5.59987
      vertex 15.21 -13.0124 -4.57529
    endloop
  endfacet
  facet normal -0.0847491 0.0939881 -0.99196
    outer loop
      vertex 10.8898 -18.8 -4.57348
      vertex 9.89783 -18.8 -4.48873
      vertex 7.80243 -13.47 -3.80469
    endloop
  endfacet
  facet normal -0.0282711 0.0313505 -0.999109
    outer loop
      vertex 1.56425 -2.7005 -3.03223
      vertex 4.68899 -8.095 -3.28992
      vertex 1.45888 -2.79552 -3.03223
    endloop
  endfacet
  facet normal -0.0787559 0.0971432 -0.99215
    outer loop
      vertex 9.70858 -18.8 -4.47318
      vertex 7.27683 -13.944 -3.80469
      vertex 9.811 -18.8 -4.48131
    endloop
  endfacet
  facet normal -0.0787516 0.0971454 -0.99215
    outer loop
      vertex 7.27683 -13.944 -3.80469
      vertex 9.70858 -18.8 -4.47318
      vertex 6.73369 -14.3843 -3.80469
    endloop
  endfacet
  facet normal -0.0847672 0.0939809 -0.991959
    outer loop
      vertex 9.811 -18.8 -4.48131
      vertex 7.80243 -13.47 -3.80469
      vertex 9.89783 -18.8 -4.48873
    endloop
  endfacet
  facet normal -0.0847577 0.0939845 -0.991959
    outer loop
      vertex 7.80243 -13.47 -3.80469
      vertex 9.811 -18.8 -4.48131
      vertex 7.27683 -13.944 -3.80469
    endloop
  endfacet
  facet normal -0.0530116 0.107345 -0.992807
    outer loop
      vertex 6.08198 -18.8 -4.21929
      vertex 5.59224 -18.8 -4.19314
      vertex 5.01237 -15.4937 -3.80469
    endloop
  endfacet
  facet normal -0.0725702 0.100061 -0.992331
    outer loop
      vertex 8.80077 -18.8 -4.40111
      vertex 8.06401 -18.8 -4.34723
      vertex 6.73369 -14.3843 -3.80469
    endloop
  endfacet
  facet normal 0.174568 -0.0686335 -0.98225
    outer loop
      vertex -20.6756 14.1499 -5.59987
      vertex -16.1329 11.0409 -4.57529
      vertex -21.193 12.8339 -5.59987
    endloop
  endfacet
  facet normal 0.26023 -0.102305 -0.960111
    outer loop
      vertex -25.7983 15.6227 -6.87596
      vertex -27.4703 18.8 -7.6677
      vertex -25.1685 17.2247 -6.87596
    endloop
  endfacet
  facet normal 0.260219 -0.102311 -0.960114
    outer loop
      vertex -27.4703 18.8 -7.6677
      vertex -25.7983 15.6227 -6.87596
      vertex -28.4047 18.8 -7.92095
    endloop
  endfacet
  facet normal 0.159946 -0.0879735 -0.983198
    outer loop
      vertex -18.8303 17.881 -5.59987
      vertex -14.693 13.9523 -4.57529
      vertex -19.4928 16.6765 -5.59987
    endloop
  endfacet
  facet normal 0.266176 -0.0921455 -0.95951
    outer loop
      vertex -25.7983 15.6227 -6.87596
      vertex -26.3659 13.9831 -6.87596
      vertex -31.009 16.4456 -8.40048
    endloop
  endfacet
  facet normal 0.271489 -0.0817889 -0.95896
    outer loop
      vertex -26.3659 13.9831 -6.87596
      vertex -26.87 12.3098 -6.87596
      vertex -31.009 16.4456 -8.40048
    endloop
  endfacet
  facet normal 0.159943 -0.0879781 -0.983198
    outer loop
      vertex -14.693 13.9523 -4.57529
      vertex -15.21 13.0124 -4.57529
      vertex -19.4928 16.6765 -5.59987
    endloop
  endfacet
  facet normal 0.309201 -0.107012 -0.944957
    outer loop
      vertex -31.045 18.8 -8.67896
      vertex -30.3414 18.3739 -8.40048
      vertex -34.8526 18.8 -9.92485
    endloop
  endfacet
  facet normal 0.302387 -0.118785 -0.945755
    outer loop
      vertex -30.6583 18.8 -8.55532
      vertex -30.3414 18.3739 -8.40048
      vertex -31.045 18.8 -8.67896
    endloop
  endfacet
  facet normal 0.302318 -0.118841 -0.94577
    outer loop
      vertex -30.1739 18.8 -8.40048
      vertex -30.3414 18.3739 -8.40048
      vertex -30.6583 18.8 -8.55532
    endloop
  endfacet
  facet normal 0.0120289 -0.0761414 -0.997024
    outer loop
      vertex -1.28382 16.6895 -3.80469
      vertex -1.15497 9.96926 -3.28992
      vertex -1.92187 16.5887 -3.80469
    endloop
  endfacet
  facet normal -0.0251804 -0.113409 -0.993229
    outer loop
      vertex 2.60038 18.8 -4.07439
      vertex 2.92067 18.8 -4.08251
      vertex 2.55528 16.448 -3.80469
    endloop
  endfacet
  facet normal -0.0120289 -0.0761414 -0.997024
    outer loop
      vertex 1.28382 16.6895 -3.80469
      vertex 1.92187 16.5887 -3.80469
      vertex 1.15497 9.96926 -3.28992
    endloop
  endfacet
  facet normal 0.101437 -0.0832022 -0.991357
    outer loop
      vertex -12.2848 17.3544 -4.57529
      vertex -9.26164 11.8584 -3.80469
      vertex -12.935 16.5617 -4.57529
    endloop
  endfacet
  facet normal 0.135099 -0.110813 -0.984616
    outer loop
      vertex -12.935 16.5617 -4.57529
      vertex -13.3081 18.8 -4.87839
      vertex -12.2848 17.3544 -4.57529
    endloop
  endfacet
  facet normal 0.135083 -0.110815 -0.984618
    outer loop
      vertex -13.3081 18.8 -4.87839
      vertex -12.935 16.5617 -4.57529
      vertex -14.0421 18.8 -4.97909
    endloop
  endfacet
  facet normal 0.0641147 -0.0580442 -0.996253
    outer loop
      vertex -8.30925 12.9636 -3.80469
      vertex -5.28611 7.46756 -3.28992
      vertex -8.79604 12.4259 -3.80469
    endloop
  endfacet
  facet normal 0.0961053 -0.0870059 -0.991561
    outer loop
      vertex -8.30925 12.9636 -3.80469
      vertex -8.79604 12.4259 -3.80469
      vertex -12.2848 17.3544 -4.57529
    endloop
  endfacet
  facet normal 0.0787656 -0.0971359 -0.992149
    outer loop
      vertex -8.80077 18.8 -4.40111
      vertex -6.73369 14.3843 -3.80469
      vertex -9.70858 18.8 -4.47318
    endloop
  endfacet
  facet normal 0.0525235 -0.0647831 -0.996516
    outer loop
      vertex -4.04671 8.64448 -3.28992
      vertex -4.37312 8.37984 -3.28992
      vertex -7.27683 13.944 -3.80469
    endloop
  endfacet
  facet normal 0.0787516 -0.0971454 -0.99215
    outer loop
      vertex -7.27683 13.944 -3.80469
      vertex -9.70858 18.8 -4.47318
      vertex -6.73369 14.3843 -3.80469
    endloop
  endfacet
  facet normal 0.0787559 -0.0971432 -0.99215
    outer loop
      vertex -9.70858 18.8 -4.47318
      vertex -7.27683 13.944 -3.80469
      vertex -9.811 18.8 -4.48131
    endloop
  endfacet
  facet normal 0.0960985 -0.0870121 -0.991561
    outer loop
      vertex -11.6049 18.1053 -4.57529
      vertex -8.30925 12.9636 -3.80469
      vertex -12.2848 17.3544 -4.57529
    endloop
  endfacet
  facet normal 0.0905301 -0.0906115 -0.991763
    outer loop
      vertex -11.6049 18.1053 -4.57529
      vertex -10.8915 18.8 -4.57364
      vertex -8.30925 12.9636 -3.80469
    endloop
  endfacet
  facet normal 0.0899227 -0.0899875 -0.991875
    outer loop
      vertex -10.8915 18.8 -4.57364
      vertex -11.6049 18.1053 -4.57529
      vertex -10.9097 18.8 -4.57529
    endloop
  endfacet
  facet normal 0.111343 -0.0750036 -0.990948
    outer loop
      vertex -9.70493 11.2622 -3.80469
      vertex -10.1248 10.6389 -3.80469
      vertex -13.5542 15.7291 -4.57529
    endloop
  endfacet
  facet normal 0.0743058 -0.0500542 -0.995979
    outer loop
      vertex -9.70493 11.2622 -3.80469
      vertex -5.83233 6.7682 -3.28992
      vertex -10.1248 10.6389 -3.80469
    endloop
  endfacet
  facet normal 0.11588 -0.0706492 -0.990747
    outer loop
      vertex -10.1248 10.6389 -3.80469
      vertex -10.5204 9.99003 -3.80469
      vertex -14.1406 14.8586 -4.57529
    endloop
  endfacet
  facet normal 0.111342 -0.0750042 -0.990948
    outer loop
      vertex -13.5542 15.7291 -4.57529
      vertex -10.1248 10.6389 -3.80469
      vertex -14.1406 14.8586 -4.57529
    endloop
  endfacet
  facet normal 0.182249 -0.0549006 -0.981718
    outer loop
      vertex -16.9005 8.96313 -4.57529
      vertex -17.2236 7.89056 -4.57529
      vertex -21.6593 11.487 -5.59987
    endloop
  endfacet
  facet normal 0.137014 -0.0412738 -0.989709
    outer loop
      vertex -16.9005 8.96313 -4.57529
      vertex -12.1009 6.4177 -3.80469
      vertex -17.2236 7.89056 -4.57529
    endloop
  endfacet
  facet normal 0.127843 -0.0565535 -0.990181
    outer loop
      vertex -15.6904 12.0412 -4.57529
      vertex -11.5514 7.90545 -3.80469
      vertex -16.1329 11.0409 -4.57529
    endloop
  endfacet
  facet normal 0.127833 -0.0565636 -0.990181
    outer loop
      vertex -11.2345 8.62164 -3.80469
      vertex -11.5514 7.90545 -3.80469
      vertex -15.6904 12.0412 -4.57529
    endloop
  endfacet
  facet normal 0.148235 -0.099873 -0.983896
    outer loop
      vertex -16.2004 18.8 -5.28569
      vertex -13.5542 15.7291 -4.57529
      vertex -17.788 18.8 -5.52488
    endloop
  endfacet
  facet normal -0.417982 0.0732981 -0.905493
    outer loop
      vertex 47.184 -12.0169 -14.425
      vertex 46.6667 -14.9668 -14.425
      vertex 42.0614 -13.4898 -12.1796
    endloop
  endfacet
  facet normal -0.461025 0.0808849 -0.883693
    outer loop
      vertex 46.6667 -14.9668 -14.425
      vertex 49.3 -13.8 -15.692
      vertex 49.2761 -14.0422 -15.7017
    endloop
  endfacet
  facet normal -0.461023 0.080827 -0.8837
    outer loop
      vertex 49.3 -13.8 -15.692
      vertex 47.184 -12.0169 -14.425
      vertex 49.3 -12.5558 -15.5782
    endloop
  endfacet
  facet normal -0.461011 0.0808438 -0.883704
    outer loop
      vertex 49.3 -13.8 -15.692
      vertex 46.6667 -14.9668 -14.425
      vertex 47.184 -12.0169 -14.425
    endloop
  endfacet
  facet normal -0.421802 0.0571648 -0.904884
    outer loop
      vertex 47.5877 -9.03812 -14.425
      vertex 47.184 -12.0169 -14.425
      vertex 42.5277 -10.831 -12.1796
    endloop
  endfacet
  facet normal -0.421799 0.0571551 -0.904886
    outer loop
      vertex 42.8915 -8.14619 -12.1796
      vertex 47.5877 -9.03812 -14.425
      vertex 42.5277 -10.831 -12.1796
    endloop
  endfacet
  facet normal -0.373994 0.0655885 -0.925109
    outer loop
      vertex 37.7688 -9.61905 -10.1698
      vertex 42.0614 -13.4898 -12.1796
      vertex 37.3547 -11.9803 -10.1698
    endloop
  endfacet
  facet normal -0.32915 0.0577241 -0.942512
    outer loop
      vertex 37.7688 -9.61905 -10.1698
      vertex 37.3547 -11.9803 -10.1698
      vertex 32.5581 -10.4419 -8.40048
    endloop
  endfacet
  facet normal -0.185436 0.0478383 -0.981491
    outer loop
      vertex 22.4343 -8.71344 -5.59987
      vertex 22.0734 -10.1124 -5.59987
      vertex 17.2236 -7.89056 -4.57529
    endloop
  endfacet
  facet normal -0.266175 0.0921529 -0.95951
    outer loop
      vertex 31.009 -16.4456 -8.40048
      vertex 30.3414 -18.3739 -8.40048
      vertex 25.7983 -15.6227 -6.87596
    endloop
  endfacet
  facet normal -0.280172 0.0605577 -0.958038
    outer loop
      vertex 32.5581 -10.4419 -8.40048
      vertex 32.1187 -12.4748 -8.40048
      vertex 27.3094 -10.6069 -6.87596
    endloop
  endfacet
  facet normal -0.280172 0.0605571 -0.958038
    outer loop
      vertex 27.683 -8.87841 -6.87596
      vertex 32.5581 -10.4419 -8.40048
      vertex 27.3094 -10.6069 -6.87596
    endloop
  endfacet
  facet normal -0.358483 0.108102 -0.927256
    outer loop
      vertex 40.8261 -18.7035 -12.1796
      vertex 40.797 -18.8 -12.1796
      vertex 37.7554 -18.8 -11.0037
    endloop
  endfacet
  facet normal -0.358484 0.107952 -0.927273
    outer loop
      vertex 37.7554 -18.8 -11.0037
      vertex 36.2577 -16.6106 -10.1698
      vertex 40.8261 -18.7035 -12.1796
    endloop
  endfacet
  facet normal -0.358441 0.107987 -0.927286
    outer loop
      vertex 36.2577 -16.6106 -10.1698
      vertex 37.7554 -18.8 -11.0037
      vertex 35.5981 -18.8 -10.1698
    endloop
  endfacet
  facet normal -0.135106 0.110804 -0.984616
    outer loop
      vertex 14.6832 -18.8 -5.06706
      vertex 14.0421 -18.8 -4.97909
      vertex 12.935 -16.5617 -4.57529
    endloop
  endfacet
  facet normal -0.253663 0.112227 -0.96076
    outer loop
      vertex 24.5298 -18.8 -6.89134
      vertex 25.1685 -17.2247 -6.87596
      vertex 27.4703 -18.8 -7.6677
    endloop
  endfacet
  facet normal -0.253502 0.112162 -0.96081
    outer loop
      vertex 25.1685 -17.2247 -6.87596
      vertex 24.5298 -18.8 -6.89134
      vertex 24.4781 -18.7851 -6.87596
    endloop
  endfacet
  facet normal -0.260219 0.102311 -0.960114
    outer loop
      vertex 27.4703 -18.8 -7.6677
      vertex 25.7983 -15.6227 -6.87596
      vertex 28.4047 -18.8 -7.92095
    endloop
  endfacet
  facet normal -0.26023 0.102305 -0.960111
    outer loop
      vertex 25.7983 -15.6227 -6.87596
      vertex 27.4703 -18.8 -7.6677
      vertex 25.1685 -17.2247 -6.87596
    endloop
  endfacet
  facet normal -0.234436 0.0506701 -0.97081
    outer loop
      vertex 22.7412 -7.2935 -5.59987
      vertex 27.3094 -10.6069 -6.87596
      vertex 22.4343 -8.71344 -5.59987
    endloop
  endfacet
  facet normal -0.234435 0.0506714 -0.97081
    outer loop
      vertex 27.683 -8.87841 -6.87596
      vertex 27.3094 -10.6069 -6.87596
      vertex 22.7412 -7.2935 -5.59987
    endloop
  endfacet
  facet normal -0.241264 0.0232322 -0.970181
    outer loop
      vertex 28.4008 -3.58151 -6.87596
      vertex 28.2294 -5.36148 -6.87596
      vertex 23.3309 -2.94217 -5.59987
    endloop
  endfacet
  facet normal -0.288252 0.0277568 -0.957152
    outer loop
      vertex 28.4008 -3.58151 -6.87596
      vertex 33.4023 -4.21223 -8.40048
      vertex 28.2294 -5.36148 -6.87596
    endloop
  endfacet
  facet normal -0.212065 0.0938318 -0.972741
    outer loop
      vertex 20.6756 -14.1499 -5.59987
      vertex 24.4781 -18.7851 -6.87596
      vertex 20.1084 -15.4318 -5.59987
    endloop
  endfacet
  facet normal -0.199471 0.109723 -0.973741
    outer loop
      vertex 21.975 -18.8 -6.34763
      vertex 20.9235 -18.8 -6.13223
      vertex 19.4928 -16.6765 -5.59987
    endloop
  endfacet
  facet normal -0.182249 0.0549006 -0.981718
    outer loop
      vertex 17.2236 -7.89056 -4.57529
      vertex 21.6593 -11.487 -5.59987
      vertex 16.9005 -8.96313 -4.57529
    endloop
  endfacet
  facet normal -0.227106 0.068416 -0.971464
    outer loop
      vertex 22.0734 -10.1124 -5.59987
      vertex 26.87 -12.3098 -6.87596
      vertex 21.6593 -11.487 -5.59987
    endloop
  endfacet
  facet normal -0.13427 0.0464911 -0.989854
    outer loop
      vertex 16.9005 -8.96313 -4.57529
      vertex 16.5366 -10.0141 -4.57529
      vertex 12.1009 -6.4177 -3.80469
    endloop
  endfacet
  facet normal -0.178622 0.0618393 -0.981973
    outer loop
      vertex 21.6593 -11.487 -5.59987
      vertex 21.193 -12.8339 -5.59987
      vertex 16.5366 -10.0141 -4.57529
    endloop
  endfacet
  facet normal -0.242405 0.013973 -0.970075
    outer loop
      vertex 28.5039 -1.79292 -6.87596
      vertex 28.4008 -3.58151 -6.87596
      vertex 23.3309 -2.94217 -5.59987
    endloop
  endfacet
  facet normal -0.194626 0.0112194 -0.980813
    outer loop
      vertex 23.4156 -1.47286 -5.59987
      vertex 23.3309 -2.94217 -5.59987
      vertex 18.2709 -1.14925 -4.57529
    endloop
  endfacet
  facet normal -0.0828811 0.0409894 -0.995716
    outer loop
      vertex 6.75153 -5.1813 -3.28992
      vertex 10.8905 -9.31706 -3.80469
      vertex 6.54484 -5.59923 -3.28992
    endloop
  endfacet
  facet normal -0.120168 0.0660996 -0.990551
    outer loop
      vertex 15.21 -13.0124 -4.57529
      vertex 14.693 -13.9523 -4.57529
      vertex 10.5204 -9.99003 -3.80469
    endloop
  endfacet
  facet normal -0.0262666 0.0323976 -0.99913
    outer loop
      vertex 4.37312 -8.37984 -3.28992
      vertex 4.04671 -8.64448 -3.28992
      vertex 1.45888 -2.79552 -3.03223
    endloop
  endfacet
  facet normal -0.0899227 0.0899875 -0.991875
    outer loop
      vertex 10.8915 -18.8 -4.57364
      vertex 11.6049 -18.1053 -4.57529
      vertex 10.9097 -18.8 -4.57529
    endloop
  endfacet
  facet normal -0.0905301 0.0906115 -0.991763
    outer loop
      vertex 11.6049 -18.1053 -4.57529
      vertex 10.8915 -18.8 -4.57364
      vertex 8.30925 -12.9636 -3.80469
    endloop
  endfacet
  facet normal -0.022076 0.0342534 -0.999169
    outer loop
      vertex 1.23785 -2.96515 -3.03223
      vertex 3.71056 -8.88831 -3.28992
      vertex 1.12272 -3.03935 -3.03223
    endloop
  endfacet
  facet normal -0.039799 0.070116 -0.996745
    outer loop
      vertex 5.60009 -15.1601 -3.80469
      vertex 5.01237 -15.4937 -3.80469
      vertex 3.36546 -9.11072 -3.28992
    endloop
  endfacet
  facet normal -0.111343 0.0750036 -0.990948
    outer loop
      vertex 10.1248 -10.6389 -3.80469
      vertex 13.5542 -15.7291 -4.57529
      vertex 9.70493 -11.2622 -3.80469
    endloop
  endfacet
  facet normal -0.0338512 0.0277705 -0.999041
    outer loop
      vertex 5.56593 -7.12647 -3.28992
      vertex 5.28611 -7.46756 -3.28992
      vertex 1.8568 -2.3774 -3.03223
    endloop
  endfacet
  facet normal -0.124146 0.0614083 -0.990362
    outer loop
      vertex 15.6904 -12.0412 -4.57529
      vertex 15.21 -13.0124 -4.57529
      vertex 10.8905 -9.31706 -3.80469
    endloop
  endfacet
  facet normal -0.0853474 0.0377618 -0.995635
    outer loop
      vertex 6.94196 -4.7509 -3.28992
      vertex 11.2345 -8.62164 -3.80469
      vertex 6.75153 -5.1813 -3.28992
    endloop
  endfacet
  facet normal -0.141496 0.0305891 -0.989466
    outer loop
      vertex 12.7054 -4.07484 -3.80469
      vertex 17.5052 -6.79898 -4.57529
      vertex 12.5339 -4.86815 -3.80469
    endloop
  endfacet
  facet normal -0.141498 0.0305868 -0.989466
    outer loop
      vertex 17.7447 -5.69103 -4.57529
      vertex 17.5052 -6.79898 -4.57529
      vertex 12.7054 -4.07484 -3.80469
    endloop
  endfacet
  facet normal -0.14568 -0.0140341 -0.989232
    outer loop
      vertex 18.0949 3.43669 -4.57529
      vertex 13.0349 1.64377 -3.80469
      vertex 12.9562 2.46071 -3.80469
    endloop
  endfacet
  facet normal -0.0966082 -0.0130914 -0.995236
    outer loop
      vertex 12.8463 3.27172 -3.80469
      vertex 12.9562 2.46071 -3.80469
      vertex 7.78621 1.4788 -3.28992
    endloop
  endfacet
  facet normal -0.0977811 -0.00563501 -0.995192
    outer loop
      vertex 13.0349 1.64377 -3.80469
      vertex 7.86193 0.49452 -3.28992
      vertex 7.8335 0.98785 -3.28992
    endloop
  endfacet
  facet normal -0.0489486 -0.00282085 -0.998797
    outer loop
      vertex 7.8335 0.98785 -3.28992
      vertex 7.86193 0.49452 -3.28992
      vertex 2.62275 0.164972 -3.03223
    endloop
  endfacet
  facet normal -0.0473053 0.0102241 -0.998828
    outer loop
      vertex 7.63551 -2.44884 -3.28992
      vertex 7.53247 -2.92559 -3.28992
      vertex 2.51284 -0.97598 -3.03223
    endloop
  endfacet
  facet normal -0.0466062 0.0120256 -0.998841
    outer loop
      vertex 2.51284 -0.97598 -3.03223
      vertex 7.53247 -2.92559 -3.28992
      vertex 2.47241 -1.13267 -3.03223
    endloop
  endfacet
  facet normal -0.0478909 0.00839659 -0.998817
    outer loop
      vertex 2.57545 -0.655922 -3.03223
      vertex 7.63551 -2.44884 -3.28992
      vertex 2.54722 -0.816935 -3.03223
    endloop
  endfacet
  facet normal -0.0489488 0.00281958 -0.998797
    outer loop
      vertex 2.62275 -0.164972 -3.03223
      vertex 7.8335 -0.98785 -3.28992
      vertex 2.61327 -0.329548 -3.03223
    endloop
  endfacet
  facet normal -0.0966079 0.0130921 -0.995236
    outer loop
      vertex 7.78621 -1.4788 -3.28992
      vertex 12.8463 -3.27172 -3.80469
      vertex 7.72016 -1.96619 -3.28992
    endloop
  endfacet
  facet normal -0.144632 0.0195991 -0.989291
    outer loop
      vertex 12.9562 -2.46071 -3.80469
      vertex 18.0949 -3.43669 -4.57529
      vertex 12.8463 -3.27172 -3.80469
    endloop
  endfacet
  facet normal -0.146379 0.00843441 -0.989193
    outer loop
      vertex 13.0822 -0.822877 -3.80469
      vertex 18.2709 -1.14925 -4.57529
      vertex 13.0349 -1.64377 -3.80469
    endloop
  endfacet
  facet normal -0.0977813 0.00563418 -0.995192
    outer loop
      vertex 13.0822 -0.822877 -3.80469
      vertex 13.0349 -1.64377 -3.80469
      vertex 7.86193 -0.49452 -3.28992
    endloop
  endfacet
  facet normal -0.0414711 -0.0205125 -0.998929
    outer loop
      vertex 6.54484 5.59923 -3.28992
      vertex 2.25232 1.72849 -3.03223
      vertex 2.18336 1.86791 -3.03223
    endloop
  endfacet
  facet normal -0.0802107 -0.0441225 -0.995801
    outer loop
      vertex 10.8905 9.31706 -3.80469
      vertex 6.54484 5.59923 -3.28992
      vertex 6.32237 6.00366 -3.28992
    endloop
  endfacet
  facet normal -0.0853474 -0.0377618 -0.995635
    outer loop
      vertex 11.2345 8.62164 -3.80469
      vertex 6.94196 4.7509 -3.28992
      vertex 6.75153 5.1813 -3.28992
    endloop
  endfacet
  facet normal -0.0828751 -0.0409954 -0.995716
    outer loop
      vertex 10.8905 9.31706 -3.80469
      vertex 11.2345 8.62164 -3.80469
      vertex 6.75153 5.1813 -3.28992
    endloop
  endfacet
  facet normal -0.0565279 -0.0626859 -0.996431
    outer loop
      vertex 7.80243 13.47 -3.80469
      vertex 4.68899 8.095 -3.28992
      vertex 4.37312 8.37984 -3.28992
    endloop
  endfacet
  facet normal -0.0387005 -0.023588 -0.998972
    outer loop
      vertex 6.32237 6.00366 -3.28992
      vertex 2.10915 2.00283 -3.03223
      vertex 2.02986 2.13292 -3.03223
    endloop
  endfacet
  facet normal -0.0931161 -0.0240254 -0.995365
    outer loop
      vertex 12.5339 4.86815 -3.80469
      vertex 7.53247 2.92559 -3.28992
      vertex 7.41128 3.39529 -3.28992
    endloop
  endfacet
  facet normal -0.093118 -0.0240188 -0.995365
    outer loop
      vertex 12.3323 5.64973 -3.80469
      vertex 12.5339 4.86815 -3.80469
      vertex 7.41128 3.39529 -3.28992
    endloop
  endfacet
  facet normal -0.0896632 -0.031041 -0.995488
    outer loop
      vertex 11.8404 7.17021 -3.80469
      vertex 7.27223 3.85682 -3.28992
      vertex 7.11567 4.30905 -3.28992
    endloop
  endfacet
  facet normal -0.0876136 -0.0344382 -0.995559
    outer loop
      vertex 11.5514 7.90545 -3.80469
      vertex 11.8404 7.17021 -3.80469
      vertex 7.11567 4.30905 -3.28992
    endloop
  endfacet
  facet normal -0.0899227 -0.0899875 -0.991875
    outer loop
      vertex 11.6049 18.1053 -4.57529
      vertex 10.8915 18.8 -4.57364
      vertex 10.9097 18.8 -4.57529
    endloop
  endfacet
  facet normal -0.0905301 -0.0906115 -0.991763
    outer loop
      vertex 10.8915 18.8 -4.57364
      vertex 11.6049 18.1053 -4.57529
      vertex 8.30925 12.9636 -3.80469
    endloop
  endfacet
  facet normal -0.0787559 -0.0971432 -0.99215
    outer loop
      vertex 7.27683 13.944 -3.80469
      vertex 9.70858 18.8 -4.47318
      vertex 9.811 18.8 -4.48131
    endloop
  endfacet
  facet normal -0.0787516 -0.0971454 -0.99215
    outer loop
      vertex 9.70858 18.8 -4.47318
      vertex 7.27683 13.944 -3.80469
      vertex 6.73369 14.3843 -3.80469
    endloop
  endfacet
  facet normal -0.00839494 -0.0377867 -0.999251
    outer loop
      vertex 1.15497 9.96926 -3.28992
      vertex 1.53563 9.88469 -3.28992
      vertex 0.512289 3.29755 -3.03223
    endloop
  endfacet
  facet normal -0.0322823 -0.112299 -0.99315
    outer loop
      vertex 3.18254 16.2677 -3.80469
      vertex 3.26386 18.8 -4.09367
      vertex 3.67795 18.8 -4.10713
    endloop
  endfacet
  facet normal -0.0322794 -0.112299 -0.99315
    outer loop
      vertex 3.26386 18.8 -4.09367
      vertex 3.18254 16.2677 -3.80469
      vertex 2.55528 16.448 -3.80469
    endloop
  endfacet
  facet normal -0.0530116 -0.107345 -0.992807
    outer loop
      vertex 5.59224 18.8 -4.19314
      vertex 6.08198 18.8 -4.21929
      vertex 5.01237 15.4937 -3.80469
    endloop
  endfacet
  facet normal -0.11588 -0.0706492 -0.990747
    outer loop
      vertex 14.1406 14.8586 -4.57529
      vertex 10.5204 9.99003 -3.80469
      vertex 10.1248 10.6389 -3.80469
    endloop
  endfacet
  facet normal -0.115894 -0.0706387 -0.990747
    outer loop
      vertex 14.1406 14.8586 -4.57529
      vertex 14.693 13.9523 -4.57529
      vertex 10.5204 9.99003 -3.80469
    endloop
  endfacet
  facet normal 0.0282711 -0.0313505 -0.999109
    outer loop
      vertex -1.45888 2.79552 -3.03223
      vertex -1.56425 2.7005 -3.03223
      vertex -4.68899 8.095 -3.28992
    endloop
  endfacet
  facet normal 0.0302047 -0.0302295 -0.999087
    outer loop
      vertex -4.68899 8.095 -3.28992
      vertex -1.56425 2.7005 -3.03223
      vertex -4.99357 7.79067 -3.28992
    endloop
  endfacet
  facet normal 0.00839421 0.0377867 -0.999251
    outer loop
      vertex -0.512289 -3.29755 -3.03223
      vertex -0.385301 -3.32576 -3.03223
      vertex -1.15497 -9.96926 -3.28992
    endloop
  endfacet
  facet normal 0.00361333 0.0382478 -0.999262
    outer loop
      vertex -0.128847 -3.3581 -3.03223
      vertex -0.386231 -10.0662 -3.28992
      vertex -0.771532 -10.0298 -3.28992
    endloop
  endfacet
  facet normal 0.00120513 0.0383402 -0.999264
    outer loop
      vertex -0.128847 -3.3581 -3.03223
      vertex 0 -3.36215 -3.03223
      vertex -0.386231 -10.0662 -3.28992
    endloop
  endfacet
  facet normal 0.022076 0.0342534 -0.999169
    outer loop
      vertex -1.23785 -2.96515 -3.03223
      vertex -1.12272 -3.03935 -3.03223
      vertex -3.71056 -8.88831 -3.28992
    endloop
  endfacet
  facet normal 0.0198965 0.0350592 -0.999187
    outer loop
      vertex -1.12272 -3.03935 -3.03223
      vertex -1.00489 -3.10622 -3.03223
      vertex -3.01226 -9.31118 -3.28992
    endloop
  endfacet
  facet normal 0.0176716 0.0357797 -0.999203
    outer loop
      vertex -1.00489 -3.10622 -3.03223
      vertex -0.884643 -3.16561 -3.03223
      vertex -3.01226 -9.31118 -3.28992
    endloop
  endfacet
  facet normal 0.0525235 0.0647831 -0.996516
    outer loop
      vertex -4.37312 -8.37984 -3.28992
      vertex -4.04671 -8.64448 -3.28992
      vertex -7.27683 -13.944 -3.80469
    endloop
  endfacet
  facet normal 0.0262666 0.0323976 -0.99913
    outer loop
      vertex -1.45888 -2.79552 -3.03223
      vertex -4.04671 -8.64448 -3.28992
      vertex -4.37312 -8.37984 -3.28992
    endloop
  endfacet
  facet normal 0.0215151 0.0748507 -0.996963
    outer loop
      vertex -1.53563 -9.88469 -3.28992
      vertex -2.55528 -16.448 -3.80469
      vertex -3.18254 -16.2677 -3.80469
    endloop
  endfacet
  facet normal 0.0167929 0.0755871 -0.996998
    outer loop
      vertex -1.53563 -9.88469 -3.28992
      vertex -1.15497 -9.96926 -3.28992
      vertex -2.55528 -16.448 -3.80469
    endloop
  endfacet
  facet normal 0.0130982 0.0369608 -0.999231
    outer loop
      vertex -0.762261 -3.21737 -3.03223
      vertex -0.638044 -3.26139 -3.03223
      vertex -2.28495 -9.64437 -3.28992
    endloop
  endfacet
  facet normal 0.0176715 0.0357797 -0.999203
    outer loop
      vertex -0.884643 -3.16561 -3.03223
      vertex -2.6518 -9.48921 -3.28992
      vertex -3.01226 -9.31118 -3.28992
    endloop
  endfacet
  facet normal 0.0596896 0.105167 -0.992662
    outer loop
      vertex -5.01237 -15.4937 -3.80469
      vertex -6.08198 -18.8 -4.21929
      vertex -6.64758 -18.8 -4.2533
    endloop
  endfacet
  facet normal 0.0462143 0.109259 -0.992938
    outer loop
      vertex -4.88398 -18.8 -4.15785
      vertex -4.41256 -15.7899 -3.80469
      vertex -3.80213 -16.0481 -3.80469
    endloop
  endfacet
  facet normal 0.0462431 0.109254 -0.992938
    outer loop
      vertex -4.41256 -15.7899 -3.80469
      vertex -4.88398 -18.8 -4.15785
      vertex -5.25373 -18.8 -4.17507
    endloop
  endfacet
  facet normal 0.0251804 0.113409 -0.993229
    outer loop
      vertex -2.55528 -16.448 -3.80469
      vertex -2.60038 -18.8 -4.07439
      vertex -2.92067 -18.8 -4.08251
    endloop
  endfacet
  facet normal 0.0322794 0.112299 -0.99315
    outer loop
      vertex -3.26386 -18.8 -4.09367
      vertex -3.18254 -16.2677 -3.80469
      vertex -2.55528 -16.448 -3.80469
    endloop
  endfacet
  facet normal 0.0322823 0.112299 -0.99315
    outer loop
      vertex -3.18254 -16.2677 -3.80469
      vertex -3.26386 -18.8 -4.09367
      vertex -3.67795 -18.8 -4.10713
    endloop
  endfacet
  facet normal 0.0393119 0.110912 -0.993052
    outer loop
      vertex -4.06722 -18.8 -4.12254
      vertex -3.18254 -16.2677 -3.80469
      vertex -3.67795 -18.8 -4.10713
    endloop
  endfacet
  facet normal 0.0393106 0.110913 -0.993052
    outer loop
      vertex -3.18254 -16.2677 -3.80469
      vertex -4.06722 -18.8 -4.12254
      vertex -3.80213 -16.0481 -3.80469
    endloop
  endfacet
  facet normal 0.03534 0.071564 -0.99681
    outer loop
      vertex -2.6518 -9.48921 -3.28992
      vertex -4.41256 -15.7899 -3.80469
      vertex -5.01237 -15.4937 -3.80469
    endloop
  endfacet
  facet normal 0.0662051 0.102742 -0.992502
    outer loop
      vertex -6.17433 -14.7901 -3.80469
      vertex -7.20895 -18.8 -4.2888
      vertex -7.84833 -18.8 -4.33145
    endloop
  endfacet
  facet normal 0.320674 0.0827462 -0.943568
    outer loop
      vertex -32.1187 -12.4748 -8.40048
      vertex -31.6019 -14.4776 -8.40048
      vertex -36.8506 -14.3127 -10.1698
    endloop
  endfacet
  facet normal 0.276153 0.0712581 -0.958469
    outer loop
      vertex -27.3094 -10.6069 -6.87596
      vertex -31.6019 -14.4776 -8.40048
      vertex -32.1187 -12.4748 -8.40048
    endloop
  endfacet
  facet normal 0.302318 0.118841 -0.94577
    outer loop
      vertex -30.3414 -18.3739 -8.40048
      vertex -30.1739 -18.8 -8.40048
      vertex -30.6583 -18.8 -8.55532
    endloop
  endfacet
  facet normal 0.12801 0.115906 -0.984977
    outer loop
      vertex -12.0502 -18.8 -4.71491
      vertex -12.2848 -17.3544 -4.57529
      vertex -11.6049 -18.1053 -4.57529
    endloop
  endfacet
  facet normal 0.128006 0.115905 -0.984977
    outer loop
      vertex -12.2848 -17.3544 -4.57529
      vertex -12.0502 -18.8 -4.71491
      vertex -12.9244 -18.8 -4.82852
    endloop
  endfacet
  facet normal 0.148243 0.0998619 -0.983896
    outer loop
      vertex -17.788 -18.8 -5.52488
      vertex -14.1406 -14.8586 -4.57529
      vertex -13.5542 -15.7291 -4.57529
    endloop
  endfacet
  facet normal 0.148297 0.0998114 -0.983893
    outer loop
      vertex -14.1406 -14.8586 -4.57529
      vertex -17.788 -18.8 -5.52488
      vertex -17.8915 -18.8 -5.54048
    endloop
  endfacet
  facet normal 0.154264 0.0940353 -0.983545
    outer loop
      vertex -18.8303 -17.881 -5.59987
      vertex -17.9589 -18.8 -5.55106
      vertex -18.2701 -18.8 -5.59987
    endloop
  endfacet
  facet normal 0.15427 0.0940411 -0.983543
    outer loop
      vertex -17.9589 -18.8 -5.55106
      vertex -18.8303 -17.881 -5.59987
      vertex -14.693 -13.9523 -4.57529
    endloop
  endfacet
  facet normal 0.111342 0.0750042 -0.990948
    outer loop
      vertex -10.1248 -10.6389 -3.80469
      vertex -13.5542 -15.7291 -4.57529
      vertex -14.1406 -14.8586 -4.57529
    endloop
  endfacet
  facet normal 0.111343 0.0750036 -0.990948
    outer loop
      vertex -10.1248 -10.6389 -3.80469
      vertex -9.70493 -11.2622 -3.80469
      vertex -13.5542 -15.7291 -4.57529
    endloop
  endfacet
  facet normal 0.115894 0.0706387 -0.990747
    outer loop
      vertex -10.5204 -9.99003 -3.80469
      vertex -14.1406 -14.8586 -4.57529
      vertex -14.693 -13.9523 -4.57529
    endloop
  endfacet
  facet normal 0.120168 0.0660996 -0.990551
    outer loop
      vertex -10.5204 -9.99003 -3.80469
      vertex -14.693 -13.9523 -4.57529
      vertex -15.21 -13.0124 -4.57529
    endloop
  endfacet
  facet normal 0.182248 0.0549024 -0.981719
    outer loop
      vertex -17.2236 -7.89056 -4.57529
      vertex -21.6593 -11.487 -5.59987
      vertex -22.0734 -10.1124 -5.59987
    endloop
  endfacet
  facet normal 0.271489 0.0817889 -0.95896
    outer loop
      vertex -26.87 -12.3098 -6.87596
      vertex -26.3659 -13.9831 -6.87596
      vertex -31.009 -16.4456 -8.40048
    endloop
  endfacet
  facet normal 0.252935 0.114054 -0.960737
    outer loop
      vertex -24.4781 -18.7851 -6.87596
      vertex -24.4974 -18.8 -6.88281
      vertex -24.5298 -18.8 -6.89134
    endloop
  endfacet
  facet normal 0.253502 0.112162 -0.96081
    outer loop
      vertex -24.5298 -18.8 -6.89134
      vertex -25.1685 -17.2247 -6.87596
      vertex -24.4781 -18.7851 -6.87596
    endloop
  endfacet
  facet normal 0.253663 0.112227 -0.96076
    outer loop
      vertex -25.1685 -17.2247 -6.87596
      vertex -24.5298 -18.8 -6.89134
      vertex -27.4703 -18.8 -7.6677
    endloop
  endfacet
  facet normal 0.0896642 0.0310395 -0.995488
    outer loop
      vertex -7.27223 -3.85682 -3.28992
      vertex -11.8404 -7.17021 -3.80469
      vertex -12.1009 -6.4177 -3.80469
    endloop
  endfacet
  facet normal 0.131217 0.0515774 -0.990011
    outer loop
      vertex -11.8404 -7.17021 -3.80469
      vertex -11.5514 -7.90545 -3.80469
      vertex -16.5366 -10.0141 -4.57529
    endloop
  endfacet
  facet normal 0.139426 0.0359635 -0.989579
    outer loop
      vertex -12.5339 -4.86815 -3.80469
      vertex -12.3323 -5.64973 -3.80469
      vertex -17.5052 -6.79898 -4.57529
    endloop
  endfacet
  facet normal 0.093118 0.0240188 -0.995365
    outer loop
      vertex -7.41128 -3.39529 -3.28992
      vertex -12.3323 -5.64973 -3.80469
      vertex -12.5339 -4.86815 -3.80469
    endloop
  endfacet
  facet normal 0.222621 0.0770718 -0.971854
    outer loop
      vertex -21.6593 -11.487 -5.59987
      vertex -21.193 -12.8339 -5.59987
      vertex -25.7983 -15.6227 -6.87596
    endloop
  endfacet
  facet normal 0.178622 0.0618393 -0.981973
    outer loop
      vertex -16.5366 -10.0141 -4.57529
      vertex -21.193 -12.8339 -5.59987
      vertex -21.6593 -11.487 -5.59987
    endloop
  endfacet
  facet normal 0.212065 0.0938318 -0.972741
    outer loop
      vertex -20.6756 -14.1499 -5.59987
      vertex -20.1084 -15.4318 -5.59987
      vertex -24.4781 -18.7851 -6.87596
    endloop
  endfacet
  facet normal 0.212067 0.0938294 -0.97274
    outer loop
      vertex -20.6756 -14.1499 -5.59987
      vertex -24.4781 -18.7851 -6.87596
      vertex -25.1685 -17.2247 -6.87596
    endloop
  endfacet
  facet normal 0.134276 0.0464831 -0.989853
    outer loop
      vertex -12.1009 -6.4177 -3.80469
      vertex -11.8404 -7.17021 -3.80469
      vertex -16.5366 -10.0141 -4.57529
    endloop
  endfacet
  facet normal 0.13427 0.0464911 -0.989854
    outer loop
      vertex -12.1009 -6.4177 -3.80469
      vertex -16.5366 -10.0141 -4.57529
      vertex -16.9005 -8.96313 -4.57529
    endloop
  endfacet
  facet normal 0.0596896 -0.105167 -0.992662
    outer loop
      vertex -6.08198 18.8 -4.21929
      vertex -5.01237 15.4937 -3.80469
      vertex -6.64758 18.8 -4.2533
    endloop
  endfacet
  facet normal 0.039799 -0.070116 -0.996745
    outer loop
      vertex -5.01237 15.4937 -3.80469
      vertex -3.36546 9.11072 -3.28992
      vertex -5.60009 15.1601 -3.80469
    endloop
  endfacet
  facet normal 0.026203 -0.0739303 -0.996919
    outer loop
      vertex -3.18254 16.2677 -3.80469
      vertex -2.28495 9.64437 -3.28992
      vertex -3.80213 16.0481 -3.80469
    endloop
  endfacet
  facet normal 0.0322957 -0.112294 -0.99315
    outer loop
      vertex -2.92067 18.8 -4.08251
      vertex -2.55528 16.448 -3.80469
      vertex -3.26386 18.8 -4.09367
    endloop
  endfacet
  facet normal 0.026197 -0.0739311 -0.996919
    outer loop
      vertex -1.9126 9.77631 -3.28992
      vertex -2.28495 9.64437 -3.28992
      vertex -3.18254 16.2677 -3.80469
    endloop
  endfacet
  facet normal 0.0215195 -0.0748496 -0.996963
    outer loop
      vertex -1.53563 9.88469 -3.28992
      vertex -1.9126 9.77631 -3.28992
      vertex -3.18254 16.2677 -3.80469
    endloop
  endfacet
  facet normal -0.0220757 -0.0342535 -0.999169
    outer loop
      vertex 3.36546 9.11072 -3.28992
      vertex 3.71056 8.88831 -3.28992
      vertex 1.12272 3.03935 -3.03223
    endloop
  endfacet
  facet normal -0.039799 -0.070116 -0.996745
    outer loop
      vertex 5.01237 15.4937 -3.80469
      vertex 5.60009 15.1601 -3.80469
      vertex 3.36546 9.11072 -3.28992
    endloop
  endfacet
  facet normal -0.00839421 -0.0377867 -0.999251
    outer loop
      vertex 1.15497 9.96926 -3.28992
      vertex 0.512289 3.29755 -3.03223
      vertex 0.385301 3.32576 -3.03223
    endloop
  endfacet
  facet normal 0.00241063 -0.0766968 -0.997052
    outer loop
      vertex 0 16.7703 -3.80469
      vertex -0.386231 10.0662 -3.28992
      vertex -0.642685 16.7501 -3.80469
    endloop
  endfacet
  facet normal 0.00240278 -0.0766964 -0.997052
    outer loop
      vertex 0 16.7703 -3.80469
      vertex 0 10.0783 -3.28992
      vertex -0.386231 10.0662 -3.28992
    endloop
  endfacet
  facet normal 0.00120513 -0.0383402 -0.999264
    outer loop
      vertex 0 3.36215 -3.03223
      vertex -0.128847 3.3581 -3.03223
      vertex -0.386231 10.0662 -3.28992
    endloop
  endfacet
  facet normal -0.0060097 -0.0380632 -0.999257
    outer loop
      vertex 0.771532 10.0298 -3.28992
      vertex 1.15497 9.96926 -3.28992
      vertex 0.385301 3.32576 -3.03223
    endloop
  endfacet
  facet normal -0.0525235 -0.0647831 -0.996516
    outer loop
      vertex 7.27683 13.944 -3.80469
      vertex 4.37312 8.37984 -3.28992
      vertex 4.04671 8.64448 -3.28992
    endloop
  endfacet
  facet normal -0.0262666 -0.0323976 -0.99913
    outer loop
      vertex 4.04671 8.64448 -3.28992
      vertex 4.37312 8.37984 -3.28992
      vertex 1.45888 2.79552 -3.03223
    endloop
  endfacet
  facet normal 0.192464 0.117288 -0.97427
    outer loop
      vertex -18.8303 -17.881 -5.59987
      vertex -19.3904 -18.8 -5.82115
      vertex -19.798 -18.8 -5.90167
    endloop
  endfacet
  facet normal 0.0414728 0.0205106 -0.998929
    outer loop
      vertex -2.25232 -1.72849 -3.03223
      vertex -6.54484 -5.59923 -3.28992
      vertex -6.75153 -5.1813 -3.28992
    endloop
  endfacet
  facet normal 0.0457953 0.0137972 -0.998856
    outer loop
      vertex -2.47241 -1.13267 -3.03223
      vertex -7.27223 -3.85682 -3.28992
      vertex -7.41128 -3.39529 -3.28992
    endloop
  endfacet
  facet normal 0.0466064 0.0120252 -0.998841
    outer loop
      vertex -2.47241 -1.13267 -3.03223
      vertex -7.41128 -3.39529 -3.28992
      vertex -7.53247 -2.92559 -3.28992
    endloop
  endfacet
  facet normal 0.124145 0.0614101 -0.990362
    outer loop
      vertex -11.2345 -8.62164 -3.80469
      vertex -10.8905 -9.31706 -3.80469
      vertex -15.6904 -12.0412 -4.57529
    endloop
  endfacet
  facet normal 0.0828811 0.0409894 -0.995716
    outer loop
      vertex -6.75153 -5.1813 -3.28992
      vertex -6.54484 -5.59923 -3.28992
      vertex -10.8905 -9.31706 -3.80469
    endloop
  endfacet
  facet normal 0.0773508 0.0471459 -0.995889
    outer loop
      vertex -6.32237 -6.00366 -3.28992
      vertex -6.08468 -6.39363 -3.28992
      vertex -10.1248 -10.6389 -3.80469
    endloop
  endfacet
  facet normal 0.0371726 0.0250434 -0.998995
    outer loop
      vertex -2.02986 -2.13292 -3.03223
      vertex -5.83233 -6.7682 -3.28992
      vertex -6.08468 -6.39363 -3.28992
    endloop
  endfacet
  facet normal 0.0302035 0.0302303 -0.999087
    outer loop
      vertex -1.66586 -2.59898 -3.03223
      vertex -1.56425 -2.7005 -3.03223
      vertex -4.99357 -7.79067 -3.28992
    endloop
  endfacet
  facet normal 0.032068 0.029034 -0.999064
    outer loop
      vertex -1.66586 -2.59898 -3.03223
      vertex -4.99357 -7.79067 -3.28992
      vertex -5.28611 -7.46756 -3.28992
    endloop
  endfacet
  facet normal 0.0338512 0.0277706 -0.999041
    outer loop
      vertex -1.8568 -2.3774 -3.03223
      vertex -1.76345 -2.49119 -3.03223
      vertex -5.28611 -7.46756 -3.28992
    endloop
  endfacet
  facet normal 0.0371719 0.025044 -0.998995
    outer loop
      vertex -2.02986 -2.13292 -3.03223
      vertex -1.94567 -2.25788 -3.03223
      vertex -5.83233 -6.7682 -3.28992
    endloop
  endfacet
  facet normal 0.0487126 0.00469337 -0.998802
    outer loop
      vertex -2.61327 -0.329548 -3.03223
      vertex -2.59749 -0.493329 -3.03223
      vertex -7.78621 -1.4788 -3.28992
    endloop
  endfacet
  facet normal 0.04789 0.00839922 -0.998817
    outer loop
      vertex -2.57545 -0.655922 -3.03223
      vertex -7.63551 -2.44884 -3.28992
      vertex -7.72016 -1.96619 -3.28992
    endloop
  endfacet
  facet normal 0.0483596 0.00655358 -0.998808
    outer loop
      vertex -2.57545 -0.655922 -3.03223
      vertex -7.72016 -1.96619 -3.28992
      vertex -7.78621 -1.4788 -3.28992
    endloop
  endfacet
  facet normal 0.0473048 0.0102257 -0.998828
    outer loop
      vertex -2.54722 -0.816935 -3.03223
      vertex -2.51284 -0.97598 -3.03223
      vertex -7.63551 -2.44884 -3.28992
    endloop
  endfacet
  facet normal -0.00120513 0.0383402 -0.999264
    outer loop
      vertex 0.128847 -3.3581 -3.03223
      vertex 0.386231 -10.0662 -3.28992
      vertex 0 -3.36215 -3.03223
    endloop
  endfacet
  facet normal -0.00839421 0.0377867 -0.999251
    outer loop
      vertex 0.512289 -3.29755 -3.03223
      vertex 1.15497 -9.96926 -3.28992
      vertex 0.385301 -3.32576 -3.03223
    endloop
  endfacet
  facet normal -0.00839494 0.0377867 -0.999251
    outer loop
      vertex 1.53563 -9.88469 -3.28992
      vertex 1.15497 -9.96926 -3.28992
      vertex 0.512289 -3.29755 -3.03223
    endloop
  endfacet
  facet normal -0.03534 0.071564 -0.99681
    outer loop
      vertex 5.01237 -15.4937 -3.80469
      vertex 4.41256 -15.7899 -3.80469
      vertex 2.6518 -9.48921 -3.28992
    endloop
  endfacet
  facet normal -0.0353444 0.0715623 -0.99681
    outer loop
      vertex 3.01226 -9.31118 -3.28992
      vertex 5.01237 -15.4937 -3.80469
      vertex 2.6518 -9.48921 -3.28992
    endloop
  endfacet
  facet normal -0.0215195 0.0748496 -0.996963
    outer loop
      vertex 1.9126 -9.77631 -3.28992
      vertex 3.18254 -16.2677 -3.80469
      vertex 1.53563 -9.88469 -3.28992
    endloop
  endfacet
  facet normal -0.0215151 0.0748507 -0.996963
    outer loop
      vertex 3.18254 -16.2677 -3.80469
      vertex 2.55528 -16.448 -3.80469
      vertex 1.53563 -9.88469 -3.28992
    endloop
  endfacet
  facet normal -0.0662019 0.102742 -0.992503
    outer loop
      vertex 6.94464 -18.8 -4.27117
      vertex 6.17433 -14.7901 -3.80469
      vertex 7.20895 -18.8 -4.2888
    endloop
  endfacet
  facet normal -0.0662002 0.102743 -0.992503
    outer loop
      vertex 6.17433 -14.7901 -3.80469
      vertex 6.94464 -18.8 -4.27117
      vertex 5.60009 -15.1601 -3.80469
    endloop
  endfacet
  facet normal -0.0441406 0.0685062 -0.996674
    outer loop
      vertex 6.17433 -14.7901 -3.80469
      vertex 5.60009 -15.1601 -3.80469
      vertex 3.36546 -9.11072 -3.28992
    endloop
  endfacet
  facet normal -0.0462431 0.109254 -0.992938
    outer loop
      vertex 4.88398 -18.8 -4.15785
      vertex 4.41256 -15.7899 -3.80469
      vertex 5.25373 -18.8 -4.17507
    endloop
  endfacet
  facet normal -0.0462143 0.109259 -0.992938
    outer loop
      vertex 4.41256 -15.7899 -3.80469
      vertex 4.88398 -18.8 -4.15785
      vertex 3.80213 -16.0481 -3.80469
    endloop
  endfacet
  facet normal -0.0461961 0.109266 -0.992939
    outer loop
      vertex 4.88398 -18.8 -4.15785
      vertex 4.4541 -18.8 -4.13785
      vertex 3.80213 -16.0481 -3.80469
    endloop
  endfacet
  facet normal 0.253502 -0.112162 -0.96081
    outer loop
      vertex -25.1685 17.2247 -6.87596
      vertex -24.5298 18.8 -6.89134
      vertex -24.4781 18.7851 -6.87596
    endloop
  endfacet
  facet normal 0.253663 -0.112227 -0.96076
    outer loop
      vertex -24.5298 18.8 -6.89134
      vertex -25.1685 17.2247 -6.87596
      vertex -27.4703 18.8 -7.6677
    endloop
  endfacet
  facet normal 0.212067 -0.0938294 -0.97274
    outer loop
      vertex -24.4781 18.7851 -6.87596
      vertex -20.6756 14.1499 -5.59987
      vertex -25.1685 17.2247 -6.87596
    endloop
  endfacet
  facet normal 0.165215 -0.081723 -0.982866
    outer loop
      vertex -15.21 13.0124 -4.57529
      vertex -15.6904 12.0412 -4.57529
      vertex -19.4928 16.6765 -5.59987
    endloop
  endfacet
  facet normal 0.0180484 -0.114244 -0.993289
    outer loop
      vertex -1.92187 16.5887 -3.80469
      vertex -1.73998 18.8 -4.05572
      vertex -1.28382 16.6895 -3.80469
    endloop
  endfacet
  facet normal 0.018026 -0.114242 -0.993289
    outer loop
      vertex -1.73998 18.8 -4.05572
      vertex -1.92187 16.5887 -3.80469
      vertex -2.17805 18.8 -4.06367
    endloop
  endfacet
  facet normal 0.0251916 -0.113409 -0.993229
    outer loop
      vertex -2.60038 18.8 -4.07439
      vertex -1.92187 16.5887 -3.80469
      vertex -2.55528 16.448 -3.80469
    endloop
  endfacet
  facet normal 0.0252111 -0.113403 -0.993229
    outer loop
      vertex -1.92187 16.5887 -3.80469
      vertex -2.60038 18.8 -4.07439
      vertex -2.17805 18.8 -4.06367
    endloop
  endfacet
  facet normal 0.00361714 -0.115083 -0.993349
    outer loop
      vertex -0.642685 16.7501 -3.80469
      vertex -0.275069 18.8 -4.04084
      vertex 0 16.7703 -3.80469
    endloop
  endfacet
  facet normal 0.0036282 -0.115085 -0.993349
    outer loop
      vertex -0.275069 18.8 -4.04084
      vertex -0.642685 16.7501 -3.80469
      vertex -0.721339 18.8 -4.04247
    endloop
  endfacet
  facet normal 0.00361127 -0.115084 -0.993349
    outer loop
      vertex 0 18.8 -4.03984
      vertex 0 16.7703 -3.80469
      vertex -0.275069 18.8 -4.04084
    endloop
  endfacet
  facet normal -0.026197 -0.0739311 -0.996919
    outer loop
      vertex 3.18254 16.2677 -3.80469
      vertex 2.28495 9.64437 -3.28992
      vertex 1.9126 9.77631 -3.28992
    endloop
  endfacet
  facet normal 0.135106 -0.110804 -0.984616
    outer loop
      vertex -14.0421 18.8 -4.97909
      vertex -12.935 16.5617 -4.57529
      vertex -14.6832 18.8 -5.06706
    endloop
  endfacet
  facet normal 0.101422 -0.0832106 -0.991357
    outer loop
      vertex -8.79604 12.4259 -3.80469
      vertex -9.26164 11.8584 -3.80469
      vertex -12.2848 17.3544 -4.57529
    endloop
  endfacet
  facet normal 0.0676692 -0.0555186 -0.996162
    outer loop
      vertex -8.79604 12.4259 -3.80469
      vertex -5.28611 7.46756 -3.28992
      vertex -9.26164 11.8584 -3.80469
    endloop
  endfacet
  facet normal 0.0483978 -0.0667224 -0.996597
    outer loop
      vertex -3.71056 8.88831 -3.28992
      vertex -4.04671 8.64448 -3.28992
      vertex -6.73369 14.3843 -3.80469
    endloop
  endfacet
  facet normal 0.0484031 -0.0667194 -0.996597
    outer loop
      vertex -6.17433 14.7901 -3.80469
      vertex -3.71056 8.88831 -3.28992
      vertex -6.73369 14.3843 -3.80469
    endloop
  endfacet
  facet normal 0.246635 -0.12249 -0.961336
    outer loop
      vertex -24.4707 18.8 -6.87596
      vertex -24.4781 18.7851 -6.87596
      vertex -24.4974 18.8 -6.88281
    endloop
  endfacet
  facet normal 0.199484 -0.109721 -0.973739
    outer loop
      vertex -19.4928 16.6765 -5.59987
      vertex -19.798 18.8 -5.90167
      vertex -18.8303 17.881 -5.59987
    endloop
  endfacet
  facet normal 0.199472 -0.109723 -0.973741
    outer loop
      vertex -19.798 18.8 -5.90167
      vertex -19.4928 16.6765 -5.59987
      vertex -20.9235 18.8 -6.13223
    endloop
  endfacet
  facet normal 0.154278 -0.094034 -0.983543
    outer loop
      vertex -14.693 13.9523 -4.57529
      vertex -17.8915 18.8 -5.54048
      vertex -14.1406 14.8586 -4.57529
    endloop
  endfacet
  facet normal 0.154388 -0.0939589 -0.983532
    outer loop
      vertex -17.8915 18.8 -5.54048
      vertex -14.693 13.9523 -4.57529
      vertex -17.9589 18.8 -5.55106
    endloop
  endfacet
  facet normal 0.148243 -0.0998619 -0.983896
    outer loop
      vertex -14.1406 14.8586 -4.57529
      vertex -17.788 18.8 -5.52488
      vertex -13.5542 15.7291 -4.57529
    endloop
  endfacet
  facet normal 0.148297 -0.0998114 -0.983893
    outer loop
      vertex -17.788 18.8 -5.52488
      vertex -14.1406 14.8586 -4.57529
      vertex -17.8915 18.8 -5.54048
    endloop
  endfacet
  facet normal -0.377457 0.0511632 -0.924613
    outer loop
      vertex 38.092 -7.23464 -10.1698
      vertex 42.5277 -10.831 -12.1796
      vertex 37.7688 -9.61905 -10.1698
    endloop
  endfacet
  facet normal -0.332238 0.0450339 -0.94212
    outer loop
      vertex 38.092 -7.23464 -10.1698
      vertex 37.7688 -9.61905 -10.1698
      vertex 32.919 -8.38389 -8.40048
    endloop
  endfacet
  facet normal -0.315365 0.0950099 -0.944202
    outer loop
      vertex 35.4484 -18.8 -10.1198
      vertex 36.2577 -16.6106 -10.1698
      vertex 35.5981 -18.8 -10.1698
    endloop
  endfacet
  facet normal -0.315309 0.0949886 -0.944223
    outer loop
      vertex 36.2577 -16.6106 -10.1698
      vertex 35.4484 -18.8 -10.1198
      vertex 31.009 -16.4456 -8.40048
    endloop
  endfacet
  facet normal -0.309196 0.107049 -0.944954
    outer loop
      vertex 34.8526 -18.8 -9.92485
      vertex 31.009 -16.4456 -8.40048
      vertex 35.4484 -18.8 -10.1198
    endloop
  endfacet
  facet normal -0.309196 0.107047 -0.944954
    outer loop
      vertex 31.009 -16.4456 -8.40048
      vertex 34.8526 -18.8 -9.92485
      vertex 30.3414 -18.3739 -8.40048
    endloop
  endfacet
  facet normal -0.159946 0.0879735 -0.983198
    outer loop
      vertex 19.4928 -16.6765 -5.59987
      vertex 18.8303 -17.881 -5.59987
      vertex 14.693 -13.9523 -4.57529
    endloop
  endfacet
  facet normal -0.309201 0.107012 -0.944957
    outer loop
      vertex 34.8526 -18.8 -9.92485
      vertex 31.045 -18.8 -8.67896
      vertex 30.3414 -18.3739 -8.40048
    endloop
  endfacet
  facet normal -0.0960985 0.0870121 -0.991561
    outer loop
      vertex 12.2848 -17.3544 -4.57529
      vertex 11.6049 -18.1053 -4.57529
      vertex 8.30925 -12.9636 -3.80469
    endloop
  endfacet
  facet normal -0.135083 0.110815 -0.984618
    outer loop
      vertex 13.3081 -18.8 -4.87839
      vertex 12.935 -16.5617 -4.57529
      vertex 14.0421 -18.8 -4.97909
    endloop
  endfacet
  facet normal -0.135099 0.110813 -0.984616
    outer loop
      vertex 12.935 -16.5617 -4.57529
      vertex 13.3081 -18.8 -4.87839
      vertex 12.2848 -17.3544 -4.57529
    endloop
  endfacet
  facet normal -0.154388 0.0939589 -0.983532
    outer loop
      vertex 17.8915 -18.8 -5.54048
      vertex 14.693 -13.9523 -4.57529
      vertex 17.9589 -18.8 -5.55106
    endloop
  endfacet
  facet normal -0.154278 0.094034 -0.983543
    outer loop
      vertex 14.693 -13.9523 -4.57529
      vertex 17.8915 -18.8 -5.54048
      vertex 14.1406 -14.8586 -4.57529
    endloop
  endfacet
  facet normal -0.148297 0.0998114 -0.983893
    outer loop
      vertex 17.788 -18.8 -5.52488
      vertex 14.1406 -14.8586 -4.57529
      vertex 17.8915 -18.8 -5.54048
    endloop
  endfacet
  facet normal -0.148243 0.0998619 -0.983896
    outer loop
      vertex 14.1406 -14.8586 -4.57529
      vertex 17.788 -18.8 -5.52488
      vertex 13.5542 -15.7291 -4.57529
    endloop
  endfacet
  facet normal -0.302318 0.118841 -0.94577
    outer loop
      vertex 30.3414 -18.3739 -8.40048
      vertex 30.6583 -18.8 -8.55532
      vertex 30.1739 -18.8 -8.40048
    endloop
  endfacet
  facet normal -0.283531 0.0497267 -0.957673
    outer loop
      vertex 27.9899 -7.12853 -6.87596
      vertex 32.5581 -10.4419 -8.40048
      vertex 27.683 -8.87841 -6.87596
    endloop
  endfacet
  facet normal -0.283535 0.0497217 -0.957672
    outer loop
      vertex 32.919 -8.38389 -8.40048
      vertex 32.5581 -10.4419 -8.40048
      vertex 27.9899 -7.12853 -6.87596
    endloop
  endfacet
  facet normal -0.188177 0.0406774 -0.981292
    outer loop
      vertex 17.7447 -5.69103 -4.57529
      vertex 22.7412 -7.2935 -5.59987
      vertex 17.5052 -6.79898 -4.57529
    endloop
  endfacet
  facet normal -0.190476 0.0334025 -0.981123
    outer loop
      vertex 17.9414 -4.56936 -4.57529
      vertex 22.7412 -7.2935 -5.59987
      vertex 17.7447 -5.69103 -4.57529
    endloop
  endfacet
  facet normal -0.182248 0.0549024 -0.981719
    outer loop
      vertex 22.0734 -10.1124 -5.59987
      vertex 21.6593 -11.487 -5.59987
      vertex 17.2236 -7.89056 -4.57529
    endloop
  endfacet
  facet normal -0.271489 0.0817889 -0.95896
    outer loop
      vertex 26.87 -12.3098 -6.87596
      vertex 31.009 -16.4456 -8.40048
      vertex 26.3659 -13.9831 -6.87596
    endloop
  endfacet
  facet normal -0.137011 0.0412833 -0.989709
    outer loop
      vertex 12.3323 -5.64973 -3.80469
      vertex 17.2236 -7.89056 -4.57529
      vertex 12.1009 -6.4177 -3.80469
    endloop
  endfacet
  facet normal -0.137014 0.0412738 -0.989709
    outer loop
      vertex 17.2236 -7.89056 -4.57529
      vertex 16.9005 -8.96313 -4.57529
      vertex 12.1009 -6.4177 -3.80469
    endloop
  endfacet
  facet normal -0.222621 0.0770718 -0.971854
    outer loop
      vertex 21.6593 -11.487 -5.59987
      vertex 25.7983 -15.6227 -6.87596
      vertex 21.193 -12.8339 -5.59987
    endloop
  endfacet
  facet normal -0.174568 0.0686339 -0.98225
    outer loop
      vertex 16.5366 -10.0141 -4.57529
      vertex 21.193 -12.8339 -5.59987
      vertex 16.1329 -11.0409 -4.57529
    endloop
  endfacet
  facet normal -0.0876136 0.0344382 -0.995559
    outer loop
      vertex 11.8404 -7.17021 -3.80469
      vertex 11.5514 -7.90545 -3.80469
      vertex 7.11567 -4.30905 -3.28992
    endloop
  endfacet
  facet normal -0.0896632 0.031041 -0.995488
    outer loop
      vertex 7.27223 -3.85682 -3.28992
      vertex 11.8404 -7.17021 -3.80469
      vertex 7.11567 -4.30905 -3.28992
    endloop
  endfacet
  facet normal -0.242405 0.0139737 -0.970074
    outer loop
      vertex 23.4156 -1.47286 -5.59987
      vertex 28.5039 -1.79292 -6.87596
      vertex 23.3309 -2.94217 -5.59987
    endloop
  endfacet
  facet normal -0.242978 0.00465216 -0.970021
    outer loop
      vertex 23.4438 0 -5.59987
      vertex 28.5039 -1.79292 -6.87596
      vertex 23.4156 -1.47286 -5.59987
    endloop
  endfacet
  facet normal -0.0438453 0.0172365 -0.99889
    outer loop
      vertex 2.3738 -1.4375 -3.03223
      vertex 6.94196 -4.7509 -3.28992
      vertex 2.31585 -1.58491 -3.03223
    endloop
  endfacet
  facet normal -0.0448744 0.0155353 -0.998872
    outer loop
      vertex 7.27223 -3.85682 -3.28992
      vertex 7.11567 -4.30905 -3.28992
      vertex 2.3738 -1.4375 -3.03223
    endloop
  endfacet
  facet normal -0.0802162 0.0441149 -0.995801
    outer loop
      vertex 10.8905 -9.31706 -3.80469
      vertex 10.5204 -9.99003 -3.80469
      vertex 6.32237 -6.00366 -3.28992
    endloop
  endfacet
  facet normal -0.0355556 0.0264382 -0.999018
    outer loop
      vertex 5.83233 -6.7682 -3.28992
      vertex 5.56593 -7.12647 -3.28992
      vertex 1.94567 -2.25788 -3.03223
    endloop
  endfacet
  facet normal -0.0414711 0.0205125 -0.998929
    outer loop
      vertex 2.25232 -1.72849 -3.03223
      vertex 6.54484 -5.59923 -3.28992
      vertex 2.18336 -1.86791 -3.03223
    endloop
  endfacet
  facet normal -0.0302035 0.0302303 -0.999087
    outer loop
      vertex 1.66586 -2.59898 -3.03223
      vertex 4.99357 -7.79067 -3.28992
      vertex 1.56425 -2.7005 -3.03223
    endloop
  endfacet
  facet normal -0.0484031 0.0667194 -0.996597
    outer loop
      vertex 6.73369 -14.3843 -3.80469
      vertex 6.17433 -14.7901 -3.80469
      vertex 3.71056 -8.88831 -3.28992
    endloop
  endfacet
  facet normal -0.0198978 0.0350588 -0.999187
    outer loop
      vertex 3.36546 -9.11072 -3.28992
      vertex 3.01226 -9.31118 -3.28992
      vertex 1.12272 -3.03935 -3.03223
    endloop
  endfacet
  facet normal -0.0525235 0.0647831 -0.996516
    outer loop
      vertex 4.37312 -8.37984 -3.28992
      vertex 7.27683 -13.944 -3.80469
      vertex 4.04671 -8.64448 -3.28992
    endloop
  endfacet
  facet normal -0.0565303 0.0626843 -0.996431
    outer loop
      vertex 7.80243 -13.47 -3.80469
      vertex 7.27683 -13.944 -3.80469
      vertex 4.37312 -8.37984 -3.28992
    endloop
  endfacet
  facet normal -0.0242013 0.0333654 -0.99915
    outer loop
      vertex 1.34999 -2.88381 -3.03223
      vertex 4.04671 -8.64448 -3.28992
      vertex 1.23785 -2.96515 -3.03223
    endloop
  endfacet
  facet normal -0.026268 0.032397 -0.99913
    outer loop
      vertex 1.45888 -2.79552 -3.03223
      vertex 4.04671 -8.64448 -3.28992
      vertex 1.34999 -2.88381 -3.03223
    endloop
  endfacet
  facet normal -0.0320684 0.0290338 -0.999064
    outer loop
      vertex 1.76345 -2.49119 -3.03223
      vertex 5.28611 -7.46756 -3.28992
      vertex 1.66586 -2.59898 -3.03223
    endloop
  endfacet
  facet normal -0.0338512 0.0277706 -0.999041
    outer loop
      vertex 1.8568 -2.3774 -3.03223
      vertex 5.28611 -7.46756 -3.28992
      vertex 1.76345 -2.49119 -3.03223
    endloop
  endfacet
  facet normal -0.0641116 0.0580459 -0.996253
    outer loop
      vertex 5.28611 -7.46756 -3.28992
      vertex 8.30925 -12.9636 -3.80469
      vertex 4.99357 -7.79067 -3.28992
    endloop
  endfacet
  facet normal -0.0603902 0.0604403 -0.996343
    outer loop
      vertex 8.30925 -12.9636 -3.80469
      vertex 7.80243 -13.47 -3.80469
      vertex 4.99357 -7.79067 -3.28992
    endloop
  endfacet
  facet normal -0.124145 0.0614101 -0.990362
    outer loop
      vertex 11.2345 -8.62164 -3.80469
      vertex 15.6904 -12.0412 -4.57529
      vertex 10.8905 -9.31706 -3.80469
    endloop
  endfacet
  facet normal -0.127833 0.0565636 -0.990181
    outer loop
      vertex 11.5514 -7.90545 -3.80469
      vertex 15.6904 -12.0412 -4.57529
      vertex 11.2345 -8.62164 -3.80469
    endloop
  endfacet
  facet normal -0.11588 0.0706492 -0.990747
    outer loop
      vertex 10.5204 -9.99003 -3.80469
      vertex 14.1406 -14.8586 -4.57529
      vertex 10.1248 -10.6389 -3.80469
    endloop
  endfacet
  facet normal -0.115894 0.0706387 -0.990747
    outer loop
      vertex 14.693 -13.9523 -4.57529
      vertex 14.1406 -14.8586 -4.57529
      vertex 10.5204 -9.99003 -3.80469
    endloop
  endfacet
  facet normal -0.0956715 0.0167847 -0.995271
    outer loop
      vertex 12.8463 -3.27172 -3.80469
      vertex 12.7054 -4.07484 -3.80469
      vertex 7.63551 -2.44884 -3.28992
    endloop
  endfacet
  facet normal -0.143236 0.0251294 -0.98937
    outer loop
      vertex 12.8463 -3.27172 -3.80469
      vertex 17.9414 -4.56936 -4.57529
      vertex 12.7054 -4.07484 -3.80469
    endloop
  endfacet
  facet normal -0.0931161 0.0240254 -0.995365
    outer loop
      vertex 7.53247 -2.92559 -3.28992
      vertex 12.5339 -4.86815 -3.80469
      vertex 7.41128 -3.39529 -3.28992
    endloop
  endfacet
  facet normal -0.093118 0.0240188 -0.995365
    outer loop
      vertex 12.5339 -4.86815 -3.80469
      vertex 12.3323 -5.64973 -3.80469
      vertex 7.41128 -3.39529 -3.28992
    endloop
  endfacet
  facet normal -0.0457965 0.0137952 -0.998856
    outer loop
      vertex 2.47241 -1.13267 -3.03223
      vertex 7.27223 -3.85682 -3.28992
      vertex 2.42603 -1.28664 -3.03223
    endloop
  endfacet
  facet normal -0.0473048 0.0102257 -0.998828
    outer loop
      vertex 2.54722 -0.816935 -3.03223
      vertex 7.63551 -2.44884 -3.28992
      vertex 2.51284 -0.97598 -3.03223
    endloop
  endfacet
  facet normal -0.0490667 0.000940615 -0.998795
    outer loop
      vertex 7.87141 0 -3.28992
      vertex 7.86193 -0.49452 -3.28992
      vertex 2.62275 -0.164972 -3.03223
    endloop
  endfacet
  facet normal -0.0490667 0.000939862 -0.998795
    outer loop
      vertex 2.62591 0 -3.03223
      vertex 7.87141 0 -3.28992
      vertex 2.62275 -0.164972 -3.03223
    endloop
  endfacet
  facet normal -0.0487126 0.00469337 -0.998802
    outer loop
      vertex 2.61327 -0.329548 -3.03223
      vertex 7.78621 -1.4788 -3.28992
      vertex 2.59749 -0.493329 -3.03223
    endloop
  endfacet
  facet normal -0.0483596 0.00655358 -0.998808
    outer loop
      vertex 7.78621 -1.4788 -3.28992
      vertex 7.72016 -1.96619 -3.28992
      vertex 2.57545 -0.655922 -3.03223
    endloop
  endfacet
  facet normal -0.04789 0.00839922 -0.998817
    outer loop
      vertex 7.72016 -1.96619 -3.28992
      vertex 7.63551 -2.44884 -3.28992
      vertex 2.57545 -0.655922 -3.03223
    endloop
  endfacet
  facet normal -0.0773508 -0.0471459 -0.995889
    outer loop
      vertex 10.1248 10.6389 -3.80469
      vertex 6.32237 6.00366 -3.28992
      vertex 6.08468 6.39363 -3.28992
    endloop
  endfacet
  facet normal -0.0387003 -0.0235882 -0.998972
    outer loop
      vertex 6.08468 6.39363 -3.28992
      vertex 6.32237 6.00366 -3.28992
      vertex 2.02986 2.13292 -3.03223
    endloop
  endfacet
  facet normal -0.032068 -0.029034 -0.999064
    outer loop
      vertex 4.99357 7.79067 -3.28992
      vertex 5.28611 7.46756 -3.28992
      vertex 1.66586 2.59898 -3.03223
    endloop
  endfacet
  facet normal -0.0966079 -0.0130921 -0.995236
    outer loop
      vertex 12.8463 3.27172 -3.80469
      vertex 7.78621 1.4788 -3.28992
      vertex 7.72016 1.96619 -3.28992
    endloop
  endfacet
  facet normal -0.0973115 -0.00937451 -0.99521
    outer loop
      vertex 12.9562 2.46071 -3.80469
      vertex 13.0349 1.64377 -3.80469
      vertex 7.78621 1.4788 -3.28992
    endloop
  endfacet
  facet normal -0.0914986 -0.0275668 -0.995424
    outer loop
      vertex 12.3323 5.64973 -3.80469
      vertex 7.41128 3.39529 -3.28992
      vertex 7.27223 3.85682 -3.28992
    endloop
  endfacet
  facet normal -0.0457953 -0.0137972 -0.998856
    outer loop
      vertex 7.27223 3.85682 -3.28992
      vertex 7.41128 3.39529 -3.28992
      vertex 2.47241 1.13267 -3.03223
    endloop
  endfacet
  facet normal -0.0662019 -0.102742 -0.992503
    outer loop
      vertex 6.17433 14.7901 -3.80469
      vertex 6.94464 18.8 -4.27117
      vertex 7.20895 18.8 -4.2888
    endloop
  endfacet
  facet normal -0.0662002 -0.102743 -0.992503
    outer loop
      vertex 6.94464 18.8 -4.27117
      vertex 6.17433 14.7901 -3.80469
      vertex 5.60009 15.1601 -3.80469
    endloop
  endfacet
  facet normal -0.0397952 -0.070117 -0.996745
    outer loop
      vertex 5.01237 15.4937 -3.80469
      vertex 3.36546 9.11072 -3.28992
      vertex 3.01226 9.31118 -3.28992
    endloop
  endfacet
  facet normal -0.0530098 -0.107346 -0.992808
    outer loop
      vertex 4.41256 15.7899 -3.80469
      vertex 5.59224 18.8 -4.19314
      vertex 5.01237 15.4937 -3.80469
    endloop
  endfacet
  facet normal -0.0529971 -0.107351 -0.992808
    outer loop
      vertex 5.59224 18.8 -4.19314
      vertex 4.41256 15.7899 -3.80469
      vertex 5.25373 18.8 -4.17507
    endloop
  endfacet
  facet normal -0.0462431 -0.109254 -0.992938
    outer loop
      vertex 4.41256 15.7899 -3.80469
      vertex 4.88398 18.8 -4.15785
      vertex 5.25373 18.8 -4.17507
    endloop
  endfacet
  facet normal -0.0462143 -0.109259 -0.992938
    outer loop
      vertex 4.88398 18.8 -4.15785
      vertex 4.41256 15.7899 -3.80469
      vertex 3.80213 16.0481 -3.80469
    endloop
  endfacet
  facet normal -0.0802162 -0.0441149 -0.995801
    outer loop
      vertex 10.5204 9.99003 -3.80469
      vertex 10.8905 9.31706 -3.80469
      vertex 6.32237 6.00366 -3.28992
    endloop
  endfacet
  facet normal -0.120174 -0.0660899 -0.99055
    outer loop
      vertex 15.21 13.0124 -4.57529
      vertex 10.8905 9.31706 -3.80469
      vertex 10.5204 9.99003 -3.80469
    endloop
  endfacet
  facet normal -0.0302047 -0.0302295 -0.999087
    outer loop
      vertex 4.68899 8.095 -3.28992
      vertex 4.99357 7.79067 -3.28992
      vertex 1.56425 2.7005 -3.03223
    endloop
  endfacet
  facet normal -0.111343 -0.0750036 -0.990948
    outer loop
      vertex 13.5542 15.7291 -4.57529
      vertex 10.1248 10.6389 -3.80469
      vertex 9.70493 11.2622 -3.80469
    endloop
  endfacet
  facet normal 0.026268 0.032397 -0.99913
    outer loop
      vertex -1.45888 -2.79552 -3.03223
      vertex -1.34999 -2.88381 -3.03223
      vertex -4.04671 -8.64448 -3.28992
    endloop
  endfacet
  facet normal 0.0242013 0.0333654 -0.99915
    outer loop
      vertex -1.34999 -2.88381 -3.03223
      vertex -1.23785 -2.96515 -3.03223
      vertex -4.04671 -8.64448 -3.28992
    endloop
  endfacet
  facet normal 0.0242018 0.0333651 -0.99915
    outer loop
      vertex -1.23785 -2.96515 -3.03223
      vertex -3.71056 -8.88831 -3.28992
      vertex -4.04671 -8.64448 -3.28992
    endloop
  endfacet
  facet normal 0.0215195 0.0748496 -0.996963
    outer loop
      vertex -1.9126 -9.77631 -3.28992
      vertex -1.53563 -9.88469 -3.28992
      vertex -3.18254 -16.2677 -3.80469
    endloop
  endfacet
  facet normal 0.0107581 0.0374192 -0.999242
    outer loop
      vertex -0.638044 -3.26139 -3.03223
      vertex -1.53563 -9.88469 -3.28992
      vertex -1.9126 -9.77631 -3.28992
    endloop
  endfacet
  facet normal 0.0461961 0.109266 -0.992939
    outer loop
      vertex -3.80213 -16.0481 -3.80469
      vertex -4.4541 -18.8 -4.13785
      vertex -4.88398 -18.8 -4.15785
    endloop
  endfacet
  facet normal 0.0397952 0.070117 -0.996745
    outer loop
      vertex -3.36546 -9.11072 -3.28992
      vertex -3.01226 -9.31118 -3.28992
      vertex -5.01237 -15.4937 -3.80469
    endloop
  endfacet
  facet normal 0.039799 0.070116 -0.996745
    outer loop
      vertex -3.36546 -9.11072 -3.28992
      vertex -5.01237 -15.4937 -3.80469
      vertex -5.60009 -15.1601 -3.80469
    endloop
  endfacet
  facet normal 0.148235 0.099873 -0.983896
    outer loop
      vertex -13.5542 -15.7291 -4.57529
      vertex -16.2004 -18.8 -5.28569
      vertex -17.788 -18.8 -5.52488
    endloop
  endfacet
  facet normal 0.227106 0.068416 -0.971464
    outer loop
      vertex -22.0734 -10.1124 -5.59987
      vertex -21.6593 -11.487 -5.59987
      vertex -26.87 -12.3098 -6.87596
    endloop
  endfacet
  facet normal 0.231045 0.0596165 -0.971115
    outer loop
      vertex -22.0734 -10.1124 -5.59987
      vertex -26.87 -12.3098 -6.87596
      vertex -27.3094 -10.6069 -6.87596
    endloop
  endfacet
  facet normal 0.222624 0.0770684 -0.971853
    outer loop
      vertex -21.6593 -11.487 -5.59987
      vertex -25.7983 -15.6227 -6.87596
      vertex -26.3659 -13.9831 -6.87596
    endloop
  endfacet
  facet normal 0.266176 0.0921455 -0.95951
    outer loop
      vertex -26.3659 -13.9831 -6.87596
      vertex -25.7983 -15.6227 -6.87596
      vertex -31.009 -16.4456 -8.40048
    endloop
  endfacet
  facet normal 0.260232 0.102297 -0.960112
    outer loop
      vertex -30.3414 -18.3739 -8.40048
      vertex -28.4047 -18.8 -7.92095
      vertex -30.1739 -18.8 -8.40048
    endloop
  endfacet
  facet normal 0.260232 0.1023 -0.960111
    outer loop
      vertex -28.4047 -18.8 -7.92095
      vertex -30.3414 -18.3739 -8.40048
      vertex -25.7983 -15.6227 -6.87596
    endloop
  endfacet
  facet normal 0.266175 0.0921529 -0.95951
    outer loop
      vertex -25.7983 -15.6227 -6.87596
      vertex -30.3414 -18.3739 -8.40048
      vertex -31.009 -16.4456 -8.40048
    endloop
  endfacet
  facet normal 0.302387 0.118785 -0.945755
    outer loop
      vertex -30.3414 -18.3739 -8.40048
      vertex -30.6583 -18.8 -8.55532
      vertex -31.045 -18.8 -8.67896
    endloop
  endfacet
  facet normal 0.0896632 0.031041 -0.995488
    outer loop
      vertex -7.27223 -3.85682 -3.28992
      vertex -7.11567 -4.30905 -3.28992
      vertex -11.8404 -7.17021 -3.80469
    endloop
  endfacet
  facet normal 0.0876136 0.0344382 -0.995559
    outer loop
      vertex -7.11567 -4.30905 -3.28992
      vertex -11.5514 -7.90545 -3.80469
      vertex -11.8404 -7.17021 -3.80469
    endloop
  endfacet
  facet normal 0.094507 0.0204308 -0.995315
    outer loop
      vertex -7.53247 -2.92559 -3.28992
      vertex -12.5339 -4.86815 -3.80469
      vertex -12.7054 -4.07484 -3.80469
    endloop
  endfacet
  facet normal 0.141496 0.0305891 -0.989466
    outer loop
      vertex -12.7054 -4.07484 -3.80469
      vertex -12.5339 -4.86815 -3.80469
      vertex -17.5052 -6.79898 -4.57529
    endloop
  endfacet
  facet normal 0.124146 0.0614083 -0.990362
    outer loop
      vertex -10.8905 -9.31706 -3.80469
      vertex -15.21 -13.0124 -4.57529
      vertex -15.6904 -12.0412 -4.57529
    endloop
  endfacet
  facet normal 0.127833 0.0565636 -0.990181
    outer loop
      vertex -11.5514 -7.90545 -3.80469
      vertex -11.2345 -8.62164 -3.80469
      vertex -15.6904 -12.0412 -4.57529
    endloop
  endfacet
  facet normal 0.170101 0.0752644 -0.982548
    outer loop
      vertex -15.6904 -12.0412 -4.57529
      vertex -20.1084 -15.4318 -5.59987
      vertex -20.6756 -14.1499 -5.59987
    endloop
  endfacet
  facet normal 0.170107 0.07525 -0.982548
    outer loop
      vertex -16.1329 -11.0409 -4.57529
      vertex -15.6904 -12.0412 -4.57529
      vertex -20.6756 -14.1499 -5.59987
    endloop
  endfacet
  facet normal 0.0596934 -0.105165 -0.992662
    outer loop
      vertex -5.60009 15.1601 -3.80469
      vertex -6.64758 18.8 -4.2533
      vertex -5.01237 15.4937 -3.80469
    endloop
  endfacet
  facet normal 0.0597147 -0.105159 -0.992661
    outer loop
      vertex -6.64758 18.8 -4.2533
      vertex -5.60009 15.1601 -3.80469
      vertex -6.94464 18.8 -4.27117
    endloop
  endfacet
  facet normal 0.0662002 -0.102743 -0.992503
    outer loop
      vertex -6.17433 14.7901 -3.80469
      vertex -6.94464 18.8 -4.27117
      vertex -5.60009 15.1601 -3.80469
    endloop
  endfacet
  facet normal 0.0662019 -0.102742 -0.992503
    outer loop
      vertex -6.94464 18.8 -4.27117
      vertex -6.17433 14.7901 -3.80469
      vertex -7.20895 18.8 -4.2888
    endloop
  endfacet
  facet normal -0.0198978 -0.0350588 -0.999187
    outer loop
      vertex 3.01226 9.31118 -3.28992
      vertex 3.36546 9.11072 -3.28992
      vertex 1.12272 3.03935 -3.03223
    endloop
  endfacet
  facet normal -0.0198965 -0.0350592 -0.999187
    outer loop
      vertex 3.01226 9.31118 -3.28992
      vertex 1.12272 3.03935 -3.03223
      vertex 1.00489 3.10622 -3.03223
    endloop
  endfacet
  facet normal -0.0130982 -0.0369608 -0.999231
    outer loop
      vertex 2.28495 9.64437 -3.28992
      vertex 0.762261 3.21737 -3.03223
      vertex 0.638044 3.26139 -3.03223
    endloop
  endfacet
  facet normal -0.013097 -0.0369612 -0.999231
    outer loop
      vertex 1.9126 9.77631 -3.28992
      vertex 2.28495 9.64437 -3.28992
      vertex 0.638044 3.26139 -3.03223
    endloop
  endfacet
  facet normal -0.0154016 -0.0364146 -0.999218
    outer loop
      vertex 2.28495 9.64437 -3.28992
      vertex 2.6518 9.48921 -3.28992
      vertex 0.884643 3.16561 -3.03223
    endloop
  endfacet
  facet normal -0.0107596 -0.037419 -0.999242
    outer loop
      vertex 1.53563 9.88469 -3.28992
      vertex 0.638044 3.26139 -3.03223
      vertex 0.512289 3.29755 -3.03223
    endloop
  endfacet
  facet normal -0.0167929 -0.0755871 -0.996998
    outer loop
      vertex 2.55528 16.448 -3.80469
      vertex 1.53563 9.88469 -3.28992
      vertex 1.15497 9.96926 -3.28992
    endloop
  endfacet
  facet normal -0.0120218 -0.0761415 -0.997025
    outer loop
      vertex 1.28382 16.6895 -3.80469
      vertex 1.15497 9.96926 -3.28992
      vertex 0.771532 10.0298 -3.28992
    endloop
  endfacet
  facet normal -0.00723183 -0.0765112 -0.997042
    outer loop
      vertex 0.642685 16.7501 -3.80469
      vertex 1.28382 16.6895 -3.80469
      vertex 0.386231 10.0662 -3.28992
    endloop
  endfacet
  facet normal 0.00120115 -0.0383405 -0.999264
    outer loop
      vertex 0 10.0783 -3.28992
      vertex 0 3.36215 -3.03223
      vertex -0.386231 10.0662 -3.28992
    endloop
  endfacet
  facet normal -0.00120513 -0.0383402 -0.999264
    outer loop
      vertex 0.386231 10.0662 -3.28992
      vertex 0.128847 3.3581 -3.03223
      vertex 0 3.36215 -3.03223
    endloop
  endfacet
  facet normal 0.0120218 -0.0761415 -0.997025
    outer loop
      vertex -0.771532 10.0298 -3.28992
      vertex -1.15497 9.96926 -3.28992
      vertex -1.28382 16.6895 -3.80469
    endloop
  endfacet
  facet normal 0.0060097 -0.0380632 -0.999257
    outer loop
      vertex -0.771532 10.0298 -3.28992
      vertex -0.385301 3.32576 -3.03223
      vertex -1.15497 9.96926 -3.28992
    endloop
  endfacet
  facet normal -0.0525191 -0.0647858 -0.996516
    outer loop
      vertex 6.73369 14.3843 -3.80469
      vertex 7.27683 13.944 -3.80469
      vertex 4.04671 8.64448 -3.28992
    endloop
  endfacet
  facet normal -0.0483978 -0.0667224 -0.996597
    outer loop
      vertex 6.73369 14.3843 -3.80469
      vertex 4.04671 8.64448 -3.28992
      vertex 3.71056 8.88831 -3.28992
    endloop
  endfacet
  facet normal -0.0743024 -0.0500579 -0.995979
    outer loop
      vertex 10.1248 10.6389 -3.80469
      vertex 6.08468 6.39363 -3.28992
      vertex 5.83233 6.7682 -3.28992
    endloop
  endfacet
  facet normal -0.0743058 -0.0500542 -0.995979
    outer loop
      vertex 9.70493 11.2622 -3.80469
      vertex 10.1248 10.6389 -3.80469
      vertex 5.83233 6.7682 -3.28992
    endloop
  endfacet
  facet normal 0.165224 0.0817158 -0.982865
    outer loop
      vertex -15.6904 -12.0412 -4.57529
      vertex -19.4928 -16.6765 -5.59987
      vertex -20.1084 -15.4318 -5.59987
    endloop
  endfacet
  facet normal 0.14183 0.105473 -0.984256
    outer loop
      vertex -12.935 -16.5617 -4.57529
      vertex -14.6832 -18.8 -5.06706
      vertex -15.6957 -18.8 -5.21296
    endloop
  endfacet
  facet normal 0.192437 0.117305 -0.974273
    outer loop
      vertex -18.8303 -17.881 -5.59987
      vertex -18.2701 -18.8 -5.59987
      vertex -19.3904 -18.8 -5.82115
    endloop
  endfacet
  facet normal 0.0448741 0.0155361 -0.998872
    outer loop
      vertex -2.42603 -1.28664 -3.03223
      vertex -2.3738 -1.4375 -3.03223
      vertex -7.27223 -3.85682 -3.28992
    endloop
  endfacet
  facet normal 0.0427095 0.0188977 -0.998909
    outer loop
      vertex -2.31585 -1.58491 -3.03223
      vertex -2.25232 -1.72849 -3.03223
      vertex -6.94196 -4.7509 -3.28992
    endloop
  endfacet
  facet normal 0.04271 0.018897 -0.998909
    outer loop
      vertex -2.25232 -1.72849 -3.03223
      vertex -6.75153 -5.1813 -3.28992
      vertex -6.94196 -4.7509 -3.28992
    endloop
  endfacet
  facet normal 0.0828751 0.0409954 -0.995716
    outer loop
      vertex -6.75153 -5.1813 -3.28992
      vertex -10.8905 -9.31706 -3.80469
      vertex -11.2345 -8.62164 -3.80469
    endloop
  endfacet
  facet normal -0.00361241 0.0382478 -0.999262
    outer loop
      vertex 0.257384 -3.34596 -3.03223
      vertex 0.771532 -10.0298 -3.28992
      vertex 0.128847 -3.3581 -3.03223
    endloop
  endfacet
  facet normal -0.0107596 0.037419 -0.999242
    outer loop
      vertex 0.638044 -3.26139 -3.03223
      vertex 1.53563 -9.88469 -3.28992
      vertex 0.512289 -3.29755 -3.03223
    endloop
  endfacet
  facet normal -0.0154016 0.0364146 -0.999218
    outer loop
      vertex 2.6518 -9.48921 -3.28992
      vertex 2.28495 -9.64437 -3.28992
      vertex 0.884643 -3.16561 -3.03223
    endloop
  endfacet
  facet normal -0.0154012 0.0364147 -0.999218
    outer loop
      vertex 0.884643 -3.16561 -3.03223
      vertex 2.28495 -9.64437 -3.28992
      vertex 0.762261 -3.21737 -3.03223
    endloop
  endfacet
  facet normal 0.217605 -0.0855477 -0.972281
    outer loop
      vertex -25.1685 17.2247 -6.87596
      vertex -20.6756 14.1499 -5.59987
      vertex -25.7983 15.6227 -6.87596
    endloop
  endfacet
  facet normal 0.217603 -0.085553 -0.972281
    outer loop
      vertex -20.6756 14.1499 -5.59987
      vertex -21.193 12.8339 -5.59987
      vertex -25.7983 15.6227 -6.87596
    endloop
  endfacet
  facet normal -0.0251916 -0.113409 -0.993229
    outer loop
      vertex 1.92187 16.5887 -3.80469
      vertex 2.60038 18.8 -4.07439
      vertex 2.55528 16.448 -3.80469
    endloop
  endfacet
  facet normal -0.0252111 -0.113403 -0.993229
    outer loop
      vertex 2.60038 18.8 -4.07439
      vertex 1.92187 16.5887 -3.80469
      vertex 2.17805 18.8 -4.06367
    endloop
  endfacet
  facet normal -0.018026 -0.114242 -0.993289
    outer loop
      vertex 1.92187 16.5887 -3.80469
      vertex 1.73998 18.8 -4.05572
      vertex 2.17805 18.8 -4.06367
    endloop
  endfacet
  facet normal -0.0180484 -0.114244 -0.993289
    outer loop
      vertex 1.73998 18.8 -4.05572
      vertex 1.92187 16.5887 -3.80469
      vertex 1.28382 16.6895 -3.80469
    endloop
  endfacet
  facet normal 0.199471 -0.109723 -0.973741
    outer loop
      vertex -20.9235 18.8 -6.13223
      vertex -19.4928 16.6765 -5.59987
      vertex -21.975 18.8 -6.34763
    endloop
  endfacet
  facet normal -0.120624 0.120711 -0.985332
    outer loop
      vertex 11.6049 -18.1053 -4.57529
      vertex 12.0502 -18.8 -4.71491
      vertex 10.9097 -18.8 -4.57529
    endloop
  endfacet
  facet normal -0.128006 0.115905 -0.984977
    outer loop
      vertex 12.0502 -18.8 -4.71491
      vertex 12.2848 -17.3544 -4.57529
      vertex 12.9244 -18.8 -4.82852
    endloop
  endfacet
  facet normal -0.12801 0.115906 -0.984977
    outer loop
      vertex 12.2848 -17.3544 -4.57529
      vertex 12.0502 -18.8 -4.71491
      vertex 11.6049 -18.1053 -4.57529
    endloop
  endfacet
  facet normal -0.148235 0.099873 -0.983896
    outer loop
      vertex 17.788 -18.8 -5.52488
      vertex 16.2004 -18.8 -5.28569
      vertex 13.5542 -15.7291 -4.57529
    endloop
  endfacet
  facet normal -0.192464 0.117288 -0.97427
    outer loop
      vertex 19.798 -18.8 -5.90167
      vertex 19.3904 -18.8 -5.82115
      vertex 18.8303 -17.881 -5.59987
    endloop
  endfacet
  facet normal -0.199472 0.109723 -0.973741
    outer loop
      vertex 19.798 -18.8 -5.90167
      vertex 19.4928 -16.6765 -5.59987
      vertex 20.9235 -18.8 -6.13223
    endloop
  endfacet
  facet normal -0.199484 0.109721 -0.973739
    outer loop
      vertex 19.4928 -16.6765 -5.59987
      vertex 19.798 -18.8 -5.90167
      vertex 18.8303 -17.881 -5.59987
    endloop
  endfacet
  facet normal -0.192315 0.0260596 -0.980987
    outer loop
      vertex 23.1901 -4.40439 -5.59987
      vertex 22.9934 -5.856 -5.59987
      vertex 18.0949 -3.43669 -4.57529
    endloop
  endfacet
  facet normal -0.192313 0.0260624 -0.980987
    outer loop
      vertex 18.0949 -3.43669 -4.57529
      vertex 22.9934 -5.856 -5.59987
      vertex 17.9414 -4.56936 -4.57529
    endloop
  endfacet
  facet normal -0.227106 0.0684181 -0.971464
    outer loop
      vertex 26.87 -12.3098 -6.87596
      vertex 26.3659 -13.9831 -6.87596
      vertex 21.6593 -11.487 -5.59987
    endloop
  endfacet
  facet normal -0.222624 0.0770684 -0.971853
    outer loop
      vertex 26.3659 -13.9831 -6.87596
      vertex 25.7983 -15.6227 -6.87596
      vertex 21.6593 -11.487 -5.59987
    endloop
  endfacet
  facet normal -0.231045 0.0596165 -0.971115
    outer loop
      vertex 27.3094 -10.6069 -6.87596
      vertex 26.87 -12.3098 -6.87596
      vertex 22.0734 -10.1124 -5.59987
    endloop
  endfacet
  facet normal -0.231046 0.0596046 -0.971115
    outer loop
      vertex 22.4343 -8.71344 -5.59987
      vertex 27.3094 -10.6069 -6.87596
      vertex 22.0734 -10.1124 -5.59987
    endloop
  endfacet
  facet normal -0.134276 0.0464831 -0.989853
    outer loop
      vertex 12.1009 -6.4177 -3.80469
      vertex 16.5366 -10.0141 -4.57529
      vertex 11.8404 -7.17021 -3.80469
    endloop
  endfacet
  facet normal -0.131217 0.0515774 -0.990011
    outer loop
      vertex 11.8404 -7.17021 -3.80469
      vertex 16.5366 -10.0141 -4.57529
      vertex 11.5514 -7.90545 -3.80469
    endloop
  endfacet
  facet normal -0.0438448 0.0172372 -0.99889
    outer loop
      vertex 7.11567 -4.30905 -3.28992
      vertex 6.94196 -4.7509 -3.28992
      vertex 2.3738 -1.4375 -3.03223
    endloop
  endfacet
  facet normal -0.0876097 0.0344431 -0.995559
    outer loop
      vertex 7.11567 -4.30905 -3.28992
      vertex 11.5514 -7.90545 -3.80469
      vertex 6.94196 -4.7509 -3.28992
    endloop
  endfacet
  facet normal -0.0802107 0.0441225 -0.995801
    outer loop
      vertex 6.54484 -5.59923 -3.28992
      vertex 10.8905 -9.31706 -3.80469
      vertex 6.32237 -6.00366 -3.28992
    endloop
  endfacet
  facet normal -0.04271 0.018897 -0.998909
    outer loop
      vertex 6.94196 -4.7509 -3.28992
      vertex 6.75153 -5.1813 -3.28992
      vertex 2.25232 -1.72849 -3.03223
    endloop
  endfacet
  facet normal -0.0414728 0.0205106 -0.998929
    outer loop
      vertex 6.75153 -5.1813 -3.28992
      vertex 6.54484 -5.59923 -3.28992
      vertex 2.25232 -1.72849 -3.03223
    endloop
  endfacet
  facet normal -0.0427095 0.0188977 -0.998909
    outer loop
      vertex 2.31585 -1.58491 -3.03223
      vertex 6.94196 -4.7509 -3.28992
      vertex 2.25232 -1.72849 -3.03223
    endloop
  endfacet
  facet normal -0.0401339 0.022077 -0.99895
    outer loop
      vertex 6.54484 -5.59923 -3.28992
      vertex 6.32237 -6.00366 -3.28992
      vertex 2.18336 -1.86791 -3.03223
    endloop
  endfacet
  facet normal -0.0483978 0.0667224 -0.996597
    outer loop
      vertex 4.04671 -8.64448 -3.28992
      vertex 6.73369 -14.3843 -3.80469
      vertex 3.71056 -8.88831 -3.28992
    endloop
  endfacet
  facet normal -0.0242018 0.0333651 -0.99915
    outer loop
      vertex 4.04671 -8.64448 -3.28992
      vertex 3.71056 -8.88831 -3.28992
      vertex 1.23785 -2.96515 -3.03223
    endloop
  endfacet
  facet normal -0.0282709 0.0313507 -0.999109
    outer loop
      vertex 4.68899 -8.095 -3.28992
      vertex 4.37312 -8.37984 -3.28992
      vertex 1.45888 -2.79552 -3.03223
    endloop
  endfacet
  facet normal -0.0565279 0.0626859 -0.996431
    outer loop
      vertex 4.68899 -8.095 -3.28992
      vertex 7.80243 -13.47 -3.80469
      vertex 4.37312 -8.37984 -3.28992
    endloop
  endfacet
  facet normal -0.101437 0.0832022 -0.991357
    outer loop
      vertex 12.935 -16.5617 -4.57529
      vertex 12.2848 -17.3544 -4.57529
      vertex 9.26164 -11.8584 -3.80469
    endloop
  endfacet
  facet normal -0.106507 0.0792088 -0.991152
    outer loop
      vertex 13.5542 -15.7291 -4.57529
      vertex 12.935 -16.5617 -4.57529
      vertex 9.26164 -11.8584 -3.80469
    endloop
  endfacet
  facet normal -0.0401353 0.0220756 -0.99895
    outer loop
      vertex 2.18336 -1.86791 -3.03223
      vertex 6.32237 -6.00366 -3.28992
      vertex 2.10915 -2.00283 -3.03223
    endloop
  endfacet
  facet normal -0.0773508 0.0471459 -0.995889
    outer loop
      vertex 6.32237 -6.00366 -3.28992
      vertex 10.1248 -10.6389 -3.80469
      vertex 6.08468 -6.39363 -3.28992
    endloop
  endfacet
  facet normal -0.0710766 -0.0528473 -0.99607
    outer loop
      vertex 9.26164 11.8584 -3.80469
      vertex 9.70493 11.2622 -3.80469
      vertex 5.83233 6.7682 -3.28992
    endloop
  endfacet
  facet normal -0.0483593 -0.00655526 -0.998808
    outer loop
      vertex 7.78621 1.4788 -3.28992
      vertex 2.59749 0.493329 -3.03223
      vertex 2.57545 0.655922 -3.03223
    endloop
  endfacet
  facet normal -0.0487126 -0.00469337 -0.998802
    outer loop
      vertex 7.78621 1.4788 -3.28992
      vertex 2.61327 0.329548 -3.03223
      vertex 2.59749 0.493329 -3.03223
    endloop
  endfacet
  facet normal -0.0176715 -0.0357797 -0.999203
    outer loop
      vertex 2.6518 9.48921 -3.28992
      vertex 3.01226 9.31118 -3.28992
      vertex 0.884643 3.16561 -3.03223
    endloop
  endfacet
  facet normal -0.0308079 -0.0728352 -0.996868
    outer loop
      vertex 3.80213 16.0481 -3.80469
      vertex 4.41256 15.7899 -3.80469
      vertex 2.28495 9.64437 -3.28992
    endloop
  endfacet
  facet normal 0.0565279 0.0626859 -0.996431
    outer loop
      vertex -4.68899 -8.095 -3.28992
      vertex -4.37312 -8.37984 -3.28992
      vertex -7.80243 -13.47 -3.80469
    endloop
  endfacet
  facet normal 0.0565303 0.0626843 -0.996431
    outer loop
      vertex -4.37312 -8.37984 -3.28992
      vertex -7.27683 -13.944 -3.80469
      vertex -7.80243 -13.47 -3.80469
    endloop
  endfacet
  facet normal 0.0853474 0.0377618 -0.995635
    outer loop
      vertex -6.94196 -4.7509 -3.28992
      vertex -6.75153 -5.1813 -3.28992
      vertex -11.2345 -8.62164 -3.80469
    endloop
  endfacet
  facet normal 0.0853456 0.0377638 -0.995635
    outer loop
      vertex -6.94196 -4.7509 -3.28992
      vertex -11.2345 -8.62164 -3.80469
      vertex -11.5514 -7.90545 -3.80469
    endloop
  endfacet
  facet normal -0.026203 -0.0739303 -0.996919
    outer loop
      vertex 3.18254 16.2677 -3.80469
      vertex 3.80213 16.0481 -3.80469
      vertex 2.28495 9.64437 -3.28992
    endloop
  endfacet
  facet normal -0.0393106 -0.110913 -0.993052
    outer loop
      vertex 3.18254 16.2677 -3.80469
      vertex 4.06722 18.8 -4.12254
      vertex 3.80213 16.0481 -3.80469
    endloop
  endfacet
  facet normal -0.0393119 -0.110912 -0.993052
    outer loop
      vertex 4.06722 18.8 -4.12254
      vertex 3.18254 16.2677 -3.80469
      vertex 3.67795 18.8 -4.10713
    endloop
  endfacet
  facet normal -0.0107581 -0.0374192 -0.999242
    outer loop
      vertex 1.53563 9.88469 -3.28992
      vertex 1.9126 9.77631 -3.28992
      vertex 0.638044 3.26139 -3.03223
    endloop
  endfacet
  facet normal -0.0215195 -0.0748496 -0.996963
    outer loop
      vertex 3.18254 16.2677 -3.80469
      vertex 1.9126 9.77631 -3.28992
      vertex 1.53563 9.88469 -3.28992
    endloop
  endfacet
  facet normal -0.022076 -0.0342534 -0.999169
    outer loop
      vertex 3.71056 8.88831 -3.28992
      vertex 1.23785 2.96515 -3.03223
      vertex 1.12272 3.03935 -3.03223
    endloop
  endfacet
  facet normal -0.00722818 -0.0765117 -0.997042
    outer loop
      vertex 1.28382 16.6895 -3.80469
      vertex 0.771532 10.0298 -3.28992
      vertex 0.386231 10.0662 -3.28992
    endloop
  endfacet
  facet normal -0.00361333 -0.0382478 -0.999262
    outer loop
      vertex 0.386231 10.0662 -3.28992
      vertex 0.771532 10.0298 -3.28992
      vertex 0.128847 3.3581 -3.03223
    endloop
  endfacet
  facet normal -0.00120115 -0.0383405 -0.999264
    outer loop
      vertex 0 10.0783 -3.28992
      vertex 0.386231 10.0662 -3.28992
      vertex 0 3.36215 -3.03223
    endloop
  endfacet
  facet normal -0.00240278 -0.0766964 -0.997052
    outer loop
      vertex 0 16.7703 -3.80469
      vertex 0.386231 10.0662 -3.28992
      vertex 0 10.0783 -3.28992
    endloop
  endfacet
  facet normal -0.026268 -0.032397 -0.99913
    outer loop
      vertex 4.04671 8.64448 -3.28992
      vertex 1.45888 2.79552 -3.03223
      vertex 1.34999 2.88381 -3.03223
    endloop
  endfacet
  facet normal -0.0242013 -0.0333654 -0.99915
    outer loop
      vertex 4.04671 8.64448 -3.28992
      vertex 1.34999 2.88381 -3.03223
      vertex 1.23785 2.96515 -3.03223
    endloop
  endfacet
  facet normal -0.0676692 -0.0555186 -0.996162
    outer loop
      vertex 8.79604 12.4259 -3.80469
      vertex 9.26164 11.8584 -3.80469
      vertex 5.28611 7.46756 -3.28992
    endloop
  endfacet
  facet normal -0.0960985 -0.0870121 -0.991561
    outer loop
      vertex 11.6049 18.1053 -4.57529
      vertex 12.2848 17.3544 -4.57529
      vertex 8.30925 12.9636 -3.80469
    endloop
  endfacet
  facet normal -0.0282711 -0.0313505 -0.999109
    outer loop
      vertex 4.68899 8.095 -3.28992
      vertex 1.56425 2.7005 -3.03223
      vertex 1.45888 2.79552 -3.03223
    endloop
  endfacet
  facet normal -0.0641116 -0.0580459 -0.996253
    outer loop
      vertex 8.30925 12.9636 -3.80469
      vertex 5.28611 7.46756 -3.28992
      vertex 4.99357 7.79067 -3.28992
    endloop
  endfacet
  facet normal -0.0371719 -0.025044 -0.998995
    outer loop
      vertex 5.83233 6.7682 -3.28992
      vertex 2.02986 2.13292 -3.03223
      vertex 1.94567 2.25788 -3.03223
    endloop
  endfacet
  facet normal 0.159946 0.0879735 -0.983198
    outer loop
      vertex -14.693 -13.9523 -4.57529
      vertex -18.8303 -17.881 -5.59987
      vertex -19.4928 -16.6765 -5.59987
    endloop
  endfacet
  facet normal 0.159943 0.0879781 -0.983198
    outer loop
      vertex -15.21 -13.0124 -4.57529
      vertex -14.693 -13.9523 -4.57529
      vertex -19.4928 -16.6765 -5.59987
    endloop
  endfacet
  facet normal 0.246635 0.12249 -0.961336
    outer loop
      vertex -24.4781 -18.7851 -6.87596
      vertex -24.4707 -18.8 -6.87596
      vertex -24.4974 -18.8 -6.88281
    endloop
  endfacet
  facet normal 0.206019 0.102318 -0.973184
    outer loop
      vertex -24.4781 -18.7851 -6.87596
      vertex -21.975 -18.8 -6.34763
      vertex -24.4707 -18.8 -6.87596
    endloop
  endfacet
  facet normal 0.206026 0.101881 -0.973228
    outer loop
      vertex -21.975 -18.8 -6.34763
      vertex -24.4781 -18.7851 -6.87596
      vertex -19.4928 -16.6765 -5.59987
    endloop
  endfacet
  facet normal 0.0438453 0.0172365 -0.99889
    outer loop
      vertex -2.3738 -1.4375 -3.03223
      vertex -2.31585 -1.58491 -3.03223
      vertex -6.94196 -4.7509 -3.28992
    endloop
  endfacet
  facet normal 0.206021 -0.101893 -0.973228
    outer loop
      vertex -19.4928 16.6765 -5.59987
      vertex -20.1084 15.4318 -5.59987
      vertex -24.4781 18.7851 -6.87596
    endloop
  endfacet
  facet normal 0.212065 -0.0938318 -0.972741
    outer loop
      vertex -20.1084 15.4318 -5.59987
      vertex -20.6756 14.1499 -5.59987
      vertex -24.4781 18.7851 -6.87596
    endloop
  endfacet
  facet normal -0.170101 0.0752644 -0.982548
    outer loop
      vertex 20.6756 -14.1499 -5.59987
      vertex 20.1084 -15.4318 -5.59987
      vertex 15.6904 -12.0412 -4.57529
    endloop
  endfacet
  facet normal -0.165224 0.0817158 -0.982865
    outer loop
      vertex 20.1084 -15.4318 -5.59987
      vertex 19.4928 -16.6765 -5.59987
      vertex 15.6904 -12.0412 -4.57529
    endloop
  endfacet
  facet normal -0.154264 0.0940353 -0.983545
    outer loop
      vertex 17.9589 -18.8 -5.55106
      vertex 18.8303 -17.881 -5.59987
      vertex 18.2701 -18.8 -5.59987
    endloop
  endfacet
  facet normal -0.15427 0.0940411 -0.983543
    outer loop
      vertex 18.8303 -17.881 -5.59987
      vertex 17.9589 -18.8 -5.55106
      vertex 14.693 -13.9523 -4.57529
    endloop
  endfacet
  facet normal -0.192437 0.117305 -0.974273
    outer loop
      vertex 18.8303 -17.881 -5.59987
      vertex 19.3904 -18.8 -5.82115
      vertex 18.2701 -18.8 -5.59987
    endloop
  endfacet
  facet normal -0.0710766 0.0528473 -0.99607
    outer loop
      vertex 9.70493 -11.2622 -3.80469
      vertex 9.26164 -11.8584 -3.80469
      vertex 5.83233 -6.7682 -3.28992
    endloop
  endfacet
  facet normal -0.106517 0.079198 -0.991152
    outer loop
      vertex 9.70493 -11.2622 -3.80469
      vertex 13.5542 -15.7291 -4.57529
      vertex 9.26164 -11.8584 -3.80469
    endloop
  endfacet
  facet normal -0.0961053 0.0870059 -0.991561
    outer loop
      vertex 8.79604 -12.4259 -3.80469
      vertex 12.2848 -17.3544 -4.57529
      vertex 8.30925 -12.9636 -3.80469
    endloop
  endfacet
  facet normal -0.101422 0.0832106 -0.991357
    outer loop
      vertex 9.26164 -11.8584 -3.80469
      vertex 12.2848 -17.3544 -4.57529
      vertex 8.79604 -12.4259 -3.80469
    endloop
  endfacet
  facet normal -0.0387003 0.0235882 -0.998972
    outer loop
      vertex 6.32237 -6.00366 -3.28992
      vertex 6.08468 -6.39363 -3.28992
      vertex 2.02986 -2.13292 -3.03223
    endloop
  endfacet
  facet normal -0.0371726 0.0250434 -0.998995
    outer loop
      vertex 6.08468 -6.39363 -3.28992
      vertex 5.83233 -6.7682 -3.28992
      vertex 2.02986 -2.13292 -3.03223
    endloop
  endfacet
  facet normal -0.04789 -0.00839922 -0.998817
    outer loop
      vertex 7.63551 2.44884 -3.28992
      vertex 7.72016 1.96619 -3.28992
      vertex 2.57545 0.655922 -3.03223
    endloop
  endfacet
  facet normal -0.0483596 -0.00655358 -0.998808
    outer loop
      vertex 7.72016 1.96619 -3.28992
      vertex 7.78621 1.4788 -3.28992
      vertex 2.57545 0.655922 -3.03223
    endloop
  endfacet
  facet normal -0.0154012 -0.0364147 -0.999218
    outer loop
      vertex 2.28495 9.64437 -3.28992
      vertex 0.884643 3.16561 -3.03223
      vertex 0.762261 3.21737 -3.03223
    endloop
  endfacet
  facet normal -0.03534 -0.071564 -0.99681
    outer loop
      vertex 4.41256 15.7899 -3.80469
      vertex 5.01237 15.4937 -3.80469
      vertex 2.6518 9.48921 -3.28992
    endloop
  endfacet
  facet normal -0.0308061 -0.0728358 -0.996868
    outer loop
      vertex 4.41256 15.7899 -3.80469
      vertex 2.6518 9.48921 -3.28992
      vertex 2.28495 9.64437 -3.28992
    endloop
  endfacet
  facet normal 0.128019 0.1159 -0.984976
    outer loop
      vertex -12.2848 -17.3544 -4.57529
      vertex -12.9244 -18.8 -4.82852
      vertex -13.3081 -18.8 -4.87839
    endloop
  endfacet
  facet normal 0.135099 0.110813 -0.984616
    outer loop
      vertex -13.3081 -18.8 -4.87839
      vertex -12.935 -16.5617 -4.57529
      vertex -12.2848 -17.3544 -4.57529
    endloop
  endfacet
  facet normal 0.135083 0.110815 -0.984618
    outer loop
      vertex -12.935 -16.5617 -4.57529
      vertex -13.3081 -18.8 -4.87839
      vertex -14.0421 -18.8 -4.97909
    endloop
  endfacet
  facet normal -0.0176716 -0.0357797 -0.999203
    outer loop
      vertex 3.01226 9.31118 -3.28992
      vertex 1.00489 3.10622 -3.03223
      vertex 0.884643 3.16561 -3.03223
    endloop
  endfacet
  facet normal -0.0710742 -0.0528489 -0.99607
    outer loop
      vertex 9.26164 11.8584 -3.80469
      vertex 5.83233 6.7682 -3.28992
      vertex 5.56593 7.12647 -3.28992
    endloop
  endfacet
  facet normal -0.0320684 -0.0290338 -0.999064
    outer loop
      vertex 5.28611 7.46756 -3.28992
      vertex 1.76345 2.49119 -3.03223
      vertex 1.66586 2.59898 -3.03223
    endloop
  endfacet
  facet normal -0.0387005 0.023588 -0.998972
    outer loop
      vertex 2.10915 -2.00283 -3.03223
      vertex 6.32237 -6.00366 -3.28992
      vertex 2.02986 -2.13292 -3.03223
    endloop
  endfacet
  facet normal 0.135106 0.110804 -0.984616
    outer loop
      vertex -12.935 -16.5617 -4.57529
      vertex -14.0421 -18.8 -4.97909
      vertex -14.6832 -18.8 -5.06706
    endloop
  endfacet
  facet normal -0.0338512 -0.0277705 -0.999041
    outer loop
      vertex 5.28611 7.46756 -3.28992
      vertex 5.56593 7.12647 -3.28992
      vertex 1.8568 2.3774 -3.03223
    endloop
  endfacet
  facet normal -0.0641147 -0.0580442 -0.996253
    outer loop
      vertex 8.30925 12.9636 -3.80469
      vertex 8.79604 12.4259 -3.80469
      vertex 5.28611 7.46756 -3.28992
    endloop
  endfacet
  facet normal -0.067672 -0.0555161 -0.996162
    outer loop
      vertex 9.26164 11.8584 -3.80469
      vertex 5.56593 7.12647 -3.28992
      vertex 5.28611 7.46756 -3.28992
    endloop
  endfacet
  facet normal -0.101422 -0.0832106 -0.991357
    outer loop
      vertex 12.2848 17.3544 -4.57529
      vertex 9.26164 11.8584 -3.80469
      vertex 8.79604 12.4259 -3.80469
    endloop
  endfacet
  facet normal -0.0961053 -0.0870059 -0.991561
    outer loop
      vertex 12.2848 17.3544 -4.57529
      vertex 8.79604 12.4259 -3.80469
      vertex 8.30925 12.9636 -3.80469
    endloop
  endfacet
  facet normal -0.0355559 -0.0264379 -0.999018
    outer loop
      vertex 5.56593 7.12647 -3.28992
      vertex 1.94567 2.25788 -3.03223
      vertex 1.8568 2.3774 -3.03223
    endloop
  endfacet
  facet normal -0.0355556 -0.0264382 -0.999018
    outer loop
      vertex 5.56593 7.12647 -3.28992
      vertex 5.83233 6.7682 -3.28992
      vertex 1.94567 2.25788 -3.03223
    endloop
  endfacet
  facet normal -0.0338512 -0.0277706 -0.999041
    outer loop
      vertex 5.28611 7.46756 -3.28992
      vertex 1.8568 2.3774 -3.03223
      vertex 1.76345 2.49119 -3.03223
    endloop
  endfacet
  facet normal 0.131208 -0.0519005 0.989995
    outer loop
      vertex 12.1724 -7.32722 -0.82725
      vertex 11.8752 -8.07856 -0.82725
      vertex 16.5852 -11.2827 -1.61946
    endloop
  endfacet
  facet normal 0.309167 0.107688 0.944891
    outer loop
      vertex 31.2315 18.8 -5.56749
      vertex 31.8785 16.8057 -5.5519
      vertex 33.5243 18.8 -6.31769
    endloop
  endfacet
  facet normal 0.309119 0.107672 0.944909
    outer loop
      vertex 31.8785 16.8057 -5.5519
      vertex 31.2315 18.8 -5.56749
      vertex 31.1921 18.7763 -5.5519
    endloop
  endfacet
  facet normal -0.336879 0.00649969 0.941526
    outer loop
      vertex -39.5408 2.47229 -7.37079
      vertex -39.5885 0 -7.37079
      vertex -34.4634 2.15483 -5.5519
    endloop
  endfacet
  facet normal -0.212053 0.0943893 0.972689
    outer loop
      vertex -25.8742 17.6019 -3.98463
      vertex -24.8372 18.8 -3.87482
      vertex -25.3409 18.8 -3.98463
    endloop
  endfacet
  facet normal -0.212053 0.0943894 0.972689
    outer loop
      vertex -24.8372 18.8 -3.87482
      vertex -25.8742 17.6019 -3.98463
      vertex -21.2553 14.4597 -2.67276
    endloop
  endfacet
  facet normal -0.0973123 0.00943026 0.995209
    outer loop
      vertex -13.3194 2.51459 -0.82725
      vertex -13.4003 1.67977 -0.82725
      vertex -8.00452 1.51118 -0.298049
    endloop
  endfacet
  facet normal -0.289606 0.0167956 0.956998
    outer loop
      vertex -29.1971 3.65994 -3.98463
      vertex -34.4634 2.15483 -5.5519
      vertex -29.3031 1.83218 -3.98463
    endloop
  endfacet
  facet normal -0.288252 -0.0279324 0.957147
    outer loop
      vertex -29.1971 -3.65994 -3.98463
      vertex -34.3388 -4.30447 -5.5519
      vertex -34.1315 -6.44373 -5.5519
    endloop
  endfacet
  facet normal -0.382673 -0.00738323 0.923855
    outer loop
      vertex -39.5885 0 -7.37079
      vertex -44.5229 -2.78379 -9.43693
      vertex -39.5408 -2.47229 -7.37079
    endloop
  endfacet
  facet normal 0.332228 -0.0452946 0.942111
    outer loop
      vertex 39.16 -7.39306 -7.37079
      vertex 33.842 -8.56748 -5.5519
      vertex 38.8278 -9.82969 -7.37079
    endloop
  endfacet
  facet normal 0.427548 0.00824311 0.903955
    outer loop
      vertex 49.3 3.08249 -11.6991
      vertex 44.5229 2.78379 -9.43693
      vertex 49.3 0.0887189 -11.6718
    endloop
  endfacet
  facet normal -0.1937 0.0187705 0.980881
    outer loop
      vertex -23.8403 4.50084 -2.67276
      vertex -23.9851 3.00659 -2.67276
      vertex -18.7153 2.34601 -1.61946
    endloop
  endfacet
  facet normal -0.185433 0.0481236 0.981478
    outer loop
      vertex -22.6923 10.3338 -2.67276
      vertex -23.0633 8.90424 -2.67276
      vertex -17.996 6.94787 -1.61946
    endloop
  endfacet
  facet normal -0.289604 -0.0167864 0.956999
    outer loop
      vertex -29.1971 -3.65994 -3.98463
      vertex -34.4634 -2.15483 -5.5519
      vertex -34.3388 -4.30447 -5.5519
    endloop
  endfacet
  facet normal -0.286227 -0.0390172 0.957367
    outer loop
      vertex -28.7747 -7.28463 -3.98463
      vertex -34.1315 -6.44373 -5.5519
      vertex -33.842 -8.56748 -5.5519
    endloop
  endfacet
  facet normal -0.143234 0.0252712 0.989366
    outer loop
      vertex -13.0616 4.16407 -0.82725
      vertex -18.4445 4.66942 -1.61946
      vertex -13.2064 3.34336 -0.82725
    endloop
  endfacet
  facet normal -0.334554 0.0324191 0.941819
    outer loop
      vertex -34.1315 6.44373 -5.5519
      vertex -39.3978 4.93862 -7.37079
      vertex -34.3388 4.30447 -5.5519
    endloop
  endfacet
  facet normal -0.334552 0.0324133 0.94182
    outer loop
      vertex -39.16 7.39306 -7.37079
      vertex -39.3978 4.93862 -7.37079
      vertex -34.1315 6.44373 -5.5519
    endloop
  endfacet
  facet normal 0.336102 -0.0194875 0.941624
    outer loop
      vertex 39.5408 -2.47229 -7.37079
      vertex 34.4634 -2.15483 -5.5519
      vertex 39.3978 -4.93862 -7.37079
    endloop
  endfacet
  facet normal 0.0478909 0.0084495 0.998817
    outer loop
      vertex 7.93661 2.00924 -0.298049
      vertex 2.61863 0.834824 -0.0331297
      vertex 2.64766 0.670285 -0.0331297
    endloop
  endfacet
  facet normal 0.289606 0.0167956 0.956998
    outer loop
      vertex 34.4634 2.15483 -5.5519
      vertex 29.1971 3.65994 -3.98463
      vertex 29.3031 1.83218 -3.98463
    endloop
  endfacet
  facet normal 0.377456 -0.0514669 0.924596
    outer loop
      vertex 44.0941 -8.32457 -9.43693
      vertex 39.16 -7.39306 -7.37079
      vertex 43.72 -11.0682 -9.43693
    endloop
  endfacet
  facet normal -0.154266 0.0945986 0.98349
    outer loop
      vertex -17.999 18.8 -2.51029
      vertex -15.105 14.2579 -1.61946
      vertex -14.5371 15.184 -1.61946
    endloop
  endfacet
  facet normal -0.154297 0.0945787 0.983487
    outer loop
      vertex -15.105 14.2579 -1.61946
      vertex -17.999 18.8 -2.51029
      vertex -18.1834 18.8 -2.53922
    endloop
  endfacet
  facet normal -0.426577 0.0247305 0.904113
    outer loop
      vertex -49.3 3.13655 -11.7005
      vertex -44.5229 2.78379 -9.43693
      vertex -44.3619 5.56088 -9.43693
    endloop
  endfacet
  facet normal -0.42667 0.0234137 0.904104
    outer loop
      vertex -44.5229 2.78379 -9.43693
      vertex -49.3 3.13655 -11.7005
      vertex -49.3 3.08249 -11.6991
    endloop
  endfacet
  facet normal -0.21759 0.086062 0.972239
    outer loop
      vertex -21.2553 14.4597 -2.67276
      vertex -25.8742 17.6019 -3.98463
      vertex -21.7872 13.1149 -2.67276
    endloop
  endfacet
  facet normal -0.19509 0.00375422 0.980778
    outer loop
      vertex -18.7832 1.17442 -1.61946
      vertex -24.0721 1.50511 -2.67276
      vertex -18.8058 0 -1.61946
    endloop
  endfacet
  facet normal -0.336879 -0.00649969 0.941526
    outer loop
      vertex -34.4634 -2.15483 -5.5519
      vertex -39.5885 0 -7.37079
      vertex -39.5408 -2.47229 -7.37079
    endloop
  endfacet
  facet normal -0.0847525 -0.0945426 0.991907
    outer loop
      vertex -7.48085 -14.2493 -0.82725
      vertex -10.885 -18.8 -1.55186
      vertex -9.86995 -18.8 -1.46513
    endloop
  endfacet
  facet normal -0.192314 0.0262183 0.980983
    outer loop
      vertex -18.4445 4.66942 -1.61946
      vertex -23.8403 4.50084 -2.67276
      vertex -18.6023 3.51194 -1.61946
    endloop
  endfacet
  facet normal -0.242404 -0.0140456 0.970074
    outer loop
      vertex -24.0721 -1.50511 -2.67276
      vertex -29.3031 -1.83218 -3.98463
      vertex -23.9851 -3.00659 -2.67276
    endloop
  endfacet
  facet normal 0.146376 -0.00849771 0.989193
    outer loop
      vertex 13.449 -0.840897 -0.82725
      vertex 13.4003 -1.67977 -0.82725
      vertex 18.7153 -2.34601 -1.61946
    endloop
  endfacet
  facet normal 0.0945102 -0.0205416 0.995312
    outer loop
      vertex 13.0616 -4.16407 -0.82725
      vertex 7.84959 -2.50246 -0.298049
      vertex 12.8854 -4.97475 -0.82725
    endloop
  endfacet
  facet normal 0.0322847 -0.112962 0.993075
    outer loop
      vertex 2.62692 -16.8082 -0.82725
      vertex 3.39789 -18.8 -1.07888
      vertex 3.27177 -16.6239 -0.82725
    endloop
  endfacet
  facet normal 0.0322765 -0.112965 0.993075
    outer loop
      vertex 3.39789 -18.8 -1.07888
      vertex 2.62692 -16.8082 -0.82725
      vertex 2.93822 -18.8 -1.06394
    endloop
  endfacet
  facet normal 0.28353 -0.0500245 0.957658
    outer loop
      vertex 28.7747 -7.28463 -3.98463
      vertex 28.4592 -9.07283 -3.98463
      vertex 33.842 -8.56748 -5.5519
    endloop
  endfacet
  facet normal 0.231041 0.0599598 0.971095
    outer loop
      vertex 28.0751 10.8392 -3.98463
      vertex 22.6923 10.3338 -2.67276
      vertex 23.0633 8.90424 -2.67276
    endloop
  endfacet
  facet normal 0.381802 -0.0221372 0.923979
    outer loop
      vertex 39.5408 -2.47229 -7.37079
      vertex 39.3978 -4.93862 -7.37079
      vertex 44.5229 -2.78379 -9.43693
    endloop
  endfacet
  facet normal -0.23727 0.0418626 0.970541
    outer loop
      vertex -28.4592 9.07283 -3.98463
      vertex -28.7747 7.28463 -3.98463
      vertex -23.638 5.98423 -2.67276
    endloop
  endfacet
  facet normal 0.329135 0.0580766 0.942495
    outer loop
      vertex 38.402 12.2426 -7.37079
      vertex 33.4709 10.6706 -5.5519
      vertex 33.842 8.56748 -5.5519
    endloop
  endfacet
  facet normal -0.426578 0.0247259 0.904113
    outer loop
      vertex -49.3 4.77404 -11.7453
      vertex -44.3619 5.56088 -9.43693
      vertex -49.2191 6.16975 -11.7453
    endloop
  endfacet
  facet normal -0.426579 0.0247356 0.904112
    outer loop
      vertex -44.3619 5.56088 -9.43693
      vertex -49.3 4.77404 -11.7453
      vertex -49.3 3.13655 -11.7005
    endloop
  endfacet
  facet normal -0.288257 0.0279233 0.957146
    outer loop
      vertex -29.0209 5.47888 -3.98463
      vertex -34.1315 6.44373 -5.5519
      vertex -29.1971 3.65994 -3.98463
    endloop
  endfacet
  facet normal -0.242407 -0.0140583 0.970073
    outer loop
      vertex -23.9851 -3.00659 -2.67276
      vertex -29.3031 -1.83218 -3.98463
      vertex -29.1971 -3.65994 -3.98463
    endloop
  endfacet
  facet normal -0.193699 0.018773 0.980881
    outer loop
      vertex -18.6023 3.51194 -1.61946
      vertex -23.8403 4.50084 -2.67276
      vertex -18.7153 2.34601 -1.61946
    endloop
  endfacet
  facet normal -0.290284 0.00559281 0.956924
    outer loop
      vertex -29.3031 1.83218 -3.98463
      vertex -34.4634 2.15483 -5.5519
      vertex -29.3384 0 -3.98463
    endloop
  endfacet
  facet normal -0.33688 -0.00650363 0.941525
    outer loop
      vertex -34.505 0 -5.5519
      vertex -39.5885 0 -7.37079
      vertex -34.4634 -2.15483 -5.5519
    endloop
  endfacet
  facet normal -0.146731 -0.00282362 0.989172
    outer loop
      vertex -13.449 -0.840897 -0.82725
      vertex -18.8058 0 -1.61946
      vertex -18.7832 -1.17442 -1.61946
    endloop
  endfacet
  facet normal -0.146731 0.0028268 0.989172
    outer loop
      vertex -13.449 0.840897 -0.82725
      vertex -18.8058 0 -1.61946
      vertex -13.4652 0 -0.82725
    endloop
  endfacet
  facet normal -0.192314 -0.0262183 0.980983
    outer loop
      vertex -18.6023 -3.51194 -1.61946
      vertex -23.8403 -4.50084 -2.67276
      vertex -18.4445 -4.66942 -1.61946
    endloop
  endfacet
  facet normal -0.146376 0.00849771 0.989193
    outer loop
      vertex -13.4003 1.67977 -0.82725
      vertex -18.7153 2.34601 -1.61946
      vertex -13.449 0.840897 -0.82725
    endloop
  endfacet
  facet normal -0.0945067 0.0205487 0.995312
    outer loop
      vertex -7.74366 2.98965 -0.298049
      vertex -12.8854 4.97475 -0.82725
      vertex -7.84959 2.50246 -0.298049
    endloop
  endfacet
  facet normal -0.0466071 0.0120977 0.99884
    outer loop
      vertex -7.61907 3.46964 -0.298049
      vertex -7.74366 2.98965 -0.298049
      vertex -2.58329 0.997352 -0.0331297
    endloop
  endfacet
  facet normal -0.0386999 0.0237311 0.998969
    outer loop
      vertex -2.08677 2.17963 -0.0331297
      vertex -6.49964 6.13513 -0.298049
      vertex -2.16829 2.04669 -0.0331297
    endloop
  endfacet
  facet normal -0.0914956 0.0277358 0.995419
    outer loop
      vertex -12.4402 6.55824 -0.82725
      vertex -12.6781 5.77345 -0.82725
      vertex -7.61907 3.46964 -0.298049
    endloop
  endfacet
  facet normal 0.143234 -0.0252712 0.989366
    outer loop
      vertex 13.2064 -3.34336 -0.82725
      vertex 13.0616 -4.16407 -0.82725
      vertex 18.4445 -4.66942 -1.61946
    endloop
  endfacet
  facet normal -0.336102 -0.0194875 0.941624
    outer loop
      vertex -34.4634 -2.15483 -5.5519
      vertex -39.5408 -2.47229 -7.37079
      vertex -39.3978 -4.93862 -7.37079
    endloop
  endfacet
  facet normal -0.283531 -0.0500296 0.957657
    outer loop
      vertex -28.4592 -9.07283 -3.98463
      vertex -33.842 -8.56748 -5.5519
      vertex -33.4709 -10.6706 -5.5519
    endloop
  endfacet
  facet normal 0.315289 0.0955587 0.944172
    outer loop
      vertex 37.2743 16.9743 -7.37079
      vertex 31.8785 16.8057 -5.5519
      vertex 32.488 14.7947 -5.5519
    endloop
  endfacet
  facet normal 0.332227 0.0452877 0.942112
    outer loop
      vertex 39.16 7.39306 -7.37079
      vertex 33.842 8.56748 -5.5519
      vertex 34.1315 6.44373 -5.5519
    endloop
  endfacet
  facet normal 0.260232 0.102116 0.960131
    outer loop
      vertex 27.6354 18.8 -4.59042
      vertex 31.1921 18.7763 -5.5519
      vertex 31.1828 18.8 -5.5519
    endloop
  endfacet
  facet normal 0.260216 0.102911 0.960051
    outer loop
      vertex 31.1921 18.7763 -5.5519
      vertex 27.6354 18.8 -4.59042
      vertex 25.8742 17.6019 -3.98463
    endloop
  endfacet
  facet normal 0.0973123 0.00943026 0.995209
    outer loop
      vertex 13.3194 2.51459 -0.82725
      vertex 8.00452 1.51118 -0.298049
      vertex 13.4003 1.67977 -0.82725
    endloop
  endfacet
  facet normal 0.19509 -0.00375422 0.980778
    outer loop
      vertex 18.8058 0 -1.61946
      vertex 18.7832 -1.17442 -1.61946
      vertex 24.0721 -1.50511 -2.67276
    endloop
  endfacet
  facet normal 0.0725693 0.100656 0.992271
    outer loop
      vertex 8.16533 18.8 -1.33412
      vertex 6.92248 14.6993 -0.82725
      vertex 8.85365 18.8 -1.38446
    endloop
  endfacet
  facet normal 0.146731 -0.0028268 0.989172
    outer loop
      vertex 13.4652 0 -0.82725
      vertex 13.449 -0.840897 -0.82725
      vertex 18.8058 0 -1.61946
    endloop
  endfacet
  facet normal 0.0973123 -0.00943058 0.995209
    outer loop
      vertex 8.05314 -1.00948 -0.298049
      vertex 8.00452 -1.51118 -0.298049
      vertex 13.4003 -1.67977 -0.82725
    endloop
  endfacet
  facet normal 0.0323071 -0.11296 0.993074
    outer loop
      vertex 3.70005 -18.8 -1.08871
      vertex 3.27177 -16.6239 -0.82725
      vertex 3.39789 -18.8 -1.07888
    endloop
  endfacet
  facet normal -0.194626 -0.0112772 0.980813
    outer loop
      vertex -18.7153 -2.34601 -1.61946
      vertex -24.0721 -1.50511 -2.67276
      vertex -23.9851 -3.00659 -2.67276
    endloop
  endfacet
  facet normal 0.0198976 -0.0352699 0.99918
    outer loop
      vertex 3.45982 -9.31022 -0.298049
      vertex 1.1542 -3.1059 -0.0331297
      vertex 3.09671 -9.51507 -0.298049
    endloop
  endfacet
  facet normal 0.336102 0.0194875 0.941624
    outer loop
      vertex 39.3978 4.93862 -7.37079
      vertex 34.4634 2.15483 -5.5519
      vertex 39.5408 2.47229 -7.37079
    endloop
  endfacet
  facet normal 0.288252 -0.0279324 0.957147
    outer loop
      vertex 34.3388 -4.30447 -5.5519
      vertex 29.1971 -3.65994 -3.98463
      vertex 34.1315 -6.44373 -5.5519
    endloop
  endfacet
  facet normal 0.242977 -0.00468135 0.970021
    outer loop
      vertex 29.3384 0 -3.98463
      vertex 24.0721 -1.50511 -2.67276
      vertex 29.3031 -1.83218 -3.98463
    endloop
  endfacet
  facet normal 0.364472 0.0946024 0.926397
    outer loop
      vertex 42.6571 16.4689 -9.43693
      vertex 37.2743 16.9743 -7.37079
      vertex 37.8838 14.6261 -7.37079
    endloop
  endfacet
  facet normal 0.426578 0.0247259 0.904113
    outer loop
      vertex 44.3619 5.56088 -9.43693
      vertex 49.3 4.77404 -11.7453
      vertex 49.2191 6.16975 -11.7453
    endloop
  endfacet
  facet normal 0.426579 0.0247356 0.904112
    outer loop
      vertex 49.3 4.77404 -11.7453
      vertex 44.3619 5.56088 -9.43693
      vertex 49.3 3.13655 -11.7005
    endloop
  endfacet
  facet normal 0.358438 0.108649 0.927209
    outer loop
      vertex 38.7809 18.8 -8.16714
      vertex 36.7209 18.8 -7.37079
      vertex 37.2743 16.9743 -7.37079
    endloop
  endfacet
  facet normal -0.332227 -0.0452877 0.942112
    outer loop
      vertex -34.1315 -6.44373 -5.5519
      vertex -39.16 -7.39306 -7.37079
      vertex -33.842 -8.56748 -5.5519
    endloop
  endfacet
  facet normal -0.427548 -0.00824311 0.903955
    outer loop
      vertex -49.3 -0.0887189 -11.6718
      vertex -49.3 -3.08249 -11.6991
      vertex -44.5229 -2.78379 -9.43693
    endloop
  endfacet
  facet normal -0.382673 0.00738323 0.923855
    outer loop
      vertex -39.5408 2.47229 -7.37079
      vertex -44.5229 2.78379 -9.43693
      vertex -39.5885 0 -7.37079
    endloop
  endfacet
  facet normal -0.0220762 0.0344596 0.999162
    outer loop
      vertex -3.45982 9.31022 -0.298049
      vertex -3.81459 9.08294 -0.298049
      vertex -1.1542 3.1059 -0.0331297
    endloop
  endfacet
  facet normal -0.0980161 0.00188829 0.995183
    outer loop
      vertex -13.449 0.840897 -0.82725
      vertex -13.4652 0 -0.82725
      vertex -8.08235 0.505349 -0.298049
    endloop
  endfacet
  facet normal -0.0977825 0.00566565 0.995192
    outer loop
      vertex -8.05314 1.00948 -0.298049
      vertex -13.4003 1.67977 -0.82725
      vertex -8.08235 0.505349 -0.298049
    endloop
  endfacet
  facet normal -0.33688 0.00650363 0.941525
    outer loop
      vertex -34.4634 2.15483 -5.5519
      vertex -39.5885 0 -7.37079
      vertex -34.505 0 -5.5519
    endloop
  endfacet
  facet normal -0.290284 -0.00559281 0.956924
    outer loop
      vertex -29.3384 0 -3.98463
      vertex -34.4634 -2.15483 -5.5519
      vertex -29.3031 -1.83218 -3.98463
    endloop
  endfacet
  facet normal -0.194626 0.0112797 0.980813
    outer loop
      vertex -18.7153 2.34601 -1.61946
      vertex -24.0721 1.50511 -2.67276
      vertex -18.7832 1.17442 -1.61946
    endloop
  endfacet
  facet normal -0.242404 0.0140456 0.970074
    outer loop
      vertex -23.9851 3.00659 -2.67276
      vertex -29.3031 1.83218 -3.98463
      vertex -24.0721 1.50511 -2.67276
    endloop
  endfacet
  facet normal -0.271477 -0.08228 0.958921
    outer loop
      vertex -27.1052 -14.2893 -3.98463
      vertex -32.488 -14.7947 -5.5519
      vertex -31.8785 -16.8057 -5.5519
    endloop
  endfacet
  facet normal -0.0973123 0.00943058 0.995209
    outer loop
      vertex -8.00452 1.51118 -0.298049
      vertex -13.4003 1.67977 -0.82725
      vertex -8.05314 1.00948 -0.298049
    endloop
  endfacet
  facet normal -0.093114 0.0241694 0.995362
    outer loop
      vertex -7.61907 3.46964 -0.298049
      vertex -12.8854 4.97475 -0.82725
      vertex -7.74366 2.98965 -0.298049
    endloop
  endfacet
  facet normal -0.111331 0.0754601 0.990914
    outer loop
      vertex -13.9342 16.0735 -1.61946
      vertex -14.5371 15.184 -1.61946
      vertex -10.4087 10.8719 -0.82725
    endloop
  endfacet
  facet normal -0.135073 0.111477 0.984545
    outer loop
      vertex -13.818 18.8 -1.90321
      vertex -13.2977 16.9244 -1.61946
      vertex -12.6292 17.7344 -1.61946
    endloop
  endfacet
  facet normal -0.135083 0.111474 0.984544
    outer loop
      vertex -13.2977 16.9244 -1.61946
      vertex -13.818 18.8 -1.90321
      vertex -14.7714 18.8 -2.03402
    endloop
  endfacet
  facet normal -0.0896629 0.0312254 0.995483
    outer loop
      vertex -12.1724 7.32722 -0.82725
      vertex -12.4402 6.55824 -0.82725
      vertex -7.31517 4.40341 -0.298049
    endloop
  endfacet
  facet normal 0.0489497 0.0028349 0.998797
    outer loop
      vertex 8.05314 1.00948 -0.298049
      vertex 2.68654 0.336764 -0.0331297
      vertex 2.69628 0.168585 -0.0331297
    endloop
  endfacet
  facet normal -0.174564 -0.0690402 0.982222
    outer loop
      vertex -17.0002 -10.2334 -1.61946
      vertex -21.7872 -13.1149 -2.67276
      vertex -16.5852 -11.2827 -1.61946
    endloop
  endfacet
  facet normal -0.315289 -0.0955587 0.944172
    outer loop
      vertex -32.488 -14.7947 -5.5519
      vertex -37.2743 -16.9743 -7.37079
      vertex -31.8785 -16.8057 -5.5519
    endloop
  endfacet
  facet normal -0.241262 -0.0233794 0.970178
    outer loop
      vertex -23.9851 -3.00659 -2.67276
      vertex -29.0209 -5.47888 -3.98463
      vertex -23.8403 -4.50084 -2.67276
    endloop
  endfacet
  facet normal 0.369659 0.0803681 0.925685
    outer loop
      vertex 42.6571 16.4689 -9.43693
      vertex 37.8838 14.6261 -7.37079
      vertex 38.402 12.2426 -7.37079
    endloop
  endfacet
  facet normal 0.377456 0.0514669 0.924596
    outer loop
      vertex 43.72 11.0682 -9.43693
      vertex 39.16 7.39306 -7.37079
      vertex 44.0941 8.32457 -9.43693
    endloop
  endfacet
  facet normal 0.0966084 -0.0131722 0.995235
    outer loop
      vertex 13.3194 -2.51459 -0.82725
      vertex 7.93661 -2.00924 -0.298049
      vertex 13.2064 -3.34336 -0.82725
    endloop
  endfacet
  facet normal 0.0676716 -0.0558481 0.996143
    outer loop
      vertex 5.72198 -7.28252 -0.298049
      vertex 5.43432 -7.63108 -0.298049
      vertex 9.52132 -12.118 -0.82725
    endloop
  endfacet
  facet normal 0.242977 0.00468135 0.970021
    outer loop
      vertex 29.3031 1.83218 -3.98463
      vertex 24.0721 1.50511 -2.67276
      vertex 29.3384 0 -3.98463
    endloop
  endfacet
  facet normal 0.143233 0.0252795 0.989366
    outer loop
      vertex 18.2422 5.81565 -1.61946
      vertex 13.0616 4.16407 -0.82725
      vertex 18.4445 4.66942 -1.61946
    endloop
  endfacet
  facet normal 0.237277 0.0418509 0.97054
    outer loop
      vertex 28.4592 9.07283 -3.98463
      vertex 23.3789 7.45322 -2.67276
      vertex 23.638 5.98423 -2.67276
    endloop
  endfacet
  facet normal 0.29028 0.00560399 0.956925
    outer loop
      vertex 34.4634 2.15483 -5.5519
      vertex 29.3384 0 -3.98463
      vertex 34.505 0 -5.5519
    endloop
  endfacet
  facet normal 0.28017 0.0609234 0.958015
    outer loop
      vertex 33.4709 10.6706 -5.5519
      vertex 28.0751 10.8392 -3.98463
      vertex 28.4592 9.07283 -3.98463
    endloop
  endfacet
  facet normal 0.286227 0.0390172 0.957367
    outer loop
      vertex 33.842 8.56748 -5.5519
      vertex 28.7747 7.28463 -3.98463
      vertex 34.1315 6.44373 -5.5519
    endloop
  endfacet
  facet normal 0.0483944 -0.067122 0.99657
    outer loop
      vertex 4.16017 -8.83378 -0.298049
      vertex 3.81459 -9.08294 -0.298049
      vertex 6.34744 -15.1139 -0.82725
    endloop
  endfacet
  facet normal -0.0176709 -0.0359952 0.999196
    outer loop
      vertex -1.03307 -3.17424 -0.0331297
      vertex -2.72615 -9.697 -0.298049
      vertex -0.909446 -3.23493 -0.0331297
    endloop
  endfacet
  facet normal 0.407446 -0.105857 0.907074
    outer loop
      vertex 42.6571 -16.4689 -9.43693
      vertex 46.2134 -18.4194 -11.262
      vertex 46.8406 -18.0841 -11.5046
    endloop
  endfacet
  facet normal 0.407482 -0.105783 0.907066
    outer loop
      vertex 46.2134 -18.4194 -11.262
      vertex 42.6571 -16.4689 -9.43693
      vertex 45.2754 -18.7039 -10.8738
    endloop
  endfacet
  facet normal 0.407489 -0.105773 0.907064
    outer loop
      vertex 45.2754 -18.7039 -10.8738
      vertex 42.6571 -16.4689 -9.43693
      vertex 44.5597 -18.7744 -10.5605
    endloop
  endfacet
  facet normal 0.380062 0.0368278 0.924227
    outer loop
      vertex 44.0941 8.32457 -9.43693
      vertex 39.3978 4.93862 -7.37079
      vertex 44.3619 5.56088 -9.43693
    endloop
  endfacet
  facet normal 0.465149 0.0632951 0.882967
    outer loop
      vertex 49.3 9.61152 -11.9714
      vertex 48.9219 9.23604 -11.7453
      vertex 49.3 9.30741 -11.9496
    endloop
  endfacet
  facet normal 0.336879 0.00649969 0.941526
    outer loop
      vertex 39.5408 2.47229 -7.37079
      vertex 34.4634 2.15483 -5.5519
      vertex 39.5885 0 -7.37079
    endloop
  endfacet
  facet normal 0.427525 0.0091701 0.903957
    outer loop
      vertex 49.3 0.0887189 -11.6718
      vertex 44.5765 0 -9.43693
      vertex 49.3 0 -11.6709
    endloop
  endfacet
  facet normal 0.427543 0.00823205 0.903958
    outer loop
      vertex 44.5765 0 -9.43693
      vertex 49.3 0.0887189 -11.6718
      vertex 44.5229 2.78379 -9.43693
    endloop
  endfacet
  facet normal 0.461031 0.0813879 0.883644
    outer loop
      vertex 47.9751 15.2945 -11.7453
      vertex 49.3 13.8 -12.2989
      vertex 49.2039 14.7754 -12.3386
    endloop
  endfacet
  facet normal 0.461003 0.0812967 0.883667
    outer loop
      vertex 47.9751 15.2945 -11.7453
      vertex 49.2039 14.7754 -12.3386
      vertex 48.952 15.606 -12.2836
    endloop
  endfacet
  facet normal 0.460974 0.081325 0.883679
    outer loop
      vertex 48.5069 12.2801 -11.7453
      vertex 49.3 13.8 -12.2989
      vertex 47.9751 15.2945 -11.7453
    endloop
  endfacet
  facet normal 0.46109 0.0812451 0.883626
    outer loop
      vertex 49.3 13.8 -12.2989
      vertex 48.5069 12.2801 -11.7453
      vertex 49.3 13.1507 -12.2392
    endloop
  endfacet
  facet normal 0.382673 0.00738323 0.923855
    outer loop
      vertex 44.5229 2.78379 -9.43693
      vertex 39.5408 2.47229 -7.37079
      vertex 39.5885 0 -7.37079
    endloop
  endfacet
  facet normal 0.468676 0.0453618 0.882204
    outer loop
      vertex 49.3 9.05044 -11.9364
      vertex 49.2191 6.16975 -11.7453
      vertex 49.3 6.17989 -11.7888
    endloop
  endfacet
  facet normal 0.468273 0.0453873 0.882418
    outer loop
      vertex 49.2191 6.16975 -11.7453
      vertex 49.3 9.05044 -11.9364
      vertex 48.9219 9.23604 -11.7453
    endloop
  endfacet
  facet normal -0.334554 -0.0324191 0.941819
    outer loop
      vertex -34.3388 -4.30447 -5.5519
      vertex -39.3978 -4.93862 -7.37079
      vertex -34.1315 -6.44373 -5.5519
    endloop
  endfacet
  facet normal -0.336102 0.0194875 0.941624
    outer loop
      vertex -39.3978 4.93862 -7.37079
      vertex -39.5408 2.47229 -7.37079
      vertex -34.4634 2.15483 -5.5519
    endloop
  endfacet
  facet normal -0.413192 0.0898377 0.906202
    outer loop
      vertex -42.6571 16.4689 -9.43693
      vertex -47.9751 15.2945 -11.7453
      vertex -43.2406 13.7852 -9.43693
    endloop
  endfacet
  facet normal -0.381802 0.0221372 0.923979
    outer loop
      vertex -39.3978 4.93862 -7.37079
      vertex -44.5229 2.78379 -9.43693
      vertex -39.5408 2.47229 -7.37079
    endloop
  endfacet
  facet normal -0.320657 0.0832298 0.943532
    outer loop
      vertex -37.2743 16.9743 -7.37079
      vertex -37.8838 14.6261 -7.37079
      vertex -33.0192 12.748 -5.5519
    endloop
  endfacet
  facet normal -0.289604 0.0167864 0.956999
    outer loop
      vertex -34.3388 4.30447 -5.5519
      vertex -34.4634 2.15483 -5.5519
      vertex -29.1971 3.65994 -3.98463
    endloop
  endfacet
  facet normal 0.144629 0.0197173 0.989289
    outer loop
      vertex 18.4445 4.66942 -1.61946
      vertex 13.3194 2.51459 -0.82725
      vertex 18.6023 3.51194 -1.61946
    endloop
  endfacet
  facet normal -0.134271 0.0467698 0.98984
    outer loop
      vertex -17.0002 10.2334 -1.61946
      vertex -17.3743 9.1594 -1.61946
      vertex -12.4402 6.55824 -0.82725
    endloop
  endfacet
  facet normal 0.190471 0.0336165 0.981117
    outer loop
      vertex 23.638 5.98423 -2.67276
      vertex 18.2422 5.81565 -1.61946
      vertex 18.4445 4.66942 -1.61946
    endloop
  endfacet
  facet normal -0.00363731 0.115763 0.99327
    outer loop
      vertex 0 18.8 -1.02101
      vertex -0.226655 18.8 -1.02184
      vertex 0 17.1375 -0.82725
    endloop
  endfacet
  facet normal -0.145677 0.0141188 0.989231
    outer loop
      vertex -18.6023 3.51194 -1.61946
      vertex -18.7153 2.34601 -1.61946
      vertex -13.4003 1.67977 -0.82725
    endloop
  endfacet
  facet normal -0.0945102 0.0205416 0.995312
    outer loop
      vertex -12.8854 4.97475 -0.82725
      vertex -13.0616 4.16407 -0.82725
      vertex -7.84959 2.50246 -0.298049
    endloop
  endfacet
  facet normal -0.0977801 0.00567654 0.995192
    outer loop
      vertex -13.4003 1.67977 -0.82725
      vertex -13.449 0.840897 -0.82725
      vertex -8.08235 0.505349 -0.298049
    endloop
  endfacet
  facet normal -0.242977 -0.00468135 0.970021
    outer loop
      vertex -24.0721 -1.50511 -2.67276
      vertex -29.3384 0 -3.98463
      vertex -29.3031 -1.83218 -3.98463
    endloop
  endfacet
  facet normal -0.29028 -0.00560399 0.956925
    outer loop
      vertex -29.3384 0 -3.98463
      vertex -34.505 0 -5.5519
      vertex -34.4634 -2.15483 -5.5519
    endloop
  endfacet
  facet normal -0.29028 0.00560399 0.956925
    outer loop
      vertex -34.4634 2.15483 -5.5519
      vertex -34.505 0 -5.5519
      vertex -29.3384 0 -3.98463
    endloop
  endfacet
  facet normal -0.146376 -0.00849771 0.989193
    outer loop
      vertex -13.449 -0.840897 -0.82725
      vertex -18.7153 -2.34601 -1.61946
      vertex -13.4003 -1.67977 -0.82725
    endloop
  endfacet
  facet normal -0.19509 -0.00375422 0.980778
    outer loop
      vertex -18.8058 0 -1.61946
      vertex -24.0721 -1.50511 -2.67276
      vertex -18.7832 -1.17442 -1.61946
    endloop
  endfacet
  facet normal -0.0489497 -0.0028349 0.998797
    outer loop
      vertex -2.69628 -0.168585 -0.0331297
      vertex -8.05314 -1.00948 -0.298049
      vertex -2.68654 -0.336764 -0.0331297
    endloop
  endfacet
  facet normal -0.146731 -0.0028268 0.989172
    outer loop
      vertex -13.4652 0 -0.82725
      vertex -18.8058 0 -1.61946
      vertex -13.449 -0.840897 -0.82725
    endloop
  endfacet
  facet normal -0.141502 0.0307552 0.98946
    outer loop
      vertex -12.8854 4.97475 -0.82725
      vertex -18.2422 5.81565 -1.61946
      vertex -13.0616 4.16407 -0.82725
    endloop
  endfacet
  facet normal -0.143233 0.0252795 0.989366
    outer loop
      vertex -18.2422 5.81565 -1.61946
      vertex -18.4445 4.66942 -1.61946
      vertex -13.0616 4.16407 -0.82725
    endloop
  endfacet
  facet normal -0.0956732 0.0168799 0.99527
    outer loop
      vertex -13.0616 4.16407 -0.82725
      vertex -13.2064 3.34336 -0.82725
      vertex -7.93661 2.00924 -0.298049
    endloop
  endfacet
  facet normal -0.0966084 0.0131722 0.995235
    outer loop
      vertex -13.2064 3.34336 -0.82725
      vertex -13.3194 2.51459 -0.82725
      vertex -7.93661 2.00924 -0.298049
    endloop
  endfacet
  facet normal -0.0448748 0.0156296 0.99887
    outer loop
      vertex -7.31517 4.40341 -0.298049
      vertex -7.47613 3.94127 -0.298049
      vertex -2.49405 1.31481 -0.0331297
    endloop
  endfacet
  facet normal -0.182243 0.0552352 0.981701
    outer loop
      vertex -17.3743 9.1594 -1.61946
      vertex -22.2665 11.7385 -2.67276
      vertex -17.7065 8.06334 -1.61946
    endloop
  endfacet
  facet normal -0.0457963 0.0138798 0.998854
    outer loop
      vertex -7.47613 3.94127 -0.298049
      vertex -7.61907 3.46964 -0.298049
      vertex -2.49405 1.31481 -0.0331297
    endloop
  endfacet
  facet normal -0.0198986 0.0352696 0.99918
    outer loop
      vertex -1.03307 3.17424 -0.0331297
      vertex -3.09671 9.51507 -0.298049
      vertex -1.1542 3.1059 -0.0331297
    endloop
  endfacet
  facet normal -0.0427106 0.0190106 0.998907
    outer loop
      vertex -2.31547 1.76634 -0.0331297
      vertex -6.94083 5.29476 -0.298049
      vertex -2.38078 1.61961 -0.0331297
    endloop
  endfacet
  facet normal -0.13701 0.0415331 0.989699
    outer loop
      vertex -12.4402 6.55824 -0.82725
      vertex -17.7065 8.06334 -1.61946
      vertex -12.6781 5.77345 -0.82725
    endloop
  endfacet
  facet normal -0.0931145 0.0241676 0.995362
    outer loop
      vertex -12.6781 5.77345 -0.82725
      vertex -12.8854 4.97475 -0.82725
      vertex -7.61907 3.46964 -0.298049
    endloop
  endfacet
  facet normal -0.0427106 0.0190107 0.998907
    outer loop
      vertex -6.94083 5.29476 -0.298049
      vertex -7.1366 4.85493 -0.298049
      vertex -2.38078 1.61961 -0.0331297
    endloop
  endfacet
  facet normal -0.188174 0.0409182 0.981283
    outer loop
      vertex -17.996 6.94787 -1.61946
      vertex -23.0633 8.90424 -2.67276
      vertex -18.2422 5.81565 -1.61946
    endloop
  endfacet
  facet normal 0.21759 0.086062 0.972239
    outer loop
      vertex 25.8742 17.6019 -3.98463
      vertex 21.2553 14.4597 -2.67276
      vertex 21.7872 13.1149 -2.67276
    endloop
  endfacet
  facet normal 0.227089 0.0688363 0.971438
    outer loop
      vertex 27.1052 14.2893 -3.98463
      vertex 22.2665 11.7385 -2.67276
      vertex 22.6923 10.3338 -2.67276
    endloop
  endfacet
  facet normal -0.0108501 0.115487 0.99325
    outer loop
      vertex -1.21868 18.8 -1.02904
      vertex -1.45486 18.8 -1.03162
      vertex -1.31982 17.055 -0.82725
    endloop
  endfacet
  facet normal 0.0743005 0.0503573 0.995964
    outer loop
      vertex 9.97704 11.5088 -0.82725
      vertex 5.99585 6.91641 -0.298049
      vertex 10.4087 10.8719 -0.82725
    endloop
  endfacet
  facet normal -0.413194 -0.0898502 0.9062
    outer loop
      vertex -47.9751 -15.2945 -11.7453
      vertex -46.8406 -18.0841 -11.5046
      vertex -42.6571 -16.4689 -9.43693
    endloop
  endfacet
  facet normal -0.41319 -0.0898484 0.906202
    outer loop
      vertex -47.4652 -17.6394 -11.7453
      vertex -46.8406 -18.0841 -11.5046
      vertex -47.9751 -15.2945 -11.7453
    endloop
  endfacet
  facet normal -0.413414 -0.0902394 0.906061
    outer loop
      vertex -46.8406 -18.0841 -11.5046
      vertex -47.4652 -17.6394 -11.7453
      vertex -47.0778 -17.9573 -11.6002
    endloop
  endfacet
  facet normal -0.28017 -0.0609188 0.958016
    outer loop
      vertex -28.0751 -10.8392 -3.98463
      vertex -33.4709 -10.6706 -5.5519
      vertex -33.0192 -12.748 -5.5519
    endloop
  endfacet
  facet normal -0.320662 -0.0832244 0.943531
    outer loop
      vertex -33.0192 -12.748 -5.5519
      vertex -37.2743 -16.9743 -7.37079
      vertex -32.488 -14.7947 -5.5519
    endloop
  endfacet
  facet normal 0.00600336 -0.0382929 0.999249
    outer loop
      vertex 1.18736 -10.1876 -0.298049
      vertex 0.2646 -3.41923 -0.0331297
      vertex 0.793164 -10.2494 -0.298049
    endloop
  endfacet
  facet normal -0.260217 -0.102904 0.960051
    outer loop
      vertex -26.5216 -15.9648 -3.98463
      vertex -31.1921 -18.7763 -5.5519
      vertex -25.8742 -17.6019 -3.98463
    endloop
  endfacet
  facet normal -0.289606 -0.0167956 0.956998
    outer loop
      vertex -29.3031 -1.83218 -3.98463
      vertex -34.4634 -2.15483 -5.5519
      vertex -29.1971 -3.65994 -3.98463
    endloop
  endfacet
  facet normal -0.320657 -0.0832298 0.943532
    outer loop
      vertex -33.0192 -12.748 -5.5519
      vertex -37.8838 -14.6261 -7.37079
      vertex -37.2743 -16.9743 -7.37079
    endloop
  endfacet
  facet normal 0.0977801 -0.00567654 0.995192
    outer loop
      vertex 13.449 -0.840897 -0.82725
      vertex 8.08235 -0.505349 -0.298049
      vertex 13.4003 -1.67977 -0.82725
    endloop
  endfacet
  facet normal 0.192314 -0.0262272 0.980983
    outer loop
      vertex 23.8403 -4.50084 -2.67276
      vertex 18.4445 -4.66942 -1.61946
      vertex 23.638 -5.98423 -2.67276
    endloop
  endfacet
  facet normal 0.0392841 0.111576 0.992979
    outer loop
      vertex 3.70005 18.8 -1.08871
      vertex 3.27177 16.6239 -0.82725
      vertex 4.02966 18.8 -1.10175
    endloop
  endfacet
  facet normal 0.0401365 0.0222078 0.998947
    outer loop
      vertex 6.49964 6.13513 -0.298049
      vertex 2.16829 2.04669 -0.0331297
      vertex 2.24458 1.90881 -0.0331297
    endloop
  endfacet
  facet normal 0.242977 -0.0046816 0.970021
    outer loop
      vertex 24.1011 0 -2.67276
      vertex 24.0721 -1.50511 -2.67276
      vertex 29.3384 0 -3.98463
    endloop
  endfacet
  facet normal 0.0931145 0.0241676 0.995362
    outer loop
      vertex 12.6781 5.77345 -0.82725
      vertex 7.61907 3.46964 -0.298049
      vertex 12.8854 4.97475 -0.82725
    endloop
  endfacet
  facet normal 0.239547 -0.0326604 0.970335
    outer loop
      vertex 29.0209 -5.47888 -3.98463
      vertex 23.638 -5.98423 -2.67276
      vertex 28.7747 -7.28463 -3.98463
    endloop
  endfacet
  facet normal 0.0914956 -0.0277358 0.995419
    outer loop
      vertex 12.6781 -5.77345 -0.82725
      vertex 7.61907 -3.46964 -0.298049
      vertex 12.4402 -6.55824 -0.82725
    endloop
  endfacet
  facet normal 0.192314 0.0262183 0.980983
    outer loop
      vertex 23.8403 4.50084 -2.67276
      vertex 18.4445 4.66942 -1.61946
      vertex 18.6023 3.51194 -1.61946
    endloop
  endfacet
  facet normal 0.242977 0.0046816 0.970021
    outer loop
      vertex 29.3384 0 -3.98463
      vertex 24.0721 1.50511 -2.67276
      vertex 24.1011 0 -2.67276
    endloop
  endfacet
  facet normal 0.242404 -0.0140456 0.970074
    outer loop
      vertex 24.0721 -1.50511 -2.67276
      vertex 23.9851 -3.00659 -2.67276
      vertex 29.3031 -1.83218 -3.98463
    endloop
  endfacet
  facet normal 0.290284 -0.00559281 0.956924
    outer loop
      vertex 29.3384 0 -3.98463
      vertex 29.3031 -1.83218 -3.98463
      vertex 34.4634 -2.15483 -5.5519
    endloop
  endfacet
  facet normal 0.320657 0.0832298 0.943532
    outer loop
      vertex 37.2743 16.9743 -7.37079
      vertex 33.0192 12.748 -5.5519
      vertex 37.8838 14.6261 -7.37079
    endloop
  endfacet
  facet normal 0.320662 0.0832244 0.943531
    outer loop
      vertex 37.2743 16.9743 -7.37079
      vertex 32.488 14.7947 -5.5519
      vertex 33.0192 12.748 -5.5519
    endloop
  endfacet
  facet normal 0.271477 0.0822736 0.958922
    outer loop
      vertex 32.488 14.7947 -5.5519
      vertex 27.1052 14.2893 -3.98463
      vertex 27.6234 12.5794 -3.98463
    endloop
  endfacet
  facet normal 0.266157 0.0927077 0.959461
    outer loop
      vertex 31.1921 18.7763 -5.5519
      vertex 27.1052 14.2893 -3.98463
      vertex 31.8785 16.8057 -5.5519
    endloop
  endfacet
  facet normal 0.271477 0.08228 0.958921
    outer loop
      vertex 31.8785 16.8057 -5.5519
      vertex 27.1052 14.2893 -3.98463
      vertex 32.488 14.7947 -5.5519
    endloop
  endfacet
  facet normal -0.188169 -0.0409271 0.981284
    outer loop
      vertex -18.2422 -5.81565 -1.61946
      vertex -23.3789 -7.45322 -2.67276
      vertex -23.0633 -8.90424 -2.67276
    endloop
  endfacet
  facet normal 0.0261945 -0.0743732 0.996886
    outer loop
      vertex 2.34901 -9.85557 -0.298049
      vertex 1.96622 -9.99039 -0.298049
      vertex 3.27177 -16.6239 -0.82725
    endloop
  endfacet
  facet normal -0.144629 -0.0197173 0.989289
    outer loop
      vertex -13.3194 -2.51459 -0.82725
      vertex -18.6023 -3.51194 -1.61946
      vertex -18.4445 -4.66942 -1.61946
    endloop
  endfacet
  facet normal -0.16522 -0.0821946 0.982826
    outer loop
      vertex -15.6365 -13.2974 -1.61946
      vertex -20.6722 -15.7697 -2.67276
      vertex -20.0394 -17.0417 -2.67276
    endloop
  endfacet
  facet normal -0.0323071 -0.11296 0.993074
    outer loop
      vertex -3.27177 -16.6239 -0.82725
      vertex -3.70005 -18.8 -1.08871
      vertex -3.39789 -18.8 -1.07888
    endloop
  endfacet
  facet normal -0.0662152 -0.103346 0.992439
    outer loop
      vertex -6.34744 -15.1139 -0.82725
      vertex -7.89549 -18.8 -1.31438
      vertex -7.30421 -18.8 -1.27493
    endloop
  endfacet
  facet normal 0.373985 -0.0659876 0.925084
    outer loop
      vertex 43.72 -11.0682 -9.43693
      vertex 38.402 -12.2426 -7.37079
      vertex 43.2406 -13.7852 -9.43693
    endloop
  endfacet
  facet normal 0.46109 -0.0812451 0.883626
    outer loop
      vertex 48.5069 -12.2801 -11.7453
      vertex 49.3 -13.8 -12.2989
      vertex 49.3 -13.1507 -12.2392
    endloop
  endfacet
  facet normal 0.461031 -0.0813879 0.883644
    outer loop
      vertex 49.3 -13.8 -12.2989
      vertex 47.9751 -15.2945 -11.7453
      vertex 49.2039 -14.7754 -12.3386
    endloop
  endfacet
  facet normal 0.460974 -0.081325 0.883679
    outer loop
      vertex 49.3 -13.8 -12.2989
      vertex 48.5069 -12.2801 -11.7453
      vertex 47.9751 -15.2945 -11.7453
    endloop
  endfacet
  facet normal 0.461003 -0.0812967 0.883667
    outer loop
      vertex 49.2039 -14.7754 -12.3386
      vertex 47.9751 -15.2945 -11.7453
      vertex 48.952 -15.606 -12.2836
    endloop
  endfacet
  facet normal 0.42667 -0.0234137 0.904104
    outer loop
      vertex 44.5229 -2.78379 -9.43693
      vertex 49.3 -3.13655 -11.7005
      vertex 49.3 -3.08249 -11.6991
    endloop
  endfacet
  facet normal 0.426577 -0.0247305 0.904113
    outer loop
      vertex 49.3 -3.13655 -11.7005
      vertex 44.5229 -2.78379 -9.43693
      vertex 44.3619 -5.56088 -9.43693
    endloop
  endfacet
  facet normal 0.266157 -0.0927077 0.959461
    outer loop
      vertex 31.8785 -16.8057 -5.5519
      vertex 27.1052 -14.2893 -3.98463
      vertex 31.1921 -18.7763 -5.5519
    endloop
  endfacet
  facet normal 0.332228 0.0452946 0.942111
    outer loop
      vertex 38.8278 9.82969 -7.37079
      vertex 33.842 8.56748 -5.5519
      vertex 39.16 7.39306 -7.37079
    endloop
  endfacet
  facet normal 0.417968 0.0737481 0.905464
    outer loop
      vertex 48.5069 12.2801 -11.7453
      vertex 43.2406 13.7852 -9.43693
      vertex 43.72 11.0682 -9.43693
    endloop
  endfacet
  facet normal 0.42667 0.0234137 0.904104
    outer loop
      vertex 49.3 3.13655 -11.7005
      vertex 44.5229 2.78379 -9.43693
      vertex 49.3 3.08249 -11.6991
    endloop
  endfacet
  facet normal 0.426577 0.0247305 0.904113
    outer loop
      vertex 44.5229 2.78379 -9.43693
      vertex 49.3 3.13655 -11.7005
      vertex 44.3619 5.56088 -9.43693
    endloop
  endfacet
  facet normal 0.288257 -0.0279233 0.957146
    outer loop
      vertex 29.1971 -3.65994 -3.98463
      vertex 29.0209 -5.47888 -3.98463
      vertex 34.1315 -6.44373 -5.5519
    endloop
  endfacet
  facet normal 0.329132 0.0580811 0.942496
    outer loop
      vertex 38.402 12.2426 -7.37079
      vertex 33.842 8.56748 -5.5519
      vertex 38.8278 9.82969 -7.37079
    endloop
  endfacet
  facet normal 0.380065 0.0368229 0.924226
    outer loop
      vertex 44.0941 8.32457 -9.43693
      vertex 39.16 7.39306 -7.37079
      vertex 39.3978 4.93862 -7.37079
    endloop
  endfacet
  facet normal 0.470749 0.0272862 0.881845
    outer loop
      vertex 49.3 6.17989 -11.7888
      vertex 49.2191 6.16975 -11.7453
      vertex 49.3 4.77404 -11.7453
    endloop
  endfacet
  facet normal 0.424666 0.0411608 0.904414
    outer loop
      vertex 48.9219 9.23604 -11.7453
      vertex 44.0941 8.32457 -9.43693
      vertex 49.2191 6.16975 -11.7453
    endloop
  endfacet
  facet normal 0.358425 0.108662 0.927213
    outer loop
      vertex 38.7809 18.8 -8.16714
      vertex 37.2743 16.9743 -7.37079
      vertex 41.2834 18.8 -9.13451
    endloop
  endfacet
  facet normal -0.470749 0.0272862 0.881845
    outer loop
      vertex -49.3 6.17989 -11.7888
      vertex -49.3 4.77404 -11.7453
      vertex -49.2191 6.16975 -11.7453
    endloop
  endfacet
  facet normal -0.461003 0.0812967 0.883667
    outer loop
      vertex -49.2039 14.7754 -12.3386
      vertex -47.9751 15.2945 -11.7453
      vertex -48.952 15.606 -12.2836
    endloop
  endfacet
  facet normal -0.461031 0.0813879 0.883644
    outer loop
      vertex -49.3 13.8 -12.2989
      vertex -47.9751 15.2945 -11.7453
      vertex -49.2039 14.7754 -12.3386
    endloop
  endfacet
  facet normal -0.460974 0.081325 0.883679
    outer loop
      vertex -47.9751 15.2945 -11.7453
      vertex -49.3 13.8 -12.2989
      vertex -48.5069 12.2801 -11.7453
    endloop
  endfacet
  facet normal -0.46109 0.0812451 0.883626
    outer loop
      vertex -48.5069 12.2801 -11.7453
      vertex -49.3 13.8 -12.2989
      vertex -49.3 13.1507 -12.2392
    endloop
  endfacet
  facet normal -0.38268 -0.00736824 0.923852
    outer loop
      vertex -39.5885 0 -7.37079
      vertex -44.5765 0 -9.43693
      vertex -44.5229 -2.78379 -9.43693
    endloop
  endfacet
  facet normal -0.38268 0.00736824 0.923852
    outer loop
      vertex -44.5229 2.78379 -9.43693
      vertex -44.5765 0 -9.43693
      vertex -39.5885 0 -7.37079
    endloop
  endfacet
  facet normal -0.336105 0.0194817 0.941623
    outer loop
      vertex -34.3388 4.30447 -5.5519
      vertex -39.3978 4.93862 -7.37079
      vertex -34.4634 2.15483 -5.5519
    endloop
  endfacet
  facet normal -0.288252 0.0279324 0.957147
    outer loop
      vertex -34.1315 6.44373 -5.5519
      vertex -34.3388 4.30447 -5.5519
      vertex -29.1971 3.65994 -3.98463
    endloop
  endfacet
  facet normal -0.239547 0.0326604 0.970335
    outer loop
      vertex -28.7747 7.28463 -3.98463
      vertex -29.0209 5.47888 -3.98463
      vertex -23.638 5.98423 -2.67276
    endloop
  endfacet
  facet normal -0.283531 0.0500296 0.957657
    outer loop
      vertex -33.4709 10.6706 -5.5519
      vertex -33.842 8.56748 -5.5519
      vertex -28.4592 9.07283 -3.98463
    endloop
  endfacet
  facet normal -0.0120084 0.0765963 0.99699
    outer loop
      vertex -0.793164 10.2494 -0.298049
      vertex -1.31982 17.055 -0.82725
      vertex -1.18736 10.1876 -0.298049
    endloop
  endfacet
  facet normal -0.170104 0.0756999 0.982514
    outer loop
      vertex -16.1303 12.3049 -1.61946
      vertex -20.6722 15.7697 -2.67276
      vertex -16.5852 11.2827 -1.61946
    endloop
  endfacet
  facet normal 0.139425 0.0361873 0.989571
    outer loop
      vertex 17.996 6.94787 -1.61946
      vertex 12.6781 5.77345 -0.82725
      vertex 12.8854 4.97475 -0.82725
    endloop
  endfacet
  facet normal -0.115888 0.0710604 0.990717
    outer loop
      vertex -10.4087 10.8719 -0.82725
      vertex -15.105 14.2579 -1.61946
      vertex -10.8153 10.2088 -0.82725
    endloop
  endfacet
  facet normal 0.260217 0.102904 0.960051
    outer loop
      vertex 31.1921 18.7763 -5.5519
      vertex 25.8742 17.6019 -3.98463
      vertex 26.5216 15.9648 -3.98463
    endloop
  endfacet
  facet normal -0.0966084 0.0131725 0.995235
    outer loop
      vertex -7.93661 2.00924 -0.298049
      vertex -13.3194 2.51459 -0.82725
      vertex -8.00452 1.51118 -0.298049
    endloop
  endfacet
  facet normal -0.144628 0.0197195 0.98929
    outer loop
      vertex -13.2064 3.34336 -0.82725
      vertex -18.4445 4.66942 -1.61946
      vertex -13.3194 2.51459 -0.82725
    endloop
  endfacet
  facet normal -0.242977 0.00468135 0.970021
    outer loop
      vertex -29.3031 1.83218 -3.98463
      vertex -29.3384 0 -3.98463
      vertex -24.0721 1.50511 -2.67276
    endloop
  endfacet
  facet normal -0.194626 0.0112772 0.980813
    outer loop
      vertex -23.9851 3.00659 -2.67276
      vertex -24.0721 1.50511 -2.67276
      vertex -18.7153 2.34601 -1.61946
    endloop
  endfacet
  facet normal -0.195089 0.00375891 0.980778
    outer loop
      vertex -24.0721 1.50511 -2.67276
      vertex -24.1011 0 -2.67276
      vertex -18.8058 0 -1.61946
    endloop
  endfacet
  facet normal -0.242977 0.0046816 0.970021
    outer loop
      vertex -24.0721 1.50511 -2.67276
      vertex -29.3384 0 -3.98463
      vertex -24.1011 0 -2.67276
    endloop
  endfacet
  facet normal -0.145677 -0.0141188 0.989231
    outer loop
      vertex -13.4003 -1.67977 -0.82725
      vertex -18.7153 -2.34601 -1.61946
      vertex -18.6023 -3.51194 -1.61946
    endloop
  endfacet
  facet normal -0.190471 -0.0336165 0.981117
    outer loop
      vertex -18.4445 -4.66942 -1.61946
      vertex -23.638 -5.98423 -2.67276
      vertex -18.2422 -5.81565 -1.61946
    endloop
  endfacet
  facet normal -0.0489495 0.0028362 0.998797
    outer loop
      vertex -8.05314 1.00948 -0.298049
      vertex -8.08235 0.505349 -0.298049
      vertex -2.69628 0.168585 -0.0331297
    endloop
  endfacet
  facet normal -0.0973123 -0.00943026 0.995209
    outer loop
      vertex -8.00452 -1.51118 -0.298049
      vertex -13.4003 -1.67977 -0.82725
      vertex -13.3194 -2.51459 -0.82725
    endloop
  endfacet
  facet normal -0.0478909 0.0084495 0.998817
    outer loop
      vertex -2.61863 0.834824 -0.0331297
      vertex -7.93661 2.00924 -0.298049
      vertex -2.64766 0.670285 -0.0331297
    endloop
  endfacet
  facet normal -0.0956733 0.0168799 0.99527
    outer loop
      vertex -7.84959 2.50246 -0.298049
      vertex -13.0616 4.16407 -0.82725
      vertex -7.93661 2.00924 -0.298049
    endloop
  endfacet
  facet normal -0.047306 0.0102858 0.998827
    outer loop
      vertex -7.74366 2.98965 -0.298049
      vertex -7.84959 2.50246 -0.298049
      vertex -2.58329 0.997352 -0.0331297
    endloop
  endfacet
  facet normal -0.0478909 0.0084495 0.998817
    outer loop
      vertex -7.84959 2.50246 -0.298049
      vertex -7.93661 2.00924 -0.298049
      vertex -2.61863 0.834824 -0.0331297
    endloop
  endfacet
  facet normal -0.0876099 0.0346485 0.995552
    outer loop
      vertex -7.1366 4.85493 -0.298049
      vertex -12.1724 7.32722 -0.82725
      vertex -7.31517 4.40341 -0.298049
    endloop
  endfacet
  facet normal -0.0896616 0.0312285 0.995483
    outer loop
      vertex -7.31517 4.40341 -0.298049
      vertex -12.4402 6.55824 -0.82725
      vertex -7.47613 3.94127 -0.298049
    endloop
  endfacet
  facet normal -0.0914986 0.0277311 0.995419
    outer loop
      vertex -7.47613 3.94127 -0.298049
      vertex -12.4402 6.55824 -0.82725
      vertex -7.61907 3.46964 -0.298049
    endloop
  endfacet
  facet normal 0.0251855 0.114082 0.993152
    outer loop
      vertex 2.66534 18.8 -1.05702
      vertex 2.62692 16.8082 -0.82725
      vertex 2.93822 18.8 -1.06394
    endloop
  endfacet
  facet normal 0.159935 0.0885014 0.983152
    outer loop
      vertex 20.0394 17.0417 -2.67276
      vertex 15.105 14.2579 -1.61946
      vertex 15.6365 13.2974 -1.61946
    endloop
  endfacet
  facet normal -0.032068 0.0292091 0.999059
    outer loop
      vertex -1.71257 2.65589 -0.0331297
      vertex -5.43432 7.63108 -0.298049
      vertex -1.8129 2.54574 -0.0331297
    endloop
  endfacet
  facet normal -0.0355557 0.0265976 0.999014
    outer loop
      vertex -5.72198 7.28252 -0.298049
      vertex -5.99585 6.91641 -0.298049
      vertex -1.90886 2.42946 -0.0331297
    endloop
  endfacet
  facet normal -0.141831 0.106094 0.984189
    outer loop
      vertex -14.7714 18.8 -2.03402
      vertex -13.9342 16.0735 -1.61946
      vertex -13.2977 16.9244 -1.61946
    endloop
  endfacet
  facet normal -0.141817 0.106098 0.984191
    outer loop
      vertex -13.9342 16.0735 -1.61946
      vertex -14.7714 18.8 -2.03402
      vertex -15.4429 18.8 -2.13078
    endloop
  endfacet
  facet normal 0.0441478 0.068912 0.996645
    outer loop
      vertex 5.7571 15.4921 -0.82725
      vertex 3.45982 9.31022 -0.298049
      vertex 3.81459 9.08294 -0.298049
    endloop
  endfacet
  facet normal -0.377456 -0.0514669 0.924596
    outer loop
      vertex -39.16 -7.39306 -7.37079
      vertex -44.0941 -8.32457 -9.43693
      vertex -43.72 -11.0682 -9.43693
    endloop
  endfacet
  facet normal -0.460964 -0.0813897 0.883678
    outer loop
      vertex -49.3 -12.4808 -12.1775
      vertex -49.3 -13.1507 -12.2392
      vertex -48.5069 -12.2801 -11.7453
    endloop
  endfacet
  facet normal -0.424666 -0.0411608 0.904414
    outer loop
      vertex -44.0941 -8.32457 -9.43693
      vertex -49.2191 -6.16975 -11.7453
      vertex -48.9219 -9.23604 -11.7453
    endloop
  endfacet
  facet normal -0.325277 -0.0707189 0.942971
    outer loop
      vertex -33.0192 -12.748 -5.5519
      vertex -38.402 -12.2426 -7.37079
      vertex -37.8838 -14.6261 -7.37079
    endloop
  endfacet
  facet normal -0.329135 -0.0580766 0.942495
    outer loop
      vertex -33.842 -8.56748 -5.5519
      vertex -38.402 -12.2426 -7.37079
      vertex -33.4709 -10.6706 -5.5519
    endloop
  endfacet
  facet normal -0.286228 -0.039025 0.957366
    outer loop
      vertex -29.0209 -5.47888 -3.98463
      vertex -34.1315 -6.44373 -5.5519
      vertex -28.7747 -7.28463 -3.98463
    endloop
  endfacet
  facet normal -0.28017 -0.0609234 0.958015
    outer loop
      vertex -28.4592 -9.07283 -3.98463
      vertex -33.4709 -10.6706 -5.5519
      vertex -28.0751 -10.8392 -3.98463
    endloop
  endfacet
  facet normal -0.206014 -0.102489 0.973167
    outer loop
      vertex -20.6722 -15.7697 -2.67276
      vertex -24.2214 -18.8 -3.74324
      vertex -20.0394 -17.0417 -2.67276
    endloop
  endfacet
  facet normal -0.206039 -0.102459 0.973165
    outer loop
      vertex -24.2214 -18.8 -3.74324
      vertex -20.6722 -15.7697 -2.67276
      vertex -24.6446 -18.8 -3.83284
    endloop
  endfacet
  facet normal -0.141837 -0.106087 0.984189
    outer loop
      vertex -13.9342 -16.0735 -1.61946
      vertex -16.2977 -18.8 -2.25397
      vertex -15.4429 -18.8 -2.13078
    endloop
  endfacet
  facet normal -0.139425 -0.0361873 0.989571
    outer loop
      vertex -12.8854 -4.97475 -0.82725
      vertex -17.996 -6.94787 -1.61946
      vertex -12.6781 -5.77345 -0.82725
    endloop
  endfacet
  facet normal -0.334552 -0.0324133 0.94182
    outer loop
      vertex -34.1315 -6.44373 -5.5519
      vertex -39.3978 -4.93862 -7.37079
      vertex -39.16 -7.39306 -7.37079
    endloop
  endfacet
  facet normal -0.336105 -0.0194817 0.941623
    outer loop
      vertex -34.4634 -2.15483 -5.5519
      vertex -39.3978 -4.93862 -7.37079
      vertex -34.3388 -4.30447 -5.5519
    endloop
  endfacet
  facet normal 0.128 -0.116586 0.984898
    outer loop
      vertex 12.6292 -17.7344 -1.61946
      vertex 12.1226 -18.8 -1.67976
      vertex 13.1035 -18.8 -1.80724
    endloop
  endfacet
  facet normal 0.127992 -0.116582 0.984899
    outer loop
      vertex 12.1226 -18.8 -1.67976
      vertex 12.6292 -17.7344 -1.61946
      vertex 11.9303 -18.5017 -1.61946
    endloop
  endfacet
  facet normal 0.0108501 -0.115487 0.99325
    outer loop
      vertex 1.31982 -17.055 -0.82725
      vertex 1.21868 -18.8 -1.02904
      vertex 1.45486 -18.8 -1.03162
    endloop
  endfacet
  facet normal 0.145677 -0.0141188 0.989231
    outer loop
      vertex 18.7153 -2.34601 -1.61946
      vertex 13.4003 -1.67977 -0.82725
      vertex 18.6023 -3.51194 -1.61946
    endloop
  endfacet
  facet normal 0.190471 -0.0336165 0.981117
    outer loop
      vertex 18.4445 -4.66942 -1.61946
      vertex 18.2422 -5.81565 -1.61946
      vertex 23.638 -5.98423 -2.67276
    endloop
  endfacet
  facet normal 0.195089 -0.00375891 0.980778
    outer loop
      vertex 24.1011 0 -2.67276
      vertex 18.8058 0 -1.61946
      vertex 24.0721 -1.50511 -2.67276
    endloop
  endfacet
  facet normal 0.0980164 0.00189109 0.995183
    outer loop
      vertex 13.4652 0 -0.82725
      vertex 8.08235 0.505349 -0.298049
      vertex 8.0921 0 -0.298049
    endloop
  endfacet
  facet normal 0.0489495 0.0028362 0.998797
    outer loop
      vertex 8.05314 1.00948 -0.298049
      vertex 2.69628 0.168585 -0.0331297
      vertex 8.08235 0.505349 -0.298049
    endloop
  endfacet
  facet normal 0.0980161 0.00188829 0.995183
    outer loop
      vertex 13.449 0.840897 -0.82725
      vertex 8.08235 0.505349 -0.298049
      vertex 13.4652 0 -0.82725
    endloop
  endfacet
  facet normal 0.143234 0.0252712 0.989366
    outer loop
      vertex 18.4445 4.66942 -1.61946
      vertex 13.0616 4.16407 -0.82725
      vertex 13.2064 3.34336 -0.82725
    endloop
  endfacet
  facet normal 0.182243 0.0552352 0.981701
    outer loop
      vertex 22.2665 11.7385 -2.67276
      vertex 17.3743 9.1594 -1.61946
      vertex 17.7065 8.06334 -1.61946
    endloop
  endfacet
  facet normal 0.145677 0.0141188 0.989231
    outer loop
      vertex 18.6023 3.51194 -1.61946
      vertex 13.4003 1.67977 -0.82725
      vertex 18.7153 2.34601 -1.61946
    endloop
  endfacet
  facet normal 0.276147 0.0716788 0.958439
    outer loop
      vertex 32.488 14.7947 -5.5519
      vertex 27.6234 12.5794 -3.98463
      vertex 28.0751 10.8392 -3.98463
    endloop
  endfacet
  facet normal 0.193699 0.018773 0.980881
    outer loop
      vertex 23.8403 4.50084 -2.67276
      vertex 18.6023 3.51194 -1.61946
      vertex 18.7153 2.34601 -1.61946
    endloop
  endfacet
  facet normal 0.194626 -0.0112797 0.980813
    outer loop
      vertex 18.7832 -1.17442 -1.61946
      vertex 18.7153 -2.34601 -1.61946
      vertex 24.0721 -1.50511 -2.67276
    endloop
  endfacet
  facet normal 0.0641147 -0.0583905 0.996233
    outer loop
      vertex 9.04266 -12.698 -0.82725
      vertex 5.43432 -7.63108 -0.298049
      vertex 8.54222 -13.2475 -0.82725
    endloop
  endfacet
  facet normal 0.23727 -0.0418626 0.970541
    outer loop
      vertex 28.7747 -7.28463 -3.98463
      vertex 23.638 -5.98423 -2.67276
      vertex 28.4592 -9.07283 -3.98463
    endloop
  endfacet
  facet normal 0.148218 -0.100474 0.983838
    outer loop
      vertex 14.5371 -15.184 -1.61946
      vertex 17.7157 -18.8 -2.46761
      vertex 17.999 -18.8 -2.51029
    endloop
  endfacet
  facet normal 0.148226 -0.100467 0.983837
    outer loop
      vertex 17.7157 -18.8 -2.46761
      vertex 14.5371 -15.184 -1.61946
      vertex 13.9342 -16.0735 -1.61946
    endloop
  endfacet
  facet normal 0.286228 0.039025 0.957366
    outer loop
      vertex 34.1315 6.44373 -5.5519
      vertex 28.7747 7.28463 -3.98463
      vertex 29.0209 5.47888 -3.98463
    endloop
  endfacet
  facet normal 0.239547 0.0326604 0.970335
    outer loop
      vertex 28.7747 7.28463 -3.98463
      vertex 23.638 5.98423 -2.67276
      vertex 29.0209 5.47888 -3.98463
    endloop
  endfacet
  facet normal 0.336879 -0.00649969 0.941526
    outer loop
      vertex 39.5885 0 -7.37079
      vertex 34.4634 -2.15483 -5.5519
      vertex 39.5408 -2.47229 -7.37079
    endloop
  endfacet
  facet normal 0.29028 -0.00560399 0.956925
    outer loop
      vertex 34.505 0 -5.5519
      vertex 29.3384 0 -3.98463
      vertex 34.4634 -2.15483 -5.5519
    endloop
  endfacet
  facet normal 0.241266 -0.0233713 0.970178
    outer loop
      vertex 29.1971 -3.65994 -3.98463
      vertex 23.9851 -3.00659 -2.67276
      vertex 29.0209 -5.47888 -3.98463
    endloop
  endfacet
  facet normal 0.286228 -0.039025 0.957366
    outer loop
      vertex 29.0209 -5.47888 -3.98463
      vertex 28.7747 -7.28463 -3.98463
      vertex 34.1315 -6.44373 -5.5519
    endloop
  endfacet
  facet normal 0.23727 0.0418626 0.970541
    outer loop
      vertex 28.4592 9.07283 -3.98463
      vertex 23.638 5.98423 -2.67276
      vertex 28.7747 7.28463 -3.98463
    endloop
  endfacet
  facet normal 0.373985 0.0659876 0.925084
    outer loop
      vertex 43.2406 13.7852 -9.43693
      vertex 38.402 12.2426 -7.37079
      vertex 43.72 11.0682 -9.43693
    endloop
  endfacet
  facet normal 0.266158 0.0927065 0.959461
    outer loop
      vertex 31.1921 18.7763 -5.5519
      vertex 26.5216 15.9648 -3.98463
      vertex 27.1052 14.2893 -3.98463
    endloop
  endfacet
  facet normal 0.222614 0.0775203 0.97182
    outer loop
      vertex 27.1052 14.2893 -3.98463
      vertex 21.7872 13.1149 -2.67276
      vertex 22.2665 11.7385 -2.67276
    endloop
  endfacet
  facet normal 0.227099 0.0688243 0.971437
    outer loop
      vertex 27.1052 14.2893 -3.98463
      vertex 22.6923 10.3338 -2.67276
      vertex 27.6234 12.5794 -3.98463
    endloop
  endfacet
  facet normal 0.185433 0.0481236 0.981478
    outer loop
      vertex 22.6923 10.3338 -2.67276
      vertex 17.996 6.94787 -1.61946
      vertex 23.0633 8.90424 -2.67276
    endloop
  endfacet
  facet normal 0.212053 0.0943893 0.972689
    outer loop
      vertex 24.8372 18.8 -3.87482
      vertex 25.8742 17.6019 -3.98463
      vertex 25.3409 18.8 -3.98463
    endloop
  endfacet
  facet normal 0.212053 0.0943894 0.972689
    outer loop
      vertex 25.8742 17.6019 -3.98463
      vertex 24.8372 18.8 -3.87482
      vertex 21.2553 14.4597 -2.67276
    endloop
  endfacet
  facet normal 0.302557 0.118725 0.945708
    outer loop
      vertex 31.2099 18.8 -5.56057
      vertex 31.1828 18.8 -5.5519
      vertex 31.1921 18.7763 -5.5519
    endloop
  endfacet
  facet normal 0.315304 0.0955739 0.944166
    outer loop
      vertex 35.6614 18.8 -7.01697
      vertex 37.2743 16.9743 -7.37079
      vertex 36.7209 18.8 -7.37079
    endloop
  endfacet
  facet normal 0.315289 0.095559 0.944172
    outer loop
      vertex 37.2743 16.9743 -7.37079
      vertex 35.6614 18.8 -7.01697
      vertex 31.8785 16.8057 -5.5519
    endloop
  endfacet
  facet normal 0.309177 0.107678 0.944889
    outer loop
      vertex 33.5243 18.8 -6.31769
      vertex 31.8785 16.8057 -5.5519
      vertex 35.6614 18.8 -7.01697
    endloop
  endfacet
  facet normal -0.12784 -0.0568915 0.990162
    outer loop
      vertex -11.5495 -8.81043 -0.82725
      vertex -16.5852 -11.2827 -1.61946
      vertex -16.1303 -12.3049 -1.61946
    endloop
  endfacet
  facet normal 0.0414722 -0.0206357 0.998927
    outer loop
      vertex 2.31547 -1.76634 -0.0331297
      vertex 2.24458 -1.90881 -0.0331297
      vertex 6.94083 -5.29476 -0.298049
    endloop
  endfacet
  facet normal 0.0355557 -0.0265976 0.999014
    outer loop
      vertex 5.99585 -6.91641 -0.298049
      vertex 1.90886 -2.42946 -0.0331297
      vertex 5.72198 -7.28252 -0.298049
    endloop
  endfacet
  facet normal 0.0215198 -0.075296 0.996929
    outer loop
      vertex 3.27177 -16.6239 -0.82725
      vertex 1.57869 -10.1011 -0.298049
      vertex 2.62692 -16.8082 -0.82725
    endloop
  endfacet
  facet normal -0.144628 -0.0197195 0.98929
    outer loop
      vertex -13.3194 -2.51459 -0.82725
      vertex -18.4445 -4.66942 -1.61946
      vertex -13.2064 -3.34336 -0.82725
    endloop
  endfacet
  facet normal -0.0662099 -0.103348 0.992439
    outer loop
      vertex -6.34744 -15.1139 -0.82725
      vertex -6.98636 -18.8 -1.25373
      vertex -5.7571 -15.4921 -0.82725
    endloop
  endfacet
  facet normal -0.0661939 -0.103351 0.99244
    outer loop
      vertex -6.98636 -18.8 -1.25373
      vertex -6.34744 -15.1139 -0.82725
      vertex -7.30421 -18.8 -1.27493
    endloop
  endfacet
  facet normal -0.159935 -0.0885014 0.983152
    outer loop
      vertex -15.6365 -13.2974 -1.61946
      vertex -20.0394 -17.0417 -2.67276
      vertex -15.105 -14.2579 -1.61946
    endloop
  endfacet
  facet normal -0.12415 -0.0617687 0.990339
    outer loop
      vertex -11.5495 -8.81043 -0.82725
      vertex -16.1303 -12.3049 -1.61946
      vertex -15.6365 -13.2974 -1.61946
    endloop
  endfacet
  facet normal 0.421791 0.0575121 0.904867
    outer loop
      vertex 48.5069 12.2801 -11.7453
      vertex 43.72 11.0682 -9.43693
      vertex 44.0941 8.32457 -9.43693
    endloop
  endfacet
  facet normal 0.407482 0.105783 0.907066
    outer loop
      vertex 42.6571 16.4689 -9.43693
      vertex 46.2134 18.4194 -11.262
      vertex 45.2754 18.7039 -10.8738
    endloop
  endfacet
  facet normal 0.407489 0.105773 0.907064
    outer loop
      vertex 42.6571 16.4689 -9.43693
      vertex 45.2754 18.7039 -10.8738
      vertex 44.5597 18.7744 -10.5605
    endloop
  endfacet
  facet normal 0.407446 0.105857 0.907074
    outer loop
      vertex 46.2134 18.4194 -11.262
      vertex 42.6571 16.4689 -9.43693
      vertex 46.8406 18.0841 -11.5046
    endloop
  endfacet
  facet normal 0.413192 0.0898377 0.906202
    outer loop
      vertex 47.9751 15.2945 -11.7453
      vertex 42.6571 16.4689 -9.43693
      vertex 43.2406 13.7852 -9.43693
    endloop
  endfacet
  facet normal 0.369656 0.0803719 0.925686
    outer loop
      vertex 42.6571 16.4689 -9.43693
      vertex 38.402 12.2426 -7.37079
      vertex 43.2406 13.7852 -9.43693
    endloop
  endfacet
  facet normal 0.38268 0.00736824 0.923852
    outer loop
      vertex 44.5229 2.78379 -9.43693
      vertex 39.5885 0 -7.37079
      vertex 44.5765 0 -9.43693
    endloop
  endfacet
  facet normal 0.382673 -0.00738323 0.923855
    outer loop
      vertex 39.5885 0 -7.37079
      vertex 39.5408 -2.47229 -7.37079
      vertex 44.5229 -2.78379 -9.43693
    endloop
  endfacet
  facet normal 0.381802 0.0221372 0.923979
    outer loop
      vertex 44.5229 2.78379 -9.43693
      vertex 39.3978 4.93862 -7.37079
      vertex 39.5408 2.47229 -7.37079
    endloop
  endfacet
  facet normal 0.381801 0.0221347 0.92398
    outer loop
      vertex 44.3619 5.56088 -9.43693
      vertex 39.3978 4.93862 -7.37079
      vertex 44.5229 2.78379 -9.43693
    endloop
  endfacet
  facet normal 0.424663 0.0411496 0.904416
    outer loop
      vertex 49.2191 6.16975 -11.7453
      vertex 44.0941 8.32457 -9.43693
      vertex 44.3619 5.56088 -9.43693
    endloop
  endfacet
  facet normal 0.417965 0.0737374 0.905465
    outer loop
      vertex 47.9751 15.2945 -11.7453
      vertex 43.2406 13.7852 -9.43693
      vertex 48.5069 12.2801 -11.7453
    endloop
  endfacet
  facet normal 0.325277 0.0707189 0.942971
    outer loop
      vertex 37.8838 14.6261 -7.37079
      vertex 33.0192 12.748 -5.5519
      vertex 38.402 12.2426 -7.37079
    endloop
  endfacet
  facet normal 0.325278 0.0707268 0.94297
    outer loop
      vertex 38.402 12.2426 -7.37079
      vertex 33.0192 12.748 -5.5519
      vertex 33.4709 10.6706 -5.5519
    endloop
  endfacet
  facet normal 0.288257 0.0279233 0.957146
    outer loop
      vertex 34.1315 6.44373 -5.5519
      vertex 29.0209 5.47888 -3.98463
      vertex 29.1971 3.65994 -3.98463
    endloop
  endfacet
  facet normal 0.334554 0.0324191 0.941819
    outer loop
      vertex 39.3978 4.93862 -7.37079
      vertex 34.1315 6.44373 -5.5519
      vertex 34.3388 4.30447 -5.5519
    endloop
  endfacet
  facet normal 0.364503 0.0946165 0.926383
    outer loop
      vertex 41.2834 18.8 -9.13451
      vertex 42.6571 16.4689 -9.43693
      vertex 42.052 18.8 -9.43693
    endloop
  endfacet
  facet normal 0.364471 0.0945961 0.926397
    outer loop
      vertex 42.6571 16.4689 -9.43693
      vertex 41.2834 18.8 -9.13451
      vertex 37.2743 16.9743 -7.37079
    endloop
  endfacet
  facet normal 0.407539 0.105724 0.907047
    outer loop
      vertex 44.3 18.8 -10.4468
      vertex 42.6571 16.4689 -9.43693
      vertex 44.5597 18.7744 -10.5605
    endloop
  endfacet
  facet normal 0.407482 0.105773 0.907067
    outer loop
      vertex 42.6571 16.4689 -9.43693
      vertex 44.3 18.8 -10.4468
      vertex 42.052 18.8 -9.43693
    endloop
  endfacet
  facet normal -0.427548 0.00824311 0.903955
    outer loop
      vertex -49.3 3.08249 -11.6991
      vertex -49.3 0.0887189 -11.6718
      vertex -44.5229 2.78379 -9.43693
    endloop
  endfacet
  facet normal -0.424663 0.0411496 0.904416
    outer loop
      vertex -44.0941 8.32457 -9.43693
      vertex -49.2191 6.16975 -11.7453
      vertex -44.3619 5.56088 -9.43693
    endloop
  endfacet
  facet normal -0.424666 0.0411608 0.904414
    outer loop
      vertex -48.9219 9.23604 -11.7453
      vertex -49.2191 6.16975 -11.7453
      vertex -44.0941 8.32457 -9.43693
    endloop
  endfacet
  facet normal -0.421797 0.057504 0.904865
    outer loop
      vertex -48.5069 12.2801 -11.7453
      vertex -48.9219 9.23604 -11.7453
      vertex -44.0941 8.32457 -9.43693
    endloop
  endfacet
  facet normal -0.381801 0.0221347 0.92398
    outer loop
      vertex -44.3619 5.56088 -9.43693
      vertex -44.5229 2.78379 -9.43693
      vertex -39.3978 4.93862 -7.37079
    endloop
  endfacet
  facet normal -0.465149 0.0632951 0.882967
    outer loop
      vertex -49.3 9.61152 -11.9714
      vertex -49.3 9.30741 -11.9496
      vertex -48.9219 9.23604 -11.7453
    endloop
  endfacet
  facet normal -0.329132 0.0580811 0.942496
    outer loop
      vertex -38.402 12.2426 -7.37079
      vertex -38.8278 9.82969 -7.37079
      vertex -33.842 8.56748 -5.5519
    endloop
  endfacet
  facet normal -0.468251 0.0453286 0.882432
    outer loop
      vertex -49.3 9.30741 -11.9496
      vertex -49.3 9.05044 -11.9364
      vertex -48.9219 9.23604 -11.7453
    endloop
  endfacet
  facet normal -0.241262 0.0233794 0.970178
    outer loop
      vertex -23.8403 4.50084 -2.67276
      vertex -29.0209 5.47888 -3.98463
      vertex -23.9851 3.00659 -2.67276
    endloop
  endfacet
  facet normal -0.190471 0.0336165 0.981117
    outer loop
      vertex -18.2422 5.81565 -1.61946
      vertex -23.638 5.98423 -2.67276
      vertex -18.4445 4.66942 -1.61946
    endloop
  endfacet
  facet normal -0.16522 0.0821946 0.982826
    outer loop
      vertex -20.0394 17.0417 -2.67276
      vertex -20.6722 15.7697 -2.67276
      vertex -15.6365 13.2974 -1.61946
    endloop
  endfacet
  facet normal -0.260217 0.102904 0.960051
    outer loop
      vertex -25.8742 17.6019 -3.98463
      vertex -31.1921 18.7763 -5.5519
      vertex -26.5216 15.9648 -3.98463
    endloop
  endfacet
  facet normal -0.320662 0.0832244 0.943531
    outer loop
      vertex -32.488 14.7947 -5.5519
      vertex -37.2743 16.9743 -7.37079
      vertex -33.0192 12.748 -5.5519
    endloop
  endfacet
  facet normal -0.145677 0.0141172 0.989231
    outer loop
      vertex -13.3194 2.51459 -0.82725
      vertex -18.6023 3.51194 -1.61946
      vertex -13.4003 1.67977 -0.82725
    endloop
  endfacet
  facet normal -0.144629 0.0197173 0.989289
    outer loop
      vertex -18.4445 4.66942 -1.61946
      vertex -18.6023 3.51194 -1.61946
      vertex -13.3194 2.51459 -0.82725
    endloop
  endfacet
  facet normal -0.134277 0.0467624 0.98984
    outer loop
      vertex -12.1724 7.32722 -0.82725
      vertex -17.0002 10.2334 -1.61946
      vertex -12.4402 6.55824 -0.82725
    endloop
  endfacet
  facet normal -0.174564 0.0690402 0.982222
    outer loop
      vertex -16.5852 11.2827 -1.61946
      vertex -21.7872 13.1149 -2.67276
      vertex -17.0002 10.2334 -1.61946
    endloop
  endfacet
  facet normal -0.131208 0.0519005 0.989995
    outer loop
      vertex -11.8752 8.07856 -0.82725
      vertex -16.5852 11.2827 -1.61946
      vertex -12.1724 7.32722 -0.82725
    endloop
  endfacet
  facet normal -0.0773483 0.0474288 0.995875
    outer loop
      vertex -6.25528 6.53364 -0.298049
      vertex -10.4087 10.8719 -0.82725
      vertex -6.49964 6.13513 -0.298049
    endloop
  endfacet
  facet normal 0.0322765 0.112965 0.993075
    outer loop
      vertex 2.62692 16.8082 -0.82725
      vertex 3.39789 18.8 -1.07888
      vertex 2.93822 18.8 -1.06394
    endloop
  endfacet
  facet normal 0.0322847 0.112962 0.993075
    outer loop
      vertex 3.39789 18.8 -1.07888
      vertex 2.62692 16.8082 -0.82725
      vertex 3.27177 16.6239 -0.82725
    endloop
  endfacet
  facet normal -0.0154027 0.0366335 0.99921
    outer loop
      vertex -2.34901 9.85557 -0.298049
      vertex -2.72615 9.697 -0.298049
      vertex -0.783633 3.28783 -0.0331297
    endloop
  endfacet
  facet normal -0.373985 -0.0659876 0.925084
    outer loop
      vertex -38.402 -12.2426 -7.37079
      vertex -43.72 -11.0682 -9.43693
      vertex -43.2406 -13.7852 -9.43693
    endloop
  endfacet
  facet normal -0.14638 0.0084835 0.989192
    outer loop
      vertex -18.7153 2.34601 -1.61946
      vertex -18.7832 1.17442 -1.61946
      vertex -13.449 0.840897 -0.82725
    endloop
  endfacet
  facet normal -0.146731 0.00282362 0.989172
    outer loop
      vertex -18.7832 1.17442 -1.61946
      vertex -18.8058 0 -1.61946
      vertex -13.449 0.840897 -0.82725
    endloop
  endfacet
  facet normal -0.242977 -0.0046816 0.970021
    outer loop
      vertex -24.1011 0 -2.67276
      vertex -29.3384 0 -3.98463
      vertex -24.0721 -1.50511 -2.67276
    endloop
  endfacet
  facet normal -0.195089 -0.00375891 0.980778
    outer loop
      vertex -18.8058 0 -1.61946
      vertex -24.1011 0 -2.67276
      vertex -24.0721 -1.50511 -2.67276
    endloop
  endfacet
  facet normal -0.14638 -0.0084835 0.989192
    outer loop
      vertex -13.449 -0.840897 -0.82725
      vertex -18.7832 -1.17442 -1.61946
      vertex -18.7153 -2.34601 -1.61946
    endloop
  endfacet
  facet normal -0.194626 -0.0112797 0.980813
    outer loop
      vertex -18.7832 -1.17442 -1.61946
      vertex -24.0721 -1.50511 -2.67276
      vertex -18.7153 -2.34601 -1.61946
    endloop
  endfacet
  facet normal -0.222614 -0.0775203 0.97182
    outer loop
      vertex -22.2665 -11.7385 -2.67276
      vertex -27.1052 -14.2893 -3.98463
      vertex -21.7872 -13.1149 -2.67276
    endloop
  endfacet
  facet normal -0.145677 -0.0141172 0.989231
    outer loop
      vertex -13.4003 -1.67977 -0.82725
      vertex -18.6023 -3.51194 -1.61946
      vertex -13.3194 -2.51459 -0.82725
    endloop
  endfacet
  facet normal -0.0466076 0.0120966 0.99884
    outer loop
      vertex -2.54173 1.15748 -0.0331297
      vertex -7.61907 3.46964 -0.298049
      vertex -2.58329 0.997352 -0.0331297
    endloop
  endfacet
  facet normal -0.040135 0.0222093 0.998947
    outer loop
      vertex -6.49964 6.13513 -0.298049
      vertex -6.72834 5.72184 -0.298049
      vertex -2.24458 1.90881 -0.0331297
    endloop
  endfacet
  facet normal -0.041473 0.0206345 0.998927
    outer loop
      vertex -6.72834 5.72184 -0.298049
      vertex -6.94083 5.29476 -0.298049
      vertex -2.24458 1.90881 -0.0331297
    endloop
  endfacet
  facet normal -0.0438462 0.0173399 0.998888
    outer loop
      vertex -2.38078 1.61961 -0.0331297
      vertex -7.1366 4.85493 -0.298049
      vertex -2.44035 1.46898 -0.0331297
    endloop
  endfacet
  facet normal -0.0448742 0.0156304 0.99887
    outer loop
      vertex -2.44035 1.46898 -0.0331297
      vertex -7.31517 4.40341 -0.298049
      vertex -2.49405 1.31481 -0.0331297
    endloop
  endfacet
  facet normal -0.0641082 0.0583941 0.996233
    outer loop
      vertex -5.13357 7.96126 -0.298049
      vertex -8.54222 13.2475 -0.82725
      vertex -5.43432 7.63108 -0.298049
    endloop
  endfacet
  facet normal -0.106509 0.0796757 0.991114
    outer loop
      vertex -9.52132 12.118 -0.82725
      vertex -13.9342 16.0735 -1.61946
      vertex -9.97704 11.5088 -0.82725
    endloop
  endfacet
  facet normal -0.199469 0.110377 0.973668
    outer loop
      vertex -21.2311 18.8 -3.11622
      vertex -22.107 18.8 -3.29566
      vertex -20.0394 17.0417 -2.67276
    endloop
  endfacet
  facet normal 0.0242004 0.0335666 0.999143
    outer loop
      vertex 3.81459 9.08294 -0.298049
      vertex 1.27255 3.03008 -0.0331297
      vertex 1.38784 2.94696 -0.0331297
    endloop
  endfacet
  facet normal 0.0107564 0.0376448 0.999233
    outer loop
      vertex 1.57869 10.1011 -0.298049
      vertex 0.526652 3.36975 -0.0331297
      vertex 0.655933 3.33281 -0.0331297
    endloop
  endfacet
  facet normal -0.010839 0.115489 0.99325
    outer loop
      vertex -1.21868 18.8 -1.02904
      vertex -0.660705 17.1169 -0.82725
      vertex -0.725673 18.8 -1.02366
    endloop
  endfacet
  facet normal -0.0108458 0.115487 0.99325
    outer loop
      vertex -0.660705 17.1169 -0.82725
      vertex -1.21868 18.8 -1.02904
      vertex -1.31982 17.055 -0.82725
    endloop
  endfacet
  facet normal 0.468676 -0.0453618 0.882204
    outer loop
      vertex 49.2191 -6.16975 -11.7453
      vertex 49.3 -9.05044 -11.9364
      vertex 49.3 -6.17989 -11.7888
    endloop
  endfacet
  facet normal 0.468273 -0.0453873 0.882418
    outer loop
      vertex 49.3 -9.05044 -11.9364
      vertex 49.2191 -6.16975 -11.7453
      vertex 48.9219 -9.23604 -11.7453
    endloop
  endfacet
  facet normal 0.16522 -0.0821946 0.982826
    outer loop
      vertex 20.6722 -15.7697 -2.67276
      vertex 15.6365 -13.2974 -1.61946
      vertex 20.0394 -17.0417 -2.67276
    endloop
  endfacet
  facet normal -0.30295 -0.118399 0.945623
    outer loop
      vertex -31.1921 -18.7763 -5.5519
      vertex -31.2315 -18.8 -5.56749
      vertex -31.2099 -18.8 -5.56057
    endloop
  endfacet
  facet normal -0.381801 -0.0221347 0.92398
    outer loop
      vertex -39.3978 -4.93862 -7.37079
      vertex -44.5229 -2.78379 -9.43693
      vertex -44.3619 -5.56088 -9.43693
    endloop
  endfacet
  facet normal -0.369656 -0.0803719 0.925686
    outer loop
      vertex -38.402 -12.2426 -7.37079
      vertex -43.2406 -13.7852 -9.43693
      vertex -42.6571 -16.4689 -9.43693
    endloop
  endfacet
  facet normal -0.468676 -0.0453618 0.882204
    outer loop
      vertex -49.3 -9.05044 -11.9364
      vertex -49.2191 -6.16975 -11.7453
      vertex -49.3 -6.17989 -11.7888
    endloop
  endfacet
  facet normal -0.468273 -0.0453873 0.882418
    outer loop
      vertex -49.2191 -6.16975 -11.7453
      vertex -49.3 -9.05044 -11.9364
      vertex -48.9219 -9.23604 -11.7453
    endloop
  endfacet
  facet normal -0.42667 -0.0234137 0.904104
    outer loop
      vertex -49.3 -3.13655 -11.7005
      vertex -44.5229 -2.78379 -9.43693
      vertex -49.3 -3.08249 -11.6991
    endloop
  endfacet
  facet normal -0.426577 -0.0247305 0.904113
    outer loop
      vertex -44.5229 -2.78379 -9.43693
      vertex -49.3 -3.13655 -11.7005
      vertex -44.3619 -5.56088 -9.43693
    endloop
  endfacet
  facet normal -0.332228 -0.0452946 0.942111
    outer loop
      vertex -33.842 -8.56748 -5.5519
      vertex -39.16 -7.39306 -7.37079
      vertex -38.8278 -9.82969 -7.37079
    endloop
  endfacet
  facet normal -0.37746 -0.0514613 0.924595
    outer loop
      vertex -39.16 -7.39306 -7.37079
      vertex -43.72 -11.0682 -9.43693
      vertex -38.8278 -9.82969 -7.37079
    endloop
  endfacet
  facet normal -0.309177 -0.107678 0.944889
    outer loop
      vertex -31.8785 -16.8057 -5.5519
      vertex -35.6614 -18.8 -7.01697
      vertex -33.5243 -18.8 -6.31769
    endloop
  endfacet
  facet normal -0.276152 -0.0716724 0.958438
    outer loop
      vertex -28.0751 -10.8392 -3.98463
      vertex -33.0192 -12.748 -5.5519
      vertex -32.488 -14.7947 -5.5519
    endloop
  endfacet
  facet normal -0.325278 -0.0707268 0.94297
    outer loop
      vertex -33.4709 -10.6706 -5.5519
      vertex -38.402 -12.2426 -7.37079
      vertex -33.0192 -12.748 -5.5519
    endloop
  endfacet
  facet normal -0.288257 -0.0279233 0.957146
    outer loop
      vertex -29.1971 -3.65994 -3.98463
      vertex -34.1315 -6.44373 -5.5519
      vertex -29.0209 -5.47888 -3.98463
    endloop
  endfacet
  facet normal -0.241266 -0.0233713 0.970178
    outer loop
      vertex -23.9851 -3.00659 -2.67276
      vertex -29.1971 -3.65994 -3.98463
      vertex -29.0209 -5.47888 -3.98463
    endloop
  endfacet
  facet normal -0.190472 -0.0335954 0.981118
    outer loop
      vertex -18.2422 -5.81565 -1.61946
      vertex -23.638 -5.98423 -2.67276
      vertex -23.3789 -7.45322 -2.67276
    endloop
  endfacet
  facet normal -0.239547 -0.0326604 0.970335
    outer loop
      vertex -23.638 -5.98423 -2.67276
      vertex -29.0209 -5.47888 -3.98463
      vertex -28.7747 -7.28463 -3.98463
    endloop
  endfacet
  facet normal -0.276147 -0.0716788 0.958439
    outer loop
      vertex -28.0751 -10.8392 -3.98463
      vertex -32.488 -14.7947 -5.5519
      vertex -27.6234 -12.5794 -3.98463
    endloop
  endfacet
  facet normal -0.271477 -0.0822736 0.958922
    outer loop
      vertex -27.6234 -12.5794 -3.98463
      vertex -32.488 -14.7947 -5.5519
      vertex -27.1052 -14.2893 -3.98463
    endloop
  endfacet
  facet normal -0.309119 -0.107672 0.944909
    outer loop
      vertex -31.8785 -16.8057 -5.5519
      vertex -31.2315 -18.8 -5.56749
      vertex -31.1921 -18.7763 -5.5519
    endloop
  endfacet
  facet normal -0.309167 -0.107688 0.944891
    outer loop
      vertex -31.2315 -18.8 -5.56749
      vertex -31.8785 -16.8057 -5.5519
      vertex -33.5243 -18.8 -6.31769
    endloop
  endfacet
  facet normal -0.266157 -0.0927077 0.959461
    outer loop
      vertex -27.1052 -14.2893 -3.98463
      vertex -31.8785 -16.8057 -5.5519
      vertex -31.1921 -18.7763 -5.5519
    endloop
  endfacet
  facet normal -0.21759 -0.086062 0.972239
    outer loop
      vertex -21.7872 -13.1149 -2.67276
      vertex -25.8742 -17.6019 -3.98463
      vertex -21.2553 -14.4597 -2.67276
    endloop
  endfacet
  facet normal -0.381802 -0.0221372 0.923979
    outer loop
      vertex -39.5408 -2.47229 -7.37079
      vertex -44.5229 -2.78379 -9.43693
      vertex -39.3978 -4.93862 -7.37079
    endloop
  endfacet
  facet normal -0.380065 -0.0368229 0.924226
    outer loop
      vertex -39.3978 -4.93862 -7.37079
      vertex -44.0941 -8.32457 -9.43693
      vertex -39.16 -7.39306 -7.37079
    endloop
  endfacet
  facet normal 0.0392841 -0.111576 0.992979
    outer loop
      vertex 4.02966 -18.8 -1.10175
      vertex 3.27177 -16.6239 -0.82725
      vertex 3.70005 -18.8 -1.08871
    endloop
  endfacet
  facet normal 0.0393054 -0.111573 0.992979
    outer loop
      vertex 3.90873 -16.3996 -0.82725
      vertex 4.02966 -18.8 -1.10175
      vertex 4.48086 -18.8 -1.11961
    endloop
  endfacet
  facet normal 0.0392897 -0.111574 0.992979
    outer loop
      vertex 4.02966 -18.8 -1.10175
      vertex 3.90873 -16.3996 -0.82725
      vertex 3.27177 -16.6239 -0.82725
    endloop
  endfacet
  facet normal 0.0487135 -0.00472085 0.998802
    outer loop
      vertex 8.05314 -1.00948 -0.298049
      vertex 2.67032 -0.504132 -0.0331297
      vertex 8.00452 -1.51118 -0.298049
    endloop
  endfacet
  facet normal 0.0966084 -0.0131725 0.995235
    outer loop
      vertex 8.00452 -1.51118 -0.298049
      vertex 7.93661 -2.00924 -0.298049
      vertex 13.3194 -2.51459 -0.82725
    endloop
  endfacet
  facet normal 0.0973123 -0.00943026 0.995209
    outer loop
      vertex 13.4003 -1.67977 -0.82725
      vertex 8.00452 -1.51118 -0.298049
      vertex 13.3194 -2.51459 -0.82725
    endloop
  endfacet
  facet normal 0.0487135 -0.00472093 0.998802
    outer loop
      vertex 2.68654 -0.336764 -0.0331297
      vertex 2.67032 -0.504132 -0.0331297
      vertex 8.05314 -1.00948 -0.298049
    endloop
  endfacet
  facet normal 0.0977825 -0.00566565 0.995192
    outer loop
      vertex 8.08235 -0.505349 -0.298049
      vertex 8.05314 -1.00948 -0.298049
      vertex 13.4003 -1.67977 -0.82725
    endloop
  endfacet
  facet normal 0.0980161 -0.00188829 0.995183
    outer loop
      vertex 13.4652 0 -0.82725
      vertex 8.08235 -0.505349 -0.298049
      vertex 13.449 -0.840897 -0.82725
    endloop
  endfacet
  facet normal 0.146731 -0.00282362 0.989172
    outer loop
      vertex 18.8058 0 -1.61946
      vertex 13.449 -0.840897 -0.82725
      vertex 18.7832 -1.17442 -1.61946
    endloop
  endfacet
  facet normal 0.146376 0.00849771 0.989193
    outer loop
      vertex 18.7153 2.34601 -1.61946
      vertex 13.4003 1.67977 -0.82725
      vertex 13.449 0.840897 -0.82725
    endloop
  endfacet
  facet normal 0.0977801 0.00567654 0.995192
    outer loop
      vertex 13.4003 1.67977 -0.82725
      vertex 8.08235 0.505349 -0.298049
      vertex 13.449 0.840897 -0.82725
    endloop
  endfacet
  facet normal 0.174562 0.0690435 0.982222
    outer loop
      vertex 21.2553 14.4597 -2.67276
      vertex 16.5852 11.2827 -1.61946
      vertex 21.7872 13.1149 -2.67276
    endloop
  endfacet
  facet normal 0.0386999 0.0237311 0.998969
    outer loop
      vertex 6.49964 6.13513 -0.298049
      vertex 2.08677 2.17963 -0.0331297
      vertex 2.16829 2.04669 -0.0331297
    endloop
  endfacet
  facet normal 0.206039 0.102459 0.973165
    outer loop
      vertex 24.2214 18.8 -3.74324
      vertex 20.6722 15.7697 -2.67276
      vertex 24.6446 18.8 -3.83284
    endloop
  endfacet
  facet normal 0.206014 0.102489 0.973167
    outer loop
      vertex 20.6722 15.7697 -2.67276
      vertex 24.2214 18.8 -3.74324
      vertex 20.0394 17.0417 -2.67276
    endloop
  endfacet
  facet normal 0.035557 0.0265964 0.999014
    outer loop
      vertex 5.99585 6.91641 -0.298049
      vertex 1.90886 2.42946 -0.0331297
      vertex 2.00022 2.30732 -0.0331297
    endloop
  endfacet
  facet normal 0.0896629 0.0312254 0.995483
    outer loop
      vertex 12.1724 7.32722 -0.82725
      vertex 7.31517 4.40341 -0.298049
      vertex 12.4402 6.55824 -0.82725
    endloop
  endfacet
  facet normal 0.0956733 0.0168799 0.99527
    outer loop
      vertex 13.0616 4.16407 -0.82725
      vertex 7.84959 2.50246 -0.298049
      vertex 7.93661 2.00924 -0.298049
    endloop
  endfacet
  facet normal 0.145677 0.0141172 0.989231
    outer loop
      vertex 18.6023 3.51194 -1.61946
      vertex 13.3194 2.51459 -0.82725
      vertex 13.4003 1.67977 -0.82725
    endloop
  endfacet
  facet normal 0.1415 0.030769 0.98946
    outer loop
      vertex 17.996 6.94787 -1.61946
      vertex 12.8854 4.97475 -0.82725
      vertex 18.2422 5.81565 -1.61946
    endloop
  endfacet
  facet normal 0.1937 0.0187705 0.980881
    outer loop
      vertex 23.8403 4.50084 -2.67276
      vertex 18.7153 2.34601 -1.61946
      vertex 23.9851 3.00659 -2.67276
    endloop
  endfacet
  facet normal 0.242404 0.0140456 0.970074
    outer loop
      vertex 29.3031 1.83218 -3.98463
      vertex 23.9851 3.00659 -2.67276
      vertex 24.0721 1.50511 -2.67276
    endloop
  endfacet
  facet normal 0.194626 0.0112772 0.980813
    outer loop
      vertex 23.9851 3.00659 -2.67276
      vertex 18.7153 2.34601 -1.61946
      vertex 24.0721 1.50511 -2.67276
    endloop
  endfacet
  facet normal 0.290284 0.00559281 0.956924
    outer loop
      vertex 34.4634 2.15483 -5.5519
      vertex 29.3031 1.83218 -3.98463
      vertex 29.3384 0 -3.98463
    endloop
  endfacet
  facet normal 0.239548 0.0326688 0.970335
    outer loop
      vertex 29.0209 5.47888 -3.98463
      vertex 23.638 5.98423 -2.67276
      vertex 23.8403 4.50084 -2.67276
    endloop
  endfacet
  facet normal 0.192314 0.0262272 0.980983
    outer loop
      vertex 23.638 5.98423 -2.67276
      vertex 18.4445 4.66942 -1.61946
      vertex 23.8403 4.50084 -2.67276
    endloop
  endfacet
  facet normal 0.0462189 -0.109908 0.992867
    outer loop
      vertex 3.90873 -16.3996 -0.82725
      vertex 4.89951 -18.8 -1.13909
      vertex 4.53628 -16.1357 -0.82725
    endloop
  endfacet
  facet normal 0.0461986 -0.109916 0.992867
    outer loop
      vertex 4.89951 -18.8 -1.13909
      vertex 3.90873 -16.3996 -0.82725
      vertex 4.48086 -18.8 -1.11961
    endloop
  endfacet
  facet normal 0.072589 -0.10065 0.99227
    outer loop
      vertex 6.92248 -14.6993 -0.82725
      vertex 7.89549 -18.8 -1.31438
      vertex 8.16533 -18.8 -1.33412
    endloop
  endfacet
  facet normal 0.072571 -0.100654 0.992271
    outer loop
      vertex 7.89549 -18.8 -1.31438
      vertex 6.92248 -14.6993 -0.82725
      vertex 6.34744 -15.1139 -0.82725
    endloop
  endfacet
  facet normal 0.242407 -0.0140583 0.970073
    outer loop
      vertex 29.3031 -1.83218 -3.98463
      vertex 23.9851 -3.00659 -2.67276
      vertex 29.1971 -3.65994 -3.98463
    endloop
  endfacet
  facet normal 0.131213 -0.0518948 0.989995
    outer loop
      vertex 17.0002 -10.2334 -1.61946
      vertex 12.1724 -7.32722 -0.82725
      vertex 16.5852 -11.2827 -1.61946
    endloop
  endfacet
  facet normal 0.178616 -0.0622163 0.98195
    outer loop
      vertex 17.3743 -9.1594 -1.61946
      vertex 17.0002 -10.2334 -1.61946
      vertex 22.2665 -11.7385 -2.67276
    endloop
  endfacet
  facet normal 0.33688 -0.00650363 0.941525
    outer loop
      vertex 34.505 0 -5.5519
      vertex 34.4634 -2.15483 -5.5519
      vertex 39.5885 0 -7.37079
    endloop
  endfacet
  facet normal 0.33688 0.00650363 0.941525
    outer loop
      vertex 39.5885 0 -7.37079
      vertex 34.4634 2.15483 -5.5519
      vertex 34.505 0 -5.5519
    endloop
  endfacet
  facet normal 0.194626 -0.0112772 0.980813
    outer loop
      vertex 24.0721 -1.50511 -2.67276
      vertex 18.7153 -2.34601 -1.61946
      vertex 23.9851 -3.00659 -2.67276
    endloop
  endfacet
  facet normal 0.289606 -0.0167956 0.956998
    outer loop
      vertex 29.3031 -1.83218 -3.98463
      vertex 29.1971 -3.65994 -3.98463
      vertex 34.4634 -2.15483 -5.5519
    endloop
  endfacet
  facet normal 0.286227 -0.0390172 0.957367
    outer loop
      vertex 34.1315 -6.44373 -5.5519
      vertex 28.7747 -7.28463 -3.98463
      vertex 33.842 -8.56748 -5.5519
    endloop
  endfacet
  facet normal 0.332227 -0.0452877 0.942112
    outer loop
      vertex 34.1315 -6.44373 -5.5519
      vertex 33.842 -8.56748 -5.5519
      vertex 39.16 -7.39306 -7.37079
    endloop
  endfacet
  facet normal 0.185431 0.0481254 0.981478
    outer loop
      vertex 22.6923 10.3338 -2.67276
      vertex 17.7065 8.06334 -1.61946
      vertex 17.996 6.94787 -1.61946
    endloop
  endfacet
  facet normal 0.128019 0.116577 0.984896
    outer loop
      vertex 13.1035 18.8 -1.80724
      vertex 12.6292 17.7344 -1.61946
      vertex 13.388 18.8 -1.84422
    endloop
  endfacet
  facet normal 0.23104 0.0599705 0.971094
    outer loop
      vertex 27.6234 12.5794 -3.98463
      vertex 22.6923 10.3338 -2.67276
      vertex 28.0751 10.8392 -3.98463
    endloop
  endfacet
  facet normal 0.190472 0.0335954 0.981118
    outer loop
      vertex 23.3789 7.45322 -2.67276
      vertex 18.2422 5.81565 -1.61946
      vertex 23.638 5.98423 -2.67276
    endloop
  endfacet
  facet normal 0.23443 0.050989 0.970795
    outer loop
      vertex 28.4592 9.07283 -3.98463
      vertex 23.0633 8.90424 -2.67276
      vertex 23.3789 7.45322 -2.67276
    endloop
  endfacet
  facet normal 0.23443 0.0509773 0.970795
    outer loop
      vertex 28.0751 10.8392 -3.98463
      vertex 23.0633 8.90424 -2.67276
      vertex 28.4592 9.07283 -3.98463
    endloop
  endfacet
  facet normal 0.0308064 -0.0732694 0.996836
    outer loop
      vertex 2.72615 -9.697 -0.298049
      vertex 2.34901 -9.85557 -0.298049
      vertex 3.90873 -16.3996 -0.82725
    endloop
  endfacet
  facet normal 0.0107545 -0.037645 0.999233
    outer loop
      vertex 1.96622 -9.99039 -0.298049
      vertex 0.655933 -3.33281 -0.0331297
      vertex 1.57869 -10.1011 -0.298049
    endloop
  endfacet
  facet normal 0.0945067 -0.0205487 0.995312
    outer loop
      vertex 7.84959 -2.50246 -0.298049
      vertex 7.74366 -2.98965 -0.298049
      vertex 12.8854 -4.97475 -0.82725
    endloop
  endfacet
  facet normal 0.0931145 -0.0241676 0.995362
    outer loop
      vertex 12.8854 -4.97475 -0.82725
      vertex 7.61907 -3.46964 -0.298049
      vertex 12.6781 -5.77345 -0.82725
    endloop
  endfacet
  facet normal 0.106511 -0.0796737 0.991114
    outer loop
      vertex 13.9342 -16.0735 -1.61946
      vertex 9.52132 -12.118 -0.82725
      vertex 13.2977 -16.9244 -1.61946
    endloop
  endfacet
  facet normal 0.0401365 -0.0222078 0.998947
    outer loop
      vertex 2.24458 -1.90881 -0.0331297
      vertex 2.16829 -2.04669 -0.0331297
      vertex 6.49964 -6.13513 -0.298049
    endloop
  endfacet
  facet normal 0.0180518 -0.114921 0.993211
    outer loop
      vertex 1.97575 -16.952 -0.82725
      vertex 1.69925 -18.8 -1.03605
      vertex 2.19113 -18.8 -1.04499
    endloop
  endfacet
  facet normal 0.0180458 -0.11492 0.993211
    outer loop
      vertex 1.69925 -18.8 -1.03605
      vertex 1.97575 -16.952 -0.82725
      vertex 1.31982 -17.055 -0.82725
    endloop
  endfacet
  facet normal -0.00240949 -0.0771543 0.997016
    outer loop
      vertex -0.39706 -10.2866 -0.298049
      vertex -0.660705 -17.1169 -0.82725
      vertex 0 -10.299 -0.298049
    endloop
  endfacet
  facet normal -0.0180458 -0.11492 0.993211
    outer loop
      vertex -1.97575 -16.952 -0.82725
      vertex -1.69925 -18.8 -1.03605
      vertex -1.31982 -17.055 -0.82725
    endloop
  endfacet
  facet normal -0.0180518 -0.114921 0.993211
    outer loop
      vertex -1.69925 -18.8 -1.03605
      vertex -1.97575 -16.952 -0.82725
      vertex -2.19113 -18.8 -1.04499
    endloop
  endfacet
  facet normal -0.0355557 -0.0265976 0.999014
    outer loop
      vertex -1.90886 -2.42946 -0.0331297
      vertex -5.99585 -6.91641 -0.298049
      vertex -5.72198 -7.28252 -0.298049
    endloop
  endfacet
  facet normal -0.143233 -0.0252795 0.989366
    outer loop
      vertex -13.0616 -4.16407 -0.82725
      vertex -18.4445 -4.66942 -1.61946
      vertex -18.2422 -5.81565 -1.61946
    endloop
  endfacet
  facet normal -0.148228 -0.100465 0.983837
    outer loop
      vertex -13.9342 -16.0735 -1.61946
      vertex -17.7157 -18.8 -2.46761
      vertex -16.2977 -18.8 -2.25397
    endloop
  endfacet
  facet normal -0.0876073 -0.0346539 0.995552
    outer loop
      vertex -7.1366 -4.85493 -0.298049
      vertex -12.1724 -7.32722 -0.82725
      vertex -11.8752 -8.07856 -0.82725
    endloop
  endfacet
  facet normal -0.0220762 -0.0344595 0.999162
    outer loop
      vertex -1.27255 -3.03008 -0.0331297
      vertex -3.81459 -9.08294 -0.298049
      vertex -1.1542 -3.1059 -0.0331297
    endloop
  endfacet
  facet normal 0.00362262 -0.11577 0.993269
    outer loop
      vertex 0.660705 -17.1169 -0.82725
      vertex 0.226655 -18.8 -1.02184
      vertex 0.725673 -18.8 -1.02366
    endloop
  endfacet
  facet normal 0.00360947 -0.115767 0.99327
    outer loop
      vertex 0.226655 -18.8 -1.02184
      vertex 0.660705 -17.1169 -0.82725
      vertex 0 -17.1375 -0.82725
    endloop
  endfacet
  facet normal -0.0787489 -0.0977216 0.992093
    outer loop
      vertex -6.92248 -14.6993 -0.82725
      vertex -9.70176 -18.8 -1.45178
      vertex -8.85365 -18.8 -1.38446
    endloop
  endfacet
  facet normal 0.358425 -0.108662 0.927213
    outer loop
      vertex 41.2834 -18.8 -9.13451
      vertex 37.2743 -16.9743 -7.37079
      vertex 38.7809 -18.8 -8.16714
    endloop
  endfacet
  facet normal 0.468251 -0.0453286 0.882432
    outer loop
      vertex 49.3 -9.05044 -11.9364
      vertex 48.9219 -9.23604 -11.7453
      vertex 49.3 -9.30741 -11.9496
    endloop
  endfacet
  facet normal 0.427548 -0.00824311 0.903955
    outer loop
      vertex 49.3 -0.0887189 -11.6718
      vertex 44.5229 -2.78379 -9.43693
      vertex 49.3 -3.08249 -11.6991
    endloop
  endfacet
  facet normal 0.334552 0.0324133 0.94182
    outer loop
      vertex 39.16 7.39306 -7.37079
      vertex 34.1315 6.44373 -5.5519
      vertex 39.3978 4.93862 -7.37079
    endloop
  endfacet
  facet normal 0.336105 0.0194817 0.941623
    outer loop
      vertex 39.3978 4.93862 -7.37079
      vertex 34.3388 4.30447 -5.5519
      vertex 34.4634 2.15483 -5.5519
    endloop
  endfacet
  facet normal 0.460964 0.0813897 0.883678
    outer loop
      vertex 49.3 13.1507 -12.2392
      vertex 48.5069 12.2801 -11.7453
      vertex 49.3 12.4808 -12.1775
    endloop
  endfacet
  facet normal 0.37746 0.0514613 0.924595
    outer loop
      vertex 43.72 11.0682 -9.43693
      vertex 38.8278 9.82969 -7.37079
      vertex 39.16 7.39306 -7.37079
    endloop
  endfacet
  facet normal 0.373986 0.0659963 0.925083
    outer loop
      vertex 43.72 11.0682 -9.43693
      vertex 38.402 12.2426 -7.37079
      vertex 38.8278 9.82969 -7.37079
    endloop
  endfacet
  facet normal -0.468273 0.0453873 0.882418
    outer loop
      vertex -49.3 9.05044 -11.9364
      vertex -49.2191 6.16975 -11.7453
      vertex -48.9219 9.23604 -11.7453
    endloop
  endfacet
  facet normal -0.468676 0.0453618 0.882204
    outer loop
      vertex -49.2191 6.16975 -11.7453
      vertex -49.3 9.05044 -11.9364
      vertex -49.3 6.17989 -11.7888
    endloop
  endfacet
  facet normal -0.380062 0.0368278 0.924227
    outer loop
      vertex -44.0941 8.32457 -9.43693
      vertex -44.3619 5.56088 -9.43693
      vertex -39.3978 4.93862 -7.37079
    endloop
  endfacet
  facet normal -0.380065 0.0368229 0.924226
    outer loop
      vertex -39.16 7.39306 -7.37079
      vertex -44.0941 8.32457 -9.43693
      vertex -39.3978 4.93862 -7.37079
    endloop
  endfacet
  facet normal -0.23104 0.0599705 0.971094
    outer loop
      vertex -27.6234 12.5794 -3.98463
      vertex -28.0751 10.8392 -3.98463
      vertex -22.6923 10.3338 -2.67276
    endloop
  endfacet
  facet normal -0.325277 0.0707189 0.942971
    outer loop
      vertex -37.8838 14.6261 -7.37079
      vertex -38.402 12.2426 -7.37079
      vertex -33.0192 12.748 -5.5519
    endloop
  endfacet
  facet normal -0.242407 0.0140583 0.970073
    outer loop
      vertex -29.1971 3.65994 -3.98463
      vertex -29.3031 1.83218 -3.98463
      vertex -23.9851 3.00659 -2.67276
    endloop
  endfacet
  facet normal -0.222614 0.0775203 0.97182
    outer loop
      vertex -21.7872 13.1149 -2.67276
      vertex -27.1052 14.2893 -3.98463
      vertex -22.2665 11.7385 -2.67276
    endloop
  endfacet
  facet normal -0.315304 0.0955739 0.944166
    outer loop
      vertex -37.2743 16.9743 -7.37079
      vertex -35.6614 18.8 -7.01697
      vertex -36.7209 18.8 -7.37079
    endloop
  endfacet
  facet normal -0.315289 0.095559 0.944172
    outer loop
      vertex -35.6614 18.8 -7.01697
      vertex -37.2743 16.9743 -7.37079
      vertex -31.8785 16.8057 -5.5519
    endloop
  endfacet
  facet normal -0.325278 0.0707268 0.94297
    outer loop
      vertex -33.0192 12.748 -5.5519
      vertex -38.402 12.2426 -7.37079
      vertex -33.4709 10.6706 -5.5519
    endloop
  endfacet
  facet normal -0.137012 0.0415264 0.989699
    outer loop
      vertex -17.3743 9.1594 -1.61946
      vertex -17.7065 8.06334 -1.61946
      vertex -12.4402 6.55824 -0.82725
    endloop
  endfacet
  facet normal -0.185431 0.0481254 0.981478
    outer loop
      vertex -17.7065 8.06334 -1.61946
      vertex -22.6923 10.3338 -2.67276
      vertex -17.996 6.94787 -1.61946
    endloop
  endfacet
  facet normal -0.131213 0.0518948 0.989995
    outer loop
      vertex -16.5852 11.2827 -1.61946
      vertex -17.0002 10.2334 -1.61946
      vertex -12.1724 7.32722 -0.82725
    endloop
  endfacet
  facet normal -0.124147 0.061772 0.990339
    outer loop
      vertex -11.1959 9.52108 -0.82725
      vertex -15.6365 13.2974 -1.61946
      vertex -11.5495 8.81043 -0.82725
    endloop
  endfacet
  facet normal -0.212056 0.094389 0.972689
    outer loop
      vertex -24.6446 18.8 -3.83284
      vertex -21.2553 14.4597 -2.67276
      vertex -20.6722 15.7697 -2.67276
    endloop
  endfacet
  facet normal -0.212013 0.0944238 0.972695
    outer loop
      vertex -21.2553 14.4597 -2.67276
      vertex -24.6446 18.8 -3.83284
      vertex -24.8372 18.8 -3.87482
    endloop
  endfacet
  facet normal -0.217601 0.0860515 0.972237
    outer loop
      vertex -25.8742 17.6019 -3.98463
      vertex -26.5216 15.9648 -3.98463
      vertex -21.7872 13.1149 -2.67276
    endloop
  endfacet
  facet normal -0.206002 0.102517 0.973167
    outer loop
      vertex -22.107 18.8 -3.29566
      vertex -24.2214 18.8 -3.74324
      vertex -20.0394 17.0417 -2.67276
    endloop
  endfacet
  facet normal -0.0742998 0.0503582 0.995964
    outer loop
      vertex -5.99585 6.91641 -0.298049
      vertex -10.4087 10.8719 -0.82725
      vertex -6.25528 6.53364 -0.298049
    endloop
  endfacet
  facet normal -0.0905462 0.0911533 0.991712
    outer loop
      vertex -11.9303 18.5017 -1.61946
      vertex -11.0137 18.8 -1.56319
      vertex -11.63 18.8 -1.61946
    endloop
  endfacet
  facet normal -0.0905427 0.0911422 0.991713
    outer loop
      vertex -11.0137 18.8 -1.56319
      vertex -11.9303 18.5017 -1.61946
      vertex -8.54222 13.2475 -0.82725
    endloop
  endfacet
  facet normal -0.0710725 0.0531661 0.996053
    outer loop
      vertex -5.72198 7.28252 -0.298049
      vertex -9.97704 11.5088 -0.82725
      vertex -5.99585 6.91641 -0.298049
    endloop
  endfacet
  facet normal -0.017672 0.0359949 0.999196
    outer loop
      vertex -2.72615 9.697 -0.298049
      vertex -3.09671 9.51507 -0.298049
      vertex -1.03307 3.17424 -0.0331297
    endloop
  endfacet
  facet normal -0.0320677 0.0292094 0.999059
    outer loop
      vertex -5.13357 7.96126 -0.298049
      vertex -5.43432 7.63108 -0.298049
      vertex -1.71257 2.65589 -0.0331297
    endloop
  endfacet
  facet normal -0.00360947 0.115767 0.99327
    outer loop
      vertex -0.226655 18.8 -1.02184
      vertex -0.660705 17.1169 -0.82725
      vertex 0 17.1375 -0.82725
    endloop
  endfacet
  facet normal -0.00362262 0.11577 0.993269
    outer loop
      vertex -0.660705 17.1169 -0.82725
      vertex -0.226655 18.8 -1.02184
      vertex -0.725673 18.8 -1.02366
    endloop
  endfacet
  facet normal 0.0261945 0.0743732 0.996886
    outer loop
      vertex 3.27177 16.6239 -0.82725
      vertex 1.96622 9.99039 -0.298049
      vertex 2.34901 9.85557 -0.298049
    endloop
  endfacet
  facet normal -0.159935 0.0885014 0.983152
    outer loop
      vertex -15.105 14.2579 -1.61946
      vertex -20.0394 17.0417 -2.67276
      vertex -15.6365 13.2974 -1.61946
    endloop
  endfacet
  facet normal -0.465064 -0.0634027 0.883004
    outer loop
      vertex -49.3 -9.61152 -11.9714
      vertex -48.5069 -12.2801 -11.7453
      vertex -48.9219 -9.23604 -11.7453
    endloop
  endfacet
  facet normal -0.465125 -0.0634236 0.88297
    outer loop
      vertex -48.5069 -12.2801 -11.7453
      vertex -49.3 -9.61152 -11.9714
      vertex -49.3 -12.4808 -12.1775
    endloop
  endfacet
  facet normal -0.358425 -0.108662 0.927213
    outer loop
      vertex -37.2743 -16.9743 -7.37079
      vertex -41.2834 -18.8 -9.13451
      vertex -38.7809 -18.8 -8.16714
    endloop
  endfacet
  facet normal -0.417965 -0.0737374 0.905465
    outer loop
      vertex -43.2406 -13.7852 -9.43693
      vertex -48.5069 -12.2801 -11.7453
      vertex -47.9751 -15.2945 -11.7453
    endloop
  endfacet
  facet normal -0.0966084 -0.0131725 0.995235
    outer loop
      vertex -8.00452 -1.51118 -0.298049
      vertex -13.3194 -2.51459 -0.82725
      vertex -7.93661 -2.00924 -0.298049
    endloop
  endfacet
  facet normal -0.0466071 -0.0120977 0.99884
    outer loop
      vertex -2.58329 -0.997352 -0.0331297
      vertex -7.74366 -2.98965 -0.298049
      vertex -7.61907 -3.46964 -0.298049
    endloop
  endfacet
  facet normal -0.0473059 0.0102862 0.998827
    outer loop
      vertex -2.58329 0.997352 -0.0331297
      vertex -7.84959 2.50246 -0.298049
      vertex -2.61863 0.834824 -0.0331297
    endloop
  endfacet
  facet normal -0.0457967 0.013879 0.998854
    outer loop
      vertex -2.49405 1.31481 -0.0331297
      vertex -7.61907 3.46964 -0.298049
      vertex -2.54173 1.15748 -0.0331297
    endloop
  endfacet
  facet normal -0.0853503 0.0379829 0.995627
    outer loop
      vertex -11.5495 8.81043 -0.82725
      vertex -11.8752 8.07856 -0.82725
      vertex -6.94083 5.29476 -0.298049
    endloop
  endfacet
  facet normal -0.0438458 0.0173404 0.998888
    outer loop
      vertex -7.1366 4.85493 -0.298049
      vertex -7.31517 4.40341 -0.298049
      vertex -2.44035 1.46898 -0.0331297
    endloop
  endfacet
  facet normal -0.0401365 0.0222078 0.998947
    outer loop
      vertex -2.16829 2.04669 -0.0331297
      vertex -6.49964 6.13513 -0.298049
      vertex -2.24458 1.90881 -0.0331297
    endloop
  endfacet
  facet normal -0.0525232 0.0651704 0.996491
    outer loop
      vertex -4.16017 8.83378 -0.298049
      vertex -7.48085 14.2493 -0.82725
      vertex -4.49573 8.56334 -0.298049
    endloop
  endfacet
  facet normal -0.0282703 0.0315399 0.999103
    outer loop
      vertex -1.49978 2.85674 -0.0331297
      vertex -4.82046 8.27227 -0.298049
      vertex -1.60811 2.75964 -0.0331297
    endloop
  endfacet
  facet normal -0.0371727 0.0251945 0.998991
    outer loop
      vertex -5.99585 6.91641 -0.298049
      vertex -6.25528 6.53364 -0.298049
      vertex -2.08677 2.17963 -0.0331297
    endloop
  endfacet
  facet normal -0.0387005 0.0237305 0.998969
    outer loop
      vertex -6.25528 6.53364 -0.298049
      vertex -6.49964 6.13513 -0.298049
      vertex -2.08677 2.17963 -0.0331297
    endloop
  endfacet
  facet normal -0.0338528 0.027937 0.999036
    outer loop
      vertex -1.8129 2.54574 -0.0331297
      vertex -5.43432 7.63108 -0.298049
      vertex -1.90886 2.42946 -0.0331297
    endloop
  endfacet
  facet normal -0.033852 0.0279374 0.999036
    outer loop
      vertex -5.43432 7.63108 -0.298049
      vertex -5.72198 7.28252 -0.298049
      vertex -1.90886 2.42946 -0.0331297
    endloop
  endfacet
  facet normal -0.115886 0.0710633 0.990717
    outer loop
      vertex -14.5371 15.184 -1.61946
      vertex -15.105 14.2579 -1.61946
      vertex -10.4087 10.8719 -0.82725
    endloop
  endfacet
  facet normal -0.0261901 0.0743738 0.996886
    outer loop
      vertex -3.27177 16.6239 -0.82725
      vertex -3.90873 16.3996 -0.82725
      vertex -2.34901 9.85557 -0.298049
    endloop
  endfacet
  facet normal 0.0603893 0.0608012 0.996321
    outer loop
      vertex 8.02119 13.765 -0.82725
      vertex 4.82046 8.27227 -0.298049
      vertex 8.54222 13.2475 -0.82725
    endloop
  endfacet
  facet normal 0.0262681 0.032592 0.999123
    outer loop
      vertex 4.16017 8.83378 -0.298049
      vertex 1.38784 2.94696 -0.0331297
      vertex 1.49978 2.85674 -0.0331297
    endloop
  endfacet
  facet normal 0.059679 0.105798 0.992595
    outer loop
      vertex 6.11852 18.8 -1.20155
      vertex 5.1529 15.833 -0.82725
      vertex 6.62913 18.8 -1.23225
    endloop
  endfacet
  facet normal 0.364472 -0.0946024 0.926397
    outer loop
      vertex 37.8838 -14.6261 -7.37079
      vertex 37.2743 -16.9743 -7.37079
      vertex 42.6571 -16.4689 -9.43693
    endloop
  endfacet
  facet normal 0.455661 -0.0996005 0.884564
    outer loop
      vertex 47.9751 -15.2945 -11.7453
      vertex 48.9194 -15.7134 -12.2789
      vertex 48.952 -15.606 -12.2836
    endloop
  endfacet
  facet normal 0.455855 -0.0991068 0.884519
    outer loop
      vertex 48.9194 -15.7134 -12.2789
      vertex 47.9751 -15.2945 -11.7453
      vertex 48.4573 -16.5778 -12.1376
    endloop
  endfacet
  facet normal 0.455807 -0.0991312 0.884541
    outer loop
      vertex 47.9751 -15.2945 -11.7453
      vertex 47.8355 -17.3355 -11.9021
      vertex 48.4573 -16.5778 -12.1376
    endloop
  endfacet
  facet normal 0.45589 -0.0991335 0.884498
    outer loop
      vertex 47.8355 -17.3355 -11.9021
      vertex 47.9751 -15.2945 -11.7453
      vertex 47.4652 -17.6394 -11.7453
    endloop
  endfacet
  facet normal -0.253639 -0.1129 0.960688
    outer loop
      vertex -25.8742 -17.6019 -3.98463
      vertex -27.6354 -18.8 -4.59042
      vertex -25.3409 -18.8 -3.98463
    endloop
  endfacet
  facet normal -0.417968 -0.0737481 0.905464
    outer loop
      vertex -43.72 -11.0682 -9.43693
      vertex -48.5069 -12.2801 -11.7453
      vertex -43.2406 -13.7852 -9.43693
    endloop
  endfacet
  facet normal -0.413192 -0.0898377 0.906202
    outer loop
      vertex -43.2406 -13.7852 -9.43693
      vertex -47.9751 -15.2945 -11.7453
      vertex -42.6571 -16.4689 -9.43693
    endloop
  endfacet
  facet normal -0.426579 -0.0247356 0.904112
    outer loop
      vertex -49.3 -4.77404 -11.7453
      vertex -44.3619 -5.56088 -9.43693
      vertex -49.3 -3.13655 -11.7005
    endloop
  endfacet
  facet normal -0.426578 -0.0247259 0.904113
    outer loop
      vertex -44.3619 -5.56088 -9.43693
      vertex -49.3 -4.77404 -11.7453
      vertex -49.2191 -6.16975 -11.7453
    endloop
  endfacet
  facet normal -0.470749 -0.0272862 0.881845
    outer loop
      vertex -49.3 -4.77404 -11.7453
      vertex -49.3 -6.17989 -11.7888
      vertex -49.2191 -6.16975 -11.7453
    endloop
  endfacet
  facet normal -0.421797 -0.057504 0.904865
    outer loop
      vertex -44.0941 -8.32457 -9.43693
      vertex -48.9219 -9.23604 -11.7453
      vertex -48.5069 -12.2801 -11.7453
    endloop
  endfacet
  facet normal -0.421791 -0.0575121 0.904867
    outer loop
      vertex -44.0941 -8.32457 -9.43693
      vertex -48.5069 -12.2801 -11.7453
      vertex -43.72 -11.0682 -9.43693
    endloop
  endfacet
  facet normal -0.373986 -0.0659963 0.925083
    outer loop
      vertex -38.8278 -9.82969 -7.37079
      vertex -43.72 -11.0682 -9.43693
      vertex -38.402 -12.2426 -7.37079
    endloop
  endfacet
  facet normal -0.329132 -0.0580811 0.942496
    outer loop
      vertex -33.842 -8.56748 -5.5519
      vertex -38.8278 -9.82969 -7.37079
      vertex -38.402 -12.2426 -7.37079
    endloop
  endfacet
  facet normal -0.23443 -0.050989 0.970795
    outer loop
      vertex -23.3789 -7.45322 -2.67276
      vertex -28.4592 -9.07283 -3.98463
      vertex -23.0633 -8.90424 -2.67276
    endloop
  endfacet
  facet normal -0.237277 -0.0418509 0.97054
    outer loop
      vertex -23.638 -5.98423 -2.67276
      vertex -28.4592 -9.07283 -3.98463
      vertex -23.3789 -7.45322 -2.67276
    endloop
  endfacet
  facet normal -0.369659 -0.0803681 0.925685
    outer loop
      vertex -38.402 -12.2426 -7.37079
      vertex -42.6571 -16.4689 -9.43693
      vertex -37.8838 -14.6261 -7.37079
    endloop
  endfacet
  facet normal -0.364472 -0.0946024 0.926397
    outer loop
      vertex -37.8838 -14.6261 -7.37079
      vertex -42.6571 -16.4689 -9.43693
      vertex -37.2743 -16.9743 -7.37079
    endloop
  endfacet
  facet normal -0.192314 -0.0262272 0.980983
    outer loop
      vertex -18.4445 -4.66942 -1.61946
      vertex -23.8403 -4.50084 -2.67276
      vertex -23.638 -5.98423 -2.67276
    endloop
  endfacet
  facet normal -0.239548 -0.0326688 0.970335
    outer loop
      vertex -23.8403 -4.50084 -2.67276
      vertex -29.0209 -5.47888 -3.98463
      vertex -23.638 -5.98423 -2.67276
    endloop
  endfacet
  facet normal -0.23727 -0.0418626 0.970541
    outer loop
      vertex -23.638 -5.98423 -2.67276
      vertex -28.7747 -7.28463 -3.98463
      vertex -28.4592 -9.07283 -3.98463
    endloop
  endfacet
  facet normal -0.28353 -0.0500245 0.957658
    outer loop
      vertex -28.7747 -7.28463 -3.98463
      vertex -33.842 -8.56748 -5.5519
      vertex -28.4592 -9.07283 -3.98463
    endloop
  endfacet
  facet normal -0.266158 -0.0927065 0.959461
    outer loop
      vertex -27.1052 -14.2893 -3.98463
      vertex -31.1921 -18.7763 -5.5519
      vertex -26.5216 -15.9648 -3.98463
    endloop
  endfacet
  facet normal -0.178621 -0.0622006 0.98195
    outer loop
      vertex -17.0002 -10.2334 -1.61946
      vertex -22.2665 -11.7385 -2.67276
      vertex -21.7872 -13.1149 -2.67276
    endloop
  endfacet
  facet normal 0.23443 -0.050989 0.970795
    outer loop
      vertex 23.3789 -7.45322 -2.67276
      vertex 23.0633 -8.90424 -2.67276
      vertex 28.4592 -9.07283 -3.98463
    endloop
  endfacet
  facet normal 0.0251855 -0.114082 0.993152
    outer loop
      vertex 2.93822 -18.8 -1.06394
      vertex 2.62692 -16.8082 -0.82725
      vertex 2.66534 -18.8 -1.05702
    endloop
  endfacet
  facet normal 0.0438458 -0.0173404 0.998888
    outer loop
      vertex 7.31517 -4.40341 -0.298049
      vertex 2.44035 -1.46898 -0.0331297
      vertex 7.1366 -4.85493 -0.298049
    endloop
  endfacet
  facet normal 0.0489495 -0.0028362 0.998797
    outer loop
      vertex 8.08235 -0.505349 -0.298049
      vertex 2.69628 -0.168585 -0.0331297
      vertex 8.05314 -1.00948 -0.298049
    endloop
  endfacet
  facet normal 0.14638 -0.0084835 0.989192
    outer loop
      vertex 18.7832 -1.17442 -1.61946
      vertex 13.449 -0.840897 -0.82725
      vertex 18.7153 -2.34601 -1.61946
    endloop
  endfacet
  facet normal 0.241262 0.0233794 0.970178
    outer loop
      vertex 29.0209 5.47888 -3.98463
      vertex 23.8403 4.50084 -2.67276
      vertex 23.9851 3.00659 -2.67276
    endloop
  endfacet
  facet normal 0.194626 0.0112797 0.980813
    outer loop
      vertex 24.0721 1.50511 -2.67276
      vertex 18.7153 2.34601 -1.61946
      vertex 18.7832 1.17442 -1.61946
    endloop
  endfacet
  facet normal 0.146731 0.0028268 0.989172
    outer loop
      vertex 18.8058 0 -1.61946
      vertex 13.449 0.840897 -0.82725
      vertex 13.4652 0 -0.82725
    endloop
  endfacet
  facet normal 0.0490676 0.00094669 0.998795
    outer loop
      vertex 8.08235 0.505349 -0.298049
      vertex 2.69628 0.168585 -0.0331297
      vertex 8.0921 0 -0.298049
    endloop
  endfacet
  facet normal 0.0490675 0.000945929 0.998795
    outer loop
      vertex 8.0921 0 -0.298049
      vertex 2.69628 0.168585 -0.0331297
      vertex 2.69953 0 -0.0331297
    endloop
  endfacet
  facet normal 0.0427106 0.0190106 0.998907
    outer loop
      vertex 6.94083 5.29476 -0.298049
      vertex 2.31547 1.76634 -0.0331297
      vertex 2.38078 1.61961 -0.0331297
    endloop
  endfacet
  facet normal 0.0483602 0.00659387 0.998808
    outer loop
      vertex 7.93661 2.00924 -0.298049
      vertex 2.67032 0.504132 -0.0331297
      vertex 8.00452 1.51118 -0.298049
    endloop
  endfacet
  facet normal 0.0448748 0.0156296 0.99887
    outer loop
      vertex 7.31517 4.40341 -0.298049
      vertex 2.49405 1.31481 -0.0331297
      vertex 7.47613 3.94127 -0.298049
    endloop
  endfacet
  facet normal 0.0448742 0.0156304 0.99887
    outer loop
      vertex 7.31517 4.40341 -0.298049
      vertex 2.44035 1.46898 -0.0331297
      vertex 2.49405 1.31481 -0.0331297
    endloop
  endfacet
  facet normal 0.0154027 0.0366335 0.99921
    outer loop
      vertex 2.34901 9.85557 -0.298049
      vertex 0.783633 3.28783 -0.0331297
      vertex 2.72615 9.697 -0.298049
    endloop
  endfacet
  facet normal 0.174564 0.0690402 0.982222
    outer loop
      vertex 21.7872 13.1149 -2.67276
      vertex 16.5852 11.2827 -1.61946
      vertex 17.0002 10.2334 -1.61946
    endloop
  endfacet
  facet normal 0.0438458 0.0173404 0.998888
    outer loop
      vertex 7.1366 4.85493 -0.298049
      vertex 2.44035 1.46898 -0.0331297
      vertex 7.31517 4.40341 -0.298049
    endloop
  endfacet
  facet normal 0.0596841 0.105794 0.992595
    outer loop
      vertex 6.62913 18.8 -1.23225
      vertex 5.7571 15.4921 -0.82725
      vertex 6.98636 18.8 -1.25373
    endloop
  endfacet
  facet normal 0.0596897 0.105792 0.992595
    outer loop
      vertex 5.7571 15.4921 -0.82725
      vertex 6.62913 18.8 -1.23225
      vertex 5.1529 15.833 -0.82725
    endloop
  endfacet
  facet normal 0.124147 0.061772 0.990339
    outer loop
      vertex 15.6365 13.2974 -1.61946
      vertex 11.1959 9.52108 -0.82725
      vertex 11.5495 8.81043 -0.82725
    endloop
  endfacet
  facet normal 0.0371716 0.0251954 0.998991
    outer loop
      vertex 5.99585 6.91641 -0.298049
      vertex 2.00022 2.30732 -0.0331297
      vertex 2.08677 2.17963 -0.0331297
    endloop
  endfacet
  facet normal 0.0565224 0.0630628 0.996408
    outer loop
      vertex 7.48085 14.2493 -0.82725
      vertex 4.82046 8.27227 -0.298049
      vertex 8.02119 13.765 -0.82725
    endloop
  endfacet
  facet normal 0.0338528 0.027937 0.999036
    outer loop
      vertex 5.43432 7.63108 -0.298049
      vertex 1.8129 2.54574 -0.0331297
      vertex 1.90886 2.42946 -0.0331297
    endloop
  endfacet
  facet normal 0.0466071 0.0120977 0.99884
    outer loop
      vertex 7.61907 3.46964 -0.298049
      vertex 2.58329 0.997352 -0.0331297
      vertex 7.74366 2.98965 -0.298049
    endloop
  endfacet
  facet normal 0.093114 0.0241694 0.995362
    outer loop
      vertex 12.8854 4.97475 -0.82725
      vertex 7.61907 3.46964 -0.298049
      vertex 7.74366 2.98965 -0.298049
    endloop
  endfacet
  facet normal 0.0945102 0.0205416 0.995312
    outer loop
      vertex 12.8854 4.97475 -0.82725
      vertex 7.84959 2.50246 -0.298049
      vertex 13.0616 4.16407 -0.82725
    endloop
  endfacet
  facet normal 0.141502 0.0307552 0.98946
    outer loop
      vertex 18.2422 5.81565 -1.61946
      vertex 12.8854 4.97475 -0.82725
      vertex 13.0616 4.16407 -0.82725
    endloop
  endfacet
  facet normal 0.0945067 0.0205487 0.995312
    outer loop
      vertex 12.8854 4.97475 -0.82725
      vertex 7.74366 2.98965 -0.298049
      vertex 7.84959 2.50246 -0.298049
    endloop
  endfacet
  facet normal 0.0483598 0.00659533 0.998808
    outer loop
      vertex 7.93661 2.00924 -0.298049
      vertex 2.64766 0.670285 -0.0331297
      vertex 2.67032 0.504132 -0.0331297
    endloop
  endfacet
  facet normal 0.0956732 0.0168799 0.99527
    outer loop
      vertex 13.0616 4.16407 -0.82725
      vertex 7.93661 2.00924 -0.298049
      vertex 13.2064 3.34336 -0.82725
    endloop
  endfacet
  facet normal 0.0966084 0.0131725 0.995235
    outer loop
      vertex 13.3194 2.51459 -0.82725
      vertex 7.93661 2.00924 -0.298049
      vertex 8.00452 1.51118 -0.298049
    endloop
  endfacet
  facet normal 0.188169 0.0409271 0.981284
    outer loop
      vertex 23.0633 8.90424 -2.67276
      vertex 18.2422 5.81565 -1.61946
      vertex 23.3789 7.45322 -2.67276
    endloop
  endfacet
  facet normal 0.188174 0.0409182 0.981283
    outer loop
      vertex 23.0633 8.90424 -2.67276
      vertex 17.996 6.94787 -1.61946
      vertex 18.2422 5.81565 -1.61946
    endloop
  endfacet
  facet normal 0.19509 0.00375422 0.980778
    outer loop
      vertex 24.0721 1.50511 -2.67276
      vertex 18.7832 1.17442 -1.61946
      vertex 18.8058 0 -1.61946
    endloop
  endfacet
  facet normal 0.195089 0.00375891 0.980778
    outer loop
      vertex 24.0721 1.50511 -2.67276
      vertex 18.8058 0 -1.61946
      vertex 24.1011 0 -2.67276
    endloop
  endfacet
  facet normal 0.056525 -0.0630617 0.996408
    outer loop
      vertex 4.82046 -8.27227 -0.298049
      vertex 4.49573 -8.56334 -0.298049
      vertex 7.48085 -14.2493 -0.82725
    endloop
  endfacet
  facet normal 0.0353403 -0.0719906 0.996779
    outer loop
      vertex 5.1529 -15.833 -0.82725
      vertex 2.72615 -9.697 -0.298049
      vertex 4.53628 -16.1357 -0.82725
    endloop
  endfacet
  facet normal 0.0308112 -0.0732686 0.996836
    outer loop
      vertex 4.53628 -16.1357 -0.82725
      vertex 2.72615 -9.697 -0.298049
      vertex 3.90873 -16.3996 -0.82725
    endloop
  endfacet
  facet normal 0.059679 -0.105798 0.992595
    outer loop
      vertex 6.62913 -18.8 -1.23225
      vertex 5.1529 -15.833 -0.82725
      vertex 6.11852 -18.8 -1.20155
    endloop
  endfacet
  facet normal 0.0725693 -0.100656 0.992271
    outer loop
      vertex 8.85365 -18.8 -1.38446
      vertex 6.92248 -14.6993 -0.82725
      vertex 8.16533 -18.8 -1.33412
    endloop
  endfacet
  facet normal 0.237277 -0.0418509 0.97054
    outer loop
      vertex 23.638 -5.98423 -2.67276
      vertex 23.3789 -7.45322 -2.67276
      vertex 28.4592 -9.07283 -3.98463
    endloop
  endfacet
  facet normal 0.227089 -0.0688363 0.971438
    outer loop
      vertex 22.6923 -10.3338 -2.67276
      vertex 22.2665 -11.7385 -2.67276
      vertex 27.1052 -14.2893 -3.98463
    endloop
  endfacet
  facet normal 0.241262 -0.0233794 0.970178
    outer loop
      vertex 23.9851 -3.00659 -2.67276
      vertex 23.8403 -4.50084 -2.67276
      vertex 29.0209 -5.47888 -3.98463
    endloop
  endfacet
  facet normal 0.1937 -0.0187705 0.980881
    outer loop
      vertex 23.9851 -3.00659 -2.67276
      vertex 18.7153 -2.34601 -1.61946
      vertex 23.8403 -4.50084 -2.67276
    endloop
  endfacet
  facet normal 0.192314 -0.0262183 0.980983
    outer loop
      vertex 18.6023 -3.51194 -1.61946
      vertex 18.4445 -4.66942 -1.61946
      vertex 23.8403 -4.50084 -2.67276
    endloop
  endfacet
  facet normal 0.141502 -0.0307552 0.98946
    outer loop
      vertex 13.0616 -4.16407 -0.82725
      vertex 12.8854 -4.97475 -0.82725
      vertex 18.2422 -5.81565 -1.61946
    endloop
  endfacet
  facet normal 0.289604 -0.0167864 0.956999
    outer loop
      vertex 34.4634 -2.15483 -5.5519
      vertex 29.1971 -3.65994 -3.98463
      vertex 34.3388 -4.30447 -5.5519
    endloop
  endfacet
  facet normal 0.334552 -0.0324133 0.94182
    outer loop
      vertex 39.3978 -4.93862 -7.37079
      vertex 34.1315 -6.44373 -5.5519
      vertex 39.16 -7.39306 -7.37079
    endloop
  endfacet
  facet normal 0.131213 0.0518948 0.989995
    outer loop
      vertex 16.5852 11.2827 -1.61946
      vertex 12.1724 7.32722 -0.82725
      vertex 17.0002 10.2334 -1.61946
    endloop
  endfacet
  facet normal 0.178621 0.0622006 0.98195
    outer loop
      vertex 21.7872 13.1149 -2.67276
      vertex 17.0002 10.2334 -1.61946
      vertex 22.2665 11.7385 -2.67276
    endloop
  endfacet
  facet normal 0.253639 0.1129 0.960688
    outer loop
      vertex 27.6354 18.8 -4.59042
      vertex 25.3409 18.8 -3.98463
      vertex 25.8742 17.6019 -3.98463
    endloop
  endfacet
  facet normal 0.28353 0.0500245 0.957658
    outer loop
      vertex 33.842 8.56748 -5.5519
      vertex 28.4592 9.07283 -3.98463
      vertex 28.7747 7.28463 -3.98463
    endloop
  endfacet
  facet normal 0.283531 0.0500296 0.957657
    outer loop
      vertex 33.4709 10.6706 -5.5519
      vertex 28.4592 9.07283 -3.98463
      vertex 33.842 8.56748 -5.5519
    endloop
  endfacet
  facet normal 0.0448742 -0.0156304 0.99887
    outer loop
      vertex 2.49405 -1.31481 -0.0331297
      vertex 2.44035 -1.46898 -0.0331297
      vertex 7.31517 -4.40341 -0.298049
    endloop
  endfacet
  facet normal 0.139425 -0.0361873 0.989571
    outer loop
      vertex 12.8854 -4.97475 -0.82725
      vertex 12.6781 -5.77345 -0.82725
      vertex 17.996 -6.94787 -1.61946
    endloop
  endfacet
  facet normal 0.0896629 -0.0312254 0.995483
    outer loop
      vertex 12.4402 -6.55824 -0.82725
      vertex 7.31517 -4.40341 -0.298049
      vertex 12.1724 -7.32722 -0.82725
    endloop
  endfacet
  facet normal 0.0828786 -0.0412355 0.995706
    outer loop
      vertex 6.94083 -5.29476 -0.298049
      vertex 6.72834 -5.72184 -0.298049
      vertex 11.1959 -9.52108 -0.82725
    endloop
  endfacet
  facet normal 0.00722839 -0.0769676 0.997007
    outer loop
      vertex 0.793164 -10.2494 -0.298049
      vertex 0.39706 -10.2866 -0.298049
      vertex 0.660705 -17.1169 -0.82725
    endloop
  endfacet
  facet normal 0.0215113 -0.0752983 0.996929
    outer loop
      vertex 1.96622 -9.99039 -0.298049
      vertex 1.57869 -10.1011 -0.298049
      vertex 3.27177 -16.6239 -0.82725
    endloop
  endfacet
  facet normal 0.159931 -0.0885085 0.983152
    outer loop
      vertex 20.0394 -17.0417 -2.67276
      vertex 15.105 -14.2579 -1.61946
      vertex 19.3582 -18.2726 -2.67276
    endloop
  endfacet
  facet normal 0.0530128 -0.107985 0.992738
    outer loop
      vertex 6.11852 -18.8 -1.20155
      vertex 5.1529 -15.833 -0.82725
      vertex 5.67639 -18.8 -1.17794
    endloop
  endfacet
  facet normal 0.178621 -0.0622006 0.98195
    outer loop
      vertex 22.2665 -11.7385 -2.67276
      vertex 17.0002 -10.2334 -1.61946
      vertex 21.7872 -13.1149 -2.67276
    endloop
  endfacet
  facet normal 0.141837 -0.106087 0.984189
    outer loop
      vertex 16.2977 -18.8 -2.25397
      vertex 13.9342 -16.0735 -1.61946
      vertex 15.4429 -18.8 -2.13078
    endloop
  endfacet
  facet normal 0.0167917 -0.0760377 0.996964
    outer loop
      vertex 2.62692 -16.8082 -0.82725
      vertex 1.57869 -10.1011 -0.298049
      vertex 1.97575 -16.952 -0.82725
    endloop
  endfacet
  facet normal 0.0084024 -0.0380129 0.999242
    outer loop
      vertex 1.57869 -10.1011 -0.298049
      vertex 0.396104 -3.39858 -0.0331297
      vertex 1.18736 -10.1876 -0.298049
    endloop
  endfacet
  facet normal -0.0130972 -0.0371835 0.999223
    outer loop
      vertex -0.783633 -3.28783 -0.0331297
      vertex -1.96622 -9.99039 -0.298049
      vertex -0.655933 -3.33281 -0.0331297
    endloop
  endfacet
  facet normal 0.00240949 -0.0771543 0.997016
    outer loop
      vertex 0.39706 -10.2866 -0.298049
      vertex 0 -10.299 -0.298049
      vertex 0.660705 -17.1169 -0.82725
    endloop
  endfacet
  facet normal -0.120159 -0.0664985 0.990525
    outer loop
      vertex -11.1959 -9.52108 -0.82725
      vertex -15.105 -14.2579 -1.61946
      vertex -10.8153 -10.2088 -0.82725
    endloop
  endfacet
  facet normal -0.170104 -0.0756999 0.982514
    outer loop
      vertex -16.5852 -11.2827 -1.61946
      vertex -20.6722 -15.7697 -2.67276
      vertex -16.1303 -12.3049 -1.61946
    endloop
  endfacet
  facet normal -0.0487135 0.00472085 0.998802
    outer loop
      vertex -8.00452 1.51118 -0.298049
      vertex -8.05314 1.00948 -0.298049
      vertex -2.67032 0.504132 -0.0331297
    endloop
  endfacet
  facet normal -0.182243 -0.0552352 0.981701
    outer loop
      vertex -17.7065 -8.06334 -1.61946
      vertex -22.2665 -11.7385 -2.67276
      vertex -17.3743 -9.1594 -1.61946
    endloop
  endfacet
  facet normal -0.0945067 -0.0205487 0.995312
    outer loop
      vertex -7.84959 -2.50246 -0.298049
      vertex -12.8854 -4.97475 -0.82725
      vertex -7.74366 -2.98965 -0.298049
    endloop
  endfacet
  facet normal -0.0448748 -0.0156296 0.99887
    outer loop
      vertex -2.49405 -1.31481 -0.0331297
      vertex -7.47613 -3.94127 -0.298049
      vertex -7.31517 -4.40341 -0.298049
    endloop
  endfacet
  facet normal -0.135073 -0.111477 0.984545
    outer loop
      vertex -13.2977 -16.9244 -1.61946
      vertex -13.818 -18.8 -1.90321
      vertex -12.6292 -17.7344 -1.61946
    endloop
  endfacet
  facet normal -0.135083 -0.111474 0.984544
    outer loop
      vertex -13.818 -18.8 -1.90321
      vertex -13.2977 -16.9244 -1.61946
      vertex -14.7714 -18.8 -2.03402
    endloop
  endfacet
  facet normal -0.00360947 -0.115767 0.99327
    outer loop
      vertex -0.660705 -17.1169 -0.82725
      vertex -0.226655 -18.8 -1.02184
      vertex 0 -17.1375 -0.82725
    endloop
  endfacet
  facet normal -0.00362262 -0.11577 0.993269
    outer loop
      vertex -0.226655 -18.8 -1.02184
      vertex -0.660705 -17.1169 -0.82725
      vertex -0.725673 -18.8 -1.02366
    endloop
  endfacet
  facet normal -0.0392841 -0.111576 0.992979
    outer loop
      vertex -3.27177 -16.6239 -0.82725
      vertex -4.02966 -18.8 -1.10175
      vertex -3.70005 -18.8 -1.08871
    endloop
  endfacet
  facet normal -0.010839 -0.115489 0.99325
    outer loop
      vertex -0.660705 -17.1169 -0.82725
      vertex -1.21868 -18.8 -1.02904
      vertex -0.725673 -18.8 -1.02366
    endloop
  endfacet
  facet normal -0.0108458 -0.115487 0.99325
    outer loop
      vertex -1.21868 -18.8 -1.02904
      vertex -0.660705 -17.1169 -0.82725
      vertex -1.31982 -17.055 -0.82725
    endloop
  endfacet
  facet normal 0.470749 -0.0272862 0.881845
    outer loop
      vertex 49.3 -4.77404 -11.7453
      vertex 49.2191 -6.16975 -11.7453
      vertex 49.3 -6.17989 -11.7888
    endloop
  endfacet
  facet normal 0.465149 -0.0632951 0.882967
    outer loop
      vertex 49.3 -9.30741 -11.9496
      vertex 48.9219 -9.23604 -11.7453
      vertex 49.3 -9.61152 -11.9714
    endloop
  endfacet
  facet normal 0.30295 0.118399 0.945623
    outer loop
      vertex 31.2099 18.8 -5.56057
      vertex 31.1921 18.7763 -5.5519
      vertex 31.2315 18.8 -5.56749
    endloop
  endfacet
  facet normal 0.38268 -0.00736824 0.923852
    outer loop
      vertex 44.5765 0 -9.43693
      vertex 39.5885 0 -7.37079
      vertex 44.5229 -2.78379 -9.43693
    endloop
  endfacet
  facet normal 0.427525 -0.0091701 0.903957
    outer loop
      vertex 44.5765 0 -9.43693
      vertex 49.3 -0.0887189 -11.6718
      vertex 49.3 0 -11.6709
    endloop
  endfacet
  facet normal 0.427543 -0.00823205 0.903958
    outer loop
      vertex 49.3 -0.0887189 -11.6718
      vertex 44.5765 0 -9.43693
      vertex 44.5229 -2.78379 -9.43693
    endloop
  endfacet
  facet normal 0.424666 -0.0411608 0.904414
    outer loop
      vertex 49.2191 -6.16975 -11.7453
      vertex 44.0941 -8.32457 -9.43693
      vertex 48.9219 -9.23604 -11.7453
    endloop
  endfacet
  facet normal 0.421791 -0.0575121 0.904867
    outer loop
      vertex 44.0941 -8.32457 -9.43693
      vertex 43.72 -11.0682 -9.43693
      vertex 48.5069 -12.2801 -11.7453
    endloop
  endfacet
  facet normal 0.288252 0.0279324 0.957147
    outer loop
      vertex 34.1315 6.44373 -5.5519
      vertex 29.1971 3.65994 -3.98463
      vertex 34.3388 4.30447 -5.5519
    endloop
  endfacet
  facet normal 0.289604 0.0167864 0.956999
    outer loop
      vertex 34.3388 4.30447 -5.5519
      vertex 29.1971 3.65994 -3.98463
      vertex 34.4634 2.15483 -5.5519
    endloop
  endfacet
  facet normal 0.465125 0.0634236 0.88297
    outer loop
      vertex 48.5069 12.2801 -11.7453
      vertex 49.3 9.61152 -11.9714
      vertex 49.3 12.4808 -12.1775
    endloop
  endfacet
  facet normal 0.465064 0.0634027 0.883004
    outer loop
      vertex 49.3 9.61152 -11.9714
      vertex 48.5069 12.2801 -11.7453
      vertex 48.9219 9.23604 -11.7453
    endloop
  endfacet
  facet normal 0.421797 0.057504 0.904865
    outer loop
      vertex 48.5069 12.2801 -11.7453
      vertex 44.0941 8.32457 -9.43693
      vertex 48.9219 9.23604 -11.7453
    endloop
  endfacet
  facet normal 0.413414 0.0902394 0.906061
    outer loop
      vertex 46.8406 18.0841 -11.5046
      vertex 47.4652 17.6394 -11.7453
      vertex 47.0778 17.9573 -11.6002
    endloop
  endfacet
  facet normal 0.41319 0.0898484 0.906202
    outer loop
      vertex 47.4652 17.6394 -11.7453
      vertex 46.8406 18.0841 -11.5046
      vertex 47.9751 15.2945 -11.7453
    endloop
  endfacet
  facet normal 0.413194 0.0898502 0.9062
    outer loop
      vertex 47.9751 15.2945 -11.7453
      vertex 46.8406 18.0841 -11.5046
      vertex 42.6571 16.4689 -9.43693
    endloop
  endfacet
  facet normal 0.455855 0.0991068 0.884519
    outer loop
      vertex 47.9751 15.2945 -11.7453
      vertex 48.9194 15.7134 -12.2789
      vertex 48.4573 16.5778 -12.1376
    endloop
  endfacet
  facet normal 0.455661 0.0996005 0.884564
    outer loop
      vertex 48.9194 15.7134 -12.2789
      vertex 47.9751 15.2945 -11.7453
      vertex 48.952 15.606 -12.2836
    endloop
  endfacet
  facet normal 0.455807 0.0991312 0.884541
    outer loop
      vertex 47.8355 17.3355 -11.9021
      vertex 47.9751 15.2945 -11.7453
      vertex 48.4573 16.5778 -12.1376
    endloop
  endfacet
  facet normal 0.45589 0.0991335 0.884498
    outer loop
      vertex 47.9751 15.2945 -11.7453
      vertex 47.8355 17.3355 -11.9021
      vertex 47.4652 17.6394 -11.7453
    endloop
  endfacet
  facet normal -0.427525 -0.0091701 0.903957
    outer loop
      vertex -49.3 -0.0887189 -11.6718
      vertex -44.5765 0 -9.43693
      vertex -49.3 0 -11.6709
    endloop
  endfacet
  facet normal -0.427543 -0.00823205 0.903958
    outer loop
      vertex -44.5765 0 -9.43693
      vertex -49.3 -0.0887189 -11.6718
      vertex -44.5229 -2.78379 -9.43693
    endloop
  endfacet
  facet normal -0.427543 0.00823205 0.903958
    outer loop
      vertex -49.3 0.0887189 -11.6718
      vertex -44.5765 0 -9.43693
      vertex -44.5229 2.78379 -9.43693
    endloop
  endfacet
  facet normal -0.427525 0.0091701 0.903957
    outer loop
      vertex -44.5765 0 -9.43693
      vertex -49.3 0.0887189 -11.6718
      vertex -49.3 0 -11.6709
    endloop
  endfacet
  facet normal -0.266158 0.0927065 0.959461
    outer loop
      vertex -26.5216 15.9648 -3.98463
      vertex -31.1921 18.7763 -5.5519
      vertex -27.1052 14.2893 -3.98463
    endloop
  endfacet
  facet normal -0.45589 0.0991335 0.884498
    outer loop
      vertex -47.8355 17.3355 -11.9021
      vertex -47.9751 15.2945 -11.7453
      vertex -47.4652 17.6394 -11.7453
    endloop
  endfacet
  facet normal -0.455807 0.0991312 0.884541
    outer loop
      vertex -48.4573 16.5778 -12.1376
      vertex -47.9751 15.2945 -11.7453
      vertex -47.8355 17.3355 -11.9021
    endloop
  endfacet
  facet normal -0.455855 0.0991068 0.884519
    outer loop
      vertex -48.9194 15.7134 -12.2789
      vertex -47.9751 15.2945 -11.7453
      vertex -48.4573 16.5778 -12.1376
    endloop
  endfacet
  facet normal -0.455661 0.0996005 0.884564
    outer loop
      vertex -47.9751 15.2945 -11.7453
      vertex -48.9194 15.7134 -12.2789
      vertex -48.952 15.606 -12.2836
    endloop
  endfacet
  facet normal -0.309177 0.107678 0.944889
    outer loop
      vertex -33.5243 18.8 -6.31769
      vertex -35.6614 18.8 -7.01697
      vertex -31.8785 16.8057 -5.5519
    endloop
  endfacet
  facet normal -0.28017 0.0609234 0.958015
    outer loop
      vertex -28.0751 10.8392 -3.98463
      vertex -33.4709 10.6706 -5.5519
      vertex -28.4592 9.07283 -3.98463
    endloop
  endfacet
  facet normal -0.241266 0.0233713 0.970178
    outer loop
      vertex -29.0209 5.47888 -3.98463
      vertex -29.1971 3.65994 -3.98463
      vertex -23.9851 3.00659 -2.67276
    endloop
  endfacet
  facet normal -0.271477 0.08228 0.958921
    outer loop
      vertex -31.8785 16.8057 -5.5519
      vertex -32.488 14.7947 -5.5519
      vertex -27.1052 14.2893 -3.98463
    endloop
  endfacet
  facet normal -0.227099 0.0688243 0.971437
    outer loop
      vertex -27.1052 14.2893 -3.98463
      vertex -27.6234 12.5794 -3.98463
      vertex -22.6923 10.3338 -2.67276
    endloop
  endfacet
  facet normal -0.286227 0.0390172 0.957367
    outer loop
      vertex -33.842 8.56748 -5.5519
      vertex -34.1315 6.44373 -5.5519
      vertex -28.7747 7.28463 -3.98463
    endloop
  endfacet
  facet normal -0.28017 0.0609188 0.958016
    outer loop
      vertex -33.0192 12.748 -5.5519
      vertex -33.4709 10.6706 -5.5519
      vertex -28.0751 10.8392 -3.98463
    endloop
  endfacet
  facet normal -0.28353 0.0500245 0.957658
    outer loop
      vertex -28.4592 9.07283 -3.98463
      vertex -33.842 8.56748 -5.5519
      vertex -28.7747 7.28463 -3.98463
    endloop
  endfacet
  facet normal -0.332227 0.0452877 0.942112
    outer loop
      vertex -33.842 8.56748 -5.5519
      vertex -39.16 7.39306 -7.37079
      vertex -34.1315 6.44373 -5.5519
    endloop
  endfacet
  facet normal -0.139426 0.0361854 0.989571
    outer loop
      vertex -17.7065 8.06334 -1.61946
      vertex -17.996 6.94787 -1.61946
      vertex -12.6781 5.77345 -0.82725
    endloop
  endfacet
  facet normal -0.231041 0.0599598 0.971095
    outer loop
      vertex -22.6923 10.3338 -2.67276
      vertex -28.0751 10.8392 -3.98463
      vertex -23.0633 8.90424 -2.67276
    endloop
  endfacet
  facet normal -0.417968 0.0737481 0.905464
    outer loop
      vertex -43.2406 13.7852 -9.43693
      vertex -48.5069 12.2801 -11.7453
      vertex -43.72 11.0682 -9.43693
    endloop
  endfacet
  facet normal -0.413414 0.0902394 0.906061
    outer loop
      vertex -47.4652 17.6394 -11.7453
      vertex -46.8406 18.0841 -11.5046
      vertex -47.0778 17.9573 -11.6002
    endloop
  endfacet
  facet normal -0.41319 0.0898484 0.906202
    outer loop
      vertex -46.8406 18.0841 -11.5046
      vertex -47.4652 17.6394 -11.7453
      vertex -47.9751 15.2945 -11.7453
    endloop
  endfacet
  facet normal -0.413194 0.0898502 0.9062
    outer loop
      vertex -46.8406 18.0841 -11.5046
      vertex -47.9751 15.2945 -11.7453
      vertex -42.6571 16.4689 -9.43693
    endloop
  endfacet
  facet normal -0.417965 0.0737374 0.905465
    outer loop
      vertex -47.9751 15.2945 -11.7453
      vertex -48.5069 12.2801 -11.7453
      vertex -43.2406 13.7852 -9.43693
    endloop
  endfacet
  facet normal -0.373985 0.0659876 0.925084
    outer loop
      vertex -43.2406 13.7852 -9.43693
      vertex -43.72 11.0682 -9.43693
      vertex -38.402 12.2426 -7.37079
    endloop
  endfacet
  facet normal -0.253639 0.1129 0.960688
    outer loop
      vertex -25.3409 18.8 -3.98463
      vertex -27.6354 18.8 -4.59042
      vertex -25.8742 17.6019 -3.98463
    endloop
  endfacet
  facet normal -0.170093 0.0757108 0.982515
    outer loop
      vertex -20.6722 15.7697 -2.67276
      vertex -21.2553 14.4597 -2.67276
      vertex -16.5852 11.2827 -1.61946
    endloop
  endfacet
  facet normal -0.174562 0.0690435 0.982222
    outer loop
      vertex -21.2553 14.4597 -2.67276
      vertex -21.7872 13.1149 -2.67276
      vertex -16.5852 11.2827 -1.61946
    endloop
  endfacet
  facet normal -0.141837 0.106087 0.984189
    outer loop
      vertex -15.4429 18.8 -2.13078
      vertex -16.2977 18.8 -2.25397
      vertex -13.9342 16.0735 -1.61946
    endloop
  endfacet
  facet normal -0.0787532 0.0977187 0.992093
    outer loop
      vertex -9.70176 18.8 -1.45178
      vertex -7.48085 14.2493 -0.82725
      vertex -6.92248 14.6993 -0.82725
    endloop
  endfacet
  facet normal -0.0787469 0.0977217 0.992093
    outer loop
      vertex -7.48085 14.2493 -0.82725
      vertex -9.70176 18.8 -1.45178
      vertex -9.86995 18.8 -1.46513
    endloop
  endfacet
  facet normal -0.072571 0.100654 0.992271
    outer loop
      vertex -7.89549 18.8 -1.31438
      vertex -6.92248 14.6993 -0.82725
      vertex -6.34744 15.1139 -0.82725
    endloop
  endfacet
  facet normal -0.072589 0.10065 0.99227
    outer loop
      vertex -6.92248 14.6993 -0.82725
      vertex -7.89549 18.8 -1.31438
      vertex -8.16533 18.8 -1.33412
    endloop
  endfacet
  facet normal -0.206014 0.102489 0.973167
    outer loop
      vertex -24.2214 18.8 -3.74324
      vertex -20.6722 15.7697 -2.67276
      vertex -20.0394 17.0417 -2.67276
    endloop
  endfacet
  facet normal -0.206039 0.102459 0.973165
    outer loop
      vertex -20.6722 15.7697 -2.67276
      vertex -24.2214 18.8 -3.74324
      vertex -24.6446 18.8 -3.83284
    endloop
  endfacet
  facet normal -0.0961056 0.0875252 0.991516
    outer loop
      vertex -8.54222 13.2475 -0.82725
      vertex -11.9303 18.5017 -1.61946
      vertex -9.04266 12.698 -0.82725
    endloop
  endfacet
  facet normal -0.111335 0.0754576 0.990914
    outer loop
      vertex -9.97704 11.5088 -0.82725
      vertex -13.9342 16.0735 -1.61946
      vertex -10.4087 10.8719 -0.82725
    endloop
  endfacet
  facet normal -0.0743005 0.0503573 0.995964
    outer loop
      vertex -9.97704 11.5088 -0.82725
      vertex -10.4087 10.8719 -0.82725
      vertex -5.99585 6.91641 -0.298049
    endloop
  endfacet
  facet normal -0.0525223 0.0651709 0.996491
    outer loop
      vertex -6.92248 14.6993 -0.82725
      vertex -7.48085 14.2493 -0.82725
      vertex -4.16017 8.83378 -0.298049
    endloop
  endfacet
  facet normal -0.0847525 0.0945426 0.991907
    outer loop
      vertex -9.86995 18.8 -1.46513
      vertex -10.885 18.8 -1.55186
      vertex -7.48085 14.2493 -0.82725
    endloop
  endfacet
  facet normal -0.00600336 0.0382929 0.999249
    outer loop
      vertex -0.793164 10.2494 -0.298049
      vertex -1.18736 10.1876 -0.298049
      vertex -0.2646 3.41923 -0.0331297
    endloop
  endfacet
  facet normal -0.00722832 0.0769676 0.997007
    outer loop
      vertex -0.660705 17.1169 -0.82725
      vertex -1.31982 17.055 -0.82725
      vertex -0.793164 10.2494 -0.298049
    endloop
  endfacet
  facet normal -0.0107564 0.0376448 0.999233
    outer loop
      vertex -0.526652 3.36975 -0.0331297
      vertex -1.57869 10.1011 -0.298049
      vertex -0.655933 3.33281 -0.0331297
    endloop
  endfacet
  facet normal -0.0262681 0.032592 0.999123
    outer loop
      vertex -1.38784 2.94696 -0.0331297
      vertex -4.16017 8.83378 -0.298049
      vertex -1.49978 2.85674 -0.0331297
    endloop
  endfacet
  facet normal -0.0353438 0.0719892 0.996779
    outer loop
      vertex -2.72615 9.697 -0.298049
      vertex -5.1529 15.833 -0.82725
      vertex -3.09671 9.51507 -0.298049
    endloop
  endfacet
  facet normal -0.0215198 0.075296 0.996929
    outer loop
      vertex -2.62692 16.8082 -0.82725
      vertex -3.27177 16.6239 -0.82725
      vertex -1.57869 10.1011 -0.298049
    endloop
  endfacet
  facet normal -0.0302048 0.0304115 0.999081
    outer loop
      vertex -1.60811 2.75964 -0.0331297
      vertex -4.82046 8.27227 -0.298049
      vertex -1.71257 2.65589 -0.0331297
    endloop
  endfacet
  facet normal -0.407482 -0.105773 0.907067
    outer loop
      vertex -42.6571 -16.4689 -9.43693
      vertex -44.3 -18.8 -10.4468
      vertex -42.052 -18.8 -9.43693
    endloop
  endfacet
  facet normal -0.407539 -0.105724 0.907047
    outer loop
      vertex -44.3 -18.8 -10.4468
      vertex -42.6571 -16.4689 -9.43693
      vertex -44.5597 -18.7744 -10.5605
    endloop
  endfacet
  facet normal -0.364471 -0.0945961 0.926397
    outer loop
      vertex -42.6571 -16.4689 -9.43693
      vertex -41.2834 -18.8 -9.13451
      vertex -37.2743 -16.9743 -7.37079
    endloop
  endfacet
  facet normal -0.364503 -0.0946165 0.926383
    outer loop
      vertex -41.2834 -18.8 -9.13451
      vertex -42.6571 -16.4689 -9.43693
      vertex -42.052 -18.8 -9.43693
    endloop
  endfacet
  facet normal -0.407489 -0.105773 0.907064
    outer loop
      vertex -42.6571 -16.4689 -9.43693
      vertex -45.2754 -18.7039 -10.8738
      vertex -44.5597 -18.7744 -10.5605
    endloop
  endfacet
  facet normal -0.407482 -0.105783 0.907066
    outer loop
      vertex -42.6571 -16.4689 -9.43693
      vertex -46.2134 -18.4194 -11.262
      vertex -45.2754 -18.7039 -10.8738
    endloop
  endfacet
  facet normal -0.407446 -0.105857 0.907074
    outer loop
      vertex -46.2134 -18.4194 -11.262
      vertex -42.6571 -16.4689 -9.43693
      vertex -46.8406 -18.0841 -11.5046
    endloop
  endfacet
  facet normal -0.0457963 -0.0138798 0.998854
    outer loop
      vertex -2.49405 -1.31481 -0.0331297
      vertex -7.61907 -3.46964 -0.298049
      vertex -7.47613 -3.94127 -0.298049
    endloop
  endfacet
  facet normal -0.0490676 -0.00094669 0.998795
    outer loop
      vertex -2.69628 -0.168585 -0.0331297
      vertex -8.0921 0 -0.298049
      vertex -8.08235 -0.505349 -0.298049
    endloop
  endfacet
  facet normal -0.0853472 0.0379884 0.995627
    outer loop
      vertex -6.94083 5.29476 -0.298049
      vertex -11.8752 8.07856 -0.82725
      vertex -7.1366 4.85493 -0.298049
    endloop
  endfacet
  facet normal -0.0876073 0.0346539 0.995552
    outer loop
      vertex -11.8752 8.07856 -0.82725
      vertex -12.1724 7.32722 -0.82725
      vertex -7.1366 4.85493 -0.298049
    endloop
  endfacet
  facet normal -0.0414722 0.0206357 0.998927
    outer loop
      vertex -2.24458 1.90881 -0.0331297
      vertex -6.94083 5.29476 -0.298049
      vertex -2.31547 1.76634 -0.0331297
    endloop
  endfacet
  facet normal -0.035557 0.0265964 0.999014
    outer loop
      vertex -1.90886 2.42946 -0.0331297
      vertex -5.99585 6.91641 -0.298049
      vertex -2.00022 2.30732 -0.0331297
    endloop
  endfacet
  facet normal -0.0371716 0.0251954 0.998991
    outer loop
      vertex -2.00022 2.30732 -0.0331297
      vertex -5.99585 6.91641 -0.298049
      vertex -2.08677 2.17963 -0.0331297
    endloop
  endfacet
  facet normal -0.0180037 0.114929 0.993211
    outer loop
      vertex -1.45486 18.8 -1.03162
      vertex -1.69925 18.8 -1.03605
      vertex -1.31982 17.055 -0.82725
    endloop
  endfacet
  facet normal -0.120606 0.121414 0.985248
    outer loop
      vertex -11.63 18.8 -1.61946
      vertex -12.1226 18.8 -1.67976
      vertex -11.9303 18.5017 -1.61946
    endloop
  endfacet
  facet normal -0.0530128 0.107985 0.992738
    outer loop
      vertex -5.67639 18.8 -1.17794
      vertex -6.11852 18.8 -1.20155
      vertex -5.1529 15.833 -0.82725
    endloop
  endfacet
  facet normal -0.0353403 0.0719906 0.996779
    outer loop
      vertex -4.53628 16.1357 -0.82725
      vertex -5.1529 15.833 -0.82725
      vertex -2.72615 9.697 -0.298049
    endloop
  endfacet
  facet normal -0.0168073 0.0760368 0.996963
    outer loop
      vertex -1.18736 10.1876 -0.298049
      vertex -1.97575 16.952 -0.82725
      vertex -1.57869 10.1011 -0.298049
    endloop
  endfacet
  facet normal 0.00722832 0.0769676 0.997007
    outer loop
      vertex 1.31982 17.055 -0.82725
      vertex 0.660705 17.1169 -0.82725
      vertex 0.793164 10.2494 -0.298049
    endloop
  endfacet
  facet normal -0.0462217 0.109907 0.992867
    outer loop
      vertex -4.89951 18.8 -1.13909
      vertex -5.2853 18.8 -1.15705
      vertex -4.53628 16.1357 -0.82725
    endloop
  endfacet
  facet normal 0.0603916 0.0607994 0.996321
    outer loop
      vertex 8.54222 13.2475 -0.82725
      vertex 4.82046 8.27227 -0.298049
      vertex 5.13357 7.96126 -0.298049
    endloop
  endfacet
  facet normal 0.0905462 0.0911533 0.991712
    outer loop
      vertex 11.0137 18.8 -1.56319
      vertex 11.9303 18.5017 -1.61946
      vertex 11.63 18.8 -1.61946
    endloop
  endfacet
  facet normal 0.0905427 0.0911422 0.991713
    outer loop
      vertex 11.9303 18.5017 -1.61946
      vertex 11.0137 18.8 -1.56319
      vertex 8.54222 13.2475 -0.82725
    endloop
  endfacet
  facet normal 0.00600336 0.0382929 0.999249
    outer loop
      vertex 0.793164 10.2494 -0.298049
      vertex 0.2646 3.41923 -0.0331297
      vertex 1.18736 10.1876 -0.298049
    endloop
  endfacet
  facet normal 0.0084024 0.0380129 0.999242
    outer loop
      vertex 1.18736 10.1876 -0.298049
      vertex 0.396104 3.39858 -0.0331297
      vertex 1.57869 10.1011 -0.298049
    endloop
  endfacet
  facet normal 0.0176709 0.0359952 0.999196
    outer loop
      vertex 2.72615 9.697 -0.298049
      vertex 0.909446 3.23493 -0.0331297
      vertex 1.03307 3.17424 -0.0331297
    endloop
  endfacet
  facet normal 0.0220762 0.0344596 0.999162
    outer loop
      vertex 3.45982 9.31022 -0.298049
      vertex 1.1542 3.1059 -0.0331297
      vertex 3.81459 9.08294 -0.298049
    endloop
  endfacet
  facet normal 0.0220762 0.0344595 0.999162
    outer loop
      vertex 3.81459 9.08294 -0.298049
      vertex 1.1542 3.1059 -0.0331297
      vertex 1.27255 3.03008 -0.0331297
    endloop
  endfacet
  facet normal -0.465149 -0.0632951 0.882967
    outer loop
      vertex -49.3 -9.30741 -11.9496
      vertex -49.3 -9.61152 -11.9714
      vertex -48.9219 -9.23604 -11.7453
    endloop
  endfacet
  facet normal -0.468251 -0.0453286 0.882432
    outer loop
      vertex -49.3 -9.05044 -11.9364
      vertex -49.3 -9.30741 -11.9496
      vertex -48.9219 -9.23604 -11.7453
    endloop
  endfacet
  facet normal 0.41319 -0.0898484 0.906202
    outer loop
      vertex 46.8406 -18.0841 -11.5046
      vertex 47.4652 -17.6394 -11.7453
      vertex 47.9751 -15.2945 -11.7453
    endloop
  endfacet
  facet normal 0.413414 -0.0902394 0.906061
    outer loop
      vertex 47.4652 -17.6394 -11.7453
      vertex 46.8406 -18.0841 -11.5046
      vertex 47.0778 -17.9573 -11.6002
    endloop
  endfacet
  facet normal 0.413194 -0.0898502 0.9062
    outer loop
      vertex 46.8406 -18.0841 -11.5046
      vertex 47.9751 -15.2945 -11.7453
      vertex 42.6571 -16.4689 -9.43693
    endloop
  endfacet
  facet normal 0.329132 -0.0580811 0.942496
    outer loop
      vertex 38.8278 -9.82969 -7.37079
      vertex 33.842 -8.56748 -5.5519
      vertex 38.402 -12.2426 -7.37079
    endloop
  endfacet
  facet normal 0.22261 -0.0775381 0.971819
    outer loop
      vertex 27.1052 -14.2893 -3.98463
      vertex 21.7872 -13.1149 -2.67276
      vertex 26.5216 -15.9648 -3.98463
    endloop
  endfacet
  facet normal 0.320657 -0.0832298 0.943532
    outer loop
      vertex 37.8838 -14.6261 -7.37079
      vertex 33.0192 -12.748 -5.5519
      vertex 37.2743 -16.9743 -7.37079
    endloop
  endfacet
  facet normal -0.159931 -0.0885085 0.983152
    outer loop
      vertex -15.105 -14.2579 -1.61946
      vertex -20.0394 -17.0417 -2.67276
      vertex -19.3582 -18.2726 -2.67276
    endloop
  endfacet
  facet normal -0.199469 -0.110377 0.973668
    outer loop
      vertex -20.0394 -17.0417 -2.67276
      vertex -22.107 -18.8 -3.29566
      vertex -21.2311 -18.8 -3.11622
    endloop
  endfacet
  facet normal -0.206002 -0.102517 0.973167
    outer loop
      vertex -20.0394 -17.0417 -2.67276
      vertex -24.2214 -18.8 -3.74324
      vertex -22.107 -18.8 -3.29566
    endloop
  endfacet
  facet normal -0.260216 -0.102911 0.960051
    outer loop
      vertex -31.1921 -18.7763 -5.5519
      vertex -27.6354 -18.8 -4.59042
      vertex -25.8742 -17.6019 -3.98463
    endloop
  endfacet
  facet normal -0.260232 -0.102116 0.960131
    outer loop
      vertex -27.6354 -18.8 -4.59042
      vertex -31.1921 -18.7763 -5.5519
      vertex -31.1828 -18.8 -5.5519
    endloop
  endfacet
  facet normal -0.302557 -0.118725 0.945708
    outer loop
      vertex -31.1921 -18.7763 -5.5519
      vertex -31.2099 -18.8 -5.56057
      vertex -31.1828 -18.8 -5.5519
    endloop
  endfacet
  facet normal -0.460974 -0.081325 0.883679
    outer loop
      vertex -49.3 -13.8 -12.2989
      vertex -47.9751 -15.2945 -11.7453
      vertex -48.5069 -12.2801 -11.7453
    endloop
  endfacet
  facet normal -0.461003 -0.0812967 0.883667
    outer loop
      vertex -47.9751 -15.2945 -11.7453
      vertex -49.2039 -14.7754 -12.3386
      vertex -48.952 -15.606 -12.2836
    endloop
  endfacet
  facet normal -0.46109 -0.0812451 0.883626
    outer loop
      vertex -49.3 -13.8 -12.2989
      vertex -48.5069 -12.2801 -11.7453
      vertex -49.3 -13.1507 -12.2392
    endloop
  endfacet
  facet normal -0.461031 -0.0813879 0.883644
    outer loop
      vertex -47.9751 -15.2945 -11.7453
      vertex -49.3 -13.8 -12.2989
      vertex -49.2039 -14.7754 -12.3386
    endloop
  endfacet
  facet normal -0.45589 -0.0991335 0.884498
    outer loop
      vertex -47.9751 -15.2945 -11.7453
      vertex -47.8355 -17.3355 -11.9021
      vertex -47.4652 -17.6394 -11.7453
    endloop
  endfacet
  facet normal -0.455807 -0.0991312 0.884541
    outer loop
      vertex -47.9751 -15.2945 -11.7453
      vertex -48.4573 -16.5778 -12.1376
      vertex -47.8355 -17.3355 -11.9021
    endloop
  endfacet
  facet normal -0.455855 -0.0991068 0.884519
    outer loop
      vertex -47.9751 -15.2945 -11.7453
      vertex -48.9194 -15.7134 -12.2789
      vertex -48.4573 -16.5778 -12.1376
    endloop
  endfacet
  facet normal -0.455661 -0.0996005 0.884564
    outer loop
      vertex -48.9194 -15.7134 -12.2789
      vertex -47.9751 -15.2945 -11.7453
      vertex -48.952 -15.606 -12.2836
    endloop
  endfacet
  facet normal -0.424663 -0.0411496 0.904416
    outer loop
      vertex -44.3619 -5.56088 -9.43693
      vertex -49.2191 -6.16975 -11.7453
      vertex -44.0941 -8.32457 -9.43693
    endloop
  endfacet
  facet normal -0.380062 -0.0368278 0.924227
    outer loop
      vertex -39.3978 -4.93862 -7.37079
      vertex -44.3619 -5.56088 -9.43693
      vertex -44.0941 -8.32457 -9.43693
    endloop
  endfacet
  facet normal -0.193699 -0.018773 0.980881
    outer loop
      vertex -18.7153 -2.34601 -1.61946
      vertex -23.8403 -4.50084 -2.67276
      vertex -18.6023 -3.51194 -1.61946
    endloop
  endfacet
  facet normal -0.1937 -0.0187705 0.980881
    outer loop
      vertex -18.7153 -2.34601 -1.61946
      vertex -23.9851 -3.00659 -2.67276
      vertex -23.8403 -4.50084 -2.67276
    endloop
  endfacet
  facet normal -0.23104 -0.0599705 0.971094
    outer loop
      vertex -22.6923 -10.3338 -2.67276
      vertex -28.0751 -10.8392 -3.98463
      vertex -27.6234 -12.5794 -3.98463
    endloop
  endfacet
  facet normal -0.227099 -0.0688243 0.971437
    outer loop
      vertex -22.6923 -10.3338 -2.67276
      vertex -27.6234 -12.5794 -3.98463
      vertex -27.1052 -14.2893 -3.98463
    endloop
  endfacet
  facet normal -0.217601 -0.0860515 0.972237
    outer loop
      vertex -21.7872 -13.1149 -2.67276
      vertex -26.5216 -15.9648 -3.98463
      vertex -25.8742 -17.6019 -3.98463
    endloop
  endfacet
  facet normal -0.22261 -0.0775381 0.971819
    outer loop
      vertex -21.7872 -13.1149 -2.67276
      vertex -27.1052 -14.2893 -3.98463
      vertex -26.5216 -15.9648 -3.98463
    endloop
  endfacet
  facet normal 0.0977825 0.00566565 0.995192
    outer loop
      vertex 13.4003 1.67977 -0.82725
      vertex 8.05314 1.00948 -0.298049
      vertex 8.08235 0.505349 -0.298049
    endloop
  endfacet
  facet normal 0.0973123 0.00943058 0.995209
    outer loop
      vertex 13.4003 1.67977 -0.82725
      vertex 8.00452 1.51118 -0.298049
      vertex 8.05314 1.00948 -0.298049
    endloop
  endfacet
  facet normal 0.0490676 -0.00094669 0.998795
    outer loop
      vertex 8.0921 0 -0.298049
      vertex 2.69628 -0.168585 -0.0331297
      vertex 8.08235 -0.505349 -0.298049
    endloop
  endfacet
  facet normal 0.0980164 -0.00189109 0.995183
    outer loop
      vertex 8.0921 0 -0.298049
      vertex 8.08235 -0.505349 -0.298049
      vertex 13.4652 0 -0.82725
    endloop
  endfacet
  facet normal 0.0487135 0.00472093 0.998802
    outer loop
      vertex 8.05314 1.00948 -0.298049
      vertex 2.67032 0.504132 -0.0331297
      vertex 2.68654 0.336764 -0.0331297
    endloop
  endfacet
  facet normal 0.0487135 0.00472085 0.998802
    outer loop
      vertex 8.00452 1.51118 -0.298049
      vertex 2.67032 0.504132 -0.0331297
      vertex 8.05314 1.00948 -0.298049
    endloop
  endfacet
  facet normal 0.0483945 0.067122 0.99657
    outer loop
      vertex 6.34744 15.1139 -0.82725
      vertex 4.16017 8.83378 -0.298049
      vertex 6.92248 14.6993 -0.82725
    endloop
  endfacet
  facet normal 0.0876099 0.0346485 0.995552
    outer loop
      vertex 12.1724 7.32722 -0.82725
      vertex 7.1366 4.85493 -0.298049
      vertex 7.31517 4.40341 -0.298049
    endloop
  endfacet
  facet normal 0.040135 0.0222093 0.998947
    outer loop
      vertex 6.49964 6.13513 -0.298049
      vertex 2.24458 1.90881 -0.0331297
      vertex 6.72834 5.72184 -0.298049
    endloop
  endfacet
  facet normal 0.041473 0.0206345 0.998927
    outer loop
      vertex 6.72834 5.72184 -0.298049
      vertex 2.24458 1.90881 -0.0331297
      vertex 6.94083 5.29476 -0.298049
    endloop
  endfacet
  facet normal 0.0710721 0.0531664 0.996053
    outer loop
      vertex 9.52132 12.118 -0.82725
      vertex 5.72198 7.28252 -0.298049
      vertex 9.97704 11.5088 -0.82725
    endloop
  endfacet
  facet normal 0.0371727 0.0251945 0.998991
    outer loop
      vertex 5.99585 6.91641 -0.298049
      vertex 2.08677 2.17963 -0.0331297
      vertex 6.25528 6.53364 -0.298049
    endloop
  endfacet
  facet normal 0.0353438 0.0719892 0.996779
    outer loop
      vertex 5.1529 15.833 -0.82725
      vertex 2.72615 9.697 -0.298049
      vertex 3.09671 9.51507 -0.298049
    endloop
  endfacet
  facet normal 0.0414722 0.0206357 0.998927
    outer loop
      vertex 6.94083 5.29476 -0.298049
      vertex 2.24458 1.90881 -0.0331297
      vertex 2.31547 1.76634 -0.0331297
    endloop
  endfacet
  facet normal 0.0427106 0.0190107 0.998907
    outer loop
      vertex 6.94083 5.29476 -0.298049
      vertex 2.38078 1.61961 -0.0331297
      vertex 7.1366 4.85493 -0.298049
    endloop
  endfacet
  facet normal 0.0438462 0.0173399 0.998888
    outer loop
      vertex 7.1366 4.85493 -0.298049
      vertex 2.38078 1.61961 -0.0331297
      vertex 2.44035 1.46898 -0.0331297
    endloop
  endfacet
  facet normal 0.154258 0.0945907 0.983492
    outer loop
      vertex 18.1834 18.8 -2.53922
      vertex 19.3582 18.2726 -2.67276
      vertex 19.0348 18.8 -2.67276
    endloop
  endfacet
  facet normal 0.154263 0.0946019 0.98349
    outer loop
      vertex 19.3582 18.2726 -2.67276
      vertex 18.1834 18.8 -2.53922
      vertex 15.105 14.2579 -1.61946
    endloop
  endfacet
  facet normal 0.212013 0.0944238 0.972695
    outer loop
      vertex 24.6446 18.8 -3.83284
      vertex 21.2553 14.4597 -2.67276
      vertex 24.8372 18.8 -3.87482
    endloop
  endfacet
  facet normal 0.212056 0.094389 0.972689
    outer loop
      vertex 21.2553 14.4597 -2.67276
      vertex 24.6446 18.8 -3.83284
      vertex 20.6722 15.7697 -2.67276
    endloop
  endfacet
  facet normal 0.0355557 0.0265976 0.999014
    outer loop
      vertex 5.72198 7.28252 -0.298049
      vertex 1.90886 2.42946 -0.0331297
      vertex 5.99585 6.91641 -0.298049
    endloop
  endfacet
  facet normal 0.106511 0.0796737 0.991114
    outer loop
      vertex 13.2977 16.9244 -1.61946
      vertex 9.52132 12.118 -0.82725
      vertex 13.9342 16.0735 -1.61946
    endloop
  endfacet
  facet normal 0.032068 0.0292091 0.999059
    outer loop
      vertex 5.43432 7.63108 -0.298049
      vertex 1.71257 2.65589 -0.0331297
      vertex 1.8129 2.54574 -0.0331297
    endloop
  endfacet
  facet normal 0.0457963 0.0138798 0.998854
    outer loop
      vertex 7.47613 3.94127 -0.298049
      vertex 2.49405 1.31481 -0.0331297
      vertex 7.61907 3.46964 -0.298049
    endloop
  endfacet
  facet normal 0.13701 0.0415331 0.989699
    outer loop
      vertex 17.7065 8.06334 -1.61946
      vertex 12.4402 6.55824 -0.82725
      vertex 12.6781 5.77345 -0.82725
    endloop
  endfacet
  facet normal 0.0466076 0.0120966 0.99884
    outer loop
      vertex 7.61907 3.46964 -0.298049
      vertex 2.54173 1.15748 -0.0331297
      vertex 2.58329 0.997352 -0.0331297
    endloop
  endfacet
  facet normal 0.0457967 0.013879 0.998854
    outer loop
      vertex 7.61907 3.46964 -0.298049
      vertex 2.49405 1.31481 -0.0331297
      vertex 2.54173 1.15748 -0.0331297
    endloop
  endfacet
  facet normal 0.047306 0.0102858 0.998827
    outer loop
      vertex 7.74366 2.98965 -0.298049
      vertex 2.58329 0.997352 -0.0331297
      vertex 7.84959 2.50246 -0.298049
    endloop
  endfacet
  facet normal 0.0478909 0.0084495 0.998817
    outer loop
      vertex 7.84959 2.50246 -0.298049
      vertex 2.61863 0.834824 -0.0331297
      vertex 7.93661 2.00924 -0.298049
    endloop
  endfacet
  facet normal 0.0966084 0.0131722 0.995235
    outer loop
      vertex 13.2064 3.34336 -0.82725
      vertex 7.93661 2.00924 -0.298049
      vertex 13.3194 2.51459 -0.82725
    endloop
  endfacet
  facet normal 0.144628 0.0197195 0.98929
    outer loop
      vertex 18.4445 4.66942 -1.61946
      vertex 13.2064 3.34336 -0.82725
      vertex 13.3194 2.51459 -0.82725
    endloop
  endfacet
  facet normal 0.242407 0.0140583 0.970073
    outer loop
      vertex 29.1971 3.65994 -3.98463
      vertex 23.9851 3.00659 -2.67276
      vertex 29.3031 1.83218 -3.98463
    endloop
  endfacet
  facet normal 0.241266 0.0233713 0.970178
    outer loop
      vertex 29.0209 5.47888 -3.98463
      vertex 23.9851 3.00659 -2.67276
      vertex 29.1971 3.65994 -3.98463
    endloop
  endfacet
  facet normal 0.14638 0.0084835 0.989192
    outer loop
      vertex 18.7153 2.34601 -1.61946
      vertex 13.449 0.840897 -0.82725
      vertex 18.7832 1.17442 -1.61946
    endloop
  endfacet
  facet normal 0.146731 0.00282362 0.989172
    outer loop
      vertex 18.7832 1.17442 -1.61946
      vertex 13.449 0.840897 -0.82725
      vertex 18.8058 0 -1.61946
    endloop
  endfacet
  facet normal 0.0220762 -0.0344595 0.999162
    outer loop
      vertex 1.27255 -3.03008 -0.0331297
      vertex 1.1542 -3.1059 -0.0331297
      vertex 3.81459 -9.08294 -0.298049
    endloop
  endfacet
  facet normal 0.0261901 -0.0743738 0.996886
    outer loop
      vertex 3.90873 -16.3996 -0.82725
      vertex 2.34901 -9.85557 -0.298049
      vertex 3.27177 -16.6239 -0.82725
    endloop
  endfacet
  facet normal 0.0530269 -0.107983 0.992738
    outer loop
      vertex 5.1529 -15.833 -0.82725
      vertex 5.2853 -18.8 -1.15705
      vertex 5.67639 -18.8 -1.17794
    endloop
  endfacet
  facet normal 0.0530093 -0.107983 0.992738
    outer loop
      vertex 5.2853 -18.8 -1.15705
      vertex 5.1529 -15.833 -0.82725
      vertex 4.53628 -16.1357 -0.82725
    endloop
  endfacet
  facet normal 0.0462217 -0.109907 0.992867
    outer loop
      vertex 5.2853 -18.8 -1.15705
      vertex 4.53628 -16.1357 -0.82725
      vertex 4.89951 -18.8 -1.13909
    endloop
  endfacet
  facet normal 0.199468 -0.110377 0.973668
    outer loop
      vertex 20.0394 -17.0417 -2.67276
      vertex 19.917 -18.8 -2.84701
      vertex 21.2311 -18.8 -3.11622
    endloop
  endfacet
  facet normal 0.199445 -0.110376 0.973673
    outer loop
      vertex 19.917 -18.8 -2.84701
      vertex 20.0394 -17.0417 -2.67276
      vertex 19.3582 -18.2726 -2.67276
    endloop
  endfacet
  facet normal 0.141817 -0.106098 0.984191
    outer loop
      vertex 13.9342 -16.0735 -1.61946
      vertex 14.7714 -18.8 -2.03402
      vertex 15.4429 -18.8 -2.13078
    endloop
  endfacet
  facet normal 0.141831 -0.106094 0.984189
    outer loop
      vertex 14.7714 -18.8 -2.03402
      vertex 13.9342 -16.0735 -1.61946
      vertex 13.2977 -16.9244 -1.61946
    endloop
  endfacet
  facet normal 0.0773483 -0.0474288 0.995875
    outer loop
      vertex 6.49964 -6.13513 -0.298049
      vertex 6.25528 -6.53364 -0.298049
      vertex 10.4087 -10.8719 -0.82725
    endloop
  endfacet
  facet normal 0.271477 -0.0822736 0.958922
    outer loop
      vertex 27.6234 -12.5794 -3.98463
      vertex 27.1052 -14.2893 -3.98463
      vertex 32.488 -14.7947 -5.5519
    endloop
  endfacet
  facet normal 0.174564 -0.0690402 0.982222
    outer loop
      vertex 17.0002 -10.2334 -1.61946
      vertex 16.5852 -11.2827 -1.61946
      vertex 21.7872 -13.1149 -2.67276
    endloop
  endfacet
  facet normal 0.212053 -0.0943893 0.972689
    outer loop
      vertex 25.8742 -17.6019 -3.98463
      vertex 24.8372 -18.8 -3.87482
      vertex 25.3409 -18.8 -3.98463
    endloop
  endfacet
  facet normal 0.212053 -0.0943894 0.972689
    outer loop
      vertex 24.8372 -18.8 -3.87482
      vertex 25.8742 -17.6019 -3.98463
      vertex 21.2553 -14.4597 -2.67276
    endloop
  endfacet
  facet normal 0.143233 -0.0252795 0.989366
    outer loop
      vertex 18.4445 -4.66942 -1.61946
      vertex 13.0616 -4.16407 -0.82725
      vertex 18.2422 -5.81565 -1.61946
    endloop
  endfacet
  facet normal 0.239548 -0.0326688 0.970335
    outer loop
      vertex 23.8403 -4.50084 -2.67276
      vertex 23.638 -5.98423 -2.67276
      vertex 29.0209 -5.47888 -3.98463
    endloop
  endfacet
  facet normal 0.381801 -0.0221347 0.92398
    outer loop
      vertex 44.5229 -2.78379 -9.43693
      vertex 39.3978 -4.93862 -7.37079
      vertex 44.3619 -5.56088 -9.43693
    endloop
  endfacet
  facet normal 0.421797 -0.057504 0.904865
    outer loop
      vertex 48.9219 -9.23604 -11.7453
      vertex 44.0941 -8.32457 -9.43693
      vertex 48.5069 -12.2801 -11.7453
    endloop
  endfacet
  facet normal 0.334554 -0.0324191 0.941819
    outer loop
      vertex 34.3388 -4.30447 -5.5519
      vertex 34.1315 -6.44373 -5.5519
      vertex 39.3978 -4.93862 -7.37079
    endloop
  endfacet
  facet normal 0.336105 -0.0194817 0.941623
    outer loop
      vertex 34.4634 -2.15483 -5.5519
      vertex 34.3388 -4.30447 -5.5519
      vertex 39.3978 -4.93862 -7.37079
    endloop
  endfacet
  facet normal 0.0828769 0.0412373 0.995706
    outer loop
      vertex 11.1959 9.52108 -0.82725
      vertex 6.94083 5.29476 -0.298049
      vertex 11.5495 8.81043 -0.82725
    endloop
  endfacet
  facet normal 0.182238 0.055241 0.981701
    outer loop
      vertex 22.2665 11.7385 -2.67276
      vertex 17.7065 8.06334 -1.61946
      vertex 22.6923 10.3338 -2.67276
    endloop
  endfacet
  facet normal 0.217601 0.0860515 0.972237
    outer loop
      vertex 25.8742 17.6019 -3.98463
      vertex 21.7872 13.1149 -2.67276
      vertex 26.5216 15.9648 -3.98463
    endloop
  endfacet
  facet normal 0.22261 0.0775381 0.971819
    outer loop
      vertex 26.5216 15.9648 -3.98463
      vertex 21.7872 13.1149 -2.67276
      vertex 27.1052 14.2893 -3.98463
    endloop
  endfacet
  facet normal 0.206002 0.102517 0.973167
    outer loop
      vertex 22.107 18.8 -3.29566
      vertex 20.0394 17.0417 -2.67276
      vertex 24.2214 18.8 -3.74324
    endloop
  endfacet
  facet normal 0.170093 0.0757108 0.982515
    outer loop
      vertex 20.6722 15.7697 -2.67276
      vertex 16.5852 11.2827 -1.61946
      vertex 21.2553 14.4597 -2.67276
    endloop
  endfacet
  facet normal 0.28017 0.0609188 0.958016
    outer loop
      vertex 33.0192 12.748 -5.5519
      vertex 28.0751 10.8392 -3.98463
      vertex 33.4709 10.6706 -5.5519
    endloop
  endfacet
  facet normal 0.276152 0.0716724 0.958438
    outer loop
      vertex 32.488 14.7947 -5.5519
      vertex 28.0751 10.8392 -3.98463
      vertex 33.0192 12.748 -5.5519
    endloop
  endfacet
  facet normal 0.0956733 -0.0168799 0.99527
    outer loop
      vertex 7.93661 -2.00924 -0.298049
      vertex 7.84959 -2.50246 -0.298049
      vertex 13.0616 -4.16407 -0.82725
    endloop
  endfacet
  facet normal 0.0956732 -0.0168799 0.99527
    outer loop
      vertex 13.2064 -3.34336 -0.82725
      vertex 7.93661 -2.00924 -0.298049
      vertex 13.0616 -4.16407 -0.82725
    endloop
  endfacet
  facet normal 0.134277 -0.0467624 0.98984
    outer loop
      vertex 12.4402 -6.55824 -0.82725
      vertex 12.1724 -7.32722 -0.82725
      vertex 17.0002 -10.2334 -1.61946
    endloop
  endfacet
  facet normal 0.0914986 -0.0277311 0.995419
    outer loop
      vertex 7.61907 -3.46964 -0.298049
      vertex 7.47613 -3.94127 -0.298049
      vertex 12.4402 -6.55824 -0.82725
    endloop
  endfacet
  facet normal 0.182238 -0.055241 0.981701
    outer loop
      vertex 22.6923 -10.3338 -2.67276
      vertex 17.7065 -8.06334 -1.61946
      vertex 22.2665 -11.7385 -2.67276
    endloop
  endfacet
  facet normal 0.139426 -0.0361854 0.989571
    outer loop
      vertex 17.996 -6.94787 -1.61946
      vertex 12.6781 -5.77345 -0.82725
      vertex 17.7065 -8.06334 -1.61946
    endloop
  endfacet
  facet normal 0.0876099 -0.0346485 0.995552
    outer loop
      vertex 7.31517 -4.40341 -0.298049
      vertex 7.1366 -4.85493 -0.298049
      vertex 12.1724 -7.32722 -0.82725
    endloop
  endfacet
  facet normal 0.0466071 -0.0120977 0.99884
    outer loop
      vertex 7.74366 -2.98965 -0.298049
      vertex 2.58329 -0.997352 -0.0331297
      vertex 7.61907 -3.46964 -0.298049
    endloop
  endfacet
  facet normal 0.093114 -0.0241694 0.995362
    outer loop
      vertex 7.74366 -2.98965 -0.298049
      vertex 7.61907 -3.46964 -0.298049
      vertex 12.8854 -4.97475 -0.82725
    endloop
  endfacet
  facet normal 0.0802099 -0.0443853 0.995789
    outer loop
      vertex 6.72834 -5.72184 -0.298049
      vertex 6.49964 -6.13513 -0.298049
      vertex 11.1959 -9.52108 -0.82725
    endloop
  endfacet
  facet normal 0.041473 -0.0206345 0.998927
    outer loop
      vertex 6.94083 -5.29476 -0.298049
      vertex 2.24458 -1.90881 -0.0331297
      vertex 6.72834 -5.72184 -0.298049
    endloop
  endfacet
  facet normal 0.128019 -0.116577 0.984896
    outer loop
      vertex 13.388 -18.8 -1.84422
      vertex 12.6292 -17.7344 -1.61946
      vertex 13.1035 -18.8 -1.80724
    endloop
  endfacet
  facet normal 0.035557 -0.0265964 0.999014
    outer loop
      vertex 2.00022 -2.30732 -0.0331297
      vertex 1.90886 -2.42946 -0.0331297
      vertex 5.99585 -6.91641 -0.298049
    endloop
  endfacet
  facet normal 0.0603916 -0.0607994 0.996321
    outer loop
      vertex 5.13357 -7.96126 -0.298049
      vertex 4.82046 -8.27227 -0.298049
      vertex 8.54222 -13.2475 -0.82725
    endloop
  endfacet
  facet normal 0.0603893 -0.0608012 0.996321
    outer loop
      vertex 8.54222 -13.2475 -0.82725
      vertex 4.82046 -8.27227 -0.298049
      vertex 8.02119 -13.765 -0.82725
    endloop
  endfacet
  facet normal 0.0262681 -0.032592 0.999123
    outer loop
      vertex 1.49978 -2.85674 -0.0331297
      vertex 1.38784 -2.94696 -0.0331297
      vertex 4.16017 -8.83378 -0.298049
    endloop
  endfacet
  facet normal 0.024201 -0.0335664 0.999143
    outer loop
      vertex 4.16017 -8.83378 -0.298049
      vertex 1.38784 -2.94696 -0.0331297
      vertex 3.81459 -9.08294 -0.298049
    endloop
  endfacet
  facet normal 0.124147 -0.061772 0.990339
    outer loop
      vertex 11.5495 -8.81043 -0.82725
      vertex 11.1959 -9.52108 -0.82725
      vertex 15.6365 -13.2974 -1.61946
    endloop
  endfacet
  facet normal 0.154258 -0.0945907 0.983492
    outer loop
      vertex 19.3582 -18.2726 -2.67276
      vertex 18.1834 -18.8 -2.53922
      vertex 19.0348 -18.8 -2.67276
    endloop
  endfacet
  facet normal 0.154263 -0.0946019 0.98349
    outer loop
      vertex 18.1834 -18.8 -2.53922
      vertex 19.3582 -18.2726 -2.67276
      vertex 15.105 -14.2579 -1.61946
    endloop
  endfacet
  facet normal 0.0742998 -0.0503582 0.995964
    outer loop
      vertex 6.25528 -6.53364 -0.298049
      vertex 5.99585 -6.91641 -0.298049
      vertex 10.4087 -10.8719 -0.82725
    endloop
  endfacet
  facet normal 0.170093 -0.0757108 0.982515
    outer loop
      vertex 21.2553 -14.4597 -2.67276
      vertex 16.5852 -11.2827 -1.61946
      vertex 20.6722 -15.7697 -2.67276
    endloop
  endfacet
  facet normal 0.00361365 -0.038478 0.999253
    outer loop
      vertex 0.793164 -10.2494 -0.298049
      vertex 0.2646 -3.41923 -0.0331297
      vertex 0.39706 -10.2866 -0.298049
    endloop
  endfacet
  facet normal 0.00722832 -0.0769676 0.997007
    outer loop
      vertex 0.793164 -10.2494 -0.298049
      vertex 0.660705 -17.1169 -0.82725
      vertex 1.31982 -17.055 -0.82725
    endloop
  endfacet
  facet normal 0.0108458 -0.115487 0.99325
    outer loop
      vertex 0.660705 -17.1169 -0.82725
      vertex 1.21868 -18.8 -1.02904
      vertex 1.31982 -17.055 -0.82725
    endloop
  endfacet
  facet normal 0.010839 -0.115489 0.99325
    outer loop
      vertex 1.21868 -18.8 -1.02904
      vertex 0.660705 -17.1169 -0.82725
      vertex 0.725673 -18.8 -1.02366
    endloop
  endfacet
  facet normal 0.0120084 -0.0765963 0.99699
    outer loop
      vertex 1.18736 -10.1876 -0.298049
      vertex 0.793164 -10.2494 -0.298049
      vertex 1.31982 -17.055 -0.82725
    endloop
  endfacet
  facet normal 0.00120553 -0.038571 0.999255
    outer loop
      vertex 0.13246 -3.43163 -0.0331297
      vertex 0 -3.43577 -0.0331297
      vertex 0.39706 -10.2866 -0.298049
    endloop
  endfacet
  facet normal -0.124147 -0.061772 0.990339
    outer loop
      vertex -11.5495 -8.81043 -0.82725
      vertex -15.6365 -13.2974 -1.61946
      vertex -11.1959 -9.52108 -0.82725
    endloop
  endfacet
  facet normal -0.165217 -0.0822008 0.982826
    outer loop
      vertex -16.1303 -12.3049 -1.61946
      vertex -20.6722 -15.7697 -2.67276
      vertex -15.6365 -13.2974 -1.61946
    endloop
  endfacet
  facet normal -0.131213 -0.0518948 0.989995
    outer loop
      vertex -12.1724 -7.32722 -0.82725
      vertex -17.0002 -10.2334 -1.61946
      vertex -16.5852 -11.2827 -1.61946
    endloop
  endfacet
  facet normal -0.131208 -0.0519005 0.989995
    outer loop
      vertex -12.1724 -7.32722 -0.82725
      vertex -16.5852 -11.2827 -1.61946
      vertex -11.8752 -8.07856 -0.82725
    endloop
  endfacet
  facet normal -0.212053 -0.0943894 0.972689
    outer loop
      vertex -25.8742 -17.6019 -3.98463
      vertex -24.8372 -18.8 -3.87482
      vertex -21.2553 -14.4597 -2.67276
    endloop
  endfacet
  facet normal -0.212053 -0.0943893 0.972689
    outer loop
      vertex -24.8372 -18.8 -3.87482
      vertex -25.8742 -17.6019 -3.98463
      vertex -25.3409 -18.8 -3.98463
    endloop
  endfacet
  facet normal -0.212056 -0.094389 0.972689
    outer loop
      vertex -21.2553 -14.4597 -2.67276
      vertex -24.6446 -18.8 -3.83284
      vertex -20.6722 -15.7697 -2.67276
    endloop
  endfacet
  facet normal -0.212013 -0.0944238 0.972695
    outer loop
      vertex -24.6446 -18.8 -3.83284
      vertex -21.2553 -14.4597 -2.67276
      vertex -24.8372 -18.8 -3.87482
    endloop
  endfacet
  facet normal -0.0530128 -0.107985 0.992738
    outer loop
      vertex -5.1529 -15.833 -0.82725
      vertex -6.11852 -18.8 -1.20155
      vertex -5.67639 -18.8 -1.17794
    endloop
  endfacet
  facet normal -0.0414722 -0.0206357 0.998927
    outer loop
      vertex -2.31547 -1.76634 -0.0331297
      vertex -6.94083 -5.29476 -0.298049
      vertex -2.24458 -1.90881 -0.0331297
    endloop
  endfacet
  facet normal -0.0977801 -0.00567654 0.995192
    outer loop
      vertex -8.08235 -0.505349 -0.298049
      vertex -13.449 -0.840897 -0.82725
      vertex -13.4003 -1.67977 -0.82725
    endloop
  endfacet
  facet normal -0.0956732 -0.0168799 0.99527
    outer loop
      vertex -7.93661 -2.00924 -0.298049
      vertex -13.2064 -3.34336 -0.82725
      vertex -13.0616 -4.16407 -0.82725
    endloop
  endfacet
  facet normal -0.188174 -0.0409182 0.981283
    outer loop
      vertex -18.2422 -5.81565 -1.61946
      vertex -23.0633 -8.90424 -2.67276
      vertex -17.996 -6.94787 -1.61946
    endloop
  endfacet
  facet normal -0.0876099 -0.0346485 0.995552
    outer loop
      vertex -7.31517 -4.40341 -0.298049
      vertex -12.1724 -7.32722 -0.82725
      vertex -7.1366 -4.85493 -0.298049
    endloop
  endfacet
  facet normal -0.0914986 -0.0277311 0.995419
    outer loop
      vertex -7.61907 -3.46964 -0.298049
      vertex -12.4402 -6.55824 -0.82725
      vertex -7.47613 -3.94127 -0.298049
    endloop
  endfacet
  facet normal -0.128019 -0.116577 0.984896
    outer loop
      vertex -12.6292 -17.7344 -1.61946
      vertex -13.388 -18.8 -1.84422
      vertex -13.1035 -18.8 -1.80724
    endloop
  endfacet
  facet normal -0.0773485 -0.0474286 0.995875
    outer loop
      vertex -6.49964 -6.13513 -0.298049
      vertex -10.8153 -10.2088 -0.82725
      vertex -10.4087 -10.8719 -0.82725
    endloop
  endfacet
  facet normal -0.0676718 -0.0558479 0.996143
    outer loop
      vertex -5.43432 -7.63108 -0.298049
      vertex -9.52132 -12.118 -0.82725
      vertex -9.04266 -12.698 -0.82725
    endloop
  endfacet
  facet normal -0.041473 -0.0206345 0.998927
    outer loop
      vertex -2.24458 -1.90881 -0.0331297
      vertex -6.94083 -5.29476 -0.298049
      vertex -6.72834 -5.72184 -0.298049
    endloop
  endfacet
  facet normal -0.0198986 -0.0352696 0.99918
    outer loop
      vertex -1.1542 -3.1059 -0.0331297
      vertex -3.09671 -9.51507 -0.298049
      vertex -1.03307 -3.17424 -0.0331297
    endloop
  endfacet
  facet normal -0.0483944 -0.067122 0.99657
    outer loop
      vertex -4.16017 -8.83378 -0.298049
      vertex -6.34744 -15.1139 -0.82725
      vertex -3.81459 -9.08294 -0.298049
    endloop
  endfacet
  facet normal -0.0397931 -0.0705358 0.996715
    outer loop
      vertex -3.45982 -9.31022 -0.298049
      vertex -5.1529 -15.833 -0.82725
      vertex -3.09671 -9.51507 -0.298049
    endloop
  endfacet
  facet normal -0.0167917 -0.0760377 0.996964
    outer loop
      vertex -1.57869 -10.1011 -0.298049
      vertex -2.62692 -16.8082 -0.82725
      vertex -1.97575 -16.952 -0.82725
    endloop
  endfacet
  facet normal -0.0215198 -0.075296 0.996929
    outer loop
      vertex -1.57869 -10.1011 -0.298049
      vertex -3.27177 -16.6239 -0.82725
      vertex -2.62692 -16.8082 -0.82725
    endloop
  endfacet
  facet normal 0.460964 -0.0813897 0.883678
    outer loop
      vertex 49.3 -12.4808 -12.1775
      vertex 48.5069 -12.2801 -11.7453
      vertex 49.3 -13.1507 -12.2392
    endloop
  endfacet
  facet normal 0.465064 -0.0634027 0.883004
    outer loop
      vertex 48.5069 -12.2801 -11.7453
      vertex 49.3 -9.61152 -11.9714
      vertex 48.9219 -9.23604 -11.7453
    endloop
  endfacet
  facet normal 0.465125 -0.0634236 0.88297
    outer loop
      vertex 49.3 -9.61152 -11.9714
      vertex 48.5069 -12.2801 -11.7453
      vertex 49.3 -12.4808 -12.1775
    endloop
  endfacet
  facet normal 0.468251 0.0453286 0.882432
    outer loop
      vertex 49.3 9.30741 -11.9496
      vertex 48.9219 9.23604 -11.7453
      vertex 49.3 9.05044 -11.9364
    endloop
  endfacet
  facet normal -0.465125 0.0634236 0.88297
    outer loop
      vertex -49.3 9.61152 -11.9714
      vertex -48.5069 12.2801 -11.7453
      vertex -49.3 12.4808 -12.1775
    endloop
  endfacet
  facet normal -0.465064 0.0634027 0.883004
    outer loop
      vertex -48.5069 12.2801 -11.7453
      vertex -49.3 9.61152 -11.9714
      vertex -48.9219 9.23604 -11.7453
    endloop
  endfacet
  facet normal -0.460964 0.0813897 0.883678
    outer loop
      vertex -49.3 13.1507 -12.2392
      vertex -49.3 12.4808 -12.1775
      vertex -48.5069 12.2801 -11.7453
    endloop
  endfacet
  facet normal -0.23443 0.050989 0.970795
    outer loop
      vertex -23.0633 8.90424 -2.67276
      vertex -28.4592 9.07283 -3.98463
      vertex -23.3789 7.45322 -2.67276
    endloop
  endfacet
  facet normal -0.286228 0.039025 0.957366
    outer loop
      vertex -28.7747 7.28463 -3.98463
      vertex -34.1315 6.44373 -5.5519
      vertex -29.0209 5.47888 -3.98463
    endloop
  endfacet
  facet normal -0.30295 0.118399 0.945623
    outer loop
      vertex -31.2099 18.8 -5.56057
      vertex -31.2315 18.8 -5.56749
      vertex -31.1921 18.7763 -5.5519
    endloop
  endfacet
  facet normal -0.260232 0.102116 0.960131
    outer loop
      vertex -31.1921 18.7763 -5.5519
      vertex -27.6354 18.8 -4.59042
      vertex -31.1828 18.8 -5.5519
    endloop
  endfacet
  facet normal -0.260216 0.102911 0.960051
    outer loop
      vertex -27.6354 18.8 -4.59042
      vertex -31.1921 18.7763 -5.5519
      vertex -25.8742 17.6019 -3.98463
    endloop
  endfacet
  facet normal -0.315289 0.0955587 0.944172
    outer loop
      vertex -31.8785 16.8057 -5.5519
      vertex -37.2743 16.9743 -7.37079
      vertex -32.488 14.7947 -5.5519
    endloop
  endfacet
  facet normal -0.276152 0.0716724 0.958438
    outer loop
      vertex -32.488 14.7947 -5.5519
      vertex -33.0192 12.748 -5.5519
      vertex -28.0751 10.8392 -3.98463
    endloop
  endfacet
  facet normal -0.329135 0.0580766 0.942495
    outer loop
      vertex -33.4709 10.6706 -5.5519
      vertex -38.402 12.2426 -7.37079
      vertex -33.842 8.56748 -5.5519
    endloop
  endfacet
  facet normal -0.332228 0.0452946 0.942111
    outer loop
      vertex -38.8278 9.82969 -7.37079
      vertex -39.16 7.39306 -7.37079
      vertex -33.842 8.56748 -5.5519
    endloop
  endfacet
  facet normal -0.182238 0.055241 0.981701
    outer loop
      vertex -22.2665 11.7385 -2.67276
      vertex -22.6923 10.3338 -2.67276
      vertex -17.7065 8.06334 -1.61946
    endloop
  endfacet
  facet normal -0.227089 0.0688363 0.971438
    outer loop
      vertex -22.2665 11.7385 -2.67276
      vertex -27.1052 14.2893 -3.98463
      vertex -22.6923 10.3338 -2.67276
    endloop
  endfacet
  facet normal -0.188169 0.0409271 0.981284
    outer loop
      vertex -23.0633 8.90424 -2.67276
      vertex -23.3789 7.45322 -2.67276
      vertex -18.2422 5.81565 -1.61946
    endloop
  endfacet
  facet normal -0.23443 0.0509773 0.970795
    outer loop
      vertex -28.0751 10.8392 -3.98463
      vertex -28.4592 9.07283 -3.98463
      vertex -23.0633 8.90424 -2.67276
    endloop
  endfacet
  facet normal -0.1415 0.030769 0.98946
    outer loop
      vertex -17.996 6.94787 -1.61946
      vertex -18.2422 5.81565 -1.61946
      vertex -12.8854 4.97475 -0.82725
    endloop
  endfacet
  facet normal -0.139425 0.0361873 0.989571
    outer loop
      vertex -12.6781 5.77345 -0.82725
      vertex -17.996 6.94787 -1.61946
      vertex -12.8854 4.97475 -0.82725
    endloop
  endfacet
  facet normal -0.421791 0.0575121 0.904867
    outer loop
      vertex -43.72 11.0682 -9.43693
      vertex -48.5069 12.2801 -11.7453
      vertex -44.0941 8.32457 -9.43693
    endloop
  endfacet
  facet normal -0.377456 0.0514669 0.924596
    outer loop
      vertex -43.72 11.0682 -9.43693
      vertex -44.0941 8.32457 -9.43693
      vertex -39.16 7.39306 -7.37079
    endloop
  endfacet
  facet normal -0.369656 0.0803719 0.925686
    outer loop
      vertex -42.6571 16.4689 -9.43693
      vertex -43.2406 13.7852 -9.43693
      vertex -38.402 12.2426 -7.37079
    endloop
  endfacet
  facet normal -0.369659 0.0803681 0.925685
    outer loop
      vertex -37.8838 14.6261 -7.37079
      vertex -42.6571 16.4689 -9.43693
      vertex -38.402 12.2426 -7.37079
    endloop
  endfacet
  facet normal -0.165217 0.0822008 0.982826
    outer loop
      vertex -15.6365 13.2974 -1.61946
      vertex -20.6722 15.7697 -2.67276
      vertex -16.1303 12.3049 -1.61946
    endloop
  endfacet
  facet normal -0.0710721 0.0531664 0.996053
    outer loop
      vertex -9.52132 12.118 -0.82725
      vertex -9.97704 11.5088 -0.82725
      vertex -5.72198 7.28252 -0.298049
    endloop
  endfacet
  facet normal -0.148228 0.100465 0.983837
    outer loop
      vertex -16.2977 18.8 -2.25397
      vertex -17.7157 18.8 -2.46761
      vertex -13.9342 16.0735 -1.61946
    endloop
  endfacet
  facet normal -0.148226 0.100467 0.983837
    outer loop
      vertex -17.7157 18.8 -2.46761
      vertex -14.5371 15.184 -1.61946
      vertex -13.9342 16.0735 -1.61946
    endloop
  endfacet
  facet normal -0.148218 0.100474 0.983838
    outer loop
      vertex -14.5371 15.184 -1.61946
      vertex -17.7157 18.8 -2.46761
      vertex -17.999 18.8 -2.51029
    endloop
  endfacet
  facet normal -0.0773485 0.0474286 0.995875
    outer loop
      vertex -10.4087 10.8719 -0.82725
      vertex -10.8153 10.2088 -0.82725
      vertex -6.49964 6.13513 -0.298049
    endloop
  endfacet
  facet normal -0.12784 0.0568915 0.990162
    outer loop
      vertex -16.1303 12.3049 -1.61946
      vertex -16.5852 11.2827 -1.61946
      vertex -11.5495 8.81043 -0.82725
    endloop
  endfacet
  facet normal -0.12415 0.0617687 0.990339
    outer loop
      vertex -15.6365 13.2974 -1.61946
      vertex -16.1303 12.3049 -1.61946
      vertex -11.5495 8.81043 -0.82725
    endloop
  endfacet
  facet normal -0.12784 0.0568919 0.990162
    outer loop
      vertex -11.5495 8.81043 -0.82725
      vertex -16.5852 11.2827 -1.61946
      vertex -11.8752 8.07856 -0.82725
    endloop
  endfacet
  facet normal -0.0676716 0.0558481 0.996143
    outer loop
      vertex -5.43432 7.63108 -0.298049
      vertex -9.52132 12.118 -0.82725
      vertex -5.72198 7.28252 -0.298049
    endloop
  endfacet
  facet normal -0.0960963 0.0875299 0.991516
    outer loop
      vertex -11.9303 18.5017 -1.61946
      vertex -12.6292 17.7344 -1.61946
      vertex -9.04266 12.698 -0.82725
    endloop
  endfacet
  facet normal -0.0847435 0.0945494 0.991907
    outer loop
      vertex -10.885 18.8 -1.55186
      vertex -8.02119 13.765 -0.82725
      vertex -7.48085 14.2493 -0.82725
    endloop
  endfacet
  facet normal -0.0847783 0.0945295 0.991906
    outer loop
      vertex -8.02119 13.765 -0.82725
      vertex -10.885 18.8 -1.55186
      vertex -10.9552 18.8 -1.55786
    endloop
  endfacet
  facet normal -0.0905315 0.0911491 0.991714
    outer loop
      vertex -10.9552 18.8 -1.55786
      vertex -8.54222 13.2475 -0.82725
      vertex -8.02119 13.765 -0.82725
    endloop
  endfacet
  facet normal -0.0903569 0.0912261 0.991722
    outer loop
      vertex -8.54222 13.2475 -0.82725
      vertex -10.9552 18.8 -1.55786
      vertex -11.0137 18.8 -1.56319
    endloop
  endfacet
  facet normal -0.0176709 0.0359952 0.999196
    outer loop
      vertex -0.909446 3.23493 -0.0331297
      vertex -2.72615 9.697 -0.298049
      vertex -1.03307 3.17424 -0.0331297
    endloop
  endfacet
  facet normal -0.0441482 0.0689119 0.996645
    outer loop
      vertex -5.7571 15.4921 -0.82725
      vertex -6.34744 15.1139 -0.82725
      vertex -3.81459 9.08294 -0.298049
    endloop
  endfacet
  facet normal -0.0130972 0.0371835 0.999223
    outer loop
      vertex -0.655933 3.33281 -0.0331297
      vertex -1.96622 9.99039 -0.298049
      vertex -0.783633 3.28783 -0.0331297
    endloop
  endfacet
  facet normal -0.0308064 0.0732694 0.996836
    outer loop
      vertex -2.34901 9.85557 -0.298049
      vertex -3.90873 16.3996 -0.82725
      vertex -2.72615 9.697 -0.298049
    endloop
  endfacet
  facet normal -0.0261945 0.0743732 0.996886
    outer loop
      vertex -1.96622 9.99039 -0.298049
      vertex -3.27177 16.6239 -0.82725
      vertex -2.34901 9.85557 -0.298049
    endloop
  endfacet
  facet normal -0.0130962 0.0371837 0.999223
    outer loop
      vertex -1.96622 9.99039 -0.298049
      vertex -2.34901 9.85557 -0.298049
      vertex -0.783633 3.28783 -0.0331297
    endloop
  endfacet
  facet normal -0.00601291 0.0382916 0.999249
    outer loop
      vertex -0.2646 3.41923 -0.0331297
      vertex -1.18736 10.1876 -0.298049
      vertex -0.396104 3.39858 -0.0331297
    endloop
  endfacet
  facet normal -0.0084024 0.0380129 0.999242
    outer loop
      vertex -1.18736 10.1876 -0.298049
      vertex -1.57869 10.1011 -0.298049
      vertex -0.396104 3.39858 -0.0331297
    endloop
  endfacet
  facet normal -0.0441478 0.068912 0.996645
    outer loop
      vertex -3.45982 9.31022 -0.298049
      vertex -5.7571 15.4921 -0.82725
      vertex -3.81459 9.08294 -0.298049
    endloop
  endfacet
  facet normal -0.0483944 0.067122 0.99657
    outer loop
      vertex -3.81459 9.08294 -0.298049
      vertex -6.34744 15.1139 -0.82725
      vertex -4.16017 8.83378 -0.298049
    endloop
  endfacet
  facet normal -0.0483945 0.067122 0.99657
    outer loop
      vertex -6.34744 15.1139 -0.82725
      vertex -6.92248 14.6993 -0.82725
      vertex -4.16017 8.83378 -0.298049
    endloop
  endfacet
  facet normal -0.0662152 0.103346 0.992439
    outer loop
      vertex -7.30421 18.8 -1.27493
      vertex -7.89549 18.8 -1.31438
      vertex -6.34744 15.1139 -0.82725
    endloop
  endfacet
  facet normal -0.0262673 0.0325923 0.999123
    outer loop
      vertex -4.16017 8.83378 -0.298049
      vertex -4.49573 8.56334 -0.298049
      vertex -1.49978 2.85674 -0.0331297
    endloop
  endfacet
  facet normal -0.00120553 0.038571 0.999255
    outer loop
      vertex 0 3.43577 -0.0331297
      vertex -0.39706 10.2866 -0.298049
      vertex -0.13246 3.43163 -0.0331297
    endloop
  endfacet
  facet normal -0.00240949 0.0771543 0.997016
    outer loop
      vertex 0 10.299 -0.298049
      vertex -0.660705 17.1169 -0.82725
      vertex -0.39706 10.2866 -0.298049
    endloop
  endfacet
  facet normal 0.0180037 0.114929 0.993211
    outer loop
      vertex 1.45486 18.8 -1.03162
      vertex 1.31982 17.055 -0.82725
      vertex 1.69925 18.8 -1.03605
    endloop
  endfacet
  facet normal 0.00363731 0.115763 0.99327
    outer loop
      vertex 0 18.8 -1.02101
      vertex 0 17.1375 -0.82725
      vertex 0.226655 18.8 -1.02184
    endloop
  endfacet
  facet normal -0.135066 0.111485 0.984545
    outer loop
      vertex -13.388 18.8 -1.84422
      vertex -13.818 18.8 -1.90321
      vertex -12.6292 17.7344 -1.61946
    endloop
  endfacet
  facet normal -0.315289 -0.095559 0.944172
    outer loop
      vertex -37.2743 -16.9743 -7.37079
      vertex -35.6614 -18.8 -7.01697
      vertex -31.8785 -16.8057 -5.5519
    endloop
  endfacet
  facet normal -0.315304 -0.0955739 0.944166
    outer loop
      vertex -35.6614 -18.8 -7.01697
      vertex -37.2743 -16.9743 -7.37079
      vertex -36.7209 -18.8 -7.37079
    endloop
  endfacet
  facet normal -0.358438 -0.108649 0.927209
    outer loop
      vertex -37.2743 -16.9743 -7.37079
      vertex -38.7809 -18.8 -8.16714
      vertex -36.7209 -18.8 -7.37079
    endloop
  endfacet
  facet normal -0.1415 -0.030769 0.98946
    outer loop
      vertex -12.8854 -4.97475 -0.82725
      vertex -18.2422 -5.81565 -1.61946
      vertex -17.996 -6.94787 -1.61946
    endloop
  endfacet
  facet normal -0.143234 -0.0252712 0.989366
    outer loop
      vertex -13.2064 -3.34336 -0.82725
      vertex -18.4445 -4.66942 -1.61946
      vertex -13.0616 -4.16407 -0.82725
    endloop
  endfacet
  facet normal -0.039797 0.0705348 0.996715
    outer loop
      vertex -5.1529 15.833 -0.82725
      vertex -5.7571 15.4921 -0.82725
      vertex -3.45982 9.31022 -0.298049
    endloop
  endfacet
  facet normal -0.0662099 0.103348 0.992439
    outer loop
      vertex -6.98636 18.8 -1.25373
      vertex -6.34744 15.1139 -0.82725
      vertex -5.7571 15.4921 -0.82725
    endloop
  endfacet
  facet normal -0.0661939 0.103351 0.99244
    outer loop
      vertex -6.34744 15.1139 -0.82725
      vertex -6.98636 18.8 -1.25373
      vertex -7.30421 18.8 -1.27493
    endloop
  endfacet
  facet normal -0.0530093 0.107983 0.992738
    outer loop
      vertex -5.2853 18.8 -1.15705
      vertex -5.1529 15.833 -0.82725
      vertex -4.53628 16.1357 -0.82725
    endloop
  endfacet
  facet normal -0.0530269 0.107983 0.992738
    outer loop
      vertex -5.1529 15.833 -0.82725
      vertex -5.2853 18.8 -1.15705
      vertex -5.67639 18.8 -1.17794
    endloop
  endfacet
  facet normal 0.00722839 0.0769676 0.997007
    outer loop
      vertex 0.660705 17.1169 -0.82725
      vertex 0.39706 10.2866 -0.298049
      vertex 0.793164 10.2494 -0.298049
    endloop
  endfacet
  facet normal -0.0322765 0.112965 0.993075
    outer loop
      vertex -3.39789 18.8 -1.07888
      vertex -2.62692 16.8082 -0.82725
      vertex -2.93822 18.8 -1.06394
    endloop
  endfacet
  facet normal -0.0322847 0.112962 0.993075
    outer loop
      vertex -2.62692 16.8082 -0.82725
      vertex -3.39789 18.8 -1.07888
      vertex -3.27177 16.6239 -0.82725
    endloop
  endfacet
  facet normal -0.0120278 0.0765959 0.99699
    outer loop
      vertex -1.31982 17.055 -0.82725
      vertex -1.97575 16.952 -0.82725
      vertex -1.18736 10.1876 -0.298049
    endloop
  endfacet
  facet normal 0.0530128 0.107985 0.992738
    outer loop
      vertex 5.67639 18.8 -1.17794
      vertex 5.1529 15.833 -0.82725
      vertex 6.11852 18.8 -1.20155
    endloop
  endfacet
  facet normal 0.148228 0.100465 0.983837
    outer loop
      vertex 16.2977 18.8 -2.25397
      vertex 13.9342 16.0735 -1.61946
      vertex 17.7157 18.8 -2.46761
    endloop
  endfacet
  facet normal 0.199469 0.110377 0.973668
    outer loop
      vertex 21.2311 18.8 -3.11622
      vertex 20.0394 17.0417 -2.67276
      vertex 22.107 18.8 -3.29566
    endloop
  endfacet
  facet normal -0.00120456 0.038571 0.999255
    outer loop
      vertex 0 10.299 -0.298049
      vertex -0.39706 10.2866 -0.298049
      vertex 0 3.43577 -0.0331297
    endloop
  endfacet
  facet normal 0.00240949 0.0771543 0.997016
    outer loop
      vertex 0.660705 17.1169 -0.82725
      vertex 0 10.299 -0.298049
      vertex 0.39706 10.2866 -0.298049
    endloop
  endfacet
  facet normal 0.0107545 0.037645 0.999233
    outer loop
      vertex 1.57869 10.1011 -0.298049
      vertex 0.655933 3.33281 -0.0331297
      vertex 1.96622 9.99039 -0.298049
    endloop
  endfacet
  facet normal 0.0130972 0.0371835 0.999223
    outer loop
      vertex 1.96622 9.99039 -0.298049
      vertex 0.655933 3.33281 -0.0331297
      vertex 0.783633 3.28783 -0.0331297
    endloop
  endfacet
  facet normal 0.0130962 0.0371837 0.999223
    outer loop
      vertex 1.96622 9.99039 -0.298049
      vertex 0.783633 3.28783 -0.0331297
      vertex 2.34901 9.85557 -0.298049
    endloop
  endfacet
  facet normal 0.0154031 0.0366333 0.99921
    outer loop
      vertex 2.72615 9.697 -0.298049
      vertex 0.783633 3.28783 -0.0331297
      vertex 0.909446 3.23493 -0.0331297
    endloop
  endfacet
  facet normal 0.0198986 0.0352696 0.99918
    outer loop
      vertex 3.09671 9.51507 -0.298049
      vertex 1.03307 3.17424 -0.0331297
      vertex 1.1542 3.1059 -0.0331297
    endloop
  endfacet
  facet normal 0.017672 0.0359949 0.999196
    outer loop
      vertex 2.72615 9.697 -0.298049
      vertex 1.03307 3.17424 -0.0331297
      vertex 3.09671 9.51507 -0.298049
    endloop
  endfacet
  facet normal 0.0198976 0.0352699 0.99918
    outer loop
      vertex 3.09671 9.51507 -0.298049
      vertex 1.1542 3.1059 -0.0331297
      vertex 3.45982 9.31022 -0.298049
    endloop
  endfacet
  facet normal 0.072589 0.10065 0.99227
    outer loop
      vertex 7.89549 18.8 -1.31438
      vertex 6.92248 14.6993 -0.82725
      vertex 8.16533 18.8 -1.33412
    endloop
  endfacet
  facet normal 0.072571 0.100654 0.992271
    outer loop
      vertex 6.92248 14.6993 -0.82725
      vertex 7.89549 18.8 -1.31438
      vertex 6.34744 15.1139 -0.82725
    endloop
  endfacet
  facet normal 0.024201 0.0335664 0.999143
    outer loop
      vertex 3.81459 9.08294 -0.298049
      vertex 1.38784 2.94696 -0.0331297
      vertex 4.16017 8.83378 -0.298049
    endloop
  endfacet
  facet normal 0.039797 0.0705348 0.996715
    outer loop
      vertex 5.1529 15.833 -0.82725
      vertex 3.45982 9.31022 -0.298049
      vertex 5.7571 15.4921 -0.82725
    endloop
  endfacet
  facet normal 0.373986 -0.0659963 0.925083
    outer loop
      vertex 38.8278 -9.82969 -7.37079
      vertex 38.402 -12.2426 -7.37079
      vertex 43.72 -11.0682 -9.43693
    endloop
  endfacet
  facet normal 0.37746 -0.0514613 0.924595
    outer loop
      vertex 39.16 -7.39306 -7.37079
      vertex 38.8278 -9.82969 -7.37079
      vertex 43.72 -11.0682 -9.43693
    endloop
  endfacet
  facet normal 0.325278 -0.0707268 0.94297
    outer loop
      vertex 33.4709 -10.6706 -5.5519
      vertex 33.0192 -12.748 -5.5519
      vertex 38.402 -12.2426 -7.37079
    endloop
  endfacet
  facet normal 0.329135 -0.0580766 0.942495
    outer loop
      vertex 33.842 -8.56748 -5.5519
      vertex 33.4709 -10.6706 -5.5519
      vertex 38.402 -12.2426 -7.37079
    endloop
  endfacet
  facet normal -0.0945102 -0.0205416 0.995312
    outer loop
      vertex -7.84959 -2.50246 -0.298049
      vertex -13.0616 -4.16407 -0.82725
      vertex -12.8854 -4.97475 -0.82725
    endloop
  endfacet
  facet normal -0.227089 -0.0688363 0.971438
    outer loop
      vertex -22.6923 -10.3338 -2.67276
      vertex -27.1052 -14.2893 -3.98463
      vertex -22.2665 -11.7385 -2.67276
    endloop
  endfacet
  facet normal -0.23443 -0.0509773 0.970795
    outer loop
      vertex -23.0633 -8.90424 -2.67276
      vertex -28.4592 -9.07283 -3.98463
      vertex -28.0751 -10.8392 -3.98463
    endloop
  endfacet
  facet normal -0.231041 -0.0599598 0.971095
    outer loop
      vertex -23.0633 -8.90424 -2.67276
      vertex -28.0751 -10.8392 -3.98463
      vertex -22.6923 -10.3338 -2.67276
    endloop
  endfacet
  facet normal 0.358438 -0.108649 0.927209
    outer loop
      vertex 37.2743 -16.9743 -7.37079
      vertex 36.7209 -18.8 -7.37079
      vertex 38.7809 -18.8 -8.16714
    endloop
  endfacet
  facet normal 0.302557 -0.118725 0.945708
    outer loop
      vertex 31.1921 -18.7763 -5.5519
      vertex 31.1828 -18.8 -5.5519
      vertex 31.2099 -18.8 -5.56057
    endloop
  endfacet
  facet normal 0.0397931 0.0705358 0.996715
    outer loop
      vertex 5.1529 15.833 -0.82725
      vertex 3.09671 9.51507 -0.298049
      vertex 3.45982 9.31022 -0.298049
    endloop
  endfacet
  facet normal 0.0308112 0.0732686 0.996836
    outer loop
      vertex 3.90873 16.3996 -0.82725
      vertex 2.72615 9.697 -0.298049
      vertex 4.53628 16.1357 -0.82725
    endloop
  endfacet
  facet normal 0.106509 0.0796757 0.991114
    outer loop
      vertex 13.9342 16.0735 -1.61946
      vertex 9.52132 12.118 -0.82725
      vertex 9.97704 11.5088 -0.82725
    endloop
  endfacet
  facet normal 0.0387005 0.0237305 0.998969
    outer loop
      vertex 6.25528 6.53364 -0.298049
      vertex 2.08677 2.17963 -0.0331297
      vertex 6.49964 6.13513 -0.298049
    endloop
  endfacet
  facet normal 0.159931 0.0885085 0.983152
    outer loop
      vertex 19.3582 18.2726 -2.67276
      vertex 15.105 14.2579 -1.61946
      vertex 20.0394 17.0417 -2.67276
    endloop
  endfacet
  facet normal 0.120164 0.0664938 0.990525
    outer loop
      vertex 15.105 14.2579 -1.61946
      vertex 11.1959 9.52108 -0.82725
      vertex 15.6365 13.2974 -1.61946
    endloop
  endfacet
  facet normal 0.0525223 0.0651709 0.996491
    outer loop
      vertex 6.92248 14.6993 -0.82725
      vertex 4.16017 8.83378 -0.298049
      vertex 7.48085 14.2493 -0.82725
    endloop
  endfacet
  facet normal 0.0320677 0.0292094 0.999059
    outer loop
      vertex 5.13357 7.96126 -0.298049
      vertex 1.71257 2.65589 -0.0331297
      vertex 5.43432 7.63108 -0.298049
    endloop
  endfacet
  facet normal 0.0914956 0.0277358 0.995419
    outer loop
      vertex 12.4402 6.55824 -0.82725
      vertex 7.61907 3.46964 -0.298049
      vertex 12.6781 5.77345 -0.82725
    endloop
  endfacet
  facet normal 0.0896616 0.0312285 0.995483
    outer loop
      vertex 12.4402 6.55824 -0.82725
      vertex 7.31517 4.40341 -0.298049
      vertex 7.47613 3.94127 -0.298049
    endloop
  endfacet
  facet normal 0.0302066 0.0304105 0.999081
    outer loop
      vertex 4.82046 8.27227 -0.298049
      vertex 1.71257 2.65589 -0.0331297
      vertex 5.13357 7.96126 -0.298049
    endloop
  endfacet
  facet normal 0.033852 0.0279374 0.999036
    outer loop
      vertex 5.43432 7.63108 -0.298049
      vertex 1.90886 2.42946 -0.0331297
      vertex 5.72198 7.28252 -0.298049
    endloop
  endfacet
  facet normal 0.0473059 0.0102862 0.998827
    outer loop
      vertex 7.84959 2.50246 -0.298049
      vertex 2.58329 0.997352 -0.0331297
      vertex 2.61863 0.834824 -0.0331297
    endloop
  endfacet
  facet normal 0.0154027 -0.0366335 0.99921
    outer loop
      vertex 2.72615 -9.697 -0.298049
      vertex 0.783633 -3.28783 -0.0331297
      vertex 2.34901 -9.85557 -0.298049
    endloop
  endfacet
  facet normal 0.0130962 -0.0371837 0.999223
    outer loop
      vertex 2.34901 -9.85557 -0.298049
      vertex 0.783633 -3.28783 -0.0331297
      vertex 1.96622 -9.99039 -0.298049
    endloop
  endfacet
  facet normal 0.0353438 -0.0719892 0.996779
    outer loop
      vertex 3.09671 -9.51507 -0.298049
      vertex 2.72615 -9.697 -0.298049
      vertex 5.1529 -15.833 -0.82725
    endloop
  endfacet
  facet normal 0.0397931 -0.0705358 0.996715
    outer loop
      vertex 3.45982 -9.31022 -0.298049
      vertex 3.09671 -9.51507 -0.298049
      vertex 5.1529 -15.833 -0.82725
    endloop
  endfacet
  facet normal 0.0903569 -0.0912261 0.991722
    outer loop
      vertex 8.54222 -13.2475 -0.82725
      vertex 10.9552 -18.8 -1.55786
      vertex 11.0137 -18.8 -1.56319
    endloop
  endfacet
  facet normal 0.0905315 -0.0911491 0.991714
    outer loop
      vertex 10.9552 -18.8 -1.55786
      vertex 8.54222 -13.2475 -0.82725
      vertex 8.02119 -13.765 -0.82725
    endloop
  endfacet
  facet normal 0.19242 -0.117992 0.974193
    outer loop
      vertex 19.3582 -18.2726 -2.67276
      vertex 19.0348 -18.8 -2.67276
      vertex 19.917 -18.8 -2.84701
    endloop
  endfacet
  facet normal 0.185433 -0.0481236 0.981478
    outer loop
      vertex 23.0633 -8.90424 -2.67276
      vertex 17.996 -6.94787 -1.61946
      vertex 22.6923 -10.3338 -2.67276
    endloop
  endfacet
  facet normal 0.185431 -0.0481254 0.981478
    outer loop
      vertex 17.996 -6.94787 -1.61946
      vertex 17.7065 -8.06334 -1.61946
      vertex 22.6923 -10.3338 -2.67276
    endloop
  endfacet
  facet normal 0.222614 -0.0775203 0.97182
    outer loop
      vertex 22.2665 -11.7385 -2.67276
      vertex 21.7872 -13.1149 -2.67276
      vertex 27.1052 -14.2893 -3.98463
    endloop
  endfacet
  facet normal 0.193699 -0.018773 0.980881
    outer loop
      vertex 18.7153 -2.34601 -1.61946
      vertex 18.6023 -3.51194 -1.61946
      vertex 23.8403 -4.50084 -2.67276
    endloop
  endfacet
  facet normal 0.144628 -0.0197195 0.98929
    outer loop
      vertex 13.3194 -2.51459 -0.82725
      vertex 13.2064 -3.34336 -0.82725
      vertex 18.4445 -4.66942 -1.61946
    endloop
  endfacet
  facet normal 0.380062 -0.0368278 0.924227
    outer loop
      vertex 44.3619 -5.56088 -9.43693
      vertex 39.3978 -4.93862 -7.37079
      vertex 44.0941 -8.32457 -9.43693
    endloop
  endfacet
  facet normal 0.380065 -0.0368229 0.924226
    outer loop
      vertex 39.3978 -4.93862 -7.37079
      vertex 39.16 -7.39306 -7.37079
      vertex 44.0941 -8.32457 -9.43693
    endloop
  endfacet
  facet normal 0.426579 -0.0247356 0.904112
    outer loop
      vertex 44.3619 -5.56088 -9.43693
      vertex 49.3 -4.77404 -11.7453
      vertex 49.3 -3.13655 -11.7005
    endloop
  endfacet
  facet normal 0.426578 -0.0247259 0.904113
    outer loop
      vertex 49.3 -4.77404 -11.7453
      vertex 44.3619 -5.56088 -9.43693
      vertex 49.2191 -6.16975 -11.7453
    endloop
  endfacet
  facet normal 0.424663 -0.0411496 0.904416
    outer loop
      vertex 44.3619 -5.56088 -9.43693
      vertex 44.0941 -8.32457 -9.43693
      vertex 49.2191 -6.16975 -11.7453
    endloop
  endfacet
  facet normal 0.0914986 0.0277311 0.995419
    outer loop
      vertex 12.4402 6.55824 -0.82725
      vertex 7.47613 3.94127 -0.298049
      vertex 7.61907 3.46964 -0.298049
    endloop
  endfacet
  facet normal 0.139426 0.0361854 0.989571
    outer loop
      vertex 17.7065 8.06334 -1.61946
      vertex 12.6781 5.77345 -0.82725
      vertex 17.996 6.94787 -1.61946
    endloop
  endfacet
  facet normal 0.131208 0.0519005 0.989995
    outer loop
      vertex 16.5852 11.2827 -1.61946
      vertex 11.8752 8.07856 -0.82725
      vertex 12.1724 7.32722 -0.82725
    endloop
  endfacet
  facet normal 0.165217 0.0822008 0.982826
    outer loop
      vertex 20.6722 15.7697 -2.67276
      vertex 15.6365 13.2974 -1.61946
      vertex 16.1303 12.3049 -1.61946
    endloop
  endfacet
  facet normal 0.16522 0.0821946 0.982826
    outer loop
      vertex 20.0394 17.0417 -2.67276
      vertex 15.6365 13.2974 -1.61946
      vertex 20.6722 15.7697 -2.67276
    endloop
  endfacet
  facet normal 0.170104 0.0756999 0.982514
    outer loop
      vertex 20.6722 15.7697 -2.67276
      vertex 16.1303 12.3049 -1.61946
      vertex 16.5852 11.2827 -1.61946
    endloop
  endfacet
  facet normal 0.135066 0.111485 0.984545
    outer loop
      vertex 13.388 18.8 -1.84422
      vertex 12.6292 17.7344 -1.61946
      vertex 13.818 18.8 -1.90321
    endloop
  endfacet
  facet normal 0.135083 0.111474 0.984544
    outer loop
      vertex 13.818 18.8 -1.90321
      vertex 13.2977 16.9244 -1.61946
      vertex 14.7714 18.8 -2.03402
    endloop
  endfacet
  facet normal 0.135073 0.111477 0.984545
    outer loop
      vertex 13.2977 16.9244 -1.61946
      vertex 13.818 18.8 -1.90321
      vertex 12.6292 17.7344 -1.61946
    endloop
  endfacet
  facet normal 0.0473059 -0.0102862 0.998827
    outer loop
      vertex 2.61863 -0.834824 -0.0331297
      vertex 2.58329 -0.997352 -0.0331297
      vertex 7.84959 -2.50246 -0.298049
    endloop
  endfacet
  facet normal 0.0483602 -0.00659387 0.998808
    outer loop
      vertex 8.00452 -1.51118 -0.298049
      vertex 2.67032 -0.504132 -0.0331297
      vertex 7.93661 -2.00924 -0.298049
    endloop
  endfacet
  facet normal 0.12784 -0.0568915 0.990162
    outer loop
      vertex 16.5852 -11.2827 -1.61946
      vertex 11.5495 -8.81043 -0.82725
      vertex 16.1303 -12.3049 -1.61946
    endloop
  endfacet
  facet normal 0.12784 -0.0568919 0.990162
    outer loop
      vertex 11.8752 -8.07856 -0.82725
      vertex 11.5495 -8.81043 -0.82725
      vertex 16.5852 -11.2827 -1.61946
    endloop
  endfacet
  facet normal 0.134271 -0.0467698 0.98984
    outer loop
      vertex 17.3743 -9.1594 -1.61946
      vertex 12.4402 -6.55824 -0.82725
      vertex 17.0002 -10.2334 -1.61946
    endloop
  endfacet
  facet normal 0.13701 -0.0415331 0.989699
    outer loop
      vertex 12.6781 -5.77345 -0.82725
      vertex 12.4402 -6.55824 -0.82725
      vertex 17.7065 -8.06334 -1.61946
    endloop
  endfacet
  facet normal 0.188174 -0.0409182 0.981283
    outer loop
      vertex 18.2422 -5.81565 -1.61946
      vertex 17.996 -6.94787 -1.61946
      vertex 23.0633 -8.90424 -2.67276
    endloop
  endfacet
  facet normal 0.1415 -0.030769 0.98946
    outer loop
      vertex 18.2422 -5.81565 -1.61946
      vertex 12.8854 -4.97475 -0.82725
      vertex 17.996 -6.94787 -1.61946
    endloop
  endfacet
  facet normal 0.0438462 -0.0173399 0.998888
    outer loop
      vertex 2.44035 -1.46898 -0.0331297
      vertex 2.38078 -1.61961 -0.0331297
      vertex 7.1366 -4.85493 -0.298049
    endloop
  endfacet
  facet normal 0.0457963 -0.0138798 0.998854
    outer loop
      vertex 7.61907 -3.46964 -0.298049
      vertex 2.49405 -1.31481 -0.0331297
      vertex 7.47613 -3.94127 -0.298049
    endloop
  endfacet
  facet normal 0.0386999 -0.0237311 0.998969
    outer loop
      vertex 2.16829 -2.04669 -0.0331297
      vertex 2.08677 -2.17963 -0.0331297
      vertex 6.49964 -6.13513 -0.298049
    endloop
  endfacet
  facet normal 0.111335 -0.0754576 0.990914
    outer loop
      vertex 10.4087 -10.8719 -0.82725
      vertex 9.97704 -11.5088 -0.82725
      vertex 13.9342 -16.0735 -1.61946
    endloop
  endfacet
  facet normal 0.040135 -0.0222093 0.998947
    outer loop
      vertex 6.72834 -5.72184 -0.298049
      vertex 2.24458 -1.90881 -0.0331297
      vertex 6.49964 -6.13513 -0.298049
    endloop
  endfacet
  facet normal 0.0676718 -0.0558479 0.996143
    outer loop
      vertex 9.52132 -12.118 -0.82725
      vertex 5.43432 -7.63108 -0.298049
      vertex 9.04266 -12.698 -0.82725
    endloop
  endfacet
  facet normal 0.0710725 -0.0531661 0.996053
    outer loop
      vertex 5.99585 -6.91641 -0.298049
      vertex 5.72198 -7.28252 -0.298049
      vertex 9.97704 -11.5088 -0.82725
    endloop
  endfacet
  facet normal 0.0302066 -0.0304105 0.999081
    outer loop
      vertex 5.13357 -7.96126 -0.298049
      vertex 1.71257 -2.65589 -0.0331297
      vertex 4.82046 -8.27227 -0.298049
    endloop
  endfacet
  facet normal 0.154297 -0.0945787 0.983487
    outer loop
      vertex 15.105 -14.2579 -1.61946
      vertex 17.999 -18.8 -2.51029
      vertex 18.1834 -18.8 -2.53922
    endloop
  endfacet
  facet normal 0.154266 -0.0945986 0.98349
    outer loop
      vertex 17.999 -18.8 -2.51029
      vertex 15.105 -14.2579 -1.61946
      vertex 14.5371 -15.184 -1.61946
    endloop
  endfacet
  facet normal 0.0710721 -0.0531664 0.996053
    outer loop
      vertex 9.97704 -11.5088 -0.82725
      vertex 5.72198 -7.28252 -0.298049
      vertex 9.52132 -12.118 -0.82725
    endloop
  endfacet
  facet normal 0.0960963 -0.0875299 0.991516
    outer loop
      vertex 12.6292 -17.7344 -1.61946
      vertex 9.04266 -12.698 -0.82725
      vertex 11.9303 -18.5017 -1.61946
    endloop
  endfacet
  facet normal 0.101425 -0.0837037 0.991316
    outer loop
      vertex 9.52132 -12.118 -0.82725
      vertex 9.04266 -12.698 -0.82725
      vertex 12.6292 -17.7344 -1.61946
    endloop
  endfacet
  facet normal 0.0661939 -0.103351 0.99244
    outer loop
      vertex 6.34744 -15.1139 -0.82725
      vertex 6.98636 -18.8 -1.25373
      vertex 7.30421 -18.8 -1.27493
    endloop
  endfacet
  facet normal 0.0662099 -0.103348 0.992439
    outer loop
      vertex 6.98636 -18.8 -1.25373
      vertex 6.34744 -15.1139 -0.82725
      vertex 5.7571 -15.4921 -0.82725
    endloop
  endfacet
  facet normal 0.0441482 -0.0689119 0.996645
    outer loop
      vertex 6.34744 -15.1139 -0.82725
      vertex 3.81459 -9.08294 -0.298049
      vertex 5.7571 -15.4921 -0.82725
    endloop
  endfacet
  facet normal 0.0262673 -0.0325923 0.999123
    outer loop
      vertex 4.49573 -8.56334 -0.298049
      vertex 1.49978 -2.85674 -0.0331297
      vertex 4.16017 -8.83378 -0.298049
    endloop
  endfacet
  facet normal 0.0525232 -0.0651704 0.996491
    outer loop
      vertex 4.49573 -8.56334 -0.298049
      vertex 4.16017 -8.83378 -0.298049
      vertex 7.48085 -14.2493 -0.82725
    endloop
  endfacet
  facet normal 0.115886 -0.0710633 0.990717
    outer loop
      vertex 15.105 -14.2579 -1.61946
      vertex 10.4087 -10.8719 -0.82725
      vertex 14.5371 -15.184 -1.61946
    endloop
  endfacet
  facet normal 0.106509 -0.0796757 0.991114
    outer loop
      vertex 9.97704 -11.5088 -0.82725
      vertex 9.52132 -12.118 -0.82725
      vertex 13.9342 -16.0735 -1.61946
    endloop
  endfacet
  facet normal 0.159935 -0.0885014 0.983152
    outer loop
      vertex 15.6365 -13.2974 -1.61946
      vertex 15.105 -14.2579 -1.61946
      vertex 20.0394 -17.0417 -2.67276
    endloop
  endfacet
  facet normal 0.120164 -0.0664938 0.990525
    outer loop
      vertex 15.6365 -13.2974 -1.61946
      vertex 11.1959 -9.52108 -0.82725
      vertex 15.105 -14.2579 -1.61946
    endloop
  endfacet
  facet normal 0.170104 -0.0756999 0.982514
    outer loop
      vertex 16.5852 -11.2827 -1.61946
      vertex 16.1303 -12.3049 -1.61946
      vertex 20.6722 -15.7697 -2.67276
    endloop
  endfacet
  facet normal 0.0180037 -0.114929 0.993211
    outer loop
      vertex 1.69925 -18.8 -1.03605
      vertex 1.31982 -17.055 -0.82725
      vertex 1.45486 -18.8 -1.03162
    endloop
  endfacet
  facet normal 0.0251931 -0.114082 0.993152
    outer loop
      vertex 1.97575 -16.952 -0.82725
      vertex 2.66534 -18.8 -1.05702
      vertex 2.62692 -16.8082 -0.82725
    endloop
  endfacet
  facet normal 0.0251948 -0.114081 0.993152
    outer loop
      vertex 2.66534 -18.8 -1.05702
      vertex 1.97575 -16.952 -0.82725
      vertex 2.19113 -18.8 -1.04499
    endloop
  endfacet
  facet normal 0.00601291 -0.0382916 0.999249
    outer loop
      vertex 0.396104 -3.39858 -0.0331297
      vertex 0.2646 -3.41923 -0.0331297
      vertex 1.18736 -10.1876 -0.298049
    endloop
  endfacet
  facet normal -0.00120553 -0.038571 0.999255
    outer loop
      vertex -0.13246 -3.43163 -0.0331297
      vertex -0.39706 -10.2866 -0.298049
      vertex 0 -3.43577 -0.0331297
    endloop
  endfacet
  facet normal -0.00363731 -0.115763 0.99327
    outer loop
      vertex 0 -17.1375 -0.82725
      vertex -0.226655 -18.8 -1.02184
      vertex 0 -18.8 -1.02101
    endloop
  endfacet
  facet normal -0.0107545 -0.037645 0.999233
    outer loop
      vertex -0.655933 -3.33281 -0.0331297
      vertex -1.96622 -9.99039 -0.298049
      vertex -1.57869 -10.1011 -0.298049
    endloop
  endfacet
  facet normal 0.00361078 -0.0384781 0.999253
    outer loop
      vertex 0.2646 -3.41923 -0.0331297
      vertex 0.13246 -3.43163 -0.0331297
      vertex 0.39706 -10.2866 -0.298049
    endloop
  endfacet
  facet normal -0.174562 -0.0690435 0.982222
    outer loop
      vertex -16.5852 -11.2827 -1.61946
      vertex -21.7872 -13.1149 -2.67276
      vertex -21.2553 -14.4597 -2.67276
    endloop
  endfacet
  facet normal -0.170093 -0.0757108 0.982515
    outer loop
      vertex -16.5852 -11.2827 -1.61946
      vertex -21.2553 -14.4597 -2.67276
      vertex -20.6722 -15.7697 -2.67276
    endloop
  endfacet
  facet normal -0.0676716 -0.0558481 0.996143
    outer loop
      vertex -5.72198 -7.28252 -0.298049
      vertex -9.52132 -12.118 -0.82725
      vertex -5.43432 -7.63108 -0.298049
    endloop
  endfacet
  facet normal -0.0487135 0.00472093 0.998802
    outer loop
      vertex -2.67032 0.504132 -0.0331297
      vertex -8.05314 1.00948 -0.298049
      vertex -2.68654 0.336764 -0.0331297
    endloop
  endfacet
  facet normal -0.0489495 -0.0028362 0.998797
    outer loop
      vertex -2.69628 -0.168585 -0.0331297
      vertex -8.08235 -0.505349 -0.298049
      vertex -8.05314 -1.00948 -0.298049
    endloop
  endfacet
  facet normal -0.0977825 -0.00566565 0.995192
    outer loop
      vertex -8.08235 -0.505349 -0.298049
      vertex -13.4003 -1.67977 -0.82725
      vertex -8.05314 -1.00948 -0.298049
    endloop
  endfacet
  facet normal -0.0478909 -0.0084495 0.998817
    outer loop
      vertex -2.64766 -0.670285 -0.0331297
      vertex -7.93661 -2.00924 -0.298049
      vertex -2.61863 -0.834824 -0.0331297
    endloop
  endfacet
  facet normal -0.135066 -0.111485 0.984545
    outer loop
      vertex -12.6292 -17.7344 -1.61946
      vertex -13.818 -18.8 -1.90321
      vertex -13.388 -18.8 -1.84422
    endloop
  endfacet
  facet normal -0.141831 -0.106094 0.984189
    outer loop
      vertex -13.9342 -16.0735 -1.61946
      vertex -14.7714 -18.8 -2.03402
      vertex -13.2977 -16.9244 -1.61946
    endloop
  endfacet
  facet normal -0.141817 -0.106098 0.984191
    outer loop
      vertex -14.7714 -18.8 -2.03402
      vertex -13.9342 -16.0735 -1.61946
      vertex -15.4429 -18.8 -2.13078
    endloop
  endfacet
  facet normal -0.106509 -0.0796757 0.991114
    outer loop
      vertex -9.97704 -11.5088 -0.82725
      vertex -13.9342 -16.0735 -1.61946
      vertex -9.52132 -12.118 -0.82725
    endloop
  endfacet
  facet normal -0.0828786 -0.0412355 0.995706
    outer loop
      vertex -6.94083 -5.29476 -0.298049
      vertex -11.1959 -9.52108 -0.82725
      vertex -6.72834 -5.72184 -0.298049
    endloop
  endfacet
  facet normal -0.0462217 -0.109907 0.992867
    outer loop
      vertex -4.53628 -16.1357 -0.82725
      vertex -5.2853 -18.8 -1.15705
      vertex -4.89951 -18.8 -1.13909
    endloop
  endfacet
  facet normal -0.032068 -0.0292091 0.999059
    outer loop
      vertex -1.8129 -2.54574 -0.0331297
      vertex -5.43432 -7.63108 -0.298049
      vertex -1.71257 -2.65589 -0.0331297
    endloop
  endfacet
  facet normal -0.0338528 -0.027937 0.999036
    outer loop
      vertex -1.90886 -2.42946 -0.0331297
      vertex -5.43432 -7.63108 -0.298049
      vertex -1.8129 -2.54574 -0.0331297
    endloop
  endfacet
  facet normal -0.0130962 -0.0371837 0.999223
    outer loop
      vertex -0.783633 -3.28783 -0.0331297
      vertex -2.34901 -9.85557 -0.298049
      vertex -1.96622 -9.99039 -0.298049
    endloop
  endfacet
  facet normal -0.0120278 -0.0765959 0.99699
    outer loop
      vertex -1.18736 -10.1876 -0.298049
      vertex -1.97575 -16.952 -0.82725
      vertex -1.31982 -17.055 -0.82725
    endloop
  endfacet
  facet normal -0.0154031 -0.0366333 0.99921
    outer loop
      vertex -0.909446 -3.23493 -0.0331297
      vertex -2.72615 -9.697 -0.298049
      vertex -0.783633 -3.28783 -0.0331297
    endloop
  endfacet
  facet normal -0.024201 -0.0335664 0.999143
    outer loop
      vertex -1.38784 -2.94696 -0.0331297
      vertex -4.16017 -8.83378 -0.298049
      vertex -3.81459 -9.08294 -0.298049
    endloop
  endfacet
  facet normal -0.0483945 -0.067122 0.99657
    outer loop
      vertex -4.16017 -8.83378 -0.298049
      vertex -6.92248 -14.6993 -0.82725
      vertex -6.34744 -15.1139 -0.82725
    endloop
  endfacet
  facet normal 0.00363731 -0.115763 0.99327
    outer loop
      vertex 0 -17.1375 -0.82725
      vertex 0 -18.8 -1.02101
      vertex 0.226655 -18.8 -1.02184
    endloop
  endfacet
  facet normal -0.0530093 -0.107983 0.992738
    outer loop
      vertex -5.1529 -15.833 -0.82725
      vertex -5.2853 -18.8 -1.15705
      vertex -4.53628 -16.1357 -0.82725
    endloop
  endfacet
  facet normal -0.0530269 -0.107983 0.992738
    outer loop
      vertex -5.2853 -18.8 -1.15705
      vertex -5.1529 -15.833 -0.82725
      vertex -5.67639 -18.8 -1.17794
    endloop
  endfacet
  facet normal -0.059679 -0.105798 0.992595
    outer loop
      vertex -5.1529 -15.833 -0.82725
      vertex -6.62913 -18.8 -1.23225
      vertex -6.11852 -18.8 -1.20155
    endloop
  endfacet
  facet normal -0.0308064 -0.0732694 0.996836
    outer loop
      vertex -2.72615 -9.697 -0.298049
      vertex -3.90873 -16.3996 -0.82725
      vertex -2.34901 -9.85557 -0.298049
    endloop
  endfacet
  facet normal 0.364503 -0.0946165 0.926383
    outer loop
      vertex 42.6571 -16.4689 -9.43693
      vertex 41.2834 -18.8 -9.13451
      vertex 42.052 -18.8 -9.43693
    endloop
  endfacet
  facet normal 0.364471 -0.0945961 0.926397
    outer loop
      vertex 41.2834 -18.8 -9.13451
      vertex 42.6571 -16.4689 -9.43693
      vertex 37.2743 -16.9743 -7.37079
    endloop
  endfacet
  facet normal 0.407539 -0.105724 0.907047
    outer loop
      vertex 42.6571 -16.4689 -9.43693
      vertex 44.3 -18.8 -10.4468
      vertex 44.5597 -18.7744 -10.5605
    endloop
  endfacet
  facet normal 0.407482 -0.105773 0.907067
    outer loop
      vertex 44.3 -18.8 -10.4468
      vertex 42.6571 -16.4689 -9.43693
      vertex 42.052 -18.8 -9.43693
    endloop
  endfacet
  facet normal -0.407489 0.105773 0.907064
    outer loop
      vertex -45.2754 18.7039 -10.8738
      vertex -42.6571 16.4689 -9.43693
      vertex -44.5597 18.7744 -10.5605
    endloop
  endfacet
  facet normal -0.407482 0.105783 0.907066
    outer loop
      vertex -46.2134 18.4194 -11.262
      vertex -42.6571 16.4689 -9.43693
      vertex -45.2754 18.7039 -10.8738
    endloop
  endfacet
  facet normal -0.407446 0.105857 0.907074
    outer loop
      vertex -42.6571 16.4689 -9.43693
      vertex -46.2134 18.4194 -11.262
      vertex -46.8406 18.0841 -11.5046
    endloop
  endfacet
  facet normal -0.302557 0.118725 0.945708
    outer loop
      vertex -31.1828 18.8 -5.5519
      vertex -31.2099 18.8 -5.56057
      vertex -31.1921 18.7763 -5.5519
    endloop
  endfacet
  facet normal -0.22261 0.0775381 0.971819
    outer loop
      vertex -26.5216 15.9648 -3.98463
      vertex -27.1052 14.2893 -3.98463
      vertex -21.7872 13.1149 -2.67276
    endloop
  endfacet
  facet normal -0.271477 0.0822736 0.958922
    outer loop
      vertex -27.1052 14.2893 -3.98463
      vertex -32.488 14.7947 -5.5519
      vertex -27.6234 12.5794 -3.98463
    endloop
  endfacet
  facet normal -0.276147 0.0716788 0.958439
    outer loop
      vertex -27.6234 12.5794 -3.98463
      vertex -32.488 14.7947 -5.5519
      vertex -28.0751 10.8392 -3.98463
    endloop
  endfacet
  facet normal -0.364472 0.0946024 0.926397
    outer loop
      vertex -37.2743 16.9743 -7.37079
      vertex -42.6571 16.4689 -9.43693
      vertex -37.8838 14.6261 -7.37079
    endloop
  endfacet
  facet normal -0.373986 0.0659963 0.925083
    outer loop
      vertex -38.402 12.2426 -7.37079
      vertex -43.72 11.0682 -9.43693
      vertex -38.8278 9.82969 -7.37079
    endloop
  endfacet
  facet normal -0.37746 0.0514613 0.924595
    outer loop
      vertex -38.8278 9.82969 -7.37079
      vertex -43.72 11.0682 -9.43693
      vertex -39.16 7.39306 -7.37079
    endloop
  endfacet
  facet normal -0.178616 0.0622163 0.98195
    outer loop
      vertex -17.0002 10.2334 -1.61946
      vertex -22.2665 11.7385 -2.67276
      vertex -17.3743 9.1594 -1.61946
    endloop
  endfacet
  facet normal -0.178621 0.0622006 0.98195
    outer loop
      vertex -21.7872 13.1149 -2.67276
      vertex -22.2665 11.7385 -2.67276
      vertex -17.0002 10.2334 -1.61946
    endloop
  endfacet
  facet normal -0.239548 0.0326688 0.970335
    outer loop
      vertex -23.638 5.98423 -2.67276
      vertex -29.0209 5.47888 -3.98463
      vertex -23.8403 4.50084 -2.67276
    endloop
  endfacet
  facet normal -0.192314 0.0262272 0.980983
    outer loop
      vertex -23.638 5.98423 -2.67276
      vertex -23.8403 4.50084 -2.67276
      vertex -18.4445 4.66942 -1.61946
    endloop
  endfacet
  facet normal -0.309119 0.107672 0.944909
    outer loop
      vertex -31.2315 18.8 -5.56749
      vertex -31.8785 16.8057 -5.5519
      vertex -31.1921 18.7763 -5.5519
    endloop
  endfacet
  facet normal -0.309167 0.107688 0.944891
    outer loop
      vertex -31.8785 16.8057 -5.5519
      vertex -31.2315 18.8 -5.56749
      vertex -33.5243 18.8 -6.31769
    endloop
  endfacet
  facet normal -0.266157 0.0927077 0.959461
    outer loop
      vertex -31.1921 18.7763 -5.5519
      vertex -31.8785 16.8057 -5.5519
      vertex -27.1052 14.2893 -3.98463
    endloop
  endfacet
  facet normal -0.199445 0.110376 0.973673
    outer loop
      vertex -19.917 18.8 -2.84701
      vertex -20.0394 17.0417 -2.67276
      vertex -19.3582 18.2726 -2.67276
    endloop
  endfacet
  facet normal -0.199468 0.110377 0.973668
    outer loop
      vertex -20.0394 17.0417 -2.67276
      vertex -19.917 18.8 -2.84701
      vertex -21.2311 18.8 -3.11622
    endloop
  endfacet
  facet normal -0.159931 0.0885085 0.983152
    outer loop
      vertex -19.3582 18.2726 -2.67276
      vertex -20.0394 17.0417 -2.67276
      vertex -15.105 14.2579 -1.61946
    endloop
  endfacet
  facet normal -0.127992 0.116582 0.984899
    outer loop
      vertex -12.1226 18.8 -1.67976
      vertex -12.6292 17.7344 -1.61946
      vertex -11.9303 18.5017 -1.61946
    endloop
  endfacet
  facet normal -0.128 0.116586 0.984898
    outer loop
      vertex -12.6292 17.7344 -1.61946
      vertex -12.1226 18.8 -1.67976
      vertex -13.1035 18.8 -1.80724
    endloop
  endfacet
  facet normal -0.101425 0.0837037 0.991316
    outer loop
      vertex -9.04266 12.698 -0.82725
      vertex -12.6292 17.7344 -1.61946
      vertex -9.52132 12.118 -0.82725
    endloop
  endfacet
  facet normal -0.0828769 0.0412373 0.995706
    outer loop
      vertex -11.1959 9.52108 -0.82725
      vertex -11.5495 8.81043 -0.82725
      vertex -6.94083 5.29476 -0.298049
    endloop
  endfacet
  facet normal -0.120164 0.0664938 0.990525
    outer loop
      vertex -15.105 14.2579 -1.61946
      vertex -15.6365 13.2974 -1.61946
      vertex -11.1959 9.52108 -0.82725
    endloop
  endfacet
  facet normal -0.0676718 0.0558479 0.996143
    outer loop
      vertex -9.04266 12.698 -0.82725
      vertex -9.52132 12.118 -0.82725
      vertex -5.43432 7.63108 -0.298049
    endloop
  endfacet
  facet normal -0.0641147 0.0583905 0.996233
    outer loop
      vertex -8.54222 13.2475 -0.82725
      vertex -9.04266 12.698 -0.82725
      vertex -5.43432 7.63108 -0.298049
    endloop
  endfacet
  facet normal -0.106511 0.0796737 0.991114
    outer loop
      vertex -13.2977 16.9244 -1.61946
      vertex -13.9342 16.0735 -1.61946
      vertex -9.52132 12.118 -0.82725
    endloop
  endfacet
  facet normal -0.101423 0.083705 0.991316
    outer loop
      vertex -12.6292 17.7344 -1.61946
      vertex -13.2977 16.9244 -1.61946
      vertex -9.52132 12.118 -0.82725
    endloop
  endfacet
  facet normal -0.0565224 0.0630628 0.996408
    outer loop
      vertex -7.48085 14.2493 -0.82725
      vertex -8.02119 13.765 -0.82725
      vertex -4.82046 8.27227 -0.298049
    endloop
  endfacet
  facet normal -0.0603893 0.0608012 0.996321
    outer loop
      vertex -8.02119 13.765 -0.82725
      vertex -8.54222 13.2475 -0.82725
      vertex -4.82046 8.27227 -0.298049
    endloop
  endfacet
  facet normal -0.0154031 0.0366333 0.99921
    outer loop
      vertex -0.783633 3.28783 -0.0331297
      vertex -2.72615 9.697 -0.298049
      vertex -0.909446 3.23493 -0.0331297
    endloop
  endfacet
  facet normal -0.0107545 0.037645 0.999233
    outer loop
      vertex -1.57869 10.1011 -0.298049
      vertex -1.96622 9.99039 -0.298049
      vertex -0.655933 3.33281 -0.0331297
    endloop
  endfacet
  facet normal -0.0215113 0.0752983 0.996929
    outer loop
      vertex -1.57869 10.1011 -0.298049
      vertex -3.27177 16.6239 -0.82725
      vertex -1.96622 9.99039 -0.298049
    endloop
  endfacet
  facet normal -0.00839498 0.0380142 0.999242
    outer loop
      vertex -0.396104 3.39858 -0.0331297
      vertex -1.57869 10.1011 -0.298049
      vertex -0.526652 3.36975 -0.0331297
    endloop
  endfacet
  facet normal -0.0397931 0.0705358 0.996715
    outer loop
      vertex -3.09671 9.51507 -0.298049
      vertex -5.1529 15.833 -0.82725
      vertex -3.45982 9.31022 -0.298049
    endloop
  endfacet
  facet normal -0.0198976 0.0352699 0.99918
    outer loop
      vertex -3.09671 9.51507 -0.298049
      vertex -3.45982 9.31022 -0.298049
      vertex -1.1542 3.1059 -0.0331297
    endloop
  endfacet
  facet normal -0.024201 0.0335664 0.999143
    outer loop
      vertex -3.81459 9.08294 -0.298049
      vertex -4.16017 8.83378 -0.298049
      vertex -1.38784 2.94696 -0.0331297
    endloop
  endfacet
  facet normal -0.0220762 0.0344595 0.999162
    outer loop
      vertex -1.1542 3.1059 -0.0331297
      vertex -3.81459 9.08294 -0.298049
      vertex -1.27255 3.03008 -0.0331297
    endloop
  endfacet
  facet normal 0.0323071 0.11296 0.993074
    outer loop
      vertex 3.39789 18.8 -1.07888
      vertex 3.27177 16.6239 -0.82725
      vertex 3.70005 18.8 -1.08871
    endloop
  endfacet
  facet normal 0.00240559 0.0771546 0.997016
    outer loop
      vertex 0 17.1375 -0.82725
      vertex 0 10.299 -0.298049
      vertex 0.660705 17.1169 -0.82725
    endloop
  endfacet
  facet normal 0.0108501 0.115487 0.99325
    outer loop
      vertex 1.45486 18.8 -1.03162
      vertex 1.21868 18.8 -1.02904
      vertex 1.31982 17.055 -0.82725
    endloop
  endfacet
  facet normal -0.128019 0.116577 0.984896
    outer loop
      vertex -13.1035 18.8 -1.80724
      vertex -13.388 18.8 -1.84422
      vertex -12.6292 17.7344 -1.61946
    endloop
  endfacet
  facet normal -0.0966084 -0.0131722 0.995235
    outer loop
      vertex -7.93661 -2.00924 -0.298049
      vertex -13.3194 -2.51459 -0.82725
      vertex -13.2064 -3.34336 -0.82725
    endloop
  endfacet
  facet normal -0.0956733 -0.0168799 0.99527
    outer loop
      vertex -7.93661 -2.00924 -0.298049
      vertex -13.0616 -4.16407 -0.82725
      vertex -7.84959 -2.50246 -0.298049
    endloop
  endfacet
  facet normal -0.185433 -0.0481236 0.981478
    outer loop
      vertex -17.996 -6.94787 -1.61946
      vertex -23.0633 -8.90424 -2.67276
      vertex -22.6923 -10.3338 -2.67276
    endloop
  endfacet
  facet normal -0.182238 -0.055241 0.981701
    outer loop
      vertex -17.7065 -8.06334 -1.61946
      vertex -22.6923 -10.3338 -2.67276
      vertex -22.2665 -11.7385 -2.67276
    endloop
  endfacet
  facet normal -0.0596897 0.105792 0.992595
    outer loop
      vertex -6.62913 18.8 -1.23225
      vertex -5.7571 15.4921 -0.82725
      vertex -5.1529 15.833 -0.82725
    endloop
  endfacet
  facet normal -0.0596841 0.105794 0.992595
    outer loop
      vertex -5.7571 15.4921 -0.82725
      vertex -6.62913 18.8 -1.23225
      vertex -6.98636 18.8 -1.25373
    endloop
  endfacet
  facet normal -0.059679 0.105798 0.992595
    outer loop
      vertex -6.11852 18.8 -1.20155
      vertex -6.62913 18.8 -1.23225
      vertex -5.1529 15.833 -0.82725
    endloop
  endfacet
  facet normal -0.0392897 0.111574 0.992979
    outer loop
      vertex -4.02966 18.8 -1.10175
      vertex -3.90873 16.3996 -0.82725
      vertex -3.27177 16.6239 -0.82725
    endloop
  endfacet
  facet normal -0.0393054 0.111573 0.992979
    outer loop
      vertex -3.90873 16.3996 -0.82725
      vertex -4.02966 18.8 -1.10175
      vertex -4.48086 18.8 -1.11961
    endloop
  endfacet
  facet normal -0.0461986 0.109916 0.992867
    outer loop
      vertex -4.89951 18.8 -1.13909
      vertex -3.90873 16.3996 -0.82725
      vertex -4.48086 18.8 -1.11961
    endloop
  endfacet
  facet normal -0.0462189 0.109908 0.992867
    outer loop
      vertex -3.90873 16.3996 -0.82725
      vertex -4.89951 18.8 -1.13909
      vertex -4.53628 16.1357 -0.82725
    endloop
  endfacet
  facet normal -0.0308112 0.0732686 0.996836
    outer loop
      vertex -3.90873 16.3996 -0.82725
      vertex -4.53628 16.1357 -0.82725
      vertex -2.72615 9.697 -0.298049
    endloop
  endfacet
  facet normal 0.00601291 0.0382916 0.999249
    outer loop
      vertex 1.18736 10.1876 -0.298049
      vertex 0.2646 3.41923 -0.0331297
      vertex 0.396104 3.39858 -0.0331297
    endloop
  endfacet
  facet normal 0.0215198 0.075296 0.996929
    outer loop
      vertex 2.62692 16.8082 -0.82725
      vertex 1.57869 10.1011 -0.298049
      vertex 3.27177 16.6239 -0.82725
    endloop
  endfacet
  facet normal -0.0180458 0.11492 0.993211
    outer loop
      vertex -1.69925 18.8 -1.03605
      vertex -1.97575 16.952 -0.82725
      vertex -1.31982 17.055 -0.82725
    endloop
  endfacet
  facet normal -0.0180518 0.114921 0.993211
    outer loop
      vertex -1.97575 16.952 -0.82725
      vertex -1.69925 18.8 -1.03605
      vertex -2.19113 18.8 -1.04499
    endloop
  endfacet
  facet normal -0.0251855 0.114082 0.993152
    outer loop
      vertex -2.66534 18.8 -1.05702
      vertex -2.93822 18.8 -1.06394
      vertex -2.62692 16.8082 -0.82725
    endloop
  endfacet
  facet normal 0.0215113 0.0752983 0.996929
    outer loop
      vertex 3.27177 16.6239 -0.82725
      vertex 1.57869 10.1011 -0.298049
      vertex 1.96622 9.99039 -0.298049
    endloop
  endfacet
  facet normal 0.0462217 0.109907 0.992867
    outer loop
      vertex 4.89951 18.8 -1.13909
      vertex 4.53628 16.1357 -0.82725
      vertex 5.2853 18.8 -1.15705
    endloop
  endfacet
  facet normal 0.141837 0.106087 0.984189
    outer loop
      vertex 15.4429 18.8 -2.13078
      vertex 13.9342 16.0735 -1.61946
      vertex 16.2977 18.8 -2.25397
    endloop
  endfacet
  facet normal 0.00120456 0.038571 0.999255
    outer loop
      vertex 0 10.299 -0.298049
      vertex 0 3.43577 -0.0331297
      vertex 0.39706 10.2866 -0.298049
    endloop
  endfacet
  facet normal 0.00120553 0.038571 0.999255
    outer loop
      vertex 0.39706 10.2866 -0.298049
      vertex 0 3.43577 -0.0331297
      vertex 0.13246 3.43163 -0.0331297
    endloop
  endfacet
  facet normal -0.00361078 0.0384781 0.999253
    outer loop
      vertex -0.13246 3.43163 -0.0331297
      vertex -0.39706 10.2866 -0.298049
      vertex -0.2646 3.41923 -0.0331297
    endloop
  endfacet
  facet normal -0.00240559 0.0771546 0.997016
    outer loop
      vertex 0 17.1375 -0.82725
      vertex -0.660705 17.1169 -0.82725
      vertex 0 10.299 -0.298049
    endloop
  endfacet
  facet normal 0.00361365 0.038478 0.999253
    outer loop
      vertex 0.39706 10.2866 -0.298049
      vertex 0.2646 3.41923 -0.0331297
      vertex 0.793164 10.2494 -0.298049
    endloop
  endfacet
  facet normal 0.00361078 0.0384781 0.999253
    outer loop
      vertex 0.39706 10.2866 -0.298049
      vertex 0.13246 3.43163 -0.0331297
      vertex 0.2646 3.41923 -0.0331297
    endloop
  endfacet
  facet normal 0.00839498 0.0380142 0.999242
    outer loop
      vertex 1.57869 10.1011 -0.298049
      vertex 0.396104 3.39858 -0.0331297
      vertex 0.526652 3.36975 -0.0331297
    endloop
  endfacet
  facet normal 0.0261901 0.0743738 0.996886
    outer loop
      vertex 3.27177 16.6239 -0.82725
      vertex 2.34901 9.85557 -0.298049
      vertex 3.90873 16.3996 -0.82725
    endloop
  endfacet
  facet normal 0.0308064 0.0732694 0.996836
    outer loop
      vertex 3.90873 16.3996 -0.82725
      vertex 2.34901 9.85557 -0.298049
      vertex 2.72615 9.697 -0.298049
    endloop
  endfacet
  facet normal 0.315289 -0.0955587 0.944172
    outer loop
      vertex 32.488 -14.7947 -5.5519
      vertex 31.8785 -16.8057 -5.5519
      vertex 37.2743 -16.9743 -7.37079
    endloop
  endfacet
  facet normal 0.320662 -0.0832244 0.943531
    outer loop
      vertex 33.0192 -12.748 -5.5519
      vertex 32.488 -14.7947 -5.5519
      vertex 37.2743 -16.9743 -7.37079
    endloop
  endfacet
  facet normal 0.369659 -0.0803681 0.925685
    outer loop
      vertex 38.402 -12.2426 -7.37079
      vertex 37.8838 -14.6261 -7.37079
      vertex 42.6571 -16.4689 -9.43693
    endloop
  endfacet
  facet normal 0.325277 -0.0707189 0.942971
    outer loop
      vertex 38.402 -12.2426 -7.37079
      vertex 33.0192 -12.748 -5.5519
      vertex 37.8838 -14.6261 -7.37079
    endloop
  endfacet
  facet normal 0.283531 -0.0500296 0.957657
    outer loop
      vertex 33.842 -8.56748 -5.5519
      vertex 28.4592 -9.07283 -3.98463
      vertex 33.4709 -10.6706 -5.5519
    endloop
  endfacet
  facet normal 0.28017 -0.0609234 0.958015
    outer loop
      vertex 28.4592 -9.07283 -3.98463
      vertex 28.0751 -10.8392 -3.98463
      vertex 33.4709 -10.6706 -5.5519
    endloop
  endfacet
  facet normal 0.111331 0.0754601 0.990914
    outer loop
      vertex 13.9342 16.0735 -1.61946
      vertex 10.4087 10.8719 -0.82725
      vertex 14.5371 15.184 -1.61946
    endloop
  endfacet
  facet normal 0.128 0.116586 0.984898
    outer loop
      vertex 12.1226 18.8 -1.67976
      vertex 12.6292 17.7344 -1.61946
      vertex 13.1035 18.8 -1.80724
    endloop
  endfacet
  facet normal 0.127992 0.116582 0.984899
    outer loop
      vertex 12.6292 17.7344 -1.61946
      vertex 12.1226 18.8 -1.67976
      vertex 11.9303 18.5017 -1.61946
    endloop
  endfacet
  facet normal 0.0530269 0.107983 0.992738
    outer loop
      vertex 5.2853 18.8 -1.15705
      vertex 5.1529 15.833 -0.82725
      vertex 5.67639 18.8 -1.17794
    endloop
  endfacet
  facet normal 0.0530093 0.107983 0.992738
    outer loop
      vertex 5.1529 15.833 -0.82725
      vertex 5.2853 18.8 -1.15705
      vertex 4.53628 16.1357 -0.82725
    endloop
  endfacet
  facet normal 0.0353403 0.0719906 0.996779
    outer loop
      vertex 4.53628 16.1357 -0.82725
      vertex 2.72615 9.697 -0.298049
      vertex 5.1529 15.833 -0.82725
    endloop
  endfacet
  facet normal 0.0828786 0.0412355 0.995706
    outer loop
      vertex 11.1959 9.52108 -0.82725
      vertex 6.72834 5.72184 -0.298049
      vertex 6.94083 5.29476 -0.298049
    endloop
  endfacet
  facet normal 0.0802099 0.0443853 0.995789
    outer loop
      vertex 11.1959 9.52108 -0.82725
      vertex 6.49964 6.13513 -0.298049
      vertex 6.72834 5.72184 -0.298049
    endloop
  endfacet
  facet normal 0.101423 0.083705 0.991316
    outer loop
      vertex 12.6292 17.7344 -1.61946
      vertex 9.52132 12.118 -0.82725
      vertex 13.2977 16.9244 -1.61946
    endloop
  endfacet
  facet normal 0.0710725 0.0531661 0.996053
    outer loop
      vertex 9.97704 11.5088 -0.82725
      vertex 5.72198 7.28252 -0.298049
      vertex 5.99585 6.91641 -0.298049
    endloop
  endfacet
  facet normal 0.178616 0.0622163 0.98195
    outer loop
      vertex 22.2665 11.7385 -2.67276
      vertex 17.0002 10.2334 -1.61946
      vertex 17.3743 9.1594 -1.61946
    endloop
  endfacet
  facet normal 0.134277 0.0467624 0.98984
    outer loop
      vertex 17.0002 10.2334 -1.61946
      vertex 12.1724 7.32722 -0.82725
      vertex 12.4402 6.55824 -0.82725
    endloop
  endfacet
  facet normal 0.0198986 -0.0352696 0.99918
    outer loop
      vertex 1.1542 -3.1059 -0.0331297
      vertex 1.03307 -3.17424 -0.0331297
      vertex 3.09671 -9.51507 -0.298049
    endloop
  endfacet
  facet normal 0.0565224 -0.0630628 0.996408
    outer loop
      vertex 8.02119 -13.765 -0.82725
      vertex 4.82046 -8.27227 -0.298049
      vertex 7.48085 -14.2493 -0.82725
    endloop
  endfacet
  facet normal 0.0961056 -0.0875252 0.991516
    outer loop
      vertex 9.04266 -12.698 -0.82725
      vertex 8.54222 -13.2475 -0.82725
      vertex 11.9303 -18.5017 -1.61946
    endloop
  endfacet
  facet normal 0.148228 -0.100465 0.983837
    outer loop
      vertex 17.7157 -18.8 -2.46761
      vertex 13.9342 -16.0735 -1.61946
      vertex 16.2977 -18.8 -2.25397
    endloop
  endfacet
  facet normal 0.190472 -0.0335954 0.981118
    outer loop
      vertex 23.638 -5.98423 -2.67276
      vertex 18.2422 -5.81565 -1.61946
      vertex 23.3789 -7.45322 -2.67276
    endloop
  endfacet
  facet normal 0.188169 -0.0409271 0.981284
    outer loop
      vertex 23.3789 -7.45322 -2.67276
      vertex 18.2422 -5.81565 -1.61946
      vertex 23.0633 -8.90424 -2.67276
    endloop
  endfacet
  facet normal 0.276152 -0.0716724 0.958438
    outer loop
      vertex 33.0192 -12.748 -5.5519
      vertex 28.0751 -10.8392 -3.98463
      vertex 32.488 -14.7947 -5.5519
    endloop
  endfacet
  facet normal 0.23443 -0.0509773 0.970795
    outer loop
      vertex 28.4592 -9.07283 -3.98463
      vertex 23.0633 -8.90424 -2.67276
      vertex 28.0751 -10.8392 -3.98463
    endloop
  endfacet
  facet normal 0.206002 -0.102517 0.973167
    outer loop
      vertex 24.2214 -18.8 -3.74324
      vertex 20.0394 -17.0417 -2.67276
      vertex 22.107 -18.8 -3.29566
    endloop
  endfacet
  facet normal 0.253639 -0.1129 0.960688
    outer loop
      vertex 25.8742 -17.6019 -3.98463
      vertex 25.3409 -18.8 -3.98463
      vertex 27.6354 -18.8 -4.59042
    endloop
  endfacet
  facet normal 0.145677 -0.0141172 0.989231
    outer loop
      vertex 13.4003 -1.67977 -0.82725
      vertex 13.3194 -2.51459 -0.82725
      vertex 18.6023 -3.51194 -1.61946
    endloop
  endfacet
  facet normal 0.144629 -0.0197173 0.989289
    outer loop
      vertex 18.6023 -3.51194 -1.61946
      vertex 13.3194 -2.51459 -0.82725
      vertex 18.4445 -4.66942 -1.61946
    endloop
  endfacet
  facet normal 0.134271 0.0467698 0.98984
    outer loop
      vertex 17.0002 10.2334 -1.61946
      vertex 12.4402 6.55824 -0.82725
      vertex 17.3743 9.1594 -1.61946
    endloop
  endfacet
  facet normal 0.137012 0.0415264 0.989699
    outer loop
      vertex 17.3743 9.1594 -1.61946
      vertex 12.4402 6.55824 -0.82725
      vertex 17.7065 8.06334 -1.61946
    endloop
  endfacet
  facet normal 0.0853503 0.0379829 0.995627
    outer loop
      vertex 11.5495 8.81043 -0.82725
      vertex 6.94083 5.29476 -0.298049
      vertex 11.8752 8.07856 -0.82725
    endloop
  endfacet
  facet normal 0.12784 0.0568919 0.990162
    outer loop
      vertex 16.5852 11.2827 -1.61946
      vertex 11.5495 8.81043 -0.82725
      vertex 11.8752 8.07856 -0.82725
    endloop
  endfacet
  facet normal 0.12415 0.0617687 0.990339
    outer loop
      vertex 15.6365 13.2974 -1.61946
      vertex 11.5495 8.81043 -0.82725
      vertex 16.1303 12.3049 -1.61946
    endloop
  endfacet
  facet normal 0.12784 0.0568915 0.990162
    outer loop
      vertex 16.1303 12.3049 -1.61946
      vertex 11.5495 8.81043 -0.82725
      vertex 16.5852 11.2827 -1.61946
    endloop
  endfacet
  facet normal 0.120159 0.0664985 0.990525
    outer loop
      vertex 15.105 14.2579 -1.61946
      vertex 10.8153 10.2088 -0.82725
      vertex 11.1959 9.52108 -0.82725
    endloop
  endfacet
  facet normal 0.141817 0.106098 0.984191
    outer loop
      vertex 14.7714 18.8 -2.03402
      vertex 13.9342 16.0735 -1.61946
      vertex 15.4429 18.8 -2.13078
    endloop
  endfacet
  facet normal 0.141831 0.106094 0.984189
    outer loop
      vertex 13.9342 16.0735 -1.61946
      vertex 14.7714 18.8 -2.03402
      vertex 13.2977 16.9244 -1.61946
    endloop
  endfacet
  facet normal 0.0490675 -0.000945929 0.998795
    outer loop
      vertex 2.69953 0 -0.0331297
      vertex 2.69628 -0.168585 -0.0331297
      vertex 8.0921 0 -0.298049
    endloop
  endfacet
  facet normal 0.165217 -0.0822008 0.982826
    outer loop
      vertex 16.1303 -12.3049 -1.61946
      vertex 15.6365 -13.2974 -1.61946
      vertex 20.6722 -15.7697 -2.67276
    endloop
  endfacet
  facet normal 0.12415 -0.0617687 0.990339
    outer loop
      vertex 16.1303 -12.3049 -1.61946
      vertex 11.5495 -8.81043 -0.82725
      vertex 15.6365 -13.2974 -1.61946
    endloop
  endfacet
  facet normal 0.0448748 -0.0156296 0.99887
    outer loop
      vertex 7.47613 -3.94127 -0.298049
      vertex 2.49405 -1.31481 -0.0331297
      vertex 7.31517 -4.40341 -0.298049
    endloop
  endfacet
  facet normal 0.0896616 -0.0312285 0.995483
    outer loop
      vertex 7.47613 -3.94127 -0.298049
      vertex 7.31517 -4.40341 -0.298049
      vertex 12.4402 -6.55824 -0.82725
    endloop
  endfacet
  facet normal 0.182243 -0.0552352 0.981701
    outer loop
      vertex 17.7065 -8.06334 -1.61946
      vertex 17.3743 -9.1594 -1.61946
      vertex 22.2665 -11.7385 -2.67276
    endloop
  endfacet
  facet normal 0.137012 -0.0415264 0.989699
    outer loop
      vertex 17.7065 -8.06334 -1.61946
      vertex 12.4402 -6.55824 -0.82725
      vertex 17.3743 -9.1594 -1.61946
    endloop
  endfacet
  facet normal 0.0427106 -0.0190106 0.998907
    outer loop
      vertex 2.38078 -1.61961 -0.0331297
      vertex 2.31547 -1.76634 -0.0331297
      vertex 6.94083 -5.29476 -0.298049
    endloop
  endfacet
  facet normal 0.0427106 -0.0190107 0.998907
    outer loop
      vertex 7.1366 -4.85493 -0.298049
      vertex 2.38078 -1.61961 -0.0331297
      vertex 6.94083 -5.29476 -0.298049
    endloop
  endfacet
  facet normal 0.047306 -0.0102858 0.998827
    outer loop
      vertex 7.84959 -2.50246 -0.298049
      vertex 2.58329 -0.997352 -0.0331297
      vertex 7.74366 -2.98965 -0.298049
    endloop
  endfacet
  facet normal 0.0387005 -0.0237305 0.998969
    outer loop
      vertex 6.49964 -6.13513 -0.298049
      vertex 2.08677 -2.17963 -0.0331297
      vertex 6.25528 -6.53364 -0.298049
    endloop
  endfacet
  facet normal 0.111331 -0.0754601 0.990914
    outer loop
      vertex 14.5371 -15.184 -1.61946
      vertex 10.4087 -10.8719 -0.82725
      vertex 13.9342 -16.0735 -1.61946
    endloop
  endfacet
  facet normal 0.120159 -0.0664985 0.990525
    outer loop
      vertex 11.1959 -9.52108 -0.82725
      vertex 10.8153 -10.2088 -0.82725
      vertex 15.105 -14.2579 -1.61946
    endloop
  endfacet
  facet normal 0.0371716 -0.0251954 0.998991
    outer loop
      vertex 2.08677 -2.17963 -0.0331297
      vertex 2.00022 -2.30732 -0.0331297
      vertex 5.99585 -6.91641 -0.298049
    endloop
  endfacet
  facet normal 0.0371727 -0.0251945 0.998991
    outer loop
      vertex 6.25528 -6.53364 -0.298049
      vertex 2.08677 -2.17963 -0.0331297
      vertex 5.99585 -6.91641 -0.298049
    endloop
  endfacet
  facet normal 0.032068 -0.0292091 0.999059
    outer loop
      vertex 1.8129 -2.54574 -0.0331297
      vertex 1.71257 -2.65589 -0.0331297
      vertex 5.43432 -7.63108 -0.298049
    endloop
  endfacet
  facet normal 0.033852 -0.0279374 0.999036
    outer loop
      vertex 5.72198 -7.28252 -0.298049
      vertex 1.90886 -2.42946 -0.0331297
      vertex 5.43432 -7.63108 -0.298049
    endloop
  endfacet
  facet normal 0.0282705 -0.0315397 0.999103
    outer loop
      vertex 4.82046 -8.27227 -0.298049
      vertex 1.49978 -2.85674 -0.0331297
      vertex 4.49573 -8.56334 -0.298049
    endloop
  endfacet
  facet normal 0.0641082 -0.0583941 0.996233
    outer loop
      vertex 5.43432 -7.63108 -0.298049
      vertex 5.13357 -7.96126 -0.298049
      vertex 8.54222 -13.2475 -0.82725
    endloop
  endfacet
  facet normal 0.0320677 -0.0292094 0.999059
    outer loop
      vertex 5.43432 -7.63108 -0.298049
      vertex 1.71257 -2.65589 -0.0331297
      vertex 5.13357 -7.96126 -0.298049
    endloop
  endfacet
  facet normal 0.0905462 -0.0911533 0.991712
    outer loop
      vertex 11.9303 -18.5017 -1.61946
      vertex 11.0137 -18.8 -1.56319
      vertex 11.63 -18.8 -1.61946
    endloop
  endfacet
  facet normal 0.0905427 -0.0911422 0.991713
    outer loop
      vertex 11.0137 -18.8 -1.56319
      vertex 11.9303 -18.5017 -1.61946
      vertex 8.54222 -13.2475 -0.82725
    endloop
  endfacet
  facet normal 0.120606 -0.121414 0.985248
    outer loop
      vertex 11.9303 -18.5017 -1.61946
      vertex 11.63 -18.8 -1.61946
      vertex 12.1226 -18.8 -1.67976
    endloop
  endfacet
  facet normal 0.0847783 -0.0945295 0.991906
    outer loop
      vertex 8.02119 -13.765 -0.82725
      vertex 10.885 -18.8 -1.55186
      vertex 10.9552 -18.8 -1.55786
    endloop
  endfacet
  facet normal 0.0847435 -0.0945494 0.991907
    outer loop
      vertex 10.885 -18.8 -1.55186
      vertex 8.02119 -13.765 -0.82725
      vertex 7.48085 -14.2493 -0.82725
    endloop
  endfacet
  facet normal 0.0847525 -0.0945426 0.991907
    outer loop
      vertex 10.885 -18.8 -1.55186
      vertex 7.48085 -14.2493 -0.82725
      vertex 9.86995 -18.8 -1.46513
    endloop
  endfacet
  facet normal 0.0787489 -0.0977216 0.992093
    outer loop
      vertex 9.70176 -18.8 -1.45178
      vertex 6.92248 -14.6993 -0.82725
      vertex 8.85365 -18.8 -1.38446
    endloop
  endfacet
  facet normal 0.0662152 -0.103346 0.992439
    outer loop
      vertex 7.89549 -18.8 -1.31438
      vertex 6.34744 -15.1139 -0.82725
      vertex 7.30421 -18.8 -1.27493
    endloop
  endfacet
  facet normal 0.0525223 -0.0651709 0.996491
    outer loop
      vertex 7.48085 -14.2493 -0.82725
      vertex 4.16017 -8.83378 -0.298049
      vertex 6.92248 -14.6993 -0.82725
    endloop
  endfacet
  facet normal 0.0483945 -0.067122 0.99657
    outer loop
      vertex 6.92248 -14.6993 -0.82725
      vertex 4.16017 -8.83378 -0.298049
      vertex 6.34744 -15.1139 -0.82725
    endloop
  endfacet
  facet normal 0.0220762 -0.0344596 0.999162
    outer loop
      vertex 3.81459 -9.08294 -0.298049
      vertex 1.1542 -3.1059 -0.0331297
      vertex 3.45982 -9.31022 -0.298049
    endloop
  endfacet
  facet normal 0.0441478 -0.068912 0.996645
    outer loop
      vertex 3.81459 -9.08294 -0.298049
      vertex 3.45982 -9.31022 -0.298049
      vertex 5.7571 -15.4921 -0.82725
    endloop
  endfacet
  facet normal 0.039797 -0.0705348 0.996715
    outer loop
      vertex 5.7571 -15.4921 -0.82725
      vertex 3.45982 -9.31022 -0.298049
      vertex 5.1529 -15.833 -0.82725
    endloop
  endfacet
  facet normal 0.0596841 -0.105794 0.992595
    outer loop
      vertex 5.7571 -15.4921 -0.82725
      vertex 6.62913 -18.8 -1.23225
      vertex 6.98636 -18.8 -1.25373
    endloop
  endfacet
  facet normal 0.0596897 -0.105792 0.992595
    outer loop
      vertex 6.62913 -18.8 -1.23225
      vertex 5.7571 -15.4921 -0.82725
      vertex 5.1529 -15.833 -0.82725
    endloop
  endfacet
  facet normal 0.174562 -0.0690435 0.982222
    outer loop
      vertex 21.7872 -13.1149 -2.67276
      vertex 16.5852 -11.2827 -1.61946
      vertex 21.2553 -14.4597 -2.67276
    endloop
  endfacet
  facet normal 0.21759 -0.086062 0.972239
    outer loop
      vertex 21.7872 -13.1149 -2.67276
      vertex 21.2553 -14.4597 -2.67276
      vertex 25.8742 -17.6019 -3.98463
    endloop
  endfacet
  facet normal 0.0168073 -0.0760368 0.996963
    outer loop
      vertex 1.57869 -10.1011 -0.298049
      vertex 1.18736 -10.1876 -0.298049
      vertex 1.97575 -16.952 -0.82725
    endloop
  endfacet
  facet normal 0.0120278 -0.0765959 0.99699
    outer loop
      vertex 1.97575 -16.952 -0.82725
      vertex 1.18736 -10.1876 -0.298049
      vertex 1.31982 -17.055 -0.82725
    endloop
  endfacet
  facet normal 0.00240559 -0.0771546 0.997016
    outer loop
      vertex 0 -10.299 -0.298049
      vertex 0 -17.1375 -0.82725
      vertex 0.660705 -17.1169 -0.82725
    endloop
  endfacet
  facet normal -0.00240559 -0.0771546 0.997016
    outer loop
      vertex 0 -10.299 -0.298049
      vertex -0.660705 -17.1169 -0.82725
      vertex 0 -17.1375 -0.82725
    endloop
  endfacet
  facet normal -0.00361365 -0.038478 0.999253
    outer loop
      vertex -0.2646 -3.41923 -0.0331297
      vertex -0.793164 -10.2494 -0.298049
      vertex -0.39706 -10.2866 -0.298049
    endloop
  endfacet
  facet normal -0.00722839 -0.0769676 0.997007
    outer loop
      vertex -0.39706 -10.2866 -0.298049
      vertex -0.793164 -10.2494 -0.298049
      vertex -0.660705 -17.1169 -0.82725
    endloop
  endfacet
  facet normal -0.00120456 -0.038571 0.999255
    outer loop
      vertex 0 -3.43577 -0.0331297
      vertex -0.39706 -10.2866 -0.298049
      vertex 0 -10.299 -0.298049
    endloop
  endfacet
  facet normal 0.00120456 -0.038571 0.999255
    outer loop
      vertex 0 -3.43577 -0.0331297
      vertex 0 -10.299 -0.298049
      vertex 0.39706 -10.2866 -0.298049
    endloop
  endfacet
  facet normal 0.00839498 -0.0380142 0.999242
    outer loop
      vertex 0.526652 -3.36975 -0.0331297
      vertex 0.396104 -3.39858 -0.0331297
      vertex 1.57869 -10.1011 -0.298049
    endloop
  endfacet
  facet normal -0.0710721 -0.0531664 0.996053
    outer loop
      vertex -5.72198 -7.28252 -0.298049
      vertex -9.97704 -11.5088 -0.82725
      vertex -9.52132 -12.118 -0.82725
    endloop
  endfacet
  facet normal -0.120164 -0.0664938 0.990525
    outer loop
      vertex -11.1959 -9.52108 -0.82725
      vertex -15.6365 -13.2974 -1.61946
      vertex -15.105 -14.2579 -1.61946
    endloop
  endfacet
  facet normal -0.199445 -0.110376 0.973673
    outer loop
      vertex -20.0394 -17.0417 -2.67276
      vertex -19.917 -18.8 -2.84701
      vertex -19.3582 -18.2726 -2.67276
    endloop
  endfacet
  facet normal -0.199468 -0.110377 0.973668
    outer loop
      vertex -19.917 -18.8 -2.84701
      vertex -20.0394 -17.0417 -2.67276
      vertex -21.2311 -18.8 -3.11622
    endloop
  endfacet
  facet normal -0.19242 -0.117992 0.974193
    outer loop
      vertex -19.3582 -18.2726 -2.67276
      vertex -19.917 -18.8 -2.84701
      vertex -19.0348 -18.8 -2.67276
    endloop
  endfacet
  facet normal -0.0896616 -0.0312285 0.995483
    outer loop
      vertex -7.47613 -3.94127 -0.298049
      vertex -12.4402 -6.55824 -0.82725
      vertex -7.31517 -4.40341 -0.298049
    endloop
  endfacet
  facet normal -0.178616 -0.0622163 0.98195
    outer loop
      vertex -17.3743 -9.1594 -1.61946
      vertex -22.2665 -11.7385 -2.67276
      vertex -17.0002 -10.2334 -1.61946
    endloop
  endfacet
  facet normal -0.0847435 -0.0945494 0.991907
    outer loop
      vertex -8.02119 -13.765 -0.82725
      vertex -10.885 -18.8 -1.55186
      vertex -7.48085 -14.2493 -0.82725
    endloop
  endfacet
  facet normal -0.0847783 -0.0945295 0.991906
    outer loop
      vertex -10.885 -18.8 -1.55186
      vertex -8.02119 -13.765 -0.82725
      vertex -10.9552 -18.8 -1.55786
    endloop
  endfacet
  facet normal -0.0710725 -0.0531661 0.996053
    outer loop
      vertex -5.99585 -6.91641 -0.298049
      vertex -9.97704 -11.5088 -0.82725
      vertex -5.72198 -7.28252 -0.298049
    endloop
  endfacet
  facet normal -0.0438462 -0.0173399 0.998888
    outer loop
      vertex -2.44035 -1.46898 -0.0331297
      vertex -7.1366 -4.85493 -0.298049
      vertex -2.38078 -1.61961 -0.0331297
    endloop
  endfacet
  facet normal -0.0427106 -0.0190106 0.998907
    outer loop
      vertex -2.38078 -1.61961 -0.0331297
      vertex -6.94083 -5.29476 -0.298049
      vertex -2.31547 -1.76634 -0.0331297
    endloop
  endfacet
  facet normal -0.0483598 0.00659533 0.998808
    outer loop
      vertex -2.64766 0.670285 -0.0331297
      vertex -7.93661 2.00924 -0.298049
      vertex -2.67032 0.504132 -0.0331297
    endloop
  endfacet
  facet normal -0.0483602 0.00659387 0.998808
    outer loop
      vertex -7.93661 2.00924 -0.298049
      vertex -8.00452 1.51118 -0.298049
      vertex -2.67032 0.504132 -0.0331297
    endloop
  endfacet
  facet normal 0 0 1
    outer loop
      vertex -2.69953 0 -0.0331297
      vertex 2.69953 0 -0.0331297
      vertex 2.69628 0.168585 -0.0331297
    endloop
  endfacet
  facet normal 0 0 1
    outer loop
      vertex -2.69628 0.168585 -0.0331297
      vertex 2.69628 0.168585 -0.0331297
      vertex 2.68654 0.336764 -0.0331297
    endloop
  endfacet
  facet normal 0 0 1
    outer loop
      vertex 2.69953 0 -0.0331297
      vertex -2.69953 0 -0.0331297
      vertex 2.69628 -0.168585 -0.0331297
    endloop
  endfacet
  facet normal 0 0 1
    outer loop
      vertex -2.68654 0.336764 -0.0331297
      vertex 2.68654 0.336764 -0.0331297
      vertex 2.67032 0.504132 -0.0331297
    endloop
  endfacet
  facet normal 0 -0 1
    outer loop
      vertex -2.69628 -0.168585 -0.0331297
      vertex 2.69628 -0.168585 -0.0331297
      vertex -2.69953 0 -0.0331297
    endloop
  endfacet
  facet normal 0 0 1
    outer loop
      vertex -2.67032 0.504132 -0.0331297
      vertex 2.67032 0.504132 -0.0331297
      vertex 2.64766 0.670285 -0.0331297
    endloop
  endfacet
  facet normal 0 0 1
    outer loop
      vertex 2.69628 -0.168585 -0.0331297
      vertex -2.69628 -0.168585 -0.0331297
      vertex 2.68654 -0.336764 -0.0331297
    endloop
  endfacet
  facet normal 0 0 1
    outer loop
      vertex -2.64766 0.670285 -0.0331297
      vertex 2.64766 0.670285 -0.0331297
      vertex 2.61863 0.834824 -0.0331297
    endloop
  endfacet
  facet normal 0 -0 1
    outer loop
      vertex -2.68654 -0.336764 -0.0331297
      vertex 2.68654 -0.336764 -0.0331297
      vertex -2.69628 -0.168585 -0.0331297
    endloop
  endfacet
  facet normal 0 0 1
    outer loop
      vertex -2.61863 0.834824 -0.0331297
      vertex 2.61863 0.834824 -0.0331297
      vertex 2.58329 0.997352 -0.0331297
    endloop
  endfacet
  facet normal 0 0 1
    outer loop
      vertex 2.68654 -0.336764 -0.0331297
      vertex -2.68654 -0.336764 -0.0331297
      vertex 2.67032 -0.504132 -0.0331297
    endloop
  endfacet
  facet normal 0 0 1
    outer loop
      vertex -2.58329 0.997352 -0.0331297
      vertex 2.58329 0.997352 -0.0331297
      vertex 2.54173 1.15748 -0.0331297
    endloop
  endfacet
  facet normal 0 -0 1
    outer loop
      vertex -2.67032 -0.504132 -0.0331297
      vertex 2.67032 -0.504132 -0.0331297
      vertex -2.68654 -0.336764 -0.0331297
    endloop
  endfacet
  facet normal 0 0 1
    outer loop
      vertex -2.54173 1.15748 -0.0331297
      vertex 2.54173 1.15748 -0.0331297
      vertex 2.49405 1.31481 -0.0331297
    endloop
  endfacet
  facet normal 0 0 1
    outer loop
      vertex 2.67032 -0.504132 -0.0331297
      vertex -2.67032 -0.504132 -0.0331297
      vertex 2.64766 -0.670285 -0.0331297
    endloop
  endfacet
  facet normal 0 0 1
    outer loop
      vertex -2.49405 1.31481 -0.0331297
      vertex 2.49405 1.31481 -0.0331297
      vertex 2.44035 1.46898 -0.0331297
    endloop
  endfacet
  facet normal 0 -0 1
    outer loop
      vertex -2.64766 -0.670285 -0.0331297
      vertex 2.64766 -0.670285 -0.0331297
      vertex -2.67032 -0.504132 -0.0331297
    endloop
  endfacet
  facet normal 0 0 1
    outer loop
      vertex -2.44035 1.46898 -0.0331297
      vertex 2.44035 1.46898 -0.0331297
      vertex 2.38078 1.61961 -0.0331297
    endloop
  endfacet
  facet normal 0 0 1
    outer loop
      vertex 2.64766 -0.670285 -0.0331297
      vertex -2.64766 -0.670285 -0.0331297
      vertex 2.61863 -0.834824 -0.0331297
    endloop
  endfacet
  facet normal 0 0 1
    outer loop
      vertex -2.38078 1.61961 -0.0331297
      vertex 2.38078 1.61961 -0.0331297
      vertex 2.31547 1.76634 -0.0331297
    endloop
  endfacet
  facet normal 0 -0 1
    outer loop
      vertex -2.61863 -0.834824 -0.0331297
      vertex 2.61863 -0.834824 -0.0331297
      vertex -2.64766 -0.670285 -0.0331297
    endloop
  endfacet
  facet normal 0 0 1
    outer loop
      vertex -2.31547 1.76634 -0.0331297
      vertex 2.31547 1.76634 -0.0331297
      vertex 2.24458 1.90881 -0.0331297
    endloop
  endfacet
  facet normal 0 0 1
    outer loop
      vertex 2.61863 -0.834824 -0.0331297
      vertex -2.61863 -0.834824 -0.0331297
      vertex 2.58329 -0.997352 -0.0331297
    endloop
  endfacet
  facet normal 0 0 1
    outer loop
      vertex -2.24458 1.90881 -0.0331297
      vertex 2.24458 1.90881 -0.0331297
      vertex 2.16829 2.04669 -0.0331297
    endloop
  endfacet
  facet normal 0 -0 1
    outer loop
      vertex -2.58329 -0.997352 -0.0331297
      vertex 2.58329 -0.997352 -0.0331297
      vertex -2.61863 -0.834824 -0.0331297
    endloop
  endfacet
  facet normal 0 0 1
    outer loop
      vertex -2.24458 1.90881 -0.0331297
      vertex 2.16829 2.04669 -0.0331297
      vertex 2.08677 2.17963 -0.0331297
    endloop
  endfacet
  facet normal 0 0 1
    outer loop
      vertex 2.58329 -0.997352 -0.0331297
      vertex -2.58329 -0.997352 -0.0331297
      vertex 2.54173 -1.15748 -0.0331297
    endloop
  endfacet
  facet normal 0 0 1
    outer loop
      vertex -2.24458 1.90881 -0.0331297
      vertex 2.08677 2.17963 -0.0331297
      vertex 2.00022 2.30732 -0.0331297
    endloop
  endfacet
  facet normal 0 0 1
    outer loop
      vertex 2.69628 0.168585 -0.0331297
      vertex -2.69628 0.168585 -0.0331297
      vertex -2.69953 0 -0.0331297
    endloop
  endfacet
  facet normal 0 0 1
    outer loop
      vertex -2.24458 1.90881 -0.0331297
      vertex 2.00022 2.30732 -0.0331297
      vertex 1.90886 2.42946 -0.0331297
    endloop
  endfacet
  facet normal 0 -0 1
    outer loop
      vertex -2.54173 -1.15748 -0.0331297
      vertex 2.54173 -1.15748 -0.0331297
      vertex -2.58329 -0.997352 -0.0331297
    endloop
  endfacet
  facet normal 0 0 1
    outer loop
      vertex -2.24458 1.90881 -0.0331297
      vertex 1.90886 2.42946 -0.0331297
      vertex 1.8129 2.54574 -0.0331297
    endloop
  endfacet
  facet normal 0 0 1
    outer loop
      vertex 2.54173 -1.15748 -0.0331297
      vertex -2.54173 -1.15748 -0.0331297
      vertex 2.49405 -1.31481 -0.0331297
    endloop
  endfacet
  facet normal 0 0 1
    outer loop
      vertex -2.24458 1.90881 -0.0331297
      vertex 1.8129 2.54574 -0.0331297
      vertex 1.71257 2.65589 -0.0331297
    endloop
  endfacet
  facet normal 0 -0 1
    outer loop
      vertex -2.49405 -1.31481 -0.0331297
      vertex 2.49405 -1.31481 -0.0331297
      vertex -2.54173 -1.15748 -0.0331297
    endloop
  endfacet
  facet normal 0 0 1
    outer loop
      vertex -2.24458 1.90881 -0.0331297
      vertex 1.71257 2.65589 -0.0331297
      vertex 1.60811 2.75964 -0.0331297
    endloop
  endfacet
  facet normal 0 0 1
    outer loop
      vertex 2.49405 -1.31481 -0.0331297
      vertex -2.49405 -1.31481 -0.0331297
      vertex 2.44035 -1.46898 -0.0331297
    endloop
  endfacet
  facet normal 0 0 1
    outer loop
      vertex -2.24458 1.90881 -0.0331297
      vertex 1.60811 2.75964 -0.0331297
      vertex 1.49978 2.85674 -0.0331297
    endloop
  endfacet
  facet normal 0 -0 1
    outer loop
      vertex -2.44035 -1.46898 -0.0331297
      vertex 2.44035 -1.46898 -0.0331297
      vertex -2.49405 -1.31481 -0.0331297
    endloop
  endfacet
  facet normal 0 0 1
    outer loop
      vertex -2.24458 1.90881 -0.0331297
      vertex 1.49978 2.85674 -0.0331297
      vertex 1.38784 2.94696 -0.0331297
    endloop
  endfacet
  facet normal 0 0 1
    outer loop
      vertex 2.44035 -1.46898 -0.0331297
      vertex -2.44035 -1.46898 -0.0331297
      vertex 2.38078 -1.61961 -0.0331297
    endloop
  endfacet
  facet normal 0 0 1
    outer loop
      vertex -2.24458 1.90881 -0.0331297
      vertex 1.38784 2.94696 -0.0331297
      vertex 1.27255 3.03008 -0.0331297
    endloop
  endfacet
  facet normal 0 -0 1
    outer loop
      vertex -2.38078 -1.61961 -0.0331297
      vertex 2.38078 -1.61961 -0.0331297
      vertex -2.44035 -1.46898 -0.0331297
    endloop
  endfacet
  facet normal 0 0 1
    outer loop
      vertex -2.24458 1.90881 -0.0331297
      vertex 1.27255 3.03008 -0.0331297
      vertex 1.1542 3.1059 -0.0331297
    endloop
  endfacet
  facet normal 0 0 1
    outer loop
      vertex 2.38078 -1.61961 -0.0331297
      vertex -2.38078 -1.61961 -0.0331297
      vertex 2.31547 -1.76634 -0.0331297
    endloop
  endfacet
  facet normal 0 0 1
    outer loop
      vertex -2.24458 1.90881 -0.0331297
      vertex 1.1542 3.1059 -0.0331297
      vertex 1.03307 3.17424 -0.0331297
    endloop
  endfacet
  facet normal 0 -0 1
    outer loop
      vertex -2.31547 -1.76634 -0.0331297
      vertex 2.31547 -1.76634 -0.0331297
      vertex -2.38078 -1.61961 -0.0331297
    endloop
  endfacet
  facet normal 0 0 1
    outer loop
      vertex -2.24458 1.90881 -0.0331297
      vertex 1.03307 3.17424 -0.0331297
      vertex 0.909446 3.23493 -0.0331297
    endloop
  endfacet
  facet normal 0 0 1
    outer loop
      vertex 2.31547 -1.76634 -0.0331297
      vertex -2.31547 -1.76634 -0.0331297
      vertex 2.24458 -1.90881 -0.0331297
    endloop
  endfacet
  facet normal 0 0 1
    outer loop
      vertex -2.24458 1.90881 -0.0331297
      vertex 0.909446 3.23493 -0.0331297
      vertex 0.783633 3.28783 -0.0331297
    endloop
  endfacet
  facet normal 0 -0 1
    outer loop
      vertex -2.24458 -1.90881 -0.0331297
      vertex 2.24458 -1.90881 -0.0331297
      vertex -2.31547 -1.76634 -0.0331297
    endloop
  endfacet
  facet normal 0 0 1
    outer loop
      vertex -2.24458 1.90881 -0.0331297
      vertex 0.783633 3.28783 -0.0331297
      vertex 0.655933 3.33281 -0.0331297
    endloop
  endfacet
  facet normal 0 0 1
    outer loop
      vertex 2.24458 -1.90881 -0.0331297
      vertex -2.24458 -1.90881 -0.0331297
      vertex 2.16829 -2.04669 -0.0331297
    endloop
  endfacet
  facet normal 0 0 1
    outer loop
      vertex -2.24458 1.90881 -0.0331297
      vertex 0.655933 3.33281 -0.0331297
      vertex 0.526652 3.36975 -0.0331297
    endloop
  endfacet
  facet normal 0 0 1
    outer loop
      vertex 2.16829 -2.04669 -0.0331297
      vertex -2.24458 -1.90881 -0.0331297
      vertex 2.08677 -2.17963 -0.0331297
    endloop
  endfacet
  facet normal 0 0 1
    outer loop
      vertex -2.24458 1.90881 -0.0331297
      vertex 0.526652 3.36975 -0.0331297
      vertex 0.396104 3.39858 -0.0331297
    endloop
  endfacet
  facet normal 0 0 1
    outer loop
      vertex 2.08677 -2.17963 -0.0331297
      vertex -2.24458 -1.90881 -0.0331297
      vertex 2.00022 -2.30732 -0.0331297
    endloop
  endfacet
  facet normal 0 0 1
    outer loop
      vertex -2.24458 1.90881 -0.0331297
      vertex 0.396104 3.39858 -0.0331297
      vertex 0.2646 3.41923 -0.0331297
    endloop
  endfacet
  facet normal 0 0 1
    outer loop
      vertex 2.00022 -2.30732 -0.0331297
      vertex -2.24458 -1.90881 -0.0331297
      vertex 1.90886 -2.42946 -0.0331297
    endloop
  endfacet
  facet normal 0 0 1
    outer loop
      vertex -2.24458 1.90881 -0.0331297
      vertex 0.2646 3.41923 -0.0331297
      vertex 0.13246 3.43163 -0.0331297
    endloop
  endfacet
  facet normal 0 0 1
    outer loop
      vertex 1.90886 -2.42946 -0.0331297
      vertex -2.24458 -1.90881 -0.0331297
      vertex 1.8129 -2.54574 -0.0331297
    endloop
  endfacet
  facet normal 0 0 1
    outer loop
      vertex -2.24458 1.90881 -0.0331297
      vertex 0.13246 3.43163 -0.0331297
      vertex 0 3.43577 -0.0331297
    endloop
  endfacet
  facet normal 0 0 1
    outer loop
      vertex 1.8129 -2.54574 -0.0331297
      vertex -2.24458 -1.90881 -0.0331297
      vertex 1.71257 -2.65589 -0.0331297
    endloop
  endfacet
  facet normal 0 0 1
    outer loop
      vertex -2.24458 1.90881 -0.0331297
      vertex 0 3.43577 -0.0331297
      vertex -0.13246 3.43163 -0.0331297
    endloop
  endfacet
  facet normal 0 0 1
    outer loop
      vertex 1.60811 -2.75964 -0.0331297
      vertex -2.24458 -1.90881 -0.0331297
      vertex 1.49978 -2.85674 -0.0331297
    endloop
  endfacet
  facet normal 0 0 1
    outer loop
      vertex -2.24458 1.90881 -0.0331297
      vertex -0.13246 3.43163 -0.0331297
      vertex -0.2646 3.41923 -0.0331297
    endloop
  endfacet
  facet normal 0 0 1
    outer loop
      vertex 1.49978 -2.85674 -0.0331297
      vertex -2.24458 -1.90881 -0.0331297
      vertex 1.38784 -2.94696 -0.0331297
    endloop
  endfacet
  facet normal 0 0 1
    outer loop
      vertex -2.24458 1.90881 -0.0331297
      vertex -0.2646 3.41923 -0.0331297
      vertex -0.396104 3.39858 -0.0331297
    endloop
  endfacet
  facet normal 0 0 1
    outer loop
      vertex 1.38784 -2.94696 -0.0331297
      vertex -2.24458 -1.90881 -0.0331297
      vertex 1.27255 -3.03008 -0.0331297
    endloop
  endfacet
  facet normal 0 0 1
    outer loop
      vertex -2.24458 1.90881 -0.0331297
      vertex -0.396104 3.39858 -0.0331297
      vertex -0.526652 3.36975 -0.0331297
    endloop
  endfacet
  facet normal 0 0 1
    outer loop
      vertex 1.27255 -3.03008 -0.0331297
      vertex -2.24458 -1.90881 -0.0331297
      vertex 1.1542 -3.1059 -0.0331297
    endloop
  endfacet
  facet normal 0 0 1
    outer loop
      vertex -2.24458 1.90881 -0.0331297
      vertex -0.526652 3.36975 -0.0331297
      vertex -0.655933 3.33281 -0.0331297
    endloop
  endfacet
  facet normal 0 0 1
    outer loop
      vertex 1.1542 -3.1059 -0.0331297
      vertex -2.24458 -1.90881 -0.0331297
      vertex 1.03307 -3.17424 -0.0331297
    endloop
  endfacet
  facet normal 0 0 1
    outer loop
      vertex -2.24458 1.90881 -0.0331297
      vertex -0.655933 3.33281 -0.0331297
      vertex -0.783633 3.28783 -0.0331297
    endloop
  endfacet
  facet normal 0 0 1
    outer loop
      vertex 2.68654 0.336764 -0.0331297
      vertex -2.68654 0.336764 -0.0331297
      vertex -2.69628 0.168585 -0.0331297
    endloop
  endfacet
  facet normal 0 0 1
    outer loop
      vertex -2.24458 1.90881 -0.0331297
      vertex -0.783633 3.28783 -0.0331297
      vertex -0.909446 3.23493 -0.0331297
    endloop
  endfacet
  facet normal 0 0 1
    outer loop
      vertex 1.03307 -3.17424 -0.0331297
      vertex -2.24458 -1.90881 -0.0331297
      vertex 0.909446 -3.23493 -0.0331297
    endloop
  endfacet
  facet normal 0 0 1
    outer loop
      vertex -2.24458 1.90881 -0.0331297
      vertex -0.909446 3.23493 -0.0331297
      vertex -1.03307 3.17424 -0.0331297
    endloop
  endfacet
  facet normal 0 0 1
    outer loop
      vertex 0.909446 -3.23493 -0.0331297
      vertex -2.24458 -1.90881 -0.0331297
      vertex 0.783633 -3.28783 -0.0331297
    endloop
  endfacet
  facet normal 0 0 1
    outer loop
      vertex -2.24458 1.90881 -0.0331297
      vertex -1.03307 3.17424 -0.0331297
      vertex -1.1542 3.1059 -0.0331297
    endloop
  endfacet
  facet normal 0 0 1
    outer loop
      vertex 0.655933 -3.33281 -0.0331297
      vertex -2.24458 -1.90881 -0.0331297
      vertex 0.526652 -3.36975 -0.0331297
    endloop
  endfacet
  facet normal 0 0 1
    outer loop
      vertex -2.24458 1.90881 -0.0331297
      vertex -1.1542 3.1059 -0.0331297
      vertex -1.27255 3.03008 -0.0331297
    endloop
  endfacet
  facet normal 0 0 1
    outer loop
      vertex 0.526652 -3.36975 -0.0331297
      vertex -2.24458 -1.90881 -0.0331297
      vertex 0.396104 -3.39858 -0.0331297
    endloop
  endfacet
  facet normal 0 0 1
    outer loop
      vertex -2.24458 1.90881 -0.0331297
      vertex -1.27255 3.03008 -0.0331297
      vertex -1.38784 2.94696 -0.0331297
    endloop
  endfacet
  facet normal 0 0 1
    outer loop
      vertex 0.2646 -3.41923 -0.0331297
      vertex -2.24458 -1.90881 -0.0331297
      vertex 0.13246 -3.43163 -0.0331297
    endloop
  endfacet
  facet normal 0 0 1
    outer loop
      vertex -2.24458 1.90881 -0.0331297
      vertex -1.38784 2.94696 -0.0331297
      vertex -1.49978 2.85674 -0.0331297
    endloop
  endfacet
  facet normal 0 0 1
    outer loop
      vertex 2.67032 0.504132 -0.0331297
      vertex -2.67032 0.504132 -0.0331297
      vertex -2.68654 0.336764 -0.0331297
    endloop
  endfacet
  facet normal 0 0 1
    outer loop
      vertex -2.24458 1.90881 -0.0331297
      vertex -1.49978 2.85674 -0.0331297
      vertex -1.60811 2.75964 -0.0331297
    endloop
  endfacet
  facet normal 0 0 1
    outer loop
      vertex 0.13246 -3.43163 -0.0331297
      vertex -2.24458 -1.90881 -0.0331297
      vertex 0 -3.43577 -0.0331297
    endloop
  endfacet
  facet normal 0 0 1
    outer loop
      vertex -2.24458 1.90881 -0.0331297
      vertex -1.60811 2.75964 -0.0331297
      vertex -1.71257 2.65589 -0.0331297
    endloop
  endfacet
  facet normal 0 0 1
    outer loop
      vertex 0 -3.43577 -0.0331297
      vertex -2.24458 -1.90881 -0.0331297
      vertex -0.13246 -3.43163 -0.0331297
    endloop
  endfacet
  facet normal 0 0 1
    outer loop
      vertex -1.90886 2.42946 -0.0331297
      vertex -1.71257 2.65589 -0.0331297
      vertex -1.8129 2.54574 -0.0331297
    endloop
  endfacet
  facet normal 0 0 1
    outer loop
      vertex -2.00022 2.30732 -0.0331297
      vertex -1.71257 2.65589 -0.0331297
      vertex -1.90886 2.42946 -0.0331297
    endloop
  endfacet
  facet normal 0 0 1
    outer loop
      vertex -2.08677 2.17963 -0.0331297
      vertex -1.71257 2.65589 -0.0331297
      vertex -2.00022 2.30732 -0.0331297
    endloop
  endfacet
  facet normal 0 0 1
    outer loop
      vertex -1.71257 -2.65589 -0.0331297
      vertex -1.90886 -2.42946 -0.0331297
      vertex -1.8129 -2.54574 -0.0331297
    endloop
  endfacet
  facet normal 0 0 1
    outer loop
      vertex -2.16829 2.04669 -0.0331297
      vertex -1.71257 2.65589 -0.0331297
      vertex -2.08677 2.17963 -0.0331297
    endloop
  endfacet
  facet normal 0 0 1
    outer loop
      vertex -1.71257 -2.65589 -0.0331297
      vertex -2.00022 -2.30732 -0.0331297
      vertex -1.90886 -2.42946 -0.0331297
    endloop
  endfacet
  facet normal 0 0 1
    outer loop
      vertex -2.24458 1.90881 -0.0331297
      vertex -1.71257 2.65589 -0.0331297
      vertex -2.16829 2.04669 -0.0331297
    endloop
  endfacet
  facet normal 0 0 1
    outer loop
      vertex -1.71257 -2.65589 -0.0331297
      vertex -2.08677 -2.17963 -0.0331297
      vertex -2.00022 -2.30732 -0.0331297
    endloop
  endfacet
  facet normal 0 0 1
    outer loop
      vertex 2.24458 1.90881 -0.0331297
      vertex -2.24458 1.90881 -0.0331297
      vertex -2.31547 1.76634 -0.0331297
    endloop
  endfacet
  facet normal 0 0 1
    outer loop
      vertex -1.71257 -2.65589 -0.0331297
      vertex -2.16829 -2.04669 -0.0331297
      vertex -2.08677 -2.17963 -0.0331297
    endloop
  endfacet
  facet normal 0 0 1
    outer loop
      vertex 2.31547 1.76634 -0.0331297
      vertex -2.31547 1.76634 -0.0331297
      vertex -2.38078 1.61961 -0.0331297
    endloop
  endfacet
  facet normal 0 0 1
    outer loop
      vertex -1.71257 -2.65589 -0.0331297
      vertex -2.24458 -1.90881 -0.0331297
      vertex -2.16829 -2.04669 -0.0331297
    endloop
  endfacet
  facet normal 0 0 1
    outer loop
      vertex 2.38078 1.61961 -0.0331297
      vertex -2.38078 1.61961 -0.0331297
      vertex -2.44035 1.46898 -0.0331297
    endloop
  endfacet
  facet normal 0 0 1
    outer loop
      vertex -1.60811 -2.75964 -0.0331297
      vertex -2.24458 -1.90881 -0.0331297
      vertex -1.71257 -2.65589 -0.0331297
    endloop
  endfacet
  facet normal 0 0 1
    outer loop
      vertex 2.44035 1.46898 -0.0331297
      vertex -2.44035 1.46898 -0.0331297
      vertex -2.49405 1.31481 -0.0331297
    endloop
  endfacet
  facet normal 0 0 1
    outer loop
      vertex -1.49978 -2.85674 -0.0331297
      vertex -2.24458 -1.90881 -0.0331297
      vertex -1.60811 -2.75964 -0.0331297
    endloop
  endfacet
  facet normal 0 0 1
    outer loop
      vertex 2.49405 1.31481 -0.0331297
      vertex -2.49405 1.31481 -0.0331297
      vertex -2.54173 1.15748 -0.0331297
    endloop
  endfacet
  facet normal 0 0 1
    outer loop
      vertex -1.38784 -2.94696 -0.0331297
      vertex -2.24458 -1.90881 -0.0331297
      vertex -1.49978 -2.85674 -0.0331297
    endloop
  endfacet
  facet normal 0 0 1
    outer loop
      vertex 2.54173 1.15748 -0.0331297
      vertex -2.54173 1.15748 -0.0331297
      vertex -2.58329 0.997352 -0.0331297
    endloop
  endfacet
  facet normal 0 0 1
    outer loop
      vertex -1.27255 -3.03008 -0.0331297
      vertex -2.24458 -1.90881 -0.0331297
      vertex -1.38784 -2.94696 -0.0331297
    endloop
  endfacet
  facet normal 0 0 1
    outer loop
      vertex 2.58329 0.997352 -0.0331297
      vertex -2.58329 0.997352 -0.0331297
      vertex -2.61863 0.834824 -0.0331297
    endloop
  endfacet
  facet normal 0 0 1
    outer loop
      vertex -1.1542 -3.1059 -0.0331297
      vertex -2.24458 -1.90881 -0.0331297
      vertex -1.27255 -3.03008 -0.0331297
    endloop
  endfacet
  facet normal 0 0 1
    outer loop
      vertex 2.61863 0.834824 -0.0331297
      vertex -2.61863 0.834824 -0.0331297
      vertex -2.64766 0.670285 -0.0331297
    endloop
  endfacet
  facet normal 0 0 1
    outer loop
      vertex -1.03307 -3.17424 -0.0331297
      vertex -2.24458 -1.90881 -0.0331297
      vertex -1.1542 -3.1059 -0.0331297
    endloop
  endfacet
  facet normal 0 0 1
    outer loop
      vertex 2.64766 0.670285 -0.0331297
      vertex -2.64766 0.670285 -0.0331297
      vertex -2.67032 0.504132 -0.0331297
    endloop
  endfacet
  facet normal 0 0 1
    outer loop
      vertex -0.909446 -3.23493 -0.0331297
      vertex -2.24458 -1.90881 -0.0331297
      vertex -1.03307 -3.17424 -0.0331297
    endloop
  endfacet
  facet normal 0 0 1
    outer loop
      vertex -0.396104 -3.39858 -0.0331297
      vertex -2.24458 -1.90881 -0.0331297
      vertex -0.526652 -3.36975 -0.0331297
    endloop
  endfacet
  facet normal 0 0 1
    outer loop
      vertex -0.783633 -3.28783 -0.0331297
      vertex -2.24458 -1.90881 -0.0331297
      vertex -0.909446 -3.23493 -0.0331297
    endloop
  endfacet
  facet normal 0 0 1
    outer loop
      vertex -0.526652 -3.36975 -0.0331297
      vertex -2.24458 -1.90881 -0.0331297
      vertex -0.655933 -3.33281 -0.0331297
    endloop
  endfacet
  facet normal 0 0 1
    outer loop
      vertex -0.655933 -3.33281 -0.0331297
      vertex -2.24458 -1.90881 -0.0331297
      vertex -0.783633 -3.28783 -0.0331297
    endloop
  endfacet
  facet normal 0 0 1
    outer loop
      vertex -0.2646 -3.41923 -0.0331297
      vertex -2.24458 -1.90881 -0.0331297
      vertex -0.396104 -3.39858 -0.0331297
    endloop
  endfacet
  facet normal 0 0 1
    outer loop
      vertex -0.13246 -3.43163 -0.0331297
      vertex -2.24458 -1.90881 -0.0331297
      vertex -0.2646 -3.41923 -0.0331297
    endloop
  endfacet
  facet normal 0 0 1
    outer loop
      vertex 0.396104 -3.39858 -0.0331297
      vertex -2.24458 -1.90881 -0.0331297
      vertex 0.2646 -3.41923 -0.0331297
    endloop
  endfacet
  facet normal 0 0 1
    outer loop
      vertex 0.783633 -3.28783 -0.0331297
      vertex -2.24458 -1.90881 -0.0331297
      vertex 0.655933 -3.33281 -0.0331297
    endloop
  endfacet
  facet normal 0 0 1
    outer loop
      vertex 1.71257 -2.65589 -0.0331297
      vertex -2.24458 -1.90881 -0.0331297
      vertex 1.60811 -2.75964 -0.0331297
    endloop
  endfacet
  facet normal -0.0980161 -0.00188829 0.995183
    outer loop
      vertex -8.08235 -0.505349 -0.298049
      vertex -13.4652 0 -0.82725
      vertex -13.449 -0.840897 -0.82725
    endloop
  endfacet
  facet normal -0.0973123 -0.00943058 0.995209
    outer loop
      vertex -8.05314 -1.00948 -0.298049
      vertex -13.4003 -1.67977 -0.82725
      vertex -8.00452 -1.51118 -0.298049
    endloop
  endfacet
  facet normal -0.139426 -0.0361854 0.989571
    outer loop
      vertex -12.6781 -5.77345 -0.82725
      vertex -17.996 -6.94787 -1.61946
      vertex -17.7065 -8.06334 -1.61946
    endloop
  endfacet
  facet normal -0.0457967 -0.013879 0.998854
    outer loop
      vertex -2.54173 -1.15748 -0.0331297
      vertex -7.61907 -3.46964 -0.298049
      vertex -2.49405 -1.31481 -0.0331297
    endloop
  endfacet
  facet normal -0.0466076 -0.0120966 0.99884
    outer loop
      vertex -2.58329 -0.997352 -0.0331297
      vertex -7.61907 -3.46964 -0.298049
      vertex -2.54173 -1.15748 -0.0331297
    endloop
  endfacet
  facet normal -0.056525 -0.0630617 0.996408
    outer loop
      vertex -4.82046 -8.27227 -0.298049
      vertex -7.48085 -14.2493 -0.82725
      vertex -4.49573 -8.56334 -0.298049
    endloop
  endfacet
  facet normal -0.0565224 -0.0630628 0.996408
    outer loop
      vertex -4.82046 -8.27227 -0.298049
      vertex -8.02119 -13.765 -0.82725
      vertex -7.48085 -14.2493 -0.82725
    endloop
  endfacet
  facet normal -0.0853503 -0.0379829 0.995627
    outer loop
      vertex -6.94083 -5.29476 -0.298049
      vertex -11.8752 -8.07856 -0.82725
      vertex -11.5495 -8.81043 -0.82725
    endloop
  endfacet
  facet normal -0.12784 -0.0568919 0.990162
    outer loop
      vertex -11.8752 -8.07856 -0.82725
      vertex -16.5852 -11.2827 -1.61946
      vertex -11.5495 -8.81043 -0.82725
    endloop
  endfacet
  facet normal -0.0905427 -0.0911422 0.991713
    outer loop
      vertex -11.9303 -18.5017 -1.61946
      vertex -11.0137 -18.8 -1.56319
      vertex -8.54222 -13.2475 -0.82725
    endloop
  endfacet
  facet normal -0.0905462 -0.0911533 0.991712
    outer loop
      vertex -11.0137 -18.8 -1.56319
      vertex -11.9303 -18.5017 -1.61946
      vertex -11.63 -18.8 -1.61946
    endloop
  endfacet
  facet normal -0.0961056 -0.0875252 0.991516
    outer loop
      vertex -9.04266 -12.698 -0.82725
      vertex -11.9303 -18.5017 -1.61946
      vertex -8.54222 -13.2475 -0.82725
    endloop
  endfacet
  facet normal -0.035557 -0.0265964 0.999014
    outer loop
      vertex -2.00022 -2.30732 -0.0331297
      vertex -5.99585 -6.91641 -0.298049
      vertex -1.90886 -2.42946 -0.0331297
    endloop
  endfacet
  facet normal -0.0802074 -0.0443886 0.995789
    outer loop
      vertex -6.49964 -6.13513 -0.298049
      vertex -11.1959 -9.52108 -0.82725
      vertex -10.8153 -10.2088 -0.82725
    endloop
  endfacet
  facet normal -0.101425 -0.0837037 0.991316
    outer loop
      vertex -9.52132 -12.118 -0.82725
      vertex -12.6292 -17.7344 -1.61946
      vertex -9.04266 -12.698 -0.82725
    endloop
  endfacet
  facet normal -0.0960963 -0.0875299 0.991516
    outer loop
      vertex -9.04266 -12.698 -0.82725
      vertex -12.6292 -17.7344 -1.61946
      vertex -11.9303 -18.5017 -1.61946
    endloop
  endfacet
  facet normal -0.0302048 -0.0304115 0.999081
    outer loop
      vertex -1.71257 -2.65589 -0.0331297
      vertex -4.82046 -8.27227 -0.298049
      vertex -1.60811 -2.75964 -0.0331297
    endloop
  endfacet
  facet normal -0.0525232 -0.0651704 0.996491
    outer loop
      vertex -4.49573 -8.56334 -0.298049
      vertex -7.48085 -14.2493 -0.82725
      vertex -4.16017 -8.83378 -0.298049
    endloop
  endfacet
  facet normal -0.0108501 -0.115487 0.99325
    outer loop
      vertex -1.31982 -17.055 -0.82725
      vertex -1.45486 -18.8 -1.03162
      vertex -1.21868 -18.8 -1.02904
    endloop
  endfacet
  facet normal -0.0180037 -0.114929 0.993211
    outer loop
      vertex -1.31982 -17.055 -0.82725
      vertex -1.69925 -18.8 -1.03605
      vertex -1.45486 -18.8 -1.03162
    endloop
  endfacet
  facet normal -0.00600336 -0.0382929 0.999249
    outer loop
      vertex -0.2646 -3.41923 -0.0331297
      vertex -1.18736 -10.1876 -0.298049
      vertex -0.793164 -10.2494 -0.298049
    endloop
  endfacet
  facet normal -0.00601291 -0.0382916 0.999249
    outer loop
      vertex -0.396104 -3.39858 -0.0331297
      vertex -1.18736 -10.1876 -0.298049
      vertex -0.2646 -3.41923 -0.0331297
    endloop
  endfacet
  facet normal -0.0154027 -0.0366335 0.99921
    outer loop
      vertex -0.783633 -3.28783 -0.0331297
      vertex -2.72615 -9.697 -0.298049
      vertex -2.34901 -9.85557 -0.298049
    endloop
  endfacet
  facet normal -0.0215113 -0.0752983 0.996929
    outer loop
      vertex -1.96622 -9.99039 -0.298049
      vertex -3.27177 -16.6239 -0.82725
      vertex -1.57869 -10.1011 -0.298049
    endloop
  endfacet
  facet normal -0.0242004 -0.0335666 0.999143
    outer loop
      vertex -1.38784 -2.94696 -0.0331297
      vertex -3.81459 -9.08294 -0.298049
      vertex -1.27255 -3.03008 -0.0331297
    endloop
  endfacet
  facet normal -0.0322847 -0.112962 0.993075
    outer loop
      vertex -3.39789 -18.8 -1.07888
      vertex -2.62692 -16.8082 -0.82725
      vertex -3.27177 -16.6239 -0.82725
    endloop
  endfacet
  facet normal -0.0322765 -0.112965 0.993075
    outer loop
      vertex -2.62692 -16.8082 -0.82725
      vertex -3.39789 -18.8 -1.07888
      vertex -2.93822 -18.8 -1.06394
    endloop
  endfacet
  facet normal 0.417965 -0.0737374 0.905465
    outer loop
      vertex 48.5069 -12.2801 -11.7453
      vertex 43.2406 -13.7852 -9.43693
      vertex 47.9751 -15.2945 -11.7453
    endloop
  endfacet
  facet normal 0.417968 -0.0737481 0.905464
    outer loop
      vertex 43.72 -11.0682 -9.43693
      vertex 43.2406 -13.7852 -9.43693
      vertex 48.5069 -12.2801 -11.7453
    endloop
  endfacet
  facet normal -0.407482 0.105773 0.907067
    outer loop
      vertex -44.3 18.8 -10.4468
      vertex -42.6571 16.4689 -9.43693
      vertex -42.052 18.8 -9.43693
    endloop
  endfacet
  facet normal -0.407539 0.105724 0.907047
    outer loop
      vertex -42.6571 16.4689 -9.43693
      vertex -44.3 18.8 -10.4468
      vertex -44.5597 18.7744 -10.5605
    endloop
  endfacet
  facet normal -0.358438 0.108649 0.927209
    outer loop
      vertex -36.7209 18.8 -7.37079
      vertex -38.7809 18.8 -8.16714
      vertex -37.2743 16.9743 -7.37079
    endloop
  endfacet
  facet normal -0.237277 0.0418509 0.97054
    outer loop
      vertex -23.3789 7.45322 -2.67276
      vertex -28.4592 9.07283 -3.98463
      vertex -23.638 5.98423 -2.67276
    endloop
  endfacet
  facet normal -0.190472 0.0335954 0.981118
    outer loop
      vertex -23.3789 7.45322 -2.67276
      vertex -23.638 5.98423 -2.67276
      vertex -18.2422 5.81565 -1.61946
    endloop
  endfacet
  facet normal -0.154258 0.0945907 0.983492
    outer loop
      vertex -19.3582 18.2726 -2.67276
      vertex -18.1834 18.8 -2.53922
      vertex -19.0348 18.8 -2.67276
    endloop
  endfacet
  facet normal -0.154263 0.0946019 0.98349
    outer loop
      vertex -18.1834 18.8 -2.53922
      vertex -19.3582 18.2726 -2.67276
      vertex -15.105 14.2579 -1.61946
    endloop
  endfacet
  facet normal -0.19242 0.117992 0.974193
    outer loop
      vertex -19.0348 18.8 -2.67276
      vertex -19.917 18.8 -2.84701
      vertex -19.3582 18.2726 -2.67276
    endloop
  endfacet
  facet normal -0.0828786 0.0412355 0.995706
    outer loop
      vertex -6.72834 5.72184 -0.298049
      vertex -11.1959 9.52108 -0.82725
      vertex -6.94083 5.29476 -0.298049
    endloop
  endfacet
  facet normal -0.0802099 0.0443853 0.995789
    outer loop
      vertex -6.49964 6.13513 -0.298049
      vertex -11.1959 9.52108 -0.82725
      vertex -6.72834 5.72184 -0.298049
    endloop
  endfacet
  facet normal -0.0302066 0.0304105 0.999081
    outer loop
      vertex -4.82046 8.27227 -0.298049
      vertex -5.13357 7.96126 -0.298049
      vertex -1.71257 2.65589 -0.0331297
    endloop
  endfacet
  facet normal -0.0603916 0.0607994 0.996321
    outer loop
      vertex -4.82046 8.27227 -0.298049
      vertex -8.54222 13.2475 -0.82725
      vertex -5.13357 7.96126 -0.298049
    endloop
  endfacet
  facet normal -0.056525 0.0630617 0.996408
    outer loop
      vertex -4.49573 8.56334 -0.298049
      vertex -7.48085 14.2493 -0.82725
      vertex -4.82046 8.27227 -0.298049
    endloop
  endfacet
  facet normal -0.0282705 0.0315397 0.999103
    outer loop
      vertex -4.49573 8.56334 -0.298049
      vertex -4.82046 8.27227 -0.298049
      vertex -1.49978 2.85674 -0.0331297
    endloop
  endfacet
  facet normal -0.0242004 0.0335666 0.999143
    outer loop
      vertex -1.27255 3.03008 -0.0331297
      vertex -3.81459 9.08294 -0.298049
      vertex -1.38784 2.94696 -0.0331297
    endloop
  endfacet
  facet normal 0.010839 0.115489 0.99325
    outer loop
      vertex 0.660705 17.1169 -0.82725
      vertex 1.21868 18.8 -1.02904
      vertex 0.725673 18.8 -1.02366
    endloop
  endfacet
  facet normal 0.0108458 0.115487 0.99325
    outer loop
      vertex 1.21868 18.8 -1.02904
      vertex 0.660705 17.1169 -0.82725
      vertex 1.31982 17.055 -0.82725
    endloop
  endfacet
  facet normal 0.00362262 0.11577 0.993269
    outer loop
      vertex 0.226655 18.8 -1.02184
      vertex 0.660705 17.1169 -0.82725
      vertex 0.725673 18.8 -1.02366
    endloop
  endfacet
  facet normal 0.00360947 0.115767 0.99327
    outer loop
      vertex 0.660705 17.1169 -0.82725
      vertex 0.226655 18.8 -1.02184
      vertex 0 17.1375 -0.82725
    endloop
  endfacet
  facet normal -0.0478909 -0.0084495 0.998817
    outer loop
      vertex -2.61863 -0.834824 -0.0331297
      vertex -7.93661 -2.00924 -0.298049
      vertex -7.84959 -2.50246 -0.298049
    endloop
  endfacet
  facet normal -0.0483602 -0.00659387 0.998808
    outer loop
      vertex -2.67032 -0.504132 -0.0331297
      vertex -8.00452 -1.51118 -0.298049
      vertex -7.93661 -2.00924 -0.298049
    endloop
  endfacet
  facet normal -0.137012 -0.0415264 0.989699
    outer loop
      vertex -12.4402 -6.55824 -0.82725
      vertex -17.7065 -8.06334 -1.61946
      vertex -17.3743 -9.1594 -1.61946
    endloop
  endfacet
  facet normal -0.134271 -0.0467698 0.98984
    outer loop
      vertex -12.4402 -6.55824 -0.82725
      vertex -17.3743 -9.1594 -1.61946
      vertex -17.0002 -10.2334 -1.61946
    endloop
  endfacet
  facet normal -0.185431 -0.0481254 0.981478
    outer loop
      vertex -17.996 -6.94787 -1.61946
      vertex -22.6923 -10.3338 -2.67276
      vertex -17.7065 -8.06334 -1.61946
    endloop
  endfacet
  facet normal -0.13701 -0.0415331 0.989699
    outer loop
      vertex -12.6781 -5.77345 -0.82725
      vertex -17.7065 -8.06334 -1.61946
      vertex -12.4402 -6.55824 -0.82725
    endloop
  endfacet
  facet normal -0.0392841 0.111576 0.992979
    outer loop
      vertex -3.70005 18.8 -1.08871
      vertex -4.02966 18.8 -1.10175
      vertex -3.27177 16.6239 -0.82725
    endloop
  endfacet
  facet normal 0.0251948 0.114081 0.993152
    outer loop
      vertex 1.97575 16.952 -0.82725
      vertex 2.66534 18.8 -1.05702
      vertex 2.19113 18.8 -1.04499
    endloop
  endfacet
  facet normal 0.0251931 0.114082 0.993152
    outer loop
      vertex 2.66534 18.8 -1.05702
      vertex 1.97575 16.952 -0.82725
      vertex 2.62692 16.8082 -0.82725
    endloop
  endfacet
  facet normal 0.0120084 0.0765963 0.99699
    outer loop
      vertex 1.31982 17.055 -0.82725
      vertex 0.793164 10.2494 -0.298049
      vertex 1.18736 10.1876 -0.298049
    endloop
  endfacet
  facet normal -0.0251948 0.114081 0.993152
    outer loop
      vertex -2.66534 18.8 -1.05702
      vertex -1.97575 16.952 -0.82725
      vertex -2.19113 18.8 -1.04499
    endloop
  endfacet
  facet normal -0.0251931 0.114082 0.993152
    outer loop
      vertex -1.97575 16.952 -0.82725
      vertex -2.66534 18.8 -1.05702
      vertex -2.62692 16.8082 -0.82725
    endloop
  endfacet
  facet normal -0.0167917 0.0760377 0.996964
    outer loop
      vertex -1.97575 16.952 -0.82725
      vertex -2.62692 16.8082 -0.82725
      vertex -1.57869 10.1011 -0.298049
    endloop
  endfacet
  facet normal -0.0323071 0.11296 0.993074
    outer loop
      vertex -3.39789 18.8 -1.07888
      vertex -3.70005 18.8 -1.08871
      vertex -3.27177 16.6239 -0.82725
    endloop
  endfacet
  facet normal 0.0180518 0.114921 0.993211
    outer loop
      vertex 1.69925 18.8 -1.03605
      vertex 1.97575 16.952 -0.82725
      vertex 2.19113 18.8 -1.04499
    endloop
  endfacet
  facet normal 0.0180458 0.11492 0.993211
    outer loop
      vertex 1.97575 16.952 -0.82725
      vertex 1.69925 18.8 -1.03605
      vertex 1.31982 17.055 -0.82725
    endloop
  endfacet
  facet normal 0.0120278 0.0765959 0.99699
    outer loop
      vertex 1.31982 17.055 -0.82725
      vertex 1.18736 10.1876 -0.298049
      vertex 1.97575 16.952 -0.82725
    endloop
  endfacet
  facet normal -0.00722839 0.0769676 0.997007
    outer loop
      vertex -0.660705 17.1169 -0.82725
      vertex -0.793164 10.2494 -0.298049
      vertex -0.39706 10.2866 -0.298049
    endloop
  endfacet
  facet normal -0.00361365 0.038478 0.999253
    outer loop
      vertex -0.39706 10.2866 -0.298049
      vertex -0.793164 10.2494 -0.298049
      vertex -0.2646 3.41923 -0.0331297
    endloop
  endfacet
  facet normal 0.0461986 0.109916 0.992867
    outer loop
      vertex 3.90873 16.3996 -0.82725
      vertex 4.89951 18.8 -1.13909
      vertex 4.48086 18.8 -1.11961
    endloop
  endfacet
  facet normal 0.0462189 0.109908 0.992867
    outer loop
      vertex 4.89951 18.8 -1.13909
      vertex 3.90873 16.3996 -0.82725
      vertex 4.53628 16.1357 -0.82725
    endloop
  endfacet
  facet normal 0.0393054 0.111573 0.992979
    outer loop
      vertex 4.02966 18.8 -1.10175
      vertex 3.90873 16.3996 -0.82725
      vertex 4.48086 18.8 -1.11961
    endloop
  endfacet
  facet normal 0.0392897 0.111574 0.992979
    outer loop
      vertex 3.90873 16.3996 -0.82725
      vertex 4.02966 18.8 -1.10175
      vertex 3.27177 16.6239 -0.82725
    endloop
  endfacet
  facet normal 0.30295 -0.118399 0.945623
    outer loop
      vertex 31.2315 -18.8 -5.56749
      vertex 31.1921 -18.7763 -5.5519
      vertex 31.2099 -18.8 -5.56057
    endloop
  endfacet
  facet normal 0.315304 -0.0955739 0.944166
    outer loop
      vertex 37.2743 -16.9743 -7.37079
      vertex 35.6614 -18.8 -7.01697
      vertex 36.7209 -18.8 -7.37079
    endloop
  endfacet
  facet normal 0.315289 -0.095559 0.944172
    outer loop
      vertex 35.6614 -18.8 -7.01697
      vertex 37.2743 -16.9743 -7.37079
      vertex 31.8785 -16.8057 -5.5519
    endloop
  endfacet
  facet normal 0.309177 -0.107678 0.944889
    outer loop
      vertex 35.6614 -18.8 -7.01697
      vertex 31.8785 -16.8057 -5.5519
      vertex 33.5243 -18.8 -6.31769
    endloop
  endfacet
  facet normal 0.0787469 0.0977217 0.992093
    outer loop
      vertex 9.70176 18.8 -1.45178
      vertex 7.48085 14.2493 -0.82725
      vertex 9.86995 18.8 -1.46513
    endloop
  endfacet
  facet normal 0.0787532 0.0977187 0.992093
    outer loop
      vertex 7.48085 14.2493 -0.82725
      vertex 9.70176 18.8 -1.45178
      vertex 6.92248 14.6993 -0.82725
    endloop
  endfacet
  facet normal 0.120606 0.121414 0.985248
    outer loop
      vertex 12.1226 18.8 -1.67976
      vertex 11.63 18.8 -1.61946
      vertex 11.9303 18.5017 -1.61946
    endloop
  endfacet
  facet normal 0.0483944 0.067122 0.99657
    outer loop
      vertex 6.34744 15.1139 -0.82725
      vertex 3.81459 9.08294 -0.298049
      vertex 4.16017 8.83378 -0.298049
    endloop
  endfacet
  facet normal 0.0441482 0.0689119 0.996645
    outer loop
      vertex 5.7571 15.4921 -0.82725
      vertex 3.81459 9.08294 -0.298049
      vertex 6.34744 15.1139 -0.82725
    endloop
  endfacet
  facet normal 0.148218 0.100474 0.983838
    outer loop
      vertex 17.7157 18.8 -2.46761
      vertex 14.5371 15.184 -1.61946
      vertex 17.999 18.8 -2.51029
    endloop
  endfacet
  facet normal 0.148226 0.100467 0.983837
    outer loop
      vertex 14.5371 15.184 -1.61946
      vertex 17.7157 18.8 -2.46761
      vertex 13.9342 16.0735 -1.61946
    endloop
  endfacet
  facet normal 0.154297 0.0945787 0.983487
    outer loop
      vertex 17.999 18.8 -2.51029
      vertex 15.105 14.2579 -1.61946
      vertex 18.1834 18.8 -2.53922
    endloop
  endfacet
  facet normal 0.154266 0.0945986 0.98349
    outer loop
      vertex 15.105 14.2579 -1.61946
      vertex 17.999 18.8 -2.51029
      vertex 14.5371 15.184 -1.61946
    endloop
  endfacet
  facet normal 0.017672 -0.0359949 0.999196
    outer loop
      vertex 3.09671 -9.51507 -0.298049
      vertex 1.03307 -3.17424 -0.0331297
      vertex 2.72615 -9.697 -0.298049
    endloop
  endfacet
  facet normal 0.135083 -0.111474 0.984544
    outer loop
      vertex 13.2977 -16.9244 -1.61946
      vertex 13.818 -18.8 -1.90321
      vertex 14.7714 -18.8 -2.03402
    endloop
  endfacet
  facet normal 0.135073 -0.111477 0.984545
    outer loop
      vertex 13.818 -18.8 -1.90321
      vertex 13.2977 -16.9244 -1.61946
      vertex 12.6292 -17.7344 -1.61946
    endloop
  endfacet
  facet normal 0.271477 -0.08228 0.958921
    outer loop
      vertex 32.488 -14.7947 -5.5519
      vertex 27.1052 -14.2893 -3.98463
      vertex 31.8785 -16.8057 -5.5519
    endloop
  endfacet
  facet normal 0.28017 -0.0609188 0.958016
    outer loop
      vertex 33.4709 -10.6706 -5.5519
      vertex 28.0751 -10.8392 -3.98463
      vertex 33.0192 -12.748 -5.5519
    endloop
  endfacet
  facet normal 0.199469 -0.110377 0.973668
    outer loop
      vertex 22.107 -18.8 -3.29566
      vertex 20.0394 -17.0417 -2.67276
      vertex 21.2311 -18.8 -3.11622
    endloop
  endfacet
  facet normal 0.0853472 0.0379884 0.995627
    outer loop
      vertex 11.8752 8.07856 -0.82725
      vertex 6.94083 5.29476 -0.298049
      vertex 7.1366 4.85493 -0.298049
    endloop
  endfacet
  facet normal 0.0876073 0.0346539 0.995552
    outer loop
      vertex 11.8752 8.07856 -0.82725
      vertex 7.1366 4.85493 -0.298049
      vertex 12.1724 7.32722 -0.82725
    endloop
  endfacet
  facet normal 0.0489497 -0.0028349 0.998797
    outer loop
      vertex 2.69628 -0.168585 -0.0331297
      vertex 2.68654 -0.336764 -0.0331297
      vertex 8.05314 -1.00948 -0.298049
    endloop
  endfacet
  facet normal 0.0876073 -0.0346539 0.995552
    outer loop
      vertex 12.1724 -7.32722 -0.82725
      vertex 7.1366 -4.85493 -0.298049
      vertex 11.8752 -8.07856 -0.82725
    endloop
  endfacet
  facet normal 0.0828769 -0.0412373 0.995706
    outer loop
      vertex 11.5495 -8.81043 -0.82725
      vertex 6.94083 -5.29476 -0.298049
      vertex 11.1959 -9.52108 -0.82725
    endloop
  endfacet
  facet normal 0.206039 -0.102459 0.973165
    outer loop
      vertex 20.6722 -15.7697 -2.67276
      vertex 24.2214 -18.8 -3.74324
      vertex 24.6446 -18.8 -3.83284
    endloop
  endfacet
  facet normal 0.206014 -0.102489 0.973167
    outer loop
      vertex 24.2214 -18.8 -3.74324
      vertex 20.6722 -15.7697 -2.67276
      vertex 20.0394 -17.0417 -2.67276
    endloop
  endfacet
  facet normal 0.212013 -0.0944238 0.972695
    outer loop
      vertex 21.2553 -14.4597 -2.67276
      vertex 24.6446 -18.8 -3.83284
      vertex 24.8372 -18.8 -3.87482
    endloop
  endfacet
  facet normal 0.212056 -0.094389 0.972689
    outer loop
      vertex 24.6446 -18.8 -3.83284
      vertex 21.2553 -14.4597 -2.67276
      vertex 20.6722 -15.7697 -2.67276
    endloop
  endfacet
  facet normal 0.0457967 -0.013879 0.998854
    outer loop
      vertex 2.54173 -1.15748 -0.0331297
      vertex 2.49405 -1.31481 -0.0331297
      vertex 7.61907 -3.46964 -0.298049
    endloop
  endfacet
  facet normal 0.0478909 -0.0084495 0.998817
    outer loop
      vertex 7.93661 -2.00924 -0.298049
      vertex 2.61863 -0.834824 -0.0331297
      vertex 7.84959 -2.50246 -0.298049
    endloop
  endfacet
  facet normal 0.0478909 -0.0084495 0.998817
    outer loop
      vertex 2.64766 -0.670285 -0.0331297
      vertex 2.61863 -0.834824 -0.0331297
      vertex 7.93661 -2.00924 -0.298049
    endloop
  endfacet
  facet normal 0.0743005 -0.0503573 0.995964
    outer loop
      vertex 10.4087 -10.8719 -0.82725
      vertex 5.99585 -6.91641 -0.298049
      vertex 9.97704 -11.5088 -0.82725
    endloop
  endfacet
  facet normal 0.0802074 -0.0443886 0.995789
    outer loop
      vertex 11.1959 -9.52108 -0.82725
      vertex 6.49964 -6.13513 -0.298049
      vertex 10.8153 -10.2088 -0.82725
    endloop
  endfacet
  facet normal 0.115888 -0.0710604 0.990717
    outer loop
      vertex 10.8153 -10.2088 -0.82725
      vertex 10.4087 -10.8719 -0.82725
      vertex 15.105 -14.2579 -1.61946
    endloop
  endfacet
  facet normal 0.0773485 -0.0474286 0.995875
    outer loop
      vertex 10.8153 -10.2088 -0.82725
      vertex 6.49964 -6.13513 -0.298049
      vertex 10.4087 -10.8719 -0.82725
    endloop
  endfacet
  facet normal 0.0338528 -0.027937 0.999036
    outer loop
      vertex 1.90886 -2.42946 -0.0331297
      vertex 1.8129 -2.54574 -0.0331297
      vertex 5.43432 -7.63108 -0.298049
    endloop
  endfacet
  facet normal 0.0282703 -0.0315399 0.999103
    outer loop
      vertex 1.60811 -2.75964 -0.0331297
      vertex 1.49978 -2.85674 -0.0331297
      vertex 4.82046 -8.27227 -0.298049
    endloop
  endfacet
  facet normal 0.0302048 -0.0304115 0.999081
    outer loop
      vertex 1.71257 -2.65589 -0.0331297
      vertex 1.60811 -2.75964 -0.0331297
      vertex 4.82046 -8.27227 -0.298049
    endloop
  endfacet
  facet normal 0.0787469 -0.0977217 0.992093
    outer loop
      vertex 7.48085 -14.2493 -0.82725
      vertex 9.70176 -18.8 -1.45178
      vertex 9.86995 -18.8 -1.46513
    endloop
  endfacet
  facet normal 0.0787532 -0.0977187 0.992093
    outer loop
      vertex 9.70176 -18.8 -1.45178
      vertex 7.48085 -14.2493 -0.82725
      vertex 6.92248 -14.6993 -0.82725
    endloop
  endfacet
  facet normal 0.135066 -0.111485 0.984545
    outer loop
      vertex 13.818 -18.8 -1.90321
      vertex 12.6292 -17.7344 -1.61946
      vertex 13.388 -18.8 -1.84422
    endloop
  endfacet
  facet normal 0.101423 -0.083705 0.991316
    outer loop
      vertex 13.2977 -16.9244 -1.61946
      vertex 9.52132 -12.118 -0.82725
      vertex 12.6292 -17.7344 -1.61946
    endloop
  endfacet
  facet normal 0.0242004 -0.0335666 0.999143
    outer loop
      vertex 1.38784 -2.94696 -0.0331297
      vertex 1.27255 -3.03008 -0.0331297
      vertex 3.81459 -9.08294 -0.298049
    endloop
  endfacet
  facet normal 0.0130972 -0.0371835 0.999223
    outer loop
      vertex 0.783633 -3.28783 -0.0331297
      vertex 0.655933 -3.33281 -0.0331297
      vertex 1.96622 -9.99039 -0.298049
    endloop
  endfacet
  facet normal -0.101423 -0.083705 0.991316
    outer loop
      vertex -9.52132 -12.118 -0.82725
      vertex -13.2977 -16.9244 -1.61946
      vertex -12.6292 -17.7344 -1.61946
    endloop
  endfacet
  facet normal -0.106511 -0.0796737 0.991114
    outer loop
      vertex -9.52132 -12.118 -0.82725
      vertex -13.9342 -16.0735 -1.61946
      vertex -13.2977 -16.9244 -1.61946
    endloop
  endfacet
  facet normal -0.111331 -0.0754601 0.990914
    outer loop
      vertex -10.4087 -10.8719 -0.82725
      vertex -14.5371 -15.184 -1.61946
      vertex -13.9342 -16.0735 -1.61946
    endloop
  endfacet
  facet normal -0.115888 -0.0710604 0.990717
    outer loop
      vertex -10.8153 -10.2088 -0.82725
      vertex -15.105 -14.2579 -1.61946
      vertex -10.4087 -10.8719 -0.82725
    endloop
  endfacet
  facet normal -0.0641147 -0.0583905 0.996233
    outer loop
      vertex -5.43432 -7.63108 -0.298049
      vertex -9.04266 -12.698 -0.82725
      vertex -8.54222 -13.2475 -0.82725
    endloop
  endfacet
  facet normal -0.033852 -0.0279374 0.999036
    outer loop
      vertex -1.90886 -2.42946 -0.0331297
      vertex -5.72198 -7.28252 -0.298049
      vertex -5.43432 -7.63108 -0.298049
    endloop
  endfacet
  facet normal -0.0448742 -0.0156304 0.99887
    outer loop
      vertex -2.49405 -1.31481 -0.0331297
      vertex -7.31517 -4.40341 -0.298049
      vertex -2.44035 -1.46898 -0.0331297
    endloop
  endfacet
  facet normal -0.0438458 -0.0173404 0.998888
    outer loop
      vertex -2.44035 -1.46898 -0.0331297
      vertex -7.31517 -4.40341 -0.298049
      vertex -7.1366 -4.85493 -0.298049
    endloop
  endfacet
  facet normal -0.0853472 -0.0379884 0.995627
    outer loop
      vertex -7.1366 -4.85493 -0.298049
      vertex -11.8752 -8.07856 -0.82725
      vertex -6.94083 -5.29476 -0.298049
    endloop
  endfacet
  facet normal -0.0427106 -0.0190107 0.998907
    outer loop
      vertex -2.38078 -1.61961 -0.0331297
      vertex -7.1366 -4.85493 -0.298049
      vertex -6.94083 -5.29476 -0.298049
    endloop
  endfacet
  facet normal -0.0489497 0.0028349 0.998797
    outer loop
      vertex -2.68654 0.336764 -0.0331297
      vertex -8.05314 1.00948 -0.298049
      vertex -2.69628 0.168585 -0.0331297
    endloop
  endfacet
  facet normal -0.0490676 0.00094669 0.998795
    outer loop
      vertex -8.08235 0.505349 -0.298049
      vertex -8.0921 0 -0.298049
      vertex -2.69628 0.168585 -0.0331297
    endloop
  endfacet
  facet normal -0.0980164 0.00189109 0.995183
    outer loop
      vertex -8.08235 0.505349 -0.298049
      vertex -13.4652 0 -0.82725
      vertex -8.0921 0 -0.298049
    endloop
  endfacet
  facet normal -0.0980164 -0.00189109 0.995183
    outer loop
      vertex -8.0921 0 -0.298049
      vertex -13.4652 0 -0.82725
      vertex -8.08235 -0.505349 -0.298049
    endloop
  endfacet
  facet normal -0.0473059 -0.0102862 0.998827
    outer loop
      vertex -2.61863 -0.834824 -0.0331297
      vertex -7.84959 -2.50246 -0.298049
      vertex -2.58329 -0.997352 -0.0331297
    endloop
  endfacet
  facet normal -0.047306 -0.0102858 0.998827
    outer loop
      vertex -2.58329 -0.997352 -0.0331297
      vertex -7.84959 -2.50246 -0.298049
      vertex -7.74366 -2.98965 -0.298049
    endloop
  endfacet
  facet normal -0.0353438 -0.0719892 0.996779
    outer loop
      vertex -3.09671 -9.51507 -0.298049
      vertex -5.1529 -15.833 -0.82725
      vertex -2.72615 -9.697 -0.298049
    endloop
  endfacet
  facet normal -0.0596897 -0.105792 0.992595
    outer loop
      vertex -5.7571 -15.4921 -0.82725
      vertex -6.62913 -18.8 -1.23225
      vertex -5.1529 -15.833 -0.82725
    endloop
  endfacet
  facet normal -0.0596841 -0.105794 0.992595
    outer loop
      vertex -6.62913 -18.8 -1.23225
      vertex -5.7571 -15.4921 -0.82725
      vertex -6.98636 -18.8 -1.25373
    endloop
  endfacet
  facet normal -0.0787532 -0.0977187 0.992093
    outer loop
      vertex -7.48085 -14.2493 -0.82725
      vertex -9.70176 -18.8 -1.45178
      vertex -6.92248 -14.6993 -0.82725
    endloop
  endfacet
  facet normal -0.0787469 -0.0977217 0.992093
    outer loop
      vertex -9.70176 -18.8 -1.45178
      vertex -7.48085 -14.2493 -0.82725
      vertex -9.86995 -18.8 -1.46513
    endloop
  endfacet
  facet normal -0.0525223 -0.0651709 0.996491
    outer loop
      vertex -4.16017 -8.83378 -0.298049
      vertex -7.48085 -14.2493 -0.82725
      vertex -6.92248 -14.6993 -0.82725
    endloop
  endfacet
  facet normal -0.0371727 -0.0251945 0.998991
    outer loop
      vertex -2.08677 -2.17963 -0.0331297
      vertex -6.25528 -6.53364 -0.298049
      vertex -5.99585 -6.91641 -0.298049
    endloop
  endfacet
  facet normal -0.0828769 -0.0412373 0.995706
    outer loop
      vertex -6.94083 -5.29476 -0.298049
      vertex -11.5495 -8.81043 -0.82725
      vertex -11.1959 -9.52108 -0.82725
    endloop
  endfacet
  facet normal -0.127992 -0.116582 0.984899
    outer loop
      vertex -12.6292 -17.7344 -1.61946
      vertex -12.1226 -18.8 -1.67976
      vertex -11.9303 -18.5017 -1.61946
    endloop
  endfacet
  facet normal -0.128 -0.116586 0.984898
    outer loop
      vertex -12.1226 -18.8 -1.67976
      vertex -12.6292 -17.7344 -1.61946
      vertex -13.1035 -18.8 -1.80724
    endloop
  endfacet
  facet normal -0.120606 -0.121414 0.985248
    outer loop
      vertex -11.9303 -18.5017 -1.61946
      vertex -12.1226 -18.8 -1.67976
      vertex -11.63 -18.8 -1.61946
    endloop
  endfacet
  facet normal -0.0387005 -0.0237305 0.998969
    outer loop
      vertex -2.08677 -2.17963 -0.0331297
      vertex -6.49964 -6.13513 -0.298049
      vertex -6.25528 -6.53364 -0.298049
    endloop
  endfacet
  facet normal -0.0401365 -0.0222078 0.998947
    outer loop
      vertex -2.24458 -1.90881 -0.0331297
      vertex -6.49964 -6.13513 -0.298049
      vertex -2.16829 -2.04669 -0.0331297
    endloop
  endfacet
  facet normal -0.0371716 -0.0251954 0.998991
    outer loop
      vertex -2.08677 -2.17963 -0.0331297
      vertex -5.99585 -6.91641 -0.298049
      vertex -2.00022 -2.30732 -0.0331297
    endloop
  endfacet
  facet normal -0.0320677 -0.0292094 0.999059
    outer loop
      vertex -1.71257 -2.65589 -0.0331297
      vertex -5.43432 -7.63108 -0.298049
      vertex -5.13357 -7.96126 -0.298049
    endloop
  endfacet
  facet normal -0.0641082 -0.0583941 0.996233
    outer loop
      vertex -5.43432 -7.63108 -0.298049
      vertex -8.54222 -13.2475 -0.82725
      vertex -5.13357 -7.96126 -0.298049
    endloop
  endfacet
  facet normal -0.0262681 -0.032592 0.999123
    outer loop
      vertex -1.49978 -2.85674 -0.0331297
      vertex -4.16017 -8.83378 -0.298049
      vertex -1.38784 -2.94696 -0.0331297
    endloop
  endfacet
  facet normal -0.00722832 -0.0769676 0.997007
    outer loop
      vertex -0.793164 -10.2494 -0.298049
      vertex -1.31982 -17.055 -0.82725
      vertex -0.660705 -17.1169 -0.82725
    endloop
  endfacet
  facet normal -0.0120084 -0.0765963 0.99699
    outer loop
      vertex -1.18736 -10.1876 -0.298049
      vertex -1.31982 -17.055 -0.82725
      vertex -0.793164 -10.2494 -0.298049
    endloop
  endfacet
  facet normal -0.0084024 -0.0380129 0.999242
    outer loop
      vertex -0.396104 -3.39858 -0.0331297
      vertex -1.57869 -10.1011 -0.298049
      vertex -1.18736 -10.1876 -0.298049
    endloop
  endfacet
  facet normal -0.0168073 -0.0760368 0.996963
    outer loop
      vertex -1.57869 -10.1011 -0.298049
      vertex -1.97575 -16.952 -0.82725
      vertex -1.18736 -10.1876 -0.298049
    endloop
  endfacet
  facet normal -0.0251855 -0.114082 0.993152
    outer loop
      vertex -2.62692 -16.8082 -0.82725
      vertex -2.93822 -18.8 -1.06394
      vertex -2.66534 -18.8 -1.05702
    endloop
  endfacet
  facet normal -0.0251931 -0.114082 0.993152
    outer loop
      vertex -2.66534 -18.8 -1.05702
      vertex -1.97575 -16.952 -0.82725
      vertex -2.62692 -16.8082 -0.82725
    endloop
  endfacet
  facet normal -0.0251948 -0.114081 0.993152
    outer loop
      vertex -1.97575 -16.952 -0.82725
      vertex -2.66534 -18.8 -1.05702
      vertex -2.19113 -18.8 -1.04499
    endloop
  endfacet
  facet normal -0.0107564 -0.0376448 0.999233
    outer loop
      vertex -0.655933 -3.33281 -0.0331297
      vertex -1.57869 -10.1011 -0.298049
      vertex -0.526652 -3.36975 -0.0331297
    endloop
  endfacet
  facet normal -0.00839498 -0.0380142 0.999242
    outer loop
      vertex -0.526652 -3.36975 -0.0331297
      vertex -1.57869 -10.1011 -0.298049
      vertex -0.396104 -3.39858 -0.0331297
    endloop
  endfacet
  facet normal -0.00361078 -0.0384781 0.999253
    outer loop
      vertex -0.2646 -3.41923 -0.0331297
      vertex -0.39706 -10.2866 -0.298049
      vertex -0.13246 -3.43163 -0.0331297
    endloop
  endfacet
  facet normal -0.0308112 -0.0732686 0.996836
    outer loop
      vertex -2.72615 -9.697 -0.298049
      vertex -4.53628 -16.1357 -0.82725
      vertex -3.90873 -16.3996 -0.82725
    endloop
  endfacet
  facet normal -0.0261945 -0.0743732 0.996886
    outer loop
      vertex -2.34901 -9.85557 -0.298049
      vertex -3.27177 -16.6239 -0.82725
      vertex -1.96622 -9.99039 -0.298049
    endloop
  endfacet
  facet normal 0.369656 -0.0803719 0.925686
    outer loop
      vertex 43.2406 -13.7852 -9.43693
      vertex 38.402 -12.2426 -7.37079
      vertex 42.6571 -16.4689 -9.43693
    endloop
  endfacet
  facet normal 0.413192 -0.0898377 0.906202
    outer loop
      vertex 43.2406 -13.7852 -9.43693
      vertex 42.6571 -16.4689 -9.43693
      vertex 47.9751 -15.2945 -11.7453
    endloop
  endfacet
  facet normal -0.364503 0.0946165 0.926383
    outer loop
      vertex -42.6571 16.4689 -9.43693
      vertex -41.2834 18.8 -9.13451
      vertex -42.052 18.8 -9.43693
    endloop
  endfacet
  facet normal -0.364471 0.0945961 0.926397
    outer loop
      vertex -41.2834 18.8 -9.13451
      vertex -42.6571 16.4689 -9.43693
      vertex -37.2743 16.9743 -7.37079
    endloop
  endfacet
  facet normal -0.358425 0.108662 0.927213
    outer loop
      vertex -38.7809 18.8 -8.16714
      vertex -41.2834 18.8 -9.13451
      vertex -37.2743 16.9743 -7.37079
    endloop
  endfacet
  facet normal -0.120159 0.0664985 0.990525
    outer loop
      vertex -10.8153 10.2088 -0.82725
      vertex -15.105 14.2579 -1.61946
      vertex -11.1959 9.52108 -0.82725
    endloop
  endfacet
  facet normal -0.0802074 0.0443886 0.995789
    outer loop
      vertex -10.8153 10.2088 -0.82725
      vertex -11.1959 9.52108 -0.82725
      vertex -6.49964 6.13513 -0.298049
    endloop
  endfacet
  facet normal -0.0487135 -0.00472093 0.998802
    outer loop
      vertex -2.68654 -0.336764 -0.0331297
      vertex -8.05314 -1.00948 -0.298049
      vertex -2.67032 -0.504132 -0.0331297
    endloop
  endfacet
  facet normal -0.0487135 -0.00472085 0.998802
    outer loop
      vertex -2.67032 -0.504132 -0.0331297
      vertex -8.05314 -1.00948 -0.298049
      vertex -8.00452 -1.51118 -0.298049
    endloop
  endfacet
  facet normal -0.0896629 -0.0312254 0.995483
    outer loop
      vertex -7.31517 -4.40341 -0.298049
      vertex -12.4402 -6.55824 -0.82725
      vertex -12.1724 -7.32722 -0.82725
    endloop
  endfacet
  facet normal -0.134277 -0.0467624 0.98984
    outer loop
      vertex -12.4402 -6.55824 -0.82725
      vertex -17.0002 -10.2334 -1.61946
      vertex -12.1724 -7.32722 -0.82725
    endloop
  endfacet
  facet normal -0.0914956 -0.0277358 0.995419
    outer loop
      vertex -7.61907 -3.46964 -0.298049
      vertex -12.6781 -5.77345 -0.82725
      vertex -12.4402 -6.55824 -0.82725
    endloop
  endfacet
  facet normal -0.141502 -0.0307552 0.98946
    outer loop
      vertex -13.0616 -4.16407 -0.82725
      vertex -18.2422 -5.81565 -1.61946
      vertex -12.8854 -4.97475 -0.82725
    endloop
  endfacet
  facet normal -0.0787489 0.0977216 0.992093
    outer loop
      vertex -8.85365 18.8 -1.38446
      vertex -9.70176 18.8 -1.45178
      vertex -6.92248 14.6993 -0.82725
    endloop
  endfacet
  facet normal -0.0725693 0.100656 0.992271
    outer loop
      vertex -8.16533 18.8 -1.33412
      vertex -8.85365 18.8 -1.38446
      vertex -6.92248 14.6993 -0.82725
    endloop
  endfacet
  facet normal 0.0167917 0.0760377 0.996964
    outer loop
      vertex 1.97575 16.952 -0.82725
      vertex 1.57869 10.1011 -0.298049
      vertex 2.62692 16.8082 -0.82725
    endloop
  endfacet
  facet normal 0.0168073 0.0760368 0.996963
    outer loop
      vertex 1.97575 16.952 -0.82725
      vertex 1.18736 10.1876 -0.298049
      vertex 1.57869 10.1011 -0.298049
    endloop
  endfacet
  facet normal 0.309167 -0.107688 0.944891
    outer loop
      vertex 31.8785 -16.8057 -5.5519
      vertex 31.2315 -18.8 -5.56749
      vertex 33.5243 -18.8 -6.31769
    endloop
  endfacet
  facet normal 0.309119 -0.107672 0.944909
    outer loop
      vertex 31.2315 -18.8 -5.56749
      vertex 31.8785 -16.8057 -5.5519
      vertex 31.1921 -18.7763 -5.5519
    endloop
  endfacet
  facet normal 0.217601 -0.0860515 0.972237
    outer loop
      vertex 26.5216 -15.9648 -3.98463
      vertex 21.7872 -13.1149 -2.67276
      vertex 25.8742 -17.6019 -3.98463
    endloop
  endfacet
  facet normal 0.260232 -0.102116 0.960131
    outer loop
      vertex 31.1921 -18.7763 -5.5519
      vertex 27.6354 -18.8 -4.59042
      vertex 31.1828 -18.8 -5.5519
    endloop
  endfacet
  facet normal 0.260216 -0.102911 0.960051
    outer loop
      vertex 27.6354 -18.8 -4.59042
      vertex 31.1921 -18.7763 -5.5519
      vertex 25.8742 -17.6019 -3.98463
    endloop
  endfacet
  facet normal 0.0802074 0.0443886 0.995789
    outer loop
      vertex 10.8153 10.2088 -0.82725
      vertex 6.49964 6.13513 -0.298049
      vertex 11.1959 9.52108 -0.82725
    endloop
  endfacet
  facet normal 0.0787489 0.0977216 0.992093
    outer loop
      vertex 8.85365 18.8 -1.38446
      vertex 6.92248 14.6993 -0.82725
      vertex 9.70176 18.8 -1.45178
    endloop
  endfacet
  facet normal 0.199468 0.110377 0.973668
    outer loop
      vertex 19.917 18.8 -2.84701
      vertex 20.0394 17.0417 -2.67276
      vertex 21.2311 18.8 -3.11622
    endloop
  endfacet
  facet normal 0.199445 0.110376 0.973673
    outer loop
      vertex 20.0394 17.0417 -2.67276
      vertex 19.917 18.8 -2.84701
      vertex 19.3582 18.2726 -2.67276
    endloop
  endfacet
  facet normal 0.19242 0.117992 0.974193
    outer loop
      vertex 19.917 18.8 -2.84701
      vertex 19.0348 18.8 -2.67276
      vertex 19.3582 18.2726 -2.67276
    endloop
  endfacet
  facet normal 0.0154031 -0.0366333 0.99921
    outer loop
      vertex 0.909446 -3.23493 -0.0331297
      vertex 0.783633 -3.28783 -0.0331297
      vertex 2.72615 -9.697 -0.298049
    endloop
  endfacet
  facet normal 0.0176709 -0.0359952 0.999196
    outer loop
      vertex 1.03307 -3.17424 -0.0331297
      vertex 0.909446 -3.23493 -0.0331297
      vertex 2.72615 -9.697 -0.298049
    endloop
  endfacet
  facet normal 0.231041 -0.0599598 0.971095
    outer loop
      vertex 23.0633 -8.90424 -2.67276
      vertex 22.6923 -10.3338 -2.67276
      vertex 28.0751 -10.8392 -3.98463
    endloop
  endfacet
  facet normal 0.276147 -0.0716788 0.958439
    outer loop
      vertex 28.0751 -10.8392 -3.98463
      vertex 27.6234 -12.5794 -3.98463
      vertex 32.488 -14.7947 -5.5519
    endloop
  endfacet
  facet normal 0.260217 -0.102904 0.960051
    outer loop
      vertex 26.5216 -15.9648 -3.98463
      vertex 25.8742 -17.6019 -3.98463
      vertex 31.1921 -18.7763 -5.5519
    endloop
  endfacet
  facet normal 0.266158 -0.0927065 0.959461
    outer loop
      vertex 27.1052 -14.2893 -3.98463
      vertex 26.5216 -15.9648 -3.98463
      vertex 31.1921 -18.7763 -5.5519
    endloop
  endfacet
  facet normal 0.0853472 -0.0379884 0.995627
    outer loop
      vertex 7.1366 -4.85493 -0.298049
      vertex 6.94083 -5.29476 -0.298049
      vertex 11.8752 -8.07856 -0.82725
    endloop
  endfacet
  facet normal 0.0853503 -0.0379829 0.995627
    outer loop
      vertex 11.8752 -8.07856 -0.82725
      vertex 6.94083 -5.29476 -0.298049
      vertex 11.5495 -8.81043 -0.82725
    endloop
  endfacet
  facet normal 0.0466076 -0.0120966 0.99884
    outer loop
      vertex 2.58329 -0.997352 -0.0331297
      vertex 2.54173 -1.15748 -0.0331297
      vertex 7.61907 -3.46964 -0.298049
    endloop
  endfacet
  facet normal 0.0483598 -0.00659533 0.998808
    outer loop
      vertex 2.67032 -0.504132 -0.0331297
      vertex 2.64766 -0.670285 -0.0331297
      vertex 7.93661 -2.00924 -0.298049
    endloop
  endfacet
  facet normal 0.0107564 -0.0376448 0.999233
    outer loop
      vertex 0.655933 -3.33281 -0.0331297
      vertex 0.526652 -3.36975 -0.0331297
      vertex 1.57869 -10.1011 -0.298049
    endloop
  endfacet
  facet normal -0.0743005 -0.0503573 0.995964
    outer loop
      vertex -5.99585 -6.91641 -0.298049
      vertex -10.4087 -10.8719 -0.82725
      vertex -9.97704 -11.5088 -0.82725
    endloop
  endfacet
  facet normal -0.111335 -0.0754576 0.990914
    outer loop
      vertex -10.4087 -10.8719 -0.82725
      vertex -13.9342 -16.0735 -1.61946
      vertex -9.97704 -11.5088 -0.82725
    endloop
  endfacet
  facet normal -0.154263 -0.0946019 0.98349
    outer loop
      vertex -19.3582 -18.2726 -2.67276
      vertex -18.1834 -18.8 -2.53922
      vertex -15.105 -14.2579 -1.61946
    endloop
  endfacet
  facet normal -0.154258 -0.0945907 0.983492
    outer loop
      vertex -18.1834 -18.8 -2.53922
      vertex -19.3582 -18.2726 -2.67276
      vertex -19.0348 -18.8 -2.67276
    endloop
  endfacet
  facet normal -0.115886 -0.0710633 0.990717
    outer loop
      vertex -10.4087 -10.8719 -0.82725
      vertex -15.105 -14.2579 -1.61946
      vertex -14.5371 -15.184 -1.61946
    endloop
  endfacet
  facet normal -0.0490675 0.000945929 0.998795
    outer loop
      vertex -2.69628 0.168585 -0.0331297
      vertex -8.0921 0 -0.298049
      vertex -2.69953 0 -0.0331297
    endloop
  endfacet
  facet normal -0.0490675 -0.000945929 0.998795
    outer loop
      vertex -2.69953 0 -0.0331297
      vertex -8.0921 0 -0.298049
      vertex -2.69628 -0.168585 -0.0331297
    endloop
  endfacet
  facet normal -0.017672 -0.0359949 0.999196
    outer loop
      vertex -1.03307 -3.17424 -0.0331297
      vertex -3.09671 -9.51507 -0.298049
      vertex -2.72615 -9.697 -0.298049
    endloop
  endfacet
  facet normal -0.0441482 -0.0689119 0.996645
    outer loop
      vertex -3.81459 -9.08294 -0.298049
      vertex -6.34744 -15.1139 -0.82725
      vertex -5.7571 -15.4921 -0.82725
    endloop
  endfacet
  facet normal -0.0462189 -0.109908 0.992867
    outer loop
      vertex -4.89951 -18.8 -1.13909
      vertex -3.90873 -16.3996 -0.82725
      vertex -4.53628 -16.1357 -0.82725
    endloop
  endfacet
  facet normal -0.0461986 -0.109916 0.992867
    outer loop
      vertex -3.90873 -16.3996 -0.82725
      vertex -4.89951 -18.8 -1.13909
      vertex -4.48086 -18.8 -1.11961
    endloop
  endfacet
  facet normal -0.0353403 -0.0719906 0.996779
    outer loop
      vertex -2.72615 -9.697 -0.298049
      vertex -5.1529 -15.833 -0.82725
      vertex -4.53628 -16.1357 -0.82725
    endloop
  endfacet
  facet normal -0.0198976 -0.0352699 0.99918
    outer loop
      vertex -1.1542 -3.1059 -0.0331297
      vertex -3.45982 -9.31022 -0.298049
      vertex -3.09671 -9.51507 -0.298049
    endloop
  endfacet
  facet normal -0.0220762 -0.0344596 0.999162
    outer loop
      vertex -1.1542 -3.1059 -0.0331297
      vertex -3.81459 -9.08294 -0.298049
      vertex -3.45982 -9.31022 -0.298049
    endloop
  endfacet
  facet normal -0.0725693 -0.100656 0.992271
    outer loop
      vertex -6.92248 -14.6993 -0.82725
      vertex -8.85365 -18.8 -1.38446
      vertex -8.16533 -18.8 -1.33412
    endloop
  endfacet
  facet normal -0.072571 -0.100654 0.992271
    outer loop
      vertex -6.92248 -14.6993 -0.82725
      vertex -7.89549 -18.8 -1.31438
      vertex -6.34744 -15.1139 -0.82725
    endloop
  endfacet
  facet normal -0.072589 -0.10065 0.99227
    outer loop
      vertex -7.89549 -18.8 -1.31438
      vertex -6.92248 -14.6993 -0.82725
      vertex -8.16533 -18.8 -1.33412
    endloop
  endfacet
  facet normal -0.0262673 -0.0325923 0.999123
    outer loop
      vertex -1.49978 -2.85674 -0.0331297
      vertex -4.49573 -8.56334 -0.298049
      vertex -4.16017 -8.83378 -0.298049
    endloop
  endfacet
  facet normal -0.0282705 -0.0315397 0.999103
    outer loop
      vertex -1.49978 -2.85674 -0.0331297
      vertex -4.82046 -8.27227 -0.298049
      vertex -4.49573 -8.56334 -0.298049
    endloop
  endfacet
  facet normal -0.0603893 -0.0608012 0.996321
    outer loop
      vertex -4.82046 -8.27227 -0.298049
      vertex -8.54222 -13.2475 -0.82725
      vertex -8.02119 -13.765 -0.82725
    endloop
  endfacet
  facet normal -0.0905315 -0.0911491 0.991714
    outer loop
      vertex -8.54222 -13.2475 -0.82725
      vertex -10.9552 -18.8 -1.55786
      vertex -8.02119 -13.765 -0.82725
    endloop
  endfacet
  facet normal -0.0903569 -0.0912261 0.991722
    outer loop
      vertex -10.9552 -18.8 -1.55786
      vertex -8.54222 -13.2475 -0.82725
      vertex -11.0137 -18.8 -1.56319
    endloop
  endfacet
  facet normal -0.0802099 -0.0443853 0.995789
    outer loop
      vertex -6.72834 -5.72184 -0.298049
      vertex -11.1959 -9.52108 -0.82725
      vertex -6.49964 -6.13513 -0.298049
    endloop
  endfacet
  facet normal -0.040135 -0.0222093 0.998947
    outer loop
      vertex -2.24458 -1.90881 -0.0331297
      vertex -6.72834 -5.72184 -0.298049
      vertex -6.49964 -6.13513 -0.298049
    endloop
  endfacet
  facet normal -0.0773483 -0.0474288 0.995875
    outer loop
      vertex -6.49964 -6.13513 -0.298049
      vertex -10.4087 -10.8719 -0.82725
      vertex -6.25528 -6.53364 -0.298049
    endloop
  endfacet
  facet normal -0.0742998 -0.0503582 0.995964
    outer loop
      vertex -6.25528 -6.53364 -0.298049
      vertex -10.4087 -10.8719 -0.82725
      vertex -5.99585 -6.91641 -0.298049
    endloop
  endfacet
  facet normal -0.0386999 -0.0237311 0.998969
    outer loop
      vertex -2.16829 -2.04669 -0.0331297
      vertex -6.49964 -6.13513 -0.298049
      vertex -2.08677 -2.17963 -0.0331297
    endloop
  endfacet
  facet normal -0.0603916 -0.0607994 0.996321
    outer loop
      vertex -5.13357 -7.96126 -0.298049
      vertex -8.54222 -13.2475 -0.82725
      vertex -4.82046 -8.27227 -0.298049
    endloop
  endfacet
  facet normal -0.0302066 -0.0304105 0.999081
    outer loop
      vertex -1.71257 -2.65589 -0.0331297
      vertex -5.13357 -7.96126 -0.298049
      vertex -4.82046 -8.27227 -0.298049
    endloop
  endfacet
  facet normal -0.0282703 -0.0315399 0.999103
    outer loop
      vertex -1.60811 -2.75964 -0.0331297
      vertex -4.82046 -8.27227 -0.298049
      vertex -1.49978 -2.85674 -0.0331297
    endloop
  endfacet
  facet normal -0.0483598 -0.00659533 0.998808
    outer loop
      vertex -2.67032 -0.504132 -0.0331297
      vertex -7.93661 -2.00924 -0.298049
      vertex -2.64766 -0.670285 -0.0331297
    endloop
  endfacet
  facet normal -0.0931145 -0.0241676 0.995362
    outer loop
      vertex -7.61907 -3.46964 -0.298049
      vertex -12.8854 -4.97475 -0.82725
      vertex -12.6781 -5.77345 -0.82725
    endloop
  endfacet
  facet normal -0.093114 -0.0241694 0.995362
    outer loop
      vertex -7.74366 -2.98965 -0.298049
      vertex -12.8854 -4.97475 -0.82725
      vertex -7.61907 -3.46964 -0.298049
    endloop
  endfacet
  facet normal 0.0662152 0.103346 0.992439
    outer loop
      vertex 7.30421 18.8 -1.27493
      vertex 6.34744 15.1139 -0.82725
      vertex 7.89549 18.8 -1.31438
    endloop
  endfacet
  facet normal 0.0661939 0.103351 0.99244
    outer loop
      vertex 6.98636 18.8 -1.25373
      vertex 6.34744 15.1139 -0.82725
      vertex 7.30421 18.8 -1.27493
    endloop
  endfacet
  facet normal 0.0662099 0.103348 0.992439
    outer loop
      vertex 6.34744 15.1139 -0.82725
      vertex 6.98636 18.8 -1.25373
      vertex 5.7571 15.4921 -0.82725
    endloop
  endfacet
  facet normal 0.0641082 0.0583941 0.996233
    outer loop
      vertex 8.54222 13.2475 -0.82725
      vertex 5.13357 7.96126 -0.298049
      vertex 5.43432 7.63108 -0.298049
    endloop
  endfacet
  facet normal 0.0903569 0.0912261 0.991722
    outer loop
      vertex 10.9552 18.8 -1.55786
      vertex 8.54222 13.2475 -0.82725
      vertex 11.0137 18.8 -1.56319
    endloop
  endfacet
  facet normal 0.0905315 0.0911491 0.991714
    outer loop
      vertex 8.54222 13.2475 -0.82725
      vertex 10.9552 18.8 -1.55786
      vertex 8.02119 13.765 -0.82725
    endloop
  endfacet
  facet normal 0.23104 -0.0599705 0.971094
    outer loop
      vertex 28.0751 -10.8392 -3.98463
      vertex 22.6923 -10.3338 -2.67276
      vertex 27.6234 -12.5794 -3.98463
    endloop
  endfacet
  facet normal 0.227099 -0.0688243 0.971437
    outer loop
      vertex 27.6234 -12.5794 -3.98463
      vertex 22.6923 -10.3338 -2.67276
      vertex 27.1052 -14.2893 -3.98463
    endloop
  endfacet
  facet normal -0.154266 -0.0945986 0.98349
    outer loop
      vertex -15.105 -14.2579 -1.61946
      vertex -17.999 -18.8 -2.51029
      vertex -14.5371 -15.184 -1.61946
    endloop
  endfacet
  facet normal -0.154297 -0.0945787 0.983487
    outer loop
      vertex -17.999 -18.8 -2.51029
      vertex -15.105 -14.2579 -1.61946
      vertex -18.1834 -18.8 -2.53922
    endloop
  endfacet
  facet normal -0.148226 -0.100467 0.983837
    outer loop
      vertex -14.5371 -15.184 -1.61946
      vertex -17.7157 -18.8 -2.46761
      vertex -13.9342 -16.0735 -1.61946
    endloop
  endfacet
  facet normal -0.148218 -0.100474 0.983838
    outer loop
      vertex -17.7157 -18.8 -2.46761
      vertex -14.5371 -15.184 -1.61946
      vertex -17.999 -18.8 -2.51029
    endloop
  endfacet
  facet normal -0.0392897 -0.111574 0.992979
    outer loop
      vertex -3.90873 -16.3996 -0.82725
      vertex -4.02966 -18.8 -1.10175
      vertex -3.27177 -16.6239 -0.82725
    endloop
  endfacet
  facet normal -0.0393054 -0.111573 0.992979
    outer loop
      vertex -4.02966 -18.8 -1.10175
      vertex -3.90873 -16.3996 -0.82725
      vertex -4.48086 -18.8 -1.11961
    endloop
  endfacet
  facet normal -0.0261901 -0.0743738 0.996886
    outer loop
      vertex -2.34901 -9.85557 -0.298049
      vertex -3.90873 -16.3996 -0.82725
      vertex -3.27177 -16.6239 -0.82725
    endloop
  endfacet
  facet normal -0.0441478 -0.068912 0.996645
    outer loop
      vertex -3.81459 -9.08294 -0.298049
      vertex -5.7571 -15.4921 -0.82725
      vertex -3.45982 -9.31022 -0.298049
    endloop
  endfacet
  facet normal -0.039797 -0.0705348 0.996715
    outer loop
      vertex -3.45982 -9.31022 -0.298049
      vertex -5.7571 -15.4921 -0.82725
      vertex -5.1529 -15.833 -0.82725
    endloop
  endfacet
  facet normal 0.0961056 0.0875252 0.991516
    outer loop
      vertex 11.9303 18.5017 -1.61946
      vertex 8.54222 13.2475 -0.82725
      vertex 9.04266 12.698 -0.82725
    endloop
  endfacet
  facet normal 0.0676718 0.0558479 0.996143
    outer loop
      vertex 9.04266 12.698 -0.82725
      vertex 5.43432 7.63108 -0.298049
      vertex 9.52132 12.118 -0.82725
    endloop
  endfacet
  facet normal 0.0847783 0.0945295 0.991906
    outer loop
      vertex 10.885 18.8 -1.55186
      vertex 8.02119 13.765 -0.82725
      vertex 10.9552 18.8 -1.55786
    endloop
  endfacet
  facet normal 0.0847435 0.0945494 0.991907
    outer loop
      vertex 8.02119 13.765 -0.82725
      vertex 10.885 18.8 -1.55186
      vertex 7.48085 14.2493 -0.82725
    endloop
  endfacet
  facet normal 0.0847525 0.0945426 0.991907
    outer loop
      vertex 9.86995 18.8 -1.46513
      vertex 7.48085 14.2493 -0.82725
      vertex 10.885 18.8 -1.55186
    endloop
  endfacet
  facet normal 0.0262673 0.0325923 0.999123
    outer loop
      vertex 4.16017 8.83378 -0.298049
      vertex 1.49978 2.85674 -0.0331297
      vertex 4.49573 8.56334 -0.298049
    endloop
  endfacet
  facet normal 0.0282705 0.0315397 0.999103
    outer loop
      vertex 4.49573 8.56334 -0.298049
      vertex 1.49978 2.85674 -0.0331297
      vertex 4.82046 8.27227 -0.298049
    endloop
  endfacet
  facet normal 0.0641147 0.0583905 0.996233
    outer loop
      vertex 8.54222 13.2475 -0.82725
      vertex 5.43432 7.63108 -0.298049
      vertex 9.04266 12.698 -0.82725
    endloop
  endfacet
  facet normal 0.0676716 0.0558481 0.996143
    outer loop
      vertex 9.52132 12.118 -0.82725
      vertex 5.43432 7.63108 -0.298049
      vertex 5.72198 7.28252 -0.298049
    endloop
  endfacet
  facet normal 0.0282703 0.0315399 0.999103
    outer loop
      vertex 4.82046 8.27227 -0.298049
      vertex 1.49978 2.85674 -0.0331297
      vertex 1.60811 2.75964 -0.0331297
    endloop
  endfacet
  facet normal 0.0302048 0.0304115 0.999081
    outer loop
      vertex 4.82046 8.27227 -0.298049
      vertex 1.60811 2.75964 -0.0331297
      vertex 1.71257 2.65589 -0.0331297
    endloop
  endfacet
  facet normal 0.111335 0.0754576 0.990914
    outer loop
      vertex 13.9342 16.0735 -1.61946
      vertex 9.97704 11.5088 -0.82725
      vertex 10.4087 10.8719 -0.82725
    endloop
  endfacet
  facet normal 0.115886 0.0710633 0.990717
    outer loop
      vertex 14.5371 15.184 -1.61946
      vertex 10.4087 10.8719 -0.82725
      vertex 15.105 14.2579 -1.61946
    endloop
  endfacet
  facet normal 0.101425 0.0837037 0.991316
    outer loop
      vertex 12.6292 17.7344 -1.61946
      vertex 9.04266 12.698 -0.82725
      vertex 9.52132 12.118 -0.82725
    endloop
  endfacet
  facet normal 0.0960963 0.0875299 0.991516
    outer loop
      vertex 11.9303 18.5017 -1.61946
      vertex 9.04266 12.698 -0.82725
      vertex 12.6292 17.7344 -1.61946
    endloop
  endfacet
  facet normal 0.056525 0.0630617 0.996408
    outer loop
      vertex 7.48085 14.2493 -0.82725
      vertex 4.49573 8.56334 -0.298049
      vertex 4.82046 8.27227 -0.298049
    endloop
  endfacet
  facet normal 0.0525232 0.0651704 0.996491
    outer loop
      vertex 7.48085 14.2493 -0.82725
      vertex 4.16017 8.83378 -0.298049
      vertex 4.49573 8.56334 -0.298049
    endloop
  endfacet
  facet normal 0.0742998 0.0503582 0.995964
    outer loop
      vertex 10.4087 10.8719 -0.82725
      vertex 5.99585 6.91641 -0.298049
      vertex 6.25528 6.53364 -0.298049
    endloop
  endfacet
  facet normal 0.0773483 0.0474288 0.995875
    outer loop
      vertex 10.4087 10.8719 -0.82725
      vertex 6.25528 6.53364 -0.298049
      vertex 6.49964 6.13513 -0.298049
    endloop
  endfacet
  facet normal 0.115888 0.0710604 0.990717
    outer loop
      vertex 15.105 14.2579 -1.61946
      vertex 10.4087 10.8719 -0.82725
      vertex 10.8153 10.2088 -0.82725
    endloop
  endfacet
  facet normal 0.0773485 0.0474286 0.995875
    outer loop
      vertex 10.4087 10.8719 -0.82725
      vertex 6.49964 6.13513 -0.298049
      vertex 10.8153 10.2088 -0.82725
    endloop
  endfacet
  facet normal 0.471456 -0.881889 0
    outer loop
      vertex 46.2134 -18.4194 -14.5852
      vertex 46.8406 -18.0841 -11.5046
      vertex 46.2134 -18.4194 -11.262
    endloop
  endfacet
  facet normal 0.471439 -0.881899 4.68455e-06
    outer loop
      vertex 46.8406 -18.0841 -11.5046
      vertex 46.2134 -18.4194 -14.5852
      vertex 47.0778 -17.9573 -11.6002
    endloop
  endfacet
  facet normal 0.471268 -0.88199 6.82736e-05
    outer loop
      vertex 46.3738 -18.3337 -14.6554
      vertex 47.0778 -17.9573 -11.6002
      vertex 46.2134 -18.4194 -14.5852
    endloop
  endfacet
  facet normal 0.471588 -0.881819 -2.67067e-05
    outer loop
      vertex 46.7229 -18.147 -14.8082
      vertex 47.0778 -17.9573 -11.6002
      vertex 46.3738 -18.3337 -14.6554
    endloop
  endfacet
  facet normal 0.471401 -0.881919 0
    outer loop
      vertex 47.0778 -17.9573 -11.6002
      vertex 46.7229 -18.147 -14.8082
      vertex 47.0778 -17.9573 -14.97
    endloop
  endfacet
  facet normal 0.0980998 -0.995177 0
    outer loop
      vertex 44.3 -18.8 -13.7513
      vertex 44.5597 -18.7744 -10.5605
      vertex 44.3 -18.8 -10.4468
    endloop
  endfacet
  facet normal 0.0980329 -0.995183 5.49976e-06
    outer loop
      vertex 44.5597 -18.7744 -10.5605
      vertex 44.3 -18.8 -13.7513
      vertex 45.2754 -18.7039 -10.8738
    endloop
  endfacet
  facet normal 0.098049 -0.995182 0
    outer loop
      vertex 45.2754 -18.7039 -10.8738
      vertex 44.3 -18.8 -13.7513
      vertex 45.2754 -18.7039 -14.1784
    endloop
  endfacet
  facet normal -0.290248 0.956951 0
    outer loop
      vertex -45.2754 18.7039 -14.1784
      vertex -46.2134 18.4194 -11.262
      vertex -45.2754 18.7039 -10.8738
    endloop
  endfacet
  facet normal -0.290276 0.956943 -9.69771e-06
    outer loop
      vertex -45.8711 18.5232 -14.425
      vertex -46.2134 18.4194 -11.262
      vertex -45.2754 18.7039 -14.1784
    endloop
  endfacet
  facet normal -0.290194 0.956968 0
    outer loop
      vertex -46.2134 18.4194 -11.262
      vertex -45.8711 18.5232 -14.425
      vertex -46.2134 18.4194 -14.5852
    endloop
  endfacet
  facet normal 0.290248 -0.956951 0
    outer loop
      vertex 45.2754 -18.7039 -14.1784
      vertex 46.2134 -18.4194 -11.262
      vertex 45.2754 -18.7039 -10.8738
    endloop
  endfacet
  facet normal 0.290276 -0.956943 -9.69771e-06
    outer loop
      vertex 45.8711 -18.5232 -14.425
      vertex 46.2134 -18.4194 -11.262
      vertex 45.2754 -18.7039 -14.1784
    endloop
  endfacet
  facet normal 0.290194 -0.956968 0
    outer loop
      vertex 46.2134 -18.4194 -11.262
      vertex 45.8711 -18.5232 -14.425
      vertex 46.2134 -18.4194 -14.5852
    endloop
  endfacet
  facet normal 0.471439 0.881899 4.68455e-06
    outer loop
      vertex 46.2134 18.4194 -14.5852
      vertex 46.8406 18.0841 -11.5046
      vertex 47.0778 17.9573 -11.6002
    endloop
  endfacet
  facet normal 0.471456 0.881889 0
    outer loop
      vertex 46.8406 18.0841 -11.5046
      vertex 46.2134 18.4194 -14.5852
      vertex 46.2134 18.4194 -11.262
    endloop
  endfacet
  facet normal 0.471268 0.88199 6.82736e-05
    outer loop
      vertex 47.0778 17.9573 -11.6002
      vertex 46.3738 18.3337 -14.6554
      vertex 46.2134 18.4194 -14.5852
    endloop
  endfacet
  facet normal 0.471588 0.881819 -2.67067e-05
    outer loop
      vertex 47.0778 17.9573 -11.6002
      vertex 46.7229 18.147 -14.8082
      vertex 46.3738 18.3337 -14.6554
    endloop
  endfacet
  facet normal 0.471401 0.881919 0
    outer loop
      vertex 46.7229 18.147 -14.8082
      vertex 47.0778 17.9573 -11.6002
      vertex 47.0778 17.9573 -14.97
    endloop
  endfacet
  facet normal -0.471439 -0.881899 4.68455e-06
    outer loop
      vertex -46.2134 -18.4194 -14.5852
      vertex -46.8406 -18.0841 -11.5046
      vertex -47.0778 -17.9573 -11.6002
    endloop
  endfacet
  facet normal -0.471456 -0.881889 0
    outer loop
      vertex -46.8406 -18.0841 -11.5046
      vertex -46.2134 -18.4194 -14.5852
      vertex -46.2134 -18.4194 -11.262
    endloop
  endfacet
  facet normal -0.471268 -0.88199 6.82736e-05
    outer loop
      vertex -47.0778 -17.9573 -11.6002
      vertex -46.3738 -18.3337 -14.6554
      vertex -46.2134 -18.4194 -14.5852
    endloop
  endfacet
  facet normal -0.471588 -0.881819 -2.67067e-05
    outer loop
      vertex -47.0778 -17.9573 -11.6002
      vertex -46.7229 -18.147 -14.8082
      vertex -46.3738 -18.3337 -14.6554
    endloop
  endfacet
  facet normal -0.471401 -0.881919 0
    outer loop
      vertex -46.7229 -18.147 -14.8082
      vertex -47.0778 -17.9573 -11.6002
      vertex -47.0778 -17.9573 -14.97
    endloop
  endfacet
  facet normal -0.995187 0.0979985 0
    outer loop
      vertex -49.2761 14.0422 -15.7017
      vertex -49.2039 14.7754 -12.3386
      vertex -49.2039 14.7754 -15.7311
    endloop
  endfacet
  facet normal -0.995167 0.0982018 0
    outer loop
      vertex -49.3 13.8 -12.2989
      vertex -49.2761 14.0422 -15.7017
      vertex -49.3 13.8 -15.692
    endloop
  endfacet
  facet normal -0.995182 0.0980485 -1.10179e-05
    outer loop
      vertex -49.2761 14.0422 -15.7017
      vertex -49.3 13.8 -12.2989
      vertex -49.2039 14.7754 -12.3386
    endloop
  endfacet
  facet normal -1 0 0
    outer loop
      vertex -49.3 13.8 -15.692
      vertex -49.3 13.1507 -12.2392
      vertex -49.3 13.8 -12.2989
    endloop
  endfacet
  facet normal -1 0 0
    outer loop
      vertex -49.3 12.5558 -15.5782
      vertex -49.3 13.1507 -12.2392
      vertex -49.3 13.8 -15.692
    endloop
  endfacet
  facet normal -1 0 0
    outer loop
      vertex -49.3 12.5558 -15.5782
      vertex -49.3 12.4808 -12.1775
      vertex -49.3 13.1507 -12.2392
    endloop
  endfacet
  facet normal -1 0 0
    outer loop
      vertex -49.3 10.7491 -15.4492
      vertex -49.3 12.4808 -12.1775
      vertex -49.3 12.5558 -15.5782
    endloop
  endfacet
  facet normal -1 0 0
    outer loop
      vertex -49.3 10.7491 -15.4492
      vertex -49.3 9.61152 -11.9714
      vertex -49.3 12.4808 -12.1775
    endloop
  endfacet
  facet normal -1 0 0
    outer loop
      vertex -49.3 9.36333 -15.3502
      vertex -49.3 9.61152 -11.9714
      vertex -49.3 10.7491 -15.4492
    endloop
  endfacet
  facet normal -1 0 0
    outer loop
      vertex -49.3 9.36333 -15.3502
      vertex -49.3 9.30741 -11.9496
      vertex -49.3 9.61152 -11.9714
    endloop
  endfacet
  facet normal -1 0 0
    outer loop
      vertex -49.3 9.36333 -15.3502
      vertex -49.3 9.05044 -11.9364
      vertex -49.3 9.30741 -11.9496
    endloop
  endfacet
  facet normal -1 0 0
    outer loop
      vertex -49.3 8.19244 -15.2904
      vertex -49.3 9.05044 -11.9364
      vertex -49.3 9.36333 -15.3502
    endloop
  endfacet
  facet normal -1 0 0
    outer loop
      vertex -49.3 6.17989 -11.7888
      vertex -49.3 8.19244 -15.2904
      vertex -49.3 6.21701 -15.1894
    endloop
  endfacet
  facet normal -1 0 0
    outer loop
      vertex -49.3 8.19244 -15.2904
      vertex -49.3 6.17989 -11.7888
      vertex -49.3 9.05044 -11.9364
    endloop
  endfacet
  facet normal -1 0 0
    outer loop
      vertex -49.3 5.22978 -15.1591
      vertex -49.3 6.17989 -11.7888
      vertex -49.3 6.21701 -15.1894
    endloop
  endfacet
  facet normal -1 0 0
    outer loop
      vertex -49.3 5.22978 -15.1591
      vertex -49.3 4.77404 -11.7453
      vertex -49.3 6.17989 -11.7888
    endloop
  endfacet
  facet normal -1 0 0
    outer loop
      vertex -49.3 3.101 -15.0937
      vertex -49.3 4.77404 -11.7453
      vertex -49.3 5.22978 -15.1591
    endloop
  endfacet
  facet normal -1 -0 0
    outer loop
      vertex -49.3 4.77404 -11.7453
      vertex -49.3 3.101 -15.0937
      vertex -49.3 3.13655 -11.7005
    endloop
  endfacet
  facet normal -1 0 0
    outer loop
      vertex -49.3 3.101 -15.0937
      vertex -49.3 3.08249 -11.6991
      vertex -49.3 3.13655 -11.7005
    endloop
  endfacet
  facet normal -1 0 0
    outer loop
      vertex -49.3 0.864277 -15.0708
      vertex -49.3 3.08249 -11.6991
      vertex -49.3 3.101 -15.0937
    endloop
  endfacet
  facet normal -1 0 0
    outer loop
      vertex -49.3 0.864277 -15.0708
      vertex -49.3 0.0887189 -11.6718
      vertex -49.3 3.08249 -11.6991
    endloop
  endfacet
  facet normal -1 0 0
    outer loop
      vertex -49.3 0 -15.0619
      vertex -49.3 0.0887189 -11.6718
      vertex -49.3 0.864277 -15.0708
    endloop
  endfacet
  facet normal -1 0 0
    outer loop
      vertex -49.3 0 -15.0619
      vertex -49.3 0 -11.6709
      vertex -49.3 0.0887189 -11.6718
    endloop
  endfacet
  facet normal -1 0 0
    outer loop
      vertex -49.3 0 -15.0619
      vertex -49.3 -0.0887189 -11.6718
      vertex -49.3 0 -11.6709
    endloop
  endfacet
  facet normal -1 0 0
    outer loop
      vertex -49.3 -0.864277 -15.0708
      vertex -49.3 -0.0887189 -11.6718
      vertex -49.3 0 -15.0619
    endloop
  endfacet
  facet normal -1 0 0
    outer loop
      vertex -49.3 -0.864277 -15.0708
      vertex -49.3 -3.08249 -11.6991
      vertex -49.3 -0.0887189 -11.6718
    endloop
  endfacet
  facet normal -1 0 0
    outer loop
      vertex -49.3 -3.101 -15.0937
      vertex -49.3 -3.08249 -11.6991
      vertex -49.3 -0.864277 -15.0708
    endloop
  endfacet
  facet normal -1 0 0
    outer loop
      vertex -49.3 -3.101 -15.0937
      vertex -49.3 -3.13655 -11.7005
      vertex -49.3 -3.08249 -11.6991
    endloop
  endfacet
  facet normal -1 0 0
    outer loop
      vertex -49.3 -3.101 -15.0937
      vertex -49.3 -4.77404 -11.7453
      vertex -49.3 -3.13655 -11.7005
    endloop
  endfacet
  facet normal -1 0 0
    outer loop
      vertex -49.3 -5.22978 -15.1591
      vertex -49.3 -4.77404 -11.7453
      vertex -49.3 -3.101 -15.0937
    endloop
  endfacet
  facet normal -1 0 0
    outer loop
      vertex -49.3 -5.22978 -15.1591
      vertex -49.3 -6.17989 -11.7888
      vertex -49.3 -4.77404 -11.7453
    endloop
  endfacet
  facet normal -1 0 0
    outer loop
      vertex -49.3 -6.21701 -15.1894
      vertex -49.3 -6.17989 -11.7888
      vertex -49.3 -5.22978 -15.1591
    endloop
  endfacet
  facet normal -1 0 0
    outer loop
      vertex -49.3 -8.19244 -15.2904
      vertex -49.3 -6.17989 -11.7888
      vertex -49.3 -6.21701 -15.1894
    endloop
  endfacet
  facet normal -1 0 0
    outer loop
      vertex -49.3 -8.19244 -15.2904
      vertex -49.3 -9.05044 -11.9364
      vertex -49.3 -6.17989 -11.7888
    endloop
  endfacet
  facet normal -1 0 0
    outer loop
      vertex -49.3 -9.36333 -15.3502
      vertex -49.3 -9.05044 -11.9364
      vertex -49.3 -8.19244 -15.2904
    endloop
  endfacet
  facet normal -1 0 0
    outer loop
      vertex -49.3 -9.05044 -11.9364
      vertex -49.3 -9.36333 -15.3502
      vertex -49.3 -9.30741 -11.9496
    endloop
  endfacet
  facet normal -1 0 0
    outer loop
      vertex -49.3 -9.36333 -15.3502
      vertex -49.3 -9.61152 -11.9714
      vertex -49.3 -9.30741 -11.9496
    endloop
  endfacet
  facet normal -1 0 0
    outer loop
      vertex -49.3 -10.7491 -15.4492
      vertex -49.3 -9.61152 -11.9714
      vertex -49.3 -9.36333 -15.3502
    endloop
  endfacet
  facet normal -1 0 0
    outer loop
      vertex -49.3 -10.7491 -15.4492
      vertex -49.3 -12.4808 -12.1775
      vertex -49.3 -9.61152 -11.9714
    endloop
  endfacet
  facet normal -1 0 0
    outer loop
      vertex -49.3 -12.5558 -15.5782
      vertex -49.3 -12.4808 -12.1775
      vertex -49.3 -10.7491 -15.4492
    endloop
  endfacet
  facet normal -1 0 0
    outer loop
      vertex -49.3 -12.5558 -15.5782
      vertex -49.3 -13.1507 -12.2392
      vertex -49.3 -12.4808 -12.1775
    endloop
  endfacet
  facet normal -1 0 0
    outer loop
      vertex -49.3 -13.8 -15.692
      vertex -49.3 -13.1507 -12.2392
      vertex -49.3 -12.5558 -15.5782
    endloop
  endfacet
  facet normal -1 0 0
    outer loop
      vertex -49.3 -13.1507 -12.2392
      vertex -49.3 -13.8 -15.692
      vertex -49.3 -13.8 -12.2989
    endloop
  endfacet
  facet normal -0.290248 -0.956951 0
    outer loop
      vertex -46.2134 -18.4194 -11.262
      vertex -45.2754 -18.7039 -14.1784
      vertex -45.2754 -18.7039 -10.8738
    endloop
  endfacet
  facet normal -0.290276 -0.956943 -9.69771e-06
    outer loop
      vertex -46.2134 -18.4194 -11.262
      vertex -45.8711 -18.5232 -14.425
      vertex -45.2754 -18.7039 -14.1784
    endloop
  endfacet
  facet normal -0.290194 -0.956968 0
    outer loop
      vertex -45.8711 -18.5232 -14.425
      vertex -46.2134 -18.4194 -11.262
      vertex -46.2134 -18.4194 -14.5852
    endloop
  endfacet
  facet normal 0 -1 0
    outer loop
      vertex 0 -18.8 -4.03984
      vertex 0 -18.8 -1.02101
      vertex -0.226655 -18.8 -1.02184
    endloop
  endfacet
  facet normal 0 -1 0
    outer loop
      vertex -0.275069 -18.8 -4.04084
      vertex -0.226655 -18.8 -1.02184
      vertex -0.725673 -18.8 -1.02366
    endloop
  endfacet
  facet normal -0 -1 0
    outer loop
      vertex 0 -18.8 -4.03984
      vertex -0.226655 -18.8 -1.02184
      vertex -0.275069 -18.8 -4.04084
    endloop
  endfacet
  facet normal 0 -1 0
    outer loop
      vertex -0.721339 -18.8 -4.04247
      vertex -0.725673 -18.8 -1.02366
      vertex -1.21868 -18.8 -1.02904
    endloop
  endfacet
  facet normal 0 -1 0
    outer loop
      vertex 0 -18.8 -1.02101
      vertex 0 -18.8 -4.03984
      vertex 0.226655 -18.8 -1.02184
    endloop
  endfacet
  facet normal 0 -1 0
    outer loop
      vertex -1.16223 -18.8 -4.04728
      vertex -1.21868 -18.8 -1.02904
      vertex -1.45486 -18.8 -1.03162
    endloop
  endfacet
  facet normal 0 -1 0
    outer loop
      vertex 0.226655 -18.8 -1.02184
      vertex 0.275069 -18.8 -4.04084
      vertex 0.725673 -18.8 -1.02366
    endloop
  endfacet
  facet normal 0 -1 0
    outer loop
      vertex -1.44617 -18.8 -4.05038
      vertex -1.45486 -18.8 -1.03162
      vertex -1.69925 -18.8 -1.03605
    endloop
  endfacet
  facet normal 0 -1 0
    outer loop
      vertex 0.721339 -18.8 -4.04247
      vertex 0.725673 -18.8 -1.02366
      vertex 0.275069 -18.8 -4.04084
    endloop
  endfacet
  facet normal 0 -1 0
    outer loop
      vertex -1.73998 -18.8 -4.05572
      vertex -1.69925 -18.8 -1.03605
      vertex -2.19113 -18.8 -1.04499
    endloop
  endfacet
  facet normal 0 -1 0
    outer loop
      vertex 0.275069 -18.8 -4.04084
      vertex 0.226655 -18.8 -1.02184
      vertex 0 -18.8 -4.03984
    endloop
  endfacet
  facet normal 0 -1 0
    outer loop
      vertex -2.17805 -18.8 -4.06367
      vertex -2.19113 -18.8 -1.04499
      vertex -2.66534 -18.8 -1.05702
    endloop
  endfacet
  facet normal 0 -1 -0
    outer loop
      vertex 0.725673 -18.8 -1.02366
      vertex 0.721339 -18.8 -4.04247
      vertex 1.21868 -18.8 -1.02904
    endloop
  endfacet
  facet normal 0 -1 0
    outer loop
      vertex -2.60038 -18.8 -4.07439
      vertex -2.66534 -18.8 -1.05702
      vertex -2.93822 -18.8 -1.06394
    endloop
  endfacet
  facet normal 0 -1 -0
    outer loop
      vertex 1.21868 -18.8 -1.02904
      vertex 1.16223 -18.8 -4.04728
      vertex 1.45486 -18.8 -1.03162
    endloop
  endfacet
  facet normal 0 -1 0
    outer loop
      vertex -2.92067 -18.8 -4.08251
      vertex -2.93822 -18.8 -1.06394
      vertex -3.39789 -18.8 -1.07888
    endloop
  endfacet
  facet normal 0 -1 0
    outer loop
      vertex 1.16223 -18.8 -4.04728
      vertex 1.21868 -18.8 -1.02904
      vertex 0.721339 -18.8 -4.04247
    endloop
  endfacet
  facet normal 0 -1 0
    outer loop
      vertex -3.26386 -18.8 -4.09367
      vertex -3.39789 -18.8 -1.07888
      vertex -3.70005 -18.8 -1.08871
    endloop
  endfacet
  facet normal 0 -1 -0
    outer loop
      vertex 1.45486 -18.8 -1.03162
      vertex 1.44617 -18.8 -4.05038
      vertex 1.69925 -18.8 -1.03605
    endloop
  endfacet
  facet normal 0 -1 0
    outer loop
      vertex -3.67795 -18.8 -4.10713
      vertex -3.70005 -18.8 -1.08871
      vertex -4.02966 -18.8 -1.10175
    endloop
  endfacet
  facet normal 0 -1 0
    outer loop
      vertex 1.73998 -18.8 -4.05572
      vertex 1.69925 -18.8 -1.03605
      vertex 1.44617 -18.8 -4.05038
    endloop
  endfacet
  facet normal 0 -1 0
    outer loop
      vertex -4.06722 -18.8 -4.12254
      vertex -4.02966 -18.8 -1.10175
      vertex -4.48086 -18.8 -1.11961
    endloop
  endfacet
  facet normal 0 -1 0
    outer loop
      vertex 1.44617 -18.8 -4.05038
      vertex 1.45486 -18.8 -1.03162
      vertex 1.16223 -18.8 -4.04728
    endloop
  endfacet
  facet normal 0 -1 0
    outer loop
      vertex -4.4541 -18.8 -4.13785
      vertex -4.48086 -18.8 -1.11961
      vertex -4.89951 -18.8 -1.13909
    endloop
  endfacet
  facet normal 0 -1 0
    outer loop
      vertex 1.69925 -18.8 -1.03605
      vertex 1.73998 -18.8 -4.05572
      vertex 2.19113 -18.8 -1.04499
    endloop
  endfacet
  facet normal 0 -1 0
    outer loop
      vertex -4.88398 -18.8 -4.15785
      vertex -4.89951 -18.8 -1.13909
      vertex -5.2853 -18.8 -1.15705
    endloop
  endfacet
  facet normal 0 -1 -0
    outer loop
      vertex 2.19113 -18.8 -1.04499
      vertex 2.17805 -18.8 -4.06367
      vertex 2.66534 -18.8 -1.05702
    endloop
  endfacet
  facet normal 0 -1 0
    outer loop
      vertex -5.25373 -18.8 -4.17507
      vertex -5.2853 -18.8 -1.15705
      vertex -5.67639 -18.8 -1.17794
    endloop
  endfacet
  facet normal 0 -1 0
    outer loop
      vertex 2.60038 -18.8 -4.07439
      vertex 2.66534 -18.8 -1.05702
      vertex 2.17805 -18.8 -4.06367
    endloop
  endfacet
  facet normal 0 -1 0
    outer loop
      vertex -5.59224 -18.8 -4.19314
      vertex -5.67639 -18.8 -1.17794
      vertex -6.11852 -18.8 -1.20155
    endloop
  endfacet
  facet normal 0 -1 -0
    outer loop
      vertex 2.66534 -18.8 -1.05702
      vertex 2.60038 -18.8 -4.07439
      vertex 2.93822 -18.8 -1.06394
    endloop
  endfacet
  facet normal 0 -1 0
    outer loop
      vertex -6.08198 -18.8 -4.21929
      vertex -6.11852 -18.8 -1.20155
      vertex -6.62913 -18.8 -1.23225
    endloop
  endfacet
  facet normal 0 -1 0
    outer loop
      vertex 2.17805 -18.8 -4.06367
      vertex 2.19113 -18.8 -1.04499
      vertex 1.73998 -18.8 -4.05572
    endloop
  endfacet
  facet normal 0 -1 0
    outer loop
      vertex -6.64758 -18.8 -4.2533
      vertex -6.62913 -18.8 -1.23225
      vertex -6.98636 -18.8 -1.25373
    endloop
  endfacet
  facet normal 0 -1 -0
    outer loop
      vertex 2.93822 -18.8 -1.06394
      vertex 2.92067 -18.8 -4.08251
      vertex 3.39789 -18.8 -1.07888
    endloop
  endfacet
  facet normal 0 -1 0
    outer loop
      vertex -6.94464 -18.8 -4.27117
      vertex -6.98636 -18.8 -1.25373
      vertex -7.30421 -18.8 -1.27493
    endloop
  endfacet
  facet normal 0 -1 0
    outer loop
      vertex 3.26386 -18.8 -4.09367
      vertex 3.39789 -18.8 -1.07888
      vertex 2.92067 -18.8 -4.08251
    endloop
  endfacet
  facet normal 0 -1 0
    outer loop
      vertex -7.20895 -18.8 -4.2888
      vertex -7.30421 -18.8 -1.27493
      vertex -7.89549 -18.8 -1.31438
    endloop
  endfacet
  facet normal 0 -1 0
    outer loop
      vertex 2.92067 -18.8 -4.08251
      vertex 2.93822 -18.8 -1.06394
      vertex 2.60038 -18.8 -4.07439
    endloop
  endfacet
  facet normal 0 -1 0
    outer loop
      vertex -7.84833 -18.8 -4.33145
      vertex -7.89549 -18.8 -1.31438
      vertex -8.16533 -18.8 -1.33412
    endloop
  endfacet
  facet normal 0 -1 0
    outer loop
      vertex 3.67795 -18.8 -4.10713
      vertex 3.70005 -18.8 -1.08871
      vertex 3.26386 -18.8 -4.09367
    endloop
  endfacet
  facet normal 0 -1 0
    outer loop
      vertex -8.06401 -18.8 -4.34723
      vertex -8.16533 -18.8 -1.33412
      vertex -8.85365 -18.8 -1.38446
    endloop
  endfacet
  facet normal 0 -1 -0
    outer loop
      vertex 3.39789 -18.8 -1.07888
      vertex 3.26386 -18.8 -4.09367
      vertex 3.70005 -18.8 -1.08871
    endloop
  endfacet
  facet normal 0 -1 0
    outer loop
      vertex -8.80077 -18.8 -4.40111
      vertex -8.85365 -18.8 -1.38446
      vertex -9.70176 -18.8 -1.45178
    endloop
  endfacet
  facet normal 0 -1 -0
    outer loop
      vertex 3.70005 -18.8 -1.08871
      vertex 3.67795 -18.8 -4.10713
      vertex 4.02966 -18.8 -1.10175
    endloop
  endfacet
  facet normal 0 -1 0
    outer loop
      vertex -9.70858 -18.8 -4.47318
      vertex -9.70176 -18.8 -1.45178
      vertex -9.86995 -18.8 -1.46513
    endloop
  endfacet
  facet normal 0 -1 0
    outer loop
      vertex 4.02966 -18.8 -1.10175
      vertex 4.06722 -18.8 -4.12254
      vertex 4.48086 -18.8 -1.11961
    endloop
  endfacet
  facet normal 0 -1 0
    outer loop
      vertex -9.89783 -18.8 -4.48873
      vertex -9.86995 -18.8 -1.46513
      vertex -10.885 -18.8 -1.55186
    endloop
  endfacet
  facet normal 0 -1 0
    outer loop
      vertex 4.06722 -18.8 -4.12254
      vertex 4.02966 -18.8 -1.10175
      vertex 3.67795 -18.8 -4.10713
    endloop
  endfacet
  facet normal 0 -1 0
    outer loop
      vertex -10.8898 -18.8 -4.57348
      vertex -10.885 -18.8 -1.55186
      vertex -10.9552 -18.8 -1.55786
    endloop
  endfacet
  facet normal 0 -1 0
    outer loop
      vertex 4.4541 -18.8 -4.13785
      vertex 4.48086 -18.8 -1.11961
      vertex 4.06722 -18.8 -4.12254
    endloop
  endfacet
  facet normal 0 -1 0
    outer loop
      vertex -10.8898 -18.8 -4.57348
      vertex -10.9552 -18.8 -1.55786
      vertex -11.0137 -18.8 -1.56319
    endloop
  endfacet
  facet normal 0 -1 -0
    outer loop
      vertex 4.48086 -18.8 -1.11961
      vertex 4.4541 -18.8 -4.13785
      vertex 4.89951 -18.8 -1.13909
    endloop
  endfacet
  facet normal 0 -1 0
    outer loop
      vertex -10.9097 -18.8 -4.57529
      vertex -11.0137 -18.8 -1.56319
      vertex -11.63 -18.8 -1.61946
    endloop
  endfacet
  facet normal 0 -1 0
    outer loop
      vertex 4.88398 -18.8 -4.15785
      vertex 4.89951 -18.8 -1.13909
      vertex 4.4541 -18.8 -4.13785
    endloop
  endfacet
  facet normal 0 -1 0
    outer loop
      vertex -12.0502 -18.8 -4.71491
      vertex -11.63 -18.8 -1.61946
      vertex -12.1226 -18.8 -1.67976
    endloop
  endfacet
  facet normal 0 -1 -0
    outer loop
      vertex 4.89951 -18.8 -1.13909
      vertex 4.88398 -18.8 -4.15785
      vertex 5.2853 -18.8 -1.15705
    endloop
  endfacet
  facet normal 0 -1 0
    outer loop
      vertex -12.0502 -18.8 -4.71491
      vertex -12.1226 -18.8 -1.67976
      vertex -13.1035 -18.8 -1.80724
    endloop
  endfacet
  facet normal 0 -1 0
    outer loop
      vertex 5.25373 -18.8 -4.17507
      vertex 5.2853 -18.8 -1.15705
      vertex 4.88398 -18.8 -4.15785
    endloop
  endfacet
  facet normal 0 -1 0
    outer loop
      vertex -12.9244 -18.8 -4.82852
      vertex -13.1035 -18.8 -1.80724
      vertex -13.388 -18.8 -1.84422
    endloop
  endfacet
  facet normal 0 -1 0
    outer loop
      vertex 5.59224 -18.8 -4.19314
      vertex 5.67639 -18.8 -1.17794
      vertex 5.25373 -18.8 -4.17507
    endloop
  endfacet
  facet normal 0 -1 0
    outer loop
      vertex -13.3081 -18.8 -4.87839
      vertex -13.388 -18.8 -1.84422
      vertex -13.818 -18.8 -1.90321
    endloop
  endfacet
  facet normal 0 -1 -0
    outer loop
      vertex 5.67639 -18.8 -1.17794
      vertex 5.59224 -18.8 -4.19314
      vertex 6.11852 -18.8 -1.20155
    endloop
  endfacet
  facet normal 0 -1 0
    outer loop
      vertex -14.0421 -18.8 -4.97909
      vertex -13.818 -18.8 -1.90321
      vertex -14.7714 -18.8 -2.03402
    endloop
  endfacet
  facet normal 0 -1 0
    outer loop
      vertex 6.08198 -18.8 -4.21929
      vertex 6.11852 -18.8 -1.20155
      vertex 5.59224 -18.8 -4.19314
    endloop
  endfacet
  facet normal 0 -1 0
    outer loop
      vertex -14.6832 -18.8 -5.06706
      vertex -14.7714 -18.8 -2.03402
      vertex -15.4429 -18.8 -2.13078
    endloop
  endfacet
  facet normal 0 -1 -0
    outer loop
      vertex 6.11852 -18.8 -1.20155
      vertex 6.08198 -18.8 -4.21929
      vertex 6.62913 -18.8 -1.23225
    endloop
  endfacet
  facet normal 0 -1 0
    outer loop
      vertex -15.6957 -18.8 -5.21296
      vertex -15.4429 -18.8 -2.13078
      vertex -16.2977 -18.8 -2.25397
    endloop
  endfacet
  facet normal 0 -1 0
    outer loop
      vertex 6.64758 -18.8 -4.2533
      vertex 6.62913 -18.8 -1.23225
      vertex 6.08198 -18.8 -4.21929
    endloop
  endfacet
  facet normal 0 -1 0
    outer loop
      vertex -16.2004 -18.8 -5.28569
      vertex -16.2977 -18.8 -2.25397
      vertex -17.7157 -18.8 -2.46761
    endloop
  endfacet
  facet normal 0 -1 0
    outer loop
      vertex 6.62913 -18.8 -1.23225
      vertex 6.64758 -18.8 -4.2533
      vertex 6.98636 -18.8 -1.25373
    endloop
  endfacet
  facet normal 0 -1 0
    outer loop
      vertex -17.788 -18.8 -5.52488
      vertex -17.7157 -18.8 -2.46761
      vertex -17.999 -18.8 -2.51029
    endloop
  endfacet
  facet normal 0 -1 0
    outer loop
      vertex 6.94464 -18.8 -4.27117
      vertex 6.98636 -18.8 -1.25373
      vertex 6.64758 -18.8 -4.2533
    endloop
  endfacet
  facet normal 0 -1 0
    outer loop
      vertex -17.788 -18.8 -5.52488
      vertex -17.999 -18.8 -2.51029
      vertex -18.1834 -18.8 -2.53922
    endloop
  endfacet
  facet normal 0 -1 -0
    outer loop
      vertex 6.98636 -18.8 -1.25373
      vertex 6.94464 -18.8 -4.27117
      vertex 7.30421 -18.8 -1.27493
    endloop
  endfacet
  facet normal 0 -1 0
    outer loop
      vertex -18.2701 -18.8 -5.59987
      vertex -18.1834 -18.8 -2.53922
      vertex -19.0348 -18.8 -2.67276
    endloop
  endfacet
  facet normal 0 -1 0
    outer loop
      vertex 7.20895 -18.8 -4.2888
      vertex 7.30421 -18.8 -1.27493
      vertex 6.94464 -18.8 -4.27117
    endloop
  endfacet
  facet normal 0 -1 0
    outer loop
      vertex -19.3904 -18.8 -5.82115
      vertex -19.0348 -18.8 -2.67276
      vertex -19.917 -18.8 -2.84701
    endloop
  endfacet
  facet normal 0 -1 -0
    outer loop
      vertex 7.30421 -18.8 -1.27493
      vertex 7.20895 -18.8 -4.2888
      vertex 7.89549 -18.8 -1.31438
    endloop
  endfacet
  facet normal 0 -1 0
    outer loop
      vertex -19.798 -18.8 -5.90167
      vertex -19.917 -18.8 -2.84701
      vertex -21.2311 -18.8 -3.11622
    endloop
  endfacet
  facet normal 0 -1 0
    outer loop
      vertex 7.84833 -18.8 -4.33145
      vertex 7.89549 -18.8 -1.31438
      vertex 7.20895 -18.8 -4.2888
    endloop
  endfacet
  facet normal 0 -1 0
    outer loop
      vertex -20.9235 -18.8 -6.13223
      vertex -21.2311 -18.8 -3.11622
      vertex -22.107 -18.8 -3.29566
    endloop
  endfacet
  facet normal 0 -1 -0
    outer loop
      vertex 7.89549 -18.8 -1.31438
      vertex 7.84833 -18.8 -4.33145
      vertex 8.16533 -18.8 -1.33412
    endloop
  endfacet
  facet normal 0 -1 0
    outer loop
      vertex -21.975 -18.8 -6.34763
      vertex -22.107 -18.8 -3.29566
      vertex -24.2214 -18.8 -3.74324
    endloop
  endfacet
  facet normal 0 -1 0
    outer loop
      vertex 8.06401 -18.8 -4.34723
      vertex 8.16533 -18.8 -1.33412
      vertex 7.84833 -18.8 -4.33145
    endloop
  endfacet
  facet normal 0 -1 0
    outer loop
      vertex -24.4707 -18.8 -6.87596
      vertex -24.2214 -18.8 -3.74324
      vertex -24.6446 -18.8 -3.83284
    endloop
  endfacet
  facet normal 0 -1 -0
    outer loop
      vertex 8.16533 -18.8 -1.33412
      vertex 8.06401 -18.8 -4.34723
      vertex 8.85365 -18.8 -1.38446
    endloop
  endfacet
  facet normal 0 -1 0
    outer loop
      vertex -24.4707 -18.8 -6.87596
      vertex -24.6446 -18.8 -3.83284
      vertex -24.8372 -18.8 -3.87482
    endloop
  endfacet
  facet normal 0 -1 0
    outer loop
      vertex 8.80077 -18.8 -4.40111
      vertex 8.85365 -18.8 -1.38446
      vertex 8.06401 -18.8 -4.34723
    endloop
  endfacet
  facet normal 0 -1 0
    outer loop
      vertex -24.4707 -18.8 -6.87596
      vertex -24.8372 -18.8 -3.87482
      vertex -25.3409 -18.8 -3.98463
    endloop
  endfacet
  facet normal 0 -1 -0
    outer loop
      vertex 8.85365 -18.8 -1.38446
      vertex 8.80077 -18.8 -4.40111
      vertex 9.70176 -18.8 -1.45178
    endloop
  endfacet
  facet normal 0 -1 0
    outer loop
      vertex 9.70858 -18.8 -4.47318
      vertex 9.70176 -18.8 -1.45178
      vertex 8.80077 -18.8 -4.40111
    endloop
  endfacet
  facet normal 0 -1 -0
    outer loop
      vertex 5.2853 -18.8 -1.15705
      vertex 5.25373 -18.8 -4.17507
      vertex 5.67639 -18.8 -1.17794
    endloop
  endfacet
  facet normal 0 -1 0
    outer loop
      vertex -0.725673 -18.8 -1.02366
      vertex -0.721339 -18.8 -4.04247
      vertex -0.275069 -18.8 -4.04084
    endloop
  endfacet
  facet normal 0 -1 0
    outer loop
      vertex -1.21868 -18.8 -1.02904
      vertex -1.16223 -18.8 -4.04728
      vertex -0.721339 -18.8 -4.04247
    endloop
  endfacet
  facet normal 0 -1 0
    outer loop
      vertex -1.45486 -18.8 -1.03162
      vertex -1.44617 -18.8 -4.05038
      vertex -1.16223 -18.8 -4.04728
    endloop
  endfacet
  facet normal 0 -1 -0
    outer loop
      vertex -1.69925 -18.8 -1.03605
      vertex -1.73998 -18.8 -4.05572
      vertex -1.44617 -18.8 -4.05038
    endloop
  endfacet
  facet normal 0 -1 0
    outer loop
      vertex -2.19113 -18.8 -1.04499
      vertex -2.17805 -18.8 -4.06367
      vertex -1.73998 -18.8 -4.05572
    endloop
  endfacet
  facet normal 0 -1 0
    outer loop
      vertex -2.66534 -18.8 -1.05702
      vertex -2.60038 -18.8 -4.07439
      vertex -2.17805 -18.8 -4.06367
    endloop
  endfacet
  facet normal 0 -1 0
    outer loop
      vertex -2.93822 -18.8 -1.06394
      vertex -2.92067 -18.8 -4.08251
      vertex -2.60038 -18.8 -4.07439
    endloop
  endfacet
  facet normal 0 -1 0
    outer loop
      vertex -3.39789 -18.8 -1.07888
      vertex -3.26386 -18.8 -4.09367
      vertex -2.92067 -18.8 -4.08251
    endloop
  endfacet
  facet normal 0 -1 0
    outer loop
      vertex -3.70005 -18.8 -1.08871
      vertex -3.67795 -18.8 -4.10713
      vertex -3.26386 -18.8 -4.09367
    endloop
  endfacet
  facet normal 0 -1 -0
    outer loop
      vertex -4.02966 -18.8 -1.10175
      vertex -4.06722 -18.8 -4.12254
      vertex -3.67795 -18.8 -4.10713
    endloop
  endfacet
  facet normal 0 -1 0
    outer loop
      vertex -4.48086 -18.8 -1.11961
      vertex -4.4541 -18.8 -4.13785
      vertex -4.06722 -18.8 -4.12254
    endloop
  endfacet
  facet normal 0 -1 0
    outer loop
      vertex -4.89951 -18.8 -1.13909
      vertex -4.88398 -18.8 -4.15785
      vertex -4.4541 -18.8 -4.13785
    endloop
  endfacet
  facet normal 0 -1 0
    outer loop
      vertex -5.2853 -18.8 -1.15705
      vertex -5.25373 -18.8 -4.17507
      vertex -4.88398 -18.8 -4.15785
    endloop
  endfacet
  facet normal 0 -1 0
    outer loop
      vertex -5.67639 -18.8 -1.17794
      vertex -5.59224 -18.8 -4.19314
      vertex -5.25373 -18.8 -4.17507
    endloop
  endfacet
  facet normal 0 -1 0
    outer loop
      vertex -6.11852 -18.8 -1.20155
      vertex -6.08198 -18.8 -4.21929
      vertex -5.59224 -18.8 -4.19314
    endloop
  endfacet
  facet normal 0 -1 -0
    outer loop
      vertex -6.62913 -18.8 -1.23225
      vertex -6.64758 -18.8 -4.2533
      vertex -6.08198 -18.8 -4.21929
    endloop
  endfacet
  facet normal 0 -1 0
    outer loop
      vertex -6.98636 -18.8 -1.25373
      vertex -6.94464 -18.8 -4.27117
      vertex -6.64758 -18.8 -4.2533
    endloop
  endfacet
  facet normal 0 -1 0
    outer loop
      vertex -7.30421 -18.8 -1.27493
      vertex -7.20895 -18.8 -4.2888
      vertex -6.94464 -18.8 -4.27117
    endloop
  endfacet
  facet normal 0 -1 0
    outer loop
      vertex -7.89549 -18.8 -1.31438
      vertex -7.84833 -18.8 -4.33145
      vertex -7.20895 -18.8 -4.2888
    endloop
  endfacet
  facet normal 0 -1 0
    outer loop
      vertex -8.16533 -18.8 -1.33412
      vertex -8.06401 -18.8 -4.34723
      vertex -7.84833 -18.8 -4.33145
    endloop
  endfacet
  facet normal 0 -1 0
    outer loop
      vertex -8.85365 -18.8 -1.38446
      vertex -8.80077 -18.8 -4.40111
      vertex -8.06401 -18.8 -4.34723
    endloop
  endfacet
  facet normal 0 -1 -0
    outer loop
      vertex -9.70176 -18.8 -1.45178
      vertex -9.70858 -18.8 -4.47318
      vertex -8.80077 -18.8 -4.40111
    endloop
  endfacet
  facet normal 0 -1 0
    outer loop
      vertex -9.86995 -18.8 -1.46513
      vertex -9.811 -18.8 -4.48131
      vertex -9.70858 -18.8 -4.47318
    endloop
  endfacet
  facet normal 0 -1 -0
    outer loop
      vertex -9.86995 -18.8 -1.46513
      vertex -9.89783 -18.8 -4.48873
      vertex -9.811 -18.8 -4.48131
    endloop
  endfacet
  facet normal 0 -1 -0
    outer loop
      vertex -10.885 -18.8 -1.55186
      vertex -10.8898 -18.8 -4.57348
      vertex -9.89783 -18.8 -4.48873
    endloop
  endfacet
  facet normal 0 -1 0
    outer loop
      vertex -11.0137 -18.8 -1.56319
      vertex -10.8915 -18.8 -4.57364
      vertex -10.8898 -18.8 -4.57348
    endloop
  endfacet
  facet normal 0 -1 0
    outer loop
      vertex -11.0137 -18.8 -1.56319
      vertex -10.9097 -18.8 -4.57529
      vertex -10.8915 -18.8 -4.57364
    endloop
  endfacet
  facet normal 0 -1 0
    outer loop
      vertex -24.5298 -18.8 -6.89134
      vertex -25.3409 -18.8 -3.98463
      vertex -27.6354 -18.8 -4.59042
    endloop
  endfacet
  facet normal 0 -1 -0
    outer loop
      vertex -11.63 -18.8 -1.61946
      vertex -12.0502 -18.8 -4.71491
      vertex -10.9097 -18.8 -4.57529
    endloop
  endfacet
  facet normal 0 -1 0
    outer loop
      vertex -13.1035 -18.8 -1.80724
      vertex -12.9244 -18.8 -4.82852
      vertex -12.0502 -18.8 -4.71491
    endloop
  endfacet
  facet normal 0 -1 0
    outer loop
      vertex -13.388 -18.8 -1.84422
      vertex -13.3081 -18.8 -4.87839
      vertex -12.9244 -18.8 -4.82852
    endloop
  endfacet
  facet normal 0 -1 -0
    outer loop
      vertex -13.818 -18.8 -1.90321
      vertex -14.0421 -18.8 -4.97909
      vertex -13.3081 -18.8 -4.87839
    endloop
  endfacet
  facet normal 0 -1 0
    outer loop
      vertex -14.7714 -18.8 -2.03402
      vertex -14.6832 -18.8 -5.06706
      vertex -14.0421 -18.8 -4.97909
    endloop
  endfacet
  facet normal 0 -1 -0
    outer loop
      vertex -15.4429 -18.8 -2.13078
      vertex -15.6957 -18.8 -5.21296
      vertex -14.6832 -18.8 -5.06706
    endloop
  endfacet
  facet normal 0 -1 0
    outer loop
      vertex -16.2977 -18.8 -2.25397
      vertex -16.2004 -18.8 -5.28569
      vertex -15.6957 -18.8 -5.21296
    endloop
  endfacet
  facet normal 0 -1 -0
    outer loop
      vertex -17.7157 -18.8 -2.46761
      vertex -17.788 -18.8 -5.52488
      vertex -16.2004 -18.8 -5.28569
    endloop
  endfacet
  facet normal 0 -1 0
    outer loop
      vertex -18.1834 -18.8 -2.53922
      vertex -17.8915 -18.8 -5.54048
      vertex -17.788 -18.8 -5.52488
    endloop
  endfacet
  facet normal 0 -1 0
    outer loop
      vertex -18.1834 -18.8 -2.53922
      vertex -17.9589 -18.8 -5.55106
      vertex -17.8915 -18.8 -5.54048
    endloop
  endfacet
  facet normal 0 -1 0
    outer loop
      vertex -28.4047 -18.8 -7.92095
      vertex -27.6354 -18.8 -4.59042
      vertex -31.1828 -18.8 -5.5519
    endloop
  endfacet
  facet normal 0 -1 0
    outer loop
      vertex -30.1739 -18.8 -8.40048
      vertex -31.1828 -18.8 -5.5519
      vertex -31.2099 -18.8 -5.56057
    endloop
  endfacet
  facet normal 0 -1 0
    outer loop
      vertex -30.1739 -18.8 -8.40048
      vertex -31.2099 -18.8 -5.56057
      vertex -31.2315 -18.8 -5.56749
    endloop
  endfacet
  facet normal 0 -1 -0
    outer loop
      vertex -18.1834 -18.8 -2.53922
      vertex -18.2701 -18.8 -5.59987
      vertex -17.9589 -18.8 -5.55106
    endloop
  endfacet
  facet normal 0 -1 -0
    outer loop
      vertex -19.0348 -18.8 -2.67276
      vertex -19.3904 -18.8 -5.82115
      vertex -18.2701 -18.8 -5.59987
    endloop
  endfacet
  facet normal 0 -1 0
    outer loop
      vertex -19.917 -18.8 -2.84701
      vertex -19.798 -18.8 -5.90167
      vertex -19.3904 -18.8 -5.82115
    endloop
  endfacet
  facet normal 0 -1 0
    outer loop
      vertex -21.2311 -18.8 -3.11622
      vertex -20.9235 -18.8 -6.13223
      vertex -19.798 -18.8 -5.90167
    endloop
  endfacet
  facet normal 0 -1 0
    outer loop
      vertex -31.045 -18.8 -8.67896
      vertex -31.2315 -18.8 -5.56749
      vertex -33.5243 -18.8 -6.31769
    endloop
  endfacet
  facet normal 0 -1 0
    outer loop
      vertex -22.107 -18.8 -3.29566
      vertex -21.975 -18.8 -6.34763
      vertex -20.9235 -18.8 -6.13223
    endloop
  endfacet
  facet normal 0 -1 -0
    outer loop
      vertex -24.2214 -18.8 -3.74324
      vertex -24.4707 -18.8 -6.87596
      vertex -21.975 -18.8 -6.34763
    endloop
  endfacet
  facet normal 0 -1 0
    outer loop
      vertex -25.3409 -18.8 -3.98463
      vertex -24.4974 -18.8 -6.88281
      vertex -24.4707 -18.8 -6.87596
    endloop
  endfacet
  facet normal 0 -1 0
    outer loop
      vertex -25.3409 -18.8 -3.98463
      vertex -24.5298 -18.8 -6.89134
      vertex -24.4974 -18.8 -6.88281
    endloop
  endfacet
  facet normal 0 -1 0
    outer loop
      vertex -34.8526 -18.8 -9.92485
      vertex -33.5243 -18.8 -6.31769
      vertex -35.6614 -18.8 -7.01697
    endloop
  endfacet
  facet normal 0 -1 0
    outer loop
      vertex -35.4484 -18.8 -10.1198
      vertex -35.6614 -18.8 -7.01697
      vertex -36.7209 -18.8 -7.37079
    endloop
  endfacet
  facet normal 0 -1 0
    outer loop
      vertex -27.6354 -18.8 -4.59042
      vertex -27.4703 -18.8 -7.6677
      vertex -24.5298 -18.8 -6.89134
    endloop
  endfacet
  facet normal 0 -1 -0
    outer loop
      vertex -27.6354 -18.8 -4.59042
      vertex -28.4047 -18.8 -7.92095
      vertex -27.4703 -18.8 -7.6677
    endloop
  endfacet
  facet normal 0 -1 0
    outer loop
      vertex -35.5981 -18.8 -10.1698
      vertex -36.7209 -18.8 -7.37079
      vertex -38.7809 -18.8 -8.16714
    endloop
  endfacet
  facet normal 0 -1 0
    outer loop
      vertex -31.1828 -18.8 -5.5519
      vertex -30.1739 -18.8 -8.40048
      vertex -28.4047 -18.8 -7.92095
    endloop
  endfacet
  facet normal 0 -1 0
    outer loop
      vertex -31.2315 -18.8 -5.56749
      vertex -30.6583 -18.8 -8.55532
      vertex -30.1739 -18.8 -8.40048
    endloop
  endfacet
  facet normal 0 -1 0
    outer loop
      vertex -31.2315 -18.8 -5.56749
      vertex -31.045 -18.8 -8.67896
      vertex -30.6583 -18.8 -8.55532
    endloop
  endfacet
  facet normal 0 -1 0
    outer loop
      vertex -37.7554 -18.8 -11.0037
      vertex -38.7809 -18.8 -8.16714
      vertex -41.2834 -18.8 -9.13451
    endloop
  endfacet
  facet normal 0 -1 0
    outer loop
      vertex -40.797 -18.8 -12.1796
      vertex -41.2834 -18.8 -9.13451
      vertex -42.052 -18.8 -9.43693
    endloop
  endfacet
  facet normal 0 -1 -0
    outer loop
      vertex -33.5243 -18.8 -6.31769
      vertex -34.8526 -18.8 -9.92485
      vertex -31.045 -18.8 -8.67896
    endloop
  endfacet
  facet normal 0 -1 0
    outer loop
      vertex -35.6614 -18.8 -7.01697
      vertex -35.4484 -18.8 -10.1198
      vertex -34.8526 -18.8 -9.92485
    endloop
  endfacet
  facet normal 0 -1 0
    outer loop
      vertex -36.7209 -18.8 -7.37079
      vertex -35.5981 -18.8 -10.1698
      vertex -35.4484 -18.8 -10.1198
    endloop
  endfacet
  facet normal 0 -1 0
    outer loop
      vertex -41.0368 -18.8 -12.2854
      vertex -42.052 -18.8 -9.43693
      vertex -44.3 -18.8 -10.4468
    endloop
  endfacet
  facet normal 0 -1 0
    outer loop
      vertex -38.7809 -18.8 -8.16714
      vertex -37.7554 -18.8 -11.0037
      vertex -35.5981 -18.8 -10.1698
    endloop
  endfacet
  facet normal 0 -1 0
    outer loop
      vertex -41.2834 -18.8 -9.13451
      vertex -40.797 -18.8 -12.1796
      vertex -37.7554 -18.8 -11.0037
    endloop
  endfacet
  facet normal 0 -1 0
    outer loop
      vertex -42.052 -18.8 -9.43693
      vertex -40.8979 -18.8 -12.2241
      vertex -40.797 -18.8 -12.1796
    endloop
  endfacet
  facet normal 0 -1 0
    outer loop
      vertex -42.052 -18.8 -9.43693
      vertex -41.0368 -18.8 -12.2854
      vertex -40.8979 -18.8 -12.2241
    endloop
  endfacet
  facet normal -0 -1 0
    outer loop
      vertex -41.0368 -18.8 -12.2854
      vertex -44.3 -18.8 -10.4468
      vertex -44.3 -18.8 -13.7513
    endloop
  endfacet
  facet normal 0 -1 0
    outer loop
      vertex 9.70176 -18.8 -1.45178
      vertex 9.70858 -18.8 -4.47318
      vertex 9.86995 -18.8 -1.46513
    endloop
  endfacet
  facet normal 0 -1 0
    outer loop
      vertex 9.811 -18.8 -4.48131
      vertex 9.86995 -18.8 -1.46513
      vertex 9.70858 -18.8 -4.47318
    endloop
  endfacet
  facet normal 0 -1 0
    outer loop
      vertex 9.89783 -18.8 -4.48873
      vertex 9.86995 -18.8 -1.46513
      vertex 9.811 -18.8 -4.48131
    endloop
  endfacet
  facet normal 0 -1 0
    outer loop
      vertex 9.86995 -18.8 -1.46513
      vertex 9.89783 -18.8 -4.48873
      vertex 10.885 -18.8 -1.55186
    endloop
  endfacet
  facet normal 0 -1 0
    outer loop
      vertex 10.8898 -18.8 -4.57348
      vertex 10.885 -18.8 -1.55186
      vertex 9.89783 -18.8 -4.48873
    endloop
  endfacet
  facet normal 0 -1 0
    outer loop
      vertex 10.885 -18.8 -1.55186
      vertex 10.8898 -18.8 -4.57348
      vertex 10.9552 -18.8 -1.55786
    endloop
  endfacet
  facet normal 0 -1 -0
    outer loop
      vertex 10.9552 -18.8 -1.55786
      vertex 10.8898 -18.8 -4.57348
      vertex 11.0137 -18.8 -1.56319
    endloop
  endfacet
  facet normal 0 -1 0
    outer loop
      vertex 10.8915 -18.8 -4.57364
      vertex 11.0137 -18.8 -1.56319
      vertex 10.8898 -18.8 -4.57348
    endloop
  endfacet
  facet normal 0 -1 0
    outer loop
      vertex 10.9097 -18.8 -4.57529
      vertex 11.0137 -18.8 -1.56319
      vertex 10.8915 -18.8 -4.57364
    endloop
  endfacet
  facet normal 0 -1 -0
    outer loop
      vertex 11.0137 -18.8 -1.56319
      vertex 10.9097 -18.8 -4.57529
      vertex 11.63 -18.8 -1.61946
    endloop
  endfacet
  facet normal 0 -1 0
    outer loop
      vertex 12.0502 -18.8 -4.71491
      vertex 11.63 -18.8 -1.61946
      vertex 10.9097 -18.8 -4.57529
    endloop
  endfacet
  facet normal 0 -1 0
    outer loop
      vertex 11.63 -18.8 -1.61946
      vertex 12.0502 -18.8 -4.71491
      vertex 12.1226 -18.8 -1.67976
    endloop
  endfacet
  facet normal 0 -1 -0
    outer loop
      vertex 12.1226 -18.8 -1.67976
      vertex 12.0502 -18.8 -4.71491
      vertex 13.1035 -18.8 -1.80724
    endloop
  endfacet
  facet normal 0 -1 0
    outer loop
      vertex 12.9244 -18.8 -4.82852
      vertex 13.1035 -18.8 -1.80724
      vertex 12.0502 -18.8 -4.71491
    endloop
  endfacet
  facet normal 0 -1 -0
    outer loop
      vertex 13.1035 -18.8 -1.80724
      vertex 12.9244 -18.8 -4.82852
      vertex 13.388 -18.8 -1.84422
    endloop
  endfacet
  facet normal 0 -1 0
    outer loop
      vertex 13.3081 -18.8 -4.87839
      vertex 13.388 -18.8 -1.84422
      vertex 12.9244 -18.8 -4.82852
    endloop
  endfacet
  facet normal 0 -1 -0
    outer loop
      vertex 13.388 -18.8 -1.84422
      vertex 13.3081 -18.8 -4.87839
      vertex 13.818 -18.8 -1.90321
    endloop
  endfacet
  facet normal 0 -1 0
    outer loop
      vertex 14.0421 -18.8 -4.97909
      vertex 13.818 -18.8 -1.90321
      vertex 13.3081 -18.8 -4.87839
    endloop
  endfacet
  facet normal 0 -1 0
    outer loop
      vertex 13.818 -18.8 -1.90321
      vertex 14.0421 -18.8 -4.97909
      vertex 14.7714 -18.8 -2.03402
    endloop
  endfacet
  facet normal 0 -1 0
    outer loop
      vertex 14.6832 -18.8 -5.06706
      vertex 14.7714 -18.8 -2.03402
      vertex 14.0421 -18.8 -4.97909
    endloop
  endfacet
  facet normal 0 -1 -0
    outer loop
      vertex 14.7714 -18.8 -2.03402
      vertex 14.6832 -18.8 -5.06706
      vertex 15.4429 -18.8 -2.13078
    endloop
  endfacet
  facet normal 0 -1 0
    outer loop
      vertex 15.6957 -18.8 -5.21296
      vertex 15.4429 -18.8 -2.13078
      vertex 14.6832 -18.8 -5.06706
    endloop
  endfacet
  facet normal 0 -1 0
    outer loop
      vertex 15.4429 -18.8 -2.13078
      vertex 15.6957 -18.8 -5.21296
      vertex 16.2977 -18.8 -2.25397
    endloop
  endfacet
  facet normal 0 -1 0
    outer loop
      vertex 16.2004 -18.8 -5.28569
      vertex 16.2977 -18.8 -2.25397
      vertex 15.6957 -18.8 -5.21296
    endloop
  endfacet
  facet normal 0 -1 -0
    outer loop
      vertex 16.2977 -18.8 -2.25397
      vertex 16.2004 -18.8 -5.28569
      vertex 17.7157 -18.8 -2.46761
    endloop
  endfacet
  facet normal 0 -1 0
    outer loop
      vertex 17.788 -18.8 -5.52488
      vertex 17.7157 -18.8 -2.46761
      vertex 16.2004 -18.8 -5.28569
    endloop
  endfacet
  facet normal 0 -1 0
    outer loop
      vertex 17.7157 -18.8 -2.46761
      vertex 17.788 -18.8 -5.52488
      vertex 17.999 -18.8 -2.51029
    endloop
  endfacet
  facet normal 0 -1 -0
    outer loop
      vertex 17.999 -18.8 -2.51029
      vertex 17.788 -18.8 -5.52488
      vertex 18.1834 -18.8 -2.53922
    endloop
  endfacet
  facet normal 0 -1 0
    outer loop
      vertex 17.8915 -18.8 -5.54048
      vertex 18.1834 -18.8 -2.53922
      vertex 17.788 -18.8 -5.52488
    endloop
  endfacet
  facet normal 0 -1 0
    outer loop
      vertex 17.9589 -18.8 -5.55106
      vertex 18.1834 -18.8 -2.53922
      vertex 17.8915 -18.8 -5.54048
    endloop
  endfacet
  facet normal 0 -1 0
    outer loop
      vertex 18.2701 -18.8 -5.59987
      vertex 18.1834 -18.8 -2.53922
      vertex 17.9589 -18.8 -5.55106
    endloop
  endfacet
  facet normal 0 -1 0
    outer loop
      vertex 18.1834 -18.8 -2.53922
      vertex 18.2701 -18.8 -5.59987
      vertex 19.0348 -18.8 -2.67276
    endloop
  endfacet
  facet normal 0 -1 0
    outer loop
      vertex 19.3904 -18.8 -5.82115
      vertex 19.0348 -18.8 -2.67276
      vertex 18.2701 -18.8 -5.59987
    endloop
  endfacet
  facet normal 0 -1 0
    outer loop
      vertex 19.0348 -18.8 -2.67276
      vertex 19.3904 -18.8 -5.82115
      vertex 19.917 -18.8 -2.84701
    endloop
  endfacet
  facet normal 0 -1 0
    outer loop
      vertex 19.798 -18.8 -5.90167
      vertex 19.917 -18.8 -2.84701
      vertex 19.3904 -18.8 -5.82115
    endloop
  endfacet
  facet normal 0 -1 -0
    outer loop
      vertex 19.917 -18.8 -2.84701
      vertex 19.798 -18.8 -5.90167
      vertex 21.2311 -18.8 -3.11622
    endloop
  endfacet
  facet normal 0 -1 0
    outer loop
      vertex 20.9235 -18.8 -6.13223
      vertex 21.2311 -18.8 -3.11622
      vertex 19.798 -18.8 -5.90167
    endloop
  endfacet
  facet normal 0 -1 -0
    outer loop
      vertex 21.2311 -18.8 -3.11622
      vertex 20.9235 -18.8 -6.13223
      vertex 22.107 -18.8 -3.29566
    endloop
  endfacet
  facet normal 0 -1 0
    outer loop
      vertex 21.975 -18.8 -6.34763
      vertex 22.107 -18.8 -3.29566
      vertex 20.9235 -18.8 -6.13223
    endloop
  endfacet
  facet normal 0 -1 -0
    outer loop
      vertex 22.107 -18.8 -3.29566
      vertex 21.975 -18.8 -6.34763
      vertex 24.2214 -18.8 -3.74324
    endloop
  endfacet
  facet normal 0 -1 0
    outer loop
      vertex 24.4707 -18.8 -6.87596
      vertex 24.2214 -18.8 -3.74324
      vertex 21.975 -18.8 -6.34763
    endloop
  endfacet
  facet normal 0 -1 0
    outer loop
      vertex 24.2214 -18.8 -3.74324
      vertex 24.4707 -18.8 -6.87596
      vertex 24.6446 -18.8 -3.83284
    endloop
  endfacet
  facet normal 0 -1 -0
    outer loop
      vertex 24.6446 -18.8 -3.83284
      vertex 24.4707 -18.8 -6.87596
      vertex 24.8372 -18.8 -3.87482
    endloop
  endfacet
  facet normal 0 -1 -0
    outer loop
      vertex 24.8372 -18.8 -3.87482
      vertex 24.4707 -18.8 -6.87596
      vertex 25.3409 -18.8 -3.98463
    endloop
  endfacet
  facet normal 0 -1 0
    outer loop
      vertex 24.4974 -18.8 -6.88281
      vertex 25.3409 -18.8 -3.98463
      vertex 24.4707 -18.8 -6.87596
    endloop
  endfacet
  facet normal 0 -1 0
    outer loop
      vertex 24.5298 -18.8 -6.89134
      vertex 25.3409 -18.8 -3.98463
      vertex 24.4974 -18.8 -6.88281
    endloop
  endfacet
  facet normal 0 -1 -0
    outer loop
      vertex 25.3409 -18.8 -3.98463
      vertex 24.5298 -18.8 -6.89134
      vertex 27.6354 -18.8 -4.59042
    endloop
  endfacet
  facet normal 0 -1 0
    outer loop
      vertex 27.4703 -18.8 -7.6677
      vertex 27.6354 -18.8 -4.59042
      vertex 24.5298 -18.8 -6.89134
    endloop
  endfacet
  facet normal 0 -1 0
    outer loop
      vertex 28.4047 -18.8 -7.92095
      vertex 27.6354 -18.8 -4.59042
      vertex 27.4703 -18.8 -7.6677
    endloop
  endfacet
  facet normal 0 -1 0
    outer loop
      vertex 27.6354 -18.8 -4.59042
      vertex 28.4047 -18.8 -7.92095
      vertex 31.1828 -18.8 -5.5519
    endloop
  endfacet
  facet normal 0 -1 0
    outer loop
      vertex 30.1739 -18.8 -8.40048
      vertex 31.1828 -18.8 -5.5519
      vertex 28.4047 -18.8 -7.92095
    endloop
  endfacet
  facet normal 0 -1 -0
    outer loop
      vertex 31.1828 -18.8 -5.5519
      vertex 30.1739 -18.8 -8.40048
      vertex 31.2099 -18.8 -5.56057
    endloop
  endfacet
  facet normal 0 -1 -0
    outer loop
      vertex 31.2099 -18.8 -5.56057
      vertex 30.1739 -18.8 -8.40048
      vertex 31.2315 -18.8 -5.56749
    endloop
  endfacet
  facet normal 0 -1 0
    outer loop
      vertex 30.6583 -18.8 -8.55532
      vertex 31.2315 -18.8 -5.56749
      vertex 30.1739 -18.8 -8.40048
    endloop
  endfacet
  facet normal 0 -1 0
    outer loop
      vertex 31.045 -18.8 -8.67896
      vertex 31.2315 -18.8 -5.56749
      vertex 30.6583 -18.8 -8.55532
    endloop
  endfacet
  facet normal 0 -1 -0
    outer loop
      vertex 31.2315 -18.8 -5.56749
      vertex 31.045 -18.8 -8.67896
      vertex 33.5243 -18.8 -6.31769
    endloop
  endfacet
  facet normal 0 -1 0
    outer loop
      vertex 34.8526 -18.8 -9.92485
      vertex 33.5243 -18.8 -6.31769
      vertex 31.045 -18.8 -8.67896
    endloop
  endfacet
  facet normal 0 -1 0
    outer loop
      vertex 33.5243 -18.8 -6.31769
      vertex 34.8526 -18.8 -9.92485
      vertex 35.6614 -18.8 -7.01697
    endloop
  endfacet
  facet normal 0 -1 0
    outer loop
      vertex 35.4484 -18.8 -10.1198
      vertex 35.6614 -18.8 -7.01697
      vertex 34.8526 -18.8 -9.92485
    endloop
  endfacet
  facet normal 0 -1 -0
    outer loop
      vertex 35.6614 -18.8 -7.01697
      vertex 35.4484 -18.8 -10.1198
      vertex 36.7209 -18.8 -7.37079
    endloop
  endfacet
  facet normal 0 -1 0
    outer loop
      vertex 35.5981 -18.8 -10.1698
      vertex 36.7209 -18.8 -7.37079
      vertex 35.4484 -18.8 -10.1198
    endloop
  endfacet
  facet normal 0 -1 -0
    outer loop
      vertex 36.7209 -18.8 -7.37079
      vertex 35.5981 -18.8 -10.1698
      vertex 38.7809 -18.8 -8.16714
    endloop
  endfacet
  facet normal 0 -1 0
    outer loop
      vertex 37.7554 -18.8 -11.0037
      vertex 38.7809 -18.8 -8.16714
      vertex 35.5981 -18.8 -10.1698
    endloop
  endfacet
  facet normal 0 -1 -0
    outer loop
      vertex 38.7809 -18.8 -8.16714
      vertex 37.7554 -18.8 -11.0037
      vertex 41.2834 -18.8 -9.13451
    endloop
  endfacet
  facet normal 0 -1 0
    outer loop
      vertex 40.797 -18.8 -12.1796
      vertex 41.2834 -18.8 -9.13451
      vertex 37.7554 -18.8 -11.0037
    endloop
  endfacet
  facet normal 0 -1 -0
    outer loop
      vertex 41.2834 -18.8 -9.13451
      vertex 40.797 -18.8 -12.1796
      vertex 42.052 -18.8 -9.43693
    endloop
  endfacet
  facet normal 0 -1 0
    outer loop
      vertex 40.8979 -18.8 -12.2241
      vertex 42.052 -18.8 -9.43693
      vertex 40.797 -18.8 -12.1796
    endloop
  endfacet
  facet normal 0 -1 0
    outer loop
      vertex 41.0368 -18.8 -12.2854
      vertex 42.052 -18.8 -9.43693
      vertex 40.8979 -18.8 -12.2241
    endloop
  endfacet
  facet normal 0 -1 -0
    outer loop
      vertex 42.052 -18.8 -9.43693
      vertex 41.0368 -18.8 -12.2854
      vertex 44.3 -18.8 -10.4468
    endloop
  endfacet
  facet normal 0 -1 -0
    outer loop
      vertex 44.3 -18.8 -10.4468
      vertex 41.0368 -18.8 -12.2854
      vertex 44.3 -18.8 -13.7513
    endloop
  endfacet
  facet normal 0.0980329 0.995183 5.49976e-06
    outer loop
      vertex 44.3 18.8 -13.7513
      vertex 44.5597 18.7744 -10.5605
      vertex 45.2754 18.7039 -10.8738
    endloop
  endfacet
  facet normal 0.0980998 0.995177 0
    outer loop
      vertex 44.5597 18.7744 -10.5605
      vertex 44.3 18.8 -13.7513
      vertex 44.3 18.8 -10.4468
    endloop
  endfacet
  facet normal 0.098049 0.995182 0
    outer loop
      vertex 44.3 18.8 -13.7513
      vertex 45.2754 18.7039 -10.8738
      vertex 45.2754 18.7039 -14.1784
    endloop
  endfacet
  facet normal 0.290248 0.956951 0
    outer loop
      vertex 46.2134 18.4194 -11.262
      vertex 45.2754 18.7039 -14.1784
      vertex 45.2754 18.7039 -10.8738
    endloop
  endfacet
  facet normal 0.290276 0.956943 -9.69771e-06
    outer loop
      vertex 46.2134 18.4194 -11.262
      vertex 45.8711 18.5232 -14.425
      vertex 45.2754 18.7039 -14.1784
    endloop
  endfacet
  facet normal 0.290194 0.956968 0
    outer loop
      vertex 45.8711 18.5232 -14.425
      vertex 46.2134 18.4194 -11.262
      vertex 46.2134 18.4194 -14.5852
    endloop
  endfacet
  facet normal 0 1 0
    outer loop
      vertex 0 18.8 -4.03984
      vertex 0 18.8 -1.02101
      vertex 0.226655 18.8 -1.02184
    endloop
  endfacet
  facet normal 0 1 -0
    outer loop
      vertex 0.275069 18.8 -4.04084
      vertex 0.226655 18.8 -1.02184
      vertex 0.725673 18.8 -1.02366
    endloop
  endfacet
  facet normal -0 1 0
    outer loop
      vertex 0 18.8 -4.03984
      vertex 0.226655 18.8 -1.02184
      vertex 0.275069 18.8 -4.04084
    endloop
  endfacet
  facet normal 0 1 0
    outer loop
      vertex 0.721339 18.8 -4.04247
      vertex 0.725673 18.8 -1.02366
      vertex 1.21868 18.8 -1.02904
    endloop
  endfacet
  facet normal 0 1 0
    outer loop
      vertex 0 18.8 -1.02101
      vertex 0 18.8 -4.03984
      vertex -0.226655 18.8 -1.02184
    endloop
  endfacet
  facet normal 0 1 0
    outer loop
      vertex 1.16223 18.8 -4.04728
      vertex 1.21868 18.8 -1.02904
      vertex 1.45486 18.8 -1.03162
    endloop
  endfacet
  facet normal 0 1 0
    outer loop
      vertex -0.226655 18.8 -1.02184
      vertex -0.275069 18.8 -4.04084
      vertex -0.725673 18.8 -1.02366
    endloop
  endfacet
  facet normal 0 1 0
    outer loop
      vertex 1.44617 18.8 -4.05038
      vertex 1.45486 18.8 -1.03162
      vertex 1.69925 18.8 -1.03605
    endloop
  endfacet
  facet normal 0 1 -0
    outer loop
      vertex -0.721339 18.8 -4.04247
      vertex -0.725673 18.8 -1.02366
      vertex -0.275069 18.8 -4.04084
    endloop
  endfacet
  facet normal 0 1 -0
    outer loop
      vertex 1.73998 18.8 -4.05572
      vertex 1.69925 18.8 -1.03605
      vertex 2.19113 18.8 -1.04499
    endloop
  endfacet
  facet normal 0 1 0
    outer loop
      vertex -0.275069 18.8 -4.04084
      vertex -0.226655 18.8 -1.02184
      vertex 0 18.8 -4.03984
    endloop
  endfacet
  facet normal 0 1 0
    outer loop
      vertex 2.17805 18.8 -4.06367
      vertex 2.19113 18.8 -1.04499
      vertex 2.66534 18.8 -1.05702
    endloop
  endfacet
  facet normal 0 1 0
    outer loop
      vertex -0.725673 18.8 -1.02366
      vertex -0.721339 18.8 -4.04247
      vertex -1.21868 18.8 -1.02904
    endloop
  endfacet
  facet normal 0 1 0
    outer loop
      vertex 2.60038 18.8 -4.07439
      vertex 2.66534 18.8 -1.05702
      vertex 2.93822 18.8 -1.06394
    endloop
  endfacet
  facet normal 0 1 0
    outer loop
      vertex -1.21868 18.8 -1.02904
      vertex -1.16223 18.8 -4.04728
      vertex -1.45486 18.8 -1.03162
    endloop
  endfacet
  facet normal 0 1 0
    outer loop
      vertex 2.92067 18.8 -4.08251
      vertex 2.93822 18.8 -1.06394
      vertex 3.39789 18.8 -1.07888
    endloop
  endfacet
  facet normal 0 1 -0
    outer loop
      vertex -1.16223 18.8 -4.04728
      vertex -1.21868 18.8 -1.02904
      vertex -0.721339 18.8 -4.04247
    endloop
  endfacet
  facet normal 0 1 0
    outer loop
      vertex 3.26386 18.8 -4.09367
      vertex 3.39789 18.8 -1.07888
      vertex 3.70005 18.8 -1.08871
    endloop
  endfacet
  facet normal 0 1 0
    outer loop
      vertex -1.45486 18.8 -1.03162
      vertex -1.44617 18.8 -4.05038
      vertex -1.69925 18.8 -1.03605
    endloop
  endfacet
  facet normal 0 1 0
    outer loop
      vertex 3.67795 18.8 -4.10713
      vertex 3.70005 18.8 -1.08871
      vertex 4.02966 18.8 -1.10175
    endloop
  endfacet
  facet normal 0 1 0
    outer loop
      vertex -1.73998 18.8 -4.05572
      vertex -1.69925 18.8 -1.03605
      vertex -1.44617 18.8 -4.05038
    endloop
  endfacet
  facet normal 0 1 -0
    outer loop
      vertex 4.06722 18.8 -4.12254
      vertex 4.02966 18.8 -1.10175
      vertex 4.48086 18.8 -1.11961
    endloop
  endfacet
  facet normal 0 1 -0
    outer loop
      vertex -1.44617 18.8 -4.05038
      vertex -1.45486 18.8 -1.03162
      vertex -1.16223 18.8 -4.04728
    endloop
  endfacet
  facet normal 0 1 0
    outer loop
      vertex 4.4541 18.8 -4.13785
      vertex 4.48086 18.8 -1.11961
      vertex 4.89951 18.8 -1.13909
    endloop
  endfacet
  facet normal 0 1 0
    outer loop
      vertex -1.69925 18.8 -1.03605
      vertex -1.73998 18.8 -4.05572
      vertex -2.19113 18.8 -1.04499
    endloop
  endfacet
  facet normal 0 1 0
    outer loop
      vertex 4.88398 18.8 -4.15785
      vertex 4.89951 18.8 -1.13909
      vertex 5.2853 18.8 -1.15705
    endloop
  endfacet
  facet normal 0 1 0
    outer loop
      vertex -2.19113 18.8 -1.04499
      vertex -2.17805 18.8 -4.06367
      vertex -2.66534 18.8 -1.05702
    endloop
  endfacet
  facet normal 0 1 0
    outer loop
      vertex 5.25373 18.8 -4.17507
      vertex 5.2853 18.8 -1.15705
      vertex 5.67639 18.8 -1.17794
    endloop
  endfacet
  facet normal 0 1 -0
    outer loop
      vertex -2.60038 18.8 -4.07439
      vertex -2.66534 18.8 -1.05702
      vertex -2.17805 18.8 -4.06367
    endloop
  endfacet
  facet normal 0 1 0
    outer loop
      vertex 5.59224 18.8 -4.19314
      vertex 5.67639 18.8 -1.17794
      vertex 6.11852 18.8 -1.20155
    endloop
  endfacet
  facet normal 0 1 0
    outer loop
      vertex -2.66534 18.8 -1.05702
      vertex -2.60038 18.8 -4.07439
      vertex -2.93822 18.8 -1.06394
    endloop
  endfacet
  facet normal 0 1 0
    outer loop
      vertex 6.08198 18.8 -4.21929
      vertex 6.11852 18.8 -1.20155
      vertex 6.62913 18.8 -1.23225
    endloop
  endfacet
  facet normal 0 1 -0
    outer loop
      vertex -2.17805 18.8 -4.06367
      vertex -2.19113 18.8 -1.04499
      vertex -1.73998 18.8 -4.05572
    endloop
  endfacet
  facet normal 0 1 -0
    outer loop
      vertex 6.64758 18.8 -4.2533
      vertex 6.62913 18.8 -1.23225
      vertex 6.98636 18.8 -1.25373
    endloop
  endfacet
  facet normal 0 1 0
    outer loop
      vertex -2.93822 18.8 -1.06394
      vertex -2.92067 18.8 -4.08251
      vertex -3.39789 18.8 -1.07888
    endloop
  endfacet
  facet normal 0 1 0
    outer loop
      vertex 6.94464 18.8 -4.27117
      vertex 6.98636 18.8 -1.25373
      vertex 7.30421 18.8 -1.27493
    endloop
  endfacet
  facet normal 0 1 -0
    outer loop
      vertex -3.26386 18.8 -4.09367
      vertex -3.39789 18.8 -1.07888
      vertex -2.92067 18.8 -4.08251
    endloop
  endfacet
  facet normal 0 1 0
    outer loop
      vertex 7.20895 18.8 -4.2888
      vertex 7.30421 18.8 -1.27493
      vertex 7.89549 18.8 -1.31438
    endloop
  endfacet
  facet normal 0 1 -0
    outer loop
      vertex -2.92067 18.8 -4.08251
      vertex -2.93822 18.8 -1.06394
      vertex -2.60038 18.8 -4.07439
    endloop
  endfacet
  facet normal 0 1 0
    outer loop
      vertex 7.84833 18.8 -4.33145
      vertex 7.89549 18.8 -1.31438
      vertex 8.16533 18.8 -1.33412
    endloop
  endfacet
  facet normal 0 1 -0
    outer loop
      vertex -3.67795 18.8 -4.10713
      vertex -3.70005 18.8 -1.08871
      vertex -3.26386 18.8 -4.09367
    endloop
  endfacet
  facet normal 0 1 0
    outer loop
      vertex 8.06401 18.8 -4.34723
      vertex 8.16533 18.8 -1.33412
      vertex 8.85365 18.8 -1.38446
    endloop
  endfacet
  facet normal 0 1 0
    outer loop
      vertex -3.39789 18.8 -1.07888
      vertex -3.26386 18.8 -4.09367
      vertex -3.70005 18.8 -1.08871
    endloop
  endfacet
  facet normal 0 1 0
    outer loop
      vertex 8.80077 18.8 -4.40111
      vertex 8.85365 18.8 -1.38446
      vertex 9.70176 18.8 -1.45178
    endloop
  endfacet
  facet normal 0 1 0
    outer loop
      vertex -3.70005 18.8 -1.08871
      vertex -3.67795 18.8 -4.10713
      vertex -4.02966 18.8 -1.10175
    endloop
  endfacet
  facet normal 0 1 -0
    outer loop
      vertex 9.70858 18.8 -4.47318
      vertex 9.70176 18.8 -1.45178
      vertex 9.86995 18.8 -1.46513
    endloop
  endfacet
  facet normal 0 1 0
    outer loop
      vertex -4.02966 18.8 -1.10175
      vertex -4.06722 18.8 -4.12254
      vertex -4.48086 18.8 -1.11961
    endloop
  endfacet
  facet normal 0 1 -0
    outer loop
      vertex 9.89783 18.8 -4.48873
      vertex 9.86995 18.8 -1.46513
      vertex 10.885 18.8 -1.55186
    endloop
  endfacet
  facet normal 0 1 0
    outer loop
      vertex -4.06722 18.8 -4.12254
      vertex -4.02966 18.8 -1.10175
      vertex -3.67795 18.8 -4.10713
    endloop
  endfacet
  facet normal 0 1 -0
    outer loop
      vertex 10.8898 18.8 -4.57348
      vertex 10.885 18.8 -1.55186
      vertex 10.9552 18.8 -1.55786
    endloop
  endfacet
  facet normal 0 1 -0
    outer loop
      vertex -4.4541 18.8 -4.13785
      vertex -4.48086 18.8 -1.11961
      vertex -4.06722 18.8 -4.12254
    endloop
  endfacet
  facet normal 0 1 0
    outer loop
      vertex 10.8898 18.8 -4.57348
      vertex 10.9552 18.8 -1.55786
      vertex 11.0137 18.8 -1.56319
    endloop
  endfacet
  facet normal 0 1 0
    outer loop
      vertex -4.48086 18.8 -1.11961
      vertex -4.4541 18.8 -4.13785
      vertex -4.89951 18.8 -1.13909
    endloop
  endfacet
  facet normal 0 1 0
    outer loop
      vertex 10.9097 18.8 -4.57529
      vertex 11.0137 18.8 -1.56319
      vertex 11.63 18.8 -1.61946
    endloop
  endfacet
  facet normal 0 1 -0
    outer loop
      vertex -4.88398 18.8 -4.15785
      vertex -4.89951 18.8 -1.13909
      vertex -4.4541 18.8 -4.13785
    endloop
  endfacet
  facet normal 0 1 -0
    outer loop
      vertex 12.0502 18.8 -4.71491
      vertex 11.63 18.8 -1.61946
      vertex 12.1226 18.8 -1.67976
    endloop
  endfacet
  facet normal 0 1 0
    outer loop
      vertex -4.89951 18.8 -1.13909
      vertex -4.88398 18.8 -4.15785
      vertex -5.2853 18.8 -1.15705
    endloop
  endfacet
  facet normal 0 1 0
    outer loop
      vertex 12.0502 18.8 -4.71491
      vertex 12.1226 18.8 -1.67976
      vertex 13.1035 18.8 -1.80724
    endloop
  endfacet
  facet normal 0 1 -0
    outer loop
      vertex -5.25373 18.8 -4.17507
      vertex -5.2853 18.8 -1.15705
      vertex -4.88398 18.8 -4.15785
    endloop
  endfacet
  facet normal 0 1 0
    outer loop
      vertex 12.9244 18.8 -4.82852
      vertex 13.1035 18.8 -1.80724
      vertex 13.388 18.8 -1.84422
    endloop
  endfacet
  facet normal 0 1 -0
    outer loop
      vertex -5.59224 18.8 -4.19314
      vertex -5.67639 18.8 -1.17794
      vertex -5.25373 18.8 -4.17507
    endloop
  endfacet
  facet normal 0 1 0
    outer loop
      vertex 13.3081 18.8 -4.87839
      vertex 13.388 18.8 -1.84422
      vertex 13.818 18.8 -1.90321
    endloop
  endfacet
  facet normal 0 1 0
    outer loop
      vertex -5.67639 18.8 -1.17794
      vertex -5.59224 18.8 -4.19314
      vertex -6.11852 18.8 -1.20155
    endloop
  endfacet
  facet normal 0 1 -0
    outer loop
      vertex 14.0421 18.8 -4.97909
      vertex 13.818 18.8 -1.90321
      vertex 14.7714 18.8 -2.03402
    endloop
  endfacet
  facet normal 0 1 -0
    outer loop
      vertex -6.08198 18.8 -4.21929
      vertex -6.11852 18.8 -1.20155
      vertex -5.59224 18.8 -4.19314
    endloop
  endfacet
  facet normal 0 1 0
    outer loop
      vertex 14.6832 18.8 -5.06706
      vertex 14.7714 18.8 -2.03402
      vertex 15.4429 18.8 -2.13078
    endloop
  endfacet
  facet normal 0 1 0
    outer loop
      vertex -6.11852 18.8 -1.20155
      vertex -6.08198 18.8 -4.21929
      vertex -6.62913 18.8 -1.23225
    endloop
  endfacet
  facet normal 0 1 -0
    outer loop
      vertex 15.6957 18.8 -5.21296
      vertex 15.4429 18.8 -2.13078
      vertex 16.2977 18.8 -2.25397
    endloop
  endfacet
  facet normal 0 1 0
    outer loop
      vertex -6.64758 18.8 -4.2533
      vertex -6.62913 18.8 -1.23225
      vertex -6.08198 18.8 -4.21929
    endloop
  endfacet
  facet normal 0 1 0
    outer loop
      vertex 16.2004 18.8 -5.28569
      vertex 16.2977 18.8 -2.25397
      vertex 17.7157 18.8 -2.46761
    endloop
  endfacet
  facet normal 0 1 0
    outer loop
      vertex -6.62913 18.8 -1.23225
      vertex -6.64758 18.8 -4.2533
      vertex -6.98636 18.8 -1.25373
    endloop
  endfacet
  facet normal 0 1 -0
    outer loop
      vertex 17.788 18.8 -5.52488
      vertex 17.7157 18.8 -2.46761
      vertex 17.999 18.8 -2.51029
    endloop
  endfacet
  facet normal 0 1 -0
    outer loop
      vertex -6.94464 18.8 -4.27117
      vertex -6.98636 18.8 -1.25373
      vertex -6.64758 18.8 -4.2533
    endloop
  endfacet
  facet normal 0 1 0
    outer loop
      vertex 17.788 18.8 -5.52488
      vertex 17.999 18.8 -2.51029
      vertex 18.1834 18.8 -2.53922
    endloop
  endfacet
  facet normal 0 1 0
    outer loop
      vertex -6.98636 18.8 -1.25373
      vertex -6.94464 18.8 -4.27117
      vertex -7.30421 18.8 -1.27493
    endloop
  endfacet
  facet normal 0 1 -0
    outer loop
      vertex 18.2701 18.8 -5.59987
      vertex 18.1834 18.8 -2.53922
      vertex 19.0348 18.8 -2.67276
    endloop
  endfacet
  facet normal 0 1 -0
    outer loop
      vertex -7.20895 18.8 -4.2888
      vertex -7.30421 18.8 -1.27493
      vertex -6.94464 18.8 -4.27117
    endloop
  endfacet
  facet normal 0 1 -0
    outer loop
      vertex 19.3904 18.8 -5.82115
      vertex 19.0348 18.8 -2.67276
      vertex 19.917 18.8 -2.84701
    endloop
  endfacet
  facet normal 0 1 0
    outer loop
      vertex -7.30421 18.8 -1.27493
      vertex -7.20895 18.8 -4.2888
      vertex -7.89549 18.8 -1.31438
    endloop
  endfacet
  facet normal 0 1 0
    outer loop
      vertex 19.798 18.8 -5.90167
      vertex 19.917 18.8 -2.84701
      vertex 21.2311 18.8 -3.11622
    endloop
  endfacet
  facet normal 0 1 -0
    outer loop
      vertex -7.84833 18.8 -4.33145
      vertex -7.89549 18.8 -1.31438
      vertex -7.20895 18.8 -4.2888
    endloop
  endfacet
  facet normal 0 1 0
    outer loop
      vertex 20.9235 18.8 -6.13223
      vertex 21.2311 18.8 -3.11622
      vertex 22.107 18.8 -3.29566
    endloop
  endfacet
  facet normal 0 1 0
    outer loop
      vertex -7.89549 18.8 -1.31438
      vertex -7.84833 18.8 -4.33145
      vertex -8.16533 18.8 -1.33412
    endloop
  endfacet
  facet normal 0 1 0
    outer loop
      vertex 21.975 18.8 -6.34763
      vertex 22.107 18.8 -3.29566
      vertex 24.2214 18.8 -3.74324
    endloop
  endfacet
  facet normal 0 1 -0
    outer loop
      vertex -8.06401 18.8 -4.34723
      vertex -8.16533 18.8 -1.33412
      vertex -7.84833 18.8 -4.33145
    endloop
  endfacet
  facet normal 0 1 -0
    outer loop
      vertex 24.4707 18.8 -6.87596
      vertex 24.2214 18.8 -3.74324
      vertex 24.6446 18.8 -3.83284
    endloop
  endfacet
  facet normal 0 1 0
    outer loop
      vertex -8.16533 18.8 -1.33412
      vertex -8.06401 18.8 -4.34723
      vertex -8.85365 18.8 -1.38446
    endloop
  endfacet
  facet normal 0 1 0
    outer loop
      vertex 24.4707 18.8 -6.87596
      vertex 24.6446 18.8 -3.83284
      vertex 24.8372 18.8 -3.87482
    endloop
  endfacet
  facet normal 0 1 -0
    outer loop
      vertex -8.80077 18.8 -4.40111
      vertex -8.85365 18.8 -1.38446
      vertex -8.06401 18.8 -4.34723
    endloop
  endfacet
  facet normal 0 1 0
    outer loop
      vertex 24.4707 18.8 -6.87596
      vertex 24.8372 18.8 -3.87482
      vertex 25.3409 18.8 -3.98463
    endloop
  endfacet
  facet normal 0 1 0
    outer loop
      vertex -8.85365 18.8 -1.38446
      vertex -8.80077 18.8 -4.40111
      vertex -9.70176 18.8 -1.45178
    endloop
  endfacet
  facet normal 0 1 0
    outer loop
      vertex -9.70858 18.8 -4.47318
      vertex -9.70176 18.8 -1.45178
      vertex -8.80077 18.8 -4.40111
    endloop
  endfacet
  facet normal 0 1 0
    outer loop
      vertex -5.2853 18.8 -1.15705
      vertex -5.25373 18.8 -4.17507
      vertex -5.67639 18.8 -1.17794
    endloop
  endfacet
  facet normal 0 1 0
    outer loop
      vertex 0.725673 18.8 -1.02366
      vertex 0.721339 18.8 -4.04247
      vertex 0.275069 18.8 -4.04084
    endloop
  endfacet
  facet normal 0 1 0
    outer loop
      vertex 1.21868 18.8 -1.02904
      vertex 1.16223 18.8 -4.04728
      vertex 0.721339 18.8 -4.04247
    endloop
  endfacet
  facet normal 0 1 0
    outer loop
      vertex 1.45486 18.8 -1.03162
      vertex 1.44617 18.8 -4.05038
      vertex 1.16223 18.8 -4.04728
    endloop
  endfacet
  facet normal 0 1 0
    outer loop
      vertex 1.69925 18.8 -1.03605
      vertex 1.73998 18.8 -4.05572
      vertex 1.44617 18.8 -4.05038
    endloop
  endfacet
  facet normal 0 1 0
    outer loop
      vertex 2.19113 18.8 -1.04499
      vertex 2.17805 18.8 -4.06367
      vertex 1.73998 18.8 -4.05572
    endloop
  endfacet
  facet normal 0 1 0
    outer loop
      vertex 2.66534 18.8 -1.05702
      vertex 2.60038 18.8 -4.07439
      vertex 2.17805 18.8 -4.06367
    endloop
  endfacet
  facet normal 0 1 0
    outer loop
      vertex 2.93822 18.8 -1.06394
      vertex 2.92067 18.8 -4.08251
      vertex 2.60038 18.8 -4.07439
    endloop
  endfacet
  facet normal 0 1 0
    outer loop
      vertex 3.39789 18.8 -1.07888
      vertex 3.26386 18.8 -4.09367
      vertex 2.92067 18.8 -4.08251
    endloop
  endfacet
  facet normal 0 1 0
    outer loop
      vertex 3.70005 18.8 -1.08871
      vertex 3.67795 18.8 -4.10713
      vertex 3.26386 18.8 -4.09367
    endloop
  endfacet
  facet normal 0 1 0
    outer loop
      vertex 4.02966 18.8 -1.10175
      vertex 4.06722 18.8 -4.12254
      vertex 3.67795 18.8 -4.10713
    endloop
  endfacet
  facet normal 0 1 0
    outer loop
      vertex 4.48086 18.8 -1.11961
      vertex 4.4541 18.8 -4.13785
      vertex 4.06722 18.8 -4.12254
    endloop
  endfacet
  facet normal 0 1 0
    outer loop
      vertex 4.89951 18.8 -1.13909
      vertex 4.88398 18.8 -4.15785
      vertex 4.4541 18.8 -4.13785
    endloop
  endfacet
  facet normal 0 1 0
    outer loop
      vertex 5.2853 18.8 -1.15705
      vertex 5.25373 18.8 -4.17507
      vertex 4.88398 18.8 -4.15785
    endloop
  endfacet
  facet normal 0 1 0
    outer loop
      vertex 5.67639 18.8 -1.17794
      vertex 5.59224 18.8 -4.19314
      vertex 5.25373 18.8 -4.17507
    endloop
  endfacet
  facet normal 0 1 0
    outer loop
      vertex 6.11852 18.8 -1.20155
      vertex 6.08198 18.8 -4.21929
      vertex 5.59224 18.8 -4.19314
    endloop
  endfacet
  facet normal 0 1 0
    outer loop
      vertex 6.62913 18.8 -1.23225
      vertex 6.64758 18.8 -4.2533
      vertex 6.08198 18.8 -4.21929
    endloop
  endfacet
  facet normal 0 1 0
    outer loop
      vertex 6.98636 18.8 -1.25373
      vertex 6.94464 18.8 -4.27117
      vertex 6.64758 18.8 -4.2533
    endloop
  endfacet
  facet normal 0 1 0
    outer loop
      vertex 7.30421 18.8 -1.27493
      vertex 7.20895 18.8 -4.2888
      vertex 6.94464 18.8 -4.27117
    endloop
  endfacet
  facet normal 0 1 0
    outer loop
      vertex 7.89549 18.8 -1.31438
      vertex 7.84833 18.8 -4.33145
      vertex 7.20895 18.8 -4.2888
    endloop
  endfacet
  facet normal 0 1 0
    outer loop
      vertex 8.16533 18.8 -1.33412
      vertex 8.06401 18.8 -4.34723
      vertex 7.84833 18.8 -4.33145
    endloop
  endfacet
  facet normal 0 1 0
    outer loop
      vertex 8.85365 18.8 -1.38446
      vertex 8.80077 18.8 -4.40111
      vertex 8.06401 18.8 -4.34723
    endloop
  endfacet
  facet normal 0 1 0
    outer loop
      vertex 9.70176 18.8 -1.45178
      vertex 9.70858 18.8 -4.47318
      vertex 8.80077 18.8 -4.40111
    endloop
  endfacet
  facet normal 0 1 0
    outer loop
      vertex 9.86995 18.8 -1.46513
      vertex 9.811 18.8 -4.48131
      vertex 9.70858 18.8 -4.47318
    endloop
  endfacet
  facet normal 0 1 0
    outer loop
      vertex 9.86995 18.8 -1.46513
      vertex 9.89783 18.8 -4.48873
      vertex 9.811 18.8 -4.48131
    endloop
  endfacet
  facet normal 0 1 0
    outer loop
      vertex 10.885 18.8 -1.55186
      vertex 10.8898 18.8 -4.57348
      vertex 9.89783 18.8 -4.48873
    endloop
  endfacet
  facet normal 0 1 0
    outer loop
      vertex 11.0137 18.8 -1.56319
      vertex 10.8915 18.8 -4.57364
      vertex 10.8898 18.8 -4.57348
    endloop
  endfacet
  facet normal 0 1 0
    outer loop
      vertex 11.0137 18.8 -1.56319
      vertex 10.9097 18.8 -4.57529
      vertex 10.8915 18.8 -4.57364
    endloop
  endfacet
  facet normal 0 1 0
    outer loop
      vertex 24.5298 18.8 -6.89134
      vertex 25.3409 18.8 -3.98463
      vertex 27.6354 18.8 -4.59042
    endloop
  endfacet
  facet normal 0 1 0
    outer loop
      vertex 11.63 18.8 -1.61946
      vertex 12.0502 18.8 -4.71491
      vertex 10.9097 18.8 -4.57529
    endloop
  endfacet
  facet normal 0 1 0
    outer loop
      vertex 13.1035 18.8 -1.80724
      vertex 12.9244 18.8 -4.82852
      vertex 12.0502 18.8 -4.71491
    endloop
  endfacet
  facet normal 0 1 0
    outer loop
      vertex 13.388 18.8 -1.84422
      vertex 13.3081 18.8 -4.87839
      vertex 12.9244 18.8 -4.82852
    endloop
  endfacet
  facet normal 0 1 0
    outer loop
      vertex 13.818 18.8 -1.90321
      vertex 14.0421 18.8 -4.97909
      vertex 13.3081 18.8 -4.87839
    endloop
  endfacet
  facet normal 0 1 0
    outer loop
      vertex 14.7714 18.8 -2.03402
      vertex 14.6832 18.8 -5.06706
      vertex 14.0421 18.8 -4.97909
    endloop
  endfacet
  facet normal 0 1 0
    outer loop
      vertex 15.4429 18.8 -2.13078
      vertex 15.6957 18.8 -5.21296
      vertex 14.6832 18.8 -5.06706
    endloop
  endfacet
  facet normal 0 1 0
    outer loop
      vertex 16.2977 18.8 -2.25397
      vertex 16.2004 18.8 -5.28569
      vertex 15.6957 18.8 -5.21296
    endloop
  endfacet
  facet normal 0 1 0
    outer loop
      vertex 17.7157 18.8 -2.46761
      vertex 17.788 18.8 -5.52488
      vertex 16.2004 18.8 -5.28569
    endloop
  endfacet
  facet normal 0 1 0
    outer loop
      vertex 18.1834 18.8 -2.53922
      vertex 17.8915 18.8 -5.54048
      vertex 17.788 18.8 -5.52488
    endloop
  endfacet
  facet normal 0 1 0
    outer loop
      vertex 18.1834 18.8 -2.53922
      vertex 17.9589 18.8 -5.55106
      vertex 17.8915 18.8 -5.54048
    endloop
  endfacet
  facet normal 0 1 -0
    outer loop
      vertex 28.4047 18.8 -7.92095
      vertex 27.6354 18.8 -4.59042
      vertex 31.1828 18.8 -5.5519
    endloop
  endfacet
  facet normal 0 1 0
    outer loop
      vertex 30.1739 18.8 -8.40048
      vertex 31.1828 18.8 -5.5519
      vertex 31.2099 18.8 -5.56057
    endloop
  endfacet
  facet normal 0 1 0
    outer loop
      vertex 30.1739 18.8 -8.40048
      vertex 31.2099 18.8 -5.56057
      vertex 31.2315 18.8 -5.56749
    endloop
  endfacet
  facet normal 0 1 0
    outer loop
      vertex 18.1834 18.8 -2.53922
      vertex 18.2701 18.8 -5.59987
      vertex 17.9589 18.8 -5.55106
    endloop
  endfacet
  facet normal 0 1 0
    outer loop
      vertex 19.0348 18.8 -2.67276
      vertex 19.3904 18.8 -5.82115
      vertex 18.2701 18.8 -5.59987
    endloop
  endfacet
  facet normal 0 1 0
    outer loop
      vertex 19.917 18.8 -2.84701
      vertex 19.798 18.8 -5.90167
      vertex 19.3904 18.8 -5.82115
    endloop
  endfacet
  facet normal 0 1 0
    outer loop
      vertex 21.2311 18.8 -3.11622
      vertex 20.9235 18.8 -6.13223
      vertex 19.798 18.8 -5.90167
    endloop
  endfacet
  facet normal 0 1 0
    outer loop
      vertex 31.045 18.8 -8.67896
      vertex 31.2315 18.8 -5.56749
      vertex 33.5243 18.8 -6.31769
    endloop
  endfacet
  facet normal 0 1 0
    outer loop
      vertex 22.107 18.8 -3.29566
      vertex 21.975 18.8 -6.34763
      vertex 20.9235 18.8 -6.13223
    endloop
  endfacet
  facet normal 0 1 0
    outer loop
      vertex 24.2214 18.8 -3.74324
      vertex 24.4707 18.8 -6.87596
      vertex 21.975 18.8 -6.34763
    endloop
  endfacet
  facet normal 0 1 0
    outer loop
      vertex 25.3409 18.8 -3.98463
      vertex 24.4974 18.8 -6.88281
      vertex 24.4707 18.8 -6.87596
    endloop
  endfacet
  facet normal 0 1 0
    outer loop
      vertex 25.3409 18.8 -3.98463
      vertex 24.5298 18.8 -6.89134
      vertex 24.4974 18.8 -6.88281
    endloop
  endfacet
  facet normal 0 1 -0
    outer loop
      vertex 34.8526 18.8 -9.92485
      vertex 33.5243 18.8 -6.31769
      vertex 35.6614 18.8 -7.01697
    endloop
  endfacet
  facet normal 0 1 0
    outer loop
      vertex 35.4484 18.8 -10.1198
      vertex 35.6614 18.8 -7.01697
      vertex 36.7209 18.8 -7.37079
    endloop
  endfacet
  facet normal 0 1 0
    outer loop
      vertex 27.6354 18.8 -4.59042
      vertex 27.4703 18.8 -7.6677
      vertex 24.5298 18.8 -6.89134
    endloop
  endfacet
  facet normal 0 1 0
    outer loop
      vertex 27.6354 18.8 -4.59042
      vertex 28.4047 18.8 -7.92095
      vertex 27.4703 18.8 -7.6677
    endloop
  endfacet
  facet normal 0 1 0
    outer loop
      vertex 35.5981 18.8 -10.1698
      vertex 36.7209 18.8 -7.37079
      vertex 38.7809 18.8 -8.16714
    endloop
  endfacet
  facet normal 0 1 0
    outer loop
      vertex 31.1828 18.8 -5.5519
      vertex 30.1739 18.8 -8.40048
      vertex 28.4047 18.8 -7.92095
    endloop
  endfacet
  facet normal 0 1 0
    outer loop
      vertex 31.2315 18.8 -5.56749
      vertex 30.6583 18.8 -8.55532
      vertex 30.1739 18.8 -8.40048
    endloop
  endfacet
  facet normal 0 1 0
    outer loop
      vertex 31.2315 18.8 -5.56749
      vertex 31.045 18.8 -8.67896
      vertex 30.6583 18.8 -8.55532
    endloop
  endfacet
  facet normal 0 1 0
    outer loop
      vertex 37.7554 18.8 -11.0037
      vertex 38.7809 18.8 -8.16714
      vertex 41.2834 18.8 -9.13451
    endloop
  endfacet
  facet normal 0 1 0
    outer loop
      vertex 40.797 18.8 -12.1796
      vertex 41.2834 18.8 -9.13451
      vertex 42.052 18.8 -9.43693
    endloop
  endfacet
  facet normal 0 1 0
    outer loop
      vertex 33.5243 18.8 -6.31769
      vertex 34.8526 18.8 -9.92485
      vertex 31.045 18.8 -8.67896
    endloop
  endfacet
  facet normal 0 1 0
    outer loop
      vertex 35.6614 18.8 -7.01697
      vertex 35.4484 18.8 -10.1198
      vertex 34.8526 18.8 -9.92485
    endloop
  endfacet
  facet normal 0 1 0
    outer loop
      vertex 36.7209 18.8 -7.37079
      vertex 35.5981 18.8 -10.1698
      vertex 35.4484 18.8 -10.1198
    endloop
  endfacet
  facet normal 0 1 0
    outer loop
      vertex 41.0368 18.8 -12.2854
      vertex 42.052 18.8 -9.43693
      vertex 44.3 18.8 -10.4468
    endloop
  endfacet
  facet normal 0 1 0
    outer loop
      vertex 38.7809 18.8 -8.16714
      vertex 37.7554 18.8 -11.0037
      vertex 35.5981 18.8 -10.1698
    endloop
  endfacet
  facet normal 0 1 0
    outer loop
      vertex 41.2834 18.8 -9.13451
      vertex 40.797 18.8 -12.1796
      vertex 37.7554 18.8 -11.0037
    endloop
  endfacet
  facet normal 0 1 0
    outer loop
      vertex 42.052 18.8 -9.43693
      vertex 40.8979 18.8 -12.2241
      vertex 40.797 18.8 -12.1796
    endloop
  endfacet
  facet normal 0 1 0
    outer loop
      vertex 42.052 18.8 -9.43693
      vertex 41.0368 18.8 -12.2854
      vertex 40.8979 18.8 -12.2241
    endloop
  endfacet
  facet normal -0 1 0
    outer loop
      vertex 41.0368 18.8 -12.2854
      vertex 44.3 18.8 -10.4468
      vertex 44.3 18.8 -13.7513
    endloop
  endfacet
  facet normal 0 1 0
    outer loop
      vertex -9.70176 18.8 -1.45178
      vertex -9.70858 18.8 -4.47318
      vertex -9.86995 18.8 -1.46513
    endloop
  endfacet
  facet normal 0 1 -0
    outer loop
      vertex -9.811 18.8 -4.48131
      vertex -9.86995 18.8 -1.46513
      vertex -9.70858 18.8 -4.47318
    endloop
  endfacet
  facet normal 0 1 0
    outer loop
      vertex -9.89783 18.8 -4.48873
      vertex -9.86995 18.8 -1.46513
      vertex -9.811 18.8 -4.48131
    endloop
  endfacet
  facet normal 0 1 0
    outer loop
      vertex -9.86995 18.8 -1.46513
      vertex -9.89783 18.8 -4.48873
      vertex -10.885 18.8 -1.55186
    endloop
  endfacet
  facet normal 0 1 0
    outer loop
      vertex -10.8898 18.8 -4.57348
      vertex -10.885 18.8 -1.55186
      vertex -9.89783 18.8 -4.48873
    endloop
  endfacet
  facet normal 0 1 0
    outer loop
      vertex -10.885 18.8 -1.55186
      vertex -10.8898 18.8 -4.57348
      vertex -10.9552 18.8 -1.55786
    endloop
  endfacet
  facet normal 0 1 0
    outer loop
      vertex -10.9552 18.8 -1.55786
      vertex -10.8898 18.8 -4.57348
      vertex -11.0137 18.8 -1.56319
    endloop
  endfacet
  facet normal 0 1 -0
    outer loop
      vertex -10.8915 18.8 -4.57364
      vertex -11.0137 18.8 -1.56319
      vertex -10.8898 18.8 -4.57348
    endloop
  endfacet
  facet normal 0 1 -0
    outer loop
      vertex -10.9097 18.8 -4.57529
      vertex -11.0137 18.8 -1.56319
      vertex -10.8915 18.8 -4.57364
    endloop
  endfacet
  facet normal 0 1 0
    outer loop
      vertex -11.0137 18.8 -1.56319
      vertex -10.9097 18.8 -4.57529
      vertex -11.63 18.8 -1.61946
    endloop
  endfacet
  facet normal 0 1 0
    outer loop
      vertex -12.0502 18.8 -4.71491
      vertex -11.63 18.8 -1.61946
      vertex -10.9097 18.8 -4.57529
    endloop
  endfacet
  facet normal 0 1 0
    outer loop
      vertex -11.63 18.8 -1.61946
      vertex -12.0502 18.8 -4.71491
      vertex -12.1226 18.8 -1.67976
    endloop
  endfacet
  facet normal 0 1 0
    outer loop
      vertex -12.1226 18.8 -1.67976
      vertex -12.0502 18.8 -4.71491
      vertex -13.1035 18.8 -1.80724
    endloop
  endfacet
  facet normal 0 1 -0
    outer loop
      vertex -12.9244 18.8 -4.82852
      vertex -13.1035 18.8 -1.80724
      vertex -12.0502 18.8 -4.71491
    endloop
  endfacet
  facet normal 0 1 0
    outer loop
      vertex -13.1035 18.8 -1.80724
      vertex -12.9244 18.8 -4.82852
      vertex -13.388 18.8 -1.84422
    endloop
  endfacet
  facet normal 0 1 -0
    outer loop
      vertex -13.3081 18.8 -4.87839
      vertex -13.388 18.8 -1.84422
      vertex -12.9244 18.8 -4.82852
    endloop
  endfacet
  facet normal 0 1 0
    outer loop
      vertex -13.388 18.8 -1.84422
      vertex -13.3081 18.8 -4.87839
      vertex -13.818 18.8 -1.90321
    endloop
  endfacet
  facet normal 0 1 0
    outer loop
      vertex -14.0421 18.8 -4.97909
      vertex -13.818 18.8 -1.90321
      vertex -13.3081 18.8 -4.87839
    endloop
  endfacet
  facet normal 0 1 0
    outer loop
      vertex -13.818 18.8 -1.90321
      vertex -14.0421 18.8 -4.97909
      vertex -14.7714 18.8 -2.03402
    endloop
  endfacet
  facet normal 0 1 -0
    outer loop
      vertex -14.6832 18.8 -5.06706
      vertex -14.7714 18.8 -2.03402
      vertex -14.0421 18.8 -4.97909
    endloop
  endfacet
  facet normal 0 1 0
    outer loop
      vertex -14.7714 18.8 -2.03402
      vertex -14.6832 18.8 -5.06706
      vertex -15.4429 18.8 -2.13078
    endloop
  endfacet
  facet normal 0 1 0
    outer loop
      vertex -15.6957 18.8 -5.21296
      vertex -15.4429 18.8 -2.13078
      vertex -14.6832 18.8 -5.06706
    endloop
  endfacet
  facet normal 0 1 0
    outer loop
      vertex -15.4429 18.8 -2.13078
      vertex -15.6957 18.8 -5.21296
      vertex -16.2977 18.8 -2.25397
    endloop
  endfacet
  facet normal 0 1 -0
    outer loop
      vertex -16.2004 18.8 -5.28569
      vertex -16.2977 18.8 -2.25397
      vertex -15.6957 18.8 -5.21296
    endloop
  endfacet
  facet normal 0 1 0
    outer loop
      vertex -16.2977 18.8 -2.25397
      vertex -16.2004 18.8 -5.28569
      vertex -17.7157 18.8 -2.46761
    endloop
  endfacet
  facet normal 0 1 0
    outer loop
      vertex -17.788 18.8 -5.52488
      vertex -17.7157 18.8 -2.46761
      vertex -16.2004 18.8 -5.28569
    endloop
  endfacet
  facet normal 0 1 0
    outer loop
      vertex -17.7157 18.8 -2.46761
      vertex -17.788 18.8 -5.52488
      vertex -17.999 18.8 -2.51029
    endloop
  endfacet
  facet normal 0 1 0
    outer loop
      vertex -17.999 18.8 -2.51029
      vertex -17.788 18.8 -5.52488
      vertex -18.1834 18.8 -2.53922
    endloop
  endfacet
  facet normal 0 1 -0
    outer loop
      vertex -17.8915 18.8 -5.54048
      vertex -18.1834 18.8 -2.53922
      vertex -17.788 18.8 -5.52488
    endloop
  endfacet
  facet normal 0 1 -0
    outer loop
      vertex -17.9589 18.8 -5.55106
      vertex -18.1834 18.8 -2.53922
      vertex -17.8915 18.8 -5.54048
    endloop
  endfacet
  facet normal 0 1 0
    outer loop
      vertex -18.2701 18.8 -5.59987
      vertex -18.1834 18.8 -2.53922
      vertex -17.9589 18.8 -5.55106
    endloop
  endfacet
  facet normal 0 1 0
    outer loop
      vertex -18.1834 18.8 -2.53922
      vertex -18.2701 18.8 -5.59987
      vertex -19.0348 18.8 -2.67276
    endloop
  endfacet
  facet normal 0 1 0
    outer loop
      vertex -19.3904 18.8 -5.82115
      vertex -19.0348 18.8 -2.67276
      vertex -18.2701 18.8 -5.59987
    endloop
  endfacet
  facet normal 0 1 0
    outer loop
      vertex -19.0348 18.8 -2.67276
      vertex -19.3904 18.8 -5.82115
      vertex -19.917 18.8 -2.84701
    endloop
  endfacet
  facet normal 0 1 -0
    outer loop
      vertex -19.798 18.8 -5.90167
      vertex -19.917 18.8 -2.84701
      vertex -19.3904 18.8 -5.82115
    endloop
  endfacet
  facet normal 0 1 0
    outer loop
      vertex -19.917 18.8 -2.84701
      vertex -19.798 18.8 -5.90167
      vertex -21.2311 18.8 -3.11622
    endloop
  endfacet
  facet normal 0 1 -0
    outer loop
      vertex -20.9235 18.8 -6.13223
      vertex -21.2311 18.8 -3.11622
      vertex -19.798 18.8 -5.90167
    endloop
  endfacet
  facet normal 0 1 0
    outer loop
      vertex -21.2311 18.8 -3.11622
      vertex -20.9235 18.8 -6.13223
      vertex -22.107 18.8 -3.29566
    endloop
  endfacet
  facet normal 0 1 -0
    outer loop
      vertex -21.975 18.8 -6.34763
      vertex -22.107 18.8 -3.29566
      vertex -20.9235 18.8 -6.13223
    endloop
  endfacet
  facet normal 0 1 0
    outer loop
      vertex -22.107 18.8 -3.29566
      vertex -21.975 18.8 -6.34763
      vertex -24.2214 18.8 -3.74324
    endloop
  endfacet
  facet normal 0 1 0
    outer loop
      vertex -24.4707 18.8 -6.87596
      vertex -24.2214 18.8 -3.74324
      vertex -21.975 18.8 -6.34763
    endloop
  endfacet
  facet normal 0 1 0
    outer loop
      vertex -24.2214 18.8 -3.74324
      vertex -24.4707 18.8 -6.87596
      vertex -24.6446 18.8 -3.83284
    endloop
  endfacet
  facet normal 0 1 0
    outer loop
      vertex -24.6446 18.8 -3.83284
      vertex -24.4707 18.8 -6.87596
      vertex -24.8372 18.8 -3.87482
    endloop
  endfacet
  facet normal 0 1 0
    outer loop
      vertex -24.8372 18.8 -3.87482
      vertex -24.4707 18.8 -6.87596
      vertex -25.3409 18.8 -3.98463
    endloop
  endfacet
  facet normal 0 1 -0
    outer loop
      vertex -24.4974 18.8 -6.88281
      vertex -25.3409 18.8 -3.98463
      vertex -24.4707 18.8 -6.87596
    endloop
  endfacet
  facet normal 0 1 -0
    outer loop
      vertex -24.5298 18.8 -6.89134
      vertex -25.3409 18.8 -3.98463
      vertex -24.4974 18.8 -6.88281
    endloop
  endfacet
  facet normal 0 1 0
    outer loop
      vertex -25.3409 18.8 -3.98463
      vertex -24.5298 18.8 -6.89134
      vertex -27.6354 18.8 -4.59042
    endloop
  endfacet
  facet normal 0 1 -0
    outer loop
      vertex -27.4703 18.8 -7.6677
      vertex -27.6354 18.8 -4.59042
      vertex -24.5298 18.8 -6.89134
    endloop
  endfacet
  facet normal 0 1 0
    outer loop
      vertex -28.4047 18.8 -7.92095
      vertex -27.6354 18.8 -4.59042
      vertex -27.4703 18.8 -7.6677
    endloop
  endfacet
  facet normal 0 1 0
    outer loop
      vertex -27.6354 18.8 -4.59042
      vertex -28.4047 18.8 -7.92095
      vertex -31.1828 18.8 -5.5519
    endloop
  endfacet
  facet normal 0 1 -0
    outer loop
      vertex -30.1739 18.8 -8.40048
      vertex -31.1828 18.8 -5.5519
      vertex -28.4047 18.8 -7.92095
    endloop
  endfacet
  facet normal 0 1 0
    outer loop
      vertex -31.1828 18.8 -5.5519
      vertex -30.1739 18.8 -8.40048
      vertex -31.2099 18.8 -5.56057
    endloop
  endfacet
  facet normal 0 1 0
    outer loop
      vertex -31.2099 18.8 -5.56057
      vertex -30.1739 18.8 -8.40048
      vertex -31.2315 18.8 -5.56749
    endloop
  endfacet
  facet normal 0 1 -0
    outer loop
      vertex -30.6583 18.8 -8.55532
      vertex -31.2315 18.8 -5.56749
      vertex -30.1739 18.8 -8.40048
    endloop
  endfacet
  facet normal 0 1 -0
    outer loop
      vertex -31.045 18.8 -8.67896
      vertex -31.2315 18.8 -5.56749
      vertex -30.6583 18.8 -8.55532
    endloop
  endfacet
  facet normal 0 1 0
    outer loop
      vertex -31.2315 18.8 -5.56749
      vertex -31.045 18.8 -8.67896
      vertex -33.5243 18.8 -6.31769
    endloop
  endfacet
  facet normal 0 1 0
    outer loop
      vertex -34.8526 18.8 -9.92485
      vertex -33.5243 18.8 -6.31769
      vertex -31.045 18.8 -8.67896
    endloop
  endfacet
  facet normal 0 1 0
    outer loop
      vertex -33.5243 18.8 -6.31769
      vertex -34.8526 18.8 -9.92485
      vertex -35.6614 18.8 -7.01697
    endloop
  endfacet
  facet normal 0 1 -0
    outer loop
      vertex -35.4484 18.8 -10.1198
      vertex -35.6614 18.8 -7.01697
      vertex -34.8526 18.8 -9.92485
    endloop
  endfacet
  facet normal 0 1 0
    outer loop
      vertex -35.6614 18.8 -7.01697
      vertex -35.4484 18.8 -10.1198
      vertex -36.7209 18.8 -7.37079
    endloop
  endfacet
  facet normal 0 1 -0
    outer loop
      vertex -35.5981 18.8 -10.1698
      vertex -36.7209 18.8 -7.37079
      vertex -35.4484 18.8 -10.1198
    endloop
  endfacet
  facet normal 0 1 0
    outer loop
      vertex -36.7209 18.8 -7.37079
      vertex -35.5981 18.8 -10.1698
      vertex -38.7809 18.8 -8.16714
    endloop
  endfacet
  facet normal 0 1 -0
    outer loop
      vertex -37.7554 18.8 -11.0037
      vertex -38.7809 18.8 -8.16714
      vertex -35.5981 18.8 -10.1698
    endloop
  endfacet
  facet normal 0 1 0
    outer loop
      vertex -38.7809 18.8 -8.16714
      vertex -37.7554 18.8 -11.0037
      vertex -41.2834 18.8 -9.13451
    endloop
  endfacet
  facet normal 0 1 -0
    outer loop
      vertex -40.797 18.8 -12.1796
      vertex -41.2834 18.8 -9.13451
      vertex -37.7554 18.8 -11.0037
    endloop
  endfacet
  facet normal 0 1 0
    outer loop
      vertex -41.2834 18.8 -9.13451
      vertex -40.797 18.8 -12.1796
      vertex -42.052 18.8 -9.43693
    endloop
  endfacet
  facet normal 0 1 -0
    outer loop
      vertex -40.8979 18.8 -12.2241
      vertex -42.052 18.8 -9.43693
      vertex -40.797 18.8 -12.1796
    endloop
  endfacet
  facet normal 0 1 -0
    outer loop
      vertex -41.0368 18.8 -12.2854
      vertex -42.052 18.8 -9.43693
      vertex -40.8979 18.8 -12.2241
    endloop
  endfacet
  facet normal 0 1 0
    outer loop
      vertex -42.052 18.8 -9.43693
      vertex -41.0368 18.8 -12.2854
      vertex -44.3 18.8 -10.4468
    endloop
  endfacet
  facet normal 0 1 0
    outer loop
      vertex -44.3 18.8 -10.4468
      vertex -41.0368 18.8 -12.2854
      vertex -44.3 18.8 -13.7513
    endloop
  endfacet
  facet normal 0.995167 -0.0982018 0
    outer loop
      vertex 49.3 -13.8 -12.2989
      vertex 49.2761 -14.0422 -15.7017
      vertex 49.3 -13.8 -15.692
    endloop
  endfacet
  facet normal 0.995182 -0.0980485 -1.10179e-05
    outer loop
      vertex 49.2039 -14.7754 -12.3386
      vertex 49.2761 -14.0422 -15.7017
      vertex 49.3 -13.8 -12.2989
    endloop
  endfacet
  facet normal 0.995187 -0.0979985 0
    outer loop
      vertex 49.2761 -14.0422 -15.7017
      vertex 49.2039 -14.7754 -12.3386
      vertex 49.2039 -14.7754 -15.7311
    endloop
  endfacet
  facet normal -0.773009 0.634395 7.83061e-06
    outer loop
      vertex -48.4573 16.5778 -12.1376
      vertex -47.8355 17.3355 -15.2911
      vertex -48.2227 16.8637 -15.4381
    endloop
  endfacet
  facet normal -0.773053 0.634341 0
    outer loop
      vertex -48.4573 16.5778 -12.1376
      vertex -48.2227 16.8637 -15.4381
      vertex -48.4573 16.5778 -15.5272
    endloop
  endfacet
  facet normal -0.773025 0.634376 0
    outer loop
      vertex -47.8355 17.3355 -15.2911
      vertex -48.4573 16.5778 -12.1376
      vertex -47.8355 17.3355 -11.9021
    endloop
  endfacet
  facet normal -0.881892 0.471451 0
    outer loop
      vertex -48.9194 15.7134 -12.2789
      vertex -48.4573 16.5778 -15.5272
      vertex -48.9194 15.7134 -15.669
    endloop
  endfacet
  facet normal -0.881892 0.471451 0
    outer loop
      vertex -48.4573 16.5778 -15.5272
      vertex -48.9194 15.7134 -12.2789
      vertex -48.4573 16.5778 -12.1376
    endloop
  endfacet
  facet normal -0.0980329 -0.995183 5.49976e-06
    outer loop
      vertex -44.3 -18.8 -13.7513
      vertex -44.5597 -18.7744 -10.5605
      vertex -45.2754 -18.7039 -10.8738
    endloop
  endfacet
  facet normal -0.0980998 -0.995177 0
    outer loop
      vertex -44.5597 -18.7744 -10.5605
      vertex -44.3 -18.8 -13.7513
      vertex -44.3 -18.8 -10.4468
    endloop
  endfacet
  facet normal -0.098049 -0.995182 0
    outer loop
      vertex -44.3 -18.8 -13.7513
      vertex -45.2754 -18.7039 -10.8738
      vertex -45.2754 -18.7039 -14.1784
    endloop
  endfacet
  facet normal -0.0980998 0.995177 0
    outer loop
      vertex -44.3 18.8 -13.7513
      vertex -44.5597 18.7744 -10.5605
      vertex -44.3 18.8 -10.4468
    endloop
  endfacet
  facet normal -0.0980329 0.995183 5.49976e-06
    outer loop
      vertex -44.5597 18.7744 -10.5605
      vertex -44.3 18.8 -13.7513
      vertex -45.2754 18.7039 -10.8738
    endloop
  endfacet
  facet normal -0.098049 0.995182 0
    outer loop
      vertex -45.2754 18.7039 -10.8738
      vertex -44.3 18.8 -13.7513
      vertex -45.2754 18.7039 -14.1784
    endloop
  endfacet
  facet normal 0.881892 0.471451 0
    outer loop
      vertex 48.9194 15.7134 -12.2789
      vertex 48.4573 16.5778 -15.5272
      vertex 48.4573 16.5778 -12.1376
    endloop
  endfacet
  facet normal 0.881892 0.471451 0
    outer loop
      vertex 48.4573 16.5778 -15.5272
      vertex 48.9194 15.7134 -12.2789
      vertex 48.9194 15.7134 -15.669
    endloop
  endfacet
  facet normal 0.773025 0.634376 0
    outer loop
      vertex 48.4573 16.5778 -12.1376
      vertex 47.8355 17.3355 -15.2911
      vertex 47.8355 17.3355 -11.9021
    endloop
  endfacet
  facet normal 0.773009 0.634395 7.83061e-06
    outer loop
      vertex 47.8355 17.3355 -15.2911
      vertex 48.4573 16.5778 -12.1376
      vertex 48.2227 16.8637 -15.4381
    endloop
  endfacet
  facet normal 0.773053 0.634341 0
    outer loop
      vertex 48.2227 16.8637 -15.4381
      vertex 48.4573 16.5778 -12.1376
      vertex 48.4573 16.5778 -15.5272
    endloop
  endfacet
  facet normal 1 0 0
    outer loop
      vertex 49.3 13.1507 -12.2392
      vertex 49.3 13.8 -15.692
      vertex 49.3 13.8 -12.2989
    endloop
  endfacet
  facet normal 1 0 0
    outer loop
      vertex 49.3 13.1507 -12.2392
      vertex 49.3 12.5558 -15.5782
      vertex 49.3 13.8 -15.692
    endloop
  endfacet
  facet normal 1 0 0
    outer loop
      vertex 49.3 12.4808 -12.1775
      vertex 49.3 12.5558 -15.5782
      vertex 49.3 13.1507 -12.2392
    endloop
  endfacet
  facet normal 1 0 0
    outer loop
      vertex 49.3 12.4808 -12.1775
      vertex 49.3 10.7491 -15.4492
      vertex 49.3 12.5558 -15.5782
    endloop
  endfacet
  facet normal 1 0 0
    outer loop
      vertex 49.3 9.61152 -11.9714
      vertex 49.3 10.7491 -15.4492
      vertex 49.3 12.4808 -12.1775
    endloop
  endfacet
  facet normal 1 0 0
    outer loop
      vertex 49.3 9.61152 -11.9714
      vertex 49.3 9.36333 -15.3502
      vertex 49.3 10.7491 -15.4492
    endloop
  endfacet
  facet normal 1 0 0
    outer loop
      vertex 49.3 9.30741 -11.9496
      vertex 49.3 9.36333 -15.3502
      vertex 49.3 9.61152 -11.9714
    endloop
  endfacet
  facet normal 1 0 0
    outer loop
      vertex 49.3 9.05044 -11.9364
      vertex 49.3 9.36333 -15.3502
      vertex 49.3 9.30741 -11.9496
    endloop
  endfacet
  facet normal 1 0 0
    outer loop
      vertex 49.3 9.05044 -11.9364
      vertex 49.3 8.19244 -15.2904
      vertex 49.3 9.36333 -15.3502
    endloop
  endfacet
  facet normal 1 0 0
    outer loop
      vertex 49.3 6.17989 -11.7888
      vertex 49.3 8.19244 -15.2904
      vertex 49.3 9.05044 -11.9364
    endloop
  endfacet
  facet normal 1 0 0
    outer loop
      vertex 49.3 8.19244 -15.2904
      vertex 49.3 6.17989 -11.7888
      vertex 49.3 6.21701 -15.1894
    endloop
  endfacet
  facet normal 1 0 0
    outer loop
      vertex 49.3 6.17989 -11.7888
      vertex 49.3 5.22978 -15.1591
      vertex 49.3 6.21701 -15.1894
    endloop
  endfacet
  facet normal 1 0 0
    outer loop
      vertex 49.3 4.77404 -11.7453
      vertex 49.3 5.22978 -15.1591
      vertex 49.3 6.17989 -11.7888
    endloop
  endfacet
  facet normal 1 0 0
    outer loop
      vertex 49.3 3.101 -15.0937
      vertex 49.3 4.77404 -11.7453
      vertex 49.3 3.13655 -11.7005
    endloop
  endfacet
  facet normal 1 0 0
    outer loop
      vertex 49.3 4.77404 -11.7453
      vertex 49.3 3.101 -15.0937
      vertex 49.3 5.22978 -15.1591
    endloop
  endfacet
  facet normal 1 0 0
    outer loop
      vertex 49.3 3.08249 -11.6991
      vertex 49.3 3.101 -15.0937
      vertex 49.3 3.13655 -11.7005
    endloop
  endfacet
  facet normal 1 0 0
    outer loop
      vertex 49.3 3.08249 -11.6991
      vertex 49.3 0.864277 -15.0708
      vertex 49.3 3.101 -15.0937
    endloop
  endfacet
  facet normal 1 0 0
    outer loop
      vertex 49.3 0.0887189 -11.6718
      vertex 49.3 0.864277 -15.0708
      vertex 49.3 3.08249 -11.6991
    endloop
  endfacet
  facet normal 1 0 0
    outer loop
      vertex 49.3 0 -15.0619
      vertex 49.3 0.0887189 -11.6718
      vertex 49.3 0 -11.6709
    endloop
  endfacet
  facet normal 1 0 0
    outer loop
      vertex 49.3 0.0887189 -11.6718
      vertex 49.3 0 -15.0619
      vertex 49.3 0.864277 -15.0708
    endloop
  endfacet
  facet normal 1 -0 0
    outer loop
      vertex 49.3 -0.0887189 -11.6718
      vertex 49.3 0 -15.0619
      vertex 49.3 0 -11.6709
    endloop
  endfacet
  facet normal 1 0 0
    outer loop
      vertex 49.3 -0.0887189 -11.6718
      vertex 49.3 -0.864277 -15.0708
      vertex 49.3 0 -15.0619
    endloop
  endfacet
  facet normal 1 -0 0
    outer loop
      vertex 49.3 -3.08249 -11.6991
      vertex 49.3 -0.864277 -15.0708
      vertex 49.3 -0.0887189 -11.6718
    endloop
  endfacet
  facet normal 1 0 0
    outer loop
      vertex 49.3 -3.08249 -11.6991
      vertex 49.3 -3.101 -15.0937
      vertex 49.3 -0.864277 -15.0708
    endloop
  endfacet
  facet normal 1 -0 0
    outer loop
      vertex 49.3 -3.13655 -11.7005
      vertex 49.3 -3.101 -15.0937
      vertex 49.3 -3.08249 -11.6991
    endloop
  endfacet
  facet normal 1 -0 0
    outer loop
      vertex 49.3 -4.77404 -11.7453
      vertex 49.3 -3.101 -15.0937
      vertex 49.3 -3.13655 -11.7005
    endloop
  endfacet
  facet normal 1 0 0
    outer loop
      vertex 49.3 -4.77404 -11.7453
      vertex 49.3 -5.22978 -15.1591
      vertex 49.3 -3.101 -15.0937
    endloop
  endfacet
  facet normal 1 -0 0
    outer loop
      vertex 49.3 -6.17989 -11.7888
      vertex 49.3 -5.22978 -15.1591
      vertex 49.3 -4.77404 -11.7453
    endloop
  endfacet
  facet normal 1 0 0
    outer loop
      vertex 49.3 -6.17989 -11.7888
      vertex 49.3 -6.21701 -15.1894
      vertex 49.3 -5.22978 -15.1591
    endloop
  endfacet
  facet normal 1 0 0
    outer loop
      vertex 49.3 -6.17989 -11.7888
      vertex 49.3 -8.19244 -15.2904
      vertex 49.3 -6.21701 -15.1894
    endloop
  endfacet
  facet normal 1 -0 0
    outer loop
      vertex 49.3 -9.05044 -11.9364
      vertex 49.3 -8.19244 -15.2904
      vertex 49.3 -6.17989 -11.7888
    endloop
  endfacet
  facet normal 1 0 0
    outer loop
      vertex 49.3 -9.36333 -15.3502
      vertex 49.3 -9.05044 -11.9364
      vertex 49.3 -9.30741 -11.9496
    endloop
  endfacet
  facet normal 1 0 0
    outer loop
      vertex 49.3 -9.05044 -11.9364
      vertex 49.3 -9.36333 -15.3502
      vertex 49.3 -8.19244 -15.2904
    endloop
  endfacet
  facet normal 1 -0 0
    outer loop
      vertex 49.3 -9.61152 -11.9714
      vertex 49.3 -9.36333 -15.3502
      vertex 49.3 -9.30741 -11.9496
    endloop
  endfacet
  facet normal 1 0 0
    outer loop
      vertex 49.3 -9.61152 -11.9714
      vertex 49.3 -10.7491 -15.4492
      vertex 49.3 -9.36333 -15.3502
    endloop
  endfacet
  facet normal 1 -0 0
    outer loop
      vertex 49.3 -12.4808 -12.1775
      vertex 49.3 -10.7491 -15.4492
      vertex 49.3 -9.61152 -11.9714
    endloop
  endfacet
  facet normal 1 0 0
    outer loop
      vertex 49.3 -12.4808 -12.1775
      vertex 49.3 -12.5558 -15.5782
      vertex 49.3 -10.7491 -15.4492
    endloop
  endfacet
  facet normal 1 -0 0
    outer loop
      vertex 49.3 -13.1507 -12.2392
      vertex 49.3 -12.5558 -15.5782
      vertex 49.3 -12.4808 -12.1775
    endloop
  endfacet
  facet normal 1 -0 0
    outer loop
      vertex 49.3 -13.8 -12.2989
      vertex 49.3 -12.5558 -15.5782
      vertex 49.3 -13.1507 -12.2392
    endloop
  endfacet
  facet normal 1 0 0
    outer loop
      vertex 49.3 -12.5558 -15.5782
      vertex 49.3 -13.8 -12.2989
      vertex 49.3 -13.8 -15.692
    endloop
  endfacet
  facet normal 0.881892 -0.471451 0
    outer loop
      vertex 48.4573 -16.5778 -15.5272
      vertex 48.9194 -15.7134 -12.2789
      vertex 48.4573 -16.5778 -12.1376
    endloop
  endfacet
  facet normal 0.881892 -0.471451 0
    outer loop
      vertex 48.9194 -15.7134 -12.2789
      vertex 48.4573 -16.5778 -15.5272
      vertex 48.9194 -15.7134 -15.669
    endloop
  endfacet
  facet normal -0.634356 0.773041 0
    outer loop
      vertex -47.0778 17.9573 -14.97
      vertex -47.4652 17.6394 -11.7453
      vertex -47.0778 17.9573 -11.6002
    endloop
  endfacet
  facet normal -0.634395 0.773009 -7.69405e-06
    outer loop
      vertex -47.4652 17.6394 -11.7453
      vertex -47.0778 17.9573 -14.97
      vertex -47.8355 17.3355 -11.9021
    endloop
  endfacet
  facet normal -0.634376 0.773025 0
    outer loop
      vertex -47.8355 17.3355 -11.9021
      vertex -47.0778 17.9573 -14.97
      vertex -47.8355 17.3355 -15.2911
    endloop
  endfacet
  facet normal -0.471456 0.881889 0
    outer loop
      vertex -46.2134 18.4194 -14.5852
      vertex -46.8406 18.0841 -11.5046
      vertex -46.2134 18.4194 -11.262
    endloop
  endfacet
  facet normal -0.471439 0.881899 4.68455e-06
    outer loop
      vertex -46.8406 18.0841 -11.5046
      vertex -46.2134 18.4194 -14.5852
      vertex -47.0778 17.9573 -11.6002
    endloop
  endfacet
  facet normal -0.471268 0.88199 6.82736e-05
    outer loop
      vertex -46.3738 18.3337 -14.6554
      vertex -47.0778 17.9573 -11.6002
      vertex -46.2134 18.4194 -14.5852
    endloop
  endfacet
  facet normal -0.471588 0.881819 -2.67067e-05
    outer loop
      vertex -46.7229 18.147 -14.8082
      vertex -47.0778 17.9573 -11.6002
      vertex -46.3738 18.3337 -14.6554
    endloop
  endfacet
  facet normal -0.471401 0.881919 0
    outer loop
      vertex -47.0778 17.9573 -11.6002
      vertex -46.7229 18.147 -14.8082
      vertex -47.0778 17.9573 -14.97
    endloop
  endfacet
  facet normal -0.956622 0.291333 3.05252e-05
    outer loop
      vertex -48.952 15.606 -12.2836
      vertex -48.9194 15.7134 -15.669
      vertex -48.9261 15.6914 -15.67
    endloop
  endfacet
  facet normal -0.956889 0.290452 0
    outer loop
      vertex -48.9194 15.7134 -15.669
      vertex -48.952 15.606 -12.2836
      vertex -48.9194 15.7134 -12.2789
    endloop
  endfacet
  facet normal -0.956959 0.290222 0
    outer loop
      vertex -49.2039 14.7754 -12.3386
      vertex -48.9261 15.6914 -15.67
      vertex -49.2039 14.7754 -15.7311
    endloop
  endfacet
  facet normal -0.956959 0.290222 -9.51036e-08
    outer loop
      vertex -48.9261 15.6914 -15.67
      vertex -49.2039 14.7754 -12.3386
      vertex -48.952 15.606 -12.2836
    endloop
  endfacet
  facet normal -0.773053 -0.634341 0
    outer loop
      vertex -48.2227 -16.8637 -15.4381
      vertex -48.4573 -16.5778 -12.1376
      vertex -48.4573 -16.5778 -15.5272
    endloop
  endfacet
  facet normal -0.773009 -0.634395 7.83061e-06
    outer loop
      vertex -47.8355 -17.3355 -15.2911
      vertex -48.4573 -16.5778 -12.1376
      vertex -48.2227 -16.8637 -15.4381
    endloop
  endfacet
  facet normal -0.773025 -0.634376 0
    outer loop
      vertex -48.4573 -16.5778 -12.1376
      vertex -47.8355 -17.3355 -15.2911
      vertex -47.8355 -17.3355 -11.9021
    endloop
  endfacet
  facet normal 0.956889 0.290452 0
    outer loop
      vertex 48.952 15.606 -12.2836
      vertex 48.9194 15.7134 -15.669
      vertex 48.9194 15.7134 -12.2789
    endloop
  endfacet
  facet normal 0.956622 0.291333 3.05252e-05
    outer loop
      vertex 48.9194 15.7134 -15.669
      vertex 48.952 15.606 -12.2836
      vertex 48.9261 15.6914 -15.67
    endloop
  endfacet
  facet normal 0.956959 0.290222 -9.51036e-08
    outer loop
      vertex 49.2039 14.7754 -12.3386
      vertex 48.9261 15.6914 -15.67
      vertex 48.952 15.606 -12.2836
    endloop
  endfacet
  facet normal 0.956959 0.290222 0
    outer loop
      vertex 48.9261 15.6914 -15.67
      vertex 49.2039 14.7754 -12.3386
      vertex 49.2039 14.7754 -15.7311
    endloop
  endfacet
  facet normal 0.995187 0.0979985 0
    outer loop
      vertex 49.2039 14.7754 -12.3386
      vertex 49.2761 14.0422 -15.7017
      vertex 49.2039 14.7754 -15.7311
    endloop
  endfacet
  facet normal 0.995182 0.0980485 -1.10179e-05
    outer loop
      vertex 49.3 13.8 -12.2989
      vertex 49.2761 14.0422 -15.7017
      vertex 49.2039 14.7754 -12.3386
    endloop
  endfacet
  facet normal 0.995167 0.0982018 0
    outer loop
      vertex 49.2761 14.0422 -15.7017
      vertex 49.3 13.8 -12.2989
      vertex 49.3 13.8 -15.692
    endloop
  endfacet
  facet normal 0.634395 0.773009 -7.69405e-06
    outer loop
      vertex 47.0778 17.9573 -14.97
      vertex 47.4652 17.6394 -11.7453
      vertex 47.8355 17.3355 -11.9021
    endloop
  endfacet
  facet normal 0.634356 0.773041 0
    outer loop
      vertex 47.4652 17.6394 -11.7453
      vertex 47.0778 17.9573 -14.97
      vertex 47.0778 17.9573 -11.6002
    endloop
  endfacet
  facet normal 0.634376 0.773025 0
    outer loop
      vertex 47.0778 17.9573 -14.97
      vertex 47.8355 17.3355 -11.9021
      vertex 47.8355 17.3355 -15.2911
    endloop
  endfacet
  facet normal 0.956959 -0.290222 -9.51036e-08
    outer loop
      vertex 48.9261 -15.6914 -15.67
      vertex 49.2039 -14.7754 -12.3386
      vertex 48.952 -15.606 -12.2836
    endloop
  endfacet
  facet normal 0.956959 -0.290222 0
    outer loop
      vertex 49.2039 -14.7754 -12.3386
      vertex 48.9261 -15.6914 -15.67
      vertex 49.2039 -14.7754 -15.7311
    endloop
  endfacet
  facet normal 0.956889 -0.290452 0
    outer loop
      vertex 48.9194 -15.7134 -15.669
      vertex 48.952 -15.606 -12.2836
      vertex 48.9194 -15.7134 -12.2789
    endloop
  endfacet
  facet normal 0.956622 -0.291333 3.05252e-05
    outer loop
      vertex 48.952 -15.606 -12.2836
      vertex 48.9194 -15.7134 -15.669
      vertex 48.9261 -15.6914 -15.67
    endloop
  endfacet
  facet normal 0.634356 -0.773041 0
    outer loop
      vertex 47.0778 -17.9573 -14.97
      vertex 47.4652 -17.6394 -11.7453
      vertex 47.0778 -17.9573 -11.6002
    endloop
  endfacet
  facet normal 0.634395 -0.773009 -7.69405e-06
    outer loop
      vertex 47.4652 -17.6394 -11.7453
      vertex 47.0778 -17.9573 -14.97
      vertex 47.8355 -17.3355 -11.9021
    endloop
  endfacet
  facet normal 0.634376 -0.773025 0
    outer loop
      vertex 47.8355 -17.3355 -11.9021
      vertex 47.0778 -17.9573 -14.97
      vertex 47.8355 -17.3355 -15.2911
    endloop
  endfacet
  facet normal -0.995167 -0.0982018 0
    outer loop
      vertex -49.2761 -14.0422 -15.7017
      vertex -49.3 -13.8 -12.2989
      vertex -49.3 -13.8 -15.692
    endloop
  endfacet
  facet normal -0.995187 -0.0979985 -0
    outer loop
      vertex -49.2039 -14.7754 -12.3386
      vertex -49.2761 -14.0422 -15.7017
      vertex -49.2039 -14.7754 -15.7311
    endloop
  endfacet
  facet normal -0.995182 -0.0980485 -1.10179e-05
    outer loop
      vertex -49.2761 -14.0422 -15.7017
      vertex -49.2039 -14.7754 -12.3386
      vertex -49.3 -13.8 -12.2989
    endloop
  endfacet
  facet normal -0.881892 -0.471451 0
    outer loop
      vertex -48.4573 -16.5778 -15.5272
      vertex -48.9194 -15.7134 -12.2789
      vertex -48.9194 -15.7134 -15.669
    endloop
  endfacet
  facet normal -0.881892 -0.471451 0
    outer loop
      vertex -48.9194 -15.7134 -12.2789
      vertex -48.4573 -16.5778 -15.5272
      vertex -48.4573 -16.5778 -12.1376
    endloop
  endfacet
  facet normal -0.634395 -0.773009 -7.69405e-06
    outer loop
      vertex -47.0778 -17.9573 -14.97
      vertex -47.4652 -17.6394 -11.7453
      vertex -47.8355 -17.3355 -11.9021
    endloop
  endfacet
  facet normal -0.634356 -0.773041 0
    outer loop
      vertex -47.4652 -17.6394 -11.7453
      vertex -47.0778 -17.9573 -14.97
      vertex -47.0778 -17.9573 -11.6002
    endloop
  endfacet
  facet normal -0.634376 -0.773025 0
    outer loop
      vertex -47.0778 -17.9573 -14.97
      vertex -47.8355 -17.3355 -11.9021
      vertex -47.8355 -17.3355 -15.2911
    endloop
  endfacet
  facet normal 0.773053 -0.634341 0
    outer loop
      vertex 48.4573 -16.5778 -12.1376
      vertex 48.2227 -16.8637 -15.4381
      vertex 48.4573 -16.5778 -15.5272
    endloop
  endfacet
  facet normal 0.773025 -0.634376 0
    outer loop
      vertex 47.8355 -17.3355 -15.2911
      vertex 48.4573 -16.5778 -12.1376
      vertex 47.8355 -17.3355 -11.9021
    endloop
  endfacet
  facet normal 0.773009 -0.634395 7.83061e-06
    outer loop
      vertex 48.4573 -16.5778 -12.1376
      vertex 47.8355 -17.3355 -15.2911
      vertex 48.2227 -16.8637 -15.4381
    endloop
  endfacet
  facet normal -0.956959 -0.290222 0
    outer loop
      vertex -48.9261 -15.6914 -15.67
      vertex -49.2039 -14.7754 -12.3386
      vertex -49.2039 -14.7754 -15.7311
    endloop
  endfacet
  facet normal -0.956959 -0.290222 -9.51036e-08
    outer loop
      vertex -49.2039 -14.7754 -12.3386
      vertex -48.9261 -15.6914 -15.67
      vertex -48.952 -15.606 -12.2836
    endloop
  endfacet
  facet normal -0.956622 -0.291333 3.05252e-05
    outer loop
      vertex -48.9194 -15.7134 -15.669
      vertex -48.952 -15.606 -12.2836
      vertex -48.9261 -15.6914 -15.67
    endloop
  endfacet
  facet normal -0.956889 -0.290452 0
    outer loop
      vertex -48.952 -15.606 -12.2836
      vertex -48.9194 -15.7134 -15.669
      vertex -48.9194 -15.7134 -12.2789
    endloop
  endfacet
endsolid OpenSCAD_Model
